technique,anode_material,anode_symbol,cathode_material,cathode_symbol,tab_thickness_um,surface_coating,power_W,pulse_energy_J,amplitude_um,force_N,weld_time_ms,speed_mm_s,pulse_frequency_Hz,preheat_temp_C,ambient_humidity_pct,clamp_area_mm2,linear_energy_density_J_per_mm,total_energy_input_J
USW,Copper,Cu,Copper,Cu,79.1,Tin-plated,2384.36,,18.91,593.02,114.9,,,-6.7,29.3,18.21,,156.632
USW,Aluminum,Al,Aluminum,Al,173.0,Nickel-plated,1778.53,,51.42,156.82,502.9,,,-6.6,23.9,8.63,,672.939
USW,Copper,Cu,Aluminum,Al,104.1,Bare,2294.99,,42.17,997.48,464.9,,,10.2,77.0,6.03,,747.797
USW,StainlessSteel,SS304,Nickel,Ni,212.5,Nickel-plated,1754.7,,46.71,198.12,213.9,,,39.2,48.6,22.1,,272.607
USW,Copper,Cu,Aluminum,Al,91.2,Tin-plated,1340.36,,24.43,430.33,568.3,,,20.3,17.1,11.66,,458.869
USW,Copper,Cu,Copper,Cu,65.9,Bare,1880.0,,40.06,868.84,521.4,,,12.2,61.0,24.78,,675.646
USW,Copper,Cu,Aluminum,Al,88.9,Bare,2352.74,,29.16,838.21,297.8,,,-5.8,32.1,23.8,,440.497
USW,Aluminum,Al,Aluminum,Al,153.5,Bare,2395.65,,32.97,380.29,598.8,,,24.4,27.3,16.28,,932.17
USW,Copper,Cu,Aluminum,Al,168.0,Oxide,727.06,,32.17,1195.93,364.6,,,-3.9,17.7,12.87,,171.067
USW,Nickel,Ni,Aluminum,Al,180.0,Nickel-plated,1881.92,,20.02,606.5,326.9,,,-8.5,60.5,9.6,,355.476
USW,Nickel,Ni,Aluminum,Al,69.3,Carbon-coated,1196.89,,43.75,789.42,176.4,,,24.2,45.0,22.28,,149.864
USW,Aluminum,Al,Aluminum,Al,30.1,Bare,2458.2,,54.54,1023.25,253.8,,,91.2,47.1,4.41,,480.115
USW,Nickel,Ni,Aluminum,Al,136.9,Bare,2131.67,,20.78,649.05,374.9,,,113.1,16.0,19.97,,465.193
USW,Nickel,Ni,Aluminum,Al,148.6,Tin-plated,1223.43,,59.78,832.37,319.1,,,45.0,24.8,8.22,,311.796
USW,Copper,Cu,Aluminum,Al,159.4,Bare,741.99,,43.4,390.39,552.7,,,19.2,33.7,8.62,,290.261
USW,Copper,Cu,Aluminum,Al,77.1,Bare,1742.09,,36.27,973.85,503.7,,,20.9,56.8,23.65,,586.366
USW,Copper,Cu,Aluminum,Al,132.7,Tin-plated,2568.33,,19.43,572.75,269.7,,,46.0,39.7,18.14,,397.944
USW,Copper,Cu,Aluminum,Al,122.8,Bare,2446.53,,34.94,1054.42,375.2,,,14.7,41.4,9.25,,606.498
USW,StainlessSteel,SS304,Nickel,Ni,233.8,Oxide,1571.28,,24.62,571.09,129.3,,,98.7,77.8,7.49,,122.615
USW,StainlessSteel,SS304,Nickel,Ni,130.1,Nickel-plated,2590.85,,40.01,904.33,177.4,,,24.5,64.9,24.1,,316.646
USW,StainlessSteel,SS304,Nickel,Ni,194.6,Bare,1605.7,,53.37,315.3,580.4,,,65.3,48.0,16.27,,711.232
USW,Copper,Cu,Aluminum,Al,81.7,Bare,1092.43,,41.75,800.35,309.6,,,67.4,57.3,22.7,,236.298
USW,Aluminum,Al,Aluminum,Al,187.6,Bare,1943.38,,28.5,481.99,475.9,,,111.5,24.3,12.31,,578.073
USW,Aluminum,Al,Aluminum,Al,46.1,Bare,2466.52,,54.64,1073.23,284.8,,,119.8,79.7,9.57,,540.98
USW,Nickel,Ni,Copper,Cu,247.2,Tin-plated,2234.21,,28.47,846.56,569.5,,,81.5,52.8,4.16,,794.992
USW,Copper,Cu,Aluminum,Al,89.9,Nickel-plated,1007.19,,43.54,427.18,344.3,,,3.9,48.7,19.07,,245.688
USW,Nickel,Ni,Copper,Cu,90.9,Bare,1874.23,,26.79,928.29,375.8,,,2.0,39.7,20.19,,433.556
USW,Copper,Cu,Aluminum,Al,228.9,Nickel-plated,1765.02,,21.66,283.82,254.1,,,-0.2,71.8,21.53,,263.305
USW,Nickel,Ni,Copper,Cu,76.2,Bare,2160.23,,54.79,576.7,410.3,,,101.9,72.9,6.16,,683.452
USW,Nickel,Ni,Aluminum,Al,208.4,Carbon-coated,2073.13,,29.95,1127.36,501.1,,,102.4,78.3,4.52,,657.66
USW,Nickel,Ni,Copper,Cu,53.8,Oxide,1044.87,,51.75,633.32,252.6,,,24.7,65.1,22.03,,199.041
USW,Copper,Cu,Aluminum,Al,102.2,Oxide,1158.25,,43.87,569.66,590.6,,,-6.9,23.5,24.3,,485.917
USW,Nickel,Ni,Aluminum,Al,69.3,Anodized,816.81,,34.56,914.97,256.8,,,5.0,77.9,9.57,,138.174
USW,Aluminum,Al,Aluminum,Al,86.0,Tin-plated,2451.15,,39.23,905.4,471.0,,,40.1,50.4,4.04,,790.338
USW,Copper,Cu,Aluminum,Al,102.6,Bare,2039.51,,28.51,474.75,304.2,,,-0.9,56.5,21.81,,387.807
USW,Copper,Cu,Aluminum,Al,236.9,Tin-plated,1831.03,,28.54,725.33,100.2,,,6.5,39.4,22.96,,114.715
USW,Aluminum,Al,Aluminum,Al,132.3,Nickel-plated,1546.37,,55.55,985.83,184.8,,,65.4,55.8,8.49,,221.611
USW,Aluminum,Al,Aluminum,Al,210.1,Tin-plated,1049.28,,23.96,175.65,222.4,,,72.3,33.5,18.13,,139.979
USW,Nickel,Ni,Copper,Cu,168.5,Bare,1588.75,,25.98,838.86,102.8,,,-0.5,39.0,18.62,,99.764
USW,Nickel,Ni,Copper,Cu,68.7,Anodized,700.44,,26.21,1040.75,328.2,,,3.9,39.8,14.88,,140.771
USW,Copper,Cu,Copper,Cu,239.0,Carbon-coated,2038.55,,37.72,1022.1,373.9,,,118.4,51.7,16.87,,515.454
USW,Nickel,Ni,Copper,Cu,84.4,Tin-plated,1642.6,,43.2,438.33,138.7,,,51.7,28.1,20.08,,161.052
USW,Copper,Cu,Aluminum,Al,60.4,Bare,2012.84,,17.89,577.98,371.3,,,31.6,47.8,18.57,,423.059
USW,Copper,Cu,Aluminum,Al,158.5,Tin-plated,2131.19,,32.12,156.19,275.9,,,44.6,73.3,21.99,,379.285
USW,Nickel,Ni,Aluminum,Al,194.5,Nickel-plated,1041.08,,24.87,607.63,114.5,,,113.9,39.3,16.67,,72.109
USW,Copper,Cu,Copper,Cu,132.8,Bare,653.93,,32.73,742.61,113.6,,,42.6,21.6,17.07,,48.155
USW,Copper,Cu,Aluminum,Al,113.4,Bare,2122.46,,32.06,939.61,516.0,,,50.0,13.5,10.86,,706.106
USW,Copper,Cu,Aluminum,Al,250.0,Bare,2162.47,,44.33,941.94,574.8,,,-7.5,47.8,17.65,,886.181
USW,Copper,Cu,Aluminum,Al,177.3,Nickel-plated,1998.93,,49.51,326.18,403.6,,,9.8,18.8,8.58,,598.435
USW,Copper,Cu,Aluminum,Al,53.8,Bare,1954.69,,58.12,566.49,457.5,,,96.5,77.5,10.55,,706.078
USW,Copper,Cu,Copper,Cu,199.9,Oxide,842.11,,59.27,971.77,273.6,,,71.5,17.1,16.61,,183.392
USW,Copper,Cu,Aluminum,Al,216.9,Oxide,2521.58,,43.6,1020.14,453.7,,,55.8,33.9,6.22,,810.923
USW,Nickel,Ni,Copper,Cu,207.8,Nickel-plated,1471.15,,47.9,431.82,525.9,,,115.5,28.9,14.15,,566.87
USW,Copper,Cu,Aluminum,Al,132.2,Nickel-plated,657.4,,53.29,340.93,206.1,,,104.6,27.1,11.96,,103.323
USW,Copper,Cu,Aluminum,Al,90.8,Bare,771.23,,47.4,663.01,479.1,,,104.4,59.1,23.91,,269.728
USW,Copper,Cu,Copper,Cu,50.5,Bare,1212.41,,41.17,646.92,365.5,,,53.8,65.5,18.53,,308.119
USW,Nickel,Ni,Copper,Cu,89.6,Bare,985.17,,20.38,712.66,481.1,,,33.0,59.2,6.53,,274.844
USW,Copper,Cu,Aluminum,Al,244.9,Nickel-plated,801.05,,23.74,388.86,189.7,,,52.9,60.7,9.94,,90.962
USW,Aluminum,Al,Aluminum,Al,151.7,Tin-plated,2336.92,,37.09,1066.36,387.0,,,25.7,78.2,6.65,,608.451
USW,Aluminum,Al,Aluminum,Al,237.0,Nickel-plated,1401.41,,18.33,810.92,126.8,,,14.0,13.6,21.26,,101.029
USW,Aluminum,Al,Aluminum,Al,56.1,Oxide,2181.48,,25.16,698.7,325.3,,,29.5,79.6,16.73,,430.282
USW,Nickel,Ni,Aluminum,Al,166.6,Nickel-plated,2495.18,,24.35,371.58,430.2,,,118.7,31.4,19.54,,646.167
USW,Copper,Cu,Aluminum,Al,129.1,Nickel-plated,1062.95,,46.81,888.14,327.0,,,-0.2,10.2,10.12,,252.616
USW,Nickel,Ni,Aluminum,Al,175.5,Carbon-coated,1689.12,,44.14,1103.83,513.3,,,92.4,53.8,12.93,,617.263
USW,Copper,Cu,Aluminum,Al,155.2,Bare,1977.36,,46.49,1139.81,350.2,,,30.0,62.4,6.61,,502.046
USW,Copper,Cu,Aluminum,Al,100.9,Bare,2523.82,,52.62,753.96,575.4,,,-4.8,40.2,5.92,,1102.197
USW,Copper,Cu,Copper,Cu,196.4,Nickel-plated,2432.15,,23.17,764.6,417.4,,,25.0,12.8,17.68,,604.398
USW,Copper,Cu,Aluminum,Al,177.4,Oxide,1987.35,,27.97,1142.45,506.8,,,35.2,33.3,10.93,,626.505
USW,Aluminum,Al,Aluminum,Al,243.4,Nickel-plated,2576.24,,44.59,719.72,306.6,,,30.9,32.6,14.81,,564.342
USW,Copper,Cu,Aluminum,Al,197.2,Bare,2455.35,,34.72,883.16,160.7,,,88.3,53.8,15.53,,260.254
USW,Copper,Cu,Copper,Cu,151.2,Nickel-plated,2584.51,,56.08,634.52,158.7,,,21.1,21.1,5.96,,319.268
USW,Aluminum,Al,Aluminum,Al,90.2,Oxide,1087.46,,39.81,552.77,560.9,,,83.2,45.6,24.59,,419.564
USW,Nickel,Ni,Aluminum,Al,203.8,Nickel-plated,1615.48,,51.92,446.98,249.3,,,102.3,29.3,23.62,,304.096
USW,StainlessSteel,SS304,Nickel,Ni,148.5,Bare,1686.86,,35.49,487.87,194.3,,,53.7,20.4,15.59,,217.606
USW,Aluminum,Al,Aluminum,Al,39.6,Tin-plated,2222.82,,32.37,846.87,510.4,,,20.4,64.3,18.81,,733.456
USW,Aluminum,Al,Aluminum,Al,159.8,Oxide,1480.61,,38.67,629.77,461.2,,,-5.2,45.2,22.36,,465.382
USW,Copper,Cu,Copper,Cu,243.2,Bare,1899.67,,53.33,1044.96,529.7,,,10.1,42.9,18.55,,767.673
USW,Copper,Cu,Aluminum,Al,221.9,Bare,1862.32,,56.44,1197.3,473.4,,,83.4,63.2,5.44,,687.846
USW,Copper,Cu,Aluminum,Al,127.6,Tin-plated,691.98,,50.83,458.04,287.4,,,72.4,71.1,22.97,,148.976
USW,Aluminum,Al,Aluminum,Al,67.4,Bare,1839.42,,25.84,1108.47,171.6,,,63.6,65.5,22.29,,192.563
USW,Copper,Cu,Aluminum,Al,207.0,Carbon-coated,915.95,,34.88,512.84,393.8,,,23.2,10.7,18.23,,238.21
USW,Aluminum,Al,Aluminum,Al,73.8,Bare,1074.41,,40.74,753.55,596.3,,,22.5,69.2,14.15,,444.007
USW,StainlessSteel,SS304,Nickel,Ni,154.5,Tin-plated,698.09,,42.29,671.56,552.1,,,75.6,29.2,19.64,,270.397
USW,Nickel,Ni,Copper,Cu,170.1,Tin-plated,2041.86,,44.66,1030.25,414.1,,,68.9,34.7,18.23,,604.418
USW,Copper,Cu,Copper,Cu,157.5,Tin-plated,1190.22,,48.64,334.42,166.1,,,30.2,40.9,5.89,,145.658
USW,StainlessSteel,SS304,Nickel,Ni,212.7,Bare,1563.7,,51.29,933.89,269.4,,,59.0,73.9,21.32,,316.578
USW,StainlessSteel,SS304,Nickel,Ni,219.2,Tin-plated,2534.54,,51.21,534.06,495.3,,,8.3,77.7,24.58,,943.036
USW,Aluminum,Al,Aluminum,Al,177.9,Nickel-plated,2480.58,,19.88,395.51,112.5,,,49.1,57.1,21.27,,161.063
USW,Aluminum,Al,Aluminum,Al,43.9,Oxide,1204.38,,33.37,296.77,573.1,,,109.0,25.5,23.1,,450.105
USW,Aluminum,Al,Aluminum,Al,59.8,Nickel-plated,2086.28,,57.57,590.08,471.1,,,2.6,72.1,18.08,,773.059
USW,Aluminum,Al,Aluminum,Al,119.8,Anodized,1341.06,,34.95,1148.08,527.7,,,2.9,44.3,4.69,,467.688
USW,Copper,Cu,Copper,Cu,108.9,Bare,844.32,,53.16,627.45,431.4,,,60.8,78.4,7.99,,277.543
USW,Aluminum,Al,Aluminum,Al,83.6,Bare,737.22,,49.43,367.52,208.0,,,-7.2,65.1,15.86,,113.657
USW,Copper,Cu,Aluminum,Al,30.6,Oxide,859.98,,26.28,333.22,430.5,,,9.2,73.0,7.04,,226.837
USW,Copper,Cu,Aluminum,Al,101.2,Bare,2083.44,,38.67,932.95,338.1,,,92.7,26.7,5.1,,480.103
USW,Aluminum,Al,Aluminum,Al,238.0,Bare,2333.96,,38.47,630.94,582.0,,,4.2,45.3,20.45,,924.202
USW,Aluminum,Al,Aluminum,Al,137.9,Carbon-coated,761.58,,42.37,218.97,237.5,,,42.2,58.0,5.54,,126.992
USW,Aluminum,Al,Aluminum,Al,146.7,Nickel-plated,798.36,,46.58,1045.43,425.5,,,32.3,79.6,16.71,,246.41
USW,Nickel,Ni,Copper,Cu,80.3,Bare,1431.98,,19.28,598.1,432.6,,,18.0,41.6,13.52,,355.399
USW,Copper,Cu,Aluminum,Al,213.0,Bare,2077.59,,51.53,734.19,393.2,,,110.0,14.7,6.03,,615.136
USW,Copper,Cu,Aluminum,Al,176.4,Tin-plated,2042.12,,58.58,780.43,275.8,,,5.9,34.8,22.23,,446.161
USW,Copper,Cu,Aluminum,Al,53.8,Oxide,2125.21,,40.83,997.58,522.6,,,75.4,25.7,11.72,,770.22
USW,Nickel,Ni,Copper,Cu,35.8,Carbon-coated,1134.9,,23.12,887.83,254.5,,,69.8,55.0,21.42,,171.879
USW,Copper,Cu,Aluminum,Al,118.2,Bare,661.31,,48.58,375.89,309.9,,,103.1,49.6,17.3,,150.953
USW,Copper,Cu,Aluminum,Al,154.9,Bare,914.82,,42.8,857.67,236.1,,,83.8,64.4,5.1,,152.124
USW,Aluminum,Al,Aluminum,Al,196.1,Bare,1166.49,,45.53,660.96,433.6,,,47.5,29.1,13.03,,363.95
USW,Copper,Cu,Aluminum,Al,96.3,Bare,1111.04,,29.77,158.12,473.5,,,67.9,10.5,6.88,,332.502
USW,Copper,Cu,Aluminum,Al,213.3,Oxide,2323.53,,16.9,169.68,560.6,,,81.5,45.0,5.51,,730.165
USW,Aluminum,Al,Aluminum,Al,121.9,Bare,1249.54,,51.06,799.03,516.0,,,64.5,59.7,4.44,,483.796
USW,Copper,Cu,Aluminum,Al,159.6,Nickel-plated,1220.55,,30.28,499.72,184.1,,,99.8,27.0,12.31,,142.633
USW,Copper,Cu,Aluminum,Al,106.9,Tin-plated,2230.07,,25.63,303.77,198.6,,,56.3,73.4,21.2,,269.8
USW,Nickel,Ni,Copper,Cu,200.0,Nickel-plated,2119.75,,35.2,1120.36,382.2,,,75.2,22.4,19.84,,536.58
USW,Copper,Cu,Copper,Cu,63.2,Bare,1205.64,,27.36,208.98,353.7,,,102.4,53.9,13.29,,263.798
USW,Aluminum,Al,Aluminum,Al,46.9,Oxide,1830.02,,37.82,635.85,377.2,,,-2.6,68.2,21.96,,467.108
USW,Nickel,Ni,Aluminum,Al,173.4,Bare,901.72,,17.78,258.68,549.6,,,48.5,66.7,13.99,,280.22
USW,Nickel,Ni,Copper,Cu,84.5,Nickel-plated,1645.5,,22.14,541.49,241.4,,,55.6,22.1,13.23,,234.282
USW,Copper,Cu,Aluminum,Al,172.4,Bare,1956.76,,27.79,909.92,428.3,,,67.7,65.2,5.98,,520.456
USW,Nickel,Ni,Aluminum,Al,61.1,Bare,1996.96,,32.64,774.79,569.0,,,33.3,50.8,24.32,,736.293
USW,Copper,Cu,Aluminum,Al,177.4,Oxide,1970.83,,38.69,828.33,311.7,,,92.9,66.9,19.51,,418.715
USW,Copper,Cu,Aluminum,Al,238.5,Nickel-plated,875.13,,18.47,1036.65,150.6,,,13.4,25.0,8.76,,75.015
USW,Nickel,Ni,Copper,Cu,104.1,Oxide,1353.44,,22.3,1022.91,485.5,,,104.9,12.6,6.75,,388.094
USW,Copper,Cu,Aluminum,Al,178.8,Bare,1169.86,,48.68,621.37,367.0,,,46.9,38.8,13.33,,316.484
USW,Nickel,Ni,Copper,Cu,110.9,Carbon-coated,1523.36,,27.68,550.97,363.7,,,51.0,68.5,24.67,,343.782
USW,Nickel,Ni,Copper,Cu,85.0,Tin-plated,1709.08,,19.62,1038.19,525.6,,,94.2,19.7,22.36,,517.083
USW,Nickel,Ni,Copper,Cu,62.4,Nickel-plated,1044.08,,35.3,517.06,113.3,,,25.5,73.4,23.87,,78.427
USW,Aluminum,Al,Aluminum,Al,112.5,Bare,2278.35,,44.25,980.95,168.8,,,20.7,79.6,23.55,,274.013
USW,Nickel,Ni,Copper,Cu,185.2,Nickel-plated,758.45,,26.52,1026.71,374.4,,,80.5,19.7,4.11,,174.35
USW,Aluminum,Al,Aluminum,Al,96.3,Bare,2187.8,,35.57,266.4,552.6,,,4.5,30.2,12.82,,803.059
USW,Copper,Cu,Aluminum,Al,61.6,Nickel-plated,1081.13,,33.75,847.59,142.8,,,57.0,26.9,16.91,,100.995
USW,Copper,Cu,Aluminum,Al,247.4,Nickel-plated,1540.27,,43.61,1180.09,226.8,,,58.4,45.5,12.2,,247.676
USW,Nickel,Ni,Copper,Cu,168.2,Oxide,1265.04,,17.0,723.31,506.8,,,34.8,61.3,19.44,,359.69
USW,Nickel,Ni,Copper,Cu,169.0,Oxide,2152.38,,35.6,458.11,121.9,,,50.4,58.7,5.33,,174.332
USW,Copper,Cu,Aluminum,Al,247.6,Nickel-plated,2106.58,,23.6,524.82,490.4,,,111.3,46.1,9.32,,617.569
USW,Copper,Cu,Aluminum,Al,225.7,Tin-plated,1373.29,,58.82,671.01,348.8,,,6.2,35.8,22.79,,380.014
USW,Aluminum,Al,Aluminum,Al,47.4,Nickel-plated,1690.95,,29.45,234.07,430.5,,,94.1,60.9,21.27,,458.788
USW,Copper,Cu,Copper,Cu,107.3,Bare,1305.12,,59.92,438.28,590.0,,,45.4,58.3,22.27,,615.674
USW,Copper,Cu,Aluminum,Al,206.2,Tin-plated,885.56,,42.34,970.38,117.4,,,72.9,35.4,24.01,,72.972
USW,Nickel,Ni,Copper,Cu,154.8,Nickel-plated,2497.65,,31.74,951.24,387.0,,,37.6,36.8,18.26,,621.457
USW,Copper,Cu,Aluminum,Al,55.0,Tin-plated,1373.97,,40.28,424.87,230.1,,,74.4,27.5,14.48,,218.319
USW,StainlessSteel,SS304,Nickel,Ni,138.1,Bare,1504.09,,55.44,617.37,143.9,,,27.1,74.2,21.91,,167.662
USW,Nickel,Ni,Copper,Cu,44.3,Nickel-plated,2302.72,,47.03,1123.69,418.9,,,31.5,34.3,22.72,,702.107
USW,Aluminum,Al,Aluminum,Al,60.6,Oxide,1708.04,,31.6,993.84,375.8,,,5.8,24.1,4.55,,412.261
USW,Copper,Cu,Aluminum,Al,188.2,Nickel-plated,2246.68,,18.32,1171.0,421.2,,,30.2,80.0,20.15,,537.874
USW,Copper,Cu,Copper,Cu,201.7,Tin-plated,2532.53,,34.47,1106.25,127.7,,,34.8,71.5,7.82,,212.861
USW,Copper,Cu,Aluminum,Al,186.1,Bare,2389.85,,53.07,413.14,417.5,,,11.4,32.6,23.76,,759.832
USW,Copper,Cu,Aluminum,Al,140.6,Bare,908.39,,44.64,906.66,402.6,,,29.4,47.3,23.77,,261.352
USW,Aluminum,Al,Aluminum,Al,40.0,Tin-plated,1902.26,,49.51,587.42,419.5,,,97.3,12.0,16.11,,591.901
USW,Copper,Cu,Copper,Cu,136.2,Oxide,1194.87,,18.28,212.91,319.8,,,27.7,77.0,18.38,,217.138
USW,Copper,Cu,Aluminum,Al,188.0,Tin-plated,2550.75,,20.88,539.07,380.8,,,68.9,31.9,22.08,,566.021
USW,Aluminum,Al,Aluminum,Al,51.3,Bare,1830.75,,26.17,1058.57,179.8,,,24.8,27.4,12.07,,201.53
USW,Aluminum,Al,Aluminum,Al,139.6,Nickel-plated,1217.08,,16.04,1142.49,352.7,,,30.7,63.4,14.47,,238.598
USW,Copper,Cu,Aluminum,Al,138.9,Carbon-coated,1541.17,,39.15,1039.53,315.5,,,35.9,13.5,17.74,,332.634
USW,Nickel,Ni,Copper,Cu,118.1,Nickel-plated,1706.45,,18.31,679.47,482.2,,,89.3,35.6,8.09,,467.695
USW,StainlessSteel,SS304,Nickel,Ni,244.5,Bare,1278.17,,57.25,942.71,199.5,,,78.5,18.3,20.69,,200.133
USW,Aluminum,Al,Aluminum,Al,103.3,Nickel-plated,1812.52,,38.2,494.36,406.5,,,-4.1,19.6,13.6,,500.231
USW,StainlessSteel,SS304,Nickel,Ni,104.0,Oxide,2017.48,,28.49,1006.54,284.2,,,86.1,30.9,15.18,,358.298
USW,StainlessSteel,SS304,Nickel,Ni,189.6,Tin-plated,1549.18,,58.52,972.05,488.1,,,65.9,65.8,4.56,,598.676
USW,Nickel,Ni,Copper,Cu,168.4,Nickel-plated,895.55,,45.63,183.15,574.1,,,65.9,21.9,21.66,,370.273
USW,Copper,Cu,Aluminum,Al,181.9,Nickel-plated,2441.04,,54.28,922.63,131.1,,,30.8,20.6,20.27,,245.917
USW,Copper,Cu,Aluminum,Al,145.6,Bare,2424.25,,30.4,522.0,486.0,,,32.3,56.4,7.64,,748.825
USW,Copper,Cu,Copper,Cu,72.3,Bare,1049.73,,58.78,462.5,244.5,,,80.1,52.7,15.72,,203.592
USW,Nickel,Ni,Copper,Cu,235.4,Oxide,843.75,,45.45,548.68,590.1,,,31.2,34.4,9.74,,358.053
USW,StainlessSteel,SS304,Nickel,Ni,93.3,Tin-plated,1484.75,,26.54,653.03,201.0,,,94.6,30.3,11.27,,183.303
USW,Nickel,Ni,Aluminum,Al,165.4,Nickel-plated,1939.67,,38.9,819.84,126.2,,,80.5,19.6,9.09,,167.191
USW,Nickel,Ni,Copper,Cu,31.1,Nickel-plated,1413.81,,57.08,1072.32,338.7,,,3.1,64.0,23.51,,375.337
USW,StainlessSteel,SS304,Nickel,Ni,229.7,Bare,1670.3,,47.54,1133.5,556.6,,,31.8,55.2,16.06,,679.418
USW,Nickel,Ni,Aluminum,Al,249.4,Bare,2473.22,,58.3,1122.34,538.4,,,12.9,74.4,14.4,,1052.602
USW,Aluminum,Al,Aluminum,Al,92.6,Anodized,1587.82,,57.24,1043.61,334.0,,,3.9,78.8,15.41,,416.134
USW,Copper,Cu,Aluminum,Al,86.6,Bare,2181.54,,40.55,945.15,187.7,,,11.1,42.1,19.47,,283.405
USW,Nickel,Ni,Aluminum,Al,49.1,Tin-plated,881.22,,29.56,410.45,230.4,,,97.5,46.1,7.88,,128.09
USW,Nickel,Ni,Copper,Cu,189.0,Bare,1985.54,,17.8,274.14,253.4,,,114.0,31.1,17.73,,284.542
USW,Aluminum,Al,Aluminum,Al,98.4,Bare,1190.08,,42.66,380.09,166.8,,,106.4,59.2,23.24,,139.666
USW,Nickel,Ni,Copper,Cu,150.8,Nickel-plated,1928.19,,24.83,409.84,477.4,,,68.7,39.1,15.29,,556.512
USW,Copper,Cu,Aluminum,Al,47.2,Nickel-plated,1695.3,,37.75,751.34,174.9,,,48.1,59.3,5.3,,200.579
USW,Aluminum,Al,Aluminum,Al,158.3,Bare,2217.38,,35.4,688.91,328.4,,,5.1,24.4,14.72,,483.049
USW,Aluminum,Al,Aluminum,Al,117.1,Oxide,1756.62,,17.04,511.76,131.9,,,94.9,60.6,19.66,,130.038
USW,Nickel,Ni,Aluminum,Al,37.0,Nickel-plated,2131.66,,59.02,828.17,310.2,,,-1.0,75.4,20.15,,525.378
USW,Copper,Cu,Aluminum,Al,112.6,Tin-plated,1678.6,,44.41,515.16,189.2,,,103.1,73.5,17.9,,226.608
USW,Aluminum,Al,Aluminum,Al,30.8,Bare,1947.0,,39.5,708.53,511.7,,,84.6,25.6,10.27,,683.532
USW,Copper,Cu,Aluminum,Al,189.5,Bare,1438.48,,49.47,1077.94,107.8,,,25.8,75.6,21.0,,115.01
USW,Copper,Cu,Aluminum,Al,184.7,Bare,1404.53,,25.55,378.13,531.9,,,-5.6,51.8,19.55,,454.626
USW,Aluminum,Al,Aluminum,Al,190.9,Bare,1945.06,,29.43,466.85,171.6,,,27.6,67.1,16.56,,210.369
USW,Copper,Cu,Aluminum,Al,238.7,Oxide,1851.99,,34.22,670.4,586.1,,,29.1,14.3,23.14,,712.978
USW,Copper,Cu,Copper,Cu,121.6,Bare,2108.83,,36.31,1041.81,250.4,,,92.2,32.3,11.91,,352.894
USW,Nickel,Ni,Copper,Cu,242.9,Nickel-plated,1085.72,,24.15,829.04,561.1,,,108.9,49.4,6.82,,366.034
USW,Copper,Cu,Aluminum,Al,89.1,Tin-plated,2347.24,,23.47,949.78,462.2,,,84.2,23.3,16.66,,647.66
USW,Aluminum,Al,Aluminum,Al,240.5,Bare,2524.16,,20.28,1199.55,339.5,,,103.0,33.3,23.68,,496.399
USW,Copper,Cu,Copper,Cu,151.5,Oxide,1667.3,,31.17,424.64,356.4,,,16.6,74.1,11.99,,380.203
USW,Copper,Cu,Aluminum,Al,214.7,Carbon-coated,1427.86,,40.31,382.34,173.0,,,117.6,42.9,11.78,,170.561
USW,Nickel,Ni,Aluminum,Al,63.5,Bare,2266.73,,37.47,837.34,442.4,,,65.3,39.2,11.98,,676.75
USW,Nickel,Ni,Copper,Cu,137.9,Bare,938.53,,47.41,662.73,558.4,,,115.6,54.9,20.69,,382.651
USW,Copper,Cu,Copper,Cu,216.3,Carbon-coated,2128.68,,33.56,1034.67,215.7,,,-2.4,12.4,18.03,,299.897
USW,Copper,Cu,Aluminum,Al,165.9,Tin-plated,1566.41,,36.95,156.94,375.8,,,55.7,36.1,16.95,,395.578
USW,Aluminum,Al,Aluminum,Al,33.8,Oxide,2212.34,,55.94,262.37,148.2,,,25.7,78.4,18.15,,254.825
USW,Copper,Cu,Aluminum,Al,88.8,Bare,1412.05,,40.43,1189.74,212.9,,,58.4,67.1,11.83,,207.836
USW,Nickel,Ni,Copper,Cu,197.1,Bare,1705.4,,17.53,159.92,185.7,,,75.0,70.1,11.96,,178.616
USW,Aluminum,Al,Aluminum,Al,218.8,Bare,685.1,,24.51,1061.52,543.8,,,92.0,49.6,15.09,,224.59
USW,Copper,Cu,Aluminum,Al,227.8,Nickel-plated,2457.53,,29.15,1159.54,393.5,,,-0.3,74.8,4.69,,607.929
USW,Nickel,Ni,Copper,Cu,65.7,Bare,1378.31,,55.34,498.32,477.8,,,41.8,15.4,21.53,,509.815
USW,StainlessSteel,SS304,Nickel,Ni,244.4,Bare,2277.35,,30.33,957.46,577.4,,,84.1,45.1,13.18,,835.225
USW,Nickel,Ni,Copper,Cu,248.4,Nickel-plated,2482.29,,34.43,863.68,430.3,,,-6.1,29.1,11.47,,702.846
USW,Copper,Cu,Copper,Cu,48.0,Bare,1867.8,,48.28,482.51,153.3,,,93.7,59.9,18.95,,210.397
USW,Copper,Cu,Aluminum,Al,59.2,Bare,1709.48,,33.36,177.57,277.0,,,36.8,28.9,13.43,,308.696
USW,Aluminum,Al,Aluminum,Al,94.2,Bare,2402.27,,55.73,1177.08,386.0,,,32.2,37.0,5.78,,719.81
USW,Copper,Cu,Aluminum,Al,138.5,Bare,1442.2,,36.79,230.77,225.8,,,8.0,31.1,13.13,,218.578
USW,Copper,Cu,Copper,Cu,53.5,Bare,1264.43,,42.91,994.28,264.8,,,67.2,23.7,23.93,,236.04
USW,Nickel,Ni,Copper,Cu,59.9,Bare,1001.7,,29.14,1162.8,584.4,,,101.7,78.2,23.89,,367.924
USW,Copper,Cu,Copper,Cu,83.3,Bare,1385.87,,20.12,742.04,396.1,,,53.8,50.3,21.15,,317.559
USW,Copper,Cu,Copper,Cu,131.6,Tin-plated,1182.66,,46.18,1009.91,497.8,,,61.5,76.7,13.21,,425.799
USW,Aluminum,Al,Aluminum,Al,174.9,Tin-plated,747.93,,59.58,653.2,300.4,,,72.3,26.9,20.57,,179.222
USW,Nickel,Ni,Aluminum,Al,204.0,Bare,1673.81,,43.72,239.23,484.5,,,79.9,48.1,22.81,,575.387
USW,Copper,Cu,Aluminum,Al,246.4,Tin-plated,2105.37,,58.46,601.98,105.3,,,74.1,13.1,12.39,,175.412
USW,Aluminum,Al,Aluminum,Al,156.6,Nickel-plated,2144.68,,41.49,675.49,272.5,,,57.4,50.6,12.21,,407.407
USW,Copper,Cu,Aluminum,Al,55.5,Carbon-coated,1223.78,,35.49,367.21,341.5,,,44.1,77.3,6.98,,277.4
USW,Aluminum,Al,Aluminum,Al,96.1,Oxide,2298.36,,44.16,861.0,182.2,,,80.6,32.3,6.42,,298.117
USW,Copper,Cu,Aluminum,Al,153.2,Anodized,1410.09,,23.3,822.5,316.1,,,12.7,21.2,8.87,,265.678
USW,Copper,Cu,Copper,Cu,115.5,Tin-plated,2104.65,,51.39,215.69,150.9,,,15.7,51.5,8.32,,238.849
USW,Copper,Cu,Aluminum,Al,87.7,Oxide,1878.22,,41.86,791.87,393.5,,,32.4,42.0,15.08,,516.798
USW,Nickel,Ni,Copper,Cu,185.3,Bare,769.5,,21.03,273.75,252.7,,,70.3,67.0,16.9,,113.457
USW,Copper,Cu,Copper,Cu,60.3,Bare,1871.0,,46.2,827.52,599.9,,,56.4,39.3,7.9,,811.975
USW,Aluminum,Al,Aluminum,Al,129.2,Bare,619.17,,21.14,1005.98,581.9,,,8.2,32.0,11.54,,210.465
USW,Aluminum,Al,Aluminum,Al,214.8,Nickel-plated,661.72,,49.25,456.69,237.4,,,79.0,39.1,5.74,,116.303
USW,Copper,Cu,Aluminum,Al,198.5,Nickel-plated,828.41,,49.88,1014.45,283.4,,,49.5,62.0,6.38,,174.638
USW,Copper,Cu,Aluminum,Al,247.8,Bare,2102.69,,28.4,1199.28,324.9,,,83.5,48.2,21.43,,426.542
USW,Nickel,Ni,Copper,Cu,200.6,Bare,1775.85,,30.78,896.29,416.4,,,47.1,79.6,21.02,,471.508
USW,Copper,Cu,Aluminum,Al,43.1,Bare,1677.54,,29.56,889.26,244.7,,,16.9,24.5,9.9,,258.95
USW,Nickel,Ni,Aluminum,Al,50.9,Anodized,2437.54,,59.66,1060.4,163.4,,,118.1,57.6,20.5,,317.972
USW,Copper,Cu,Aluminum,Al,197.5,Tin-plated,1754.85,,27.09,584.94,326.0,,,82.5,68.0,14.28,,353.072
USW,Nickel,Ni,Aluminum,Al,91.2,Carbon-coated,2500.51,,29.73,152.6,487.1,,,2.1,46.1,11.75,,769.507
USW,Nickel,Ni,Copper,Cu,108.8,Bare,1035.66,,34.33,372.44,234.3,,,49.6,56.5,15.22,,159.503
USW,Copper,Cu,Aluminum,Al,136.8,Bare,696.82,,19.48,973.08,329.8,,,65.1,49.6,18.33,,132.113
USW,Nickel,Ni,Aluminum,Al,240.8,Bare,863.83,,44.25,316.93,566.4,,,47.4,10.0,18.46,,348.582
USW,Copper,Cu,Copper,Cu,228.8,Bare,1211.02,,46.47,395.85,427.7,,,22.6,36.0,12.32,,375.481
USW,Copper,Cu,Aluminum,Al,79.8,Tin-plated,1991.19,,51.77,1187.56,311.2,,,52.0,19.3,4.2,,467.331
USW,Copper,Cu,Aluminum,Al,52.5,Bare,874.26,,49.81,940.82,166.6,,,39.8,61.2,22.5,,108.255
USW,Copper,Cu,Aluminum,Al,173.0,Nickel-plated,1856.16,,21.81,582.3,443.3,,,59.0,10.6,19.17,,483.68
USW,Copper,Cu,Aluminum,Al,159.7,Bare,1229.01,,21.29,440.82,142.1,,,3.1,62.7,24.23,,102.176
USW,Copper,Cu,Copper,Cu,181.9,Oxide,1203.3,,38.3,685.0,473.9,,,69.0,64.5,17.83,,387.462
USW,Copper,Cu,Aluminum,Al,138.9,Bare,1787.86,,38.77,1176.58,593.4,,,106.7,76.8,14.49,,723.671
USW,Copper,Cu,Aluminum,Al,110.4,Tin-plated,2508.91,,49.67,167.52,133.8,,,101.9,49.8,20.02,,249.219
USW,Copper,Cu,Aluminum,Al,141.5,Tin-plated,1430.86,,46.58,236.55,368.3,,,-2.1,65.3,14.52,,382.286
USW,Copper,Cu,Aluminum,Al,74.7,Oxide,1381.46,,43.54,1026.25,440.5,,,30.3,45.8,15.26,,431.219
USW,Copper,Cu,Copper,Cu,42.7,Bare,1506.74,,42.4,474.75,470.8,,,84.9,69.3,13.12,,498.178
USW,Copper,Cu,Aluminum,Al,66.0,Anodized,2165.97,,47.43,325.31,163.5,,,82.0,59.1,14.98,,258.533
USW,Copper,Cu,Aluminum,Al,36.5,Oxide,727.74,,47.05,755.48,138.5,,,105.2,64.0,9.71,,73.404
USW,Copper,Cu,Aluminum,Al,110.9,Bare,1747.82,,47.53,389.82,354.4,,,54.9,49.7,6.16,,452.629
USW,Nickel,Ni,Aluminum,Al,114.3,Bare,2314.97,,39.88,1109.65,470.3,,,21.8,43.0,23.55,,749.334
USW,Copper,Cu,Aluminum,Al,89.7,Bare,1604.08,,55.59,338.31,502.2,,,44.1,60.4,11.83,,624.669
USW,StainlessSteel,SS304,Nickel,Ni,92.1,Oxide,1706.18,,15.36,360.7,381.9,,,-1.0,42.6,10.87,,359.676
USW,Copper,Cu,Copper,Cu,138.5,Oxide,2400.89,,49.22,407.38,103.2,,,50.3,51.4,8.1,,183.361
USW,Copper,Cu,Aluminum,Al,223.0,Anodized,1914.61,,53.21,913.58,152.0,,,35.0,68.8,4.03,,221.794
USW,Copper,Cu,Aluminum,Al,249.3,Tin-plated,2442.55,,55.38,695.75,450.4,,,54.0,14.2,5.95,,851.894
USW,StainlessSteel,SS304,Nickel,Ni,59.4,Oxide,1735.64,,34.57,1162.43,218.4,,,1.0,16.7,5.57,,249.691
USW,Copper,Cu,Aluminum,Al,191.8,Bare,749.37,,24.12,968.93,392.4,,,94.1,59.1,9.71,,176.612
USW,Copper,Cu,Aluminum,Al,147.9,Anodized,1216.62,,26.93,275.91,178.8,,,50.6,38.5,8.36,,134.06
USW,Nickel,Ni,Copper,Cu,213.9,Bare,1096.44,,31.01,689.13,438.6,,,80.6,12.8,5.92,,307.257
USW,StainlessSteel,SS304,Nickel,Ni,129.5,Tin-plated,1524.09,,51.18,296.78,106.0,,,-6.0,38.3,9.25,,121.298
USW,StainlessSteel,SS304,Nickel,Ni,111.9,Tin-plated,1764.65,,26.65,1003.38,110.9,,,7.0,67.7,17.54,,120.298
USW,Nickel,Ni,Aluminum,Al,229.1,Oxide,685.39,,35.74,326.39,386.9,,,47.6,19.0,10.96,,176.429
USW,Copper,Cu,Aluminum,Al,68.0,Bare,1159.71,,54.75,186.38,409.6,,,-6.2,57.8,7.93,,366.159
USW,Copper,Cu,Aluminum,Al,43.4,Bare,998.92,,54.81,702.1,415.4,,,43.6,48.5,6.88,,319.976
USW,Nickel,Ni,Copper,Cu,109.0,Nickel-plated,2425.35,,37.61,557.8,189.9,,,118.6,64.7,14.18,,311.177
USW,Copper,Cu,Aluminum,Al,42.9,Anodized,2133.68,,59.98,1172.68,150.1,,,106.4,64.5,15.12,,256.125
USW,Copper,Cu,Aluminum,Al,42.3,Anodized,2293.01,,50.88,522.54,519.6,,,96.1,74.2,8.61,,892.828
USW,Copper,Cu,Aluminum,Al,183.5,Carbon-coated,2001.12,,57.64,741.79,381.6,,,67.0,66.4,4.59,,600.819
USW,StainlessSteel,SS304,Nickel,Ni,98.0,Nickel-plated,1065.25,,24.85,702.77,100.3,,,104.6,44.5,5.9,,64.636
USW,Copper,Cu,Aluminum,Al,232.1,Oxide,643.83,,41.4,1113.09,487.2,,,7.0,60.2,10.8,,218.513
USW,Nickel,Ni,Aluminum,Al,237.2,Bare,1203.53,,21.14,315.38,574.3,,,114.9,36.2,6.12,,403.764
USW,StainlessSteel,SS304,Nickel,Ni,243.1,Tin-plated,2173.98,,25.05,768.4,187.7,,,74.4,22.2,23.51,,247.173
USW,Copper,Cu,Copper,Cu,238.7,Carbon-coated,2588.57,,58.43,184.0,401.2,,,6.6,61.0,12.22,,821.775
USW,StainlessSteel,SS304,Nickel,Ni,236.1,Bare,1075.99,,59.21,326.28,542.7,,,18.7,49.6,19.65,,464.546
USW,Nickel,Ni,Copper,Cu,128.3,Bare,735.59,,26.55,263.44,100.6,,,73.1,72.1,9.24,,45.467
USW,Nickel,Ni,Copper,Cu,138.5,Bare,802.86,,36.58,1057.25,425.5,,,116.0,71.9,15.47,,228.831
USW,Copper,Cu,Aluminum,Al,94.9,Bare,748.4,,22.65,544.23,466.0,,,-0.4,69.2,23.98,,206.643
USW,Nickel,Ni,Aluminum,Al,165.0,Nickel-plated,2484.88,,22.42,1084.24,178.6,,,2.1,51.6,4.65,,262.326
USW,Copper,Cu,Aluminum,Al,188.8,Tin-plated,1163.05,,25.69,202.12,385.9,,,14.7,58.8,9.57,,273.494
USW,Copper,Cu,Aluminum,Al,94.8,Tin-plated,999.35,,16.16,329.37,245.9,,,36.9,39.9,16.6,,136.741
USW,Nickel,Ni,Copper,Cu,137.6,Tin-plated,1688.25,,23.32,1079.77,284.7,,,30.1,37.8,5.91,,286.571
USW,Copper,Cu,Aluminum,Al,89.1,Bare,1934.94,,18.86,510.98,370.7,,,50.5,25.8,19.8,,409.901
USW,Aluminum,Al,Aluminum,Al,210.0,Nickel-plated,2333.79,,36.37,1075.74,338.1,,,62.0,68.9,15.25,,527.694
USW,Nickel,Ni,Aluminum,Al,228.1,Oxide,1840.55,,20.41,945.05,186.4,,,82.9,45.1,18.23,,199.051
USW,StainlessSteel,SS304,Nickel,Ni,123.1,Anodized,2594.54,,43.23,1025.81,228.9,,,95.1,18.8,13.14,,419.844
USW,Nickel,Ni,Aluminum,Al,117.4,Bare,1516.31,,54.31,975.88,411.5,,,-1.3,37.2,9.8,,479.466
USW,Aluminum,Al,Aluminum,Al,159.3,Tin-plated,2449.86,,40.32,256.04,243.0,,,43.9,20.4,23.73,,411.245
USW,Copper,Cu,Aluminum,Al,136.8,Nickel-plated,1150.83,,21.47,789.09,446.8,,,43.4,36.8,4.79,,301.317
USW,Nickel,Ni,Aluminum,Al,194.1,Carbon-coated,640.47,,51.78,468.21,240.2,,,33.1,26.6,22.84,,116.036
USW,Copper,Cu,Copper,Cu,59.6,Anodized,2251.65,,27.12,587.61,422.8,,,2.8,70.8,13.31,,587.688
USW,Copper,Cu,Aluminum,Al,197.1,Oxide,1630.54,,22.15,476.68,353.4,,,97.1,61.9,21.24,,339.827
USW,Nickel,Ni,Aluminum,Al,72.4,Oxide,1098.98,,35.54,1113.93,452.3,,,104.3,12.0,21.58,,330.122
USW,Nickel,Ni,Copper,Cu,57.3,Bare,1788.09,,22.99,1064.0,393.4,,,55.7,54.5,11.82,,418.161
USW,Copper,Cu,Aluminum,Al,181.5,Bare,925.81,,40.75,1163.16,528.6,,,106.3,62.4,12.12,,339.147
USW,Copper,Cu,Copper,Cu,34.4,Oxide,617.8,,56.02,829.74,400.6,,,25.0,38.7,20.12,,192.503
USW,Copper,Cu,Aluminum,Al,242.7,Tin-plated,1352.95,,30.69,414.6,333.3,,,94.7,31.4,12.9,,287.37
USW,Nickel,Ni,Copper,Cu,142.5,Tin-plated,1348.46,,44.13,789.5,249.2,,,41.6,17.2,21.71,,239.239
USW,Copper,Cu,Aluminum,Al,219.5,Bare,2384.75,,28.45,307.43,482.7,,,118.5,54.8,18.93,,719.156
USW,Nickel,Ni,Copper,Cu,175.3,Tin-plated,1910.8,,59.89,422.4,309.3,,,94.3,52.0,19.15,,472.408
USW,Copper,Cu,Aluminum,Al,71.8,Tin-plated,1669.27,,50.32,1101.85,435.9,,,82.0,50.0,8.67,,543.021
USW,Nickel,Ni,Copper,Cu,69.8,Bare,1117.3,,51.38,951.06,191.5,,,99.3,71.4,6.69,,160.948
USW,Copper,Cu,Aluminum,Al,193.7,Bare,1262.63,,26.73,458.75,525.6,,,1.6,34.9,20.55,,408.237
USW,Nickel,Ni,Aluminum,Al,45.7,Carbon-coated,2335.0,,32.18,463.27,127.0,,,65.9,76.1,14.51,,191.442
USW,Copper,Cu,Aluminum,Al,155.3,Carbon-coated,1232.77,,47.21,967.89,343.8,,,16.0,38.6,13.61,,308.925
USW,Copper,Cu,Aluminum,Al,90.2,Oxide,2128.97,,37.03,951.75,144.0,,,72.5,10.3,7.54,,206.166
USW,Copper,Cu,Copper,Cu,114.3,Bare,1346.2,,15.63,488.32,516.6,,,42.4,77.6,8.19,,384.955
USW,Copper,Cu,Copper,Cu,182.6,Bare,1367.1,,41.49,325.37,511.9,,,71.5,27.4,6.71,,487.912
USW,Copper,Cu,Aluminum,Al,104.3,Carbon-coated,1285.47,,55.56,527.21,194.2,,,84.6,51.7,24.9,,193.568
USW,Nickel,Ni,Aluminum,Al,190.0,Bare,1779.39,,22.6,534.92,425.3,,,42.4,26.0,19.42,,448.164
USW,Nickel,Ni,Aluminum,Al,40.7,Anodized,1907.14,,15.89,874.24,308.4,,,23.3,47.4,17.9,,326.378
USW,Aluminum,Al,Aluminum,Al,182.9,Tin-plated,1923.33,,44.81,433.48,402.8,,,51.7,20.7,10.32,,554.427
USW,Nickel,Ni,Copper,Cu,55.9,Bare,997.29,,23.99,426.14,361.6,,,3.6,60.3,6.23,,216.334
USW,Nickel,Ni,Copper,Cu,139.2,Bare,1261.21,,15.12,855.21,553.4,,,28.4,12.8,23.6,,384.379
USW,Copper,Cu,Copper,Cu,142.6,Tin-plated,1111.78,,25.4,1188.1,248.0,,,9.4,16.3,6.13,,167.589
USW,Copper,Cu,Aluminum,Al,93.9,Oxide,2077.08,,19.27,946.11,122.9,,,12.7,12.8,10.57,,146.516
USW,Copper,Cu,Copper,Cu,126.3,Tin-plated,785.9,,51.67,342.01,300.4,,,12.2,35.0,22.45,,177.94
USW,Copper,Cu,Aluminum,Al,206.0,Tin-plated,826.11,,46.33,211.58,571.2,,,40.1,69.5,20.74,,341.678
USW,Aluminum,Al,Aluminum,Al,179.2,Bare,1317.2,,16.3,868.69,519.3,,,66.8,66.2,11.97,,381.116
USW,Copper,Cu,Aluminum,Al,120.5,Bare,1228.48,,46.71,861.83,483.8,,,109.7,17.9,9.49,,431.541
USW,Aluminum,Al,Aluminum,Al,104.4,Nickel-plated,790.48,,44.78,411.01,272.9,,,117.1,56.9,18.71,,154.32
USW,Copper,Cu,Aluminum,Al,247.3,Bare,913.85,,53.2,1044.46,534.7,,,99.1,49.1,17.51,,372.451
USW,Aluminum,Al,Aluminum,Al,41.1,Bare,1406.55,,25.57,632.05,500.6,,,21.3,77.9,17.51,,428.66
USW,Nickel,Ni,Aluminum,Al,139.4,Tin-plated,1424.68,,40.07,150.18,145.4,,,48.1,18.3,6.16,,142.83
USW,Copper,Cu,Copper,Cu,75.5,Tin-plated,1326.68,,17.44,384.06,327.2,,,29.6,45.6,23.96,,244.663
USW,Copper,Cu,Copper,Cu,187.5,Bare,1043.49,,30.36,1021.38,582.2,,,51.5,56.0,19.95,,385.994
USW,Aluminum,Al,Aluminum,Al,66.1,Bare,2043.12,,19.81,791.39,193.8,,,81.3,13.2,19.05,,228.331
USW,Copper,Cu,Aluminum,Al,187.7,Bare,2453.25,,52.69,768.25,486.1,,,49.4,64.7,12.7,,905.514
USW,Copper,Cu,Copper,Cu,139.7,Nickel-plated,2470.62,,52.75,657.08,354.2,,,114.3,19.4,5.02,,664.748
USW,Copper,Cu,Aluminum,Al,58.2,Bare,2365.39,,37.68,553.9,589.8,,,65.2,61.1,16.61,,943.052
USW,Nickel,Ni,Copper,Cu,243.5,Nickel-plated,1425.49,,46.5,935.85,249.5,,,25.6,77.5,6.8,,257.81
USW,Nickel,Ni,Aluminum,Al,169.2,Bare,1181.16,,30.54,855.99,590.7,,,82.5,75.5,17.11,,443.945
USW,StainlessSteel,SS304,Nickel,Ni,100.9,Bare,1560.74,,40.68,850.52,308.7,,,55.5,58.6,11.4,,333.766
USW,Nickel,Ni,Copper,Cu,207.8,Nickel-plated,890.65,,45.16,359.9,475.1,,,27.2,69.3,4.53,,303.632
USW,Copper,Cu,Aluminum,Al,181.9,Bare,664.61,,51.63,257.6,534.0,,,22.6,68.8,19.83,,267.431
USW,Nickel,Ni,Aluminum,Al,82.3,Oxide,1175.28,,44.9,1122.81,293.8,,,86.5,49.3,20.78,,247.256
USW,StainlessSteel,SS304,Nickel,Ni,32.9,Bare,2161.85,,54.16,1021.48,555.7,,,30.6,48.6,17.03,,922.136
USW,Copper,Cu,Copper,Cu,162.7,Oxide,1188.36,,22.98,866.79,193.5,,,88.2,48.3,24.25,,136.662
USW,Aluminum,Al,Aluminum,Al,152.5,Bare,1110.03,,29.88,895.17,177.4,,,39.0,40.0,16.26,,124.581
USW,Copper,Cu,Aluminum,Al,165.4,Tin-plated,1745.35,,31.11,973.23,258.9,,,-3.4,75.3,14.3,,289.015
USW,Copper,Cu,Aluminum,Al,121.5,Nickel-plated,1042.4,,24.6,498.48,280.4,,,-1.1,45.4,5.93,,176.348
USW,Nickel,Ni,Copper,Cu,211.2,Anodized,1937.88,,35.06,1099.72,406.9,,,59.0,79.8,4.18,,521.478
USW,StainlessSteel,SS304,Nickel,Ni,231.5,Carbon-coated,1680.47,,27.73,1106.9,511.1,,,78.7,32.5,12.1,,533.072
USW,Nickel,Ni,Copper,Cu,227.6,Bare,2496.42,,22.53,1154.09,369.0,,,47.9,13.1,14.79,,545.181
USW,Copper,Cu,Aluminum,Al,220.3,Nickel-plated,1675.51,,46.62,1175.04,487.6,,,77.1,64.2,6.18,,592.873
USW,Nickel,Ni,Aluminum,Al,131.0,Bare,708.54,,50.74,735.99,387.5,,,87.1,20.8,5.84,,205.511
USW,Copper,Cu,Aluminum,Al,125.3,Bare,1669.67,,43.86,799.27,478.0,,,40.4,54.1,18.14,,566.913
USW,Nickel,Ni,Copper,Cu,53.3,Oxide,773.01,,49.44,609.56,297.6,,,-0.6,75.0,10.33,,170.514
USW,Aluminum,Al,Aluminum,Al,116.0,Oxide,2520.27,,21.48,861.15,557.1,,,59.4,19.5,15.46,,822.772
USW,Nickel,Ni,Copper,Cu,151.8,Nickel-plated,610.06,,41.85,714.01,573.5,,,38.5,76.5,6.59,,244.611
USW,Nickel,Ni,Copper,Cu,120.8,Tin-plated,921.91,,24.94,1026.49,197.2,,,107.5,34.1,14.76,,110.004
USW,Nickel,Ni,Copper,Cu,235.1,Anodized,1699.33,,28.08,220.73,149.1,,,100.8,69.6,13.69,,157.765
USW,Aluminum,Al,Aluminum,Al,174.2,Bare,2400.24,,29.3,623.18,408.2,,,33.0,19.0,17.01,,616.674
USW,Aluminum,Al,Aluminum,Al,99.6,Nickel-plated,1092.35,,24.97,926.81,318.1,,,63.5,35.5,4.1,,210.331
USW,Copper,Cu,Aluminum,Al,131.8,Bare,1703.34,,22.91,786.96,520.9,,,85.3,71.5,10.41,,526.985
USW,Copper,Cu,Aluminum,Al,225.0,Bare,637.26,,37.82,182.75,390.9,,,60.0,28.4,5.58,,168.613
USW,Aluminum,Al,Aluminum,Al,149.6,Anodized,2150.39,,31.46,384.47,486.1,,,107.8,48.6,13.91,,670.479
USW,Copper,Cu,Aluminum,Al,117.3,Nickel-plated,2295.96,,51.29,794.74,182.9,,,50.4,45.7,17.92,,315.673
USW,Aluminum,Al,Aluminum,Al,175.1,Anodized,1567.01,,31.15,379.76,343.8,,,13.3,76.4,19.45,,344.651
USW,Copper,Cu,Aluminum,Al,229.7,Bare,1509.29,,17.09,1179.62,262.0,,,-4.4,24.5,13.86,,222.109
USW,Aluminum,Al,Aluminum,Al,87.9,Nickel-plated,1907.35,,31.44,836.0,517.7,,,97.9,68.4,7.65,,633.308
USW,Copper,Cu,Aluminum,Al,107.6,Oxide,1564.22,,42.19,676.93,169.5,,,107.9,46.1,14.22,,185.856
USW,Copper,Cu,Aluminum,Al,71.1,Bare,836.66,,25.37,1001.73,460.1,,,73.7,24.8,19.06,,233.903
USW,Aluminum,Al,Aluminum,Al,213.3,Bare,1746.97,,22.25,811.02,119.6,,,17.4,21.3,4.91,,123.328
USW,Copper,Cu,Aluminum,Al,240.8,Nickel-plated,637.24,,47.38,844.83,241.7,,,23.6,22.6,15.84,,112.431
USW,Aluminum,Al,Aluminum,Al,67.5,Oxide,2189.23,,51.92,340.98,429.8,,,119.1,70.7,16.62,,710.551
USW,Nickel,Ni,Copper,Cu,159.9,Bare,817.14,,24.11,1052.57,352.2,,,34.5,41.7,12.09,,172.837
USW,Copper,Cu,Aluminum,Al,165.2,Bare,1606.66,,20.29,656.35,165.2,,,2.5,43.3,20.46,,153.746
USW,Nickel,Ni,Copper,Cu,172.8,Nickel-plated,686.88,,38.84,390.96,501.2,,,106.6,64.2,11.78,,234.92
USW,Copper,Cu,Aluminum,Al,197.5,Tin-plated,867.77,,36.47,394.14,529.5,,,66.6,61.9,6.05,,307.54
USW,Nickel,Ni,Aluminum,Al,186.0,Oxide,835.66,,15.32,837.27,443.9,,,43.1,23.2,16.14,,204.681
USW,Copper,Cu,Aluminum,Al,85.8,Oxide,1331.29,,27.4,864.64,477.5,,,10.1,55.6,12.89,,393.411
USW,Nickel,Ni,Copper,Cu,152.1,Bare,1288.71,,46.75,922.57,527.5,,,52.7,35.9,10.44,,493.785
USW,Nickel,Ni,Copper,Cu,65.6,Bare,1276.88,,39.78,881.91,453.4,,,48.1,59.0,12.41,,398.097
USW,StainlessSteel,SS304,Nickel,Ni,62.0,Carbon-coated,728.16,,24.98,234.04,118.9,,,-9.3,16.4,13.14,,52.408
USW,StainlessSteel,SS304,Nickel,Ni,186.6,Nickel-plated,2240.46,,43.81,610.92,200.9,,,69.8,46.5,23.86,,319.536
USW,Nickel,Ni,Copper,Cu,161.9,Nickel-plated,938.97,,16.62,401.22,100.1,,,27.2,12.4,8.87,,52.565
USW,StainlessSteel,SS304,Nickel,Ni,116.9,Nickel-plated,2073.85,,18.09,244.67,242.2,,,91.4,34.7,14.87,,284.929
USW,Nickel,Ni,Aluminum,Al,90.8,Nickel-plated,2459.43,,40.87,424.16,303.6,,,35.3,77.4,8.09,,517.938
USW,Copper,Cu,Aluminum,Al,206.6,Anodized,2226.29,,40.87,878.9,583.0,,,28.3,76.3,22.4,,900.447
USW,Nickel,Ni,Copper,Cu,130.9,Nickel-plated,654.7,,20.23,220.93,416.8,,,88.5,77.3,16.32,,158.027
USW,Copper,Cu,Copper,Cu,240.2,Nickel-plated,2264.35,,26.17,247.66,436.8,,,19.9,32.1,4.2,,605.442
USW,Copper,Cu,Aluminum,Al,107.8,Carbon-coated,2494.24,,45.74,1105.42,349.5,,,111.1,43.4,9.65,,628.326
USW,Nickel,Ni,Copper,Cu,74.6,Bare,911.99,,19.8,1116.2,437.9,,,103.5,24.5,16.99,,230.304
USW,Copper,Cu,Copper,Cu,39.3,Nickel-plated,1584.68,,59.34,1091.85,534.4,,,89.4,47.9,17.03,,674.364
USW,StainlessSteel,SS304,Nickel,Ni,78.9,Nickel-plated,2198.54,,36.52,717.81,351.2,,,109.1,29.6,5.14,,517.056
USW,Copper,Cu,Copper,Cu,183.6,Nickel-plated,623.64,,24.48,760.06,262.7,,,12.7,78.4,18.47,,98.745
USW,Copper,Cu,Aluminum,Al,133.7,Nickel-plated,1597.54,,24.47,885.75,286.2,,,61.3,26.6,11.68,,275.49
USW,Copper,Cu,Aluminum,Al,156.7,Bare,1139.9,,25.61,603.83,290.4,,,13.4,19.2,6.1,,201.608
USW,StainlessSteel,SS304,Nickel,Ni,68.9,Nickel-plated,2298.78,,38.27,906.59,492.7,,,9.4,66.4,24.91,,769.274
USW,Aluminum,Al,Aluminum,Al,181.9,Bare,1553.08,,43.34,622.35,267.3,,,63.8,37.9,21.09,,293.727
USW,Aluminum,Al,Aluminum,Al,34.4,Bare,2526.23,,23.95,754.69,424.6,,,111.1,28.0,22.21,,643.251
USW,Nickel,Ni,Copper,Cu,137.2,Tin-plated,1362.14,,27.89,813.3,172.4,,,36.2,57.1,22.68,,146.0
USW,Nickel,Ni,Copper,Cu,155.8,Oxide,924.0,,25.27,482.72,245.7,,,33.9,54.2,5.5,,137.805
USW,Copper,Cu,Copper,Cu,219.8,Bare,2531.05,,33.63,343.08,111.6,,,25.3,41.1,16.33,,184.509
USW,Copper,Cu,Copper,Cu,47.6,Bare,727.58,,54.54,725.86,113.2,,,112.3,59.0,6.16,,63.382
USW,Nickel,Ni,Copper,Cu,64.2,Tin-plated,1218.74,,26.13,448.38,413.2,,,0.8,28.4,22.59,,308.147
USW,Nickel,Ni,Copper,Cu,219.3,Bare,2549.96,,39.33,436.04,322.4,,,-6.3,56.4,14.0,,563.303
USW,Copper,Cu,Copper,Cu,168.8,Tin-plated,1646.92,,43.78,475.14,273.6,,,13.0,51.8,15.84,,319.852
USW,Nickel,Ni,Copper,Cu,87.2,Bare,2230.76,,53.16,511.08,334.6,,,47.4,35.6,4.0,,568.754
USW,Nickel,Ni,Aluminum,Al,32.0,Nickel-plated,1062.43,,15.32,542.33,305.9,,,113.1,43.4,10.15,,179.316
USW,Copper,Cu,Aluminum,Al,115.7,Bare,1444.48,,25.78,952.77,555.0,,,11.2,61.6,9.52,,488.92
USW,Copper,Cu,Copper,Cu,207.9,Nickel-plated,964.81,,28.03,818.74,408.9,,,27.0,62.0,21.92,,245.523
USW,Copper,Cu,Copper,Cu,40.9,Nickel-plated,804.55,,27.11,900.96,463.6,,,14.4,11.4,7.9,,230.222
USW,Copper,Cu,Aluminum,Al,98.5,Oxide,1527.37,,50.61,496.76,521.8,,,54.2,33.9,24.96,,595.997
USW,Copper,Cu,Aluminum,Al,133.4,Bare,2234.5,,52.27,278.06,484.1,,,90.8,15.0,21.67,,818.886
USW,Nickel,Ni,Copper,Cu,37.4,Nickel-plated,1642.28,,59.2,646.47,440.7,,,47.6,61.6,20.19,,575.793
USW,Copper,Cu,Aluminum,Al,236.2,Nickel-plated,1877.04,,23.94,1081.9,531.8,,,71.8,13.0,9.32,,598.64
USW,Copper,Cu,Aluminum,Al,66.8,Bare,2178.29,,15.4,194.09,491.7,,,72.3,32.7,6.51,,591.522
USW,Aluminum,Al,Aluminum,Al,64.7,Bare,2461.7,,59.86,806.39,129.9,,,38.3,16.3,16.99,,255.553
USW,Nickel,Ni,Copper,Cu,81.2,Anodized,2113.4,,51.25,610.65,196.5,,,92.9,18.8,20.56,,312.008
USW,Copper,Cu,Aluminum,Al,136.8,Nickel-plated,1994.08,,23.54,345.96,273.8,,,7.5,72.9,10.19,,326.23
USW,Copper,Cu,Aluminum,Al,152.0,Bare,1191.35,,26.85,535.47,100.4,,,98.1,74.0,7.26,,73.632
USW,Copper,Cu,Aluminum,Al,218.5,Oxide,2042.01,,44.62,715.9,293.7,,,14.1,11.3,9.01,,428.622
USW,Aluminum,Al,Aluminum,Al,101.0,Tin-plated,1646.4,,18.0,1026.95,164.9,,,61.7,52.9,6.32,,153.834
USW,Copper,Cu,Aluminum,Al,155.6,Oxide,1651.64,,46.56,418.74,283.2,,,53.1,16.9,17.82,,339.241
USW,Copper,Cu,Aluminum,Al,138.1,Carbon-coated,2202.04,,17.73,735.92,569.1,,,110.9,24.6,5.68,,708.294
USW,Copper,Cu,Aluminum,Al,88.5,Bare,1207.81,,57.51,1158.62,148.6,,,82.1,67.7,5.48,,141.06
USW,Aluminum,Al,Aluminum,Al,84.7,Tin-plated,2098.39,,33.68,260.79,419.3,,,14.6,46.8,7.76,,575.262
USW,Aluminum,Al,Aluminum,Al,66.7,Bare,1275.03,,22.12,1198.36,321.5,,,76.5,71.8,12.43,,241.671
USW,Copper,Cu,Aluminum,Al,111.8,Oxide,2051.74,,42.38,741.3,207.0,,,118.9,32.7,13.04,,298.138
USW,Nickel,Ni,Aluminum,Al,128.4,Bare,2565.91,,41.81,693.49,596.7,,,23.0,77.3,19.25,,1070.145
USW,Copper,Cu,Aluminum,Al,34.8,Oxide,1151.91,,39.91,734.14,563.0,,,18.8,69.9,18.48,,446.426
USW,Copper,Cu,Aluminum,Al,110.8,Nickel-plated,2222.15,,19.14,569.79,558.9,,,36.2,19.7,8.89,,711.665
USW,Nickel,Ni,Copper,Cu,211.7,Tin-plated,2415.31,,41.79,465.41,465.4,,,93.1,22.1,16.1,,785.511
USW,Copper,Cu,Aluminum,Al,106.5,Oxide,2335.66,,54.14,388.05,426.4,,,-2.7,64.0,12.75,,764.302
USW,Copper,Cu,Aluminum,Al,97.1,Bare,899.16,,37.61,381.84,125.3,,,91.1,36.8,15.34,,76.092
USW,Copper,Cu,Aluminum,Al,141.0,Bare,1388.64,,20.95,236.67,385.7,,,47.9,51.7,10.09,,312.297
USW,Copper,Cu,Aluminum,Al,200.2,Bare,1718.59,,36.95,834.86,198.0,,,1.1,45.1,6.83,,228.715
USW,Nickel,Ni,Copper,Cu,200.9,Bare,779.19,,45.23,594.72,274.2,,,22.0,15.0,23.41,,153.364
USW,Aluminum,Al,Aluminum,Al,247.3,Nickel-plated,1484.42,,21.56,197.12,509.1,,,-6.9,31.3,24.79,,443.182
USW,Copper,Cu,Aluminum,Al,54.7,Bare,2453.46,,54.09,1011.14,106.9,,,88.5,69.7,23.93,,201.151
USW,Copper,Cu,Aluminum,Al,76.0,Nickel-plated,1646.53,,26.64,657.18,465.0,,,48.5,11.6,8.28,,470.571
USW,Copper,Cu,Copper,Cu,176.0,Bare,1168.03,,50.51,798.86,126.5,,,-7.6,50.8,7.58,,110.454
USW,Copper,Cu,Aluminum,Al,217.5,Tin-plated,638.16,,54.03,831.88,215.6,,,40.5,29.0,22.15,,105.501
USW,StainlessSteel,SS304,Nickel,Ni,220.7,Nickel-plated,1601.3,,35.61,1122.67,110.7,,,2.9,32.1,7.91,,117.838
USW,Aluminum,Al,Aluminum,Al,64.5,Bare,1850.46,,25.63,1177.16,350.6,,,33.4,37.5,11.39,,395.164
USW,Copper,Cu,Copper,Cu,209.3,Bare,1160.39,,21.83,1092.03,428.5,,,104.2,72.3,15.65,,292.309
USW,Copper,Cu,Aluminum,Al,167.6,Bare,905.5,,58.67,1105.22,264.6,,,114.9,52.9,9.05,,189.942
USW,Copper,Cu,Aluminum,Al,206.0,Oxide,2010.27,,38.57,292.02,597.8,,,8.0,47.9,10.49,,818.386
USW,Copper,Cu,Aluminum,Al,99.8,Nickel-plated,836.77,,29.29,1073.62,463.5,,,111.3,74.2,23.92,,244.13
USW,Nickel,Ni,Aluminum,Al,127.5,Carbon-coated,2466.5,,27.32,968.06,153.4,,,43.8,38.8,22.78,,233.975
USW,Nickel,Ni,Copper,Cu,154.7,Bare,1974.76,,31.17,872.55,338.3,,,69.6,28.7,8.88,,427.436
USW,Copper,Cu,Copper,Cu,217.5,Nickel-plated,986.52,,16.45,952.77,107.5,,,82.6,36.2,6.89,,59.186
USW,Aluminum,Al,Aluminum,Al,196.7,Bare,2571.26,,54.02,664.44,262.4,,,86.5,79.2,23.47,,517.44
USW,Copper,Cu,Aluminum,Al,191.8,Bare,1823.01,,48.41,773.5,362.6,,,42.6,12.9,10.57,,486.28
USW,Nickel,Ni,Copper,Cu,211.9,Bare,1637.41,,32.8,921.93,378.9,,,57.7,41.6,24.91,,402.535
USW,Copper,Cu,Copper,Cu,117.6,Bare,1522.69,,34.01,793.79,127.3,,,-3.6,30.4,21.38,,127.057
USW,Copper,Cu,Aluminum,Al,189.0,Bare,2475.68,,46.33,292.07,306.8,,,97.9,41.6,20.35,,549.892
USW,Copper,Cu,Aluminum,Al,74.4,Nickel-plated,1983.43,,55.82,986.31,459.2,,,66.7,59.9,9.25,,707.476
USW,Copper,Cu,Aluminum,Al,145.2,Bare,1623.33,,57.74,547.61,290.3,,,48.4,35.4,20.61,,371.088
USW,Nickel,Ni,Aluminum,Al,63.0,Oxide,2024.09,,33.88,474.99,484.3,,,63.5,56.2,7.76,,641.994
USW,Copper,Cu,Copper,Cu,74.6,Tin-plated,1517.29,,53.49,720.68,102.9,,,5.3,19.2,9.32,,119.231
USW,Copper,Cu,Aluminum,Al,120.2,Bare,1089.43,,39.63,800.75,378.8,,,66.6,43.3,16.6,,283.42
USW,Copper,Cu,Aluminum,Al,38.1,Oxide,2276.03,,28.43,1116.4,124.5,,,9.3,55.7,18.01,,177.015
USW,Copper,Cu,Aluminum,Al,182.1,Nickel-plated,954.84,,35.49,757.91,565.7,,,77.4,52.8,20.53,,358.597
USW,Copper,Cu,Aluminum,Al,44.9,Nickel-plated,1185.67,,21.05,879.35,237.2,,,37.9,36.5,15.56,,164.148
USW,Aluminum,Al,Aluminum,Al,54.0,Tin-plated,2574.38,,36.76,873.09,566.9,,,80.5,52.8,17.21,,979.224
USW,Copper,Cu,Aluminum,Al,145.6,Anodized,859.43,,40.32,695.69,415.9,,,69.1,32.2,11.43,,246.883
USW,Copper,Cu,Aluminum,Al,245.4,Bare,1850.92,,20.31,1040.47,499.8,,,69.2,59.6,4.5,,536.054
USW,Aluminum,Al,Aluminum,Al,170.3,Bare,1163.25,,50.56,473.16,353.3,,,33.4,49.2,8.22,,307.265
USW,Copper,Cu,Aluminum,Al,189.4,Nickel-plated,951.26,,29.87,504.83,436.2,,,79.2,33.9,4.61,,262.524
USW,Nickel,Ni,Copper,Cu,168.0,Carbon-coated,1270.22,,50.28,584.65,471.3,,,73.9,43.7,15.28,,446.587
USW,Copper,Cu,Aluminum,Al,147.9,Bare,2199.07,,54.96,521.28,584.8,,,84.2,32.1,18.4,,992.826
USW,Copper,Cu,Aluminum,Al,215.3,Nickel-plated,1790.38,,53.91,939.12,452.6,,,117.9,53.9,12.18,,620.877
USW,Copper,Cu,Aluminum,Al,82.3,Nickel-plated,1032.28,,28.6,267.84,492.5,,,43.8,44.8,23.97,,318.025
USW,Nickel,Ni,Aluminum,Al,136.2,Nickel-plated,2447.27,,47.96,699.81,487.8,,,47.7,11.7,7.99,,875.112
USW,Nickel,Ni,Aluminum,Al,178.9,Bare,1518.74,,47.12,698.46,102.1,,,96.9,75.7,19.22,,112.901
USW,Copper,Cu,Copper,Cu,132.7,Bare,1917.97,,29.06,756.44,256.1,,,67.3,16.1,14.93,,308.493
USW,Copper,Cu,Aluminum,Al,100.2,Nickel-plated,898.64,,27.31,166.02,411.5,,,15.0,29.4,6.47,,228.667
USW,Copper,Cu,Aluminum,Al,61.1,Tin-plated,1089.65,,18.21,793.93,269.4,,,35.5,32.3,9.95,,166.663
USW,Copper,Cu,Aluminum,Al,53.3,Bare,957.97,,41.83,772.39,518.1,,,51.2,57.3,12.96,,346.936
USW,Copper,Cu,Copper,Cu,186.8,Tin-plated,2547.36,,49.01,638.98,165.9,,,30.6,67.2,15.2,,312.275
USW,Nickel,Ni,Aluminum,Al,180.6,Tin-plated,1063.39,,25.07,1054.15,408.5,,,50.9,41.9,13.77,,263.202
USW,Copper,Cu,Aluminum,Al,203.5,Carbon-coated,660.53,,36.39,519.01,330.6,,,80.9,56.6,13.52,,146.063
USW,Nickel,Ni,Copper,Cu,52.6,Oxide,1251.74,,44.23,982.05,366.4,,,68.6,18.9,20.73,,326.692
USW,Aluminum,Al,Aluminum,Al,244.3,Bare,2227.83,,41.59,973.53,317.7,,,70.7,48.4,11.15,,493.814
USW,Aluminum,Al,Aluminum,Al,47.1,Carbon-coated,1573.26,,41.65,636.05,377.5,,,20.7,56.4,16.06,,414.619
USW,Copper,Cu,Aluminum,Al,53.9,Oxide,1357.82,,37.24,843.17,145.3,,,114.3,14.9,20.2,,132.86
USW,Nickel,Ni,Aluminum,Al,30.0,Bare,1662.51,,32.55,756.83,197.8,,,107.4,54.5,7.13,,212.961
USW,Copper,Cu,Aluminum,Al,97.0,Carbon-coated,2565.16,,30.49,243.75,104.1,,,64.1,73.9,13.13,,169.785
USW,Aluminum,Al,Aluminum,Al,111.2,Nickel-plated,2006.71,,51.93,527.21,530.6,,,6.6,30.6,5.12,,804.13
USW,Copper,Cu,Aluminum,Al,100.0,Bare,1690.24,,44.81,648.61,194.1,,,81.3,37.6,12.01,,234.794
USW,Nickel,Ni,Aluminum,Al,249.4,Tin-plated,743.49,,15.71,907.41,343.4,,,99.2,20.8,6.82,,141.406
USW,StainlessSteel,SS304,Nickel,Ni,121.5,Nickel-plated,1808.86,,34.16,338.79,354.7,,,1.0,55.0,20.57,,421.173
USW,Aluminum,Al,Aluminum,Al,163.0,Nickel-plated,1073.5,,37.58,581.38,373.1,,,36.2,23.0,21.78,,270.514
USW,StainlessSteel,SS304,Nickel,Ni,54.9,Nickel-plated,884.17,,47.91,1182.76,591.8,,,63.9,59.3,18.5,,383.475
USW,Aluminum,Al,Aluminum,Al,49.5,Nickel-plated,2520.82,,18.51,815.37,499.0,,,0.2,72.3,19.58,,716.465
USW,Copper,Cu,Aluminum,Al,133.2,Nickel-plated,2067.63,,33.95,1158.61,499.1,,,34.7,64.5,13.85,,676.208
USW,Copper,Cu,Aluminum,Al,189.9,Nickel-plated,1546.32,,22.61,204.2,595.2,,,110.0,62.5,5.29,,545.091
USW,Copper,Cu,Copper,Cu,141.2,Oxide,865.08,,27.64,1050.75,107.1,,,27.3,15.8,9.83,,57.466
USW,Copper,Cu,Aluminum,Al,128.3,Oxide,2001.55,,36.82,989.34,531.0,,,66.9,20.6,9.49,,713.408
USW,Copper,Cu,Aluminum,Al,63.9,Nickel-plated,2140.74,,25.71,612.19,418.8,,,8.9,75.4,24.87,,546.413
USW,Nickel,Ni,Copper,Cu,196.2,Bare,1397.49,,28.56,933.46,476.2,,,34.9,55.0,7.52,,416.167
USW,Copper,Cu,Aluminum,Al,61.9,Oxide,2454.45,,35.2,862.42,580.9,,,81.7,43.2,4.25,,944.133
USW,Copper,Cu,Aluminum,Al,240.4,Nickel-plated,2316.71,,30.07,430.44,149.1,,,109.3,54.6,23.28,,218.965
USW,Copper,Cu,Aluminum,Al,191.5,Nickel-plated,1274.81,,46.06,338.91,373.8,,,90.5,62.4,8.09,,344.328
USW,Nickel,Ni,Copper,Cu,52.9,Nickel-plated,1166.59,,23.69,174.89,146.0,,,-8.4,16.8,8.61,,101.878
USW,Copper,Cu,Copper,Cu,170.4,Tin-plated,2312.88,,20.85,839.21,549.9,,,98.6,76.5,6.52,,740.891
USW,StainlessSteel,SS304,Nickel,Ni,85.7,Nickel-plated,1877.56,,56.52,440.2,313.5,,,106.5,58.7,23.66,,459.504
USW,Nickel,Ni,Copper,Cu,46.3,Oxide,1265.31,,17.7,1153.39,232.3,,,32.0,21.3,12.04,,166.099
USW,Aluminum,Al,Aluminum,Al,69.3,Nickel-plated,2137.41,,24.83,825.51,556.3,,,110.7,52.7,7.02,,718.898
USW,Copper,Cu,Aluminum,Al,85.1,Nickel-plated,897.71,,43.82,1129.54,432.3,,,-0.5,50.0,22.83,,275.571
USW,Nickel,Ni,Copper,Cu,143.4,Carbon-coated,1472.12,,52.98,969.98,492.7,,,107.6,50.2,14.3,,551.961
USW,Copper,Cu,Aluminum,Al,136.1,Nickel-plated,1317.84,,45.68,570.65,416.1,,,114.0,67.3,23.64,,395.099
USW,Copper,Cu,Aluminum,Al,47.7,Nickel-plated,1895.59,,22.95,191.3,292.1,,,59.5,77.3,20.1,,328.963
USW,Copper,Cu,Copper,Cu,109.0,Bare,2070.65,,21.3,352.75,459.9,,,106.5,54.1,17.29,,557.04
USW,Aluminum,Al,Aluminum,Al,97.7,Nickel-plated,1498.61,,59.81,188.89,128.0,,,-1.8,47.8,21.52,,153.291
USW,Copper,Cu,Aluminum,Al,176.8,Nickel-plated,2348.51,,21.7,758.31,562.4,,,5.4,66.5,18.24,,775.637
USW,Copper,Cu,Aluminum,Al,232.0,Bare,861.08,,22.75,202.46,253.7,,,75.0,43.0,18.73,,129.541
USW,Aluminum,Al,Aluminum,Al,209.9,Bare,2198.35,,24.93,994.68,313.1,,,12.2,51.4,14.44,,416.53
USW,StainlessSteel,SS304,Nickel,Ni,244.7,Nickel-plated,2272.85,,50.69,952.44,396.5,,,78.2,32.7,6.88,,674.408
USW,Copper,Cu,Aluminum,Al,183.2,Nickel-plated,2451.35,,16.83,254.97,523.7,,,8.4,39.1,13.21,,719.114
USW,Nickel,Ni,Copper,Cu,31.4,Bare,1903.51,,54.91,587.03,503.7,,,-8.0,44.1,5.87,,739.941
USW,Copper,Cu,Copper,Cu,145.1,Nickel-plated,1821.08,,16.69,339.0,349.9,,,16.8,54.8,23.7,,356.495
USW,Copper,Cu,Copper,Cu,31.0,Bare,1660.4,,19.31,530.0,480.6,,,91.7,34.3,6.47,,457.947
USW,Copper,Cu,Aluminum,Al,90.8,Bare,1970.49,,58.59,648.13,188.2,,,90.1,56.2,20.73,,293.704
USW,Copper,Cu,Aluminum,Al,125.6,Bare,2116.82,,16.95,927.44,562.4,,,73.8,30.0,20.91,,667.702
USW,Nickel,Ni,Copper,Cu,226.9,Tin-plated,1251.94,,23.94,860.7,262.8,,,53.1,18.1,16.45,,197.336
USW,Copper,Cu,Aluminum,Al,221.4,Bare,1541.98,,36.8,1085.01,172.5,,,2.7,61.6,8.63,,178.477
USW,Aluminum,Al,Aluminum,Al,188.4,Tin-plated,1004.42,,20.72,876.82,129.8,,,40.4,19.5,24.49,,75.867
USW,Nickel,Ni,Aluminum,Al,105.6,Carbon-coated,2179.09,,43.71,792.1,185.0,,,49.6,22.0,16.68,,285.972
USW,Nickel,Ni,Aluminum,Al,137.6,Anodized,2273.98,,27.56,916.52,468.1,,,1.2,70.0,16.42,,659.723
USW,Copper,Cu,Aluminum,Al,160.2,Bare,610.16,,59.11,192.06,335.3,,,65.3,72.4,16.05,,162.667
USW,Copper,Cu,Aluminum,Al,205.6,Oxide,1081.02,,40.13,163.04,465.9,,,59.0,43.5,13.5,,347.322
USW,Copper,Cu,Aluminum,Al,50.0,Nickel-plated,2006.61,,53.61,934.65,112.2,,,28.5,55.3,10.4,,172.127
USW,Nickel,Ni,Copper,Cu,203.8,Bare,1866.8,,53.72,224.23,546.7,,,103.6,38.4,13.75,,780.868
USW,Copper,Cu,Aluminum,Al,238.1,Nickel-plated,2175.38,,18.64,1074.89,467.9,,,45.4,28.9,20.68,,580.401
USW,Nickel,Ni,Aluminum,Al,54.4,Bare,1331.14,,22.89,736.73,133.5,,,77.7,72.2,17.0,,105.528
USW,Copper,Cu,Aluminum,Al,55.0,Nickel-plated,1760.24,,58.16,370.28,472.5,,,117.6,26.7,23.72,,656.878
USW,Copper,Cu,Aluminum,Al,91.0,Bare,1572.45,,38.7,278.84,454.9,,,24.8,57.6,11.25,,487.619
USW,Aluminum,Al,Aluminum,Al,206.0,Carbon-coated,2481.75,,17.95,1086.5,328.9,,,28.0,53.5,20.98,,462.381
USW,Nickel,Ni,Aluminum,Al,54.1,Bare,1592.66,,54.37,696.72,413.6,,,27.5,77.0,18.64,,506.439
USW,StainlessSteel,SS304,Nickel,Ni,106.3,Nickel-plated,1183.03,,17.83,1065.38,216.2,,,60.4,19.2,17.54,,144.676
USW,Copper,Cu,Copper,Cu,172.1,Bare,1993.73,,52.89,617.52,252.0,,,43.5,34.0,16.46,,382.141
USW,Nickel,Ni,Copper,Cu,136.5,Anodized,694.64,,30.89,628.72,183.2,,,12.3,28.2,20.16,,81.218
USW,Nickel,Ni,Copper,Cu,214.7,Tin-plated,906.97,,25.71,193.21,258.3,,,27.1,78.1,17.99,,142.789
USW,Copper,Cu,Aluminum,Al,37.6,Bare,1345.83,,39.29,320.73,250.8,,,14.0,49.4,11.22,,231.181
USW,Aluminum,Al,Aluminum,Al,130.8,Bare,2076.99,,58.9,497.84,452.7,,,54.9,20.2,4.09,,746.51
USW,Copper,Cu,Aluminum,Al,156.2,Bare,2413.76,,34.89,873.6,465.8,,,112.7,78.6,15.87,,742.682
USW,Copper,Cu,Aluminum,Al,118.4,Oxide,784.96,,17.48,823.38,391.7,,,61.6,31.6,13.37,,173.346
USW,Nickel,Ni,Aluminum,Al,148.5,Nickel-plated,774.75,,38.03,354.17,258.9,,,26.1,11.6,18.1,,135.974
USW,Nickel,Ni,Aluminum,Al,62.5,Oxide,1345.66,,27.81,518.92,588.8,,,108.1,35.3,11.76,,492.131
USW,Copper,Cu,Aluminum,Al,248.4,Oxide,2211.35,,58.67,595.02,548.2,,,84.6,41.1,10.06,,960.85
USW,Aluminum,Al,Aluminum,Al,134.4,Oxide,732.23,,58.2,943.92,144.2,,,1.2,24.5,24.72,,83.431
USW,Nickel,Ni,Aluminum,Al,186.3,Tin-plated,972.01,,32.18,731.56,121.1,,,43.9,48.9,6.88,,75.986
USW,Nickel,Ni,Copper,Cu,132.0,Bare,1125.35,,58.02,1025.96,336.3,,,29.5,49.1,4.05,,298.579
USW,Nickel,Ni,Aluminum,Al,181.3,Bare,1154.43,,59.74,220.06,472.8,,,44.2,44.4,6.51,,435.864
USW,Aluminum,Al,Aluminum,Al,134.7,Tin-plated,1625.05,,40.89,1037.54,181.4,,,102.9,54.0,6.51,,204.553
USW,Copper,Cu,Aluminum,Al,65.9,Bare,2424.21,,31.02,454.35,364.8,,,104.2,19.5,12.81,,565.107
USW,Aluminum,Al,Aluminum,Al,50.8,Tin-plated,2344.89,,52.21,869.22,250.5,,,89.6,22.8,15.42,,444.548
USW,Copper,Cu,Copper,Cu,211.1,Bare,1346.03,,36.82,507.33,555.4,,,2.5,50.6,14.88,,501.792
USW,Copper,Cu,Aluminum,Al,227.4,Nickel-plated,1651.31,,38.94,728.67,478.2,,,18.7,23.2,21.46,,539.3
USW,Aluminum,Al,Aluminum,Al,233.2,Nickel-plated,1325.14,,51.77,1084.21,398.8,,,-0.1,67.3,10.54,,398.624
USW,Copper,Cu,Aluminum,Al,209.2,Bare,884.72,,25.2,281.61,165.1,,,82.3,12.0,21.99,,88.616
USW,Copper,Cu,Copper,Cu,200.4,Tin-plated,815.63,,50.69,689.15,129.6,,,91.9,15.4,4.89,,79.116
USW,Copper,Cu,Aluminum,Al,196.0,Oxide,1010.8,,55.55,344.02,275.8,,,-1.4,56.7,23.32,,216.11
USW,Nickel,Ni,Copper,Cu,106.5,Bare,2057.11,,25.88,748.75,149.6,,,112.4,76.4,14.51,,187.804
USW,Copper,Cu,Aluminum,Al,92.0,Carbon-coated,2547.16,,19.44,374.72,352.1,,,18.2,23.4,15.28,,515.393
USW,Copper,Cu,Aluminum,Al,240.7,Bare,1359.23,,24.64,388.93,156.4,,,66.6,40.8,11.45,,128.327
USW,Copper,Cu,Aluminum,Al,197.7,Tin-plated,681.22,,29.77,271.51,241.8,,,4.3,19.5,15.7,,104.109
USW,Copper,Cu,Aluminum,Al,151.9,Bare,977.57,,18.13,1033.11,337.8,,,116.9,41.1,21.96,,187.391
USW,Copper,Cu,Aluminum,Al,53.1,Nickel-plated,770.01,,21.45,570.66,395.3,,,119.8,44.4,17.83,,178.312
USW,Nickel,Ni,Aluminum,Al,244.5,Bare,2581.32,,20.52,1030.01,462.6,,,117.1,14.5,16.49,,693.414
USW,Nickel,Ni,Copper,Cu,203.7,Tin-plated,1551.65,,42.14,574.67,342.3,,,65.6,29.1,12.4,,372.175
USW,Nickel,Ni,Copper,Cu,139.4,Tin-plated,799.21,,17.38,221.64,439.1,,,4.0,27.5,6.83,,197.628
USW,Copper,Cu,Aluminum,Al,166.8,Bare,2103.22,,49.54,982.37,201.0,,,78.3,20.7,5.61,,313.58
USW,Aluminum,Al,Aluminum,Al,219.1,Nickel-plated,663.2,,34.37,1110.69,291.8,,,24.0,34.1,24.0,,127.266
USW,Copper,Cu,Aluminum,Al,152.5,Oxide,2012.12,,37.12,291.21,457.9,,,49.8,12.3,10.36,,619.896
USW,Copper,Cu,Aluminum,Al,180.8,Nickel-plated,2308.7,,37.8,560.95,347.3,,,77.8,56.2,13.99,,542.635
USW,Copper,Cu,Copper,Cu,100.5,Bare,2273.87,,30.7,929.16,113.4,,,35.9,78.4,4.95,,164.384
USW,Copper,Cu,Aluminum,Al,108.6,Bare,1095.23,,44.16,772.16,555.2,,,2.7,34.2,17.89,,432.955
USW,Copper,Cu,Aluminum,Al,101.7,Nickel-plated,1736.1,,55.56,429.95,448.0,,,33.9,11.4,22.13,,603.02
USW,StainlessSteel,SS304,Nickel,Ni,156.0,Oxide,1950.22,,30.12,677.91,482.5,,,39.1,37.3,6.1,,596.516
USW,Copper,Cu,Copper,Cu,139.3,Oxide,2280.76,,39.11,451.72,123.8,,,37.2,40.5,20.53,,193.068
USW,Aluminum,Al,Aluminum,Al,50.2,Oxide,1273.68,,18.03,991.24,337.6,,,19.4,62.0,5.99,,243.752
USW,Nickel,Ni,Copper,Cu,206.9,Nickel-plated,1000.15,,33.1,806.21,326.6,,,74.7,31.1,15.34,,212.52
USW,Copper,Cu,Aluminum,Al,219.8,Nickel-plated,2524.23,,48.4,640.66,568.6,,,-7.6,59.2,8.47,,1055.688
USW,Copper,Cu,Copper,Cu,154.5,Tin-plated,1328.55,,21.65,308.0,442.7,,,90.0,40.4,14.97,,345.169
USW,Aluminum,Al,Aluminum,Al,44.2,Bare,2247.42,,44.07,419.27,400.6,,,31.4,68.1,12.66,,640.611
USW,Copper,Cu,Aluminum,Al,212.0,Nickel-plated,1472.27,,44.11,188.85,179.7,,,14.9,27.2,15.76,,188.278
USW,Copper,Cu,Aluminum,Al,68.7,Oxide,1571.68,,15.9,1052.56,142.0,,,94.5,56.1,24.24,,123.829
USW,Nickel,Ni,Aluminum,Al,110.0,Tin-plated,2486.32,,47.59,297.59,156.0,,,107.1,38.5,5.9,,283.492
USW,Nickel,Ni,Aluminum,Al,238.9,Carbon-coated,2369.13,,25.71,278.39,503.3,,,57.9,68.0,9.29,,726.843
USW,Aluminum,Al,Aluminum,Al,81.9,Nickel-plated,950.31,,58.65,611.45,227.2,,,40.7,62.4,7.03,,171.069
USW,Aluminum,Al,Aluminum,Al,99.6,Nickel-plated,2526.63,,54.57,1133.82,281.5,,,38.7,76.4,18.34,,547.557
USW,Nickel,Ni,Copper,Cu,163.3,Oxide,2481.7,,46.08,978.24,219.8,,,-7.3,77.7,17.91,,394.268
USW,Copper,Cu,Aluminum,Al,208.7,Bare,2315.29,,32.48,1105.28,296.5,,,114.6,35.4,22.21,,444.218
USW,Copper,Cu,Aluminum,Al,81.8,Bare,2431.78,,43.41,1073.44,483.4,,,1.7,67.6,22.7,,832.029
USW,Copper,Cu,Aluminum,Al,236.9,Nickel-plated,2282.33,,47.28,1070.6,510.1,,,102.6,67.6,12.67,,849.151
USW,Copper,Cu,Copper,Cu,162.5,Oxide,1506.52,,16.23,204.7,420.8,,,55.8,34.6,19.49,,353.001
USW,Nickel,Ni,Copper,Cu,168.2,Bare,915.64,,38.24,1168.15,515.3,,,7.7,38.0,5.73,,320.424
USW,Nickel,Ni,Copper,Cu,100.3,Nickel-plated,1121.36,,45.94,1018.11,499.8,,,79.1,65.5,19.44,,404.545
USW,Aluminum,Al,Aluminum,Al,237.8,Carbon-coated,2496.22,,56.54,829.46,413.3,,,13.6,71.3,8.71,,805.545
USW,StainlessSteel,SS304,Nickel,Ni,67.1,Nickel-plated,1120.32,,19.01,536.32,573.6,,,15.8,59.1,13.01,,367.759
USW,Nickel,Ni,Copper,Cu,129.8,Tin-plated,2027.13,,23.57,1055.03,491.1,,,46.6,74.4,6.49,,594.913
USW,Aluminum,Al,Aluminum,Al,162.0,Anodized,1954.38,,33.82,578.95,173.0,,,6.9,69.9,9.94,,221.283
USW,Copper,Cu,Aluminum,Al,111.3,Tin-plated,620.64,,20.99,489.41,446.5,,,70.3,73.5,13.62,,161.646
USW,Nickel,Ni,Copper,Cu,86.4,Bare,1265.73,,25.57,1103.64,598.4,,,82.1,61.5,5.23,,461.02
USW,StainlessSteel,SS304,Nickel,Ni,40.0,Bare,1205.01,,32.76,539.45,584.0,,,67.8,62.4,17.01,,456.513
USW,Aluminum,Al,Aluminum,Al,234.7,Oxide,1234.63,,38.87,298.89,158.4,,,23.8,45.3,6.77,,133.512
USW,Copper,Cu,Aluminum,Al,194.5,Carbon-coated,2353.87,,42.58,949.64,231.9,,,103.3,68.4,9.94,,383.834
USW,Nickel,Ni,Aluminum,Al,198.0,Bare,1914.84,,50.92,205.88,174.3,,,31.0,79.6,21.91,,250.184
USW,Copper,Cu,Aluminum,Al,126.0,Anodized,681.58,,31.04,894.48,342.6,,,23.8,59.4,23.47,,149.243
USW,Nickel,Ni,Copper,Cu,50.6,Oxide,936.59,,37.89,436.43,545.4,,,102.7,18.7,7.79,,345.947
USW,Aluminum,Al,Aluminum,Al,155.6,Nickel-plated,2136.51,,45.46,1081.74,113.0,,,116.3,46.8,5.61,,173.611
USW,Copper,Cu,Copper,Cu,239.3,Oxide,762.13,,52.38,842.52,327.0,,,41.2,51.3,7.23,,188.84
USW,Aluminum,Al,Aluminum,Al,174.4,Anodized,2063.09,,48.04,1155.27,384.6,,,-9.2,77.9,10.82,,582.038
USW,Copper,Cu,Aluminum,Al,42.2,Bare,1362.78,,32.95,336.91,582.5,,,73.7,32.6,23.99,,515.779
USW,Copper,Cu,Aluminum,Al,201.5,Bare,1908.13,,20.43,665.39,316.2,,,100.8,21.4,19.8,,350.011
USW,Copper,Cu,Aluminum,Al,176.4,Oxide,1579.25,,54.84,650.26,381.5,,,79.0,19.2,14.77,,464.762
USW,Nickel,Ni,Copper,Cu,125.5,Nickel-plated,1283.49,,35.86,385.44,443.1,,,95.4,53.0,4.85,,378.712
USW,Aluminum,Al,Aluminum,Al,94.0,Nickel-plated,1555.22,,21.69,284.18,551.5,,,71.8,46.7,23.05,,503.559
USW,Aluminum,Al,Aluminum,Al,46.8,Bare,1449.83,,19.25,843.9,384.2,,,28.4,13.3,6.26,,319.553
USW,Copper,Cu,Aluminum,Al,55.1,Tin-plated,964.42,,32.68,237.46,538.4,,,0.6,45.2,7.77,,336.579
USW,Aluminum,Al,Aluminum,Al,167.2,Bare,2342.69,,23.42,344.34,473.5,,,49.1,56.9,24.3,,662.027
USW,Nickel,Ni,Aluminum,Al,31.3,Bare,1554.24,,46.13,1062.22,582.9,,,3.8,47.4,7.61,,654.972
USW,Aluminum,Al,Aluminum,Al,109.4,Tin-plated,1389.99,,28.62,281.34,106.9,,,70.4,78.2,18.5,,93.001
USW,Copper,Cu,Aluminum,Al,76.0,Tin-plated,1471.58,,43.17,979.51,195.5,,,116.2,70.1,17.64,,203.215
USW,Aluminum,Al,Aluminum,Al,66.5,Bare,2527.73,,36.22,1052.79,392.6,,,51.6,11.5,18.75,,662.811
USW,Aluminum,Al,Aluminum,Al,31.7,Tin-plated,2558.97,,53.19,923.93,397.9,,,98.4,13.6,18.97,,776.076
USW,Copper,Cu,Aluminum,Al,160.0,Nickel-plated,2233.38,,36.96,900.0,364.2,,,53.4,44.0,18.25,,546.514
USW,Copper,Cu,Aluminum,Al,121.8,Nickel-plated,2477.93,,30.6,882.39,110.4,,,-1.7,72.5,14.39,,174.181
USW,Copper,Cu,Aluminum,Al,78.3,Carbon-coated,1804.2,,52.91,839.81,165.6,,,34.7,26.2,11.12,,227.225
USW,Nickel,Ni,Copper,Cu,178.1,Tin-plated,2199.51,,53.0,802.93,241.2,,,114.8,68.3,20.72,,403.845
USW,Copper,Cu,Copper,Cu,163.3,Bare,2587.53,,28.66,369.9,123.5,,,6.8,24.0,12.74,,200.057
USW,Nickel,Ni,Aluminum,Al,212.1,Carbon-coated,727.33,,34.38,798.44,160.3,,,36.4,21.1,4.67,,76.698
USW,Copper,Cu,Aluminum,Al,40.3,Oxide,902.36,,46.06,691.16,434.7,,,34.2,34.9,9.62,,283.445
USW,Nickel,Ni,Aluminum,Al,215.2,Bare,1821.15,,50.2,1144.75,511.8,,,46.9,42.0,6.22,,694.896
USW,Copper,Cu,Aluminum,Al,230.4,Bare,1483.04,,37.77,919.18,149.6,,,71.9,71.0,10.13,,150.131
USW,Copper,Cu,Aluminum,Al,126.6,Nickel-plated,1090.63,,51.41,508.39,352.5,,,7.9,69.4,20.15,,289.224
USW,Copper,Cu,Aluminum,Al,176.3,Bare,1443.44,,25.27,991.86,306.7,,,88.1,35.2,19.82,,268.746
USW,Aluminum,Al,Aluminum,Al,109.6,Bare,619.9,,51.28,1140.82,142.4,,,100.8,65.6,7.06,,66.338
USW,StainlessSteel,SS304,Nickel,Ni,197.0,Tin-plated,2405.02,,17.6,813.19,456.7,,,11.4,14.3,17.47,,619.959
USW,Aluminum,Al,Aluminum,Al,179.8,Nickel-plated,2085.4,,55.92,158.3,239.9,,,28.4,38.1,10.39,,388.861
USW,Nickel,Ni,Aluminum,Al,75.1,Nickel-plated,1904.07,,46.39,1082.06,490.8,,,81.0,41.2,20.56,,676.91
USW,Copper,Cu,Aluminum,Al,103.6,Tin-plated,852.01,,59.64,448.12,146.4,,,29.2,12.6,19.54,,99.542
USW,Aluminum,Al,Aluminum,Al,36.1,Oxide,1082.68,,49.84,912.83,593.5,,,88.4,21.2,16.44,,477.758
USW,Copper,Cu,Aluminum,Al,108.0,Bare,849.5,,28.41,923.7,326.6,,,38.5,53.9,17.67,,173.249
USW,Nickel,Ni,Copper,Cu,226.8,Tin-plated,1791.1,,30.77,448.76,492.4,,,118.6,49.6,15.2,,562.303
USW,Copper,Cu,Copper,Cu,84.5,Bare,2245.69,,31.26,252.89,455.8,,,82.9,46.4,16.23,,655.447
USW,Copper,Cu,Aluminum,Al,134.8,Nickel-plated,1652.51,,41.47,694.89,297.4,,,-1.9,72.2,11.76,,342.565
USW,Aluminum,Al,Aluminum,Al,234.8,Nickel-plated,2247.62,,21.5,283.48,455.6,,,45.0,40.8,24.44,,600.13
USW,Nickel,Ni,Copper,Cu,76.8,Nickel-plated,2488.14,,31.62,1149.41,400.8,,,102.2,18.3,19.68,,640.564
USW,Copper,Cu,Aluminum,Al,63.7,Bare,1206.52,,36.87,980.76,171.1,,,64.3,12.8,24.81,,138.593
USW,Copper,Cu,Aluminum,Al,77.4,Oxide,844.66,,30.69,1063.95,308.8,,,106.3,72.2,14.26,,166.184
USW,Aluminum,Al,Aluminum,Al,134.6,Tin-plated,2123.9,,37.71,633.98,325.0,,,107.0,64.7,16.72,,466.702
USW,Nickel,Ni,Aluminum,Al,176.2,Nickel-plated,1390.79,,39.34,1155.98,545.0,,,32.3,66.0,8.89,,519.427
USW,Copper,Cu,Copper,Cu,155.8,Oxide,1722.09,,20.57,737.32,196.2,,,102.6,59.5,18.86,,196.3
USW,Aluminum,Al,Aluminum,Al,71.7,Nickel-plated,840.57,,57.13,338.73,109.5,,,-3.1,49.9,22.83,,72.156
USW,Copper,Cu,Aluminum,Al,127.7,Oxide,1403.6,,17.02,1055.07,111.6,,,81.7,72.1,16.74,,87.939
USW,Aluminum,Al,Aluminum,Al,86.6,Bare,936.31,,21.48,418.33,144.8,,,101.8,32.2,6.09,,79.458
USW,Aluminum,Al,Aluminum,Al,101.6,Bare,1379.88,,29.4,583.46,262.1,,,12.0,53.0,5.23,,227.861
USW,Nickel,Ni,Copper,Cu,195.5,Nickel-plated,2104.78,,32.33,270.84,130.3,,,5.7,24.2,14.35,,177.261
USW,Aluminum,Al,Aluminum,Al,81.4,Carbon-coated,2526.95,,45.38,408.63,377.4,,,52.9,38.5,9.65,,685.39
USW,Copper,Cu,Aluminum,Al,169.9,Bare,1346.61,,59.34,971.12,368.8,,,42.9,15.9,24.33,,395.445
USW,Nickel,Ni,Aluminum,Al,132.2,Oxide,2544.16,,15.02,1130.18,341.1,,,48.7,10.1,10.07,,477.406
USW,Nickel,Ni,Copper,Cu,169.1,Nickel-plated,690.97,,48.26,741.24,250.3,,,39.4,34.6,14.72,,127.092
USW,Copper,Cu,Aluminum,Al,91.5,Nickel-plated,2514.83,,29.32,866.21,271.3,,,8.2,49.0,16.82,,429.572
USW,Nickel,Ni,Copper,Cu,246.3,Bare,1799.03,,15.71,876.44,423.2,,,48.9,27.2,13.66,,421.785
USW,Aluminum,Al,Aluminum,Al,120.9,Carbon-coated,2124.93,,39.22,976.67,424.5,,,107.2,57.1,18.77,,617.542
USW,Copper,Cu,Aluminum,Al,177.9,Bare,2254.93,,31.11,336.05,484.0,,,98.2,57.0,21.07,,697.909
USW,Copper,Cu,Aluminum,Al,127.8,Bare,1162.27,,56.46,525.71,145.0,,,50.2,75.5,4.42,,131.496
USW,Copper,Cu,Aluminum,Al,138.6,Bare,2409.02,,46.81,369.54,198.0,,,83.3,26.4,9.9,,346.721
USW,Copper,Cu,Aluminum,Al,138.7,Nickel-plated,1731.41,,45.71,743.4,132.7,,,103.1,49.8,17.86,,165.539
USW,Copper,Cu,Aluminum,Al,80.2,Nickel-plated,983.7,,45.51,1191.55,446.5,,,23.8,49.9,20.43,,316.014
USW,Copper,Cu,Aluminum,Al,236.3,Tin-plated,703.73,,57.24,604.18,597.6,,,62.8,41.8,23.8,,329.973
USW,Copper,Cu,Copper,Cu,197.0,Carbon-coated,1155.87,,33.9,621.3,102.6,,,50.7,35.3,8.72,,77.664
USW,Copper,Cu,Aluminum,Al,192.2,Anodized,748.88,,26.25,322.71,255.4,,,64.3,11.8,12.9,,117.15
USW,Copper,Cu,Aluminum,Al,160.4,Tin-plated,1100.82,,19.85,400.28,270.4,,,52.4,66.6,11.02,,171.739
USW,Copper,Cu,Aluminum,Al,200.7,Nickel-plated,1850.7,,41.05,239.81,130.3,,,93.2,76.0,20.05,,167.588
USW,Copper,Cu,Aluminum,Al,58.1,Carbon-coated,1202.94,,43.18,219.08,438.8,,,100.2,14.6,13.28,,372.936
USW,Copper,Cu,Aluminum,Al,195.4,Bare,1919.45,,15.48,553.12,497.6,,,39.6,16.7,16.59,,527.828
USW,Copper,Cu,Copper,Cu,202.2,Nickel-plated,984.96,,19.62,774.93,133.8,,,34.2,75.6,10.89,,75.851
USW,Copper,Cu,Aluminum,Al,86.4,Nickel-plated,1489.25,,25.94,986.88,130.2,,,64.5,54.6,19.22,,118.473
USW,Aluminum,Al,Aluminum,Al,98.5,Carbon-coated,894.82,,28.89,510.05,284.4,,,114.8,62.8,20.29,,159.614
USW,Aluminum,Al,Aluminum,Al,141.6,Oxide,1444.12,,23.79,360.39,554.3,,,78.2,14.0,22.03,,479.324
USW,Copper,Cu,Aluminum,Al,246.0,Nickel-plated,1756.82,,58.34,796.91,309.3,,,76.8,58.6,10.95,,429.757
USW,Aluminum,Al,Aluminum,Al,78.3,Bare,1060.55,,43.08,400.97,467.3,,,92.6,13.0,8.68,,349.874
USW,Copper,Cu,Aluminum,Al,70.5,Anodized,747.46,,16.35,270.95,245.3,,,86.2,24.4,11.62,,102.215
USW,Aluminum,Al,Aluminum,Al,36.5,Bare,2370.76,,47.35,506.81,377.3,,,89.5,13.1,7.66,,652.635
USW,Copper,Cu,Aluminum,Al,34.6,Tin-plated,2174.83,,19.99,1132.92,252.5,,,99.6,73.7,11.96,,317.309
USW,Nickel,Ni,Copper,Cu,245.0,Anodized,2356.78,,17.94,301.65,562.1,,,75.9,75.9,22.51,,750.231
USW,Copper,Cu,Aluminum,Al,161.9,Anodized,692.39,,42.72,348.56,367.7,,,39.2,36.2,9.14,,179.251
USW,Copper,Cu,Aluminum,Al,222.0,Oxide,2371.67,,24.42,235.48,335.3,,,-3.1,65.7,24.34,,479.017
USW,Copper,Cu,Aluminum,Al,171.9,Nickel-plated,1528.53,,29.48,542.57,447.3,,,56.1,62.6,14.47,,431.008
USW,Aluminum,Al,Aluminum,Al,232.7,Nickel-plated,1039.05,,24.14,1056.33,297.9,,,24.9,38.1,4.77,,185.984
USW,Nickel,Ni,Aluminum,Al,112.3,Nickel-plated,768.06,,35.0,519.15,392.0,,,64.3,75.5,6.82,,199.041
USW,Copper,Cu,Copper,Cu,120.0,Oxide,1364.74,,23.08,395.48,422.7,,,45.4,42.7,10.66,,343.16
USW,Copper,Cu,Aluminum,Al,171.6,Oxide,796.82,,18.21,190.2,200.2,,,99.5,45.9,23.46,,90.562
USW,Copper,Cu,Aluminum,Al,180.4,Bare,2595.99,,59.93,940.0,469.9,,,29.4,67.1,18.82,,975.421
USW,Copper,Cu,Aluminum,Al,202.3,Nickel-plated,1759.91,,44.49,645.6,356.3,,,28.9,67.6,12.52,,447.638
USW,Copper,Cu,Aluminum,Al,194.8,Nickel-plated,2171.95,,49.09,908.64,330.7,,,41.7,25.9,14.83,,531.089
USW,Copper,Cu,Aluminum,Al,183.5,Bare,1716.89,,31.86,756.38,164.2,,,14.4,63.9,13.45,,181.431
USW,Copper,Cu,Aluminum,Al,104.8,Nickel-plated,1406.74,,50.04,714.48,263.0,,,95.4,68.4,18.4,,275.545
USW,Nickel,Ni,Copper,Cu,239.6,Bare,1806.01,,42.35,1060.29,590.1,,,109.9,20.8,17.23,,748.077
USW,Copper,Cu,Aluminum,Al,53.9,Nickel-plated,2389.49,,19.2,259.53,376.5,,,59.5,23.2,13.48,,515.71
USW,Copper,Cu,Copper,Cu,45.3,Anodized,1066.08,,44.68,223.48,128.7,,,53.5,23.1,9.96,,98.107
USW,Copper,Cu,Aluminum,Al,64.5,Bare,1556.5,,18.09,1152.85,532.8,,,101.8,38.8,15.27,,470.418
USW,Copper,Cu,Aluminum,Al,134.5,Nickel-plated,1774.98,,37.61,869.08,237.7,,,46.2,59.7,23.72,,285.077
USW,Copper,Cu,Aluminum,Al,207.7,Nickel-plated,2358.48,,35.71,754.94,468.6,,,-1.7,37.9,23.12,,735.074
USW,Nickel,Ni,Aluminum,Al,186.6,Bare,2219.97,,22.88,411.59,550.0,,,49.3,59.0,16.87,,724.974
USW,Aluminum,Al,Aluminum,Al,155.1,Bare,1079.39,,54.17,437.47,414.0,,,108.4,22.8,23.86,,343.066
USW,Nickel,Ni,Aluminum,Al,77.8,Nickel-plated,1705.65,,59.79,230.36,152.6,,,80.7,60.6,24.84,,207.937
USW,Copper,Cu,Aluminum,Al,141.3,Nickel-plated,1988.97,,48.74,550.21,473.0,,,48.6,27.7,5.54,,693.735
USW,Copper,Cu,Aluminum,Al,231.8,Bare,1569.52,,18.07,725.85,221.1,,,-8.6,18.0,19.72,,196.823
USW,Copper,Cu,Aluminum,Al,67.5,Bare,1188.29,,39.06,560.39,138.8,,,96.7,68.9,6.11,,112.754
USW,Copper,Cu,Copper,Cu,77.7,Bare,1032.33,,46.35,1028.33,505.8,,,10.0,35.1,18.18,,378.103
USW,Nickel,Ni,Copper,Cu,97.8,Bare,2144.82,,49.52,1125.26,287.3,,,106.6,37.3,4.1,,457.124
USW,Copper,Cu,Aluminum,Al,104.2,Bare,1041.14,,54.7,986.77,515.2,,,44.8,79.3,18.05,,413.35
USW,Copper,Cu,Aluminum,Al,102.0,Nickel-plated,1014.24,,39.38,1135.87,160.4,,,44.0,17.5,7.98,,111.509
USW,Copper,Cu,Aluminum,Al,99.6,Bare,732.03,,51.68,832.44,284.5,,,12.6,38.1,13.63,,156.977
USW,Copper,Cu,Aluminum,Al,246.3,Bare,2581.06,,53.27,330.03,579.5,,,29.2,51.9,15.26,,1140.699
USW,StainlessSteel,SS304,Nickel,Ni,243.9,Tin-plated,1870.71,,54.78,483.87,525.8,,,80.5,57.5,10.97,,758.328
USW,Copper,Cu,Aluminum,Al,114.1,Tin-plated,1774.94,,59.48,394.24,408.2,,,69.1,51.0,8.88,,577.483
USW,Copper,Cu,Aluminum,Al,166.3,Bare,1193.23,,21.83,364.6,119.0,,,85.9,63.0,11.86,,83.448
USW,Aluminum,Al,Aluminum,Al,102.3,Bare,2120.99,,38.44,1176.45,424.0,,,113.0,61.7,17.52,,611.753
USW,Copper,Cu,Aluminum,Al,83.3,Nickel-plated,1930.01,,26.18,871.72,459.8,,,100.1,33.2,23.04,,543.118
USW,Copper,Cu,Aluminum,Al,31.3,Oxide,984.93,,43.55,298.61,202.1,,,31.8,41.0,5.47,,141.055
USW,Aluminum,Al,Aluminum,Al,82.0,Bare,1222.93,,47.48,407.17,188.2,,,98.1,75.2,19.22,,168.125
USW,Copper,Cu,Aluminum,Al,89.8,Oxide,2545.11,,32.92,326.15,320.7,,,48.3,54.5,5.68,,530.163
USW,Nickel,Ni,Copper,Cu,204.6,Bare,2308.08,,49.15,1117.61,397.6,,,88.8,67.4,12.01,,678.818
USW,Nickel,Ni,Copper,Cu,129.8,Bare,743.88,,21.15,642.72,177.4,,,23.4,42.5,16.73,,77.072
USW,Copper,Cu,Aluminum,Al,138.1,Carbon-coated,2540.99,,31.79,664.03,420.5,,,55.1,60.8,23.75,,687.381
USW,Aluminum,Al,Aluminum,Al,114.7,Nickel-plated,1472.6,,26.49,1108.74,461.1,,,-5.0,74.5,8.08,,416.809
USW,Aluminum,Al,Aluminum,Al,173.2,Carbon-coated,1084.71,,16.55,1003.78,415.5,,,79.5,58.8,19.45,,251.756
USW,Copper,Cu,Copper,Cu,130.2,Tin-plated,1804.3,,57.83,1033.59,106.2,,,73.9,28.3,9.34,,150.939
USW,Copper,Cu,Copper,Cu,159.0,Carbon-coated,977.65,,34.03,1021.24,226.4,,,109.2,37.8,14.89,,145.163
USW,StainlessSteel,SS304,Nickel,Ni,97.8,Nickel-plated,2055.3,,19.0,817.99,488.3,,,75.6,36.8,22.4,,574.335
USW,Copper,Cu,Aluminum,Al,117.6,Bare,2232.78,,15.07,223.33,448.2,,,87.3,75.1,24.73,,550.746
USW,Copper,Cu,Copper,Cu,112.4,Tin-plated,963.97,,57.68,623.19,507.2,,,85.3,21.9,8.16,,384.832
USW,Copper,Cu,Aluminum,Al,87.1,Carbon-coated,1853.67,,43.1,1061.78,183.1,,,13.8,63.1,12.58,,239.609
USW,Copper,Cu,Aluminum,Al,158.8,Nickel-plated,801.62,,17.75,939.39,103.6,,,26.0,34.0,18.13,,46.95
USW,StainlessSteel,SS304,Nickel,Ni,31.6,Nickel-plated,2122.73,,56.95,646.89,268.5,,,2.6,46.6,24.72,,446.316
USW,Copper,Cu,Aluminum,Al,209.7,Carbon-coated,1356.87,,17.58,523.83,265.1,,,105.7,80.0,17.97,,203.007
USW,Aluminum,Al,Aluminum,Al,225.4,Bare,2338.01,,27.58,884.23,507.5,,,80.8,60.8,16.64,,735.535
USW,Copper,Cu,Copper,Cu,120.9,Bare,2515.09,,51.57,167.46,280.1,,,75.7,43.3,24.71,,530.586
USW,Nickel,Ni,Copper,Cu,163.5,Nickel-plated,762.74,,34.26,1128.06,565.4,,,32.3,41.1,16.86,,283.335
USW,Nickel,Ni,Aluminum,Al,94.6,Bare,1640.11,,40.74,1049.64,352.3,,,107.7,61.4,7.01,,400.428
USW,Nickel,Ni,Copper,Cu,150.7,Oxide,1492.57,,20.21,845.77,220.5,,,29.2,57.1,7.53,,190.487
USW,Nickel,Ni,Copper,Cu,125.7,Tin-plated,2457.93,,55.62,954.62,210.2,,,75.8,16.3,7.36,,400.729
USW,Aluminum,Al,Aluminum,Al,59.9,Nickel-plated,780.88,,46.13,1065.54,565.9,,,106.7,18.6,19.23,,319.466
USW,Copper,Cu,Copper,Cu,187.8,Tin-plated,1884.2,,40.29,1048.95,504.2,,,73.7,36.4,12.01,,655.993
USW,Copper,Cu,Aluminum,Al,192.9,Carbon-coated,832.21,,31.55,1046.0,577.0,,,1.4,16.2,19.64,,308.267
USW,Copper,Cu,Aluminum,Al,216.4,Anodized,1330.05,,45.57,986.39,359.9,,,-2.0,47.5,10.71,,344.546
USW,Copper,Cu,Aluminum,Al,131.3,Bare,2274.43,,37.49,628.57,400.7,,,41.4,47.7,23.8,,615.184
USW,Copper,Cu,Copper,Cu,161.8,Bare,846.93,,59.86,891.85,339.1,,,94.2,59.2,24.8,,229.556
USW,Aluminum,Al,Aluminum,Al,245.9,Bare,1021.23,,47.97,1000.94,450.2,,,81.5,36.4,21.39,,337.08
USW,Nickel,Ni,Aluminum,Al,116.2,Anodized,2297.04,,59.6,725.34,268.7,,,13.3,44.1,17.84,,492.401
USW,StainlessSteel,SS304,Nickel,Ni,146.1,Bare,990.18,,53.53,563.46,165.5,,,88.5,37.4,18.62,,125.174
USW,Aluminum,Al,Aluminum,Al,186.1,Nickel-plated,875.12,,46.32,455.64,172.4,,,94.7,69.5,7.44,,109.236
USW,Nickel,Ni,Copper,Cu,189.7,Nickel-plated,2576.97,,21.64,1147.92,313.6,,,85.6,10.6,18.24,,474.23
USW,Nickel,Ni,Aluminum,Al,69.5,Bare,1900.2,,41.7,1168.21,413.5,,,2.5,78.2,24.59,,548.695
USW,Copper,Cu,Aluminum,Al,181.4,Anodized,1350.74,,46.13,985.09,429.3,,,21.3,44.2,17.71,,419.18
USW,Nickel,Ni,Aluminum,Al,173.7,Bare,765.27,,37.01,852.23,354.9,,,74.5,29.3,6.52,,182.582
USW,Aluminum,Al,Aluminum,Al,194.0,Oxide,1568.38,,44.01,605.34,385.7,,,64.4,29.2,7.8,,430.205
USW,Copper,Cu,Aluminum,Al,70.7,Oxide,1712.12,,39.14,1002.81,344.3,,,108.2,65.7,4.41,,403.246
USW,Aluminum,Al,Aluminum,Al,57.3,Tin-plated,2395.2,,23.13,779.06,190.0,,,82.8,65.3,24.28,,270.809
USW,Nickel,Ni,Copper,Cu,75.4,Bare,2302.9,,16.58,1178.92,353.1,,,6.0,19.0,15.81,,454.318
USW,Aluminum,Al,Aluminum,Al,30.0,Bare,1638.89,,50.23,842.12,322.5,,,45.0,76.2,23.87,,394.084
USW,Copper,Cu,Copper,Cu,107.5,Nickel-plated,798.02,,51.89,398.96,194.0,,,57.9,79.0,8.41,,116.899
USW,Nickel,Ni,Copper,Cu,77.5,Bare,1844.63,,18.35,417.72,290.9,,,114.5,52.2,6.7,,305.097
USW,Aluminum,Al,Aluminum,Al,123.6,Tin-plated,741.12,,47.97,1195.13,448.4,,,0.8,27.8,15.25,,243.645
USW,Copper,Cu,Aluminum,Al,163.1,Nickel-plated,2584.9,,34.51,177.21,401.8,,,75.5,67.4,7.22,,683.835
USW,Copper,Cu,Aluminum,Al,44.5,Tin-plated,1267.03,,27.3,1062.3,212.9,,,4.3,48.4,11.62,,166.778
USW,Copper,Cu,Aluminum,Al,53.1,Carbon-coated,2056.65,,28.79,1012.41,344.8,,,115.9,36.5,7.69,,444.382
USW,Nickel,Ni,Copper,Cu,163.6,Carbon-coated,2493.02,,32.53,512.43,470.6,,,102.5,48.6,7.59,,759.607
USW,Aluminum,Al,Aluminum,Al,134.9,Bare,1627.13,,22.0,282.69,289.4,,,67.3,69.5,4.2,,277.296
USW,Copper,Cu,Aluminum,Al,185.7,Bare,2013.57,,23.24,1185.56,499.2,,,84.3,78.2,16.78,,598.901
USW,Copper,Cu,Aluminum,Al,223.9,Oxide,2315.84,,57.64,576.84,256.4,,,45.6,75.9,10.41,,467.168
USW,Copper,Cu,Aluminum,Al,66.3,Bare,1708.32,,37.18,1068.07,581.1,,,84.9,76.1,19.61,,668.282
USW,Aluminum,Al,Aluminum,Al,143.3,Anodized,1995.76,,33.25,797.1,555.4,,,85.0,43.6,22.65,,722.063
USW,Nickel,Ni,Copper,Cu,83.7,Tin-plated,2246.73,,54.61,704.52,404.6,,,81.3,62.5,23.97,,700.02
USW,StainlessSteel,SS304,Nickel,Ni,145.2,Bare,2278.82,,38.12,1150.11,311.4,,,77.7,71.7,5.58,,481.364
USW,Copper,Cu,Aluminum,Al,84.9,Nickel-plated,835.73,,28.46,458.22,206.5,,,4.7,74.0,20.09,,107.843
USW,Aluminum,Al,Aluminum,Al,235.3,Tin-plated,670.86,,35.84,798.64,344.1,,,18.3,31.3,21.34,,153.701
USW,Copper,Cu,Copper,Cu,31.1,Carbon-coated,1309.06,,19.56,666.65,142.4,,,32.7,34.8,7.91,,107.227
USW,Copper,Cu,Aluminum,Al,64.2,Tin-plated,1390.72,,28.47,599.76,191.1,,,6.1,44.1,8.75,,166.049
USW,Copper,Cu,Aluminum,Al,65.6,Bare,1318.47,,54.17,358.39,194.8,,,47.0,68.8,13.11,,197.14
USW,Copper,Cu,Aluminum,Al,65.3,Bare,1930.49,,26.96,592.15,375.1,,,86.7,73.1,14.07,,446.342
USW,Nickel,Ni,Copper,Cu,224.0,Nickel-plated,2286.13,,32.5,265.22,153.9,,,32.2,63.5,23.39,,227.771
USW,Copper,Cu,Aluminum,Al,82.0,Tin-plated,2552.88,,48.18,606.04,244.7,,,55.0,63.7,11.18,,458.808
USW,Nickel,Ni,Copper,Cu,142.5,Bare,2328.33,,59.74,409.72,510.3,,,22.2,20.7,20.1,,948.822
USW,Nickel,Ni,Copper,Cu,140.5,Bare,1782.39,,43.55,390.85,166.1,,,95.3,59.1,24.84,,209.851
USW,StainlessSteel,SS304,Nickel,Ni,165.6,Bare,1414.59,,28.79,814.98,215.7,,,110.8,39.8,5.07,,191.209
USW,Aluminum,Al,Aluminum,Al,96.9,Bare,1302.05,,33.81,485.83,123.8,,,56.3,55.1,9.89,,105.486
USW,Copper,Cu,Aluminum,Al,133.9,Carbon-coated,969.68,,57.67,531.76,252.2,,,86.8,24.8,6.12,,192.467
USW,Copper,Cu,Aluminum,Al,102.9,Tin-plated,2157.62,,38.8,540.17,425.1,,,61.7,70.3,11.59,,625.766
USW,Copper,Cu,Aluminum,Al,193.4,Bare,2424.35,,44.45,349.96,452.3,,,105.3,19.1,16.32,,782.527
USW,Copper,Cu,Aluminum,Al,189.6,Anodized,2041.54,,16.97,351.29,375.2,,,61.1,34.0,8.24,,429.736
USW,Nickel,Ni,Aluminum,Al,244.5,Carbon-coated,2034.65,,55.99,221.09,309.5,,,100.9,73.5,13.42,,489.748
USW,Aluminum,Al,Aluminum,Al,183.3,Bare,1732.35,,50.75,878.49,470.4,,,-7.2,51.9,4.95,,609.975
USW,Copper,Cu,Copper,Cu,66.4,Tin-plated,2158.74,,33.04,435.07,192.0,,,103.1,78.0,12.07,,269.546
USW,Copper,Cu,Aluminum,Al,203.9,Nickel-plated,1650.15,,28.65,381.35,454.1,,,80.6,71.5,18.86,,468.999
USW,Copper,Cu,Aluminum,Al,38.6,Bare,2454.5,,27.17,980.15,421.2,,,-4.1,26.7,22.56,,638.515
USW,Nickel,Ni,Copper,Cu,106.4,Nickel-plated,766.49,,46.75,726.74,461.0,,,59.5,10.1,11.75,,256.686
USW,Copper,Cu,Copper,Cu,209.5,Oxide,2530.45,,22.95,1170.18,368.7,,,32.2,14.0,8.6,,554.352
USW,Nickel,Ni,Copper,Cu,194.1,Bare,2340.05,,43.54,728.42,508.4,,,91.5,17.5,17.73,,843.02
USW,Copper,Cu,Aluminum,Al,195.6,Bare,2052.57,,31.59,1097.28,146.8,,,65.6,66.5,8.87,,193.554
USW,Copper,Cu,Aluminum,Al,137.9,Tin-plated,642.09,,22.33,336.62,297.1,,,102.1,23.2,17.6,,112.691
USW,Copper,Cu,Aluminum,Al,230.0,Anodized,1653.56,,47.7,998.39,401.6,,,-0.6,27.2,6.1,,485.95
USW,Copper,Cu,Aluminum,Al,171.8,Bare,767.19,,21.42,808.75,106.7,,,97.5,63.4,9.22,,47.963
USW,StainlessSteel,SS304,Nickel,Ni,104.4,Tin-plated,1560.85,,40.33,616.54,181.6,,,3.8,61.5,8.25,,195.753
USW,Copper,Cu,Aluminum,Al,168.0,Bare,805.63,,28.35,687.12,518.2,,,-2.7,58.4,21.32,,260.604
USW,Nickel,Ni,Aluminum,Al,62.4,Tin-plated,2357.98,,32.31,1078.44,511.4,,,-6.9,39.9,8.74,,779.205
USW,Copper,Cu,Aluminum,Al,240.3,Bare,836.7,,56.55,1115.87,547.8,,,4.3,17.1,16.93,,357.885
USW,Copper,Cu,Aluminum,Al,179.5,Bare,1203.13,,51.79,515.8,152.0,,,59.0,52.0,18.01,,137.924
USW,Copper,Cu,Copper,Cu,186.5,Bare,2466.19,,21.69,838.65,260.1,,,111.3,66.8,4.05,,376.678
USW,Nickel,Ni,Copper,Cu,44.8,Nickel-plated,1156.95,,19.07,1194.51,190.9,,,92.1,43.5,24.15,,126.492
USW,Copper,Cu,Aluminum,Al,121.1,Oxide,2204.28,,44.43,408.2,309.3,,,45.1,58.5,11.0,,486.492
USW,Aluminum,Al,Aluminum,Al,114.6,Nickel-plated,1755.75,,46.21,935.7,451.5,,,59.2,67.5,12.86,,573.495
USW,Copper,Cu,Aluminum,Al,152.8,Anodized,719.15,,30.72,1041.19,533.4,,,119.2,11.2,23.34,,244.474
USW,Copper,Cu,Aluminum,Al,243.8,Carbon-coated,2255.64,,17.51,294.69,581.0,,,8.7,69.7,9.09,,739.127
USW,Copper,Cu,Aluminum,Al,111.8,Tin-plated,747.54,,52.68,1064.0,115.1,,,-6.6,77.5,17.92,,65.333
USW,Copper,Cu,Aluminum,Al,209.0,Bare,2087.12,,48.66,883.49,249.8,,,0.0,49.8,7.83,,384.186
USW,Copper,Cu,Aluminum,Al,93.1,Bare,664.24,,48.8,678.46,105.4,,,91.6,58.7,22.5,,51.669
USW,Copper,Cu,Copper,Cu,212.5,Carbon-coated,2018.71,,34.07,314.64,586.6,,,103.9,48.8,14.54,,776.668
USW,StainlessSteel,SS304,Nickel,Ni,166.2,Bare,2091.99,,40.17,1033.8,508.3,,,6.3,24.8,7.86,,733.501
USW,Copper,Cu,Aluminum,Al,66.3,Oxide,989.46,,19.88,231.7,401.6,,,73.4,67.9,17.58,,229.318
USW,Copper,Cu,Aluminum,Al,44.4,Nickel-plated,1218.24,,39.83,820.31,116.2,,,26.7,47.9,19.89,,97.368
USW,StainlessSteel,SS304,Nickel,Ni,203.8,Bare,2487.02,,15.38,524.48,241.2,,,63.4,49.5,10.61,,331.201
USW,Copper,Cu,Aluminum,Al,244.2,Tin-plated,1414.57,,48.37,256.05,503.7,,,87.7,60.8,6.04,,524.01
USW,Aluminum,Al,Aluminum,Al,217.4,Bare,1526.21,,54.83,247.96,459.2,,,39.7,51.0,7.18,,540.593
USW,Nickel,Ni,Copper,Cu,65.4,Anodized,2057.44,,44.31,1126.74,270.7,,,75.0,63.8,14.84,,397.032
USW,Copper,Cu,Aluminum,Al,124.8,Carbon-coated,1375.27,,24.4,790.91,137.5,,,36.8,69.9,20.26,,113.876
USW,Copper,Cu,Copper,Cu,61.4,Oxide,2537.89,,50.17,241.53,147.1,,,54.7,66.3,15.49,,278.18
USW,Nickel,Ni,Aluminum,Al,109.9,Bare,2143.88,,26.61,646.92,228.0,,,11.0,29.6,7.76,,300.381
USW,Copper,Cu,Copper,Cu,155.1,Bare,1401.88,,53.57,1113.0,164.5,,,8.3,18.7,22.04,,176.235
USW,Nickel,Ni,Copper,Cu,180.1,Nickel-plated,2351.07,,45.72,801.64,421.9,,,113.8,36.2,9.52,,714.871
USW,Copper,Cu,Aluminum,Al,217.7,Bare,1398.56,,18.28,557.63,331.1,,,96.8,10.6,7.32,,263.165
USW,Aluminum,Al,Aluminum,Al,132.3,Bare,2434.92,,56.51,956.63,199.7,,,73.5,73.0,19.37,,379.648
USW,Copper,Cu,Aluminum,Al,184.5,Nickel-plated,676.56,,22.01,643.47,420.1,,,119.5,44.0,9.85,,167.393
USW,Copper,Cu,Aluminum,Al,236.0,Bare,1546.82,,17.43,1061.42,576.3,,,68.1,36.6,13.03,,502.359
USW,Copper,Cu,Aluminum,Al,45.2,Nickel-plated,2024.41,,54.21,701.02,434.8,,,72.6,15.9,10.27,,675.883
USW,Nickel,Ni,Copper,Cu,105.2,Tin-plated,1298.55,,33.86,649.27,444.4,,,2.0,73.1,7.46,,377.869
USW,Copper,Cu,Copper,Cu,115.6,Bare,1794.26,,18.5,851.36,408.3,,,36.1,58.5,20.44,,417.133
USW,StainlessSteel,SS304,Nickel,Ni,192.1,Bare,1517.32,,21.64,1057.52,156.8,,,112.1,62.0,7.16,,139.629
USW,Aluminum,Al,Aluminum,Al,129.1,Oxide,1498.66,,58.63,252.32,209.3,,,57.7,10.3,6.64,,248.554
USW,Aluminum,Al,Aluminum,Al,113.1,Bare,2543.49,,40.96,165.09,506.9,,,61.0,21.6,24.0,,895.022
USW,Nickel,Ni,Aluminum,Al,183.8,Tin-plated,1420.77,,30.85,719.59,361.6,,,55.3,70.7,13.58,,327.787
USW,Copper,Cu,Aluminum,Al,68.9,Nickel-plated,1363.13,,53.03,872.98,318.7,,,12.9,40.0,15.4,,330.767
USW,Copper,Cu,Copper,Cu,249.0,Oxide,1899.25,,42.73,581.84,348.2,,,110.3,70.0,6.18,,465.615
USW,Nickel,Ni,Aluminum,Al,157.9,Bare,1441.28,,25.03,627.36,290.5,,,3.0,41.1,10.09,,253.645
USW,Aluminum,Al,Aluminum,Al,231.1,Nickel-plated,2007.67,,48.35,157.99,287.3,,,6.2,77.7,21.23,,424.149
USW,Copper,Cu,Aluminum,Al,214.5,Oxide,1083.11,,55.51,585.28,107.8,,,104.3,28.5,12.71,,90.464
USW,Copper,Cu,Aluminum,Al,162.0,Bare,2585.66,,25.88,1172.16,196.3,,,96.2,67.4,24.14,,309.894
USW,Nickel,Ni,Copper,Cu,58.4,Tin-plated,947.43,,55.69,693.14,318.7,,,94.2,50.4,24.52,,234.325
USW,Nickel,Ni,Copper,Cu,202.5,Oxide,1120.46,,39.88,1146.14,201.9,,,55.6,54.2,17.17,,155.677
USW,Aluminum,Al,Aluminum,Al,36.1,Tin-plated,757.55,,32.21,929.46,165.3,,,71.8,51.5,23.33,,80.831
USW,Copper,Cu,Copper,Cu,227.5,Bare,1090.51,,50.1,975.35,485.2,,,36.6,26.8,15.24,,394.191
USW,Copper,Cu,Aluminum,Al,170.4,Nickel-plated,1518.26,,41.82,262.43,241.2,,,111.5,53.9,6.17,,256.0
USW,Copper,Cu,Aluminum,Al,214.4,Bare,643.91,,18.31,1157.18,138.2,,,54.3,35.3,14.31,,50.565
USW,Copper,Cu,Aluminum,Al,207.9,Bare,957.35,,40.53,786.99,115.7,,,30.8,73.6,4.21,,76.647
USW,StainlessSteel,SS304,Nickel,Ni,150.2,Bare,2453.17,,23.68,181.03,111.5,,,52.9,53.0,19.58,,163.656
USW,Copper,Cu,Aluminum,Al,77.7,Bare,2055.49,,57.29,430.97,340.8,,,102.7,18.0,8.61,,549.854
USW,Copper,Cu,Aluminum,Al,193.9,Nickel-plated,1399.88,,23.69,331.61,443.5,,,61.7,30.6,14.77,,371.455
USW,Copper,Cu,Aluminum,Al,198.6,Bare,2507.52,,36.95,1077.0,311.9,,,41.1,50.9,20.68,,525.483
USW,Nickel,Ni,Copper,Cu,124.4,Nickel-plated,1865.4,,17.89,325.61,116.9,,,71.0,52.5,11.85,,123.418
USW,Aluminum,Al,Aluminum,Al,171.9,Anodized,659.88,,23.1,488.82,495.4,,,28.2,67.9,11.4,,194.519
USW,Copper,Cu,Aluminum,Al,201.5,Bare,621.8,,29.8,638.65,497.6,,,75.4,36.0,10.69,,195.621
USW,Aluminum,Al,Aluminum,Al,146.0,Bare,1815.81,,54.75,1052.91,137.4,,,40.1,52.1,9.84,,192.335
USW,Aluminum,Al,Aluminum,Al,100.4,Bare,1597.3,,59.56,592.3,162.0,,,88.3,32.2,20.86,,206.439
USW,Copper,Cu,Aluminum,Al,92.7,Tin-plated,2575.91,,56.02,448.58,520.8,,,39.8,50.3,21.98,,1043.636
USW,Nickel,Ni,Aluminum,Al,171.9,Bare,2205.03,,47.55,438.41,476.8,,,109.3,12.7,6.0,,768.42
USW,Aluminum,Al,Aluminum,Al,116.5,Tin-plated,2297.34,,58.52,277.48,287.0,,,30.7,52.9,13.55,,521.971
USW,Copper,Cu,Aluminum,Al,53.1,Bare,1471.36,,22.66,350.72,551.1,,,-3.8,10.7,18.44,,480.512
USW,Nickel,Ni,Aluminum,Al,221.0,Bare,821.61,,57.62,228.79,264.7,,,118.6,75.4,20.48,,171.087
USW,Nickel,Ni,Copper,Cu,60.3,Nickel-plated,2323.79,,48.89,1082.19,582.9,,,25.1,21.9,6.65,,1000.03
USW,Aluminum,Al,Aluminum,Al,157.1,Tin-plated,1243.82,,47.89,387.12,231.9,,,5.9,46.9,24.5,,211.352
USW,Copper,Cu,Aluminum,Al,175.1,Tin-plated,756.03,,58.73,213.28,106.6,,,62.6,71.1,8.32,,63.884
USW,Nickel,Ni,Copper,Cu,75.9,Nickel-plated,2316.92,,49.22,477.42,327.0,,,14.4,17.3,15.08,,560.759
USW,Aluminum,Al,Aluminum,Al,110.0,Anodized,1626.93,,50.1,347.35,238.9,,,108.8,25.3,22.23,,289.587
USW,Copper,Cu,Aluminum,Al,62.4,Oxide,1081.12,,55.23,346.38,114.3,,,103.1,55.4,19.65,,95.581
USW,Aluminum,Al,Aluminum,Al,48.5,Nickel-plated,1604.38,,37.86,205.81,236.3,,,24.5,74.9,7.16,,256.648
USW,Copper,Cu,Copper,Cu,94.7,Nickel-plated,1659.13,,37.21,605.24,440.6,,,85.2,39.6,16.48,,492.244
USW,StainlessSteel,SS304,Nickel,Ni,37.9,Bare,802.06,,25.19,801.23,457.9,,,18.5,13.7,5.38,,222.795
USW,Copper,Cu,Aluminum,Al,89.0,Bare,1295.27,,27.96,776.13,466.9,,,85.4,71.6,20.5,,376.193
USW,Aluminum,Al,Aluminum,Al,97.2,Carbon-coated,1230.22,,18.13,346.71,549.9,,,81.1,43.4,9.01,,383.846
USW,Copper,Cu,Aluminum,Al,69.1,Bare,1958.41,,53.39,773.71,584.8,,,51.7,33.4,5.62,,874.114
USW,Aluminum,Al,Aluminum,Al,210.2,Nickel-plated,2270.72,,38.64,325.67,173.3,,,22.2,17.7,24.8,,268.096
USW,Copper,Cu,Aluminum,Al,191.7,Anodized,1572.99,,31.39,164.24,276.3,,,85.7,41.7,9.4,,278.634
USW,Nickel,Ni,Aluminum,Al,228.5,Nickel-plated,1971.57,,47.77,171.76,589.3,,,90.7,70.0,6.37,,850.56
USW,Copper,Cu,Copper,Cu,83.8,Tin-plated,1318.84,,48.5,353.53,577.4,,,8.4,44.8,24.44,,560.539
USW,StainlessSteel,SS304,Nickel,Ni,227.8,Nickel-plated,1653.81,,26.94,863.02,544.0,,,104.0,57.5,24.12,,554.492
USW,Aluminum,Al,Aluminum,Al,39.0,Nickel-plated,1824.73,,34.51,627.78,584.1,,,119.2,31.7,11.21,,701.675
USW,Copper,Cu,Aluminum,Al,180.8,Nickel-plated,2533.34,,43.07,847.54,251.8,,,116.0,44.9,7.15,,450.363
USW,Nickel,Ni,Copper,Cu,92.3,Nickel-plated,1211.64,,34.36,843.27,100.3,,,-8.0,12.9,5.12,,79.931
USW,Copper,Cu,Aluminum,Al,176.4,Oxide,772.01,,27.18,1195.71,198.4,,,26.8,70.1,7.26,,94.588
USW,Copper,Cu,Aluminum,Al,108.0,Oxide,1445.13,,58.51,253.05,230.6,,,18.5,43.1,17.38,,263.875
USW,Copper,Cu,Aluminum,Al,100.9,Nickel-plated,999.01,,21.11,732.0,250.5,,,63.3,57.5,18.35,,146.146
USW,Aluminum,Al,Aluminum,Al,112.7,Oxide,877.22,,34.89,478.92,567.4,,,71.7,48.2,13.17,,328.764
USW,Aluminum,Al,Aluminum,Al,120.3,Bare,2514.98,,33.94,943.65,407.6,,,45.6,39.4,15.74,,671.688
USW,Copper,Cu,Aluminum,Al,149.5,Nickel-plated,2110.67,,32.67,573.09,103.0,,,56.6,18.9,10.16,,140.878
USW,Nickel,Ni,Aluminum,Al,42.0,Oxide,1266.97,,19.38,455.11,340.7,,,49.8,13.8,17.65,,247.946
USW,Copper,Cu,Aluminum,Al,192.7,Bare,888.3,,48.32,670.07,211.8,,,86.3,57.2,8.31,,138.286
USW,Nickel,Ni,Aluminum,Al,247.6,Bare,1975.55,,20.16,150.04,401.9,,,29.1,31.8,14.18,,459.449
USW,Copper,Cu,Aluminum,Al,213.2,Nickel-plated,843.62,,33.21,1181.83,510.1,,,16.6,43.2,5.17,,280.226
USW,Aluminum,Al,Aluminum,Al,219.0,Nickel-plated,1872.39,,23.32,1009.48,428.7,,,96.8,57.7,13.08,,478.605
USW,Nickel,Ni,Copper,Cu,93.8,Tin-plated,1585.93,,45.05,560.75,448.8,,,61.1,43.3,24.14,,510.312
USW,Aluminum,Al,Aluminum,Al,130.6,Nickel-plated,1205.52,,44.03,1087.88,409.9,,,45.2,12.0,4.23,,351.506
USW,Nickel,Ni,Aluminum,Al,189.1,Bare,1315.5,,53.51,678.37,274.4,,,115.2,42.8,24.62,,275.785
USW,Copper,Cu,Aluminum,Al,107.4,Tin-plated,2030.36,,50.4,442.26,481.3,,,-1.8,55.9,11.13,,729.667
USW,Copper,Cu,Aluminum,Al,112.8,Nickel-plated,1752.08,,56.73,964.17,362.7,,,109.1,55.2,17.84,,496.874
USW,Copper,Cu,Aluminum,Al,165.8,Nickel-plated,2304.06,,22.16,251.37,153.1,,,114.2,34.4,4.94,,208.065
USW,Aluminum,Al,Aluminum,Al,207.9,Tin-plated,2399.59,,22.83,1087.1,477.9,,,88.8,78.7,8.97,,680.613
USW,Copper,Cu,Aluminum,Al,216.3,Bare,1813.07,,52.83,1119.73,260.6,,,69.5,18.0,20.03,,359.141
USW,Copper,Cu,Aluminum,Al,73.9,Bare,1172.18,,24.05,320.19,506.9,,,118.6,50.2,13.19,,356.697
USW,Copper,Cu,Aluminum,Al,177.1,Bare,2386.58,,31.18,578.43,373.3,,,65.7,54.0,21.01,,570.071
USW,Copper,Cu,Aluminum,Al,171.3,Nickel-plated,1740.74,,36.32,519.71,409.2,,,84.9,73.8,21.48,,476.178
USW,Copper,Cu,Aluminum,Al,112.7,Bare,2164.77,,28.42,273.82,215.3,,,-1.3,39.9,5.64,,291.073
USW,Copper,Cu,Aluminum,Al,232.9,Bare,735.91,,54.22,1166.52,137.4,,,19.1,75.8,18.77,,77.635
USW,Nickel,Ni,Aluminum,Al,117.8,Bare,821.75,,36.19,1113.26,231.5,,,111.1,45.0,18.65,,127.043
USW,Copper,Cu,Aluminum,Al,198.2,Bare,2067.75,,56.59,846.5,539.1,,,23.9,33.4,15.49,,870.703
USW,Copper,Cu,Aluminum,Al,184.7,Oxide,2562.11,,57.75,778.06,406.2,,,113.2,73.3,4.74,,819.584
USW,Aluminum,Al,Aluminum,Al,39.2,Bare,1900.67,,34.42,468.59,524.9,,,113.1,28.9,14.66,,656.363
USW,Copper,Cu,Aluminum,Al,208.5,Nickel-plated,1963.88,,48.21,730.12,126.1,,,-2.8,64.2,22.07,,181.848
USW,Copper,Cu,Copper,Cu,60.3,Nickel-plated,2565.07,,31.55,353.33,318.3,,,45.9,39.9,22.84,,524.047
USW,Copper,Cu,Aluminum,Al,194.4,Carbon-coated,1736.1,,59.59,165.64,459.9,,,66.5,25.9,20.66,,636.955
USW,Copper,Cu,Aluminum,Al,39.6,Bare,1088.49,,28.16,786.43,339.4,,,6.5,22.6,17.76,,230.161
USW,Copper,Cu,Aluminum,Al,138.9,Tin-plated,2430.2,,24.91,898.79,570.7,,,22.5,48.1,11.5,,839.204
USW,Copper,Cu,Aluminum,Al,88.9,Tin-plated,708.0,,55.52,890.78,410.9,,,75.0,46.9,14.57,,225.51
USW,Copper,Cu,Aluminum,Al,80.7,Tin-plated,1344.78,,51.74,299.06,589.0,,,7.8,78.3,8.43,,597.254
USW,Copper,Cu,Copper,Cu,139.8,Bare,1368.35,,52.22,238.72,239.5,,,49.0,18.0,9.84,,248.065
USW,Aluminum,Al,Aluminum,Al,39.8,Bare,1462.17,,17.35,470.41,370.8,,,102.2,36.9,7.87,,305.257
USW,Copper,Cu,Aluminum,Al,233.0,Carbon-coated,1781.92,,49.08,507.99,514.6,,,69.1,72.5,21.02,,677.957
USW,Aluminum,Al,Aluminum,Al,42.6,Bare,2042.59,,45.51,1051.44,569.0,,,84.8,61.5,12.15,,836.202
USW,Aluminum,Al,Aluminum,Al,65.8,Bare,2449.32,,20.93,165.94,499.8,,,63.9,46.3,19.66,,713.645
USW,Copper,Cu,Aluminum,Al,104.3,Bare,1323.39,,44.67,971.55,505.1,,,22.5,48.0,16.93,,477.837
USW,Copper,Cu,Aluminum,Al,88.2,Bare,1479.82,,35.99,1164.18,340.1,,,63.9,32.5,13.72,,335.5
USW,Copper,Cu,Aluminum,Al,90.8,Nickel-plated,728.09,,23.09,954.28,238.1,,,-2.4,75.7,10.59,,103.127
USW,Copper,Cu,Aluminum,Al,165.9,Bare,677.0,,45.8,1053.6,389.9,,,71.9,20.3,6.4,,190.369
USW,Nickel,Ni,Copper,Cu,87.0,Bare,2314.98,,30.9,904.24,400.3,,,-2.1,60.0,18.25,,591.52
USW,Copper,Cu,Aluminum,Al,82.1,Bare,2245.39,,33.72,823.98,537.9,,,47.7,45.8,11.8,,789.927
USW,Copper,Cu,Aluminum,Al,119.8,Tin-plated,2547.0,,42.99,318.33,122.3,,,92.5,33.4,13.88,,219.765
USW,Nickel,Ni,Aluminum,Al,207.8,Nickel-plated,1616.36,,41.17,511.26,207.4,,,-6.7,52.6,20.4,,233.151
USW,Copper,Cu,Aluminum,Al,249.5,Bare,2471.04,,25.11,678.67,387.2,,,84.4,36.7,5.62,,579.98
USW,Aluminum,Al,Aluminum,Al,146.1,Bare,1648.9,,34.85,432.64,518.0,,,85.3,69.3,13.92,,563.947
USW,Copper,Cu,Aluminum,Al,109.6,Nickel-plated,830.83,,25.85,919.44,540.1,,,21.6,63.7,19.71,,273.852
USW,Copper,Cu,Aluminum,Al,173.7,Nickel-plated,1437.7,,40.62,1018.12,162.6,,,55.7,74.0,13.43,,161.888
USW,Nickel,Ni,Copper,Cu,60.4,Bare,1227.69,,18.67,592.07,591.6,,,43.0,50.9,10.02,,414.282
USW,Copper,Cu,Copper,Cu,222.8,Bare,1126.75,,39.96,1126.63,471.4,,,90.4,73.0,6.54,,365.795
USW,Copper,Cu,Aluminum,Al,247.8,Bare,2437.25,,55.69,522.09,301.2,,,46.1,58.3,22.2,,569.63
USW,Nickel,Ni,Copper,Cu,227.6,Nickel-plated,2588.27,,17.04,925.69,277.5,,,5.5,72.8,16.95,,403.127
USW,Aluminum,Al,Aluminum,Al,93.6,Nickel-plated,966.9,,49.47,1112.16,568.3,,,48.5,68.4,6.83,,407.449
USW,Nickel,Ni,Aluminum,Al,172.9,Bare,1617.33,,41.46,1142.01,148.4,,,67.2,35.9,13.21,,167.349
USW,Copper,Cu,Aluminum,Al,157.6,Oxide,1245.6,,29.34,337.34,171.6,,,63.3,72.8,12.96,,134.582
USW,Nickel,Ni,Copper,Cu,144.2,Nickel-plated,798.93,,27.82,274.48,236.9,,,118.6,24.7,16.93,,117.584
USW,Nickel,Ni,Aluminum,Al,247.5,Tin-plated,1932.87,,21.35,367.19,519.4,,,27.5,74.2,23.41,,587.546
USW,Copper,Cu,Aluminum,Al,148.8,Oxide,2265.01,,16.16,363.3,570.9,,,107.3,77.2,4.14,,719.538
USW,Nickel,Ni,Copper,Cu,94.9,Bare,2289.49,,35.0,603.88,231.5,,,57.7,68.2,18.83,,350.437
USW,StainlessSteel,SS304,Nickel,Ni,107.8,Bare,2054.72,,29.72,682.41,238.1,,,85.1,18.2,20.66,,309.025
USW,Aluminum,Al,Aluminum,Al,99.3,Carbon-coated,2464.74,,50.74,483.4,520.7,,,91.0,59.5,13.1,,960.708
USW,Nickel,Ni,Aluminum,Al,31.8,Bare,2486.32,,45.3,428.55,175.7,,,-5.4,54.4,11.9,,313.833
USW,Nickel,Ni,Copper,Cu,222.7,Anodized,2098.89,,15.14,220.62,378.9,,,26.7,23.9,22.0,,437.998
USW,Copper,Cu,Aluminum,Al,113.7,Nickel-plated,1568.47,,44.56,339.07,250.1,,,44.4,28.4,17.39,,280.12
USW,Copper,Cu,Aluminum,Al,116.3,Bare,793.07,,20.06,1074.94,477.5,,,53.1,65.8,14.1,,218.908
USW,StainlessSteel,SS304,Nickel,Ni,55.5,Nickel-plated,827.07,,46.36,890.06,486.8,,,32.3,56.4,10.7,,291.618
USW,Nickel,Ni,Copper,Cu,81.7,Bare,2379.62,,50.23,213.84,485.9,,,53.6,38.8,14.66,,862.228
USW,Copper,Cu,Aluminum,Al,117.7,Carbon-coated,2056.37,,30.29,1009.45,254.3,,,40.9,40.9,9.63,,331.985
USW,Aluminum,Al,Aluminum,Al,167.6,Carbon-coated,1259.37,,42.22,170.92,461.1,,,11.6,24.4,16.88,,407.219
USW,Copper,Cu,Aluminum,Al,198.7,Nickel-plated,1637.3,,31.29,358.36,178.5,,,81.6,73.9,17.75,,187.194
USW,Nickel,Ni,Aluminum,Al,230.3,Bare,2066.67,,57.3,187.88,110.0,,,19.8,66.1,8.53,,178.481
USW,Copper,Cu,Aluminum,Al,64.5,Bare,2144.82,,26.13,436.08,161.8,,,41.7,43.9,8.83,,212.352
USW,Copper,Cu,Copper,Cu,89.4,Bare,2044.23,,49.31,586.15,107.4,,,7.1,61.8,5.55,,162.554
USW,Copper,Cu,Copper,Cu,204.4,Bare,1224.38,,29.57,687.97,111.7,,,9.7,61.5,16.72,,86.301
USW,Copper,Cu,Aluminum,Al,133.7,Bare,2533.77,,40.24,657.52,553.8,,,24.4,55.9,5.95,,968.617
USW,Copper,Cu,Aluminum,Al,116.6,Bare,816.61,,25.08,1173.95,298.7,,,-7.8,44.8,15.48,,147.807
USW,Copper,Cu,Aluminum,Al,103.1,Oxide,790.78,,22.62,1058.07,344.9,,,63.2,55.0,24.49,,161.55
USW,Copper,Cu,Aluminum,Al,189.1,Nickel-plated,2134.82,,26.34,477.03,268.9,,,70.1,43.1,8.88,,351.942
USW,Copper,Cu,Aluminum,Al,31.2,Tin-plated,2189.39,,39.55,478.67,426.0,,,63.5,38.5,19.86,,640.196
USW,Nickel,Ni,Copper,Cu,248.4,Bare,1998.51,,31.91,944.73,181.0,,,56.9,70.1,6.21,,232.986
USW,Copper,Cu,Aluminum,Al,38.6,Nickel-plated,2206.31,,36.92,936.44,373.5,,,46.9,78.0,7.59,,553.662
USW,Copper,Cu,Aluminum,Al,232.8,Tin-plated,1830.2,,31.72,832.73,170.8,,,46.6,30.6,14.97,,200.923
USW,Copper,Cu,Aluminum,Al,144.3,Bare,2472.4,,56.72,906.14,526.2,,,69.8,60.0,13.72,,1017.063
USW,Aluminum,Al,Aluminum,Al,121.6,Bare,2553.95,,29.03,347.06,447.0,,,97.8,10.7,5.41,,716.926
USW,Copper,Cu,Aluminum,Al,64.4,Bare,1052.06,,43.3,1124.27,237.3,,,-2.1,42.8,15.74,,176.549
USW,Nickel,Ni,Aluminum,Al,167.4,Nickel-plated,1682.03,,44.67,231.35,176.2,,,66.0,31.4,9.35,,211.874
USW,Copper,Cu,Aluminum,Al,205.3,Nickel-plated,1260.32,,49.74,771.78,238.6,,,24.2,17.2,20.09,,223.445
USW,Nickel,Ni,Aluminum,Al,67.0,Oxide,782.68,,51.15,303.82,182.4,,,76.9,43.1,24.77,,107.195
USW,Copper,Cu,Aluminum,Al,142.6,Nickel-plated,1254.18,,37.52,273.16,380.1,,,106.5,13.7,17.96,,321.803
USW,Copper,Cu,Aluminum,Al,144.8,Nickel-plated,2284.38,,57.99,1142.76,516.8,,,51.7,31.8,22.55,,931.284
USW,Nickel,Ni,Copper,Cu,203.6,Tin-plated,1470.83,,30.67,176.56,282.8,,,62.9,44.3,15.72,,265.02
USW,Copper,Cu,Copper,Cu,153.2,Anodized,1364.91,,23.06,935.01,105.3,,,84.7,25.0,23.73,,85.51
USW,Aluminum,Al,Aluminum,Al,50.7,Bare,2443.13,,42.3,185.2,237.5,,,-9.3,31.7,9.33,,407.111
USW,Copper,Cu,Aluminum,Al,167.6,Anodized,2326.37,,56.74,1197.09,416.1,,,80.4,27.7,21.29,,756.912
USW,Aluminum,Al,Aluminum,Al,207.6,Bare,2388.53,,21.89,923.01,535.5,,,103.7,62.5,4.61,,752.406
USW,Aluminum,Al,Aluminum,Al,170.2,Bare,1688.17,,59.25,353.89,407.0,,,100.0,13.9,6.05,,546.819
USW,Nickel,Ni,Copper,Cu,186.0,Carbon-coated,2488.6,,38.24,1137.57,301.6,,,100.3,32.2,16.32,,509.673
USW,Copper,Cu,Copper,Cu,140.3,Tin-plated,1486.8,,27.4,358.62,352.7,,,-1.6,67.8,5.76,,324.568
USW,Nickel,Ni,Copper,Cu,90.2,Bare,1736.35,,46.33,744.5,331.5,,,98.9,10.2,11.17,,416.779
USW,Copper,Cu,Aluminum,Al,160.1,Anodized,2177.47,,24.79,543.26,140.6,,,84.8,23.0,20.1,,185.082
USW,Copper,Cu,Aluminum,Al,228.3,Bare,865.47,,17.4,891.21,189.0,,,98.9,55.0,19.87,,92.148
USW,Copper,Cu,Aluminum,Al,224.4,Bare,1995.12,,26.9,664.38,389.3,,,19.4,23.2,10.19,,478.611
USW,Copper,Cu,Copper,Cu,213.0,Bare,1371.36,,39.21,371.2,451.1,,,48.5,54.2,21.53,,423.432
USW,Nickel,Ni,Copper,Cu,183.9,Nickel-plated,2188.59,,19.08,962.08,229.1,,,93.5,24.5,21.43,,287.159
USW,Copper,Cu,Aluminum,Al,71.0,Bare,1344.57,,32.01,767.81,116.9,,,5.0,56.1,16.32,,101.32
USW,Copper,Cu,Copper,Cu,122.7,Bare,800.42,,56.09,471.59,333.4,,,103.0,10.6,17.61,,207.705
USW,Copper,Cu,Aluminum,Al,156.7,Nickel-plated,2268.19,,26.37,541.88,268.9,,,95.2,42.0,12.39,,374.021
USW,Copper,Cu,Aluminum,Al,197.9,Carbon-coated,1441.97,,49.83,1151.68,300.4,,,116.2,71.4,14.65,,322.042
USW,Aluminum,Al,Aluminum,Al,242.4,Carbon-coated,2544.86,,48.83,286.39,266.6,,,109.9,72.1,8.17,,500.627
USW,StainlessSteel,SS304,Nickel,Ni,206.3,Nickel-plated,601.69,,21.64,1077.1,250.6,,,30.2,63.6,7.47,,88.505
USW,Copper,Cu,Aluminum,Al,83.8,Tin-plated,1348.52,,36.48,511.95,335.4,,,16.4,16.3,21.76,,302.736
USW,Copper,Cu,Copper,Cu,212.9,Tin-plated,791.65,,20.78,951.2,166.8,,,108.7,56.8,20.02,,76.851
USW,Nickel,Ni,Aluminum,Al,123.4,Bare,1576.62,,48.32,765.75,210.8,,,96.6,61.1,5.5,,244.368
USW,Nickel,Ni,Copper,Cu,211.1,Nickel-plated,2429.17,,44.05,294.98,194.0,,,38.0,33.8,19.79,,335.226
USW,Aluminum,Al,Aluminum,Al,123.7,Bare,2242.55,,16.57,1156.44,310.9,,,34.1,55.8,12.12,,389.496
USW,Copper,Cu,Copper,Cu,48.2,Tin-plated,2324.93,,51.16,162.84,259.5,,,98.5,42.5,6.13,,453.048
USW,Copper,Cu,Aluminum,Al,241.2,Nickel-plated,1205.91,,26.64,815.82,401.8,,,49.1,44.0,20.2,,297.838
USW,Aluminum,Al,Aluminum,Al,103.7,Nickel-plated,2170.99,,59.13,708.3,291.7,,,38.5,43.1,11.66,,503.634
USW,Copper,Cu,Aluminum,Al,159.8,Bare,2055.26,,35.47,200.97,240.9,,,33.8,75.4,21.07,,328.57
USW,Aluminum,Al,Aluminum,Al,181.0,Bare,1192.29,,51.86,719.89,189.4,,,37.7,72.2,11.09,,170.415
USW,Copper,Cu,Aluminum,Al,161.1,Bare,2077.36,,26.19,238.25,147.3,,,32.2,54.5,4.77,,187.3
USW,Copper,Cu,Copper,Cu,243.8,Tin-plated,2251.14,,52.57,919.32,361.8,,,46.0,29.2,9.13,,617.922
USW,Copper,Cu,Aluminum,Al,244.9,Tin-plated,1363.83,,59.11,232.7,563.7,,,38.5,20.3,22.52,,611.26
USW,Aluminum,Al,Aluminum,Al,86.5,Tin-plated,2273.71,,34.5,272.25,195.8,,,-7.1,76.5,22.54,,293.129
USW,Copper,Cu,Aluminum,Al,83.6,Oxide,1545.84,,49.23,608.79,473.4,,,56.8,69.8,11.86,,541.703
USW,Copper,Cu,Aluminum,Al,230.1,Tin-plated,1414.37,,15.84,585.04,164.9,,,77.3,52.3,9.73,,129.354
USW,Aluminum,Al,Aluminum,Al,78.7,Bare,727.44,,27.95,897.64,513.5,,,116.9,32.3,10.82,,232.322
USW,Copper,Cu,Copper,Cu,234.6,Bare,1292.73,,35.0,635.04,471.3,,,32.7,37.2,11.15,,402.77
USW,Copper,Cu,Copper,Cu,37.1,Oxide,1862.77,,40.26,512.56,203.8,,,77.5,27.9,24.32,,262.041
USW,Copper,Cu,Aluminum,Al,178.4,Bare,933.47,,30.82,603.11,597.9,,,27.9,32.1,17.12,,356.037
USW,StainlessSteel,SS304,Nickel,Ni,81.6,Carbon-coated,1814.24,,53.24,251.83,209.2,,,62.3,44.4,6.77,,289.302
USW,Aluminum,Al,Aluminum,Al,201.1,Tin-plated,1417.03,,48.81,589.09,399.6,,,13.2,21.1,12.42,,417.813
USW,Copper,Cu,Aluminum,Al,241.3,Oxide,1671.25,,32.65,1052.01,347.4,,,3.7,71.9,10.67,,376.268
USW,Nickel,Ni,Copper,Cu,69.1,Bare,1268.11,,35.88,330.88,553.6,,,48.4,74.7,15.19,,467.587
USW,Copper,Cu,Copper,Cu,170.0,Nickel-plated,1839.84,,59.95,779.55,466.1,,,116.7,38.7,6.91,,685.768
USW,Copper,Cu,Aluminum,Al,133.8,Bare,2085.93,,54.76,836.82,376.0,,,22.5,49.9,11.78,,604.654
USW,Nickel,Ni,Aluminum,Al,222.4,Bare,2442.77,,29.52,457.63,547.2,,,11.0,35.8,23.68,,843.057
USW,Aluminum,Al,Aluminum,Al,247.7,Oxide,1600.43,,20.0,784.21,265.6,,,21.9,52.2,24.43,,245.631
USW,Copper,Cu,Aluminum,Al,31.5,Bare,2334.13,,59.8,1055.28,135.2,,,50.1,77.4,18.21,,252.075
USW,Copper,Cu,Aluminum,Al,200.9,Tin-plated,647.44,,36.64,912.33,246.5,,,83.1,18.5,15.22,,106.952
USW,Nickel,Ni,Copper,Cu,187.7,Nickel-plated,1457.18,,20.58,303.28,231.2,,,89.9,35.4,17.64,,195.785
USW,Nickel,Ni,Copper,Cu,120.8,Bare,2191.11,,24.45,251.98,421.0,,,4.5,21.8,23.17,,555.823
USW,Nickel,Ni,Aluminum,Al,87.2,Bare,2174.75,,46.48,746.64,397.2,,,53.9,27.1,13.34,,626.19
USW,Copper,Cu,Aluminum,Al,111.6,Bare,2489.58,,22.12,815.59,337.6,,,27.5,25.5,10.12,,495.591
USW,Copper,Cu,Aluminum,Al,62.2,Bare,1873.52,,16.26,372.25,251.5,,,86.7,58.7,12.07,,262.432
USW,Copper,Cu,Aluminum,Al,249.1,Nickel-plated,940.82,,30.49,313.67,526.3,,,83.7,62.2,16.99,,314.947
USW,Copper,Cu,Aluminum,Al,67.2,Nickel-plated,2394.27,,15.64,1144.3,271.2,,,102.5,44.0,7.68,,359.417
USW,Copper,Cu,Aluminum,Al,203.6,Tin-plated,1518.64,,56.07,1101.62,520.0,,,26.2,64.5,11.49,,614.508
USW,Nickel,Ni,Copper,Cu,74.6,Tin-plated,797.68,,29.83,220.56,376.6,,,58.1,26.0,12.37,,189.992
USW,Nickel,Ni,Copper,Cu,42.3,Nickel-plated,1112.14,,48.27,874.18,425.4,,,103.4,77.9,9.21,,347.669
USW,Copper,Cu,Copper,Cu,164.0,Nickel-plated,980.03,,52.38,216.85,551.6,,,49.3,12.8,5.92,,409.561
USW,Copper,Cu,Aluminum,Al,157.9,Nickel-plated,2162.83,,29.35,815.6,198.2,,,19.6,51.0,15.28,,269.959
USW,Copper,Cu,Aluminum,Al,77.3,Nickel-plated,1763.43,,53.75,267.1,543.3,,,15.7,48.0,15.96,,733.141
USW,Copper,Cu,Aluminum,Al,130.4,Bare,1802.71,,37.17,335.36,353.6,,,94.7,53.0,19.85,,429.148
USW,StainlessSteel,SS304,Nickel,Ni,84.8,Bare,1217.61,,34.8,1176.09,572.8,,,29.0,70.7,15.79,,460.361
USW,Copper,Cu,Aluminum,Al,65.9,Bare,1209.28,,56.64,615.36,418.9,,,116.7,42.9,13.07,,395.833
USW,Copper,Cu,Aluminum,Al,76.9,Nickel-plated,1660.8,,19.63,465.06,404.8,,,91.2,63.4,10.72,,387.023
USW,Copper,Cu,Aluminum,Al,202.9,Oxide,914.27,,58.05,1180.21,426.7,,,10.3,63.6,16.81,,307.904
USW,Nickel,Ni,Copper,Cu,133.8,Oxide,889.97,,30.02,521.63,472.6,,,25.0,75.3,10.38,,266.426
USW,Aluminum,Al,Aluminum,Al,197.7,Nickel-plated,1307.22,,51.24,1173.74,483.5,,,41.2,39.2,24.34,,474.905
USW,Nickel,Ni,Copper,Cu,94.9,Bare,2181.84,,29.66,737.97,199.7,,,17.1,60.2,10.76,,275.155
USW,Aluminum,Al,Aluminum,Al,83.5,Bare,2042.53,,36.14,1169.69,123.0,,,101.3,17.5,14.07,,167.689
USW,Copper,Cu,Copper,Cu,91.6,Nickel-plated,802.88,,43.78,439.85,284.7,,,108.2,44.1,11.88,,162.284
USW,Copper,Cu,Aluminum,Al,101.4,Oxide,903.55,,21.77,463.8,200.0,,,7.5,62.5,12.69,,106.184
USW,Copper,Cu,Aluminum,Al,87.4,Nickel-plated,643.7,,49.74,221.4,493.0,,,64.5,63.4,10.12,,235.772
USW,Copper,Cu,Aluminum,Al,128.1,Carbon-coated,1536.65,,35.74,499.66,438.8,,,100.9,73.4,7.87,,448.569
USW,Copper,Cu,Aluminum,Al,56.2,Nickel-plated,1572.72,,17.16,704.82,556.5,,,87.2,11.6,12.32,,491.87
USW,Copper,Cu,Aluminum,Al,140.9,Oxide,1584.02,,40.87,816.09,467.2,,,46.8,12.2,20.59,,513.397
USW,StainlessSteel,SS304,Nickel,Ni,205.7,Oxide,2444.99,,42.45,1192.6,476.0,,,91.5,47.2,5.84,,817.511
USW,Aluminum,Al,Aluminum,Al,223.7,Tin-plated,746.05,,44.15,506.8,363.9,,,26.0,41.6,17.66,,193.266
USW,Nickel,Ni,Copper,Cu,156.4,Bare,637.74,,25.14,598.51,229.4,,,46.2,11.5,21.39,,88.712
USW,Copper,Cu,Copper,Cu,176.4,Oxide,1309.29,,54.61,1060.61,176.3,,,32.5,42.0,16.06,,177.758
USW,Copper,Cu,Aluminum,Al,162.4,Oxide,1680.15,,57.96,493.83,257.7,,,13.6,11.8,20.37,,341.43
USW,Copper,Cu,Aluminum,Al,89.6,Carbon-coated,1310.69,,21.18,1093.82,319.8,,,29.4,39.7,8.56,,244.942
USW,Copper,Cu,Aluminum,Al,192.8,Bare,1398.36,,24.25,549.53,507.2,,,47.7,62.1,13.38,,426.588
USW,Copper,Cu,Aluminum,Al,56.8,Tin-plated,1578.22,,42.22,937.17,258.4,,,108.7,60.7,6.53,,286.006
USW,StainlessSteel,SS304,Nickel,Ni,86.2,Bare,614.51,,51.15,570.32,528.7,,,94.0,35.2,13.6,,243.968
USW,Nickel,Ni,Aluminum,Al,216.5,Bare,768.9,,43.96,559.17,335.7,,,98.7,40.4,24.99,,183.486
USW,Copper,Cu,Aluminum,Al,61.0,Bare,855.9,,22.01,879.82,481.1,,,74.2,32.6,15.86,,242.531
USW,Nickel,Ni,Copper,Cu,111.8,Nickel-plated,944.84,,57.13,1163.57,471.0,,,102.6,56.3,7.31,,348.915
USW,Copper,Cu,Aluminum,Al,65.7,Nickel-plated,1850.62,,55.9,428.44,260.5,,,104.3,17.7,10.43,,374.753
USW,Copper,Cu,Aluminum,Al,221.8,Carbon-coated,1354.07,,41.93,701.46,179.1,,,105.5,12.4,4.98,,169.657
USW,Nickel,Ni,Aluminum,Al,54.7,Nickel-plated,2312.28,,39.15,291.13,401.6,,,2.0,79.2,24.65,,635.396
USW,Copper,Cu,Aluminum,Al,58.2,Tin-plated,1827.22,,47.23,651.68,474.4,,,51.0,73.2,11.68,,631.935
USW,Copper,Cu,Aluminum,Al,237.3,Bare,789.58,,33.17,1081.26,152.6,,,18.5,19.1,5.73,,78.441
USW,Copper,Cu,Aluminum,Al,244.3,Tin-plated,1754.33,,54.76,947.89,165.9,,,75.7,33.0,14.92,,224.302
USW,Copper,Cu,Copper,Cu,37.5,Carbon-coated,696.04,,23.91,341.28,171.5,,,65.3,75.4,12.09,,71.55
USW,Nickel,Ni,Copper,Cu,155.9,Nickel-plated,1857.43,,51.76,756.06,326.1,,,11.0,32.6,11.22,,456.785
USW,Copper,Cu,Copper,Cu,91.4,Oxide,1274.51,,55.16,418.05,503.5,,,61.0,18.2,23.4,,496.125
USW,Aluminum,Al,Aluminum,Al,105.3,Nickel-plated,1330.84,,43.9,1162.99,163.1,,,76.2,56.8,5.33,,154.251
USW,Aluminum,Al,Aluminum,Al,95.1,Oxide,1472.33,,59.29,237.12,533.5,,,4.4,48.5,10.45,,625.29
USW,Copper,Cu,Aluminum,Al,72.9,Oxide,633.44,,48.0,521.63,400.5,,,112.4,79.9,8.66,,186.031
USW,Nickel,Ni,Aluminum,Al,109.8,Bare,1661.74,,31.85,255.14,182.8,,,58.3,66.0,23.89,,195.528
USW,Copper,Cu,Copper,Cu,63.5,Carbon-coated,2316.59,,27.53,1157.01,574.4,,,99.6,62.6,16.8,,824.549
USW,Nickel,Ni,Aluminum,Al,133.0,Bare,600.71,,26.31,733.55,255.8,,,116.4,72.6,23.7,,94.169
USW,Copper,Cu,Copper,Cu,120.3,Bare,2129.19,,51.31,1148.46,221.2,,,114.7,14.1,21.27,,354.105
USW,Copper,Cu,Copper,Cu,213.6,Bare,1152.44,,55.17,279.64,469.8,,,40.8,23.5,24.23,,418.624
USW,Copper,Cu,Aluminum,Al,197.3,Bare,1222.32,,19.62,809.97,335.6,,,47.6,57.1,6.46,,236.107
USW,Copper,Cu,Aluminum,Al,130.0,Bare,2421.01,,30.36,435.71,594.0,,,6.2,62.0,24.56,,913.646
USW,Nickel,Ni,Aluminum,Al,158.7,Oxide,2188.91,,49.13,385.87,151.5,,,4.7,42.7,18.52,,245.312
USW,Copper,Cu,Copper,Cu,221.3,Tin-plated,2526.49,,33.98,819.96,532.6,,,67.9,35.4,21.57,,881.909
USW,Nickel,Ni,Copper,Cu,141.7,Nickel-plated,2566.17,,18.74,256.19,503.0,,,25.9,27.6,21.56,,736.74
USW,Aluminum,Al,Aluminum,Al,52.9,Oxide,1721.34,,52.68,544.61,359.5,,,66.8,56.6,18.88,,469.883
USW,Copper,Cu,Aluminum,Al,204.6,Anodized,834.95,,49.38,528.74,436.3,,,68.2,51.3,16.09,,269.943
USW,Aluminum,Al,Aluminum,Al,106.4,Oxide,1746.69,,38.52,1137.21,506.6,,,41.2,62.1,21.9,,602.302
USW,Nickel,Ni,Copper,Cu,154.7,Bare,797.61,,56.43,991.99,464.5,,,77.0,11.8,23.86,,289.061
USW,Copper,Cu,Aluminum,Al,244.2,Bare,695.6,,35.62,1190.52,231.6,,,96.4,34.1,13.37,,107.053
USW,Copper,Cu,Aluminum,Al,100.8,Nickel-plated,2230.94,,53.01,1049.48,266.9,,,90.2,48.3,11.32,,453.204
USW,Nickel,Ni,Copper,Cu,212.3,Bare,1878.9,,29.08,672.05,193.1,,,98.7,25.9,19.16,,227.928
USW,Copper,Cu,Aluminum,Al,207.3,Carbon-coated,2518.62,,29.52,267.05,390.9,,,82.0,34.5,19.85,,620.969
USW,Nickel,Ni,Copper,Cu,148.4,Bare,997.24,,19.07,777.87,538.5,,,62.9,63.0,18.61,,307.494
USW,Copper,Cu,Aluminum,Al,117.3,Carbon-coated,2512.15,,51.66,1081.82,247.0,,,83.1,47.3,6.18,,467.553
USW,Copper,Cu,Aluminum,Al,39.0,Nickel-plated,1147.58,,37.25,1024.91,591.6,,,119.9,41.0,18.02,,457.351
USW,Copper,Cu,Aluminum,Al,32.7,Bare,1824.44,,52.71,585.25,375.6,,,74.2,25.1,4.44,,520.461
USW,Aluminum,Al,Aluminum,Al,168.0,Carbon-coated,2093.59,,46.8,1181.01,501.7,,,100.2,50.7,24.56,,763.296
USW,Copper,Cu,Aluminum,Al,100.4,Bare,868.99,,53.7,1185.57,223.4,,,107.0,75.6,24.12,,148.54
USW,Copper,Cu,Aluminum,Al,141.6,Nickel-plated,2214.51,,42.18,906.11,458.8,,,117.5,64.9,10.58,,712.223
USW,Aluminum,Al,Aluminum,Al,156.3,Bare,1594.27,,34.63,1150.82,185.7,,,118.1,42.6,16.99,,195.083
USW,Aluminum,Al,Aluminum,Al,220.9,Bare,730.83,,47.35,748.24,573.7,,,-2.5,34.3,18.32,,305.939
USW,Nickel,Ni,Copper,Cu,237.4,Anodized,1504.22,,39.23,858.4,265.3,,,53.8,59.3,8.52,,273.169
USW,Nickel,Ni,Aluminum,Al,148.7,Tin-plated,613.55,,42.43,897.72,279.2,,,113.0,20.1,10.6,,120.312
USW,StainlessSteel,SS304,Nickel,Ni,190.7,Tin-plated,1803.05,,49.15,338.31,190.6,,,69.8,47.1,9.22,,254.234
USW,Aluminum,Al,Aluminum,Al,238.2,Nickel-plated,1374.9,,33.34,881.24,169.3,,,5.5,16.2,23.93,,151.701
USW,Copper,Cu,Aluminum,Al,223.4,Nickel-plated,1402.86,,25.2,1184.92,416.5,,,36.2,59.5,7.88,,354.468
USW,Nickel,Ni,Copper,Cu,163.4,Anodized,1346.29,,22.58,1161.78,364.6,,,58.1,11.4,5.24,,290.62
USW,Copper,Cu,Aluminum,Al,153.9,Oxide,976.96,,42.94,340.88,209.2,,,-6.4,73.4,24.07,,144.124
USW,Nickel,Ni,Aluminum,Al,156.3,Carbon-coated,2359.34,,22.99,306.29,509.5,,,108.6,52.0,18.83,,714.484
USW,Copper,Cu,Aluminum,Al,237.0,Oxide,1182.86,,30.71,339.44,359.2,,,59.9,77.1,10.54,,270.797
USW,Aluminum,Al,Aluminum,Al,232.4,Carbon-coated,1695.96,,32.5,620.33,158.2,,,68.5,79.8,23.5,,173.637
USW,Copper,Cu,Aluminum,Al,209.9,Bare,1316.64,,56.25,1117.18,505.5,,,37.5,26.8,12.49,,518.528
USW,Nickel,Ni,Copper,Cu,144.4,Tin-plated,1654.67,,40.88,708.52,297.1,,,99.1,16.9,10.73,,341.052
USW,Copper,Cu,Aluminum,Al,73.6,Carbon-coated,1470.28,,18.71,175.03,152.2,,,31.6,41.4,12.95,,127.652
USW,Copper,Cu,Copper,Cu,199.6,Oxide,1655.1,,16.87,1144.12,253.6,,,29.8,79.5,18.68,,235.185
USW,Nickel,Ni,Aluminum,Al,192.6,Nickel-plated,1205.89,,23.47,1162.4,126.2,,,60.6,54.9,4.99,,90.875
USW,Nickel,Ni,Aluminum,Al,69.2,Bare,2421.32,,19.44,1147.46,546.2,,,86.0,46.7,18.68,,759.977
USW,Copper,Cu,Aluminum,Al,170.9,Bare,1012.06,,46.02,1120.53,102.4,,,16.5,24.5,23.36,,74.838
USW,Nickel,Ni,Copper,Cu,247.2,Oxide,2275.57,,17.01,298.75,223.1,,,98.1,78.9,11.81,,284.888
USW,Nickel,Ni,Aluminum,Al,220.0,Tin-plated,2357.36,,48.15,436.25,445.1,,,45.0,49.9,8.3,,770.395
USW,Aluminum,Al,Aluminum,Al,209.7,Nickel-plated,1853.07,,32.8,880.8,324.6,,,26.2,73.1,16.6,,390.256
USW,Copper,Cu,Aluminum,Al,228.5,Nickel-plated,1254.76,,57.46,419.32,440.5,,,72.9,18.1,7.85,,434.323
USW,Copper,Cu,Aluminum,Al,155.4,Bare,2245.75,,54.78,1147.72,377.4,,,59.7,29.9,6.51,,653.422
USW,Copper,Cu,Aluminum,Al,54.1,Bare,968.96,,49.31,996.73,220.9,,,119.4,42.8,21.49,,158.51
USW,Aluminum,Al,Aluminum,Al,39.0,Carbon-coated,977.94,,24.47,483.82,384.4,,,8.6,51.8,20.1,,226.533
USW,Copper,Cu,Aluminum,Al,107.0,Bare,1382.62,,21.89,456.4,131.8,,,113.6,74.5,17.53,,107.221
USW,Copper,Cu,Aluminum,Al,221.7,Bare,1657.11,,40.06,300.53,582.1,,,75.5,40.7,9.16,,664.806
USW,Copper,Cu,Copper,Cu,166.1,Bare,1340.74,,21.46,258.98,216.8,,,43.3,47.4,23.59,,170.322
USW,Aluminum,Al,Aluminum,Al,56.3,Bare,1727.28,,18.33,831.31,555.4,,,95.8,63.8,17.19,,545.366
USW,Copper,Cu,Copper,Cu,128.9,Tin-plated,1825.22,,30.53,1187.38,327.5,,,26.7,53.1,18.34,,380.337
USW,Copper,Cu,Aluminum,Al,61.8,Tin-plated,2534.74,,59.96,1076.03,284.0,,,59.7,35.2,7.66,,575.817
USW,Nickel,Ni,Copper,Cu,186.4,Nickel-plated,1404.46,,52.81,520.59,570.9,,,8.7,42.2,8.77,,609.444
USW,Aluminum,Al,Aluminum,Al,115.5,Bare,1397.77,,47.55,366.21,208.5,,,85.3,41.1,10.85,,212.967
USW,Copper,Cu,Aluminum,Al,166.2,Carbon-coated,2127.95,,33.37,826.2,206.8,,,103.6,56.2,15.51,,286.883
USW,Copper,Cu,Aluminum,Al,213.2,Oxide,701.77,,24.77,729.28,178.4,,,74.8,31.0,17.1,,75.638
USW,Aluminum,Al,Aluminum,Al,182.7,Bare,1146.64,,48.57,741.53,177.9,,,13.4,41.0,18.01,,150.259
USW,Nickel,Ni,Copper,Cu,133.1,Oxide,2462.5,,29.23,1129.67,406.2,,,15.7,38.8,6.74,,629.165
USW,Nickel,Ni,Aluminum,Al,48.9,Bare,705.51,,53.37,478.96,550.9,,,77.9,65.1,22.11,,296.609
USW,Copper,Cu,Aluminum,Al,109.8,Carbon-coated,2256.51,,36.38,888.78,244.9,,,17.7,68.8,16.25,,369.532
USW,Aluminum,Al,Aluminum,Al,121.3,Nickel-plated,916.56,,39.85,643.05,591.7,,,107.1,20.6,16.98,,373.135
USW,Nickel,Ni,Aluminum,Al,62.3,Nickel-plated,871.2,,32.14,548.34,185.2,,,116.9,56.5,19.87,,104.123
USW,Copper,Cu,Copper,Cu,158.7,Bare,2540.59,,57.6,745.12,542.8,,,96.3,75.2,22.77,,1084.822
USW,Nickel,Ni,Aluminum,Al,96.0,Bare,2585.79,,50.59,852.35,580.8,,,-1.0,19.4,7.14,,1122.956
USW,Nickel,Ni,Copper,Cu,162.6,Oxide,2382.1,,33.8,327.51,525.6,,,113.3,15.8,4.34,,819.413
USW,Copper,Cu,Aluminum,Al,137.7,Carbon-coated,1077.61,,28.8,621.38,316.5,,,57.7,74.1,5.09,,213.713
USW,Nickel,Ni,Copper,Cu,47.7,Nickel-plated,2556.5,,43.09,921.37,109.6,,,88.8,42.1,6.74,,197.838
USW,Nickel,Ni,Aluminum,Al,177.8,Tin-plated,2206.29,,53.41,973.33,303.6,,,39.4,12.5,11.05,,511.349
USW,Nickel,Ni,Aluminum,Al,137.5,Bare,2437.55,,18.82,849.53,259.3,,,83.5,48.7,23.18,,361.04
USW,Copper,Cu,Aluminum,Al,53.6,Bare,908.01,,51.07,967.82,531.8,,,95.4,66.4,11.84,,362.367
USW,Copper,Cu,Aluminum,Al,165.8,Bare,2342.7,,35.73,1067.07,493.1,,,94.9,70.9,17.15,,768.365
USW,Copper,Cu,Aluminum,Al,194.1,Bare,2502.78,,15.17,981.17,216.5,,,81.5,24.0,5.93,,298.592
USW,Copper,Cu,Aluminum,Al,134.7,Bare,1810.92,,23.37,452.47,438.1,,,31.7,47.1,24.75,,473.231
USW,Copper,Cu,Aluminum,Al,68.7,Bare,1684.0,,58.77,884.97,451.4,,,14.0,10.4,7.02,,602.987
USW,Copper,Cu,Aluminum,Al,65.7,Tin-plated,1803.11,,37.8,449.67,313.3,,,31.8,79.4,16.44,,382.21
USW,Nickel,Ni,Copper,Cu,243.0,Bare,729.31,,17.83,511.43,466.5,,,59.0,55.8,19.84,,192.444
USW,Nickel,Ni,Copper,Cu,187.5,Bare,776.46,,41.47,1112.15,280.7,,,0.4,63.5,19.63,,151.943
USW,Copper,Cu,Copper,Cu,214.7,Nickel-plated,1560.9,,37.49,951.58,256.7,,,-1.4,28.4,19.59,,270.469
USW,Copper,Cu,Aluminum,Al,107.6,Nickel-plated,2446.89,,53.09,1170.89,331.8,,,66.3,13.0,13.69,,618.366
USW,Aluminum,Al,Aluminum,Al,122.3,Bare,1233.45,,59.54,813.8,299.7,,,8.5,62.5,6.93,,294.794
USW,Nickel,Ni,Copper,Cu,160.4,Bare,1382.58,,21.75,504.18,110.8,,,76.0,22.1,5.99,,90.028
USW,Copper,Cu,Aluminum,Al,80.1,Nickel-plated,1465.71,,57.63,317.81,584.5,,,114.2,48.5,19.2,,674.144
USW,StainlessSteel,SS304,Nickel,Ni,134.9,Bare,2486.68,,51.16,587.16,106.5,,,-1.3,32.6,8.94,,198.833
USW,Copper,Cu,Aluminum,Al,124.4,Bare,1163.79,,47.61,997.48,532.0,,,72.0,57.9,6.72,,452.749
USW,StainlessSteel,SS304,Nickel,Ni,121.7,Bare,1066.88,,54.23,478.16,557.9,,,-1.8,41.3,10.85,,457.077
USW,Nickel,Ni,Copper,Cu,102.8,Bare,1243.67,,43.47,1169.69,214.5,,,62.1,50.4,6.67,,188.884
USW,Copper,Cu,Aluminum,Al,133.3,Bare,791.17,,48.76,804.79,140.7,,,96.6,44.2,14.73,,82.075
USW,Copper,Cu,Copper,Cu,88.5,Nickel-plated,2182.56,,27.43,300.24,523.9,,,105.8,77.1,20.33,,707.834
USW,Copper,Cu,Aluminum,Al,211.5,Nickel-plated,1145.52,,29.4,1184.55,402.4,,,72.3,32.9,7.07,,290.395
USW,Nickel,Ni,Copper,Cu,161.5,Bare,2070.99,,23.77,988.79,241.2,,,74.0,77.0,19.4,,299.117
USW,Aluminum,Al,Aluminum,Al,87.4,Bare,1903.27,,49.31,232.65,332.5,,,96.4,10.8,4.53,,468.632
USW,Copper,Cu,Aluminum,Al,160.6,Tin-plated,1147.1,,27.42,891.61,326.7,,,71.4,48.9,6.26,,231.947
USW,Copper,Cu,Aluminum,Al,220.9,Nickel-plated,1230.54,,47.42,727.63,414.4,,,114.3,18.7,11.75,,372.357
USW,Copper,Cu,Aluminum,Al,37.6,Bare,1737.06,,54.75,208.65,458.6,,,32.5,68.5,15.88,,614.09
USW,Copper,Cu,Aluminum,Al,145.0,Carbon-coated,2109.32,,58.75,505.07,306.3,,,-1.2,20.6,8.94,,512.432
USW,Aluminum,Al,Aluminum,Al,171.2,Bare,2245.69,,51.65,620.92,157.6,,,60.9,46.7,7.25,,266.753
USW,Copper,Cu,Aluminum,Al,152.7,Bare,1051.04,,16.91,379.95,216.3,,,21.1,55.1,21.7,,127.466
USW,Nickel,Ni,Aluminum,Al,196.3,Tin-plated,2131.07,,37.15,853.12,448.6,,,55.1,32.6,4.4,,643.388
USW,Copper,Cu,Aluminum,Al,158.2,Bare,1763.17,,31.57,1093.51,182.1,,,66.7,24.6,18.74,,206.126
USW,Aluminum,Al,Aluminum,Al,91.9,Nickel-plated,919.73,,24.07,788.0,267.2,,,109.0,62.1,14.73,,147.572
USW,Copper,Cu,Aluminum,Al,36.3,Nickel-plated,1623.61,,33.26,344.07,120.8,,,5.5,30.0,17.68,,127.797
USW,Nickel,Ni,Copper,Cu,155.4,Tin-plated,1948.41,,54.9,1008.75,280.5,,,103.7,24.0,21.49,,421.69
USW,Copper,Cu,Copper,Cu,85.5,Nickel-plated,1032.85,,23.14,500.63,349.8,,,63.7,71.9,10.51,,215.048
USW,Nickel,Ni,Copper,Cu,195.8,Carbon-coated,1793.48,,50.78,850.38,568.9,,,49.5,37.4,14.08,,763.976
USW,Copper,Cu,Aluminum,Al,41.0,Bare,600.02,,35.03,915.19,580.6,,,-10.0,12.2,9.76,,230.367
USW,Copper,Cu,Aluminum,Al,193.2,Bare,1907.25,,28.39,186.74,160.0,,,74.0,78.0,9.88,,190.578
USW,Aluminum,Al,Aluminum,Al,231.2,Bare,2504.85,,50.67,1074.31,566.0,,,111.2,78.8,17.37,,1060.784
USW,Copper,Cu,Aluminum,Al,225.0,Tin-plated,645.12,,40.35,216.45,445.9,,,84.2,41.9,9.74,,198.717
USW,Copper,Cu,Aluminum,Al,125.1,Nickel-plated,626.54,,55.38,839.44,579.7,,,39.1,12.6,7.68,,281.255
USW,Nickel,Ni,Copper,Cu,88.8,Tin-plated,976.14,,46.04,1000.87,597.9,,,83.5,24.2,24.23,,421.641
USW,Aluminum,Al,Aluminum,Al,184.6,Oxide,2085.05,,27.89,242.84,283.6,,,101.4,49.1,19.03,,367.645
USW,Aluminum,Al,Aluminum,Al,189.8,Nickel-plated,1878.63,,33.32,759.22,286.1,,,38.5,73.1,10.73,,350.245
USW,Nickel,Ni,Copper,Cu,225.7,Tin-plated,2522.77,,18.89,415.86,168.8,,,9.2,57.1,12.56,,243.447
USW,Copper,Cu,Copper,Cu,179.7,Carbon-coated,2436.6,,59.22,302.3,270.8,,,48.6,47.7,11.21,,525.061
USW,Nickel,Ni,Copper,Cu,245.0,Oxide,1392.7,,52.05,1074.76,595.3,,,100.6,50.2,21.32,,626.614
USW,Aluminum,Al,Aluminum,Al,151.1,Carbon-coated,1968.02,,50.45,663.64,262.7,,,64.8,27.8,19.53,,386.227
USW,Copper,Cu,Aluminum,Al,210.3,Bare,1416.0,,48.82,261.75,420.2,,,111.8,46.6,11.37,,439.083
USW,Nickel,Ni,Copper,Cu,30.1,Oxide,815.6,,21.5,225.82,575.1,,,106.4,23.2,14.59,,274.885
USW,Aluminum,Al,Aluminum,Al,51.2,Oxide,662.19,,20.45,345.0,488.0,,,97.3,47.9,4.49,,187.528
USW,Copper,Cu,Aluminum,Al,108.7,Nickel-plated,1200.43,,32.45,368.87,314.3,,,113.6,39.5,18.65,,244.057
USW,Aluminum,Al,Aluminum,Al,138.1,Bare,662.08,,46.53,1054.23,291.9,,,69.9,12.9,10.71,,140.134
USW,Copper,Cu,Aluminum,Al,107.2,Anodized,654.66,,16.74,661.82,552.9,,,79.5,53.4,14.3,,202.591
USW,Aluminum,Al,Aluminum,Al,187.4,Carbon-coated,2098.1,,25.86,1183.2,117.2,,,0.8,60.7,13.55,,150.045
USW,Nickel,Ni,Copper,Cu,120.3,Bare,2325.43,,50.14,1132.32,322.2,,,101.1,25.2,6.7,,558.377
USW,Aluminum,Al,Aluminum,Al,233.5,Tin-plated,1771.32,,46.42,665.65,551.1,,,80.6,37.2,5.02,,707.332
USW,Copper,Cu,Aluminum,Al,54.1,Bare,998.25,,36.88,155.98,487.9,,,27.7,33.2,21.58,,327.06
USW,Nickel,Ni,Aluminum,Al,70.2,Bare,2291.08,,25.29,616.9,450.4,,,90.4,13.1,18.34,,626.539
USW,Copper,Cu,Aluminum,Al,238.3,Nickel-plated,1333.35,,46.45,171.56,362.6,,,8.1,61.8,13.2,,350.376
USW,Copper,Cu,Copper,Cu,91.4,Nickel-plated,730.35,,26.82,1146.1,278.8,,,3.8,43.2,12.87,,125.378
USW,Nickel,Ni,Aluminum,Al,56.6,Bare,1929.28,,35.07,1196.35,286.7,,,107.9,71.3,15.98,,365.853
USW,Copper,Cu,Aluminum,Al,120.9,Nickel-plated,894.77,,20.99,886.55,105.6,,,92.7,23.0,8.88,,55.114
USW,Nickel,Ni,Copper,Cu,158.8,Bare,874.12,,56.43,1053.61,500.6,,,4.7,56.6,22.49,,341.406
USW,Aluminum,Al,Aluminum,Al,115.3,Tin-plated,2207.74,,21.58,283.3,354.9,,,52.2,16.9,15.37,,459.604
USW,Copper,Cu,Aluminum,Al,154.6,Bare,2279.54,,31.28,386.61,231.2,,,56.7,79.1,19.82,,337.576
USW,Aluminum,Al,Aluminum,Al,36.1,Tin-plated,1381.55,,42.29,1060.28,474.3,,,103.2,64.6,23.55,,459.748
USW,Copper,Cu,Copper,Cu,172.1,Tin-plated,1797.96,,27.94,961.75,316.4,,,92.8,72.2,7.3,,353.754
USW,Copper,Cu,Aluminum,Al,62.0,Tin-plated,1386.53,,35.9,997.15,558.6,,,1.0,72.4,11.76,,515.886
USW,Aluminum,Al,Aluminum,Al,238.7,Nickel-plated,2342.32,,45.98,880.01,561.7,,,32.5,31.6,12.11,,950.115
USW,Copper,Cu,Copper,Cu,50.0,Nickel-plated,1634.0,,43.41,414.17,234.1,,,64.6,42.9,11.19,,270.769
USW,Copper,Cu,Aluminum,Al,229.3,Carbon-coated,1297.03,,28.79,1017.02,358.8,,,56.8,31.9,15.89,,291.626
USW,Copper,Cu,Aluminum,Al,199.0,Carbon-coated,2139.82,,28.28,871.46,280.7,,,45.1,56.1,6.92,,374.714
USW,Copper,Cu,Aluminum,Al,68.2,Tin-plated,1877.19,,24.26,979.44,515.2,,,93.7,50.7,22.4,,581.657
USW,Copper,Cu,Copper,Cu,136.6,Bare,1674.82,,21.59,786.28,226.3,,,54.6,27.2,15.93,,222.291
USW,Nickel,Ni,Copper,Cu,71.6,Carbon-coated,1509.52,,59.59,762.76,238.5,,,117.9,10.2,23.48,,287.249
USW,Copper,Cu,Aluminum,Al,246.0,Nickel-plated,1373.77,,20.38,340.16,280.7,,,-3.4,39.9,14.0,,223.578
USW,Copper,Cu,Aluminum,Al,150.7,Bare,2451.5,,45.9,365.14,545.7,,,100.1,29.4,20.46,,965.373
USW,Copper,Cu,Aluminum,Al,91.0,Nickel-plated,1836.62,,40.68,430.07,376.3,,,33.9,53.7,8.84,,478.718
USW,Copper,Cu,Aluminum,Al,78.4,Oxide,1006.28,,42.73,1152.2,145.6,,,62.0,32.2,21.33,,103.149
USW,StainlessSteel,SS304,Nickel,Ni,51.1,Oxide,1519.01,,22.45,332.22,210.2,,,25.1,44.0,8.64,,188.809
USW,Copper,Cu,Aluminum,Al,161.9,Bare,800.73,,18.69,898.05,321.3,,,30.1,50.6,8.48,,146.759
USW,Copper,Cu,Aluminum,Al,149.1,Bare,1583.04,,50.53,700.13,261.0,,,70.0,36.6,22.52,,308.852
USW,Copper,Cu,Copper,Cu,112.1,Tin-plated,1997.86,,31.99,977.47,203.6,,,99.0,52.5,16.62,,262.081
USW,Aluminum,Al,Aluminum,Al,80.8,Nickel-plated,648.55,,57.09,406.28,448.8,,,22.3,30.3,13.86,,228.141
USW,Nickel,Ni,Copper,Cu,113.8,Nickel-plated,2418.38,,19.03,417.67,214.3,,,40.6,34.2,19.21,,296.603
USW,StainlessSteel,SS304,Nickel,Ni,217.8,Tin-plated,2220.28,,53.07,1178.12,282.3,,,52.2,21.8,16.58,,477.259
USW,Copper,Cu,Aluminum,Al,183.0,Bare,2464.02,,35.39,457.81,529.3,,,109.1,16.5,5.66,,864.966
USW,Nickel,Ni,Aluminum,Al,144.5,Bare,704.29,,44.46,973.48,576.9,,,19.8,31.8,5.94,,289.973
USW,Copper,Cu,Aluminum,Al,226.9,Bare,990.77,,47.06,220.75,150.8,,,61.2,75.9,20.96,,108.757
USW,Copper,Cu,Aluminum,Al,197.4,Tin-plated,2464.3,,26.05,159.18,527.7,,,6.1,42.4,7.21,,795.092
USW,Aluminum,Al,Aluminum,Al,42.5,Bare,911.82,,20.95,1054.77,517.1,,,-7.3,45.3,5.02,,274.941
USW,Copper,Cu,Aluminum,Al,54.2,Bare,2109.03,,18.02,546.3,100.3,,,22.0,22.3,17.44,,119.876
USW,Nickel,Ni,Copper,Cu,149.1,Nickel-plated,2524.21,,57.45,521.63,402.8,,,78.1,37.7,15.03,,798.903
USW,Nickel,Ni,Copper,Cu,119.7,Nickel-plated,2209.68,,24.31,779.79,283.8,,,87.7,46.6,14.49,,377.279
USW,Copper,Cu,Copper,Cu,112.2,Bare,632.08,,34.6,820.38,173.6,,,43.6,36.3,8.17,,72.293
USW,Nickel,Ni,Copper,Cu,96.4,Bare,1054.14,,34.76,661.11,333.2,,,87.4,55.4,4.34,,231.715
USW,Nickel,Ni,Aluminum,Al,41.3,Carbon-coated,2445.49,,28.29,205.78,332.5,,,50.2,39.1,22.84,,507.341
USW,Copper,Cu,Copper,Cu,108.1,Nickel-plated,2467.95,,54.09,653.43,276.2,,,46.3,51.9,14.02,,523.01
USW,Nickel,Ni,Aluminum,Al,62.1,Tin-plated,649.37,,24.84,697.15,112.1,,,11.6,79.4,9.66,,44.005
USW,Nickel,Ni,Copper,Cu,92.7,Bare,846.6,,34.73,661.89,481.8,,,49.8,53.5,14.86,,269.055
USW,Nickel,Ni,Copper,Cu,44.8,Anodized,1355.85,,44.73,611.85,461.3,,,84.7,49.6,23.59,,447.268
USW,Copper,Cu,Aluminum,Al,114.5,Bare,1205.82,,57.91,354.22,384.6,,,108.9,16.5,4.88,,365.668
USW,Nickel,Ni,Copper,Cu,86.1,Carbon-coated,732.46,,53.65,428.78,341.3,,,9.7,48.3,4.01,,191.186
USW,Aluminum,Al,Aluminum,Al,138.6,Bare,2398.81,,42.76,1178.43,525.3,,,117.6,74.7,13.65,,887.353
USW,Copper,Cu,Aluminum,Al,209.2,Bare,1653.42,,45.05,1027.13,394.9,,,62.6,72.2,17.96,,468.102
USW,Nickel,Ni,Copper,Cu,209.3,Nickel-plated,2479.88,,28.53,1171.4,595.7,,,91.2,27.2,9.72,,923.433
USW,Aluminum,Al,Aluminum,Al,211.3,Nickel-plated,1037.91,,58.03,637.56,176.6,,,94.2,28.0,21.73,,144.651
USW,Aluminum,Al,Aluminum,Al,122.2,Bare,924.89,,36.65,1124.83,133.2,,,37.2,62.0,5.7,,82.553
USW,Nickel,Ni,Aluminum,Al,63.9,Nickel-plated,2475.19,,20.32,397.47,539.6,,,46.6,67.1,4.64,,773.995
USW,StainlessSteel,SS304,Nickel,Ni,216.9,Bare,929.79,,22.16,493.5,288.4,,,66.5,38.4,16.82,,158.168
USW,Copper,Cu,Aluminum,Al,148.9,Nickel-plated,2540.12,,51.36,830.37,595.9,,,93.5,10.6,5.94,,1138.344
USW,Copper,Cu,Aluminum,Al,110.7,Tin-plated,1314.5,,40.74,192.45,546.4,,,7.4,78.9,21.36,,497.778
USW,Copper,Cu,Aluminum,Al,165.2,Oxide,939.87,,32.59,1193.16,153.8,,,65.8,79.2,8.04,,93.61
USW,Copper,Cu,Copper,Cu,92.6,Bare,1119.96,,43.96,884.94,148.1,,,58.4,68.2,16.73,,117.877
USW,Copper,Cu,Copper,Cu,176.3,Tin-plated,1317.5,,37.9,458.34,452.8,,,-5.8,69.7,21.02,,404.031
USW,Nickel,Ni,Copper,Cu,98.1,Bare,897.44,,21.98,233.43,393.8,,,20.6,78.9,9.05,,208.113
USW,Copper,Cu,Aluminum,Al,46.2,Oxide,1758.54,,47.34,607.1,161.3,,,48.4,20.5,18.44,,206.982
USW,Nickel,Ni,Aluminum,Al,236.2,Bare,667.67,,22.04,351.06,133.0,,,61.8,51.1,13.94,,52.326
USW,Nickel,Ni,Aluminum,Al,139.5,Tin-plated,2018.28,,29.56,289.55,263.5,,,22.8,23.1,12.35,,335.463
USW,Aluminum,Al,Aluminum,Al,154.6,Tin-plated,2166.41,,57.94,586.59,343.4,,,30.9,74.1,4.16,,586.736
USW,Copper,Cu,Aluminum,Al,162.9,Anodized,2041.57,,33.8,959.4,415.8,,,104.9,26.8,23.05,,555.526
USW,Nickel,Ni,Copper,Cu,136.2,Oxide,1022.12,,29.96,841.6,468.3,,,38.5,10.2,14.52,,303.036
USW,Aluminum,Al,Aluminum,Al,164.7,Nickel-plated,2499.63,,51.01,627.7,459.6,,,105.6,79.6,13.13,,861.617
USW,Aluminum,Al,Aluminum,Al,103.2,Nickel-plated,2183.68,,36.35,1072.15,564.5,,,88.3,13.1,17.17,,824.245
USW,Copper,Cu,Copper,Cu,160.0,Nickel-plated,1904.11,,16.74,390.95,552.2,,,20.0,32.1,10.31,,588.462
USW,Copper,Cu,Aluminum,Al,239.4,Nickel-plated,1460.02,,58.14,992.51,236.8,,,59.0,12.8,12.34,,273.031
USW,Aluminum,Al,Aluminum,Al,239.6,Oxide,1212.41,,42.01,203.76,594.4,,,44.2,45.1,17.44,,504.532
USW,Copper,Cu,Copper,Cu,81.7,Anodized,1257.17,,39.53,360.27,442.5,,,27.4,18.1,15.78,,381.806
USW,Copper,Cu,Copper,Cu,58.6,Tin-plated,1914.91,,45.23,586.35,553.0,,,113.1,11.4,9.42,,760.243
USW,Copper,Cu,Aluminum,Al,98.1,Nickel-plated,737.18,,59.23,1066.88,526.5,,,2.7,75.2,15.52,,308.841
USW,Copper,Cu,Aluminum,Al,237.8,Anodized,1502.58,,20.46,954.3,489.8,,,91.2,65.6,6.38,,427.097
USW,Copper,Cu,Aluminum,Al,48.3,Oxide,1375.76,,23.52,1142.19,462.7,,,76.8,29.5,11.42,,380.201
USW,Copper,Cu,Copper,Cu,248.3,Bare,1644.17,,46.03,353.88,595.6,,,116.0,63.7,11.18,,707.356
USW,Copper,Cu,Aluminum,Al,196.5,Bare,2223.62,,24.56,349.65,418.7,,,34.2,37.2,14.76,,561.554
USW,Nickel,Ni,Copper,Cu,79.9,Tin-plated,1588.75,,49.69,556.64,421.3,,,-1.3,79.5,23.17,,497.083
USW,Copper,Cu,Aluminum,Al,108.2,Anodized,1897.43,,33.7,1029.4,584.8,,,48.9,10.3,23.61,,725.552
USW,Copper,Cu,Aluminum,Al,153.5,Bare,1588.69,,59.83,912.2,270.4,,,99.6,51.6,6.85,,343.189
USW,Copper,Cu,Aluminum,Al,98.7,Oxide,2317.31,,17.47,465.22,582.0,,,98.6,32.2,10.16,,760.338
USW,Copper,Cu,Aluminum,Al,104.8,Nickel-plated,1661.92,,18.38,473.8,249.9,,,39.3,20.7,5.56,,236.232
USW,StainlessSteel,SS304,Nickel,Ni,221.3,Carbon-coated,2303.14,,31.31,249.92,232.1,,,32.6,59.8,16.66,,342.456
USW,Nickel,Ni,Aluminum,Al,206.1,Bare,2282.93,,39.76,718.37,529.6,,,13.7,24.9,9.81,,831.321
USW,Aluminum,Al,Aluminum,Al,95.4,Nickel-plated,2390.65,,48.85,192.77,559.4,,,65.1,58.3,10.25,,987.085
USW,Copper,Cu,Copper,Cu,45.1,Carbon-coated,813.66,,36.46,642.68,280.6,,,25.0,13.6,16.35,,152.777
USW,Copper,Cu,Aluminum,Al,204.7,Bare,1896.97,,40.61,1060.03,415.4,,,66.8,49.3,7.54,,545.523
USW,Copper,Cu,Aluminum,Al,240.6,Oxide,2579.29,,15.24,699.12,236.7,,,82.1,21.9,14.7,,336.531
USW,Nickel,Ni,Copper,Cu,43.1,Bare,984.94,,38.75,511.48,302.3,,,14.4,48.3,18.0,,203.021
USW,Nickel,Ni,Aluminum,Al,218.4,Bare,1896.68,,37.4,1176.71,302.8,,,27.4,27.4,12.82,,387.293
USW,Copper,Cu,Aluminum,Al,171.0,Bare,864.9,,16.81,1198.05,472.4,,,6.7,22.9,18.09,,228.844
USW,Copper,Cu,Copper,Cu,241.1,Nickel-plated,2034.47,,52.35,164.45,153.5,,,7.3,25.3,17.69,,236.523
USW,Copper,Cu,Aluminum,Al,221.1,Bare,1919.04,,45.61,615.58,200.8,,,84.2,65.0,12.63,,277.442
USW,Copper,Cu,Aluminum,Al,218.8,Tin-plated,2498.29,,34.69,414.72,316.6,,,35.9,70.9,14.29,,521.605
USW,Nickel,Ni,Copper,Cu,145.3,Bare,1174.42,,27.76,335.91,484.5,,,98.4,62.4,6.32,,353.294
USW,Nickel,Ni,Copper,Cu,96.7,Bare,2327.7,,52.78,1161.68,234.8,,,-1.5,41.8,8.22,,415.335
USW,Aluminum,Al,Aluminum,Al,171.9,Bare,1703.49,,43.88,301.93,233.8,,,7.4,64.7,24.72,,283.01
USW,Copper,Cu,Aluminum,Al,143.6,Bare,725.94,,58.07,262.48,549.4,,,2.8,70.3,12.48,,314.784
USW,Copper,Cu,Aluminum,Al,218.3,Nickel-plated,2443.65,,43.24,1176.32,101.7,,,114.5,75.2,23.41,,175.648
USW,Copper,Cu,Aluminum,Al,154.9,Bare,816.93,,28.79,952.37,225.6,,,79.7,48.8,8.06,,115.471
USW,Aluminum,Al,Aluminum,Al,241.3,Nickel-plated,1359.84,,43.11,1084.77,262.4,,,71.8,56.9,11.49,,251.931
USW,Copper,Cu,Aluminum,Al,138.5,Nickel-plated,1979.46,,19.64,1090.72,215.7,,,88.7,47.3,15.81,,245.794
USW,Copper,Cu,Aluminum,Al,46.0,Tin-plated,1482.56,,21.11,924.93,209.2,,,43.6,79.7,24.49,,181.138
USW,Copper,Cu,Aluminum,Al,248.1,Tin-plated,2386.21,,19.21,1119.75,405.9,,,109.4,38.6,22.69,,555.327
USW,Copper,Cu,Aluminum,Al,236.4,Bare,1154.16,,22.52,945.19,464.3,,,67.8,62.2,14.0,,317.133
USW,Aluminum,Al,Aluminum,Al,225.2,Bare,1058.66,,40.91,150.1,448.2,,,119.0,65.7,14.58,,329.25
USW,Nickel,Ni,Copper,Cu,192.6,Anodized,1934.6,,23.66,1013.43,217.1,,,62.3,21.5,16.01,,251.229
USW,Copper,Cu,Aluminum,Al,94.9,Bare,1837.29,,16.42,912.03,462.0,,,97.5,23.8,13.44,,473.57
USW,Nickel,Ni,Copper,Cu,125.0,Tin-plated,918.14,,32.01,329.94,117.6,,,88.9,68.4,21.51,,69.57
USW,Nickel,Ni,Copper,Cu,64.7,Bare,1469.24,,46.49,324.5,456.8,,,44.6,15.9,12.72,,486.581
USW,Nickel,Ni,Aluminum,Al,160.2,Anodized,1260.1,,35.39,1020.21,397.1,,,59.0,73.1,16.3,,331.916
USW,Copper,Cu,Aluminum,Al,214.1,Nickel-plated,1812.56,,56.68,988.22,517.8,,,48.4,22.0,10.63,,733.54
USW,Copper,Cu,Aluminum,Al,50.0,Nickel-plated,853.56,,17.42,923.85,366.8,,,90.4,42.5,20.73,,176.393
USW,Aluminum,Al,Aluminum,Al,186.7,Oxide,959.59,,54.41,988.89,220.2,,,41.3,55.5,5.11,,162.51
USW,Nickel,Ni,Aluminum,Al,148.6,Bare,787.07,,26.75,726.35,514.1,,,60.7,15.2,15.03,,248.944
USW,Aluminum,Al,Aluminum,Al,203.8,Tin-plated,895.64,,34.91,593.23,416.9,,,98.9,19.8,5.88,,246.675
USW,Nickel,Ni,Copper,Cu,248.4,Bare,623.06,,16.23,848.13,112.1,,,49.9,57.7,4.7,,38.893
USW,Copper,Cu,Aluminum,Al,207.8,Nickel-plated,980.84,,57.89,253.17,491.8,,,31.9,63.0,5.74,,380.265
USW,Copper,Cu,Aluminum,Al,163.1,Tin-plated,1225.69,,45.25,984.42,352.0,,,92.4,62.4,24.76,,309.804
USW,Copper,Cu,Aluminum,Al,62.5,Tin-plated,1174.37,,38.5,956.39,175.3,,,10.7,48.2,15.34,,140.095
USW,Copper,Cu,Aluminum,Al,113.5,Bare,652.5,,41.96,152.94,230.6,,,70.8,13.0,13.13,,105.317
USW,Copper,Cu,Aluminum,Al,143.5,Nickel-plated,1726.0,,25.61,306.74,234.7,,,34.4,35.3,12.51,,246.686
USW,Copper,Cu,Aluminum,Al,210.7,Oxide,683.75,,47.14,806.27,126.5,,,76.0,35.6,11.88,,63.026
USW,Aluminum,Al,Aluminum,Al,166.0,Oxide,1848.8,,43.63,1135.53,562.3,,,101.3,49.1,4.36,,737.152
USW,Copper,Cu,Aluminum,Al,56.9,Bare,848.53,,40.01,705.75,102.5,,,24.8,13.3,21.53,,59.912
USW,Copper,Cu,Aluminum,Al,238.7,Nickel-plated,1631.33,,32.01,952.05,364.2,,,101.4,22.4,23.55,,382.888
USW,Copper,Cu,Aluminum,Al,183.3,Nickel-plated,941.74,,40.71,852.97,465.3,,,10.1,14.6,10.2,,303.588
USW,Copper,Cu,Aluminum,Al,187.7,Bare,1656.64,,24.62,475.06,489.1,,,21.6,39.4,19.23,,489.016
USW,Nickel,Ni,Aluminum,Al,246.1,Bare,2100.59,,49.09,1059.59,121.2,,,96.9,30.4,11.45,,188.186
USW,Copper,Cu,Aluminum,Al,180.3,Bare,2422.87,,16.05,238.84,288.6,,,77.8,33.8,24.14,,388.696
USW,Copper,Cu,Aluminum,Al,209.2,Nickel-plated,2144.07,,47.89,536.79,378.0,,,27.8,50.3,23.28,,593.891
USW,Copper,Cu,Aluminum,Al,243.9,Nickel-plated,723.06,,45.97,189.42,443.4,,,117.7,33.2,21.47,,231.505
USW,Nickel,Ni,Aluminum,Al,76.0,Oxide,2257.05,,26.6,480.83,454.4,,,21.0,74.2,11.46,,630.215
USW,Copper,Cu,Aluminum,Al,50.8,Nickel-plated,2042.5,,50.43,721.6,403.2,,,8.4,17.2,15.05,,615.096
USW,Aluminum,Al,Aluminum,Al,77.7,Nickel-plated,1051.44,,54.71,1047.55,461.7,,,72.0,23.9,10.78,,374.068
USW,Nickel,Ni,Aluminum,Al,196.8,Bare,1523.43,,37.53,577.56,376.3,,,69.5,45.3,12.18,,387.026
USW,Nickel,Ni,Aluminum,Al,210.5,Anodized,813.49,,50.04,267.62,164.0,,,-8.6,22.9,4.62,,99.319
USW,Nickel,Ni,Aluminum,Al,133.9,Tin-plated,1167.3,,59.06,275.69,462.4,,,21.8,36.4,9.54,,428.963
USW,Copper,Cu,Aluminum,Al,110.9,Oxide,715.89,,29.01,224.46,161.6,,,70.7,25.0,6.81,,72.624
USW,Nickel,Ni,Copper,Cu,79.7,Bare,2276.13,,41.4,944.35,303.6,,,27.3,47.7,14.02,,481.464
USW,Nickel,Ni,Copper,Cu,141.3,Bare,1270.38,,33.82,246.84,566.9,,,112.4,52.5,13.48,,471.397
USW,Nickel,Ni,Aluminum,Al,119.6,Tin-plated,1860.96,,50.01,504.37,346.2,,,28.2,46.4,21.42,,479.64
USW,Aluminum,Al,Aluminum,Al,182.6,Bare,2160.61,,15.81,194.27,196.5,,,92.8,13.2,6.7,,235.379
USW,Aluminum,Al,Aluminum,Al,224.6,Bare,654.54,,21.93,628.41,260.2,,,16.4,37.3,22.3,,100.224
USW,Copper,Cu,Aluminum,Al,227.4,Bare,1618.15,,23.25,750.64,342.7,,,12.8,25.3,21.17,,330.417
USW,Aluminum,Al,Aluminum,Al,166.7,Anodized,1180.8,,58.34,271.62,252.0,,,63.0,73.2,21.46,,235.31
USW,Nickel,Ni,Copper,Cu,105.4,Bare,2425.45,,48.15,705.04,303.7,,,118.1,64.6,22.12,,540.843
USW,Copper,Cu,Copper,Cu,52.5,Bare,636.11,,52.0,682.77,596.6,,,69.9,18.7,18.51,,286.736
USW,Copper,Cu,Aluminum,Al,235.7,Tin-plated,1110.49,,51.33,573.0,398.9,,,27.6,50.2,13.52,,333.062
USW,Nickel,Ni,Aluminum,Al,207.8,Oxide,2260.56,,43.88,947.47,473.0,,,44.7,53.7,17.79,,759.648
USW,Nickel,Ni,Copper,Cu,144.9,Bare,1758.56,,43.65,747.2,173.5,,,101.0,16.3,20.45,,216.34
USW,Copper,Cu,Aluminum,Al,155.3,Oxide,2506.58,,55.07,263.77,519.6,,,90.4,72.1,21.99,,1006.28
USW,Copper,Cu,Aluminum,Al,124.6,Nickel-plated,709.55,,43.0,174.11,379.0,,,91.5,64.3,24.17,,189.713
USW,Copper,Cu,Copper,Cu,226.2,Tin-plated,1031.81,,40.27,1194.43,214.1,,,49.4,39.2,7.65,,152.489
USW,Copper,Cu,Aluminum,Al,173.0,Carbon-coated,1914.52,,40.25,168.37,509.4,,,76.1,73.6,14.92,,673.19
USW,Copper,Cu,Aluminum,Al,176.0,Anodized,1732.54,,34.54,181.44,502.3,,,34.8,38.5,22.95,,573.085
USW,Aluminum,Al,Aluminum,Al,62.3,Tin-plated,1701.23,,40.78,511.95,415.2,,,89.2,48.1,5.96,,489.634
USW,Copper,Cu,Aluminum,Al,51.6,Oxide,2132.98,,51.33,479.38,268.4,,,63.0,66.6,22.53,,430.446
USW,Copper,Cu,Aluminum,Al,117.7,Bare,2146.29,,53.24,435.5,549.5,,,99.6,64.4,16.34,,899.207
USW,Nickel,Ni,Copper,Cu,30.2,Tin-plated,1800.78,,55.83,558.75,599.2,,,11.4,62.7,14.79,,838.259
USW,StainlessSteel,SS304,Nickel,Ni,47.9,Bare,2247.12,,52.05,176.76,572.7,,,40.3,24.1,16.85,,972.651
USW,Copper,Cu,Aluminum,Al,168.6,Bare,708.65,,33.35,336.05,414.8,,,74.3,15.6,19.49,,191.623
USW,Aluminum,Al,Aluminum,Al,61.6,Tin-plated,1159.6,,15.76,670.03,321.3,,,47.6,38.8,8.63,,206.516
USW,Copper,Cu,Aluminum,Al,60.7,Nickel-plated,1942.79,,41.83,511.78,377.7,,,82.9,41.4,22.12,,513.021
USW,Nickel,Ni,Aluminum,Al,233.0,Carbon-coated,1730.84,,56.96,220.13,488.9,,,84.2,67.8,24.62,,662.644
USW,Nickel,Ni,Aluminum,Al,243.5,Bare,778.37,,20.97,1127.96,278.9,,,77.7,28.4,13.53,,126.617
USW,Copper,Cu,Aluminum,Al,132.8,Carbon-coated,1009.83,,59.82,1103.02,439.0,,,109.1,38.1,13.75,,354.236
USW,Copper,Cu,Aluminum,Al,122.8,Oxide,1235.51,,36.05,723.42,588.2,,,39.4,25.3,24.57,,484.692
USW,Copper,Cu,Aluminum,Al,149.9,Bare,2051.97,,22.59,757.75,123.9,,,48.2,72.4,16.44,,150.545
USW,Copper,Cu,Aluminum,Al,124.9,Bare,1503.48,,45.69,1023.6,299.2,,,-4.4,67.2,5.11,,324.094
USW,Nickel,Ni,Aluminum,Al,139.9,Nickel-plated,750.36,,52.53,821.02,539.1,,,107.7,61.9,23.22,,306.817
USW,Aluminum,Al,Aluminum,Al,72.5,Nickel-plated,943.24,,39.58,921.28,345.7,,,97.6,17.2,24.45,,223.832
USW,Copper,Cu,Copper,Cu,211.8,Oxide,2353.29,,53.16,336.08,440.8,,,20.4,39.8,15.33,,790.403
USW,Copper,Cu,Aluminum,Al,241.1,Bare,1777.22,,47.36,600.12,440.4,,,19.8,62.5,20.5,,571.168
USW,Aluminum,Al,Aluminum,Al,236.4,Bare,2159.77,,21.59,982.02,282.5,,,81.0,38.2,12.51,,357.982
USW,Aluminum,Al,Aluminum,Al,69.7,Tin-plated,918.43,,59.65,862.68,429.8,,,1.0,68.8,10.89,,315.003
USW,Copper,Cu,Aluminum,Al,181.1,Nickel-plated,745.72,,44.31,1133.92,136.4,,,118.6,75.6,7.16,,72.494
USW,Copper,Cu,Aluminum,Al,160.7,Bare,2145.14,,27.08,601.46,404.5,,,41.7,42.0,16.4,,535.464
USW,Aluminum,Al,Aluminum,Al,226.3,Bare,667.82,,42.23,916.12,431.2,,,-7.9,21.1,10.95,,201.927
USW,StainlessSteel,SS304,Nickel,Ni,141.6,Bare,2364.98,,30.2,922.2,356.1,,,67.8,58.4,6.73,,534.302
USW,Copper,Cu,Copper,Cu,150.1,Nickel-plated,2425.84,,46.29,613.48,278.5,,,26.9,41.6,21.02,,488.955
USW,Nickel,Ni,Aluminum,Al,73.1,Oxide,652.44,,42.7,438.65,490.1,,,42.2,37.3,17.79,,225.088
USW,Copper,Cu,Aluminum,Al,138.9,Nickel-plated,899.83,,43.06,1111.08,352.9,,,71.6,78.1,12.07,,224.165
USW,Copper,Cu,Aluminum,Al,156.9,Nickel-plated,2181.06,,38.95,865.64,100.3,,,98.4,32.4,19.75,,149.461
USW,Copper,Cu,Copper,Cu,183.0,Carbon-coated,2335.58,,49.0,559.66,463.8,,,93.0,35.8,17.93,,800.473
USW,Aluminum,Al,Aluminum,Al,66.9,Carbon-coated,2092.95,,53.36,431.74,191.3,,,-5.0,57.1,7.69,,305.503
USW,Aluminum,Al,Aluminum,Al,211.8,Nickel-plated,1093.25,,57.82,867.7,469.7,,,41.2,19.8,7.9,,404.574
USW,Nickel,Ni,Copper,Cu,236.9,Nickel-plated,1745.19,,19.64,575.15,230.4,,,97.9,25.6,22.93,,231.479
USW,Nickel,Ni,Aluminum,Al,188.9,Carbon-coated,2490.05,,32.51,1167.06,185.9,,,14.3,63.3,7.74,,299.667
USW,Copper,Cu,Aluminum,Al,163.7,Tin-plated,2320.9,,57.28,261.52,455.3,,,80.3,34.0,6.15,,829.417
USW,Copper,Cu,Aluminum,Al,240.4,Carbon-coated,631.26,,29.42,662.16,440.1,,,74.0,46.3,15.73,,175.038
USW,Copper,Cu,Aluminum,Al,56.4,Tin-plated,1753.93,,56.68,268.86,340.6,,,15.2,54.0,14.76,,466.918
USW,Copper,Cu,Aluminum,Al,158.0,Bare,2277.13,,24.46,472.96,262.6,,,57.8,59.3,4.79,,360.338
USW,Copper,Cu,Aluminum,Al,190.4,Bare,2235.08,,36.41,1038.17,362.3,,,32.6,17.5,22.61,,541.65
USW,Aluminum,Al,Aluminum,Al,241.2,Bare,1994.25,,43.95,264.56,575.2,,,100.7,13.2,21.78,,815.377
USW,Copper,Cu,Aluminum,Al,165.5,Carbon-coated,1783.47,,36.28,213.15,466.3,,,36.0,42.0,6.56,,555.656
USW,Aluminum,Al,Aluminum,Al,215.8,Nickel-plated,1296.63,,22.33,293.69,265.4,,,25.3,19.1,21.99,,203.31
USW,Nickel,Ni,Copper,Cu,101.4,Oxide,2184.59,,35.24,614.31,249.3,,,45.7,14.1,14.64,,360.816
USW,Aluminum,Al,Aluminum,Al,193.0,Tin-plated,1279.07,,41.47,1162.76,498.3,,,33.9,33.6,15.37,,444.293
USW,Nickel,Ni,Copper,Cu,58.4,Anodized,2535.27,,51.56,599.51,266.1,,,69.8,22.4,23.12,,508.161
USW,Nickel,Ni,Aluminum,Al,206.4,Bare,1894.68,,25.44,1156.38,165.6,,,104.7,13.0,8.82,,190.731
USW,Nickel,Ni,Aluminum,Al,221.1,Bare,1279.86,,16.52,364.3,416.5,,,97.5,66.0,4.12,,297.689
USW,Copper,Cu,Aluminum,Al,217.2,Nickel-plated,1772.87,,59.78,665.16,349.8,,,3.0,31.2,12.04,,495.348
USW,StainlessSteel,SS304,Nickel,Ni,170.2,Nickel-plated,1886.29,,21.74,156.68,283.1,,,18.9,41.4,23.94,,313.743
USW,Nickel,Ni,Copper,Cu,76.0,Anodized,2210.77,,22.78,720.53,508.2,,,11.8,35.8,15.04,,666.46
USW,Copper,Cu,Aluminum,Al,61.5,Oxide,1209.74,,19.17,546.01,104.1,,,-1.8,24.0,4.15,,72.15
USW,Copper,Cu,Aluminum,Al,187.9,Nickel-plated,930.12,,36.22,694.62,143.5,,,24.1,21.2,4.51,,89.177
USW,Nickel,Ni,Copper,Cu,100.6,Tin-plated,1855.47,,36.77,547.86,531.4,,,107.0,43.6,11.63,,661.524
USW,Copper,Cu,Aluminum,Al,200.6,Tin-plated,2399.3,,39.92,916.03,296.2,,,70.4,45.8,13.53,,489.342
USW,Copper,Cu,Aluminum,Al,133.1,Bare,996.64,,50.42,914.72,562.9,,,47.1,18.5,18.44,,418.962
USW,StainlessSteel,SS304,Nickel,Ni,101.7,Bare,1733.75,,42.67,928.04,540.8,,,114.4,74.8,16.11,,659.774
USW,Nickel,Ni,Copper,Cu,158.7,Tin-plated,1701.32,,25.64,324.89,426.7,,,93.9,56.0,8.96,,442.146
USW,Copper,Cu,Aluminum,Al,74.7,Nickel-plated,1435.75,,37.01,826.84,468.6,,,65.1,72.6,10.47,,452.261
USW,Copper,Cu,Aluminum,Al,237.2,Nickel-plated,1107.79,,51.48,963.68,405.6,,,95.1,30.3,9.48,,338.205
USW,Copper,Cu,Aluminum,Al,219.3,Nickel-plated,948.66,,18.14,208.21,223.2,,,48.1,67.7,7.92,,120.181
USW,Aluminum,Al,Aluminum,Al,54.8,Nickel-plated,1253.75,,41.08,736.23,557.5,,,58.5,44.8,22.8,,485.7
USW,Copper,Cu,Aluminum,Al,51.7,Oxide,2181.17,,53.83,725.38,186.6,,,95.6,62.7,12.34,,311.718
USW,Copper,Cu,Aluminum,Al,236.7,Carbon-coated,1611.83,,40.6,516.78,205.3,,,62.0,52.5,14.89,,229.057
USW,Nickel,Ni,Copper,Cu,70.6,Tin-plated,721.76,,52.7,938.14,598.8,,,38.4,46.0,12.28,,328.219
USW,Copper,Cu,Aluminum,Al,233.0,Tin-plated,2310.37,,40.82,264.95,133.2,,,26.2,31.1,21.11,,213.414
USW,Copper,Cu,Aluminum,Al,227.7,Oxide,898.43,,40.97,968.18,464.9,,,17.3,61.0,4.48,,289.984
USW,Copper,Cu,Aluminum,Al,135.2,Tin-plated,985.7,,42.54,356.15,102.5,,,-6.9,31.2,19.43,,70.999
USW,Aluminum,Al,Aluminum,Al,50.4,Anodized,696.83,,21.79,309.38,203.6,,,17.4,51.5,7.05,,83.394
USW,Copper,Cu,Copper,Cu,132.6,Tin-plated,1811.67,,48.57,243.7,156.4,,,81.1,42.2,5.12,,208.625
USW,Copper,Cu,Aluminum,Al,188.8,Nickel-plated,1923.44,,56.65,947.95,566.2,,,13.5,18.5,19.18,,850.966
USW,Copper,Cu,Copper,Cu,155.8,Nickel-plated,1672.3,,44.72,628.11,538.4,,,84.9,12.6,11.08,,643.88
USW,Nickel,Ni,Copper,Cu,92.0,Bare,2179.67,,45.74,806.62,170.3,,,3.5,63.5,9.97,,267.554
USW,Copper,Cu,Aluminum,Al,63.0,Bare,2279.98,,41.61,885.66,283.4,,,76.4,78.7,6.7,,450.856
USW,Nickel,Ni,Copper,Cu,193.3,Tin-plated,1029.24,,45.01,776.01,164.1,,,99.2,14.6,20.91,,121.057
USW,Aluminum,Al,Aluminum,Al,243.2,Bare,1447.72,,31.16,492.97,283.3,,,-7.8,16.8,9.78,,262.431
USW,Nickel,Ni,Aluminum,Al,237.1,Carbon-coated,651.29,,59.55,1126.69,311.2,,,17.6,11.9,20.35,,161.659
USW,Copper,Cu,Aluminum,Al,43.3,Nickel-plated,2037.68,,58.38,602.78,531.0,,,20.0,44.6,5.29,,855.839
USW,Copper,Cu,Aluminum,Al,173.0,Carbon-coated,1122.12,,53.88,1019.16,442.2,,,6.4,29.7,11.19,,380.119
USW,Copper,Cu,Aluminum,Al,84.9,Bare,2415.96,,33.25,671.21,557.1,,,82.3,30.0,16.94,,876.725
USW,Copper,Cu,Aluminum,Al,44.3,Nickel-plated,2596.08,,31.74,596.43,186.2,,,106.1,31.6,18.22,,310.885
USW,Aluminum,Al,Aluminum,Al,85.2,Nickel-plated,1709.88,,49.61,987.12,357.1,,,3.8,68.6,6.32,,453.23
USW,Copper,Cu,Aluminum,Al,151.8,Bare,2126.89,,19.05,319.97,358.1,,,108.5,65.5,12.37,,436.083
USW,Aluminum,Al,Aluminum,Al,128.5,Bare,2039.59,,58.84,889.52,331.7,,,95.6,56.9,4.64,,536.906
USW,Copper,Cu,Aluminum,Al,131.6,Bare,695.6,,54.16,529.18,365.3,,,48.9,27.3,5.67,,195.063
USW,Copper,Cu,Aluminum,Al,184.9,Bare,963.45,,38.93,704.53,277.7,,,94.1,22.2,15.87,,182.695
USW,Aluminum,Al,Aluminum,Al,56.5,Bare,1942.1,,54.25,360.38,301.3,,,23.0,12.1,8.18,,449.409
USW,Nickel,Ni,Aluminum,Al,126.2,Bare,757.87,,41.33,700.85,515.3,,,47.1,27.8,21.29,,271.945
USW,Aluminum,Al,Aluminum,Al,118.7,Nickel-plated,1260.66,,41.52,942.85,497.6,,,-5.8,78.6,10.52,,437.396
USW,Aluminum,Al,Aluminum,Al,85.5,Bare,1771.13,,39.47,1138.55,134.0,,,76.6,18.7,17.76,,162.768
USW,Nickel,Ni,Copper,Cu,89.3,Bare,2594.97,,17.96,973.68,121.1,,,101.5,54.2,9.24,,178.077
USW,Aluminum,Al,Aluminum,Al,212.6,Oxide,1390.0,,42.27,1189.18,419.4,,,95.0,30.8,23.51,,409.006
USW,Copper,Cu,Aluminum,Al,209.0,Bare,1185.23,,33.49,551.1,149.8,,,66.7,58.0,15.69,,115.88
USW,Copper,Cu,Aluminum,Al,88.6,Bare,1244.64,,23.24,923.82,583.5,,,-3.6,43.6,7.66,,432.68
USW,Aluminum,Al,Aluminum,Al,249.0,Nickel-plated,2022.97,,56.0,323.4,315.4,,,65.8,73.8,4.31,,496.241
USW,Copper,Cu,Copper,Cu,143.4,Oxide,943.06,,19.01,207.67,179.2,,,-6.6,42.7,15.35,,96.698
USW,Copper,Cu,Aluminum,Al,50.9,Carbon-coated,2487.43,,50.96,396.97,442.2,,,94.4,53.9,23.67,,824.682
USW,Aluminum,Al,Aluminum,Al,201.6,Nickel-plated,823.91,,58.92,1160.65,465.5,,,67.4,71.9,7.08,,304.511
USW,Copper,Cu,Copper,Cu,141.8,Oxide,2541.02,,56.76,1088.87,252.1,,,115.4,74.9,21.88,,500.868
USW,Nickel,Ni,Copper,Cu,108.3,Nickel-plated,1742.18,,34.82,682.19,318.8,,,48.7,71.6,23.47,,366.656
USW,Copper,Cu,Aluminum,Al,40.3,Nickel-plated,787.39,,52.92,1034.22,290.1,,,95.5,28.2,13.94,,173.765
USW,Aluminum,Al,Aluminum,Al,48.5,Bare,1948.68,,41.57,981.04,400.0,,,1.9,55.4,22.71,,543.699
USW,Nickel,Ni,Aluminum,Al,116.3,Carbon-coated,2295.86,,44.91,202.53,121.6,,,9.6,60.8,18.08,,199.878
USW,Nickel,Ni,Copper,Cu,203.8,Nickel-plated,688.04,,55.48,824.44,188.5,,,23.6,65.3,11.45,,100.509
USW,Nickel,Ni,Aluminum,Al,103.3,Bare,2462.02,,41.15,1051.94,429.3,,,79.8,49.1,6.25,,734.877
USW,Copper,Cu,Aluminum,Al,233.8,Tin-plated,1819.65,,32.27,411.09,232.4,,,73.2,71.9,9.94,,273.175
USW,Copper,Cu,Aluminum,Al,44.2,Bare,804.42,,21.41,1180.29,277.8,,,48.9,31.9,15.78,,130.853
USW,Nickel,Ni,Copper,Cu,57.5,Nickel-plated,2178.69,,24.99,711.35,366.4,,,42.9,48.0,16.05,,483.29
USW,Copper,Cu,Copper,Cu,86.9,Nickel-plated,2105.79,,35.03,754.54,312.5,,,104.4,19.6,24.8,,435.111
USW,Copper,Cu,Aluminum,Al,212.5,Nickel-plated,2049.54,,31.1,943.27,399.8,,,29.0,25.0,19.89,,524.018
USW,StainlessSteel,SS304,Nickel,Ni,53.8,Bare,2388.88,,30.38,1180.06,121.9,,,103.5,60.0,19.11,,185.034
USW,Aluminum,Al,Aluminum,Al,212.6,Bare,2412.86,,27.53,467.19,172.3,,,2.3,33.3,7.48,,257.625
USW,Copper,Cu,Aluminum,Al,72.5,Bare,1734.44,,33.09,216.34,477.8,,,31.3,12.2,4.59,,539.095
USW,Nickel,Ni,Aluminum,Al,57.9,Bare,2106.02,,43.37,724.04,578.2,,,87.2,64.1,15.3,,861.689
USW,Nickel,Ni,Aluminum,Al,51.3,Bare,1633.94,,59.79,976.64,519.9,,,50.0,48.6,9.69,,678.544
USW,Nickel,Ni,Aluminum,Al,150.1,Nickel-plated,2209.53,,26.2,1174.02,297.9,,,71.5,76.3,15.31,,403.01
USW,Aluminum,Al,Aluminum,Al,98.7,Carbon-coated,1280.57,,26.75,479.23,430.0,,,110.9,36.7,5.9,,338.778
USW,Copper,Cu,Copper,Cu,42.9,Tin-plated,1322.63,,46.36,550.56,447.4,,,83.9,57.6,14.03,,428.554
USW,Copper,Cu,Aluminum,Al,43.6,Oxide,2142.58,,51.34,367.5,257.2,,,0.2,57.8,15.29,,414.329
USW,Nickel,Ni,Copper,Cu,87.2,Bare,1571.02,,17.21,773.82,425.7,,,6.3,46.0,5.17,,376.016
USW,Copper,Cu,Aluminum,Al,69.4,Bare,1350.09,,53.93,974.79,470.3,,,58.9,50.6,11.9,,486.537
USW,Aluminum,Al,Aluminum,Al,203.6,Bare,2181.01,,28.98,594.77,282.1,,,54.7,13.5,4.3,,386.182
USW,Copper,Cu,Aluminum,Al,202.2,Bare,1041.47,,50.16,995.53,114.4,,,106.0,50.0,10.7,,88.835
USW,Nickel,Ni,Aluminum,Al,222.7,Oxide,968.65,,33.84,885.63,127.1,,,38.0,65.9,21.94,,80.599
USW,Copper,Cu,Aluminum,Al,41.8,Tin-plated,920.53,,23.4,333.65,247.1,,,69.1,26.0,18.18,,135.699
USW,Nickel,Ni,Copper,Cu,182.7,Nickel-plated,2127.62,,42.6,559.65,151.8,,,45.7,71.7,12.43,,227.195
USW,Nickel,Ni,Copper,Cu,243.9,Nickel-plated,1666.82,,38.27,557.66,130.0,,,3.0,36.1,24.09,,147.17
USW,StainlessSteel,SS304,Nickel,Ni,143.6,Bare,2583.27,,20.75,1068.35,186.4,,,-8.0,43.2,18.93,,280.295
USW,Nickel,Ni,Aluminum,Al,33.0,Oxide,2588.43,,33.38,426.28,182.1,,,47.7,65.0,13.37,,307.311
USW,Copper,Cu,Aluminum,Al,41.8,Nickel-plated,2119.44,,36.54,389.37,272.9,,,85.0,74.4,8.8,,387.283
USW,Copper,Cu,Aluminum,Al,151.9,Anodized,1336.99,,26.91,689.76,254.9,,,87.8,13.4,17.35,,209.979
USW,Aluminum,Al,Aluminum,Al,223.3,Bare,2500.05,,17.12,859.61,314.6,,,87.7,45.2,19.8,,441.88
USW,Copper,Cu,Aluminum,Al,62.0,Bare,822.81,,57.5,311.87,456.5,,,74.8,33.7,22.48,,295.25
USW,Nickel,Ni,Copper,Cu,245.0,Tin-plated,2231.2,,18.82,610.31,486.8,,,69.9,61.6,17.04,,620.396
USW,Copper,Cu,Aluminum,Al,193.3,Nickel-plated,2335.22,,39.98,548.48,184.9,,,28.2,54.9,4.64,,297.332
USW,Aluminum,Al,Aluminum,Al,43.4,Oxide,1374.05,,26.11,193.79,264.5,,,82.8,55.9,16.74,,222.306
USW,Copper,Cu,Aluminum,Al,80.5,Tin-plated,889.65,,43.09,390.91,523.9,,,69.2,65.5,14.56,,329.065
USW,Copper,Cu,Aluminum,Al,203.3,Tin-plated,2030.31,,32.84,647.88,243.3,,,101.5,70.4,14.81,,320.635
USW,Nickel,Ni,Copper,Cu,85.9,Carbon-coated,1123.31,,34.24,1017.14,205.1,,,34.9,22.1,24.07,,151.362
USW,Copper,Cu,Aluminum,Al,77.8,Tin-plated,631.14,,45.88,943.43,500.2,,,-1.4,52.2,15.6,,227.806
USW,Copper,Cu,Aluminum,Al,130.4,Nickel-plated,2348.27,,48.09,994.1,383.9,,,67.4,20.3,17.88,,661.637
USW,Aluminum,Al,Aluminum,Al,225.1,Tin-plated,2586.42,,29.15,757.71,166.4,,,56.9,20.9,5.28,,270.584
USW,Copper,Cu,Aluminum,Al,112.9,Bare,2057.8,,41.92,935.08,290.7,,,48.4,19.6,5.88,,418.431
USW,Copper,Cu,Aluminum,Al,172.7,Nickel-plated,1070.93,,40.56,258.36,587.9,,,107.6,68.2,7.42,,435.681
USW,Copper,Cu,Copper,Cu,209.7,Carbon-coated,2566.81,,38.27,690.42,124.7,,,55.0,37.4,15.9,,217.401
USW,Nickel,Ni,Aluminum,Al,209.6,Bare,2377.93,,15.73,876.25,293.0,,,11.8,18.5,8.83,,385.999
USW,Copper,Cu,Aluminum,Al,168.9,Tin-plated,2204.08,,36.64,555.55,105.6,,,108.3,45.6,15.72,,155.995
USW,Copper,Cu,Aluminum,Al,93.5,Carbon-coated,1706.07,,56.79,832.37,420.6,,,38.4,65.8,8.94,,561.209
USW,Aluminum,Al,Aluminum,Al,122.7,Tin-plated,1883.03,,23.77,474.8,533.2,,,-3.8,43.8,21.98,,601.135
USW,Nickel,Ni,Copper,Cu,73.7,Oxide,2270.6,,33.19,341.5,285.0,,,92.7,12.4,4.35,,421.364
USW,Nickel,Ni,Aluminum,Al,126.3,Bare,1978.06,,34.62,1171.07,434.2,,,113.8,51.2,4.41,,566.007
USW,Copper,Cu,Aluminum,Al,231.6,Bare,780.59,,52.83,1192.77,212.4,,,-8.3,55.3,5.82,,126.035
USW,Nickel,Ni,Copper,Cu,165.1,Carbon-coated,2144.85,,36.12,698.93,107.5,,,60.4,17.0,16.42,,153.906
USW,Nickel,Ni,Copper,Cu,94.7,Bare,1734.94,,42.98,317.27,403.5,,,45.9,48.4,15.22,,493.812
USW,Aluminum,Al,Aluminum,Al,144.4,Tin-plated,1658.28,,45.7,822.88,490.8,,,60.2,49.1,6.48,,586.422
USW,Copper,Cu,Aluminum,Al,109.9,Oxide,2393.58,,16.05,774.44,163.3,,,94.4,40.0,15.96,,217.2
USW,Copper,Cu,Aluminum,Al,108.9,Oxide,1754.62,,52.4,346.11,107.3,,,104.6,63.5,17.25,,142.726
USW,Aluminum,Al,Aluminum,Al,227.4,Bare,745.68,,35.74,502.4,257.2,,,-9.2,76.1,6.92,,127.575
USW,Aluminum,Al,Aluminum,Al,177.6,Bare,1804.25,,50.28,251.4,436.5,,,49.4,59.4,10.23,,587.509
USW,Aluminum,Al,Aluminum,Al,160.3,Carbon-coated,954.05,,21.34,1140.18,267.1,,,26.4,52.6,13.15,,149.151
USW,Aluminum,Al,Aluminum,Al,231.0,Bare,1132.8,,20.94,1014.47,273.3,,,95.5,71.7,19.36,,180.489
USW,Aluminum,Al,Aluminum,Al,201.5,Bare,883.07,,53.01,535.53,515.3,,,98.6,32.3,21.74,,346.323
USW,Copper,Cu,Aluminum,Al,117.8,Carbon-coated,1420.02,,57.78,632.33,205.6,,,85.5,14.4,22.87,,230.002
USW,Nickel,Ni,Copper,Cu,65.9,Nickel-plated,2042.24,,50.44,155.31,144.5,,,51.1,22.4,10.89,,220.378
USW,Nickel,Ni,Aluminum,Al,181.5,Tin-plated,872.5,,33.89,558.96,567.0,,,96.2,22.8,9.05,,323.983
USW,Nickel,Ni,Copper,Cu,43.0,Bare,1996.03,,57.7,246.04,387.2,,,38.5,43.7,15.81,,608.365
USW,Copper,Cu,Copper,Cu,54.0,Oxide,971.86,,18.64,1074.12,471.9,,,99.7,72.0,5.81,,261.532
USW,Nickel,Ni,Copper,Cu,155.3,Bare,741.76,,34.36,479.61,107.4,,,93.2,13.7,4.69,,52.361
USW,Copper,Cu,Aluminum,Al,49.1,Nickel-plated,1723.55,,29.73,457.69,505.4,,,81.1,79.2,20.49,,550.316
USW,Aluminum,Al,Aluminum,Al,156.1,Oxide,863.01,,26.57,1154.38,483.0,,,50.9,51.5,12.65,,256.047
USW,Nickel,Ni,Copper,Cu,143.2,Bare,2209.55,,51.49,236.77,550.8,,,114.7,65.5,13.96,,916.172
USW,Copper,Cu,Aluminum,Al,107.4,Nickel-plated,1043.56,,23.24,641.69,248.4,,,23.5,13.2,16.83,,154.432
USW,Nickel,Ni,Copper,Cu,145.3,Carbon-coated,2342.71,,21.81,706.44,302.8,,,84.7,40.6,9.08,,417.024
USW,Aluminum,Al,Aluminum,Al,72.6,Nickel-plated,2592.91,,55.09,1127.5,351.7,,,-4.9,40.0,24.78,,704.67
USW,StainlessSteel,SS304,Nickel,Ni,232.7,Oxide,2299.62,,33.27,294.79,123.7,,,31.3,25.9,17.24,,185.345
USW,Aluminum,Al,Aluminum,Al,41.0,Bare,1304.88,,31.39,566.92,203.0,,,47.8,29.4,17.02,,169.805
USW,Nickel,Ni,Copper,Cu,103.3,Oxide,1586.77,,46.49,917.15,433.0,,,67.2,47.9,6.25,,498.146
USW,Nickel,Ni,Aluminum,Al,52.0,Oxide,789.51,,59.38,170.05,264.3,,,3.0,15.8,23.77,,166.197
USW,Nickel,Ni,Aluminum,Al,184.6,Bare,2034.17,,31.69,395.5,508.8,,,78.7,13.8,4.5,,665.207
USW,Copper,Cu,Copper,Cu,30.1,Bare,1475.47,,29.12,983.58,382.9,,,0.8,22.4,6.84,,355.083
USW,Copper,Cu,Aluminum,Al,208.7,Carbon-coated,821.99,,24.66,905.45,191.5,,,10.5,39.2,5.66,,95.044
USW,StainlessSteel,SS304,Nickel,Ni,87.1,Tin-plated,663.98,,27.71,1153.65,346.2,,,75.1,58.0,16.97,,142.646
USW,Nickel,Ni,Copper,Cu,151.2,Carbon-coated,1779.77,,31.48,179.45,215.3,,,99.8,42.5,18.87,,245.828
USW,Copper,Cu,Aluminum,Al,240.6,Tin-plated,2145.72,,15.55,874.53,389.5,,,-8.7,37.5,24.37,,462.205
USW,Copper,Cu,Aluminum,Al,124.2,Nickel-plated,2120.63,,17.9,719.9,413.4,,,111.9,71.5,18.67,,496.322
USW,StainlessSteel,SS304,Nickel,Ni,165.4,Carbon-coated,1318.35,,49.2,405.81,286.9,,,118.8,33.6,24.16,,279.89
USW,Copper,Cu,Aluminum,Al,43.1,Anodized,1755.22,,43.99,567.67,314.2,,,37.0,14.9,15.96,,392.172
USW,Nickel,Ni,Copper,Cu,187.8,Nickel-plated,1990.9,,25.87,652.93,233.5,,,-2.4,48.3,4.93,,283.798
USW,Nickel,Ni,Copper,Cu,155.5,Bare,2526.36,,31.87,386.28,101.4,,,114.3,56.4,16.2,,164.892
USW,Copper,Cu,Aluminum,Al,102.2,Bare,2256.88,,18.28,373.14,289.7,,,100.2,21.0,17.29,,371.566
USW,Nickel,Ni,Aluminum,Al,148.2,Bare,973.54,,57.62,887.58,174.7,,,13.9,17.4,5.28,,133.829
USW,Copper,Cu,Aluminum,Al,192.2,Bare,2390.06,,33.98,860.61,278.1,,,101.3,14.9,4.84,,435.63
USW,Nickel,Ni,Copper,Cu,142.3,Bare,2405.71,,18.98,562.21,210.0,,,60.3,73.9,7.18,,288.984
USW,Nickel,Ni,Aluminum,Al,240.7,Carbon-coated,2108.47,,59.82,734.31,591.0,,,26.6,57.5,13.59,,995.666
USW,Nickel,Ni,Aluminum,Al,160.6,Nickel-plated,934.97,,17.09,1150.91,220.1,,,101.9,16.1,12.89,,115.59
USW,Nickel,Ni,Aluminum,Al,61.1,Bare,755.48,,35.79,636.54,112.3,,,93.7,71.9,14.93,,56.476
USW,Copper,Cu,Aluminum,Al,105.7,Bare,1701.46,,23.14,603.02,578.7,,,47.8,16.4,18.99,,586.106
USW,Nickel,Ni,Copper,Cu,107.6,Carbon-coated,1644.51,,55.94,908.93,443.2,,,84.3,22.0,20.5,,566.649
USW,Aluminum,Al,Aluminum,Al,76.5,Bare,763.11,,41.48,478.59,474.8,,,90.5,45.2,15.55,,252.595
USW,Aluminum,Al,Aluminum,Al,152.3,Bare,2584.83,,30.29,398.15,367.5,,,81.5,16.6,5.06,,603.106
USW,Copper,Cu,Copper,Cu,112.6,Carbon-coated,1763.77,,55.46,993.89,238.1,,,18.1,48.3,14.68,,325.321
USW,Copper,Cu,Aluminum,Al,143.1,Bare,925.03,,17.43,728.76,407.5,,,-3.1,16.7,19.83,,212.419
USW,Copper,Cu,Copper,Cu,175.7,Bare,1154.85,,36.93,442.7,205.7,,,99.0,26.0,9.29,,159.601
USW,Nickel,Ni,Copper,Cu,122.7,Anodized,1804.89,,23.83,160.72,163.3,,,58.2,17.7,11.56,,176.533
USW,Copper,Cu,Aluminum,Al,41.2,Carbon-coated,1038.04,,20.9,902.79,349.0,,,-5.3,24.6,18.61,,211.142
USW,Copper,Cu,Aluminum,Al,187.9,Bare,861.29,,19.21,502.24,123.5,,,103.9,27.1,20.31,,60.999
USW,Copper,Cu,Aluminum,Al,105.8,Oxide,2256.35,,35.56,523.65,551.5,,,78.7,67.7,8.85,,826.623
USW,Aluminum,Al,Aluminum,Al,35.0,Bare,1431.42,,54.76,870.08,471.1,,,7.2,15.0,16.56,,519.88
USW,Copper,Cu,Aluminum,Al,65.0,Tin-plated,838.66,,50.33,426.85,521.1,,,69.1,70.2,15.15,,326.132
USW,Nickel,Ni,Copper,Cu,65.7,Nickel-plated,1006.05,,20.33,661.19,350.5,,,-1.3,37.1,20.83,,204.414
USW,Aluminum,Al,Aluminum,Al,215.1,Carbon-coated,2106.29,,55.09,552.32,450.2,,,37.9,68.9,13.67,,732.764
USW,Copper,Cu,Aluminum,Al,109.6,Bare,2126.13,,26.46,838.83,320.5,,,56.6,37.6,10.03,,418.164
USW,StainlessSteel,SS304,Nickel,Ni,71.5,Bare,617.07,,44.13,545.78,326.8,,,79.0,52.3,12.75,,143.546
USW,Copper,Cu,Aluminum,Al,55.8,Bare,1032.88,,33.49,294.32,514.4,,,7.5,71.7,7.08,,346.79
USW,Copper,Cu,Copper,Cu,63.3,Tin-plated,1872.46,,57.97,710.49,346.5,,,80.4,28.7,21.85,,511.736
USW,StainlessSteel,SS304,Nickel,Ni,234.7,Bare,1222.27,,51.93,238.87,400.4,,,70.3,61.8,9.04,,369.569
USW,Copper,Cu,Aluminum,Al,82.7,Bare,2578.65,,57.63,1172.81,193.3,,,16.1,33.7,24.28,,392.247
USW,Copper,Cu,Aluminum,Al,87.4,Bare,2217.83,,25.84,232.62,517.2,,,59.1,25.7,21.12,,699.999
USW,Aluminum,Al,Aluminum,Al,188.1,Bare,2055.53,,56.23,741.9,234.3,,,42.7,36.2,13.8,,375.161
USW,Aluminum,Al,Aluminum,Al,205.4,Bare,2402.98,,43.61,1144.34,280.2,,,66.3,72.6,20.21,,477.413
USW,Copper,Cu,Aluminum,Al,116.5,Carbon-coated,1605.58,,58.3,216.76,204.3,,,51.4,70.0,16.49,,259.336
USW,Copper,Cu,Aluminum,Al,147.8,Carbon-coated,2450.59,,57.16,1112.92,253.2,,,34.6,35.9,16.03,,486.546
USW,Copper,Cu,Aluminum,Al,101.1,Carbon-coated,1394.15,,52.99,340.81,526.7,,,88.9,51.7,16.09,,558.871
USW,Aluminum,Al,Aluminum,Al,110.9,Tin-plated,1131.39,,32.32,1129.78,243.0,,,117.5,19.6,24.73,,177.628
USW,StainlessSteel,SS304,Nickel,Ni,84.5,Carbon-coated,2233.16,,28.54,482.57,254.5,,,74.6,50.8,23.76,,355.316
USW,Copper,Cu,Aluminum,Al,199.5,Bare,1961.34,,15.81,710.87,443.1,,,63.7,25.4,24.18,,481.946
USW,Nickel,Ni,Aluminum,Al,61.3,Bare,1697.97,,19.16,1129.16,240.4,,,96.9,74.4,11.74,,233.957
USW,Copper,Cu,Aluminum,Al,227.2,Nickel-plated,2195.02,,26.69,1036.35,425.2,,,116.0,29.6,23.02,,573.997
USW,Copper,Cu,Aluminum,Al,66.0,Tin-plated,650.63,,38.81,986.46,537.7,,,54.6,55.0,21.13,,238.665
USW,Copper,Cu,Aluminum,Al,157.0,Nickel-plated,976.6,,36.06,267.05,555.5,,,47.8,41.7,10.8,,361.861
USW,Copper,Cu,Aluminum,Al,209.4,Oxide,725.76,,56.74,535.86,424.5,,,89.2,59.0,23.58,,240.913
USW,Copper,Cu,Aluminum,Al,218.4,Bare,1218.38,,29.39,845.7,572.7,,,-6.7,20.6,6.69,,439.541
USW,Copper,Cu,Aluminum,Al,182.3,Bare,2126.13,,38.81,808.92,143.4,,,29.1,77.7,23.29,,208.048
USW,Nickel,Ni,Aluminum,Al,166.9,Bare,2151.13,,22.92,906.89,400.5,,,15.8,23.9,7.24,,511.707
USW,Nickel,Ni,Copper,Cu,105.7,Tin-plated,1304.5,,55.2,842.24,206.6,,,101.3,64.9,24.29,,208.419
USW,Copper,Cu,Aluminum,Al,127.4,Tin-plated,1644.42,,42.36,151.5,281.8,,,73.2,64.0,7.99,,325.292
USW,Copper,Cu,Copper,Cu,202.0,Bare,1453.64,,37.83,1170.59,334.8,,,106.3,68.2,8.76,,329.366
USW,Copper,Cu,Aluminum,Al,71.2,Nickel-plated,841.59,,37.75,316.31,526.8,,,116.9,13.2,20.55,,299.871
USW,Copper,Cu,Aluminum,Al,52.0,Tin-plated,2560.97,,25.0,1160.88,438.9,,,53.9,20.9,24.0,,680.638
USW,Copper,Cu,Aluminum,Al,176.6,Oxide,2014.9,,26.8,1052.51,489.7,,,1.7,70.1,13.13,,607.316
USW,Copper,Cu,Aluminum,Al,76.2,Anodized,1981.7,,21.87,1149.9,559.8,,,88.0,19.2,8.55,,652.54
USW,Copper,Cu,Copper,Cu,249.4,Bare,2316.13,,40.47,903.22,432.5,,,88.1,30.4,24.8,,692.715
USW,Nickel,Ni,Aluminum,Al,119.1,Bare,1835.86,,59.69,371.62,428.0,,,13.2,77.1,21.24,,627.302
USW,Copper,Cu,Aluminum,Al,135.3,Oxide,1895.51,,38.92,435.13,441.8,,,106.6,65.3,5.4,,571.927
USW,Copper,Cu,Aluminum,Al,99.4,Oxide,2144.34,,44.39,490.16,106.8,,,20.7,44.0,23.95,,163.32
USW,Copper,Cu,Aluminum,Al,42.6,Oxide,1058.48,,52.27,647.2,282.7,,,40.1,38.1,17.94,,226.521
USW,Nickel,Ni,Copper,Cu,100.1,Nickel-plated,2473.57,,44.69,536.7,314.1,,,92.8,13.2,20.78,,555.385
USW,Copper,Cu,Aluminum,Al,105.3,Nickel-plated,2466.69,,19.11,906.94,396.2,,,63.6,74.3,4.36,,559.847
USW,Copper,Cu,Aluminum,Al,70.7,Nickel-plated,874.18,,26.41,606.33,179.1,,,61.1,35.0,4.01,,96.063
USW,Copper,Cu,Copper,Cu,190.4,Bare,2481.6,,40.72,939.49,315.0,,,74.8,16.7,10.46,,541.635
USW,Aluminum,Al,Aluminum,Al,119.3,Nickel-plated,1031.24,,22.42,665.08,341.9,,,59.2,55.3,14.99,,208.483
USW,Copper,Cu,Copper,Cu,173.4,Tin-plated,2518.29,,46.3,1162.03,367.4,,,90.2,19.2,4.59,,669.7
USW,Aluminum,Al,Aluminum,Al,235.9,Carbon-coated,2400.22,,46.42,474.21,157.6,,,35.8,68.8,18.38,,274.163
USW,Nickel,Ni,Copper,Cu,239.8,Tin-plated,1873.87,,23.18,280.92,122.8,,,32.7,23.2,20.5,,137.058
USW,Copper,Cu,Aluminum,Al,137.0,Bare,1726.08,,35.52,1117.74,340.0,,,99.5,64.2,24.86,,389.658
USW,Copper,Cu,Aluminum,Al,117.0,Bare,1470.52,,33.04,751.02,396.5,,,44.7,49.3,17.97,,379.163
USW,Nickel,Ni,Aluminum,Al,114.8,Bare,667.55,,53.61,184.68,303.4,,,1.6,67.1,18.5,,154.809
USW,Copper,Cu,Copper,Cu,192.6,Anodized,1832.92,,58.33,613.45,155.0,,,51.1,12.6,15.87,,224.58
USW,Copper,Cu,Copper,Cu,79.0,Bare,1787.13,,47.36,338.21,274.9,,,7.9,58.7,18.59,,358.492
USW,Copper,Cu,Aluminum,Al,95.9,Anodized,1828.16,,56.23,801.8,379.8,,,43.8,24.4,21.92,,540.91
USW,Copper,Cu,Aluminum,Al,121.1,Nickel-plated,1260.82,,26.78,1096.18,561.7,,,41.2,74.6,10.27,,435.827
USW,Copper,Cu,Aluminum,Al,227.3,Nickel-plated,2456.01,,41.51,940.63,221.2,,,23.5,15.1,12.31,,378.856
USW,Nickel,Ni,Aluminum,Al,79.8,Carbon-coated,1127.59,,38.66,859.82,428.7,,,25.9,41.6,22.42,,329.407
USW,Copper,Cu,Aluminum,Al,122.4,Nickel-plated,2470.36,,59.47,852.46,366.6,,,-3.8,33.0,14.02,,721.843
USW,Aluminum,Al,Aluminum,Al,84.8,Bare,2388.43,,40.7,285.54,445.6,,,101.6,28.9,4.17,,737.345
USW,Aluminum,Al,Aluminum,Al,227.8,Nickel-plated,1860.59,,50.3,539.07,336.3,,,-4.4,32.9,8.05,,466.856
USW,Nickel,Ni,Aluminum,Al,39.4,Bare,1208.77,,56.8,305.8,405.5,,,6.3,27.1,13.09,,383.384
USW,Nickel,Ni,Copper,Cu,108.3,Bare,2067.68,,35.77,1051.4,532.2,,,8.4,61.6,6.41,,732.127
USW,Aluminum,Al,Aluminum,Al,168.2,Oxide,1710.75,,34.36,996.47,561.3,,,14.7,50.8,24.24,,631.476
USW,Nickel,Ni,Aluminum,Al,95.6,Bare,1375.77,,18.81,383.96,371.0,,,23.9,35.2,10.87,,291.543
USW,Nickel,Ni,Aluminum,Al,212.3,Bare,871.46,,53.61,354.65,328.8,,,28.6,22.8,18.09,,219.029
USW,Aluminum,Al,Aluminum,Al,81.0,Nickel-plated,1608.87,,46.19,991.05,298.1,,,75.3,11.3,16.17,,346.917
USW,Nickel,Ni,Copper,Cu,247.5,Tin-plated,2394.37,,40.61,444.61,476.6,,,-5.8,65.4,18.93,,790.042
USW,Copper,Cu,Aluminum,Al,175.8,Nickel-plated,728.82,,26.86,1193.22,251.0,,,94.6,16.3,22.67,,112.687
USW,Copper,Cu,Aluminum,Al,213.6,Carbon-coated,2230.13,,42.43,444.35,295.4,,,19.7,65.6,7.43,,462.746
USW,Nickel,Ni,Copper,Cu,196.9,Bare,2588.03,,43.06,395.46,168.1,,,84.9,62.8,6.8,,307.186
USW,Aluminum,Al,Aluminum,Al,223.1,Bare,1107.28,,36.08,221.11,446.1,,,118.9,25.1,8.61,,329.546
USW,Aluminum,Al,Aluminum,Al,32.4,Oxide,1556.78,,42.45,938.45,257.6,,,49.3,75.3,6.98,,281.71
USW,Copper,Cu,Aluminum,Al,42.3,Carbon-coated,1061.66,,41.18,958.06,508.0,,,26.1,35.9,7.63,,375.086
USW,Copper,Cu,Aluminum,Al,204.3,Bare,1516.91,,57.59,989.53,504.7,,,25.2,74.3,15.34,,602.295
USW,Nickel,Ni,Aluminum,Al,65.9,Bare,1185.35,,54.65,211.41,507.2,,,-7.9,41.8,20.74,,463.058
USW,Nickel,Ni,Aluminum,Al,131.8,Oxide,2434.69,,43.9,875.53,260.6,,,23.7,71.8,6.13,,450.755
USW,Copper,Cu,Aluminum,Al,219.7,Carbon-coated,1319.52,,39.37,713.66,560.2,,,92.3,52.1,5.05,,506.694
USW,Copper,Cu,Copper,Cu,221.9,Bare,1797.59,,51.12,764.18,444.0,,,71.8,33.8,7.27,,599.193
USW,Nickel,Ni,Copper,Cu,141.6,Tin-plated,1570.94,,43.22,623.94,484.7,,,26.6,27.8,23.89,,538.192
USW,Copper,Cu,Aluminum,Al,40.4,Nickel-plated,683.93,,46.36,1181.65,376.4,,,6.9,16.0,24.29,,186.436
USW,Nickel,Ni,Copper,Cu,244.7,Bare,2325.91,,36.81,878.27,499.0,,,-3.5,74.1,21.96,,778.945
USW,Aluminum,Al,Aluminum,Al,166.3,Bare,1796.36,,48.08,1092.27,154.7,,,35.8,51.1,11.45,,203.916
USW,Copper,Cu,Aluminum,Al,194.7,Bare,963.58,,15.97,1050.01,174.8,,,107.7,76.2,15.71,,93.556
USW,Copper,Cu,Aluminum,Al,87.3,Oxide,2516.23,,55.89,927.04,100.8,,,78.3,58.0,12.03,,197.034
USW,Copper,Cu,Aluminum,Al,127.4,Carbon-coated,1604.41,,38.34,684.0,390.1,,,116.9,30.6,4.39,,425.324
USW,Copper,Cu,Aluminum,Al,219.2,Nickel-plated,1614.97,,30.72,792.68,537.5,,,-7.3,21.6,11.93,,553.219
USW,Copper,Cu,Copper,Cu,228.8,Bare,1018.41,,57.64,777.62,258.3,,,54.6,53.7,17.33,,206.972
USW,Copper,Cu,Aluminum,Al,204.9,Bare,907.22,,33.83,1080.11,274.6,,,109.8,43.2,11.53,,163.1
USW,Nickel,Ni,Copper,Cu,156.0,Carbon-coated,1171.68,,18.21,1120.26,577.5,,,7.4,55.8,7.17,,384.237
USW,Copper,Cu,Aluminum,Al,196.6,Tin-plated,1471.78,,35.85,906.21,177.1,,,9.7,32.2,12.45,,173.532
USW,Nickel,Ni,Copper,Cu,239.9,Bare,1270.45,,26.66,690.09,423.2,,,84.0,56.5,11.92,,330.515
USW,Copper,Cu,Aluminum,Al,174.0,Oxide,1145.22,,39.05,1043.54,452.2,,,16.6,17.5,4.85,,354.009
USW,Nickel,Ni,Copper,Cu,50.8,Oxide,1344.23,,28.32,845.88,541.7,,,0.9,69.5,20.42,,454.405
USW,Aluminum,Al,Aluminum,Al,147.9,Anodized,616.87,,49.36,265.22,263.4,,,103.1,48.0,10.26,,120.364
USW,Copper,Cu,Aluminum,Al,59.4,Oxide,2189.22,,22.99,1124.47,557.8,,,30.2,31.4,4.02,,725.848
USW,Copper,Cu,Copper,Cu,144.6,Oxide,1875.61,,27.68,1063.73,474.5,,,52.5,68.2,24.16,,552.142
USW,Copper,Cu,Aluminum,Al,95.2,Bare,2029.72,,34.63,302.07,137.6,,,46.6,19.1,16.82,,183.995
USW,Copper,Cu,Aluminum,Al,164.6,Nickel-plated,825.54,,47.97,1134.54,558.5,,,-1.7,29.9,20.71,,338.055
USW,Nickel,Ni,Aluminum,Al,219.8,Nickel-plated,1412.5,,42.42,1175.6,238.8,,,102.6,16.3,21.33,,236.95
USW,Copper,Cu,Aluminum,Al,54.4,Nickel-plated,2350.37,,34.0,171.98,444.1,,,10.9,58.9,5.2,,684.266
USW,Copper,Cu,Aluminum,Al,194.6,Nickel-plated,1392.06,,54.28,154.04,415.9,,,-9.3,75.5,8.06,,444.784
USW,Copper,Cu,Aluminum,Al,81.7,Tin-plated,1706.3,,22.28,588.83,505.2,,,21.8,47.1,23.64,,508.948
USW,Nickel,Ni,Copper,Cu,129.2,Nickel-plated,2245.27,,49.03,1130.24,528.9,,,89.7,14.4,13.08,,877.66
USW,Aluminum,Al,Aluminum,Al,140.4,Carbon-coated,2365.53,,24.17,1005.29,303.8,,,105.6,71.7,18.14,,431.815
USW,Aluminum,Al,Aluminum,Al,242.0,Carbon-coated,2135.93,,22.97,627.62,223.9,,,72.5,71.8,19.75,,284.215
USW,StainlessSteel,SS304,Nickel,Ni,71.8,Tin-plated,1002.25,,25.15,789.21,149.6,,,4.1,78.1,20.61,,90.907
USW,Aluminum,Al,Aluminum,Al,71.1,Tin-plated,726.6,,36.46,893.66,482.1,,,116.2,34.5,19.29,,234.436
USW,Copper,Cu,Aluminum,Al,114.8,Tin-plated,1858.3,,31.66,761.1,103.1,,,113.8,43.8,12.87,,123.152
USW,Aluminum,Al,Aluminum,Al,88.6,Oxide,1534.18,,35.01,580.24,330.3,,,3.1,55.8,17.04,,335.052
USW,Copper,Cu,Aluminum,Al,217.7,Tin-plated,1197.82,,44.73,337.1,437.8,,,116.1,39.3,15.36,,375.028
USW,Nickel,Ni,Copper,Cu,111.1,Anodized,1368.94,,22.69,1063.37,387.4,,,9.6,37.4,12.38,,314.306
USW,Copper,Cu,Aluminum,Al,160.5,Carbon-coated,1252.3,,42.11,854.72,414.1,,,16.5,53.2,7.41,,363.341
USW,Aluminum,Al,Aluminum,Al,219.6,Bare,1550.36,,49.42,582.61,395.1,,,28.7,19.6,9.63,,454.062
USW,Copper,Cu,Aluminum,Al,136.6,Nickel-plated,1790.58,,28.81,863.7,227.5,,,46.9,53.3,15.62,,255.26
USW,Copper,Cu,Copper,Cu,46.6,Nickel-plated,2203.97,,53.11,268.17,331.0,,,64.2,38.4,20.86,,555.739
USW,Aluminum,Al,Aluminum,Al,117.7,Nickel-plated,813.64,,32.14,965.23,366.9,,,112.7,34.0,20.98,,192.583
USW,Copper,Cu,Aluminum,Al,170.8,Oxide,1253.33,,22.69,1027.48,593.3,,,93.0,21.7,22.39,,440.747
USW,Copper,Cu,Aluminum,Al,93.8,Nickel-plated,2279.73,,23.06,711.37,226.3,,,49.6,37.8,5.29,,306.895
USW,Nickel,Ni,Copper,Cu,156.1,Bare,682.3,,36.71,850.1,370.4,,,-9.9,71.4,17.98,,169.494
USW,Aluminum,Al,Aluminum,Al,193.6,Bare,2568.5,,25.65,306.85,580.1,,,51.6,68.3,11.3,,907.556
USW,Nickel,Ni,Aluminum,Al,179.5,Tin-plated,1406.59,,41.65,1062.91,398.2,,,-3.9,24.9,19.96,,390.998
USW,Copper,Cu,Aluminum,Al,94.4,Nickel-plated,983.16,,34.72,718.43,522.3,,,115.9,35.0,20.11,,338.716
USW,Aluminum,Al,Aluminum,Al,135.6,Tin-plated,836.63,,36.24,585.17,421.4,,,64.0,45.2,4.41,,235.5
USW,Copper,Cu,Aluminum,Al,225.5,Bare,2437.87,,28.64,1167.38,165.8,,,87.5,39.9,8.85,,252.873
USW,Copper,Cu,Aluminum,Al,240.0,Nickel-plated,2237.0,,31.84,465.93,119.3,,,52.9,56.6,23.51,,171.762
USW,Nickel,Ni,Copper,Cu,164.5,Nickel-plated,1230.85,,34.15,337.17,569.5,,,5.2,73.7,14.03,,460.07
USW,Copper,Cu,Copper,Cu,169.7,Tin-plated,658.8,,37.45,654.42,294.4,,,33.1,25.1,13.23,,130.863
USW,Copper,Cu,Copper,Cu,162.2,Bare,2248.18,,25.43,386.49,103.1,,,32.3,51.8,6.02,,140.849
USW,StainlessSteel,SS304,Nickel,Ni,78.0,Bare,2398.94,,17.54,928.07,297.2,,,27.4,61.0,21.41,,402.167
USW,Nickel,Ni,Aluminum,Al,187.8,Nickel-plated,1880.19,,43.5,636.48,178.5,,,111.0,14.8,23.39,,237.759
USW,Aluminum,Al,Aluminum,Al,106.2,Bare,1708.29,,22.69,763.68,252.6,,,60.9,27.2,18.18,,255.814
USW,Copper,Cu,Aluminum,Al,119.3,Anodized,1336.49,,18.78,219.89,268.0,,,82.7,31.9,10.88,,204.518
USW,Nickel,Ni,Aluminum,Al,50.4,Nickel-plated,1543.23,,49.41,820.56,278.3,,,-3.9,31.6,10.45,,318.332
USW,Aluminum,Al,Aluminum,Al,191.1,Bare,1522.49,,31.04,465.29,502.9,,,58.8,62.0,20.58,,489.323
USW,Copper,Cu,Aluminum,Al,74.7,Bare,1668.63,,25.0,281.05,208.9,,,27.6,73.1,14.25,,211.071
USW,Nickel,Ni,Copper,Cu,171.7,Carbon-coated,1454.25,,16.68,648.16,367.5,,,79.5,26.8,24.59,,298.92
USW,Nickel,Ni,Aluminum,Al,135.6,Nickel-plated,2254.42,,34.57,481.77,131.3,,,-1.1,65.6,4.2,,194.975
USW,Aluminum,Al,Aluminum,Al,175.4,Carbon-coated,1565.26,,51.26,687.45,150.8,,,29.7,32.9,19.31,,177.329
USW,Copper,Cu,Aluminum,Al,94.4,Oxide,2070.44,,34.92,547.84,181.3,,,45.2,43.5,14.43,,247.988
USW,Aluminum,Al,Aluminum,Al,76.2,Bare,1751.18,,54.99,810.56,315.0,,,-1.5,31.7,16.34,,425.952
USW,Copper,Cu,Aluminum,Al,203.9,Tin-plated,1664.53,,39.93,653.68,388.7,,,69.2,50.3,6.36,,445.501
USW,Copper,Cu,Aluminum,Al,66.0,Tin-plated,1419.2,,38.49,1099.83,185.1,,,111.0,59.6,15.35,,178.768
USW,Copper,Cu,Aluminum,Al,95.5,Tin-plated,1939.98,,47.59,761.98,319.0,,,111.9,64.4,22.92,,452.442
USW,Nickel,Ni,Aluminum,Al,102.3,Tin-plated,1639.8,,57.55,928.99,521.3,,,97.1,72.3,11.32,,672.195
USW,Copper,Cu,Aluminum,Al,190.8,Nickel-plated,2291.46,,52.74,1011.0,249.6,,,47.3,50.9,22.84,,434.513
USW,Copper,Cu,Copper,Cu,48.0,Bare,1761.2,,28.47,1163.76,562.7,,,107.9,41.6,10.89,,619.228
USW,Nickel,Ni,Copper,Cu,139.2,Oxide,1382.44,,38.55,237.15,463.1,,,93.3,24.4,14.98,,435.842
USW,Copper,Cu,Aluminum,Al,216.8,Bare,1091.52,,59.37,666.27,369.4,,,55.4,62.6,5.72,,321.15
USW,Nickel,Ni,Aluminum,Al,35.0,Oxide,2332.93,,52.97,751.5,523.0,,,64.9,72.1,17.79,,928.358
USW,Aluminum,Al,Aluminum,Al,62.5,Oxide,1770.4,,24.95,978.78,144.7,,,65.0,35.9,23.42,,155.068
USW,Copper,Cu,Aluminum,Al,196.0,Nickel-plated,2137.6,,45.1,354.92,436.7,,,55.6,62.6,19.73,,669.482
USW,Nickel,Ni,Copper,Cu,158.6,Bare,1665.28,,53.38,1184.0,253.7,,,5.8,26.9,24.13,,322.424
USW,Copper,Cu,Aluminum,Al,39.3,Bare,2252.7,,50.89,1048.36,458.6,,,5.8,60.6,15.15,,774.18
USW,Copper,Cu,Aluminum,Al,187.2,Bare,1286.5,,46.37,976.37,348.1,,,104.3,31.0,5.46,,324.355
USW,Aluminum,Al,Aluminum,Al,181.8,Nickel-plated,1736.7,,24.4,404.09,409.3,,,109.0,15.5,16.59,,428.138
USW,Copper,Cu,Copper,Cu,244.8,Oxide,1333.44,,58.0,622.88,223.2,,,60.8,78.3,13.03,,234.749
USW,Nickel,Ni,Aluminum,Al,137.2,Bare,2354.44,,19.56,454.69,296.4,,,96.7,26.8,11.28,,401.547
USW,Copper,Cu,Aluminum,Al,82.8,Nickel-plated,2310.52,,39.51,592.92,482.9,,,7.4,45.6,13.6,,765.529
USW,Copper,Cu,Aluminum,Al,144.7,Bare,737.38,,46.72,582.82,117.5,,,108.8,30.6,9.35,,62.909
USW,StainlessSteel,SS304,Nickel,Ni,169.6,Bare,2236.27,,56.36,580.07,232.8,,,50.0,76.4,15.24,,405.948
USW,StainlessSteel,SS304,Nickel,Ni,150.3,Bare,616.55,,21.42,590.68,311.1,,,-5.1,56.8,24.58,,112.341
USW,Aluminum,Al,Aluminum,Al,178.8,Nickel-plated,1758.02,,41.64,983.96,563.3,,,3.3,54.4,15.11,,691.199
USW,Aluminum,Al,Aluminum,Al,87.2,Tin-plated,2320.53,,43.2,876.66,101.8,,,-4.2,44.7,23.27,,166.933
USW,Aluminum,Al,Aluminum,Al,165.0,Nickel-plated,1239.8,,58.24,267.48,453.5,,,89.3,29.5,9.66,,444.263
USW,Nickel,Ni,Copper,Cu,59.9,Nickel-plated,2376.53,,15.96,1166.23,503.0,,,59.9,72.5,13.52,,663.854
USW,StainlessSteel,SS304,Nickel,Ni,214.6,Oxide,2131.33,,16.58,470.32,204.1,,,92.5,63.0,20.29,,243.11
USW,Aluminum,Al,Aluminum,Al,150.6,Nickel-plated,2523.6,,25.01,395.74,302.4,,,-1.5,44.5,19.7,,462.09
USW,Aluminum,Al,Aluminum,Al,187.8,Nickel-plated,825.43,,57.82,352.65,513.0,,,97.8,16.6,17.08,,333.594
USW,StainlessSteel,SS304,Nickel,Ni,59.3,Bare,679.04,,26.79,837.97,185.2,,,14.2,18.9,7.5,,77.4
USW,Nickel,Ni,Aluminum,Al,108.3,Nickel-plated,2115.92,,17.98,209.43,445.1,,,69.5,60.7,4.15,,533.56
USW,Nickel,Ni,Copper,Cu,65.1,Bare,2280.38,,43.95,212.47,341.4,,,25.4,49.6,20.4,,553.318
USW,Copper,Cu,Aluminum,Al,195.1,Nickel-plated,1774.76,,48.09,648.4,472.2,,,72.5,20.1,13.78,,614.999
USW,Nickel,Ni,Aluminum,Al,69.0,Bare,1197.09,,21.49,454.09,232.5,,,64.7,24.3,14.42,,163.114
USW,Copper,Cu,Copper,Cu,53.7,Oxide,984.84,,32.22,603.2,443.8,,,17.8,39.3,5.08,,282.173
USW,Aluminum,Al,Aluminum,Al,182.8,Bare,902.89,,16.58,774.28,489.7,,,9.4,38.0,23.62,,247.074
USW,Nickel,Ni,Aluminum,Al,155.7,Bare,1766.78,,15.45,638.09,402.5,,,43.8,19.5,24.13,,392.854
USW,Copper,Cu,Aluminum,Al,205.5,Anodized,1522.79,,42.69,243.95,476.3,,,21.6,33.3,4.55,,510.513
USW,Aluminum,Al,Aluminum,Al,148.9,Bare,1618.63,,54.81,837.84,347.8,,,10.8,17.6,4.87,,434.136
USW,Copper,Cu,Aluminum,Al,232.9,Oxide,2184.69,,59.95,266.51,183.6,,,97.1,32.1,19.61,,320.753
USW,StainlessSteel,SS304,Nickel,Ni,86.5,Bare,2556.74,,52.13,947.56,246.6,,,51.6,10.4,5.13,,476.756
USW,Nickel,Ni,Aluminum,Al,172.5,Bare,1029.35,,41.45,943.1,171.0,,,13.9,20.1,11.19,,122.642
USW,Nickel,Ni,Aluminum,Al,97.1,Oxide,1548.92,,23.11,797.88,204.1,,,85.0,50.8,20.75,,188.144
USW,Copper,Cu,Copper,Cu,233.0,Nickel-plated,1531.24,,51.83,906.21,112.1,,,35.9,16.6,5.66,,129.472
USW,Copper,Cu,Aluminum,Al,109.0,Nickel-plated,674.11,,19.76,753.72,155.2,,,113.2,67.9,6.35,,60.316
USW,Aluminum,Al,Aluminum,Al,207.2,Nickel-plated,2114.9,,27.85,786.98,367.9,,,109.9,16.4,12.5,,483.52
USW,Aluminum,Al,Aluminum,Al,245.7,Tin-plated,1527.22,,59.96,1103.25,350.1,,,45.6,71.5,6.66,,427.626
USW,Aluminum,Al,Aluminum,Al,126.4,Tin-plated,2553.44,,19.93,184.16,245.8,,,-6.9,62.4,24.5,,362.369
USW,Copper,Cu,Aluminum,Al,118.8,Tin-plated,2466.58,,49.58,1139.51,200.8,,,46.8,13.1,20.05,,367.571
USW,Nickel,Ni,Copper,Cu,101.7,Bare,1619.72,,27.17,1141.78,119.5,,,6.6,23.8,15.35,,119.578
USW,Copper,Cu,Aluminum,Al,90.4,Bare,619.46,,17.97,324.82,471.7,,,115.5,38.7,19.0,,165.538
USW,Nickel,Ni,Aluminum,Al,228.6,Bare,1035.61,,17.74,169.08,359.5,,,9.3,11.0,8.37,,210.439
USW,Copper,Cu,Aluminum,Al,82.6,Bare,1632.32,,40.73,967.05,599.6,,,82.9,38.2,4.1,,678.241
USW,Copper,Cu,Aluminum,Al,240.1,Oxide,2105.94,,43.25,1011.42,169.4,,,93.8,11.6,12.07,,252.247
USW,Nickel,Ni,Aluminum,Al,147.0,Oxide,2080.03,,42.8,557.61,370.9,,,86.5,50.7,19.26,,543.449
USW,Copper,Cu,Aluminum,Al,237.4,Oxide,1560.06,,26.61,407.19,125.3,,,118.6,76.6,15.5,,120.15
USW,Nickel,Ni,Copper,Cu,180.5,Bare,793.56,,52.58,1150.75,141.2,,,116.4,46.1,6.49,,85.044
USW,Nickel,Ni,Aluminum,Al,152.2,Bare,1602.5,,49.17,1161.0,254.5,,,31.4,56.4,9.44,,301.747
USW,Copper,Cu,Aluminum,Al,32.6,Bare,1078.35,,33.58,181.47,260.8,,,23.8,69.4,10.8,,183.725
USW,Copper,Cu,Copper,Cu,184.9,Oxide,896.54,,17.42,211.49,169.0,,,22.5,50.7,13.07,,85.353
USW,Nickel,Ni,Copper,Cu,148.6,Bare,2441.3,,44.37,689.01,398.2,,,95.3,59.4,14.65,,693.331
USW,StainlessSteel,SS304,Nickel,Ni,61.0,Nickel-plated,740.06,,26.79,491.0,168.0,,,9.4,72.3,14.52,,76.514
USW,Nickel,Ni,Aluminum,Al,98.5,Anodized,2591.49,,15.78,459.39,179.7,,,72.8,23.5,8.67,,258.206
USW,Nickel,Ni,Copper,Cu,103.0,Nickel-plated,2476.54,,43.28,975.62,587.3,,,113.6,48.6,18.42,,1028.393
USW,Copper,Cu,Aluminum,Al,55.2,Bare,945.79,,17.49,597.79,111.8,,,76.5,72.5,13.76,,59.602
USW,Aluminum,Al,Aluminum,Al,36.5,Tin-plated,951.56,,59.26,283.51,467.5,,,57.9,42.1,19.66,,354.064
USW,Aluminum,Al,Aluminum,Al,174.1,Bare,1348.52,,37.4,600.85,475.7,,,35.6,18.8,15.18,,432.661
USW,Nickel,Ni,Copper,Cu,195.9,Bare,2541.29,,28.75,336.59,172.2,,,105.9,73.9,19.23,,274.045
USW,StainlessSteel,SS304,Nickel,Ni,211.5,Bare,1265.79,,15.31,674.18,471.8,,,100.8,31.0,17.06,,329.455
USW,Copper,Cu,Aluminum,Al,62.8,Bare,1443.71,,37.1,580.32,184.5,,,85.1,44.4,15.73,,179.246
USW,Nickel,Ni,Copper,Cu,130.9,Anodized,2573.73,,37.92,1039.67,451.8,,,87.4,18.8,12.28,,787.62
USW,Copper,Cu,Aluminum,Al,63.6,Bare,2512.79,,42.96,614.03,598.9,,,80.8,38.0,24.65,,1061.478
USW,Aluminum,Al,Aluminum,Al,167.2,Nickel-plated,1924.78,,41.02,821.07,280.8,,,101.3,28.9,21.43,,375.391
USW,StainlessSteel,SS304,Nickel,Ni,140.1,Nickel-plated,891.15,,25.59,1057.3,505.8,,,4.2,45.7,10.33,,274.449
USW,Copper,Cu,Aluminum,Al,113.2,Bare,773.76,,50.58,604.46,226.4,,,44.5,61.7,6.32,,130.968
USW,Copper,Cu,Aluminum,Al,67.9,Anodized,1152.82,,27.74,1009.28,483.2,,,36.4,50.2,17.86,,345.799
USW,Nickel,Ni,Copper,Cu,151.1,Nickel-plated,605.04,,45.09,395.18,212.7,,,54.1,23.7,13.74,,92.283
USW,Nickel,Ni,Copper,Cu,207.4,Tin-plated,1154.45,,51.06,713.68,596.5,,,55.1,70.5,15.09,,516.742
USW,Nickel,Ni,Aluminum,Al,209.6,Anodized,922.0,,54.52,476.55,428.3,,,-7.6,69.3,7.82,,303.853
USW,Nickel,Ni,Copper,Cu,56.1,Nickel-plated,2087.95,,38.76,154.4,573.0,,,14.2,70.4,10.53,,815.886
USW,Copper,Cu,Aluminum,Al,114.7,Anodized,724.96,,46.45,260.29,323.4,,,84.9,71.1,8.26,,169.892
USW,Copper,Cu,Copper,Cu,49.7,Bare,1019.71,,56.35,648.59,158.4,,,108.6,13.5,23.71,,125.937
USW,Copper,Cu,Copper,Cu,132.7,Tin-plated,2161.35,,19.72,811.86,294.0,,,87.2,51.3,12.71,,366.135
USW,Nickel,Ni,Copper,Cu,165.7,Tin-plated,1614.65,,19.43,830.41,522.7,,,112.2,57.9,5.07,,484.977
USW,Nickel,Ni,Copper,Cu,32.1,Bare,1475.1,,25.06,706.61,453.1,,,32.7,35.5,8.33,,404.926
USW,Nickel,Ni,Aluminum,Al,214.2,Nickel-plated,875.2,,36.06,948.48,457.5,,,62.6,57.3,4.07,,267.086
USW,Nickel,Ni,Aluminum,Al,181.9,Bare,2551.9,,21.96,1088.45,438.4,,,3.8,11.9,16.93,,658.596
USW,Aluminum,Al,Aluminum,Al,137.9,Bare,1277.7,,25.2,619.78,309.6,,,118.4,27.6,8.16,,239.994
USW,Nickel,Ni,Aluminum,Al,150.3,Tin-plated,1332.67,,30.84,1060.49,350.3,,,-9.1,65.9,19.04,,297.787
USW,Copper,Cu,Copper,Cu,205.6,Bare,2528.02,,22.3,1015.45,295.4,,,77.0,30.5,22.4,,440.949
USW,StainlessSteel,SS304,Nickel,Ni,151.3,Oxide,1932.76,,15.9,990.89,441.1,,,68.3,63.4,9.45,,473.166
USW,Aluminum,Al,Aluminum,Al,216.9,Carbon-coated,2097.14,,54.49,299.14,260.9,,,79.7,27.2,11.66,,420.998
USW,Nickel,Ni,Copper,Cu,115.4,Bare,1035.17,,31.38,1178.19,577.5,,,106.3,67.6,23.48,,383.191
USW,Nickel,Ni,Copper,Cu,216.7,Tin-plated,1840.01,,53.96,756.78,244.3,,,106.1,21.0,18.59,,344.489
USW,Aluminum,Al,Aluminum,Al,230.8,Tin-plated,2218.98,,51.63,482.21,214.3,,,18.7,10.7,16.61,,358.343
USW,Copper,Cu,Aluminum,Al,110.2,Oxide,1376.27,,28.09,898.56,222.5,,,-0.7,43.3,15.55,,190.712
USW,Nickel,Ni,Aluminum,Al,151.0,Bare,2240.37,,54.62,439.94,349.3,,,102.1,26.3,10.84,,602.723
USW,StainlessSteel,SS304,Nickel,Ni,158.7,Nickel-plated,1240.11,,26.11,503.81,472.2,,,53.8,67.4,24.14,,358.221
USW,Copper,Cu,Aluminum,Al,128.8,Nickel-plated,867.97,,41.65,953.33,348.9,,,61.0,15.3,20.95,,211.385
USW,Copper,Cu,Aluminum,Al,170.7,Oxide,1523.72,,25.22,552.52,176.8,,,10.1,69.8,21.05,,163.418
USW,Aluminum,Al,Aluminum,Al,199.8,Nickel-plated,882.69,,31.11,613.62,113.7,,,86.0,79.4,13.71,,64.161
USW,Nickel,Ni,Copper,Cu,207.2,Tin-plated,2589.82,,48.87,655.21,461.3,,,50.3,35.3,14.09,,881.923
USW,Aluminum,Al,Aluminum,Al,33.5,Bare,2242.68,,52.82,678.42,262.2,,,29.9,26.0,13.29,,446.911
USW,Copper,Cu,Aluminum,Al,103.1,Oxide,1656.15,,59.16,1088.18,193.0,,,-3.5,49.4,12.28,,254.171
USW,Copper,Cu,Aluminum,Al,85.1,Bare,1354.49,,24.31,652.15,133.8,,,-4.1,39.2,17.71,,109.049
USW,Copper,Cu,Aluminum,Al,242.7,Nickel-plated,876.73,,42.17,378.78,364.5,,,34.0,60.9,12.77,,224.0
USW,Nickel,Ni,Copper,Cu,177.8,Bare,2437.05,,38.55,563.05,439.7,,,69.0,38.5,9.53,,729.574
USW,Copper,Cu,Copper,Cu,87.1,Bare,1649.65,,52.54,960.6,337.1,,,91.4,64.4,4.53,,421.875
USW,Nickel,Ni,Copper,Cu,217.8,Nickel-plated,617.67,,23.63,839.05,260.8,,,114.4,32.9,9.4,,96.337
USW,Nickel,Ni,Copper,Cu,140.0,Bare,1472.67,,18.46,889.69,113.8,,,55.0,71.7,9.35,,95.408
USW,Aluminum,Al,Aluminum,Al,76.2,Nickel-plated,1510.88,,24.28,212.62,188.0,,,9.1,22.7,21.58,,170.9
USW,Copper,Cu,Aluminum,Al,213.9,Oxide,1580.19,,42.3,1167.15,153.3,,,3.4,63.3,17.68,,169.983
USW,Nickel,Ni,Copper,Cu,111.8,Bare,1408.3,,39.91,184.0,187.9,,,10.5,71.8,21.58,,182.116
USW,Aluminum,Al,Aluminum,Al,218.4,Bare,960.37,,33.59,1159.14,384.3,,,65.2,24.5,4.62,,241.125
USW,Copper,Cu,Aluminum,Al,179.3,Bare,721.1,,39.59,1061.77,325.3,,,117.3,28.6,21.41,,161.051
USW,Nickel,Ni,Copper,Cu,47.7,Carbon-coated,2157.06,,54.97,869.51,570.7,,,109.8,66.4,13.36,,950.382
USW,Copper,Cu,Aluminum,Al,70.4,Carbon-coated,1047.75,,20.09,998.76,180.0,,,14.0,68.5,11.91,,109.034
USW,Aluminum,Al,Aluminum,Al,31.2,Bare,2082.87,,49.03,491.35,130.4,,,117.3,74.1,15.82,,200.783
USW,Copper,Cu,Copper,Cu,101.5,Tin-plated,1809.42,,20.72,885.75,595.7,,,69.7,79.1,8.6,,627.063
USW,Aluminum,Al,Aluminum,Al,55.9,Bare,695.52,,58.87,741.37,314.6,,,1.3,72.6,11.31,,173.687
USW,Aluminum,Al,Aluminum,Al,102.8,Bare,1705.93,,28.67,1176.09,394.1,,,44.6,37.7,22.12,,420.77
USW,Nickel,Ni,Copper,Cu,189.0,Nickel-plated,1202.71,,15.13,935.59,596.9,,,66.2,11.6,15.47,,395.315
USW,Nickel,Ni,Copper,Cu,32.3,Tin-plated,2519.66,,53.0,774.77,183.0,,,-7.2,13.1,6.17,,350.854
USW,Nickel,Ni,Aluminum,Al,224.1,Bare,1118.1,,40.76,186.32,212.6,,,91.0,76.1,4.68,,164.745
USW,Copper,Cu,Aluminum,Al,31.4,Bare,681.47,,51.43,1101.16,502.7,,,15.0,24.4,11.51,,257.744
USW,StainlessSteel,SS304,Nickel,Ni,79.8,Bare,2035.83,,55.39,387.34,302.4,,,4.8,71.9,10.9,,476.742
USW,Aluminum,Al,Aluminum,Al,75.8,Bare,985.5,,22.3,1042.29,297.1,,,62.8,58.7,20.29,,172.883
USW,Aluminum,Al,Aluminum,Al,106.3,Tin-plated,1890.22,,20.51,1023.24,494.3,,,-9.1,47.6,15.31,,542.519
USW,Copper,Cu,Aluminum,Al,201.6,Tin-plated,2415.35,,42.53,795.53,575.7,,,104.4,14.0,12.25,,977.42
USW,Copper,Cu,Aluminum,Al,135.8,Bare,920.11,,55.79,553.13,397.6,,,54.5,23.9,11.81,,284.143
USW,Copper,Cu,Copper,Cu,105.2,Anodized,864.88,,32.8,229.81,214.5,,,63.6,73.1,6.05,,120.4
USW,Copper,Cu,Aluminum,Al,218.1,Bare,1935.56,,37.89,1113.7,225.9,,,42.1,76.1,10.69,,296.138
USW,Nickel,Ni,Aluminum,Al,123.7,Nickel-plated,652.9,,40.7,316.26,470.9,,,81.2,72.3,20.1,,212.999
USW,Copper,Cu,Aluminum,Al,72.0,Tin-plated,1982.17,,53.7,522.36,258.9,,,103.7,28.9,5.32,,392.589
USW,Nickel,Ni,Copper,Cu,53.1,Bare,1634.85,,34.87,1113.19,330.5,,,8.1,50.7,21.67,,356.826
USW,Aluminum,Al,Aluminum,Al,193.1,Oxide,786.85,,39.54,893.61,227.2,,,116.6,36.2,7.22,,122.686
USW,Copper,Cu,Aluminum,Al,160.0,Tin-plated,1205.02,,39.42,667.27,315.7,,,111.1,65.4,24.35,,260.86
USW,Nickel,Ni,Copper,Cu,81.6,Bare,1716.38,,30.94,525.87,408.8,,,15.8,24.6,16.38,,448.01
USW,Copper,Cu,Aluminum,Al,241.2,Bare,1267.09,,37.66,973.61,467.6,,,83.1,56.6,22.55,,400.46
USW,Nickel,Ni,Copper,Cu,100.5,Nickel-plated,869.95,,50.48,168.89,354.0,,,60.4,78.1,20.67,,230.062
USW,Copper,Cu,Aluminum,Al,97.1,Bare,2349.79,,48.17,234.16,392.8,,,66.0,21.8,20.38,,677.74
USW,Copper,Cu,Aluminum,Al,196.1,Nickel-plated,2191.63,,57.02,576.02,478.5,,,13.9,34.5,11.41,,821.549
USW,Aluminum,Al,Aluminum,Al,197.3,Carbon-coated,781.28,,57.56,982.56,222.8,,,61.8,23.2,17.57,,136.921
USW,Copper,Cu,Aluminum,Al,203.4,Nickel-plated,1388.84,,52.42,615.55,167.2,,,64.5,51.6,17.76,,175.976
USW,Copper,Cu,Aluminum,Al,214.6,Anodized,988.41,,18.0,1027.75,423.5,,,98.0,34.0,11.59,,237.216
USW,Copper,Cu,Aluminum,Al,48.6,Bare,1001.58,,42.86,291.19,248.9,,,-0.3,61.6,11.79,,175.73
USW,Copper,Cu,Aluminum,Al,31.3,Bare,2463.53,,21.46,660.15,118.6,,,66.9,36.8,24.27,,171.234
USW,Aluminum,Al,Aluminum,Al,212.8,Bare,2340.62,,32.59,379.31,362.9,,,110.1,62.4,24.49,,550.129
USW,Copper,Cu,Aluminum,Al,68.2,Bare,2252.32,,44.66,1050.26,436.6,,,64.4,26.0,5.89,,702.946
USW,Nickel,Ni,Aluminum,Al,32.7,Carbon-coated,1166.23,,19.19,607.04,168.6,,,15.8,38.7,16.96,,112.729
USW,Copper,Cu,Aluminum,Al,93.3,Carbon-coated,957.35,,36.14,1089.5,361.7,,,35.4,73.0,8.13,,231.114
USW,Aluminum,Al,Aluminum,Al,218.9,Bare,1184.63,,43.07,197.25,238.7,,,109.4,12.2,9.27,,199.632
USW,Copper,Cu,Aluminum,Al,142.6,Nickel-plated,2271.79,,37.25,796.27,194.4,,,32.6,33.8,24.96,,297.476
USW,Copper,Cu,Aluminum,Al,78.2,Bare,755.54,,37.33,379.98,272.7,,,104.7,30.1,20.2,,138.866
USW,Nickel,Ni,Copper,Cu,86.2,Nickel-plated,931.02,,54.34,961.35,284.9,,,55.1,37.2,24.95,,203.824
USW,Nickel,Ni,Copper,Cu,39.1,Tin-plated,1631.44,,48.03,429.53,426.4,,,7.8,49.2,7.63,,510.267
USW,Copper,Cu,Aluminum,Al,104.2,Carbon-coated,2487.21,,22.85,560.36,239.3,,,34.1,45.1,14.12,,353.248
USW,Aluminum,Al,Aluminum,Al,157.9,Bare,1123.7,,34.23,469.96,523.2,,,-7.9,65.9,15.21,,386.178
USW,Nickel,Ni,Copper,Cu,240.4,Nickel-plated,1514.07,,32.83,543.94,371.1,,,28.2,41.9,9.79,,364.696
USW,Copper,Cu,Copper,Cu,86.4,Nickel-plated,1958.87,,32.45,395.53,376.7,,,101.3,71.5,13.81,,477.404
USW,StainlessSteel,SS304,Nickel,Ni,224.1,Bare,1635.06,,42.4,185.24,129.9,,,-1.3,56.1,11.83,,149.156
USW,Nickel,Ni,Aluminum,Al,32.4,Nickel-plated,1995.01,,44.24,1029.51,292.5,,,11.7,69.0,11.02,,415.787
USW,Copper,Cu,Aluminum,Al,37.3,Carbon-coated,1095.96,,27.02,596.05,354.6,,,43.5,71.8,8.79,,239.685
USW,Copper,Cu,Aluminum,Al,34.9,Nickel-plated,2375.33,,20.41,1129.67,191.5,,,73.8,56.6,18.72,,263.88
USW,Aluminum,Al,Aluminum,Al,171.3,Oxide,2142.19,,35.35,829.39,315.5,,,101.5,73.8,16.9,,448.052
USW,Nickel,Ni,Copper,Cu,40.3,Nickel-plated,1429.42,,28.71,1003.87,448.2,,,77.9,66.6,8.31,,401.155
USW,Nickel,Ni,Aluminum,Al,118.0,Tin-plated,2588.51,,29.52,173.0,435.4,,,55.5,43.7,10.61,,710.738
USW,Copper,Cu,Aluminum,Al,42.9,Tin-plated,2129.99,,49.42,722.32,300.7,,,97.7,58.6,15.78,,474.794
USW,Copper,Cu,Aluminum,Al,43.5,Bare,1755.76,,58.3,1091.13,107.4,,,40.8,23.1,20.02,,149.092
USW,Nickel,Ni,Copper,Cu,142.0,Nickel-plated,1733.3,,39.14,317.73,160.0,,,65.6,63.7,18.13,,189.726
USW,Nickel,Ni,Copper,Cu,200.0,Bare,2075.08,,56.49,710.59,511.2,,,115.6,63.9,5.9,,827.919
USW,Copper,Cu,Aluminum,Al,36.6,Tin-plated,1973.93,,44.92,1171.1,143.5,,,42.7,30.4,16.42,,202.944
USW,StainlessSteel,SS304,Nickel,Ni,162.3,Bare,2150.17,,42.47,589.47,113.4,,,29.3,79.3,9.93,,171.309
USW,Copper,Cu,Aluminum,Al,126.6,Bare,1814.52,,22.31,1199.31,216.0,,,70.2,67.4,9.43,,231.478
USW,Nickel,Ni,Copper,Cu,208.6,Tin-plated,1987.48,,51.99,229.11,462.3,,,26.1,65.0,20.44,,694.226
USW,Aluminum,Al,Aluminum,Al,169.5,Anodized,1043.59,,20.13,1077.18,363.9,,,101.8,10.4,9.69,,219.653
USW,Nickel,Ni,Copper,Cu,173.1,Bare,2442.02,,44.62,1096.32,427.0,,,109.7,17.2,20.22,,745.125
USW,Copper,Cu,Aluminum,Al,55.2,Bare,912.15,,43.39,194.66,539.9,,,112.1,64.2,16.58,,348.534
USW,Aluminum,Al,Aluminum,Al,227.6,Anodized,918.67,,21.76,323.88,572.9,,,60.1,46.2,5.38,,309.252
USW,Copper,Cu,Copper,Cu,215.3,Bare,1921.03,,15.87,304.67,353.8,,,90.2,68.3,23.88,,377.104
USW,Copper,Cu,Aluminum,Al,132.7,Bare,1679.67,,34.03,771.95,156.2,,,63.4,54.9,5.58,,172.008
USW,Nickel,Ni,Aluminum,Al,133.9,Bare,666.19,,21.01,167.58,412.5,,,101.6,22.0,4.33,,160.291
USW,Copper,Cu,Copper,Cu,122.7,Tin-plated,1161.22,,24.83,993.22,290.7,,,94.6,79.6,22.53,,204.118
USW,Copper,Cu,Copper,Cu,210.7,Nickel-plated,957.29,,48.11,460.0,431.0,,,33.4,46.5,4.12,,302.792
USW,Copper,Cu,Aluminum,Al,119.7,Bare,2452.07,,58.06,631.46,224.3,,,75.5,36.2,5.89,,434.105
USW,Nickel,Ni,Aluminum,Al,209.6,Tin-plated,1353.45,,49.25,150.81,559.1,,,64.1,38.4,9.25,,560.209
USW,Copper,Cu,Aluminum,Al,181.7,Bare,1996.8,,34.12,676.29,139.6,,,7.3,63.5,11.45,,182.899
USW,Aluminum,Al,Aluminum,Al,179.5,Anodized,2254.14,,27.24,1071.04,355.0,,,37.7,75.9,22.35,,494.545
USW,Copper,Cu,Aluminum,Al,139.7,Nickel-plated,2024.6,,33.5,1199.02,580.4,,,83.2,41.6,9.81,,767.02
USW,Copper,Cu,Aluminum,Al,200.6,Anodized,1770.61,,20.82,760.55,383.5,,,42.4,42.5,12.56,,395.398
USW,Nickel,Ni,Aluminum,Al,59.7,Bare,1809.66,,32.41,324.07,305.4,,,105.4,73.4,9.39,,357.392
USW,Copper,Cu,Aluminum,Al,129.8,Carbon-coated,953.84,,55.16,545.8,592.6,,,44.2,15.1,16.25,,437.036
USW,Nickel,Ni,Aluminum,Al,231.3,Nickel-plated,1696.32,,24.69,939.07,467.4,,,75.4,20.8,23.98,,478.759
USW,Copper,Cu,Aluminum,Al,129.2,Bare,1467.66,,28.55,409.41,362.6,,,56.9,59.7,23.24,,332.751
USW,Nickel,Ni,Aluminum,Al,208.9,Bare,1655.76,,23.53,952.66,142.3,,,95.0,72.7,8.2,,140.775
USW,Aluminum,Al,Aluminum,Al,93.7,Bare,1996.79,,56.85,304.13,408.5,,,-6.2,72.8,24.56,,638.218
USW,Copper,Cu,Aluminum,Al,175.5,Oxide,2062.18,,40.38,378.61,159.1,,,93.0,61.9,22.29,,226.72
USW,Nickel,Ni,Copper,Cu,169.8,Nickel-plated,1782.87,,39.31,826.65,516.4,,,54.4,20.7,6.78,,630.711
USW,Copper,Cu,Aluminum,Al,59.8,Carbon-coated,2539.24,,44.2,208.39,191.3,,,92.2,75.8,10.92,,346.023
USW,Copper,Cu,Aluminum,Al,123.9,Nickel-plated,1844.77,,26.75,1101.03,300.3,,,64.1,43.9,20.81,,340.886
USW,Aluminum,Al,Aluminum,Al,232.7,Anodized,2575.47,,31.65,710.65,539.7,,,117.0,64.4,4.71,,893.028
USW,Copper,Cu,Copper,Cu,128.7,Nickel-plated,1652.38,,40.73,1177.08,176.5,,,22.0,75.5,6.11,,202.064
USW,Nickel,Ni,Aluminum,Al,216.9,Bare,2478.75,,37.08,276.54,181.7,,,73.5,64.0,9.21,,302.944
USW,Copper,Cu,Aluminum,Al,99.5,Nickel-plated,1592.4,,37.31,824.48,136.6,,,15.2,56.2,4.27,,146.643
USW,Copper,Cu,Aluminum,Al,156.6,Tin-plated,893.23,,30.01,803.11,517.9,,,19.3,16.0,24.29,,293.01
USW,Copper,Cu,Aluminum,Al,76.2,Bare,967.7,,28.23,1196.12,237.5,,,15.8,43.9,10.26,,143.312
USW,Aluminum,Al,Aluminum,Al,124.9,Nickel-plated,1431.97,,20.79,386.77,593.2,,,-10.0,29.0,24.13,,494.536
USW,Nickel,Ni,Aluminum,Al,100.7,Oxide,2172.86,,43.34,1176.33,444.0,,,79.9,42.9,16.77,,682.576
USW,StainlessSteel,SS304,Nickel,Ni,241.4,Bare,1294.23,,27.06,552.7,585.8,,,1.7,58.7,15.3,,467.781
USW,Nickel,Ni,Copper,Cu,30.3,Bare,2057.84,,51.35,487.01,517.6,,,62.6,34.8,19.58,,800.895
USW,Nickel,Ni,Copper,Cu,84.8,Tin-plated,693.78,,37.14,646.43,125.3,,,70.5,56.8,23.36,,58.497
USW,Copper,Cu,Aluminum,Al,98.5,Carbon-coated,1152.58,,15.83,949.2,402.1,,,97.8,10.9,6.46,,257.031
USW,Aluminum,Al,Aluminum,Al,35.3,Bare,2137.89,,49.52,925.34,120.0,,,13.2,66.3,12.03,,190.23
USW,Nickel,Ni,Aluminum,Al,238.7,Tin-plated,642.08,,35.02,717.51,175.8,,,60.7,38.0,18.56,,74.625
USW,Copper,Cu,Copper,Cu,114.1,Tin-plated,1013.29,,24.17,398.57,460.4,,,33.9,78.0,18.9,,280.356
USW,Copper,Cu,Aluminum,Al,96.0,Oxide,1614.46,,17.4,957.05,316.0,,,14.7,79.0,14.57,,287.407
USW,Nickel,Ni,Copper,Cu,243.1,Nickel-plated,1959.0,,20.29,884.26,146.3,,,68.7,43.8,4.86,,166.081
USW,Nickel,Ni,Copper,Cu,220.4,Bare,2312.32,,21.54,559.29,150.1,,,71.8,78.5,8.19,,203.538
USW,Copper,Cu,Aluminum,Al,65.9,Bare,838.61,,41.73,573.44,247.6,,,34.0,13.3,7.92,,145.056
USW,Copper,Cu,Copper,Cu,99.0,Nickel-plated,614.02,,36.48,436.27,455.6,,,118.4,20.3,13.88,,187.243
USW,Nickel,Ni,Copper,Cu,147.0,Carbon-coated,2437.07,,55.29,233.92,475.4,,,114.6,14.0,20.22,,896.489
USW,Nickel,Ni,Copper,Cu,190.4,Nickel-plated,2185.34,,51.18,1197.69,166.1,,,97.0,50.1,12.85,,272.652
USW,Copper,Cu,Aluminum,Al,233.0,Bare,875.74,,32.3,926.86,250.6,,,81.4,50.3,24.5,,141.793
USW,Aluminum,Al,Aluminum,Al,77.5,Bare,1261.29,,51.57,563.04,120.8,,,62.2,41.4,12.43,,114.719
USW,Aluminum,Al,Aluminum,Al,190.8,Carbon-coated,1866.57,,26.97,158.42,372.5,,,-8.9,13.1,5.84,,428.659
USW,Nickel,Ni,Aluminum,Al,247.5,Bare,1878.19,,21.44,292.02,404.2,,,66.3,51.5,19.56,,444.662
USW,Copper,Cu,Copper,Cu,111.6,Nickel-plated,1062.53,,20.05,831.73,193.3,,,89.8,42.2,16.55,,118.742
USW,Copper,Cu,Aluminum,Al,59.3,Anodized,2229.46,,37.18,460.04,260.8,,,83.2,40.1,11.33,,391.516
USW,StainlessSteel,SS304,Nickel,Ni,100.2,Tin-plated,1163.03,,27.84,495.85,356.9,,,66.8,19.6,24.22,,257.903
USW,Copper,Cu,Aluminum,Al,161.0,Bare,1022.72,,54.88,1037.53,481.0,,,62.9,60.3,11.36,,379.598
USW,Aluminum,Al,Aluminum,Al,180.9,Bare,1590.08,,29.17,577.77,106.0,,,102.7,51.8,14.36,,106.007
USW,Aluminum,Al,Aluminum,Al,98.1,Nickel-plated,1192.67,,53.87,311.98,310.8,,,95.4,68.8,13.4,,283.912
USW,Copper,Cu,Aluminum,Al,43.8,Nickel-plated,1348.92,,23.96,154.59,320.6,,,15.6,66.0,4.57,,259.383
USW,Copper,Cu,Copper,Cu,50.7,Nickel-plated,1480.08,,17.78,285.4,227.8,,,1.7,44.8,11.28,,190.676
USW,Copper,Cu,Aluminum,Al,88.4,Tin-plated,2063.85,,31.44,251.93,505.8,,,32.4,41.0,24.34,,669.526
USW,StainlessSteel,SS304,Nickel,Ni,189.0,Bare,759.9,,43.93,700.95,387.8,,,50.8,13.8,23.61,,209.445
USW,StainlessSteel,SS304,Nickel,Ni,119.0,Bare,2370.35,,39.92,354.55,261.1,,,111.8,69.3,10.93,,426.126
USW,Copper,Cu,Aluminum,Al,150.3,Bare,698.35,,23.36,405.03,473.0,,,77.2,42.2,18.42,,197.034
USW,Aluminum,Al,Aluminum,Al,83.8,Bare,1727.32,,22.38,783.64,316.2,,,85.0,47.9,17.49,,322.829
USW,Copper,Cu,Aluminum,Al,162.8,Nickel-plated,866.52,,40.45,1053.64,244.5,,,96.3,58.3,20.51,,146.508
USW,Nickel,Ni,Aluminum,Al,197.9,Oxide,2391.54,,35.71,798.18,396.9,,,109.8,32.6,23.63,,631.216
USW,Copper,Cu,Aluminum,Al,235.3,Bare,2334.93,,44.33,199.07,219.1,,,51.5,26.6,19.14,,364.803
USW,Aluminum,Al,Aluminum,Al,44.4,Nickel-plated,2196.75,,38.23,458.0,206.2,,,22.7,79.4,8.79,,307.61
USW,Copper,Cu,Copper,Cu,225.7,Bare,1262.8,,29.45,238.31,521.4,,,68.6,46.8,18.13,,414.961
USW,Copper,Cu,Aluminum,Al,127.4,Nickel-plated,1844.67,,24.08,1157.37,162.2,,,40.6,74.0,18.48,,179.608
USW,Nickel,Ni,Copper,Cu,77.0,Bare,1464.99,,43.14,968.04,556.8,,,92.5,78.9,20.24,,576.184
USW,Aluminum,Al,Aluminum,Al,121.1,Tin-plated,667.54,,32.93,1125.01,465.1,,,18.4,75.7,18.7,,201.666
USW,Nickel,Ni,Copper,Cu,41.5,Bare,1828.73,,22.63,678.59,252.1,,,-9.6,49.1,4.73,,273.113
USW,Copper,Cu,Aluminum,Al,204.0,Bare,2395.61,,27.16,859.17,534.3,,,97.1,54.8,5.13,,790.422
USW,Nickel,Ni,Copper,Cu,122.5,Bare,2283.71,,34.34,317.9,521.4,,,55.8,40.0,23.45,,782.792
USW,Aluminum,Al,Aluminum,Al,108.5,Oxide,1407.08,,57.98,425.49,305.8,,,94.6,56.4,21.0,,339.422
USW,Aluminum,Al,Aluminum,Al,172.1,Bare,1035.18,,41.42,958.58,439.7,,,24.7,51.7,14.98,,317.144
USW,Nickel,Ni,Copper,Cu,161.6,Bare,2012.13,,34.23,768.74,410.1,,,82.0,68.9,16.57,,541.999
USW,Copper,Cu,Aluminum,Al,206.1,Bare,2150.16,,34.64,377.3,165.9,,,102.7,51.8,21.29,,235.11
USW,Aluminum,Al,Aluminum,Al,52.2,Tin-plated,2469.12,,39.02,833.46,430.3,,,106.1,17.1,16.3,,726.048
USW,Copper,Cu,Aluminum,Al,80.2,Bare,964.9,,35.27,928.38,593.9,,,27.5,75.3,18.7,,379.683
USW,Copper,Cu,Aluminum,Al,146.8,Carbon-coated,1200.34,,52.2,1125.6,180.8,,,15.1,51.4,23.72,,164.223
USW,Aluminum,Al,Aluminum,Al,216.4,Oxide,2417.99,,20.79,622.76,421.5,,,55.5,44.4,15.05,,593.331
USW,Copper,Cu,Aluminum,Al,93.8,Bare,1995.06,,59.44,359.92,461.7,,,75.4,78.1,5.04,,733.954
USW,Copper,Cu,Aluminum,Al,156.5,Nickel-plated,1142.04,,16.1,863.42,357.7,,,29.8,62.3,22.27,,227.154
USW,Copper,Cu,Copper,Cu,72.4,Tin-plated,607.41,,42.94,1114.25,177.1,,,63.8,65.8,9.07,,75.856
USW,Copper,Cu,Aluminum,Al,223.6,Nickel-plated,864.82,,19.45,488.78,550.4,,,99.1,14.2,12.07,,273.59
USW,Copper,Cu,Copper,Cu,139.8,Carbon-coated,1244.95,,48.82,526.4,346.8,,,42.8,29.4,23.89,,318.556
USW,StainlessSteel,SS304,Nickel,Ni,31.3,Bare,1275.16,,50.41,585.67,365.5,,,23.1,40.2,15.0,,348.004
USW,Copper,Cu,Copper,Cu,107.6,Bare,2383.55,,53.77,423.01,484.9,,,36.5,39.0,7.23,,884.665
USW,Aluminum,Al,Aluminum,Al,216.6,Bare,2424.3,,59.92,167.84,487.8,,,28.5,20.1,15.11,,945.434
USW,Nickel,Ni,Copper,Cu,129.6,Anodized,691.16,,43.0,1000.38,233.9,,,102.7,61.1,12.57,,114.057
USW,Aluminum,Al,Aluminum,Al,205.4,Bare,1822.93,,39.06,181.92,404.4,,,43.5,22.1,5.02,,503.941
USW,Nickel,Ni,Copper,Cu,32.7,Oxide,2247.35,,36.4,659.03,522.3,,,17.6,56.8,17.4,,785.181
USW,Aluminum,Al,Aluminum,Al,104.1,Bare,1019.49,,32.52,433.82,106.6,,,53.3,68.8,9.64,,70.342
USW,Copper,Cu,Aluminum,Al,113.1,Tin-plated,1618.88,,59.27,751.69,349.1,,,16.6,62.7,10.28,,449.855
USW,Copper,Cu,Aluminum,Al,104.1,Oxide,690.31,,44.6,603.81,184.3,,,22.7,11.3,19.99,,90.894
USW,Copper,Cu,Aluminum,Al,39.7,Bare,2422.7,,42.02,950.84,266.1,,,74.6,66.6,5.89,,451.285
USW,Nickel,Ni,Copper,Cu,98.7,Bare,2088.2,,44.92,644.72,366.3,,,-7.7,23.4,6.02,,547.857
USW,Copper,Cu,Copper,Cu,97.9,Nickel-plated,1134.61,,55.91,698.81,179.5,,,114.2,18.0,12.93,,158.285
USW,Aluminum,Al,Aluminum,Al,100.4,Tin-plated,1992.66,,51.27,440.28,385.3,,,84.1,68.7,22.35,,576.941
USW,Copper,Cu,Copper,Cu,124.5,Tin-plated,1697.27,,47.24,944.58,182.9,,,18.6,78.0,11.57,,226.305
USW,Aluminum,Al,Aluminum,Al,216.8,Nickel-plated,1367.9,,23.18,769.87,428.6,,,110.7,24.7,18.7,,349.101
USW,Copper,Cu,Copper,Cu,146.5,Carbon-coated,1537.48,,37.53,459.65,173.3,,,38.3,78.7,20.05,,179.936
USW,Copper,Cu,Aluminum,Al,167.0,Nickel-plated,1440.82,,21.87,290.19,462.5,,,34.2,31.9,4.49,,391.929
USW,Aluminum,Al,Aluminum,Al,157.4,Anodized,1056.0,,45.57,751.87,118.0,,,48.5,45.2,22.56,,89.662
USW,Nickel,Ni,Copper,Cu,222.0,Tin-plated,1496.04,,45.2,729.8,505.0,,,45.7,67.7,17.18,,542.237
USW,Aluminum,Al,Aluminum,Al,204.0,Nickel-plated,1005.05,,38.62,1188.27,539.3,,,81.4,14.9,10.59,,369.206
USW,Copper,Cu,Copper,Cu,76.2,Nickel-plated,729.6,,37.24,210.98,390.5,,,-4.8,41.7,11.41,,191.903
USW,StainlessSteel,SS304,Nickel,Ni,66.9,Oxide,1127.15,,38.03,581.58,362.6,,,89.1,53.9,8.41,,277.044
USW,StainlessSteel,SS304,Nickel,Ni,63.2,Nickel-plated,960.81,,57.1,975.67,401.3,,,79.1,37.9,18.31,,302.267
USW,Copper,Cu,Aluminum,Al,150.3,Bare,2178.22,,38.53,556.31,427.8,,,1.5,71.5,15.91,,634.398
USW,Aluminum,Al,Aluminum,Al,172.7,Nickel-plated,1376.05,,49.22,1164.01,118.3,,,7.4,66.6,23.22,,120.504
USW,Aluminum,Al,Aluminum,Al,62.3,Nickel-plated,1813.39,,25.39,438.65,453.2,,,7.2,43.7,12.14,,499.482
USW,Nickel,Ni,Copper,Cu,129.9,Bare,688.48,,37.09,633.25,407.1,,,76.0,52.5,18.99,,188.542
USW,Nickel,Ni,Copper,Cu,72.0,Bare,2200.73,,34.9,926.72,483.0,,,102.5,79.8,13.37,,702.108
USW,Copper,Cu,Copper,Cu,102.4,Tin-plated,2135.26,,34.8,1100.32,278.7,,,104.4,17.0,18.31,,392.815
USW,Aluminum,Al,Aluminum,Al,192.6,Nickel-plated,1160.31,,17.01,536.03,354.6,,,70.3,57.3,18.93,,230.863
USW,StainlessSteel,SS304,Nickel,Ni,136.3,Bare,804.81,,21.86,388.16,424.1,,,30.5,31.6,23.31,,200.722
USW,Copper,Cu,Aluminum,Al,55.0,Tin-plated,2468.79,,39.02,228.38,118.7,,,42.1,79.3,12.26,,200.346
USW,Nickel,Ni,Aluminum,Al,41.8,Carbon-coated,2547.05,,51.19,808.94,278.6,,,48.5,41.2,8.87,,532.93
USW,Copper,Cu,Aluminum,Al,94.6,Carbon-coated,2238.81,,34.05,1049.04,576.9,,,116.9,50.2,24.78,,847.013
USW,Copper,Cu,Aluminum,Al,100.2,Bare,1923.81,,54.09,522.82,572.5,,,18.3,19.4,14.47,,844.855
USW,Nickel,Ni,Copper,Cu,177.3,Tin-plated,1618.09,,58.28,962.72,204.2,,,10.8,73.7,8.9,,261.155
USW,Aluminum,Al,Aluminum,Al,232.8,Tin-plated,2591.86,,25.2,333.8,145.2,,,1.5,49.1,17.49,,228.377
USW,Nickel,Ni,Copper,Cu,192.6,Nickel-plated,2194.19,,16.08,639.89,203.7,,,-1.0,34.3,16.24,,248.446
USW,Copper,Cu,Aluminum,Al,68.9,Bare,1744.6,,39.51,832.82,560.8,,,51.2,27.8,19.6,,671.34
USW,Nickel,Ni,Copper,Cu,123.4,Nickel-plated,2496.61,,55.39,230.77,432.2,,,110.0,52.7,11.07,,835.598
USW,Aluminum,Al,Aluminum,Al,226.1,Bare,1199.7,,27.31,653.49,449.5,,,73.9,76.0,20.54,,333.482
USW,Aluminum,Al,Aluminum,Al,137.1,Nickel-plated,2592.45,,41.62,904.91,162.7,,,96.2,24.2,4.54,,294.334
USW,Copper,Cu,Copper,Cu,199.5,Bare,2523.49,,43.55,1167.71,474.6,,,119.6,78.0,7.18,,848.569
USW,Copper,Cu,Copper,Cu,55.6,Carbon-coated,1504.84,,20.54,933.57,595.0,,,40.0,67.3,12.73,,519.994
USW,StainlessSteel,SS304,Nickel,Ni,194.3,Carbon-coated,2222.62,,56.48,291.15,524.5,,,-9.8,79.8,9.84,,909.821
USW,Copper,Cu,Copper,Cu,159.4,Bare,1017.51,,34.7,594.55,210.4,,,117.3,28.8,22.89,,141.143
USW,Copper,Cu,Aluminum,Al,220.1,Nickel-plated,1871.33,,27.42,573.79,237.2,,,86.2,16.6,10.88,,274.74
USW,Copper,Cu,Aluminum,Al,43.8,Bare,1320.99,,54.68,297.12,504.5,,,21.9,70.1,12.3,,513.442
USW,Copper,Cu,Aluminum,Al,58.2,Bare,2164.59,,31.05,1099.83,290.7,,,39.9,44.3,15.92,,402.194
USW,Copper,Cu,Aluminum,Al,70.2,Tin-plated,2361.6,,51.54,463.56,122.5,,,65.7,21.1,11.89,,217.815
USW,Nickel,Ni,Aluminum,Al,101.1,Anodized,1269.05,,17.86,908.11,204.1,,,93.1,67.0,19.6,,146.602
USW,StainlessSteel,SS304,Nickel,Ni,86.3,Nickel-plated,961.14,,55.98,390.13,100.4,,,91.3,74.8,14.1,,75.039
USW,Copper,Cu,Aluminum,Al,109.5,Bare,767.38,,45.9,457.03,514.7,,,20.3,27.7,19.52,,285.052
USW,Copper,Cu,Aluminum,Al,130.8,Nickel-plated,1233.63,,17.86,1068.59,104.0,,,23.9,64.7,16.38,,72.628
USW,Copper,Cu,Aluminum,Al,125.8,Bare,1996.73,,51.2,677.15,129.9,,,21.7,44.7,8.08,,194.797
USW,Aluminum,Al,Aluminum,Al,75.3,Bare,729.85,,25.3,655.45,306.3,,,115.5,16.0,5.93,,135.732
USW,Nickel,Ni,Aluminum,Al,47.1,Nickel-plated,1942.78,,43.39,486.09,250.6,,,-8.1,65.9,4.95,,344.553
USW,Aluminum,Al,Aluminum,Al,173.4,Bare,2243.94,,44.54,406.61,504.3,,,-3.1,55.0,22.14,,808.157
USW,Nickel,Ni,Aluminum,Al,32.7,Bare,708.46,,58.15,603.32,267.6,,,13.3,62.0,7.88,,149.732
USW,Nickel,Ni,Aluminum,Al,101.8,Oxide,2081.8,,19.31,977.67,113.7,,,108.3,11.3,7.53,,135.802
USW,Copper,Cu,Aluminum,Al,192.5,Nickel-plated,2566.21,,33.08,1087.48,202.9,,,31.0,27.9,4.4,,338.684
USW,Copper,Cu,Aluminum,Al,38.2,Anodized,2554.63,,20.87,848.08,123.6,,,7.6,19.6,8.87,,183.958
USW,Copper,Cu,Copper,Cu,165.1,Bare,2116.33,,26.52,472.08,211.8,,,2.4,56.4,5.59,,275.239
USW,Copper,Cu,Aluminum,Al,113.3,Anodized,916.65,,47.98,416.87,516.2,,,12.7,22.7,20.73,,346.948
USW,Copper,Cu,Aluminum,Al,140.1,Bare,1818.82,,34.27,155.23,231.9,,,6.4,31.3,20.89,,277.079
USW,Aluminum,Al,Aluminum,Al,190.5,Nickel-plated,1474.53,,35.42,853.52,412.6,,,24.8,62.2,11.49,,403.592
USW,Copper,Cu,Aluminum,Al,167.5,Bare,1064.11,,33.21,963.12,267.3,,,76.0,48.5,13.91,,185.225
USW,Copper,Cu,Aluminum,Al,103.2,Oxide,2128.06,,32.55,315.59,493.8,,,114.8,36.0,9.62,,680.394
USW,Aluminum,Al,Aluminum,Al,96.0,Bare,1338.95,,26.21,1041.45,449.0,,,70.5,39.2,20.44,,368.097
USW,Nickel,Ni,Aluminum,Al,233.2,Bare,1933.85,,30.21,739.25,449.4,,,91.1,76.4,19.11,,551.404
USW,Aluminum,Al,Aluminum,Al,156.8,Carbon-coated,908.19,,24.11,1106.32,477.5,,,89.0,71.6,19.71,,260.467
USW,Nickel,Ni,Aluminum,Al,134.5,Bare,1889.72,,57.03,1148.45,472.5,,,9.6,17.2,13.61,,699.546
USW,Copper,Cu,Aluminum,Al,93.1,Nickel-plated,1458.33,,45.09,177.44,492.4,,,25.3,75.8,14.5,,514.997
USW,Aluminum,Al,Aluminum,Al,170.6,Nickel-plated,2117.83,,50.43,231.02,148.1,,,28.5,42.9,19.79,,234.23
USW,Copper,Cu,Copper,Cu,227.3,Nickel-plated,1523.81,,16.32,174.28,503.2,,,55.0,17.1,8.13,,427.333
USW,Copper,Cu,Aluminum,Al,212.6,Bare,1672.61,,34.06,656.07,376.9,,,51.3,21.6,6.0,,413.536
USW,Aluminum,Al,Aluminum,Al,156.2,Bare,2558.09,,32.92,356.28,484.1,,,8.2,61.2,24.56,,804.406
USW,Aluminum,Al,Aluminum,Al,214.4,Tin-plated,1865.67,,32.49,887.66,272.2,,,13.9,55.0,24.82,,328.689
USW,Nickel,Ni,Aluminum,Al,60.5,Carbon-coated,1777.26,,55.47,161.92,297.7,,,14.9,17.6,22.07,,409.958
USW,Aluminum,Al,Aluminum,Al,54.2,Tin-plated,1366.54,,28.15,633.17,410.2,,,76.4,79.5,18.75,,349.252
USW,Copper,Cu,Copper,Cu,79.3,Bare,665.72,,58.02,262.81,275.0,,,43.5,72.2,16.6,,144.417
USW,Copper,Cu,Aluminum,Al,154.9,Bare,2122.84,,18.66,387.74,236.1,,,42.2,60.3,16.29,,285.834
USW,Aluminum,Al,Aluminum,Al,174.5,Bare,1666.96,,19.52,197.87,381.7,,,76.6,68.3,18.4,,365.899
USW,Copper,Cu,Aluminum,Al,220.3,Nickel-plated,747.83,,26.3,721.62,151.9,,,84.7,76.9,8.55,,69.59
USW,Copper,Cu,Aluminum,Al,174.7,Oxide,1223.1,,55.45,319.63,555.9,,,75.1,51.3,5.0,,526.787
USW,Aluminum,Al,Aluminum,Al,233.7,Nickel-plated,665.96,,58.42,1069.98,401.1,,,104.6,69.7,15.43,,211.35
USW,Copper,Cu,Aluminum,Al,86.7,Carbon-coated,1204.73,,26.75,313.73,130.0,,,114.1,63.9,23.63,,96.33
USW,Copper,Cu,Aluminum,Al,246.6,Bare,2456.29,,19.49,1116.82,291.1,,,-2.0,43.5,21.58,,411.054
USW,Nickel,Ni,Copper,Cu,49.0,Nickel-plated,870.46,,46.74,762.12,254.7,,,2.9,59.1,8.27,,161.05
USW,Copper,Cu,Aluminum,Al,177.2,Bare,1641.51,,51.14,242.68,146.0,,,7.6,73.4,24.38,,179.935
USW,Aluminum,Al,Aluminum,Al,60.1,Nickel-plated,2145.21,,42.34,1168.24,338.2,,,100.6,30.9,18.64,,509.259
USW,Aluminum,Al,Aluminum,Al,163.1,Bare,759.38,,56.31,674.28,407.3,,,28.3,40.0,20.56,,241.114
USW,StainlessSteel,SS304,Nickel,Ni,93.0,Bare,1296.7,,54.46,229.94,218.7,,,5.9,50.4,7.19,,218.183
USW,Copper,Cu,Aluminum,Al,125.3,Tin-plated,1413.04,,26.4,511.61,183.6,,,-3.3,51.8,12.16,,159.125
USW,Nickel,Ni,Copper,Cu,46.5,Bare,1573.12,,51.39,1130.95,333.3,,,54.6,31.8,11.63,,394.351
USW,Nickel,Ni,Copper,Cu,230.2,Nickel-plated,1613.37,,59.19,777.78,590.6,,,25.9,46.8,16.69,,757.965
USW,Copper,Cu,Aluminum,Al,105.0,Nickel-plated,2434.03,,24.37,532.26,352.4,,,118.8,59.1,23.72,,516.459
USW,Nickel,Ni,Aluminum,Al,49.0,Bare,2120.84,,31.27,535.31,229.5,,,14.0,54.7,12.49,,311.701
USW,Aluminum,Al,Aluminum,Al,219.0,Tin-plated,2277.66,,15.23,1009.33,354.6,,,76.2,15.8,9.76,,445.269
USW,Aluminum,Al,Aluminum,Al,184.1,Nickel-plated,2353.9,,15.15,820.08,506.4,,,13.4,12.8,20.97,,656.585
USW,Aluminum,Al,Aluminum,Al,206.9,Bare,881.44,,36.23,326.93,350.8,,,77.4,79.2,6.85,,206.5
USW,Copper,Cu,Aluminum,Al,80.5,Nickel-plated,1712.13,,27.78,712.85,335.5,,,93.1,21.3,7.8,,356.725
USW,Aluminum,Al,Aluminum,Al,161.0,Bare,678.03,,48.81,431.38,402.7,,,36.5,52.4,9.73,,201.442
USW,Copper,Cu,Aluminum,Al,235.9,Bare,2305.99,,49.84,353.95,583.6,,,91.6,59.3,4.62,,1000.67
USW,Nickel,Ni,Aluminum,Al,160.3,Carbon-coated,2458.96,,28.02,821.53,568.0,,,11.4,55.0,4.16,,869.191
USW,Aluminum,Al,Aluminum,Al,132.2,Bare,1680.9,,53.32,174.92,250.1,,,117.5,51.9,6.68,,320.643
USW,Nickel,Ni,Aluminum,Al,96.3,Nickel-plated,852.5,,49.3,949.0,147.8,,,82.6,33.1,22.3,,93.308
USW,Copper,Cu,Aluminum,Al,93.3,Carbon-coated,672.83,,18.83,685.44,377.7,,,62.2,66.0,6.71,,145.182
USW,Copper,Cu,Aluminum,Al,245.9,Nickel-plated,649.87,,59.79,637.89,392.6,,,18.9,34.1,18.92,,203.814
USW,Copper,Cu,Aluminum,Al,189.6,Tin-plated,2435.42,,25.78,906.52,398.1,,,18.8,56.2,9.26,,591.358
USW,Nickel,Ni,Copper,Cu,231.3,Oxide,1212.12,,49.57,721.97,239.1,,,61.8,77.0,16.44,,215.082
USW,Nickel,Ni,Copper,Cu,124.6,Tin-plated,1318.57,,21.9,788.12,371.6,,,98.4,52.2,18.48,,288.268
USW,Copper,Cu,Aluminum,Al,131.1,Bare,1342.51,,55.22,237.14,259.2,,,-3.7,33.2,19.88,,269.106
USW,Copper,Cu,Aluminum,Al,45.2,Nickel-plated,880.03,,24.9,171.52,240.2,,,18.9,56.5,15.59,,127.871
USW,Copper,Cu,Aluminum,Al,216.8,Bare,2147.74,,37.45,1104.87,261.6,,,69.8,54.8,10.33,,379.028
USW,Copper,Cu,Aluminum,Al,193.7,Carbon-coated,1202.96,,15.21,183.51,140.0,,,26.7,22.9,7.66,,92.834
USW,Copper,Cu,Aluminum,Al,237.3,Bare,1669.15,,29.19,445.88,578.3,,,83.6,33.9,6.27,,607.039
USW,Copper,Cu,Aluminum,Al,113.3,Bare,1504.36,,25.76,951.03,210.8,,,98.4,49.4,7.46,,193.386
USW,Nickel,Ni,Copper,Cu,69.9,Bare,1880.07,,56.47,296.26,293.4,,,77.8,30.4,5.73,,430.537
USW,Copper,Cu,Aluminum,Al,116.3,Carbon-coated,1800.19,,34.92,254.17,247.7,,,97.7,52.4,18.49,,294.645
USW,Copper,Cu,Aluminum,Al,119.6,Nickel-plated,2410.35,,31.16,402.77,188.0,,,7.0,31.1,20.15,,289.992
USW,Copper,Cu,Copper,Cu,31.1,Bare,1309.9,,16.49,376.22,519.5,,,51.7,79.3,6.65,,379.889
USW,Aluminum,Al,Aluminum,Al,210.7,Bare,1435.97,,45.21,201.19,388.2,,,29.3,64.6,7.18,,400.193
USW,Copper,Cu,Aluminum,Al,137.2,Nickel-plated,1892.26,,23.27,760.86,270.8,,,70.5,44.3,4.04,,305.375
USW,Copper,Cu,Aluminum,Al,187.9,Bare,1628.25,,31.58,1168.32,254.6,,,99.4,36.4,14.34,,266.14
USW,Aluminum,Al,Aluminum,Al,79.9,Bare,2053.91,,58.98,293.55,217.2,,,70.8,72.9,20.37,,354.314
USW,Copper,Cu,Copper,Cu,147.6,Bare,1179.25,,48.03,1029.76,322.0,,,50.9,74.1,10.96,,278.489
USW,Copper,Cu,Aluminum,Al,73.1,Nickel-plated,2439.99,,45.15,1172.74,314.0,,,28.4,63.0,23.16,,549.653
USW,Aluminum,Al,Aluminum,Al,133.6,Carbon-coated,850.04,,50.27,318.13,143.3,,,-2.4,22.4,12.78,,90.845
USW,Copper,Cu,Aluminum,Al,46.3,Tin-plated,864.09,,18.12,269.57,339.2,,,61.2,38.5,5.26,,166.294
USW,Nickel,Ni,Aluminum,Al,135.1,Nickel-plated,870.97,,23.93,660.61,369.6,,,-6.9,54.0,11.04,,193.006
USW,Copper,Cu,Aluminum,Al,143.7,Bare,1428.17,,56.02,237.98,243.0,,,7.9,67.3,14.77,,270.005
USW,Copper,Cu,Aluminum,Al,194.2,Nickel-plated,2416.66,,40.64,714.77,553.9,,,-7.2,12.0,11.07,,926.958
USW,Copper,Cu,Aluminum,Al,87.1,Bare,1604.41,,32.1,793.24,163.4,,,80.6,24.5,17.83,,169.105
USW,StainlessSteel,SS304,Nickel,Ni,175.0,Bare,1425.47,,40.66,1076.5,270.4,,,82.8,17.2,18.34,,266.947
USW,Aluminum,Al,Aluminum,Al,90.5,Oxide,2207.66,,22.37,599.37,246.4,,,-4.6,16.9,21.11,,321.463
USW,Nickel,Ni,Aluminum,Al,111.1,Oxide,2586.85,,29.22,512.7,581.1,,,104.0,71.0,14.24,,945.523
USW,Aluminum,Al,Aluminum,Al,99.1,Tin-plated,2554.86,,26.71,613.35,246.8,,,98.5,57.1,16.89,,387.735
USW,Copper,Cu,Aluminum,Al,185.8,Oxide,1413.59,,21.21,156.1,306.6,,,95.8,50.4,4.46,,253.368
USW,Aluminum,Al,Aluminum,Al,103.4,Bare,708.47,,33.98,282.69,323.7,,,32.5,47.4,21.19,,150.29
USW,Aluminum,Al,Aluminum,Al,100.3,Bare,2155.25,,26.58,1071.2,533.2,,,67.6,26.2,13.26,,706.047
USW,Aluminum,Al,Aluminum,Al,174.5,Carbon-coated,2174.84,,28.17,668.1,375.1,,,29.2,70.8,7.91,,508.313
USW,Nickel,Ni,Aluminum,Al,31.4,Carbon-coated,2046.08,,35.86,1071.08,286.8,,,80.9,61.1,24.42,,390.753
USW,Copper,Cu,Aluminum,Al,74.8,Tin-plated,787.21,,35.38,864.67,573.4,,,75.2,42.1,15.12,,299.368
USW,Copper,Cu,Aluminum,Al,190.9,Bare,1734.77,,46.64,482.49,458.9,,,21.6,41.1,5.18,,577.772
USW,Aluminum,Al,Aluminum,Al,73.4,Tin-plated,2297.4,,50.27,998.41,313.2,,,84.9,10.8,18.09,,536.698
USW,Copper,Cu,Aluminum,Al,63.3,Oxide,2382.68,,47.4,693.89,351.7,,,8.0,65.6,21.66,,611.723
USW,Copper,Cu,Aluminum,Al,149.5,Bare,1445.72,,35.31,755.07,111.5,,,22.9,77.5,19.81,,106.82
USW,Copper,Cu,Aluminum,Al,119.2,Tin-plated,1994.62,,32.15,1044.41,420.1,,,117.1,47.8,17.4,,540.667
USW,Nickel,Ni,Aluminum,Al,161.9,Bare,2434.45,,27.6,900.95,126.0,,,105.8,71.4,24.69,,190.173
USW,Copper,Cu,Aluminum,Al,50.6,Nickel-plated,699.84,,44.39,1084.5,100.5,,,70.8,63.5,8.52,,50.146
USW,Copper,Cu,Aluminum,Al,203.2,Nickel-plated,2016.96,,17.7,1071.66,208.4,,,40.9,43.3,18.51,,237.455
USW,Aluminum,Al,Aluminum,Al,37.9,Bare,1163.69,,27.24,217.07,302.8,,,73.1,61.0,5.43,,217.781
USW,Copper,Cu,Aluminum,Al,72.0,Tin-plated,1630.1,,24.78,475.81,259.9,,,79.3,68.4,6.16,,255.984
USW,Copper,Cu,Aluminum,Al,232.9,Nickel-plated,1163.66,,19.95,1032.83,325.4,,,71.2,10.8,10.67,,218.674
USW,Copper,Cu,Aluminum,Al,225.5,Oxide,1409.6,,42.28,878.61,422.9,,,110.5,12.6,17.8,,418.242
USW,Nickel,Ni,Copper,Cu,143.5,Bare,1634.72,,34.01,239.45,385.6,,,46.7,17.5,24.6,,413.301
USW,Copper,Cu,Aluminum,Al,144.7,Tin-plated,731.35,,54.14,905.39,532.4,,,36.3,61.5,7.36,,298.83
USW,StainlessSteel,SS304,Nickel,Ni,108.4,Nickel-plated,1443.96,,34.79,307.45,284.8,,,17.0,23.3,16.35,,271.4
USW,Copper,Cu,Aluminum,Al,199.5,Nickel-plated,1375.79,,44.68,248.98,552.7,,,22.2,55.9,9.93,,543.594
USW,Copper,Cu,Aluminum,Al,148.7,Bare,1696.11,,42.21,368.42,507.4,,,-4.4,57.7,12.93,,603.438
USW,Copper,Cu,Aluminum,Al,64.7,Oxide,2107.9,,34.35,738.18,423.7,,,92.5,33.9,7.75,,587.189
USW,Copper,Cu,Aluminum,Al,43.5,Bare,1341.23,,28.49,261.82,219.3,,,38.2,61.7,22.37,,183.8
USW,Aluminum,Al,Aluminum,Al,147.7,Nickel-plated,2372.0,,52.91,820.85,482.8,,,14.8,74.1,13.91,,870.966
USW,Nickel,Ni,Aluminum,Al,204.5,Nickel-plated,2500.25,,20.22,1072.76,350.6,,,99.8,76.5,23.32,,507.58
USW,Copper,Cu,Aluminum,Al,232.7,Bare,722.96,,34.92,237.09,136.6,,,85.2,55.7,20.38,,65.239
USW,Nickel,Ni,Copper,Cu,178.5,Nickel-plated,2528.62,,30.7,841.58,524.4,,,26.2,23.5,22.66,,844.906
USW,Aluminum,Al,Aluminum,Al,213.5,Oxide,2469.35,,45.5,761.69,337.4,,,51.1,63.0,22.97,,599.372
USW,Nickel,Ni,Copper,Cu,118.6,Nickel-plated,1814.51,,47.55,546.51,527.3,,,46.5,64.0,10.22,,699.341
USW,Nickel,Ni,Copper,Cu,110.7,Bare,1163.1,,21.23,858.19,441.1,,,-7.9,53.0,21.31,,299.909
USW,Nickel,Ni,Copper,Cu,70.1,Oxide,2120.48,,25.97,804.96,106.6,,,71.1,77.0,16.17,,138.161
USW,Copper,Cu,Copper,Cu,41.0,Bare,1881.08,,20.14,1103.27,264.4,,,52.2,27.0,14.35,,287.732
USW,Copper,Cu,Aluminum,Al,230.1,Nickel-plated,665.39,,33.06,738.55,458.9,,,-1.0,59.6,4.65,,198.571
USW,Nickel,Ni,Copper,Cu,220.0,Carbon-coated,1237.29,,37.84,899.42,279.1,,,108.3,51.9,8.27,,233.734
USW,Copper,Cu,Copper,Cu,133.8,Bare,1084.93,,55.33,680.63,306.6,,,4.0,49.9,9.3,,257.47
USW,Nickel,Ni,Aluminum,Al,64.3,Oxide,2589.83,,37.27,295.64,428.7,,,78.2,26.8,5.92,,747.997
USW,Copper,Cu,Aluminum,Al,148.5,Bare,2403.28,,59.48,672.96,164.3,,,57.4,31.7,22.67,,314.691
USW,Nickel,Ni,Copper,Cu,174.7,Bare,699.26,,28.69,933.6,495.0,,,79.6,61.4,12.21,,216.677
USW,Aluminum,Al,Aluminum,Al,75.9,Bare,1401.29,,44.33,916.11,539.6,,,62.7,33.7,22.43,,539.022
USW,Copper,Cu,Aluminum,Al,215.9,Carbon-coated,2025.54,,52.47,360.81,106.4,,,20.5,72.9,12.01,,163.443
USW,Copper,Cu,Aluminum,Al,210.6,Nickel-plated,1486.73,,20.13,153.73,570.3,,,-5.1,13.7,5.39,,490.455
USW,Aluminum,Al,Aluminum,Al,246.1,Bare,1157.36,,30.08,1074.82,400.1,,,-4.2,46.9,18.68,,293.452
USW,Copper,Cu,Copper,Cu,233.2,Tin-plated,1434.32,,18.98,958.83,297.0,,,70.8,26.1,17.3,,243.685
USW,Copper,Cu,Copper,Cu,60.9,Bare,1639.83,,30.7,1183.35,480.5,,,56.5,66.8,17.34,,502.088
USW,Aluminum,Al,Aluminum,Al,130.8,Bare,2035.62,,18.31,1019.62,598.9,,,80.7,28.0,11.3,,693.007
USW,Copper,Cu,Aluminum,Al,201.5,Bare,1465.3,,56.84,784.89,409.4,,,61.3,24.8,22.1,,469.36
USW,Copper,Cu,Aluminum,Al,194.3,Bare,1065.56,,59.94,920.12,278.0,,,62.5,79.1,12.87,,236.875
USW,Nickel,Ni,Copper,Cu,135.4,Oxide,1557.43,,54.14,281.53,365.4,,,42.7,44.0,14.69,,436.718
USW,Copper,Cu,Aluminum,Al,145.7,Tin-plated,775.56,,44.46,1073.05,491.2,,,110.5,40.3,11.51,,271.86
USW,Nickel,Ni,Aluminum,Al,123.5,Nickel-plated,1982.26,,15.5,884.2,197.4,,,12.3,21.1,14.81,,216.263
USW,Copper,Cu,Aluminum,Al,67.2,Nickel-plated,1951.96,,47.14,1165.83,100.3,,,41.4,67.2,17.46,,142.687
USW,Aluminum,Al,Aluminum,Al,53.4,Bare,1560.54,,21.85,488.85,401.6,,,95.1,49.6,17.07,,368.583
USW,Copper,Cu,Aluminum,Al,152.5,Anodized,1234.18,,56.59,1114.38,570.6,,,61.4,23.2,15.18,,550.041
USW,Nickel,Ni,Copper,Cu,115.3,Nickel-plated,1743.31,,57.9,296.03,578.6,,,4.2,76.3,16.24,,795.239
USW,Nickel,Ni,Aluminum,Al,147.2,Bare,2553.99,,38.65,191.35,536.5,,,35.6,16.5,6.4,,933.692
USW,Copper,Cu,Aluminum,Al,89.3,Tin-plated,2495.79,,40.25,1083.44,274.8,,,83.4,22.9,7.8,,473.417
USW,Copper,Cu,Aluminum,Al,61.1,Bare,2062.17,,21.75,815.3,131.9,,,20.3,11.2,6.59,,159.8
USW,Nickel,Ni,Copper,Cu,155.8,Anodized,1886.26,,30.51,1195.24,181.0,,,-5.3,29.3,12.43,,217.223
USW,Aluminum,Al,Aluminum,Al,153.4,Bare,627.28,,57.85,820.89,109.9,,,17.4,18.3,22.62,,54.33
USW,Copper,Cu,Aluminum,Al,186.3,Bare,1748.44,,31.36,643.05,496.3,,,12.5,36.9,18.74,,556.117
USW,StainlessSteel,SS304,Nickel,Ni,224.5,Tin-plated,2125.28,,28.73,1143.34,580.5,,,80.6,32.9,20.94,,772.664
USW,Aluminum,Al,Aluminum,Al,40.9,Bare,2177.97,,31.28,469.13,569.9,,,91.0,44.7,22.97,,794.931
USW,Copper,Cu,Aluminum,Al,124.4,Nickel-plated,2245.44,,30.93,1067.7,199.3,,,-1.5,36.7,15.27,,285.751
USW,Copper,Cu,Aluminum,Al,193.1,Bare,1306.35,,39.62,600.41,180.0,,,15.8,30.8,23.74,,161.496
USW,Aluminum,Al,Aluminum,Al,95.9,Bare,2321.35,,51.51,646.4,362.3,,,46.4,37.4,7.24,,633.102
USW,Aluminum,Al,Aluminum,Al,200.1,Tin-plated,1820.17,,24.83,1020.58,225.9,,,69.2,27.1,20.2,,248.614
USW,StainlessSteel,SS304,Nickel,Ni,104.2,Nickel-plated,2126.32,,50.57,485.08,129.8,,,46.0,51.8,11.48,,206.317
USW,Copper,Cu,Aluminum,Al,132.0,Tin-plated,1515.77,,27.62,1113.65,479.1,,,12.7,28.8,4.17,,450.294
USW,Aluminum,Al,Aluminum,Al,231.2,Nickel-plated,2544.22,,29.16,816.68,561.0,,,80.6,41.3,6.98,,897.392
USW,StainlessSteel,SS304,Nickel,Ni,36.3,Nickel-plated,2585.61,,19.95,190.37,166.3,,,-9.4,49.4,11.04,,248.352
USW,Copper,Cu,Aluminum,Al,70.7,Nickel-plated,1286.84,,54.81,296.23,332.0,,,119.0,11.6,10.54,,329.468
USW,Copper,Cu,Copper,Cu,79.2,Nickel-plated,2116.86,,23.46,987.36,462.4,,,77.4,26.3,22.03,,584.441
USW,Copper,Cu,Aluminum,Al,90.4,Oxide,969.3,,35.73,427.4,375.7,,,75.4,50.3,12.42,,242.223
USW,Copper,Cu,Aluminum,Al,54.4,Bare,1046.89,,23.66,900.66,275.0,,,13.8,56.7,11.63,,172.223
USW,StainlessSteel,SS304,Nickel,Ni,244.9,Oxide,1851.62,,41.31,490.39,139.2,,,23.7,63.0,21.3,,179.425
USW,Nickel,Ni,Aluminum,Al,196.3,Bare,662.5,,49.42,292.5,193.2,,,34.7,35.0,13.53,,94.891
USW,Aluminum,Al,Aluminum,Al,114.8,Anodized,773.74,,29.29,649.41,581.7,,,16.0,41.0,6.95,,283.248
USW,Nickel,Ni,Copper,Cu,86.6,Bare,657.49,,26.59,274.45,587.9,,,87.1,63.3,19.82,,237.466
USW,Copper,Cu,Aluminum,Al,43.0,Nickel-plated,2264.52,,25.82,979.6,217.4,,,-8.2,53.5,5.76,,300.417
USW,Copper,Cu,Aluminum,Al,237.0,Bare,1259.86,,42.7,769.68,171.4,,,-0.4,62.1,4.68,,152.014
USW,Nickel,Ni,Aluminum,Al,80.1,Oxide,2504.54,,24.69,970.73,513.9,,,81.5,39.3,23.9,,777.164
USW,Aluminum,Al,Aluminum,Al,105.7,Carbon-coated,1900.43,,17.57,537.76,508.0,,,114.4,31.6,17.81,,544.732
USW,Copper,Cu,Aluminum,Al,68.7,Tin-plated,1110.7,,36.21,955.46,320.8,,,101.7,20.1,6.25,,237.949
USW,Copper,Cu,Copper,Cu,94.4,Bare,1117.52,,55.29,697.4,453.6,,,-1.7,60.3,9.99,,392.279
USW,Copper,Cu,Aluminum,Al,231.4,Bare,1906.35,,22.06,1180.39,341.9,,,104.8,36.1,4.8,,384.031
USW,Copper,Cu,Copper,Cu,180.3,Bare,1535.4,,20.69,1098.41,580.0,,,31.7,38.6,18.14,,517.932
USW,Nickel,Ni,Aluminum,Al,54.5,Nickel-plated,766.76,,17.41,678.59,214.3,,,17.8,21.3,18.39,,92.573
USW,Copper,Cu,Aluminum,Al,154.8,Bare,1035.66,,35.72,966.91,157.0,,,67.2,27.2,10.77,,108.117
USW,Copper,Cu,Aluminum,Al,30.2,Tin-plated,1789.71,,42.84,915.45,286.6,,,56.8,41.6,11.27,,361.432
USW,Copper,Cu,Aluminum,Al,247.4,Bare,1354.57,,51.31,406.24,347.2,,,31.3,10.7,20.3,,353.526
USW,Nickel,Ni,Aluminum,Al,106.2,Bare,1606.0,,35.37,566.43,218.9,,,86.8,31.7,16.48,,233.099
USW,Copper,Cu,Aluminum,Al,75.3,Nickel-plated,1958.84,,28.39,222.25,455.5,,,68.6,60.3,18.49,,557.111
USW,Nickel,Ni,Copper,Cu,46.6,Bare,864.32,,22.76,200.89,475.2,,,60.4,16.7,15.54,,243.6
USW,Copper,Cu,Aluminum,Al,98.3,Bare,1670.83,,39.61,529.75,218.0,,,38.8,17.0,6.07,,250.161
USW,Aluminum,Al,Aluminum,Al,223.9,Tin-plated,2047.33,,43.67,383.38,520.5,,,15.6,61.2,14.98,,755.918
USW,Aluminum,Al,Aluminum,Al,236.5,Nickel-plated,1360.75,,15.57,936.54,396.3,,,76.8,16.0,9.16,,298.265
USW,Aluminum,Al,Aluminum,Al,35.1,Bare,2034.54,,50.12,1164.85,556.7,,,52.7,13.2,9.4,,843.906
USW,Aluminum,Al,Aluminum,Al,204.7,Oxide,2275.9,,29.43,339.32,329.4,,,25.0,35.6,18.1,,472.403
USW,Copper,Cu,Aluminum,Al,195.8,Tin-plated,1207.86,,26.68,531.54,402.8,,,4.3,64.7,20.77,,299.125
USW,Copper,Cu,Aluminum,Al,162.0,Nickel-plated,1072.65,,35.08,868.57,158.2,,,34.0,67.6,14.47,,112.234
USW,Aluminum,Al,Aluminum,Al,123.6,Nickel-plated,868.94,,33.08,1020.64,561.8,,,44.0,19.9,12.42,,317.542
USW,Copper,Cu,Aluminum,Al,75.6,Bare,2304.15,,36.5,450.82,596.4,,,-6.7,35.4,15.43,,919.926
USW,Copper,Cu,Aluminum,Al,197.5,Bare,737.7,,28.37,560.53,290.6,,,79.4,74.9,12.0,,133.844
USW,Copper,Cu,Aluminum,Al,179.6,Bare,2158.27,,45.79,332.82,435.5,,,18.4,30.8,13.6,,677.689
USW,Copper,Cu,Aluminum,Al,247.9,Tin-plated,2446.16,,26.79,178.57,225.1,,,19.5,52.1,8.35,,338.943
USW,Aluminum,Al,Aluminum,Al,228.5,Carbon-coated,1702.41,,50.07,392.89,114.2,,,63.5,51.5,8.55,,144.752
USW,Aluminum,Al,Aluminum,Al,118.3,Bare,2131.02,,40.95,340.18,576.0,,,68.4,54.8,21.7,,852.127
USW,Nickel,Ni,Copper,Cu,171.6,Nickel-plated,1259.66,,25.04,217.63,553.9,,,113.2,18.0,5.21,,422.673
USW,Nickel,Ni,Copper,Cu,48.0,Nickel-plated,913.76,,36.59,694.52,110.2,,,79.1,50.5,6.69,,67.468
USW,Aluminum,Al,Aluminum,Al,118.1,Bare,1269.33,,35.17,793.46,495.0,,,65.8,79.2,21.38,,416.003
USW,Copper,Cu,Copper,Cu,92.7,Nickel-plated,713.76,,22.26,1061.66,153.2,,,98.2,43.4,17.11,,64.561
USW,Copper,Cu,Aluminum,Al,247.3,Bare,1705.78,,39.05,257.11,570.2,,,101.0,65.3,19.49,,664.979
USW,Aluminum,Al,Aluminum,Al,180.6,Anodized,1412.76,,25.95,1192.81,200.1,,,54.0,54.2,18.84,,172.637
USW,Aluminum,Al,Aluminum,Al,107.5,Oxide,2106.59,,19.65,776.52,404.4,,,117.5,35.7,19.64,,490.561
USW,Nickel,Ni,Aluminum,Al,214.6,Bare,2021.05,,44.17,1081.41,126.8,,,55.9,16.2,21.91,,182.447
USW,Nickel,Ni,Aluminum,Al,75.6,Oxide,1452.04,,37.22,347.95,441.6,,,80.7,18.0,14.49,,431.855
USW,Copper,Cu,Aluminum,Al,122.8,Bare,753.76,,42.63,703.23,233.9,,,94.3,58.4,21.59,,124.017
USW,Nickel,Ni,Copper,Cu,42.4,Nickel-plated,1314.51,,28.31,691.68,266.5,,,30.4,52.1,7.43,,218.548
USW,Copper,Cu,Copper,Cu,81.6,Nickel-plated,2117.01,,20.56,655.92,239.2,,,107.5,67.4,16.31,,294.201
USW,Copper,Cu,Copper,Cu,201.0,Carbon-coated,2217.44,,18.14,780.21,469.9,,,10.0,73.8,6.22,,591.233
USW,Nickel,Ni,Aluminum,Al,245.9,Carbon-coated,1587.06,,33.94,338.48,567.5,,,-1.3,61.7,9.34,,590.18
USW,StainlessSteel,SS304,Nickel,Ni,38.2,Tin-plated,1742.9,,26.75,421.12,512.4,,,81.9,38.4,12.3,,549.49
USW,Aluminum,Al,Aluminum,Al,115.7,Oxide,617.35,,49.73,643.81,300.0,,,31.4,16.6,16.67,,137.586
USW,Copper,Cu,Aluminum,Al,159.2,Tin-plated,2363.86,,41.07,638.05,414.8,,,114.5,13.2,10.42,,681.325
USW,Copper,Cu,Aluminum,Al,220.6,Tin-plated,1872.1,,55.14,495.05,572.9,,,118.1,52.8,13.68,,829.007
USW,Aluminum,Al,Aluminum,Al,75.4,Anodized,2468.61,,35.38,652.13,168.0,,,56.1,14.7,13.88,,275.119
USW,Copper,Cu,Aluminum,Al,232.4,Bare,1892.68,,48.07,1142.35,147.0,,,28.2,10.8,17.66,,204.185
USW,Nickel,Ni,Aluminum,Al,208.1,Nickel-plated,969.65,,25.56,478.3,550.9,,,99.1,26.1,23.16,,325.139
USW,Aluminum,Al,Aluminum,Al,89.1,Bare,2345.23,,27.18,852.87,434.1,,,74.3,31.7,24.41,,628.812
USW,Copper,Cu,Aluminum,Al,31.6,Nickel-plated,1302.07,,55.25,245.4,434.2,,,95.1,62.8,13.22,,437.323
USW,Copper,Cu,Copper,Cu,90.3,Nickel-plated,806.1,,37.27,352.03,369.6,,,117.4,39.2,16.1,,200.72
USW,Nickel,Ni,Aluminum,Al,212.8,Bare,2580.24,,45.8,804.77,354.3,,,50.8,32.4,21.61,,659.181
USW,Copper,Cu,Aluminum,Al,201.6,Bare,1366.66,,42.74,340.3,389.0,,,-0.1,73.1,8.19,,374.291
USW,Copper,Cu,Aluminum,Al,114.1,Bare,2473.08,,34.05,331.93,183.9,,,114.4,26.9,16.24,,298.349
USW,Copper,Cu,Aluminum,Al,50.4,Bare,2164.87,,23.63,860.65,517.9,,,39.9,49.8,21.28,,670.418
USW,Nickel,Ni,Copper,Cu,168.8,Bare,1449.28,,23.0,931.91,235.1,,,29.7,29.6,4.05,,202.516
USW,Nickel,Ni,Copper,Cu,80.6,Bare,1341.85,,57.26,924.46,290.6,,,77.7,47.7,8.38,,306.04
USW,Copper,Cu,Aluminum,Al,207.8,Oxide,1098.18,,40.29,552.9,410.1,,,-5.2,40.4,7.69,,310.986
USW,Copper,Cu,Aluminum,Al,104.8,Oxide,1294.79,,58.83,1045.19,416.8,,,-7.3,28.8,16.13,,428.239
USW,Nickel,Ni,Copper,Cu,223.4,Carbon-coated,2331.26,,26.19,598.27,552.2,,,118.5,52.6,21.71,,788.012
USW,Aluminum,Al,Aluminum,Al,51.1,Oxide,689.6,,35.61,992.7,361.5,,,32.5,32.6,12.5,,165.656
USW,Nickel,Ni,Copper,Cu,60.0,Nickel-plated,2469.12,,59.37,926.55,405.3,,,93.8,33.8,13.56,,796.997
USW,Copper,Cu,Aluminum,Al,159.6,Nickel-plated,632.8,,46.54,630.45,526.7,,,115.2,40.1,9.42,,241.696
USW,Nickel,Ni,Aluminum,Al,41.3,Oxide,2416.37,,18.64,1161.54,207.4,,,102.6,40.3,17.05,,285.822
USW,Nickel,Ni,Copper,Cu,128.6,Bare,1316.99,,34.45,492.08,426.3,,,113.6,75.3,14.09,,369.451
USW,Nickel,Ni,Copper,Cu,51.1,Nickel-plated,1725.95,,47.54,339.74,242.0,,,44.9,11.4,10.14,,305.296
USW,StainlessSteel,SS304,Nickel,Ni,125.7,Nickel-plated,2552.81,,56.69,490.42,554.7,,,69.4,54.8,4.39,,1106.694
USW,Nickel,Ni,Copper,Cu,204.0,Bare,691.12,,52.12,936.86,232.1,,,43.1,59.5,11.21,,121.327
USW,Aluminum,Al,Aluminum,Al,148.2,Bare,1491.41,,28.53,184.96,165.0,,,-0.6,68.2,10.95,,153.867
USW,Nickel,Ni,Aluminum,Al,221.7,Anodized,944.86,,31.94,1022.47,357.1,,,101.7,47.7,12.98,,217.313
USW,Copper,Cu,Copper,Cu,172.3,Nickel-plated,1414.41,,40.17,204.36,292.7,,,88.9,27.5,19.93,,285.566
USW,Copper,Cu,Aluminum,Al,34.8,Bare,1478.55,,41.01,781.14,142.0,,,-7.5,68.8,20.05,,145.849
USW,Copper,Cu,Copper,Cu,232.5,Oxide,2336.45,,46.87,632.65,362.1,,,-9.8,30.6,7.1,,615.071
USW,Copper,Cu,Aluminum,Al,62.3,Carbon-coated,1031.26,,28.68,445.32,414.4,,,18.1,32.9,19.69,,267.551
USW,Aluminum,Al,Aluminum,Al,188.1,Bare,1948.53,,21.77,383.47,319.9,,,67.7,62.3,15.28,,366.261
USW,Aluminum,Al,Aluminum,Al,128.7,Bare,1493.0,,27.6,525.19,330.8,,,99.5,73.2,6.6,,306.178
USW,Copper,Cu,Copper,Cu,237.5,Nickel-plated,682.28,,42.64,1104.96,557.4,,,105.7,37.2,10.58,,267.574
USW,Nickel,Ni,Copper,Cu,200.1,Bare,1173.71,,25.77,449.52,351.2,,,24.4,44.7,9.72,,251.4
USW,Aluminum,Al,Aluminum,Al,131.1,Bare,654.99,,48.9,402.03,294.6,,,100.3,41.2,21.34,,142.487
USW,Aluminum,Al,Aluminum,Al,35.0,Oxide,1309.38,,28.87,617.41,199.9,,,-6.7,71.0,12.85,,164.09
USW,Copper,Cu,Aluminum,Al,200.9,Bare,2177.53,,43.95,198.84,525.6,,,51.3,24.5,16.36,,813.488
USW,Nickel,Ni,Copper,Cu,141.4,Bare,1126.78,,25.99,1182.35,500.2,,,38.4,35.0,10.1,,344.424
USW,Aluminum,Al,Aluminum,Al,231.0,Oxide,1423.24,,59.27,812.86,557.7,,,22.0,76.8,6.73,,631.799
USW,Copper,Cu,Aluminum,Al,36.4,Anodized,740.28,,48.1,1005.68,392.5,,,114.5,28.2,19.47,,213.219
USW,Copper,Cu,Aluminum,Al,181.7,Nickel-plated,2071.2,,52.51,1193.3,143.4,,,44.8,15.5,15.92,,225.22
USW,Nickel,Ni,Aluminum,Al,128.5,Carbon-coated,753.0,,47.86,643.9,312.5,,,55.3,62.4,12.44,,172.39
USW,Copper,Cu,Copper,Cu,177.2,Bare,1767.1,,33.0,833.44,491.0,,,74.2,45.8,13.69,,563.932
USW,Nickel,Ni,Aluminum,Al,112.0,Bare,2555.9,,41.38,167.61,421.0,,,82.1,11.1,12.49,,749.417
USW,Nickel,Ni,Copper,Cu,30.8,Bare,1592.76,,55.87,1048.13,257.8,,,81.2,58.4,18.79,,319.04
USW,Copper,Cu,Copper,Cu,231.2,Bare,734.47,,54.41,708.53,288.0,,,71.0,39.6,5.15,,162.673
USW,Copper,Cu,Aluminum,Al,160.0,Bare,2081.3,,30.28,424.21,249.6,,,102.8,24.9,13.53,,329.845
USW,Copper,Cu,Aluminum,Al,92.0,Bare,2347.52,,22.49,908.11,491.5,,,14.4,52.4,22.84,,682.68
USW,Copper,Cu,Aluminum,Al,231.5,Tin-plated,1412.57,,28.95,1060.42,348.5,,,36.5,15.7,19.85,,308.875
USW,Copper,Cu,Aluminum,Al,46.8,Tin-plated,1310.68,,31.82,430.91,572.3,,,116.0,74.3,4.18,,482.703
USW,Copper,Cu,Aluminum,Al,239.2,Carbon-coated,1329.36,,22.55,274.87,375.2,,,95.9,34.4,20.29,,295.24
USW,Nickel,Ni,Aluminum,Al,157.0,Bare,2187.31,,18.42,329.35,599.0,,,94.9,14.1,22.61,,745.469
USW,Copper,Cu,Aluminum,Al,244.1,Bare,2115.8,,23.0,714.94,571.2,,,95.0,68.8,13.68,,718.463
USW,Copper,Cu,Aluminum,Al,50.2,Carbon-coated,2064.68,,59.67,1158.54,132.5,,,59.2,76.8,20.07,,218.386
USW,Copper,Cu,Aluminum,Al,246.0,Bare,805.59,,42.37,538.47,331.7,,,23.7,59.3,23.21,,187.577
USW,StainlessSteel,SS304,Nickel,Ni,191.8,Bare,1228.79,,36.25,352.85,145.3,,,100.1,68.8,5.33,,119.307
USW,Nickel,Ni,Copper,Cu,103.1,Tin-plated,2297.95,,57.85,486.76,119.5,,,1.5,27.5,11.61,,216.4
USW,Copper,Cu,Aluminum,Al,49.3,Tin-plated,1833.28,,54.96,577.63,407.0,,,-8.7,40.9,22.77,,575.96
USW,Nickel,Ni,Copper,Cu,214.7,Nickel-plated,1210.85,,59.46,468.75,491.5,,,31.6,38.5,19.74,,474.357
USW,Copper,Cu,Aluminum,Al,236.5,Oxide,1282.49,,17.48,472.13,141.0,,,66.8,19.9,16.56,,101.959
USW,Nickel,Ni,Copper,Cu,53.0,Tin-plated,1881.43,,46.05,247.95,129.4,,,3.4,39.4,12.03,,175.949
USW,Nickel,Ni,Copper,Cu,59.1,Tin-plated,2080.11,,33.2,298.47,512.1,,,81.3,46.9,6.81,,693.611
USW,Copper,Cu,Aluminum,Al,108.3,Tin-plated,2164.33,,52.6,746.9,290.7,,,0.9,66.7,7.58,,477.534
USW,Aluminum,Al,Aluminum,Al,205.9,Tin-plated,622.24,,40.59,296.11,499.8,,,72.1,44.8,19.66,,215.277
USW,Nickel,Ni,Aluminum,Al,197.2,Nickel-plated,2006.92,,22.11,182.03,580.1,,,72.4,44.5,13.57,,686.253
USW,Nickel,Ni,Aluminum,Al,138.5,Bare,1713.0,,57.27,301.99,274.8,,,24.8,33.8,20.91,,369.473
USW,Copper,Cu,Aluminum,Al,178.9,Nickel-plated,1885.04,,46.79,304.79,415.9,,,83.2,13.1,23.44,,569.632
USW,Copper,Cu,Aluminum,Al,36.3,Oxide,1124.29,,33.83,526.54,250.2,,,39.4,30.2,21.47,,184.159
USW,Aluminum,Al,Aluminum,Al,163.5,Bare,646.59,,54.18,816.29,586.0,,,94.6,58.5,19.08,,290.878
USW,Copper,Cu,Aluminum,Al,74.9,Bare,1854.01,,30.95,995.52,210.3,,,41.0,58.1,12.17,,248.966
USW,Aluminum,Al,Aluminum,Al,223.6,Bare,2422.65,,42.6,1021.07,137.0,,,110.5,41.0,18.64,,233.497
USW,StainlessSteel,SS304,Nickel,Ni,234.0,Oxide,776.37,,19.4,913.26,196.8,,,44.2,19.0,4.48,,87.75
USW,Nickel,Ni,Aluminum,Al,176.4,Nickel-plated,2107.33,,42.69,375.04,108.3,,,52.7,51.2,22.53,,160.692
USW,Nickel,Ni,Copper,Cu,144.6,Oxide,2059.71,,40.21,1148.28,384.8,,,84.9,70.0,20.07,,546.856
USW,Aluminum,Al,Aluminum,Al,208.0,Tin-plated,1066.72,,34.82,738.83,394.3,,,88.0,28.2,24.1,,277.626
USW,StainlessSteel,SS304,Nickel,Ni,42.4,Nickel-plated,852.19,,47.86,668.1,503.9,,,43.1,25.1,19.3,,314.574
USW,Aluminum,Al,Aluminum,Al,146.3,Oxide,1263.46,,45.99,306.71,545.5,,,57.2,67.0,21.53,,497.709
USW,Copper,Cu,Copper,Cu,222.0,Bare,2033.81,,55.55,948.14,155.4,,,76.1,56.4,23.03,,245.013
USW,Copper,Cu,Aluminum,Al,142.2,Bare,1196.05,,57.4,593.53,553.3,,,17.3,40.6,15.24,,519.867
USW,Aluminum,Al,Aluminum,Al,101.3,Nickel-plated,1137.6,,27.63,491.73,387.4,,,69.4,37.9,14.07,,273.333
USW,Copper,Cu,Aluminum,Al,236.3,Bare,2174.58,,29.84,809.93,561.9,,,36.5,24.0,11.24,,772.752
USW,Aluminum,Al,Aluminum,Al,90.8,Anodized,1872.23,,58.68,555.06,543.7,,,59.9,42.0,5.35,,806.838
USW,Aluminum,Al,Aluminum,Al,194.6,Bare,1586.04,,26.57,385.22,406.6,,,32.0,18.4,16.96,,396.113
USW,Copper,Cu,Aluminum,Al,125.9,Carbon-coated,1481.2,,41.95,399.46,461.3,,,89.8,64.5,16.84,,478.111
USW,Copper,Cu,Aluminum,Al,140.9,Bare,1392.01,,23.63,189.52,479.3,,,114.2,34.6,21.54,,398.924
USW,Aluminum,Al,Aluminum,Al,91.8,Bare,1682.9,,48.53,470.58,431.4,,,73.1,22.1,9.9,,534.551
USW,Copper,Cu,Aluminum,Al,144.4,Bare,698.63,,18.73,815.46,353.1,,,61.9,49.7,17.75,,140.775
USW,Copper,Cu,Aluminum,Al,151.8,Bare,2340.93,,34.74,404.11,497.3,,,16.5,73.7,21.94,,767.909
USW,Aluminum,Al,Aluminum,Al,106.1,Bare,631.55,,26.03,311.95,296.5,,,87.1,17.3,12.75,,114.451
USW,Aluminum,Al,Aluminum,Al,211.4,Nickel-plated,1591.55,,17.16,499.4,203.1,,,101.3,75.2,18.71,,181.673
USW,Nickel,Ni,Aluminum,Al,53.6,Tin-plated,2242.02,,30.71,616.67,413.3,,,28.9,50.1,18.92,,590.455
USW,Nickel,Ni,Copper,Cu,245.8,Oxide,2539.7,,47.52,1042.28,424.5,,,37.4,13.0,23.93,,787.738
USW,Aluminum,Al,Aluminum,Al,129.9,Oxide,778.68,,22.14,341.51,229.9,,,101.9,57.2,15.53,,105.569
USW,Copper,Cu,Aluminum,Al,93.5,Bare,1819.02,,52.45,1022.75,515.1,,,52.1,45.8,13.36,,710.231
USW,Nickel,Ni,Copper,Cu,52.0,Nickel-plated,1349.29,,18.08,751.22,444.0,,,63.1,49.9,13.58,,339.756
USW,Nickel,Ni,Copper,Cu,75.3,Bare,1839.83,,23.0,947.3,480.0,,,68.5,21.6,23.27,,524.953
USW,Copper,Cu,Copper,Cu,126.8,Nickel-plated,1238.48,,55.41,655.48,280.8,,,76.2,43.3,11.96,,269.356
USW,Copper,Cu,Copper,Cu,170.5,Bare,1463.82,,36.18,667.26,268.1,,,74.3,59.6,24.66,,262.076
USW,Aluminum,Al,Aluminum,Al,212.6,Bare,2395.19,,36.91,1143.94,447.0,,,113.6,60.8,16.86,,719.123
USW,Copper,Cu,Aluminum,Al,132.7,Anodized,819.58,,57.74,825.62,331.2,,,17.4,51.6,17.94,,213.727
USW,Nickel,Ni,Copper,Cu,175.9,Oxide,1988.47,,36.77,331.6,571.3,,,69.9,28.4,17.84,,762.185
USW,Aluminum,Al,Aluminum,Al,105.4,Tin-plated,1575.6,,19.29,710.67,537.8,,,42.2,17.3,19.36,,486.19
USW,Copper,Cu,Aluminum,Al,219.4,Nickel-plated,1299.04,,15.79,964.01,474.9,,,76.5,20.6,24.3,,342.052
USW,Nickel,Ni,Copper,Cu,213.2,Bare,1907.24,,33.11,313.15,549.0,,,53.2,51.8,14.53,,681.195
USW,Nickel,Ni,Aluminum,Al,72.6,Bare,2072.12,,50.42,819.99,322.0,,,71.6,18.2,8.48,,498.297
USW,Aluminum,Al,Aluminum,Al,249.4,Nickel-plated,1108.97,,59.06,852.91,344.6,,,22.7,66.5,19.04,,303.695
USW,Nickel,Ni,Copper,Cu,152.3,Tin-plated,2589.39,,38.32,377.59,569.4,,,21.9,30.4,16.01,,1001.954
USW,Nickel,Ni,Copper,Cu,72.0,Oxide,755.67,,30.66,861.69,429.5,,,-5.2,42.3,6.12,,206.751
USW,Copper,Cu,Aluminum,Al,131.2,Oxide,666.89,,39.43,885.77,189.0,,,87.5,75.8,9.66,,86.455
USW,Copper,Cu,Aluminum,Al,64.3,Tin-plated,2220.84,,25.64,727.16,495.7,,,2.7,73.3,11.67,,670.569
USW,Aluminum,Al,Aluminum,Al,73.5,Nickel-plated,1336.03,,45.32,523.85,363.6,,,78.0,34.7,25.0,,349.004
USW,Aluminum,Al,Aluminum,Al,148.4,Bare,1027.26,,51.04,1011.29,476.6,,,49.1,19.3,5.79,,367.33
USW,Copper,Cu,Aluminum,Al,230.4,Bare,1219.51,,42.65,603.82,525.5,,,14.6,52.3,14.34,,450.947
USW,Copper,Cu,Aluminum,Al,121.1,Oxide,2501.39,,27.06,1161.43,198.0,,,82.6,60.9,22.57,,305.602
USW,StainlessSteel,SS304,Nickel,Ni,231.1,Tin-plated,1328.41,,43.3,1035.65,380.4,,,76.8,56.5,8.79,,357.341
USW,Nickel,Ni,Copper,Cu,105.4,Carbon-coated,1074.57,,47.83,1000.27,573.0,,,56.8,78.2,18.06,,450.928
USW,Nickel,Ni,Copper,Cu,198.0,Bare,807.37,,51.46,855.83,578.5,,,8.4,45.5,23.72,,351.469
USW,Copper,Cu,Aluminum,Al,100.9,Bare,2446.55,,41.35,979.2,373.3,,,24.3,56.0,11.93,,635.976
USW,Copper,Cu,Aluminum,Al,97.3,Anodized,1503.01,,26.88,810.57,288.8,,,33.3,53.3,19.93,,267.371
USW,Copper,Cu,Aluminum,Al,91.6,Carbon-coated,795.11,,49.76,708.94,525.0,,,38.7,67.3,6.3,,310.202
USW,Copper,Cu,Aluminum,Al,71.3,Anodized,888.77,,24.27,1016.81,421.7,,,17.8,74.5,18.43,,225.464
USW,Aluminum,Al,Aluminum,Al,124.3,Bare,2157.19,,27.58,671.49,140.1,,,47.8,76.6,6.09,,187.384
USW,Copper,Cu,Aluminum,Al,175.6,Bare,1133.93,,17.68,252.32,192.3,,,-6.4,15.2,9.1,,123.177
USW,Copper,Cu,Aluminum,Al,141.8,Oxide,1182.16,,55.86,198.52,386.5,,,40.6,23.7,12.29,,355.012
USW,Copper,Cu,Copper,Cu,149.6,Oxide,2080.93,,31.79,657.34,427.1,,,52.8,17.6,11.92,,571.74
USW,Copper,Cu,Aluminum,Al,139.8,Bare,2291.11,,32.76,201.79,249.9,,,44.1,77.1,15.46,,371.409
USW,Nickel,Ni,Copper,Cu,212.0,Bare,1908.68,,50.81,419.54,314.7,,,18.9,25.8,21.74,,449.873
USW,Aluminum,Al,Aluminum,Al,187.9,Tin-plated,1963.46,,32.41,1107.31,498.0,,,0.8,12.6,8.84,,632.425
USW,StainlessSteel,SS304,Nickel,Ni,171.9,Bare,2228.7,,59.91,890.43,398.1,,,83.5,62.5,6.74,,709.349
USW,Copper,Cu,Aluminum,Al,152.9,Bare,1689.66,,41.08,637.77,105.4,,,-1.0,70.4,12.34,,123.739
USW,Copper,Cu,Aluminum,Al,161.6,Tin-plated,877.09,,54.36,1150.23,300.8,,,33.2,27.3,12.36,,202.771
USW,Copper,Cu,Aluminum,Al,196.5,Nickel-plated,1333.68,,27.44,160.99,532.4,,,45.0,61.4,14.71,,439.598
USW,Copper,Cu,Aluminum,Al,80.8,Nickel-plated,1964.89,,42.97,236.82,304.1,,,90.5,35.8,10.26,,421.523
USW,Nickel,Ni,Aluminum,Al,98.5,Carbon-coated,1035.34,,46.06,512.42,113.0,,,32.4,15.9,11.93,,84.535
USW,Copper,Cu,Aluminum,Al,49.5,Carbon-coated,773.56,,29.87,688.89,417.4,,,-3.9,66.5,9.14,,204.255
USW,Aluminum,Al,Aluminum,Al,207.8,Oxide,1585.56,,37.18,1049.87,449.6,,,-8.4,25.4,13.53,,479.961
USW,Copper,Cu,Aluminum,Al,226.5,Bare,2420.15,,46.44,155.05,146.6,,,55.0,73.5,6.72,,257.126
USW,Aluminum,Al,Aluminum,Al,152.2,Bare,1370.37,,26.65,943.86,326.8,,,20.1,54.4,9.02,,275.27
USW,Aluminum,Al,Aluminum,Al,43.3,Bare,1249.19,,57.94,1034.93,565.6,,,102.5,40.5,8.71,,557.15
USW,Aluminum,Al,Aluminum,Al,215.4,Tin-plated,1072.67,,25.24,335.9,390.1,,,72.6,68.9,13.92,,253.943
USW,Nickel,Ni,Copper,Cu,196.1,Nickel-plated,2589.09,,30.31,968.46,251.1,,,84.3,33.3,24.58,,412.869
USW,Aluminum,Al,Aluminum,Al,222.1,Nickel-plated,2287.39,,39.36,1190.37,293.5,,,-4.4,31.2,20.84,,460.123
USW,Nickel,Ni,Copper,Cu,160.8,Oxide,1319.76,,41.09,1084.26,501.4,,,11.1,13.6,22.71,,459.829
USW,Copper,Cu,Aluminum,Al,248.5,Nickel-plated,1499.15,,28.05,930.34,309.2,,,4.0,43.9,10.44,,288.51
USW,Aluminum,Al,Aluminum,Al,115.2,Nickel-plated,1275.71,,57.45,864.32,479.1,,,92.7,20.6,10.22,,480.291
USW,Copper,Cu,Copper,Cu,146.3,Bare,2285.7,,32.05,769.64,398.7,,,23.5,58.0,12.75,,587.6
USW,StainlessSteel,SS304,Nickel,Ni,78.1,Bare,1695.72,,16.52,955.91,321.4,,,83.3,38.5,12.61,,304.382
USW,Aluminum,Al,Aluminum,Al,196.5,Bare,2250.83,,21.49,383.96,334.2,,,67.5,42.8,15.87,,440.888
USW,Nickel,Ni,Copper,Cu,177.4,Bare,2118.58,,59.48,279.36,376.9,,,88.6,41.1,23.87,,636.553
USW,Copper,Cu,Aluminum,Al,242.7,Tin-plated,1003.43,,25.43,868.63,488.2,,,93.1,38.5,7.53,,297.798
USW,Copper,Cu,Aluminum,Al,85.5,Bare,2228.79,,55.03,1026.24,576.0,,,70.2,75.0,20.54,,991.536
USW,StainlessSteel,SS304,Nickel,Ni,231.8,Bare,861.03,,30.35,714.57,295.9,,,23.6,25.9,11.22,,161.846
USW,Aluminum,Al,Aluminum,Al,83.3,Tin-plated,2170.94,,53.77,428.15,365.5,,,1.7,45.4,5.02,,607.358
USW,Copper,Cu,Aluminum,Al,104.9,Bare,1863.5,,49.41,696.3,104.9,,,59.1,64.6,24.2,,144.888
USW,Copper,Cu,Aluminum,Al,206.5,Bare,1420.39,,59.7,1169.15,282.6,,,30.4,20.0,24.46,,320.435
USW,Aluminum,Al,Aluminum,Al,151.1,Tin-plated,1393.77,,45.54,194.15,461.1,,,101.8,76.6,13.38,,462.472
USW,Copper,Cu,Aluminum,Al,135.7,Carbon-coated,2537.68,,55.66,738.19,582.2,,,22.4,15.3,5.95,,1146.388
USW,StainlessSteel,SS304,Nickel,Ni,148.8,Nickel-plated,1568.07,,56.39,695.36,201.5,,,90.8,56.3,15.01,,246.419
USW,Copper,Cu,Aluminum,Al,154.8,Oxide,2234.87,,36.33,849.86,296.2,,,94.2,66.4,7.65,,442.434
USW,Aluminum,Al,Aluminum,Al,149.2,Nickel-plated,638.77,,18.54,193.39,363.5,,,20.5,63.2,13.89,,132.281
USW,Copper,Cu,Copper,Cu,179.8,Tin-plated,607.25,,47.54,663.55,248.8,,,9.5,11.5,17.78,,110.402
USW,Copper,Cu,Aluminum,Al,60.2,Oxide,2336.89,,27.11,585.81,537.2,,,25.8,44.9,5.43,,774.933
USW,Nickel,Ni,Copper,Cu,119.3,Tin-plated,1151.55,,52.14,391.3,460.7,,,91.4,34.9,13.39,,401.197
USW,Aluminum,Al,Aluminum,Al,149.4,Carbon-coated,626.79,,58.54,683.07,346.7,,,89.7,30.5,7.96,,172.09
USW,Copper,Cu,Copper,Cu,171.7,Nickel-plated,2328.86,,30.1,1176.71,176.8,,,18.1,47.4,20.71,,260.948
USW,Aluminum,Al,Aluminum,Al,105.3,Tin-plated,1520.61,,19.3,196.5,153.4,,,24.8,56.5,17.04,,133.897
USW,Copper,Cu,Copper,Cu,59.1,Nickel-plated,1742.91,,17.08,1040.81,177.4,,,100.1,43.8,11.36,,173.598
USW,Copper,Cu,Aluminum,Al,243.3,Nickel-plated,1137.31,,44.14,357.59,338.3,,,21.0,59.4,4.08,,273.896
USW,Copper,Cu,Aluminum,Al,242.2,Tin-plated,1245.43,,20.62,600.82,205.5,,,108.2,34.1,11.81,,148.76
USW,Aluminum,Al,Aluminum,Al,34.3,Oxide,2472.64,,28.62,1052.17,597.5,,,26.7,21.5,11.02,,924.313
USW,Nickel,Ni,Aluminum,Al,211.9,Nickel-plated,860.57,,42.06,692.99,372.7,,,28.9,66.7,7.33,,224.622
USW,Copper,Cu,Aluminum,Al,242.9,Carbon-coated,1071.27,,56.58,605.96,494.7,,,74.9,76.7,19.28,,413.898
USW,Nickel,Ni,Aluminum,Al,97.3,Tin-plated,1208.6,,55.35,694.84,182.4,,,23.5,23.4,11.19,,170.664
USW,Copper,Cu,Aluminum,Al,119.3,Tin-plated,2388.65,,53.99,829.97,517.5,,,52.0,33.6,10.46,,947.587
USW,Aluminum,Al,Aluminum,Al,234.2,Tin-plated,850.72,,36.19,1057.35,580.5,,,89.2,25.8,17.45,,329.755
USW,Nickel,Ni,Copper,Cu,44.5,Tin-plated,1555.76,,20.74,1072.93,302.8,,,63.8,10.7,14.14,,274.069
USW,StainlessSteel,SS304,Nickel,Ni,87.6,Bare,1425.18,,41.98,205.7,480.2,,,98.3,18.8,4.69,,479.029
USW,Copper,Cu,Aluminum,Al,230.7,Tin-plated,1083.45,,57.49,269.33,330.1,,,97.9,78.2,7.11,,281.095
USW,Copper,Cu,Aluminum,Al,241.2,Bare,2175.92,,54.55,815.84,360.9,,,108.5,28.1,16.0,,604.357
USW,Copper,Cu,Copper,Cu,164.4,Anodized,2202.25,,22.36,753.97,418.7,,,19.0,78.5,9.73,,544.837
USW,StainlessSteel,SS304,Nickel,Ni,121.8,Nickel-plated,2175.03,,50.88,236.54,276.5,,,74.2,32.6,18.56,,450.562
USW,Copper,Cu,Aluminum,Al,230.8,Tin-plated,2158.74,,33.12,161.13,459.9,,,11.9,40.2,13.76,,645.922
USW,Aluminum,Al,Aluminum,Al,170.0,Nickel-plated,1413.16,,53.91,827.17,250.6,,,64.7,59.2,21.69,,271.277
USW,Aluminum,Al,Aluminum,Al,100.0,Tin-plated,2442.15,,22.92,411.01,300.3,,,99.5,59.4,5.1,,435.599
USW,Copper,Cu,Aluminum,Al,125.2,Anodized,1135.28,,40.69,803.07,252.9,,,81.7,14.3,21.04,,198.881
USW,Aluminum,Al,Aluminum,Al,217.8,Tin-plated,2330.25,,50.6,873.33,187.3,,,66.4,29.4,18.11,,326.308
USW,Copper,Cu,Copper,Cu,212.0,Oxide,1042.63,,15.89,655.47,238.6,,,33.5,23.9,6.07,,138.059
USW,Nickel,Ni,Aluminum,Al,246.9,Nickel-plated,957.43,,28.19,649.44,226.7,,,78.3,13.5,6.13,,135.311
USW,Aluminum,Al,Aluminum,Al,64.6,Bare,1248.39,,18.27,200.61,224.3,,,14.8,67.3,11.28,,159.07
USW,Copper,Cu,Aluminum,Al,110.4,Bare,1597.31,,51.18,1153.82,233.4,,,-6.3,59.6,15.22,,279.964
USW,Copper,Cu,Aluminum,Al,209.9,Tin-plated,1386.54,,18.2,773.42,178.1,,,9.7,72.7,23.87,,140.242
USW,Nickel,Ni,Aluminum,Al,206.2,Bare,1633.75,,41.39,1036.7,511.1,,,7.1,26.3,14.21,,581.717
USW,Nickel,Ni,Aluminum,Al,193.4,Tin-plated,2522.0,,56.92,1172.81,408.2,,,107.4,34.5,10.51,,806.049
USW,Copper,Cu,Aluminum,Al,99.1,Nickel-plated,2463.64,,34.45,392.14,579.4,,,80.0,70.1,6.55,,939.332
USW,Copper,Cu,Aluminum,Al,214.8,Nickel-plated,868.26,,53.34,854.92,536.3,,,26.1,27.2,19.64,,355.299
USW,Nickel,Ni,Aluminum,Al,58.9,Oxide,1471.64,,18.29,193.61,176.9,,,83.1,26.6,4.02,,147.962
USW,Aluminum,Al,Aluminum,Al,176.9,Nickel-plated,2354.53,,28.77,870.13,446.4,,,40.1,66.6,13.35,,658.458
USW,Nickel,Ni,Aluminum,Al,160.4,Bare,1169.06,,48.94,919.37,524.8,,,55.7,62.2,5.65,,453.125
USW,Aluminum,Al,Aluminum,Al,140.2,Bare,676.53,,50.97,1090.62,428.2,,,53.1,45.9,16.47,,217.224
USW,Copper,Cu,Aluminum,Al,141.8,Tin-plated,777.19,,51.78,520.88,310.2,,,58.0,38.5,19.41,,181.875
USW,StainlessSteel,SS304,Nickel,Ni,114.0,Anodized,1672.61,,22.21,652.56,362.0,,,71.6,56.3,19.93,,357.285
USW,Nickel,Ni,Aluminum,Al,30.4,Tin-plated,1946.46,,57.46,454.9,177.2,,,82.9,21.0,15.63,,271.023
USW,Copper,Cu,Aluminum,Al,143.5,Tin-plated,657.56,,39.01,202.2,300.2,,,44.6,11.2,18.95,,134.883
USW,Nickel,Ni,Aluminum,Al,247.5,Bare,1293.36,,27.78,726.06,305.8,,,88.8,50.9,17.47,,245.639
USW,Copper,Cu,Aluminum,Al,237.6,Bare,1435.71,,31.77,1061.82,268.8,,,52.5,49.5,14.82,,248.214
USW,Copper,Cu,Aluminum,Al,40.0,Tin-plated,2242.05,,24.33,468.85,563.1,,,45.2,34.8,20.71,,759.733
USW,Copper,Cu,Aluminum,Al,159.5,Bare,869.41,,38.82,1159.39,314.3,,,71.4,40.7,19.11,,186.422
USW,Copper,Cu,Aluminum,Al,136.1,Bare,798.84,,37.28,735.07,154.1,,,90.2,59.2,18.22,,82.961
USW,Nickel,Ni,Copper,Cu,135.7,Bare,887.15,,44.92,295.42,287.5,,,4.0,29.8,21.89,,182.655
USW,Copper,Cu,Aluminum,Al,105.3,Nickel-plated,2587.06,,47.4,849.1,393.1,,,-6.9,14.0,4.66,,742.321
USW,Copper,Cu,Aluminum,Al,130.8,Nickel-plated,1219.71,,19.38,375.28,201.1,,,100.1,38.1,14.04,,140.878
USW,Copper,Cu,Aluminum,Al,43.1,Bare,1046.8,,22.08,472.57,568.4,,,58.4,64.1,5.67,,350.675
USW,Aluminum,Al,Aluminum,Al,126.3,Nickel-plated,1425.55,,59.57,583.98,293.7,,,116.6,29.5,24.2,,333.989
USW,Aluminum,Al,Aluminum,Al,163.2,Bare,910.41,,50.01,813.43,127.8,,,15.3,17.0,7.05,,86.652
USW,Copper,Cu,Aluminum,Al,93.1,Bare,1503.22,,53.16,1151.13,192.2,,,6.9,72.8,19.61,,220.186
USW,Copper,Cu,Aluminum,Al,87.7,Carbon-coated,932.0,,53.79,1076.69,106.0,,,63.3,13.0,21.87,,75.617
USW,Aluminum,Al,Aluminum,Al,55.2,Bare,1575.59,,39.9,959.89,343.0,,,-4.4,48.0,16.16,,371.947
USW,Aluminum,Al,Aluminum,Al,48.2,Bare,1245.92,,39.82,1002.62,528.9,,,39.6,23.6,12.21,,453.302
USW,Copper,Cu,Aluminum,Al,87.1,Nickel-plated,1688.44,,32.68,910.4,222.2,,,8.8,65.9,9.27,,243.148
USW,Aluminum,Al,Aluminum,Al,237.5,Oxide,2426.8,,16.42,310.12,439.5,,,29.0,12.9,22.3,,595.062
USW,Nickel,Ni,Copper,Cu,162.9,Bare,612.8,,18.84,426.88,565.3,,,109.6,65.2,16.05,,197.928
USW,Nickel,Ni,Aluminum,Al,212.8,Oxide,1831.28,,48.01,1039.35,289.2,,,63.8,62.1,20.89,,388.394
USW,Aluminum,Al,Aluminum,Al,120.0,Nickel-plated,1178.93,,58.6,381.47,139.2,,,105.5,60.8,20.32,,130.05
USW,Nickel,Ni,Copper,Cu,218.7,Oxide,1224.1,,57.69,508.9,143.0,,,57.0,17.8,17.3,,137.759
USW,Copper,Cu,Aluminum,Al,159.2,Bare,677.1,,31.25,151.43,472.4,,,72.7,41.1,10.55,,204.814
USW,Nickel,Ni,Copper,Cu,95.1,Oxide,1025.36,,15.98,259.79,504.7,,,107.4,41.7,13.63,,287.421
USW,Nickel,Ni,Aluminum,Al,238.2,Bare,2553.43,,41.98,980.09,327.5,,,25.3,43.2,10.89,,585.295
USW,Copper,Cu,Aluminum,Al,88.4,Nickel-plated,2442.21,,38.64,153.9,571.3,,,101.5,75.6,16.19,,950.57
USW,Copper,Cu,Aluminum,Al,249.8,Bare,1860.15,,58.36,224.35,516.7,,,19.7,62.3,7.9,,760.174
USW,Copper,Cu,Aluminum,Al,81.4,Bare,690.95,,37.0,1145.35,220.7,,,88.7,41.6,17.56,,102.518
USW,Copper,Cu,Aluminum,Al,119.3,Bare,789.24,,29.5,565.97,294.2,,,-6.5,47.4,12.55,,146.43
USW,Copper,Cu,Aluminum,Al,118.0,Nickel-plated,1357.14,,43.6,763.07,359.4,,,47.3,76.5,22.41,,345.78
USW,Copper,Cu,Aluminum,Al,172.9,Nickel-plated,2576.46,,56.46,628.79,334.3,,,-1.0,10.8,6.24,,672.047
USW,Aluminum,Al,Aluminum,Al,78.8,Nickel-plated,1219.88,,23.88,362.09,595.1,,,113.5,63.6,16.06,,435.088
USW,Aluminum,Al,Aluminum,Al,127.3,Nickel-plated,2264.29,,59.67,441.93,111.8,,,4.4,71.9,19.94,,202.08
USW,Copper,Cu,Aluminum,Al,208.2,Bare,1495.48,,25.24,394.96,431.0,,,28.2,76.1,16.43,,391.144
USW,Aluminum,Al,Aluminum,Al,105.3,Carbon-coated,2571.28,,36.6,863.69,509.3,,,42.9,59.1,8.81,,877.365
USW,Copper,Cu,Aluminum,Al,196.6,Bare,1771.33,,23.11,807.83,590.0,,,107.9,71.4,18.59,,621.828
USW,Copper,Cu,Aluminum,Al,135.1,Oxide,2588.9,,24.74,746.32,251.7,,,4.5,61.8,8.94,,393.687
USW,Nickel,Ni,Aluminum,Al,189.0,Carbon-coated,2092.5,,40.21,516.45,363.0,,,25.5,44.7,8.12,,524.175
USW,StainlessSteel,SS304,Nickel,Ni,220.5,Tin-plated,1506.47,,19.16,886.36,595.5,,,21.7,53.5,12.15,,514.164
USW,Copper,Cu,Aluminum,Al,198.3,Carbon-coated,2474.45,,34.37,533.56,379.6,,,16.1,18.7,12.2,,617.702
USW,Nickel,Ni,Aluminum,Al,57.6,Carbon-coated,872.49,,16.1,882.36,393.7,,,97.2,42.4,6.55,,191.041
USW,Nickel,Ni,Aluminum,Al,96.5,Bare,1987.92,,35.15,256.71,248.0,,,38.2,28.4,16.44,,326.333
USW,Copper,Cu,Copper,Cu,222.3,Nickel-plated,1922.82,,36.39,1031.92,149.5,,,36.9,10.3,8.98,,192.308
USW,Copper,Cu,Aluminum,Al,63.2,Bare,2304.49,,17.46,175.05,562.0,,,114.0,50.8,16.69,,729.994
USW,Copper,Cu,Aluminum,Al,240.9,Oxide,2099.69,,18.74,493.04,136.9,,,-3.8,15.6,18.01,,164.072
USW,Aluminum,Al,Aluminum,Al,85.5,Oxide,1628.54,,21.27,242.11,215.5,,,15.0,28.1,17.09,,205.24
USW,Nickel,Ni,Copper,Cu,72.5,Oxide,1350.94,,40.78,203.8,440.2,,,56.6,55.9,17.99,,412.257
USW,Nickel,Ni,Aluminum,Al,135.2,Bare,747.15,,26.87,425.52,162.4,,,96.6,69.7,23.58,,74.751
USW,Nickel,Ni,Aluminum,Al,168.2,Nickel-plated,1325.6,,29.27,589.94,403.0,,,50.6,54.0,22.92,,336.119
USW,Copper,Cu,Aluminum,Al,223.3,Bare,763.22,,47.73,567.52,243.7,,,118.9,48.3,8.48,,136.122
USW,Copper,Cu,Aluminum,Al,79.1,Bare,1123.6,,20.24,809.18,403.8,,,71.9,78.2,7.98,,262.723
USW,Copper,Cu,Aluminum,Al,44.5,Oxide,629.9,,25.97,386.59,388.7,,,108.7,52.7,13.13,,149.589
USW,Aluminum,Al,Aluminum,Al,105.5,Oxide,2371.02,,43.58,572.43,327.1,,,19.7,22.6,15.21,,549.703
USW,Copper,Cu,Aluminum,Al,87.2,Oxide,2291.32,,22.44,345.83,192.5,,,68.3,42.3,15.92,,260.84
USW,Nickel,Ni,Copper,Cu,91.3,Anodized,2093.99,,34.31,888.65,371.1,,,23.6,57.9,20.83,,510.725
USW,Nickel,Ni,Aluminum,Al,202.3,Bare,1115.01,,42.22,695.72,260.2,,,104.9,15.2,4.97,,203.479
USW,Copper,Cu,Aluminum,Al,160.6,Tin-plated,2141.85,,55.94,883.53,183.4,,,33.4,59.2,18.58,,305.481
USW,Aluminum,Al,Aluminum,Al,108.4,Bare,2026.48,,26.99,559.68,217.7,,,69.3,22.0,7.19,,272.015
USW,Aluminum,Al,Aluminum,Al,117.0,Bare,1248.0,,28.36,711.95,103.4,,,105.2,77.7,7.06,,80.52
USW,Copper,Cu,Aluminum,Al,137.7,Oxide,2540.34,,50.85,355.34,515.3,,,70.5,49.7,19.15,,980.664
USW,Nickel,Ni,Aluminum,Al,154.2,Tin-plated,2039.62,,27.12,239.61,132.2,,,31.1,34.2,7.07,,166.457
USW,StainlessSteel,SS304,Nickel,Ni,78.1,Nickel-plated,1310.29,,58.1,636.17,315.5,,,115.2,41.9,7.12,,326.407
USW,Copper,Cu,Aluminum,Al,65.3,Bare,1686.08,,31.27,1154.05,116.0,,,62.2,61.1,20.73,,125.287
USW,Copper,Cu,Copper,Cu,85.6,Tin-plated,1532.68,,58.27,1030.49,185.6,,,65.1,21.6,6.93,,224.888
USW,Nickel,Ni,Aluminum,Al,74.6,Bare,2032.54,,59.17,950.62,245.3,,,78.8,46.5,13.27,,396.577
USW,Copper,Cu,Aluminum,Al,165.8,Oxide,875.45,,36.15,1021.08,134.7,,,51.4,10.5,15.56,,78.7
USW,Copper,Cu,Aluminum,Al,225.4,Tin-plated,914.02,,47.91,493.6,266.0,,,69.7,40.1,10.85,,178.181
USW,Copper,Cu,Aluminum,Al,37.1,Bare,1675.53,,26.52,285.34,314.6,,,114.4,72.0,10.38,,323.683
USW,Copper,Cu,Copper,Cu,249.1,Bare,676.57,,48.56,705.39,101.4,,,-8.3,39.3,9.05,,50.529
USW,Copper,Cu,Copper,Cu,170.7,Bare,2213.76,,40.84,1179.64,483.8,,,78.8,71.4,13.59,,742.773
USW,StainlessSteel,SS304,Nickel,Ni,221.7,Tin-plated,1444.05,,55.49,597.59,292.8,,,-6.1,52.4,8.64,,327.617
USW,Nickel,Ni,Copper,Cu,218.8,Bare,1105.44,,57.43,559.01,317.9,,,29.7,27.4,9.85,,276.157
USW,Aluminum,Al,Aluminum,Al,93.8,Tin-plated,799.7,,47.8,249.73,303.6,,,-6.0,48.3,15.6,,177.78
USW,Nickel,Ni,Aluminum,Al,30.8,Bare,1317.33,,29.3,169.07,404.9,,,97.9,21.9,6.01,,335.763
USW,Copper,Cu,Copper,Cu,190.8,Oxide,2272.91,,46.88,541.1,449.1,,,117.2,39.1,6.57,,742.129
USW,Copper,Cu,Aluminum,Al,40.6,Nickel-plated,2568.21,,44.16,817.76,217.5,,,93.1,48.7,15.51,,397.713
USW,Nickel,Ni,Copper,Cu,97.3,Anodized,1279.72,,54.17,358.4,282.1,,,114.1,69.6,7.66,,277.075
USW,Copper,Cu,Aluminum,Al,209.8,Bare,2269.65,,35.84,889.33,376.1,,,108.9,64.3,18.4,,568.268
USW,Copper,Cu,Aluminum,Al,146.9,Bare,1109.45,,58.37,992.46,366.8,,,0.7,41.2,9.0,,321.9
USW,Copper,Cu,Aluminum,Al,214.1,Nickel-plated,2299.09,,28.93,1096.15,189.0,,,88.7,43.0,20.78,,272.678
USW,Copper,Cu,Aluminum,Al,182.3,Bare,1792.51,,23.15,492.28,496.7,,,114.4,33.0,19.35,,530.014
USW,Aluminum,Al,Aluminum,Al,246.2,Bare,2170.51,,59.52,987.36,211.7,,,47.8,52.0,18.29,,366.47
USW,Nickel,Ni,Copper,Cu,127.3,Bare,1965.66,,18.95,558.51,374.7,,,50.8,78.0,20.11,,421.304
USW,Nickel,Ni,Copper,Cu,230.5,Bare,2356.39,,44.67,1162.47,190.8,,,115.8,49.9,19.89,,321.329
USW,Copper,Cu,Aluminum,Al,112.7,Bare,1144.59,,34.47,935.75,165.0,,,82.2,51.7,14.79,,124.262
USW,Aluminum,Al,Aluminum,Al,80.0,Tin-plated,1161.53,,55.61,927.5,473.9,,,57.1,53.2,23.33,,426.897
USW,Aluminum,Al,Aluminum,Al,224.4,Oxide,810.27,,55.79,494.78,297.0,,,88.2,43.5,6.66,,186.869
USW,Nickel,Ni,Copper,Cu,178.9,Tin-plated,1953.25,,54.71,302.81,282.7,,,100.4,24.8,22.52,,425.601
USW,Nickel,Ni,Aluminum,Al,142.8,Bare,1116.41,,25.57,754.15,298.0,,,101.9,45.8,20.23,,202.487
USW,Nickel,Ni,Copper,Cu,30.9,Bare,1830.95,,59.11,1042.14,571.3,,,106.6,10.6,16.34,,831.674
USW,Copper,Cu,Aluminum,Al,228.1,Tin-plated,1219.41,,19.96,1161.16,325.9,,,26.0,42.4,22.26,,229.569
USW,Nickel,Ni,Copper,Cu,170.9,Carbon-coated,1064.52,,49.59,1021.86,596.8,,,86.7,19.5,9.98,,471.457
USW,Copper,Cu,Aluminum,Al,84.9,Nickel-plated,1018.6,,42.51,495.86,413.3,,,111.8,61.4,23.31,,295.898
USW,Aluminum,Al,Aluminum,Al,184.9,Nickel-plated,1612.56,,29.14,682.75,211.5,,,-3.0,66.9,13.01,,214.358
USW,Copper,Cu,Aluminum,Al,45.8,Nickel-plated,2247.62,,59.59,861.05,344.4,,,76.6,65.8,10.5,,617.525
USW,Copper,Cu,Aluminum,Al,51.5,Tin-plated,2514.6,,19.23,1117.27,418.4,,,119.5,55.7,13.79,,603.379
USW,Copper,Cu,Copper,Cu,141.7,Bare,897.22,,23.88,897.18,260.8,,,73.4,10.2,16.26,,140.23
USW,Nickel,Ni,Aluminum,Al,104.8,Anodized,2131.66,,47.76,385.42,482.5,,,43.1,51.2,10.99,,752.875
USW,Nickel,Ni,Aluminum,Al,73.0,Nickel-plated,1941.94,,29.9,274.83,411.5,,,78.8,37.5,10.58,,505.682
USW,Aluminum,Al,Aluminum,Al,58.2,Bare,1184.04,,50.65,496.23,116.7,,,-3.0,19.8,14.23,,103.355
USW,Copper,Cu,Aluminum,Al,247.1,Bare,673.5,,33.5,643.78,136.8,,,37.9,58.6,24.62,,60.152
USW,Copper,Cu,Aluminum,Al,154.0,Oxide,822.31,,22.21,728.56,224.6,,,111.8,65.5,20.78,,108.993
USW,Copper,Cu,Aluminum,Al,191.1,Oxide,1249.86,,34.69,575.48,553.1,,,72.5,43.4,21.7,,455.81
USW,Copper,Cu,Aluminum,Al,174.4,Tin-plated,1192.08,,33.87,879.72,224.2,,,117.2,55.4,11.66,,174.981
USW,Copper,Cu,Aluminum,Al,104.8,Bare,1415.78,,46.76,600.14,349.9,,,38.1,66.8,6.65,,359.817
USW,Aluminum,Al,Aluminum,Al,204.6,Bare,1419.89,,59.38,755.39,400.3,,,94.3,31.8,6.87,,452.741
USW,Nickel,Ni,Copper,Cu,182.7,Oxide,1354.06,,44.73,1010.6,171.1,,,-5.4,46.4,12.41,,165.651
USW,Nickel,Ni,Aluminum,Al,180.8,Bare,1349.05,,30.17,174.53,152.1,,,63.2,22.9,15.85,,130.143
USW,Copper,Cu,Aluminum,Al,35.2,Tin-plated,1956.43,,22.77,208.61,392.0,,,73.6,74.1,24.08,,454.918
USW,Copper,Cu,Aluminum,Al,134.6,Bare,964.64,,18.32,831.51,442.9,,,-5.7,40.5,6.4,,242.892
USW,Nickel,Ni,Copper,Cu,214.6,Tin-plated,2439.73,,50.24,789.87,156.2,,,66.5,54.5,7.31,,284.282
USW,Copper,Cu,Aluminum,Al,232.3,Bare,1718.45,,54.8,686.45,426.2,,,52.4,21.2,5.17,,564.746
USW,Copper,Cu,Aluminum,Al,92.9,Nickel-plated,1682.95,,55.01,978.75,545.3,,,49.0,13.8,14.31,,708.776
USW,Copper,Cu,Aluminum,Al,175.3,Oxide,651.58,,18.56,1196.67,310.7,,,15.2,21.1,19.69,,115.35
USW,Copper,Cu,Aluminum,Al,122.2,Nickel-plated,2081.3,,27.18,578.77,522.3,,,27.8,39.1,10.8,,671.494
USW,Copper,Cu,Copper,Cu,212.7,Bare,1855.25,,56.26,1199.29,188.4,,,-7.5,39.9,7.27,,272.416
USW,Aluminum,Al,Aluminum,Al,138.9,Carbon-coated,1483.04,,51.47,884.03,236.3,,,50.6,27.5,9.48,,263.739
USW,Aluminum,Al,Aluminum,Al,125.5,Bare,1600.25,,35.42,1117.34,372.9,,,90.8,13.7,16.91,,395.872
USW,Aluminum,Al,Aluminum,Al,205.3,Bare,2039.11,,46.83,943.68,228.6,,,93.4,19.5,12.42,,338.787
USW,Copper,Cu,Aluminum,Al,172.0,Carbon-coated,1374.39,,47.28,719.89,105.3,,,15.5,44.5,4.7,,105.535
USW,Copper,Cu,Copper,Cu,97.2,Nickel-plated,2276.23,,43.62,301.56,391.3,,,115.3,38.1,22.27,,631.519
USW,Copper,Cu,Aluminum,Al,87.8,Nickel-plated,2565.96,,45.25,433.56,519.2,,,12.6,63.3,11.58,,956.688
USW,Copper,Cu,Aluminum,Al,152.4,Bare,1479.98,,56.89,274.42,100.6,,,68.5,78.4,4.41,,116.525
USW,Nickel,Ni,Copper,Cu,52.6,Bare,1897.73,,47.6,207.55,513.5,,,42.1,71.1,14.07,,712.484
USW,Copper,Cu,Aluminum,Al,112.1,Nickel-plated,1998.78,,44.17,458.35,141.6,,,45.2,48.4,11.97,,201.55
USW,StainlessSteel,SS304,Nickel,Ni,155.5,Bare,701.99,,19.78,733.03,281.1,,,1.9,74.8,18.2,,113.751
USW,Copper,Cu,Aluminum,Al,93.6,Nickel-plated,2460.58,,25.33,866.81,187.8,,,-3.8,34.4,18.41,,280.702
USW,StainlessSteel,SS304,Nickel,Ni,133.5,Carbon-coated,1546.74,,44.18,858.16,427.0,,,12.4,73.1,20.6,,470.29
USW,Copper,Cu,Aluminum,Al,100.7,Oxide,2096.33,,26.45,948.09,273.3,,,19.9,51.9,24.74,,351.516
USW,Copper,Cu,Copper,Cu,177.2,Bare,1408.93,,20.09,967.49,205.6,,,70.0,61.9,9.91,,167.501
USW,Nickel,Ni,Aluminum,Al,50.4,Carbon-coated,1517.17,,50.14,793.24,214.9,,,92.3,69.6,7.94,,242.962
USW,Aluminum,Al,Aluminum,Al,199.7,Tin-plated,1667.15,,48.46,1095.54,483.6,,,87.7,61.9,13.39,,593.247
USW,Aluminum,Al,Aluminum,Al,207.8,Nickel-plated,692.85,,31.34,463.19,461.8,,,34.7,63.7,16.57,,205.025
USW,Copper,Cu,Aluminum,Al,143.4,Bare,1274.82,,33.03,447.4,122.6,,,25.5,52.9,21.21,,101.592
USW,Copper,Cu,Aluminum,Al,157.1,Nickel-plated,1347.77,,25.96,302.62,320.7,,,33.0,49.5,7.84,,264.026
USW,Copper,Cu,Aluminum,Al,42.5,Tin-plated,1985.96,,18.19,710.94,305.2,,,5.2,58.4,11.81,,344.072
USW,Aluminum,Al,Aluminum,Al,100.7,Bare,1085.53,,52.2,582.65,350.0,,,62.0,79.7,7.48,,287.524
USW,Nickel,Ni,Copper,Cu,173.2,Tin-plated,616.63,,49.17,1078.99,173.9,,,49.0,58.6,21.88,,79.334
USW,Copper,Cu,Aluminum,Al,139.0,Carbon-coated,2303.12,,28.34,1017.55,511.3,,,35.0,77.7,4.18,,734.99
USW,Nickel,Ni,Aluminum,Al,220.2,Tin-plated,728.48,,49.14,446.01,585.9,,,53.0,65.4,6.96,,315.688
USW,Nickel,Ni,Copper,Cu,31.1,Bare,1511.33,,19.67,907.11,559.4,,,26.4,31.4,9.21,,486.931
USW,StainlessSteel,SS304,Nickel,Ni,124.6,Nickel-plated,1670.67,,51.39,511.34,172.0,,,104.3,15.6,14.48,,216.175
USW,Copper,Cu,Aluminum,Al,124.1,Carbon-coated,1837.32,,41.54,718.85,330.5,,,48.0,76.0,14.89,,423.513
USW,Copper,Cu,Aluminum,Al,129.4,Bare,1155.27,,20.2,790.9,597.6,,,32.8,28.1,5.45,,399.629
USW,Aluminum,Al,Aluminum,Al,248.8,Carbon-coated,2525.12,,34.57,880.15,266.4,,,79.9,24.9,18.52,,443.19
USW,StainlessSteel,SS304,Nickel,Ni,227.1,Nickel-plated,906.38,,27.55,1176.33,243.2,,,65.6,27.6,4.57,,136.586
USW,Copper,Cu,Copper,Cu,106.9,Bare,2562.38,,33.43,993.48,168.1,,,44.9,65.2,22.63,,280.93
USW,Nickel,Ni,Aluminum,Al,237.2,Nickel-plated,1270.58,,26.35,181.77,258.0,,,102.8,14.3,17.8,,201.001
USW,Copper,Cu,Aluminum,Al,169.8,Bare,1026.36,,34.8,858.95,504.2,,,7.1,19.1,9.21,,341.552
USW,Nickel,Ni,Copper,Cu,121.0,Tin-plated,1513.14,,54.35,589.29,530.8,,,108.1,14.7,9.97,,617.293
USW,Copper,Cu,Aluminum,Al,183.7,Nickel-plated,1715.2,,36.97,946.21,123.7,,,71.3,24.7,21.8,,142.642
USW,Copper,Cu,Aluminum,Al,167.0,Nickel-plated,1353.42,,30.91,492.41,516.7,,,80.6,30.9,14.79,,446.439
USW,Nickel,Ni,Aluminum,Al,179.7,Bare,2476.28,,56.17,699.48,370.1,,,11.5,69.8,6.93,,713.764
USW,Copper,Cu,Aluminum,Al,165.0,Bare,1811.44,,49.25,334.38,350.8,,,110.3,68.4,23.37,,470.357
USW,Copper,Cu,Copper,Cu,224.4,Bare,758.48,,24.91,858.24,507.2,,,59.2,30.1,4.93,,232.788
USW,Nickel,Ni,Aluminum,Al,196.0,Bare,2435.93,,24.36,604.22,290.8,,,49.8,65.5,19.66,,426.461
USW,Copper,Cu,Aluminum,Al,194.8,Nickel-plated,2489.48,,46.61,966.69,193.1,,,92.4,75.1,6.86,,348.77
USW,Aluminum,Al,Aluminum,Al,83.5,Bare,1566.23,,40.25,1022.72,318.8,,,39.2,12.0,24.87,,344.674
USW,Nickel,Ni,Copper,Cu,80.1,Bare,1293.92,,54.15,944.58,578.0,,,42.9,56.6,17.39,,573.996
USW,Aluminum,Al,Aluminum,Al,72.4,Tin-plated,2302.74,,35.38,826.53,483.6,,,34.5,39.8,22.03,,738.501
USW,Copper,Cu,Aluminum,Al,158.5,Bare,2151.9,,24.93,817.83,512.5,,,34.2,35.0,23.77,,667.34
USW,Copper,Cu,Aluminum,Al,230.6,Bare,1109.15,,49.35,1169.51,265.5,,,110.2,41.4,7.43,,218.185
USW,Nickel,Ni,Aluminum,Al,184.1,Bare,1499.74,,56.2,631.06,119.3,,,57.8,60.9,16.16,,139.401
USW,Aluminum,Al,Aluminum,Al,240.0,Bare,1875.26,,53.89,569.72,422.5,,,116.2,47.6,16.26,,606.891
USW,Copper,Cu,Aluminum,Al,113.6,Bare,1157.07,,45.2,1092.67,473.1,,,92.3,71.2,24.24,,392.903
USW,Nickel,Ni,Copper,Cu,167.2,Bare,1166.85,,42.1,519.86,332.6,,,16.9,59.8,18.49,,271.906
USW,Copper,Cu,Aluminum,Al,65.6,Tin-plated,1225.57,,52.81,861.36,239.5,,,75.7,39.6,9.5,,223.123
USW,Copper,Cu,Aluminum,Al,152.1,Bare,857.55,,47.33,386.66,577.6,,,53.5,11.7,5.24,,361.391
USW,Copper,Cu,Aluminum,Al,141.0,Bare,887.56,,25.07,523.65,374.9,,,5.3,60.5,19.94,,201.611
USW,Nickel,Ni,Aluminum,Al,38.4,Tin-plated,1331.95,,24.83,629.89,518.9,,,61.3,79.9,23.88,,417.841
USW,Aluminum,Al,Aluminum,Al,129.0,Bare,741.76,,29.34,550.02,404.1,,,-7.2,54.5,20.11,,188.735
USW,Copper,Cu,Aluminum,Al,227.6,Bare,1736.69,,42.52,539.4,283.9,,,80.6,50.7,14.39,,346.59
USW,Copper,Cu,Aluminum,Al,115.1,Nickel-plated,1486.22,,28.52,532.78,545.0,,,74.3,58.2,17.26,,506.36
USW,Nickel,Ni,Aluminum,Al,237.3,Tin-plated,2306.48,,55.36,300.58,566.5,,,62.7,53.7,6.75,,1011.639
USW,Nickel,Ni,Aluminum,Al,140.1,Oxide,1900.22,,19.33,220.46,414.6,,,90.6,55.2,5.56,,452.245
USW,Copper,Cu,Aluminum,Al,186.3,Bare,1009.02,,50.53,848.05,336.8,,,108.0,44.4,5.26,,253.98
USW,Copper,Cu,Copper,Cu,142.8,Oxide,2502.14,,23.48,915.22,441.6,,,24.1,24.2,6.97,,659.807
USW,Nickel,Ni,Copper,Cu,248.2,Oxide,2073.57,,22.78,360.29,486.5,,,1.9,21.8,10.0,,598.374
USW,Copper,Cu,Copper,Cu,85.1,Bare,2245.48,,55.55,529.78,515.2,,,93.3,11.5,19.05,,896.963
USW,Aluminum,Al,Aluminum,Al,185.6,Bare,1815.56,,26.38,293.11,555.4,,,31.2,49.8,21.16,,618.403
USW,Copper,Cu,Aluminum,Al,151.8,Nickel-plated,2163.46,,24.18,467.73,581.6,,,29.3,10.6,24.05,,756.223
USW,Copper,Cu,Aluminum,Al,45.1,Bare,1846.83,,46.14,1087.12,313.8,,,55.3,35.7,20.11,,418.935
USW,Copper,Cu,Aluminum,Al,55.5,Bare,930.85,,18.88,880.6,201.9,,,21.1,67.4,4.54,,107.426
USW,Copper,Cu,Aluminum,Al,97.2,Bare,2501.58,,17.28,722.29,364.1,,,2.0,51.4,16.98,,512.571
USW,Copper,Cu,Aluminum,Al,64.7,Bare,1952.2,,54.1,187.91,177.0,,,43.6,66.7,16.02,,265.163
USW,Copper,Cu,Aluminum,Al,209.7,Bare,903.21,,49.22,1075.05,413.0,,,41.0,49.3,13.29,,276.086
USW,StainlessSteel,SS304,Nickel,Ni,183.1,Bare,622.69,,44.48,875.32,551.0,,,116.6,59.8,14.17,,244.887
USW,Copper,Cu,Aluminum,Al,93.9,Bare,824.03,,47.5,970.81,111.5,,,55.8,63.4,22.2,,67.1
USW,Copper,Cu,Aluminum,Al,110.9,Bare,1112.2,,38.37,958.44,272.5,,,113.8,28.4,14.35,,206.012
USW,Aluminum,Al,Aluminum,Al,108.8,Oxide,1052.19,,52.15,943.7,204.5,,,35.1,59.2,13.64,,162.739
USW,Nickel,Ni,Copper,Cu,140.8,Bare,2305.55,,48.5,957.63,257.7,,,76.1,77.2,17.7,,437.389
USW,Nickel,Ni,Copper,Cu,239.9,Tin-plated,1358.23,,49.72,213.45,299.5,,,117.0,78.0,16.04,,302.161
USW,Copper,Cu,Aluminum,Al,231.1,Oxide,1394.43,,42.21,1054.36,168.5,,,67.2,29.7,24.32,,164.706
USW,Copper,Cu,Aluminum,Al,53.8,Tin-plated,617.81,,16.19,670.25,556.5,,,50.0,12.0,14.98,,191.379
USW,Copper,Cu,Aluminum,Al,77.6,Bare,2105.27,,30.19,711.24,345.5,,,44.7,27.5,4.64,,461.399
USW,Copper,Cu,Copper,Cu,167.1,Tin-plated,1270.11,,47.95,1032.77,346.4,,,80.2,48.6,9.11,,322.558
USW,Nickel,Ni,Aluminum,Al,182.3,Tin-plated,1275.33,,27.35,482.18,535.1,,,32.3,47.9,15.56,,422.168
USW,Nickel,Ni,Copper,Cu,202.0,Anodized,1638.76,,22.43,938.54,314.2,,,106.2,76.8,23.31,,304.429
USW,Nickel,Ni,Aluminum,Al,117.2,Nickel-plated,890.74,,25.82,167.84,229.0,,,61.2,44.2,17.33,,124.481
USW,Copper,Cu,Aluminum,Al,122.6,Oxide,2076.11,,57.47,429.04,296.4,,,37.3,31.8,14.86,,483.708
USW,Copper,Cu,Aluminum,Al,130.6,Bare,1484.53,,32.98,277.92,279.2,,,-5.0,26.0,7.54,,269.351
USW,Aluminum,Al,Aluminum,Al,85.7,Bare,1688.1,,46.8,896.91,451.5,,,4.4,64.3,13.23,,553.891
USW,Copper,Cu,Aluminum,Al,97.5,Carbon-coated,2354.9,,18.43,692.22,183.2,,,60.1,18.3,22.05,,245.481
USW,Copper,Cu,Aluminum,Al,168.7,Bare,1116.41,,48.37,675.82,223.4,,,33.3,33.8,11.36,,183.407
USW,Copper,Cu,Aluminum,Al,216.0,Bare,2577.28,,51.31,358.32,538.6,,,100.4,64.5,13.49,,1043.587
USW,Copper,Cu,Copper,Cu,216.5,Bare,1447.98,,15.4,1192.1,525.6,,,30.9,79.4,12.62,,420.281
USW,StainlessSteel,SS304,Nickel,Ni,139.2,Bare,1645.32,,50.99,645.16,233.5,,,73.7,19.6,8.63,,288.158
USW,Copper,Cu,Aluminum,Al,127.9,Oxide,2195.69,,25.43,536.03,493.1,,,101.4,77.6,8.36,,658.146
USW,Aluminum,Al,Aluminum,Al,34.7,Oxide,658.75,,47.23,752.27,303.2,,,98.9,54.2,8.07,,145.61
USW,Copper,Cu,Aluminum,Al,120.6,Tin-plated,2383.18,,49.81,170.22,237.5,,,60.7,14.9,9.45,,420.858
USW,Copper,Cu,Aluminum,Al,241.5,Oxide,1982.05,,22.77,661.36,385.2,,,25.4,71.0,4.71,,452.893
USW,Aluminum,Al,Aluminum,Al,208.5,Nickel-plated,1170.17,,48.7,599.13,264.7,,,103.9,18.7,11.46,,228.305
USW,Copper,Cu,Aluminum,Al,215.4,Tin-plated,1470.25,,36.36,326.98,103.9,,,86.4,58.8,11.43,,102.121
USW,Aluminum,Al,Aluminum,Al,225.3,Tin-plated,2585.65,,24.21,471.33,390.0,,,110.9,72.2,5.4,,606.193
USW,Copper,Cu,Copper,Cu,98.9,Bare,1025.72,,25.26,320.42,239.2,,,31.5,22.9,12.6,,148.956
USW,Copper,Cu,Copper,Cu,180.4,Bare,625.52,,40.03,1143.24,162.7,,,83.4,58.1,5.9,,70.136
USW,Copper,Cu,Aluminum,Al,239.4,Tin-plated,2312.87,,54.33,967.1,570.0,,,75.3,41.4,9.03,,1013.047
USW,Copper,Cu,Aluminum,Al,68.2,Tin-plated,2379.09,,26.04,899.31,486.9,,,80.9,69.7,17.38,,708.175
USW,Nickel,Ni,Aluminum,Al,76.9,Bare,1543.74,,31.16,575.65,346.0,,,106.0,24.1,15.23,,341.712
USW,Copper,Cu,Aluminum,Al,121.2,Bare,1512.69,,46.99,250.65,141.4,,,17.1,74.3,9.75,,155.653
USW,Copper,Cu,Aluminum,Al,213.9,Oxide,2519.57,,45.38,697.83,397.3,,,84.7,78.9,24.16,,719.447
USW,Nickel,Ni,Copper,Cu,56.6,Anodized,1201.39,,33.06,417.31,456.3,,,-9.7,60.9,6.5,,356.495
USW,Copper,Cu,Aluminum,Al,43.3,Nickel-plated,1206.86,,47.92,467.07,559.2,,,65.7,45.3,11.63,,494.555
USW,Nickel,Ni,Copper,Cu,150.3,Tin-plated,2020.9,,25.85,1199.99,434.6,,,90.1,46.1,11.07,,535.952
USW,Aluminum,Al,Aluminum,Al,130.9,Bare,2374.71,,43.46,507.67,186.3,,,99.0,61.0,15.77,,313.268
USW,Copper,Cu,Aluminum,Al,152.1,Bare,2109.9,,33.28,750.34,392.8,,,87.6,60.9,24.35,,539.95
USW,Copper,Cu,Copper,Cu,149.1,Bare,1006.54,,59.67,1020.39,423.3,,,43.6,11.4,19.1,,340.076
USW,Copper,Cu,Aluminum,Al,177.1,Bare,2034.56,,52.31,348.36,596.5,,,30.0,63.1,6.28,,919.061
USW,Nickel,Ni,Copper,Cu,34.7,Bare,1640.37,,17.73,813.09,475.9,,,87.4,69.0,9.17,,441.227
USW,Nickel,Ni,Copper,Cu,236.6,Bare,2201.1,,50.75,891.62,385.3,,,89.3,62.6,4.77,,634.923
USW,Aluminum,Al,Aluminum,Al,64.0,Tin-plated,2045.07,,39.34,1058.49,566.9,,,25.5,29.0,13.14,,794.444
USW,Aluminum,Al,Aluminum,Al,93.0,Oxide,1389.94,,34.87,598.42,297.6,,,-2.3,43.2,21.05,,273.16
USW,Copper,Cu,Aluminum,Al,52.7,Anodized,1553.26,,30.75,1052.06,503.2,,,67.8,21.2,9.7,,498.307
USW,Copper,Cu,Aluminum,Al,70.9,Anodized,2583.39,,25.16,377.54,522.6,,,7.2,20.4,12.34,,818.711
USW,StainlessSteel,SS304,Nickel,Ni,233.8,Anodized,620.22,,55.97,946.88,599.5,,,23.2,22.0,8.68,,289.162
USW,Nickel,Ni,Copper,Cu,191.1,Bare,1629.88,,21.6,305.91,332.5,,,23.5,63.2,5.82,,317.924
USW,Copper,Cu,Aluminum,Al,74.0,Oxide,2566.89,,17.78,988.48,520.3,,,6.3,59.6,16.07,,755.177
USW,Copper,Cu,Aluminum,Al,234.8,Bare,1061.1,,59.68,285.99,366.4,,,110.1,38.6,14.34,,310.335
USW,Aluminum,Al,Aluminum,Al,80.8,Bare,2309.72,,24.86,857.88,193.1,,,90.5,64.0,20.52,,269.763
USW,Copper,Cu,Aluminum,Al,187.8,Oxide,2028.76,,17.39,720.38,392.0,,,-5.4,66.7,19.4,,448.018
USW,Copper,Cu,Aluminum,Al,193.5,Bare,1066.44,,49.27,866.94,416.1,,,111.6,12.4,8.15,,328.579
USW,Nickel,Ni,Copper,Cu,117.7,Oxide,1320.09,,36.91,724.8,561.0,,,17.4,29.7,5.73,,497.42
USW,Copper,Cu,Aluminum,Al,186.4,Tin-plated,1974.17,,20.12,1146.95,385.7,,,3.1,46.7,19.81,,440.409
USW,Copper,Cu,Aluminum,Al,95.1,Oxide,1204.9,,52.44,301.28,283.8,,,117.0,53.9,11.49,,259.222
USW,Aluminum,Al,Aluminum,Al,64.6,Bare,2026.58,,43.32,622.82,423.8,,,18.9,53.5,10.79,,607.549
USW,Copper,Cu,Copper,Cu,74.9,Tin-plated,2584.09,,24.6,992.93,119.0,,,57.9,35.4,6.79,,185.546
USW,Copper,Cu,Copper,Cu,178.9,Nickel-plated,1022.45,,46.2,174.0,182.5,,,68.9,74.0,8.57,,134.968
USW,Copper,Cu,Aluminum,Al,242.1,Oxide,1961.87,,47.74,284.16,105.8,,,65.6,57.2,20.37,,151.971
USW,Nickel,Ni,Aluminum,Al,170.3,Oxide,1515.49,,59.57,668.92,335.5,,,85.7,46.7,12.47,,405.563
USW,Nickel,Ni,Copper,Cu,84.3,Nickel-plated,1831.28,,55.08,151.02,363.9,,,65.0,47.2,11.53,,514.847
USW,Copper,Cu,Aluminum,Al,52.7,Bare,1084.03,,45.47,459.7,386.4,,,51.1,21.8,19.95,,301.256
USW,Copper,Cu,Aluminum,Al,231.7,Bare,1725.76,,29.42,931.3,307.4,,,68.5,53.1,8.22,,334.243
USW,Copper,Cu,Copper,Cu,42.8,Nickel-plated,899.23,,53.35,166.49,173.2,,,37.8,15.2,4.66,,118.866
USW,Aluminum,Al,Aluminum,Al,78.7,Tin-plated,2071.66,,44.56,634.26,459.9,,,16.5,57.0,7.52,,680.474
USW,Copper,Cu,Aluminum,Al,141.1,Bare,2559.38,,34.17,561.01,498.5,,,84.9,30.0,8.49,,837.579
USW,Copper,Cu,Aluminum,Al,124.8,Tin-plated,2095.58,,24.35,1051.8,177.1,,,-8.7,48.4,19.27,,223.439
USW,Nickel,Ni,Aluminum,Al,225.0,Tin-plated,1538.06,,31.08,531.22,569.7,,,48.1,63.8,8.15,,560.241
USW,StainlessSteel,SS304,Nickel,Ni,165.6,Bare,793.45,,33.67,1111.06,485.6,,,93.3,65.1,8.15,,251.866
USW,Copper,Cu,Aluminum,Al,92.8,Tin-plated,2031.54,,33.83,1159.43,517.7,,,113.4,17.5,21.11,,688.475
USW,Aluminum,Al,Aluminum,Al,81.4,Nickel-plated,713.92,,49.69,1086.45,455.8,,,17.7,77.2,15.53,,241.677
USW,Nickel,Ni,Aluminum,Al,126.1,Carbon-coated,982.76,,39.4,1088.63,470.1,,,-6.1,33.2,5.85,,316.72
USW,Aluminum,Al,Aluminum,Al,82.0,Nickel-plated,1128.05,,16.95,1010.38,354.1,,,109.9,47.8,9.16,,223.998
USW,Aluminum,Al,Aluminum,Al,42.7,Bare,1741.3,,41.63,856.72,240.2,,,41.4,62.3,14.74,,291.924
USW,StainlessSteel,SS304,Nickel,Ni,95.6,Oxide,1656.78,,41.77,335.64,156.0,,,11.5,75.1,11.52,,180.645
USW,Copper,Cu,Copper,Cu,141.0,Bare,690.01,,29.86,475.86,410.9,,,40.6,67.6,14.94,,179.36
USW,Copper,Cu,Aluminum,Al,76.6,Nickel-plated,1519.11,,48.06,761.98,428.5,,,29.0,66.2,13.27,,477.612
USW,Aluminum,Al,Aluminum,Al,104.4,Anodized,1749.11,,45.63,883.69,589.5,,,14.2,18.1,8.99,,742.562
USW,Aluminum,Al,Aluminum,Al,45.4,Nickel-plated,684.81,,52.28,278.75,360.6,,,55.4,74.8,17.42,,186.952
USW,Copper,Cu,Aluminum,Al,187.2,Tin-plated,2229.84,,38.2,481.44,100.2,,,7.0,48.1,4.03,,151.631
USW,Copper,Cu,Aluminum,Al,72.5,Nickel-plated,2351.94,,16.4,343.58,247.2,,,34.0,69.8,6.22,,324.237
USW,Aluminum,Al,Aluminum,Al,112.5,Bare,1908.15,,19.08,459.96,384.1,,,115.2,16.5,19.7,,419.713
USW,Copper,Cu,Aluminum,Al,112.2,Oxide,1751.17,,45.23,926.68,396.6,,,42.2,64.9,11.06,,498.582
USW,Aluminum,Al,Aluminum,Al,125.3,Tin-plated,615.57,,15.52,476.75,574.0,,,59.2,15.7,5.61,,195.336
USW,Copper,Cu,Aluminum,Al,240.8,Nickel-plated,2162.83,,57.11,533.92,345.2,,,11.2,68.5,19.02,,585.292
USW,Copper,Cu,Aluminum,Al,160.0,Bare,2124.81,,27.58,520.67,580.9,,,44.9,20.8,6.95,,765.046
USW,Nickel,Ni,Aluminum,Al,39.1,Bare,1026.39,,54.28,226.69,564.5,,,101.7,66.6,24.83,,445.059
USW,Aluminum,Al,Aluminum,Al,128.8,Nickel-plated,812.43,,46.07,1091.11,590.8,,,35.3,20.8,12.16,,346.863
USW,Nickel,Ni,Copper,Cu,172.9,Carbon-coated,1783.82,,52.36,1140.35,314.7,,,86.3,60.5,24.89,,425.21
USW,Copper,Cu,Aluminum,Al,40.6,Tin-plated,2398.43,,45.03,288.35,434.1,,,4.3,48.8,15.38,,746.289
USW,Copper,Cu,Aluminum,Al,233.8,Bare,1314.35,,54.37,683.37,347.7,,,78.3,69.1,7.82,,351.259
USW,Copper,Cu,Aluminum,Al,55.3,Bare,1800.07,,39.97,871.9,450.6,,,45.8,20.5,17.92,,558.593
USW,Nickel,Ni,Copper,Cu,184.9,Tin-plated,1409.12,,39.64,1165.23,279.7,,,100.0,71.7,15.99,,270.683
USW,Copper,Cu,Aluminum,Al,77.8,Nickel-plated,1409.9,,27.33,258.38,444.5,,,8.3,13.4,14.9,,387.643
USW,Copper,Cu,Aluminum,Al,119.6,Bare,750.75,,42.5,1102.39,228.3,,,23.2,65.7,15.36,,120.472
USW,Aluminum,Al,Aluminum,Al,101.7,Bare,659.67,,33.18,770.15,505.8,,,20.7,39.7,22.38,,217.2
USW,Nickel,Ni,Copper,Cu,212.1,Tin-plated,1280.96,,34.45,735.38,442.1,,,108.5,12.4,13.59,,372.686
USW,Nickel,Ni,Aluminum,Al,137.2,Bare,756.35,,21.44,799.6,108.0,,,35.3,55.8,24.64,,47.866
USW,Aluminum,Al,Aluminum,Al,229.7,Bare,1948.97,,43.22,452.04,303.1,,,101.7,55.5,21.81,,417.539
USW,Copper,Cu,Aluminum,Al,39.9,Bare,1171.38,,21.25,1179.43,300.4,,,68.1,34.2,21.99,,205.781
USW,Copper,Cu,Aluminum,Al,100.4,Carbon-coated,2164.64,,45.89,285.95,503.3,,,82.6,72.3,6.83,,786.18
USW,Copper,Cu,Aluminum,Al,199.1,Nickel-plated,2135.99,,28.88,698.2,235.0,,,88.6,37.1,13.14,,314.828
USW,Nickel,Ni,Aluminum,Al,202.9,Nickel-plated,849.87,,31.63,315.27,348.8,,,67.3,54.2,17.66,,190.438
USW,Copper,Cu,Copper,Cu,110.1,Carbon-coated,1012.56,,47.26,304.89,174.0,,,-4.2,14.4,23.99,,128.46
USW,Copper,Cu,Aluminum,Al,115.9,Bare,2090.25,,38.51,800.27,400.1,,,9.7,67.9,14.94,,569.211
USW,Aluminum,Al,Aluminum,Al,42.4,Oxide,1319.96,,47.95,389.04,199.6,,,4.0,76.9,4.17,,193.138
USW,Nickel,Ni,Copper,Cu,121.0,Bare,1847.35,,27.97,306.88,174.7,,,57.0,36.0,24.17,,200.765
USW,Nickel,Ni,Copper,Cu,62.3,Oxide,1116.29,,48.49,911.81,496.4,,,-9.1,16.0,9.69,,407.872
USW,Copper,Cu,Copper,Cu,36.8,Carbon-coated,1570.96,,25.01,879.4,500.2,,,93.8,29.7,23.45,,475.865
USW,Nickel,Ni,Copper,Cu,160.2,Nickel-plated,1207.47,,49.03,251.5,157.4,,,50.5,68.4,18.47,,140.448
USW,Copper,Cu,Aluminum,Al,236.9,Oxide,1634.09,,37.6,835.8,580.1,,,2.1,44.4,22.93,,640.342
USW,Aluminum,Al,Aluminum,Al,244.2,Bare,2144.71,,48.97,606.98,208.5,,,9.6,31.8,13.73,,330.364
USW,Aluminum,Al,Aluminum,Al,237.7,Bare,1026.41,,46.6,677.38,575.2,,,48.7,29.8,6.68,,428.352
USW,Nickel,Ni,Copper,Cu,62.8,Bare,856.52,,29.49,493.28,133.8,,,119.0,67.7,19.7,,72.257
USW,Aluminum,Al,Aluminum,Al,35.6,Bare,1272.82,,25.37,923.03,193.3,,,62.4,23.1,9.24,,149.525
USW,Copper,Cu,Aluminum,Al,134.0,Bare,688.52,,20.78,723.28,347.6,,,118.3,40.9,11.96,,139.309
USW,Copper,Cu,Copper,Cu,176.3,Bare,1015.21,,45.78,1012.63,458.4,,,55.1,15.5,13.93,,335.53
USW,Copper,Cu,Aluminum,Al,195.0,Bare,1913.33,,16.55,1033.47,455.9,,,14.6,36.0,6.7,,487.314
USW,Copper,Cu,Aluminum,Al,169.8,Bare,763.24,,56.49,523.25,395.4,,,114.1,25.4,20.91,,235.565
USW,Copper,Cu,Aluminum,Al,98.6,Carbon-coated,1790.32,,42.55,652.77,505.4,,,29.8,59.5,8.48,,636.152
USW,Copper,Cu,Aluminum,Al,90.9,Nickel-plated,1844.44,,52.89,640.77,146.1,,,19.5,27.0,13.47,,204.959
USW,Nickel,Ni,Copper,Cu,94.8,Nickel-plated,2077.79,,39.42,523.74,375.8,,,92.9,31.2,14.42,,535.368
USW,Copper,Cu,Aluminum,Al,214.3,Nickel-plated,2496.06,,59.82,999.45,165.4,,,59.0,45.5,12.47,,329.897
USW,Aluminum,Al,Aluminum,Al,130.4,Anodized,855.13,,55.64,762.54,122.5,,,54.9,27.9,8.61,,81.275
USW,Copper,Cu,Aluminum,Al,221.6,Bare,2458.76,,34.75,454.33,203.4,,,10.8,23.0,15.69,,329.896
USW,Copper,Cu,Aluminum,Al,228.7,Bare,1526.65,,35.69,909.21,348.2,,,112.4,61.6,12.32,,353.462
USW,Copper,Cu,Aluminum,Al,249.6,Oxide,607.46,,58.51,546.51,458.5,,,42.3,38.8,12.45,,220.53
USW,StainlessSteel,SS304,Nickel,Ni,242.8,Oxide,854.12,,41.15,1124.33,529.4,,,100.8,18.4,17.55,,314.35
USW,Nickel,Ni,Aluminum,Al,203.8,Oxide,1122.86,,50.57,778.63,198.8,,,59.8,43.7,6.81,,166.868
USW,Copper,Cu,Aluminum,Al,249.6,Nickel-plated,2120.98,,55.51,570.93,583.3,,,91.3,55.1,7.49,,958.865
USW,Copper,Cu,Aluminum,Al,70.0,Bare,1011.17,,30.3,1001.94,238.6,,,35.8,26.2,23.2,,153.18
USW,Aluminum,Al,Aluminum,Al,98.0,Oxide,796.16,,58.51,340.38,114.5,,,4.6,46.5,13.09,,72.201
USW,Copper,Cu,Aluminum,Al,196.6,Bare,2051.68,,25.15,545.08,413.0,,,62.5,16.2,15.74,,513.762
USW,Copper,Cu,Aluminum,Al,106.9,Bare,1704.97,,43.14,540.89,566.0,,,43.4,33.7,24.68,,681.673
USW,Copper,Cu,Copper,Cu,232.7,Bare,986.84,,46.02,503.28,348.3,,,55.0,62.8,21.92,,248.26
USW,Aluminum,Al,Aluminum,Al,110.5,Bare,1450.29,,24.39,964.34,144.6,,,57.6,43.3,20.55,,126.322
USW,Aluminum,Al,Aluminum,Al,209.1,Nickel-plated,1904.71,,50.98,338.11,493.3,,,66.0,25.4,24.16,,704.583
USW,Copper,Cu,Aluminum,Al,208.5,Oxide,2331.77,,16.49,228.75,212.0,,,69.0,10.9,6.41,,275.946
USW,Copper,Cu,Aluminum,Al,70.4,Bare,1598.78,,22.03,228.32,596.4,,,115.7,31.5,24.41,,561.698
USW,Copper,Cu,Aluminum,Al,116.6,Oxide,2238.55,,52.05,1016.79,452.0,,,102.3,46.7,12.07,,764.795
USW,Nickel,Ni,Copper,Cu,155.6,Bare,1562.42,,38.86,1118.24,290.7,,,117.5,56.1,24.61,,310.034
USW,Aluminum,Al,Aluminum,Al,129.5,Anodized,1388.81,,17.03,340.29,196.8,,,50.0,26.2,16.26,,153.431
USW,Copper,Cu,Aluminum,Al,142.0,Bare,2561.83,,55.31,1106.73,410.2,,,77.7,14.0,15.88,,813.366
USW,Copper,Cu,Copper,Cu,231.3,Nickel-plated,2136.44,,37.0,157.47,157.8,,,87.9,35.5,8.1,,226.65
USW,Copper,Cu,Copper,Cu,178.7,Bare,2060.31,,53.25,154.83,583.2,,,2.5,77.6,20.98,,916.225
USW,Copper,Cu,Aluminum,Al,220.8,Tin-plated,725.67,,56.76,699.93,436.8,,,56.1,58.2,12.82,,247.851
USW,Nickel,Ni,Aluminum,Al,135.3,Oxide,1782.32,,52.32,1146.34,557.9,,,55.1,79.0,23.33,,753.05
USW,Aluminum,Al,Aluminum,Al,67.0,Bare,2279.31,,44.6,1079.27,482.6,,,25.3,44.7,14.29,,785.92
USW,Copper,Cu,Aluminum,Al,103.7,Nickel-plated,1370.02,,26.67,762.54,232.5,,,103.3,28.5,19.57,,195.872
USW,Copper,Cu,Aluminum,Al,192.4,Bare,1105.48,,29.39,187.88,419.3,,,36.0,54.0,13.31,,291.965
USW,Nickel,Ni,Copper,Cu,162.1,Bare,1958.45,,48.66,791.7,257.4,,,21.4,44.7,19.22,,371.545
USW,Copper,Cu,Copper,Cu,127.0,Oxide,2333.8,,16.46,1166.23,362.5,,,33.3,11.9,9.87,,472.168
USW,Aluminum,Al,Aluminum,Al,233.5,Nickel-plated,1814.33,,26.15,780.88,251.5,,,15.8,47.4,7.92,,279.189
USW,Copper,Cu,Aluminum,Al,36.4,Bare,2535.18,,54.4,241.73,100.7,,,109.4,66.8,8.39,,196.197
USW,Copper,Cu,Aluminum,Al,214.5,Bare,2076.19,,21.35,529.01,215.2,,,95.4,59.5,4.96,,261.541
USW,Copper,Cu,Copper,Cu,94.1,Bare,1454.08,,46.12,1197.69,577.0,,,46.1,24.1,9.9,,606.485
USW,Aluminum,Al,Aluminum,Al,218.6,Bare,2244.47,,40.67,648.26,155.7,,,-5.1,25.3,14.2,,242.083
USW,Nickel,Ni,Copper,Cu,92.4,Oxide,777.58,,23.06,663.69,122.5,,,82.1,63.1,5.12,,56.634
USW,Copper,Cu,Aluminum,Al,116.2,Anodized,2362.3,,36.41,815.54,201.1,,,103.6,33.0,9.51,,317.776
USW,Copper,Cu,Aluminum,Al,88.0,Bare,2324.42,,31.7,891.11,336.5,,,98.5,39.9,10.75,,502.822
USW,Nickel,Ni,Aluminum,Al,105.7,Tin-plated,966.85,,16.43,948.55,114.5,,,-7.0,66.6,17.47,,61.763
USW,Aluminum,Al,Aluminum,Al,43.3,Bare,1999.2,,45.61,275.74,180.0,,,33.4,62.9,21.77,,259.057
USW,Nickel,Ni,Aluminum,Al,78.1,Bare,1523.44,,31.38,826.84,360.5,,,41.9,16.6,7.94,,351.986
USW,Copper,Cu,Copper,Cu,230.0,Bare,1601.1,,15.4,1112.5,352.5,,,81.0,77.6,12.64,,311.691
USW,Aluminum,Al,Aluminum,Al,206.6,Nickel-plated,838.21,,16.35,598.68,120.4,,,-1.4,13.1,17.46,,56.269
USW,Aluminum,Al,Aluminum,Al,172.0,Nickel-plated,1624.58,,23.83,161.16,227.2,,,16.6,47.6,19.35,,221.073
USW,Copper,Cu,Aluminum,Al,102.3,Bare,2335.95,,54.49,801.2,339.6,,,17.7,75.1,18.25,,610.373
USW,Copper,Cu,Copper,Cu,151.9,Oxide,1926.44,,32.55,1185.33,222.9,,,14.6,70.7,9.14,,277.975
USW,Aluminum,Al,Aluminum,Al,167.3,Oxide,2587.69,,54.99,728.37,429.5,,,86.7,32.8,23.91,,858.212
USW,StainlessSteel,SS304,Nickel,Ni,249.1,Anodized,1852.67,,31.73,155.33,456.6,,,66.4,11.7,4.71,,543.904
USW,Aluminum,Al,Aluminum,Al,193.5,Bare,1897.95,,55.45,787.4,399.1,,,71.2,13.8,21.5,,586.776
USW,Copper,Cu,Aluminum,Al,211.0,Bare,2299.37,,32.98,427.97,101.6,,,18.5,77.2,9.16,,151.837
USW,Aluminum,Al,Aluminum,Al,107.7,Oxide,2208.62,,45.72,368.9,181.7,,,73.5,18.2,21.67,,289.165
USW,Nickel,Ni,Aluminum,Al,50.6,Anodized,643.98,,20.76,232.31,573.7,,,71.6,35.0,10.85,,215.018
USW,Copper,Cu,Aluminum,Al,235.3,Bare,1201.91,,54.35,970.85,116.3,,,119.6,69.8,23.08,,107.409
USW,StainlessSteel,SS304,Nickel,Ni,146.8,Tin-plated,1632.41,,34.96,1015.78,400.0,,,108.2,34.3,8.57,,431.524
USW,Aluminum,Al,Aluminum,Al,89.6,Tin-plated,1254.83,,38.68,260.23,529.0,,,58.3,62.4,17.4,,452.438
USW,Aluminum,Al,Aluminum,Al,143.3,Bare,2303.9,,41.41,1061.48,149.2,,,101.7,23.1,23.57,,239.546
USW,Nickel,Ni,Aluminum,Al,122.1,Nickel-plated,2047.63,,30.14,505.37,120.5,,,37.5,42.7,15.04,,156.479
USW,Aluminum,Al,Aluminum,Al,217.5,Tin-plated,1123.6,,37.58,557.06,437.6,,,64.8,61.0,21.74,,332.115
USW,Nickel,Ni,Copper,Cu,92.0,Tin-plated,2290.61,,48.17,685.94,168.1,,,89.1,45.9,22.58,,282.759
USW,Aluminum,Al,Aluminum,Al,103.1,Nickel-plated,1791.32,,31.25,973.05,400.7,,,27.8,26.6,21.86,,459.542
USW,Nickel,Ni,Aluminum,Al,142.4,Oxide,2023.61,,44.88,618.97,488.0,,,37.9,33.3,14.66,,707.052
USW,Nickel,Ni,Copper,Cu,138.5,Bare,1339.87,,54.57,273.35,208.4,,,48.8,44.8,22.35,,214.977
USW,Nickel,Ni,Aluminum,Al,84.6,Nickel-plated,634.05,,17.8,449.27,265.5,,,85.8,66.9,16.93,,95.19
USW,StainlessSteel,SS304,Nickel,Ni,181.4,Nickel-plated,2444.05,,53.05,260.8,313.2,,,61.2,31.7,22.82,,582.778
USW,Aluminum,Al,Aluminum,Al,137.5,Bare,1041.99,,55.57,1126.64,488.3,,,92.5,56.1,11.64,,394.502
USW,Copper,Cu,Aluminum,Al,96.2,Oxide,2571.46,,37.09,863.52,298.7,,,85.5,11.5,23.14,,516.615
USW,Copper,Cu,Aluminum,Al,54.9,Tin-plated,1592.87,,56.8,1010.08,127.9,,,26.8,35.7,9.8,,159.412
USW,Copper,Cu,Aluminum,Al,107.7,Tin-plated,2261.56,,56.56,991.49,579.1,,,62.2,65.3,11.06,,1022.748
USW,Aluminum,Al,Aluminum,Al,112.1,Anodized,1998.71,,53.73,585.34,354.5,,,116.1,25.0,17.82,,542.13
USW,Nickel,Ni,Copper,Cu,247.5,Tin-plated,1605.48,,49.16,203.36,200.5,,,36.3,10.5,5.92,,238.09
USW,Copper,Cu,Aluminum,Al,100.6,Bare,1758.17,,41.24,384.22,378.0,,,32.9,43.0,17.14,,462.392
USW,Nickel,Ni,Copper,Cu,221.5,Tin-plated,1647.02,,58.0,1077.52,591.7,,,70.1,77.6,12.82,,768.784
USW,Copper,Cu,Copper,Cu,111.1,Oxide,1794.43,,19.18,537.9,202.3,,,-6.8,16.2,15.59,,208.088
USW,Aluminum,Al,Aluminum,Al,71.8,Tin-plated,1034.27,,40.68,405.14,393.7,,,-3.7,52.8,8.98,,282.06
USW,Copper,Cu,Aluminum,Al,153.3,Nickel-plated,1909.77,,57.84,737.58,407.5,,,77.0,26.5,7.56,,613.211
USW,Copper,Cu,Aluminum,Al,195.6,Nickel-plated,1408.36,,48.65,436.62,521.7,,,112.1,46.4,13.51,,541.416
USW,Copper,Cu,Aluminum,Al,50.4,Bare,1409.52,,28.14,442.0,464.0,,,20.2,45.9,19.6,,407.438
USW,Copper,Cu,Aluminum,Al,152.9,Oxide,2123.25,,41.97,605.8,219.8,,,-6.1,42.4,20.06,,326.612
USW,Copper,Cu,Copper,Cu,150.9,Nickel-plated,1145.25,,40.49,476.66,363.2,,,57.4,57.8,21.95,,287.713
USW,Copper,Cu,Aluminum,Al,164.2,Anodized,2006.28,,26.22,1000.89,265.1,,,113.5,36.9,15.95,,325.726
USW,Copper,Cu,Aluminum,Al,32.3,Bare,2187.85,,49.16,1039.24,569.4,,,8.7,53.1,11.96,,921.508
USW,Copper,Cu,Aluminum,Al,122.0,Anodized,2517.47,,20.48,1185.67,191.0,,,114.2,37.2,14.91,,279.139
USW,Nickel,Ni,Copper,Cu,173.0,Anodized,1132.58,,40.21,294.24,551.7,,,9.0,56.5,17.56,,431.138
USW,Copper,Cu,Aluminum,Al,89.4,Anodized,728.64,,38.16,666.54,250.4,,,53.2,49.1,18.19,,123.825
USW,Aluminum,Al,Aluminum,Al,41.3,Bare,1768.24,,45.89,1109.03,262.8,,,32.5,45.1,10.92,,335.303
USW,Copper,Cu,Copper,Cu,204.0,Bare,1604.83,,40.27,152.24,543.3,,,74.7,56.6,20.82,,602.019
USW,Nickel,Ni,Copper,Cu,194.7,Tin-plated,1110.9,,42.07,375.58,307.1,,,7.1,37.7,9.48,,238.963
USW,Aluminum,Al,Aluminum,Al,241.7,Bare,2199.27,,22.99,214.52,175.5,,,37.8,17.5,22.54,,229.371
USW,Aluminum,Al,Aluminum,Al,51.9,Bare,1251.59,,43.42,247.32,585.5,,,47.6,41.9,5.06,,518.755
USW,Nickel,Ni,Aluminum,Al,112.3,Bare,2358.25,,39.63,202.15,143.8,,,-7.2,33.8,8.7,,232.908
USW,Copper,Cu,Aluminum,Al,153.8,Oxide,1446.63,,46.96,365.05,527.1,,,14.1,23.0,13.99,,554.778
USW,Copper,Cu,Copper,Cu,75.6,Nickel-plated,681.11,,59.18,990.42,407.8,,,-3.8,29.5,4.03,,220.937
USW,Nickel,Ni,Copper,Cu,57.9,Bare,1518.26,,52.74,967.43,559.2,,,-4.4,35.5,9.61,,644.892
USW,Nickel,Ni,Copper,Cu,103.4,Bare,960.38,,42.74,600.68,578.7,,,37.0,51.9,4.4,,391.349
USW,Copper,Cu,Aluminum,Al,72.6,Bare,1855.02,,36.56,1091.69,459.8,,,107.5,45.3,22.21,,571.25
USW,Copper,Cu,Aluminum,Al,63.7,Carbon-coated,1402.91,,41.45,451.88,501.8,,,-0.0,51.7,6.94,,490.604
USW,Aluminum,Al,Aluminum,Al,242.6,Bare,765.37,,20.68,446.1,499.9,,,26.7,41.3,9.95,,222.522
USW,Aluminum,Al,Aluminum,Al,68.6,Bare,1427.64,,31.01,685.7,309.3,,,35.7,69.9,5.82,,282.105
USW,Aluminum,Al,Aluminum,Al,130.5,Bare,1083.91,,43.31,646.72,128.7,,,33.1,20.5,5.14,,98.679
USW,Copper,Cu,Aluminum,Al,108.4,Tin-plated,1970.37,,34.65,661.8,313.1,,,-9.0,72.2,21.68,,406.691
USW,Aluminum,Al,Aluminum,Al,69.1,Tin-plated,1366.14,,54.13,778.77,505.1,,,-0.1,15.0,5.92,,529.515
USW,Copper,Cu,Aluminum,Al,80.5,Tin-plated,1859.29,,31.68,706.21,467.0,,,93.4,50.2,8.86,,558.045
USW,StainlessSteel,SS304,Nickel,Ni,134.1,Bare,1193.6,,21.54,263.69,364.0,,,103.2,39.3,13.29,,254.743
USW,Copper,Cu,Aluminum,Al,195.0,Oxide,1968.22,,48.26,752.21,171.3,,,41.5,28.6,17.19,,247.804
USW,Copper,Cu,Aluminum,Al,101.1,Bare,2158.12,,19.43,787.13,195.2,,,90.7,73.4,14.59,,242.048
USW,Copper,Cu,Aluminum,Al,74.7,Bare,2017.34,,31.57,467.79,332.7,,,22.2,78.6,10.63,,430.981
USW,Copper,Cu,Aluminum,Al,56.3,Oxide,1501.67,,35.2,821.78,173.4,,,96.6,73.0,9.53,,172.403
USW,Copper,Cu,Aluminum,Al,43.5,Oxide,2000.14,,43.01,729.39,440.0,,,115.7,28.9,11.16,,620.945
USW,Nickel,Ni,Aluminum,Al,154.4,Nickel-plated,2281.14,,39.26,549.72,154.2,,,109.7,53.9,13.43,,240.9
USW,Aluminum,Al,Aluminum,Al,138.6,Tin-plated,2148.46,,25.75,951.65,134.6,,,-5.2,52.3,24.33,,176.321
USW,Copper,Cu,Aluminum,Al,48.5,Bare,978.41,,47.29,227.32,394.4,,,37.2,67.8,20.15,,281.473
USW,Copper,Cu,Aluminum,Al,162.5,Oxide,686.32,,30.77,903.24,414.7,,,73.7,12.0,19.18,,181.489
USW,Nickel,Ni,Aluminum,Al,103.5,Bare,1534.17,,44.88,1045.12,595.2,,,97.6,78.5,21.66,,653.832
USW,Copper,Cu,Aluminum,Al,32.7,Nickel-plated,1450.76,,44.36,907.3,325.1,,,23.9,22.6,17.61,,336.328
USW,Nickel,Ni,Copper,Cu,245.2,Oxide,2175.27,,51.86,218.1,380.6,,,43.4,63.2,17.81,,624.81
USW,Nickel,Ni,Aluminum,Al,163.4,Carbon-coated,2276.87,,41.44,221.4,239.2,,,86.1,11.8,8.63,,379.507
USW,Nickel,Ni,Copper,Cu,40.8,Bare,1980.59,,45.0,703.75,272.4,,,-1.3,42.7,6.85,,386.612
USW,Copper,Cu,Copper,Cu,211.1,Oxide,769.25,,45.2,637.35,448.8,,,79.7,42.3,20.48,,247.816
USW,Nickel,Ni,Aluminum,Al,123.9,Tin-plated,2417.52,,28.77,179.58,345.4,,,3.1,49.4,19.44,,523.159
USW,Copper,Cu,Aluminum,Al,205.6,Tin-plated,2234.87,,21.72,521.81,508.0,,,67.3,37.3,24.8,,666.768
USW,StainlessSteel,SS304,Nickel,Ni,234.0,Oxide,1925.79,,50.87,917.14,491.2,,,37.9,26.8,23.61,,708.797
USW,Copper,Cu,Aluminum,Al,123.4,Tin-plated,2044.96,,33.72,646.53,281.6,,,-3.7,35.0,22.46,,376.559
USW,Copper,Cu,Aluminum,Al,87.7,Nickel-plated,1598.25,,42.32,542.51,592.5,,,4.7,60.9,24.59,,664.529
USW,Copper,Cu,Copper,Cu,97.5,Nickel-plated,1808.82,,41.56,939.31,188.7,,,112.9,55.8,11.83,,238.123
USW,Copper,Cu,Aluminum,Al,183.3,Carbon-coated,1755.86,,21.69,1000.35,156.0,,,0.4,24.0,12.94,,160.803
USW,Aluminum,Al,Aluminum,Al,111.3,Tin-plated,752.6,,49.41,652.31,208.4,,,66.1,23.2,8.47,,116.232
USW,Copper,Cu,Aluminum,Al,189.2,Nickel-plated,1258.85,,29.92,594.7,185.8,,,7.2,65.8,8.87,,148.05
USW,Copper,Cu,Copper,Cu,85.8,Nickel-plated,1717.06,,33.15,1047.22,394.6,,,90.8,76.9,6.39,,440.975
USW,Copper,Cu,Aluminum,Al,66.3,Bare,765.41,,44.02,686.22,267.8,,,48.8,49.9,16.16,,145.791
USW,Nickel,Ni,Copper,Cu,188.7,Oxide,2116.07,,44.18,482.08,582.7,,,63.8,29.4,11.84,,878.063
USW,Aluminum,Al,Aluminum,Al,47.4,Bare,851.08,,28.56,466.9,259.6,,,52.7,69.2,5.56,,138.175
USW,Aluminum,Al,Aluminum,Al,102.7,Bare,881.45,,58.59,315.82,409.5,,,80.4,14.8,22.0,,285.901
USW,Nickel,Ni,Copper,Cu,218.0,Nickel-plated,1435.41,,54.69,419.41,199.7,,,14.5,51.4,11.4,,220.907
USW,Aluminum,Al,Aluminum,Al,244.8,Oxide,1249.03,,32.99,946.97,213.9,,,105.7,65.4,15.28,,173.653
USW,Copper,Cu,Copper,Cu,43.3,Tin-plated,891.81,,36.91,936.11,337.0,,,25.4,66.1,4.33,,201.855
USW,Copper,Cu,Aluminum,Al,232.6,Bare,2199.39,,37.72,1071.16,407.5,,,99.4,20.5,21.87,,606.04
USW,Nickel,Ni,Aluminum,Al,64.2,Oxide,1090.84,,35.17,1150.91,205.1,,,73.4,25.0,17.18,,148.104
USW,Aluminum,Al,Aluminum,Al,101.5,Nickel-plated,1199.14,,31.62,205.87,146.3,,,72.4,17.1,21.96,,112.656
USW,Aluminum,Al,Aluminum,Al,65.5,Bare,1268.65,,29.55,587.04,181.3,,,99.4,71.5,21.48,,145.122
USW,StainlessSteel,SS304,Nickel,Ni,85.1,Bare,939.23,,44.86,748.1,102.0,,,98.0,33.9,18.89,,68.573
USW,Copper,Cu,Aluminum,Al,80.4,Bare,2436.65,,51.06,1122.21,516.6,,,47.8,56.6,23.17,,944.534
USW,Copper,Cu,Copper,Cu,41.2,Oxide,1650.98,,59.34,204.04,389.0,,,83.7,13.5,23.45,,511.481
USW,Copper,Cu,Aluminum,Al,87.1,Oxide,954.64,,56.07,323.73,416.6,,,14.7,19.3,5.79,,309.442
USW,Copper,Cu,Aluminum,Al,163.6,Nickel-plated,771.79,,47.94,1102.72,234.9,,,39.8,12.9,17.95,,132.888
USW,Copper,Cu,Copper,Cu,206.8,Bare,2480.75,,51.01,220.7,552.4,,,46.5,35.2,11.15,,1027.808
USW,Nickel,Ni,Aluminum,Al,164.8,Tin-plated,1697.61,,40.46,889.08,188.8,,,61.8,40.7,19.27,,221.664
USW,Aluminum,Al,Aluminum,Al,219.8,Tin-plated,1166.28,,40.67,1106.01,235.2,,,12.1,67.0,6.16,,189.962
USW,Copper,Cu,Aluminum,Al,209.4,Anodized,1393.54,,40.98,349.04,160.5,,,-9.1,15.9,18.56,,155.291
USW,Aluminum,Al,Aluminum,Al,212.3,Oxide,1500.45,,55.05,309.75,409.6,,,10.0,73.4,4.64,,474.817
USW,Copper,Cu,Aluminum,Al,140.7,Anodized,1327.97,,28.38,227.81,371.2,,,29.9,53.3,12.21,,307.783
USW,Nickel,Ni,Aluminum,Al,114.8,Carbon-coated,1813.34,,19.58,587.16,578.3,,,68.0,27.3,10.87,,603.44
USW,Aluminum,Al,Aluminum,Al,72.1,Bare,1909.26,,55.16,253.29,130.8,,,119.5,77.7,6.39,,193.096
USW,Copper,Cu,Aluminum,Al,223.1,Oxide,1071.65,,23.24,413.24,457.6,,,3.3,38.2,22.63,,292.171
USW,Copper,Cu,Aluminum,Al,232.6,Bare,1553.23,,18.68,404.83,490.2,,,104.6,71.4,23.8,,434.293
USW,Copper,Cu,Aluminum,Al,196.7,Bare,1447.82,,50.99,1004.22,337.0,,,22.1,68.5,9.08,,365.965
USW,Nickel,Ni,Copper,Cu,173.4,Tin-plated,1780.09,,39.09,821.78,555.0,,,70.5,61.2,17.88,,675.53
USW,Copper,Cu,Aluminum,Al,148.6,Oxide,1573.59,,21.03,191.7,425.1,,,51.1,13.6,22.17,,390.379
USW,Copper,Cu,Aluminum,Al,213.2,Tin-plated,1340.74,,18.29,872.32,507.2,,,79.5,11.4,22.53,,386.422
USW,Nickel,Ni,Copper,Cu,92.4,Nickel-plated,1289.33,,23.23,513.67,542.7,,,54.1,74.2,24.47,,416.817
USW,Nickel,Ni,Copper,Cu,75.6,Bare,1468.8,,47.58,941.11,456.7,,,118.5,51.5,24.96,,490.294
USW,Copper,Cu,Aluminum,Al,52.7,Nickel-plated,1622.58,,23.58,550.39,195.9,,,14.1,48.9,20.7,,189.934
USW,Copper,Cu,Aluminum,Al,123.8,Bare,2075.19,,16.79,339.68,538.2,,,98.4,48.4,22.58,,625.372
USW,Nickel,Ni,Aluminum,Al,144.6,Nickel-plated,741.55,,18.63,597.7,389.3,,,90.5,26.2,16.16,,164.597
USW,Copper,Cu,Aluminum,Al,185.6,Tin-plated,2230.19,,59.25,1196.49,101.6,,,14.9,27.5,11.27,,180.416
USW,Copper,Cu,Aluminum,Al,228.5,Nickel-plated,1818.84,,50.66,569.47,491.1,,,62.6,74.3,17.83,,668.247
USW,Aluminum,Al,Aluminum,Al,199.1,Bare,2223.73,,56.04,526.32,405.4,,,81.6,39.0,23.62,,701.433
USW,Aluminum,Al,Aluminum,Al,67.7,Carbon-coated,1273.29,,23.83,1038.41,194.5,,,86.2,29.5,16.24,,148.327
USW,Copper,Cu,Aluminum,Al,158.0,Bare,819.47,,48.64,1120.03,149.8,,,-1.2,30.6,18.46,,90.431
USW,Aluminum,Al,Aluminum,Al,245.0,Oxide,1403.81,,31.0,785.68,571.4,,,34.5,57.1,13.01,,512.452
USW,Copper,Cu,Aluminum,Al,224.2,Carbon-coated,1121.63,,33.89,887.17,521.6,,,-1.6,26.6,6.95,,383.203
USW,Aluminum,Al,Aluminum,Al,186.1,Carbon-coated,944.98,,43.5,722.24,170.0,,,114.9,12.8,21.35,,113.766
USW,Copper,Cu,Aluminum,Al,166.9,Tin-plated,1306.61,,53.73,858.48,470.9,,,93.0,46.8,19.75,,470.764
USW,Copper,Cu,Aluminum,Al,45.5,Bare,2495.98,,34.04,945.29,349.0,,,8.1,67.5,19.73,,571.282
USW,Copper,Cu,Aluminum,Al,75.3,Anodized,632.3,,39.08,572.89,587.0,,,29.8,68.9,6.21,,253.781
USW,Aluminum,Al,Aluminum,Al,157.9,Bare,653.5,,51.63,709.17,354.7,,,89.7,64.7,21.44,,174.669
USW,Nickel,Ni,Copper,Cu,187.4,Tin-plated,857.98,,37.54,469.78,453.2,,,28.7,76.6,23.27,,262.548
USW,Copper,Cu,Aluminum,Al,244.0,Bare,1541.16,,35.05,982.17,195.8,,,-4.1,46.2,17.32,,199.565
USW,Copper,Cu,Aluminum,Al,231.2,Bare,2525.29,,27.6,826.44,432.1,,,68.9,43.5,17.96,,676.631
USW,Nickel,Ni,Copper,Cu,39.5,Bare,2209.58,,28.24,564.85,132.8,,,29.9,19.1,22.29,,182.996
USW,Copper,Cu,Aluminum,Al,103.5,Tin-plated,866.32,,47.43,947.83,599.3,,,5.9,33.5,16.0,,379.072
USW,Copper,Cu,Aluminum,Al,123.1,Oxide,860.95,,18.83,546.66,490.6,,,20.2,77.2,18.54,,241.272
USW,Nickel,Ni,Copper,Cu,237.0,Nickel-plated,2412.45,,52.04,665.66,338.1,,,68.0,63.1,19.02,,616.389
USW,Copper,Cu,Aluminum,Al,132.2,Bare,1812.94,,18.78,1169.51,211.6,,,-1.7,45.0,20.59,,219.052
USW,Copper,Cu,Copper,Cu,134.8,Bare,1773.86,,29.36,926.23,304.9,,,10.9,29.4,11.59,,340.661
USW,Nickel,Ni,Copper,Cu,212.2,Bare,1711.04,,45.85,673.56,587.2,,,73.9,65.3,6.38,,724.855
USW,Nickel,Ni,Copper,Cu,167.8,Oxide,1568.92,,29.35,498.02,196.4,,,84.6,12.8,11.3,,194.002
USW,Nickel,Ni,Copper,Cu,175.6,Tin-plated,2401.06,,52.23,781.0,483.6,,,60.1,32.8,4.69,,878.776
USW,Aluminum,Al,Aluminum,Al,36.8,Nickel-plated,2294.88,,55.34,158.85,588.6,,,77.7,32.1,14.85,,1045.56
USW,StainlessSteel,SS304,Nickel,Ni,130.9,Tin-plated,1973.57,,30.59,866.56,274.1,,,-0.3,34.9,7.9,,344.394
USW,Copper,Cu,Aluminum,Al,197.1,Bare,2436.79,,46.87,861.41,328.0,,,31.5,29.8,19.94,,581.137
USW,Aluminum,Al,Aluminum,Al,159.3,Oxide,2394.98,,21.09,1172.1,152.9,,,58.3,78.0,17.53,,213.84
USW,Nickel,Ni,Copper,Cu,176.5,Carbon-coated,2112.19,,28.97,947.81,134.0,,,49.2,19.8,4.45,,177.663
USW,Copper,Cu,Aluminum,Al,110.8,Nickel-plated,2385.01,,27.58,1139.74,111.5,,,42.3,58.2,18.55,,164.831
USW,Copper,Cu,Aluminum,Al,144.8,Bare,2519.86,,20.67,456.96,511.9,,,45.6,43.8,9.74,,750.058
USW,Copper,Cu,Aluminum,Al,133.4,Bare,834.94,,35.84,967.52,215.5,,,23.6,48.4,4.33,,119.777
USW,Aluminum,Al,Aluminum,Al,94.6,Oxide,1088.55,,28.86,545.02,311.6,,,-3.9,30.0,4.61,,212.651
USW,StainlessSteel,SS304,Nickel,Ni,86.4,Oxide,2109.53,,43.76,209.9,499.0,,,103.7,56.0,18.27,,747.215
USW,StainlessSteel,SS304,Nickel,Ni,160.9,Tin-plated,1746.83,,26.75,1033.55,180.4,,,94.4,41.0,23.6,,193.916
USW,Copper,Cu,Aluminum,Al,235.7,Bare,1452.01,,58.99,407.31,223.7,,,58.6,17.4,5.96,,258.067
USW,Nickel,Ni,Aluminum,Al,51.3,Oxide,1334.41,,18.63,1007.72,128.4,,,79.6,67.1,7.49,,97.718
USW,Copper,Cu,Aluminum,Al,190.3,Bare,2212.13,,36.1,179.75,506.3,,,88.7,29.0,22.65,,747.26
USW,Copper,Cu,Copper,Cu,50.1,Tin-plated,846.94,,51.97,420.73,418.5,,,17.3,19.7,7.25,,267.746
USW,Nickel,Ni,Copper,Cu,36.1,Bare,2074.01,,44.23,364.1,492.0,,,107.1,54.8,6.15,,726.99
USW,Copper,Cu,Aluminum,Al,88.3,Tin-plated,2454.91,,44.43,1143.54,474.1,,,-0.2,57.2,12.9,,830.474
USW,Copper,Cu,Aluminum,Al,200.5,Bare,817.34,,45.84,851.48,410.6,,,24.5,19.5,21.48,,242.078
USW,Copper,Cu,Aluminum,Al,184.4,Nickel-plated,1258.9,,24.43,951.35,598.4,,,85.5,38.9,21.87,,453.799
USW,StainlessSteel,SS304,Nickel,Ni,171.1,Bare,1139.42,,42.54,1007.88,428.5,,,42.2,18.9,15.21,,343.203
USW,Copper,Cu,Aluminum,Al,152.1,Nickel-plated,1622.35,,46.21,1146.46,468.4,,,14.9,23.6,21.34,,549.737
USW,Nickel,Ni,Aluminum,Al,103.9,Carbon-coated,691.14,,37.37,848.94,144.0,,,12.3,46.3,14.41,,67.113
USW,Nickel,Ni,Aluminum,Al,109.4,Oxide,2424.14,,31.12,444.52,450.6,,,96.8,66.6,21.27,,698.596
USW,Aluminum,Al,Aluminum,Al,154.4,Bare,667.85,,34.22,997.07,124.4,,,27.1,73.7,16.33,,54.568
USW,Aluminum,Al,Aluminum,Al,115.8,Nickel-plated,2083.43,,35.59,996.54,501.2,,,103.6,74.7,6.64,,693.693
USW,Aluminum,Al,Aluminum,Al,153.7,Carbon-coated,1906.45,,32.09,761.95,169.9,,,92.1,67.1,22.17,,208.853
USW,Nickel,Ni,Copper,Cu,109.3,Oxide,996.23,,34.58,247.21,317.1,,,-6.8,21.0,11.44,,208.088
USW,StainlessSteel,SS304,Nickel,Ni,61.1,Tin-plated,662.16,,40.36,567.0,168.0,,,101.1,67.0,9.31,,76.877
USW,Nickel,Ni,Aluminum,Al,74.3,Tin-plated,1035.21,,31.73,831.54,215.6,,,3.5,43.4,20.25,,143.477
USW,Copper,Cu,Copper,Cu,169.6,Nickel-plated,2495.47,,57.2,632.93,386.6,,,66.0,27.3,15.15,,756.812
USW,Nickel,Ni,Aluminum,Al,139.9,Carbon-coated,2051.82,,30.13,988.36,402.2,,,45.6,65.0,15.97,,523.291
USW,Copper,Cu,Aluminum,Al,191.3,Oxide,2050.27,,47.65,667.66,537.0,,,71.0,69.0,7.64,,805.343
USW,Nickel,Ni,Aluminum,Al,53.4,Bare,2463.55,,27.59,174.85,206.6,,,94.1,40.8,21.85,,315.602
USW,Copper,Cu,Aluminum,Al,115.2,Nickel-plated,1141.25,,16.37,849.63,589.2,,,76.5,19.1,23.28,,374.973
USW,Nickel,Ni,Aluminum,Al,47.8,Nickel-plated,758.91,,20.52,166.7,103.3,,,33.7,35.7,8.86,,45.513
USW,Nickel,Ni,Aluminum,Al,65.6,Nickel-plated,1958.34,,30.23,524.33,496.6,,,7.1,60.3,17.65,,617.147
USW,StainlessSteel,SS304,Nickel,Ni,234.9,Nickel-plated,1145.82,,24.28,370.71,449.6,,,113.2,41.0,14.11,,309.908
USW,Nickel,Ni,Copper,Cu,130.5,Tin-plated,1480.93,,58.35,788.31,484.9,,,96.6,79.6,6.8,,567.873
USW,Copper,Cu,Aluminum,Al,32.6,Bare,2113.18,,18.05,353.4,414.0,,,114.6,18.4,14.28,,496.0
USW,StainlessSteel,SS304,Nickel,Ni,155.2,Oxide,2452.89,,30.45,1068.32,134.1,,,57.9,76.9,24.4,,209.206
USW,Aluminum,Al,Aluminum,Al,69.9,Nickel-plated,730.99,,35.39,181.84,504.9,,,4.5,11.8,15.75,,244.83
USW,Copper,Cu,Aluminum,Al,132.8,Oxide,810.9,,20.86,650.15,196.4,,,71.0,68.9,23.0,,92.77
USW,Nickel,Ni,Aluminum,Al,41.4,Anodized,1980.66,,45.14,1197.57,403.3,,,86.5,46.2,7.36,,573.062
USW,Copper,Cu,Copper,Cu,187.6,Bare,901.49,,16.24,837.97,338.8,,,58.3,38.8,5.23,,170.082
USW,Nickel,Ni,Aluminum,Al,195.6,Bare,1792.42,,43.94,489.52,306.8,,,5.8,50.9,7.78,,390.829
USW,Copper,Cu,Aluminum,Al,166.5,Oxide,2043.16,,57.57,270.74,280.4,,,-0.2,32.9,17.1,,450.582
USW,Copper,Cu,Aluminum,Al,235.9,Nickel-plated,1467.9,,15.14,785.26,569.5,,,11.8,11.0,5.19,,460.398
USW,Copper,Cu,Aluminum,Al,56.8,Bare,1487.4,,43.14,594.36,424.8,,,114.1,61.4,4.5,,446.3
USW,Nickel,Ni,Copper,Cu,104.4,Anodized,1750.08,,19.36,502.02,248.3,,,32.2,57.8,16.34,,249.572
USW,Aluminum,Al,Aluminum,Al,166.8,Tin-plated,955.96,,34.32,506.07,370.1,,,107.2,37.4,6.69,,232.551
USW,Nickel,Ni,Copper,Cu,242.9,Bare,2130.87,,29.58,198.28,577.2,,,7.5,31.6,15.62,,776.095
USW,Aluminum,Al,Aluminum,Al,87.4,Bare,2339.64,,53.62,1099.46,153.3,,,3.8,71.4,10.21,,274.246
USW,Nickel,Ni,Aluminum,Al,128.8,Anodized,2388.81,,40.19,1070.86,309.7,,,82.9,72.1,13.27,,510.479
USW,Nickel,Ni,Copper,Cu,238.3,Nickel-plated,1841.19,,58.1,240.35,297.6,,,111.7,72.9,13.38,,432.627
USW,Aluminum,Al,Aluminum,Al,93.7,Bare,1072.3,,41.06,714.87,546.4,,,73.3,78.5,13.4,,407.055
USW,Aluminum,Al,Aluminum,Al,156.5,Oxide,2081.07,,31.04,853.49,360.8,,,-0.6,21.2,6.3,,479.822
USW,Nickel,Ni,Aluminum,Al,126.5,Bare,1185.45,,36.71,768.64,294.5,,,117.7,79.1,13.25,,234.114
USW,Aluminum,Al,Aluminum,Al,157.6,Anodized,2405.53,,21.28,202.68,585.4,,,48.1,37.6,22.9,,823.617
USW,StainlessSteel,SS304,Nickel,Ni,65.0,Anodized,2152.63,,20.3,532.42,545.5,,,76.9,76.4,24.24,,680.443
USW,StainlessSteel,SS304,Nickel,Ni,35.9,Oxide,1611.89,,40.92,977.06,157.6,,,10.1,27.4,13.61,,176.273
USW,Nickel,Ni,Copper,Cu,113.7,Bare,2047.95,,15.04,1065.94,558.4,,,13.6,64.3,15.33,,629.249
USW,Copper,Cu,Aluminum,Al,239.8,Bare,1137.34,,51.95,1174.31,510.9,,,74.9,13.2,22.94,,438.878
USW,Copper,Cu,Copper,Cu,125.4,Carbon-coated,2380.05,,42.09,1052.07,532.9,,,6.3,46.1,9.61,,888.437
USW,Nickel,Ni,Copper,Cu,39.6,Bare,2477.28,,19.47,441.9,219.8,,,-6.4,44.9,14.47,,313.007
Laser,Copper,Cu,Copper,Cu,160.1,Tin-plated,2977.13,5.4771,,691.39,886.9,107.55,201.492,-3.4,29.4,17.87,27.6814,1975.874
Laser,Nickel,Ni,Copper,Cu,126.1,Oxide,2697.7,,,778.2,2410.0,86.405,,55.5,59.2,23.04,31.2214,3900.828
Laser,Nickel,Ni,Copper,Cu,145.2,Bare,1598.52,10.6356,,363.09,552.5,12.713,192.053,55.2,40.0,15.32,125.7403,981.328
Laser,Copper,Cu,Aluminum,Al,75.6,Bare,430.04,10.4864,,595.53,654.6,23.519,252.004,55.1,22.1,16.01,18.285,860.868
Laser,StainlessSteel,SS304,Nickel,Ni,35.2,Nickel-plated,792.54,8.7331,,369.78,2002.4,116.532,284.942,5.9,49.4,21.27,6.8011,2945.272
Laser,Nickel,Ni,Copper,Cu,109.9,Oxide,2255.45,3.8417,,650.73,2102.4,58.436,131.13,110.1,43.8,9.58,38.597,3268.764
Laser,Copper,Cu,Copper,Cu,192.5,Bare,1576.34,9.8492,,843.96,2018.7,95.495,280.342,2.8,58.0,17.71,16.5071,4138.906
Laser,Nickel,Ni,Copper,Cu,116.7,Nickel-plated,1600.38,7.1989,,898.39,1059.0,89.8,100.147,102.0,43.6,6.64,17.8215,1322.233
Laser,Copper,Cu,Copper,Cu,167.1,Nickel-plated,1861.2,3.8694,,291.62,2988.4,62.647,90.003,37.3,30.1,15.11,29.7092,3753.497
Laser,Copper,Cu,Aluminum,Al,121.1,Nickel-plated,1701.39,9.5074,,202.45,734.9,95.118,89.932,62.0,58.5,16.49,17.8871,1001.513
Laser,Copper,Cu,Copper,Cu,74.5,Bare,2626.82,8.4771,,847.65,214.0,34.548,299.949,43.9,77.2,7.41,76.0328,555.063
Laser,Aluminum,Al,Aluminum,Al,54.6,Oxide,260.07,6.4676,,263.42,1530.2,45.669,102.737,106.6,17.6,9.52,5.6946,645.482
Laser,Copper,Cu,Copper,Cu,90.8,Nickel-plated,908.26,1.2452,,636.09,2863.4,57.305,141.389,41.1,34.1,13.61,15.8498,1762.083
Laser,Copper,Cu,Aluminum,Al,174.5,Bare,2874.67,,,708.49,1324.5,110.095,,49.3,74.8,24.35,26.1109,2284.463
Laser,Aluminum,Al,Aluminum,Al,186.3,Tin-plated,900.94,11.3568,,189.02,1625.0,58.357,122.252,82.6,50.3,13.18,15.4384,1780.824
Laser,Copper,Cu,Aluminum,Al,210.9,Tin-plated,2609.99,8.5627,,316.54,954.2,112.441,58.755,65.8,17.8,6.71,23.2121,1686.351
Laser,Copper,Cu,Aluminum,Al,145.5,Bare,2905.08,10.1261,,191.32,1330.6,57.621,267.069,59.8,19.6,6.46,50.4171,3758.722
Laser,Copper,Cu,Copper,Cu,216.8,Oxide,362.76,,,780.03,1879.4,95.462,,75.1,75.1,16.74,3.8,409.071
Laser,Aluminum,Al,Aluminum,Al,129.9,Bare,2372.37,7.7534,,771.36,1929.0,97.19,270.721,14.4,76.9,6.7,24.4096,4365.316
Laser,Aluminum,Al,Aluminum,Al,121.8,Bare,1293.92,,,661.38,690.3,53.878,,96.0,60.6,4.75,24.0159,535.951
Laser,Nickel,Ni,Copper,Cu,191.0,Bare,2086.07,7.8612,,952.74,865.7,15.505,101.025,57.9,30.2,10.78,134.5459,1358.585
Laser,Copper,Cu,Aluminum,Al,226.7,Bare,1681.81,3.6482,,961.55,2846.8,26.807,14.2,26.9,57.1,22.57,62.7378,2931.66
Laser,Aluminum,Al,Aluminum,Al,41.9,Nickel-plated,1782.02,0.4454,,321.88,122.1,95.99,279.083,22.1,22.9,23.75,18.5646,136.63
Laser,Copper,Cu,Aluminum,Al,152.6,Bare,2130.49,,,553.51,431.2,112.951,,50.8,16.7,10.9,18.8621,551.193
Laser,Copper,Cu,Aluminum,Al,117.5,Nickel-plated,1532.28,1.6382,,232.73,995.4,30.903,145.764,36.1,28.0,13.32,49.5839,1010.264
Laser,Nickel,Ni,Copper,Cu,84.4,Bare,2285.93,0.9916,,208.63,835.5,19.667,50.262,3.7,72.4,20.21,116.2333,1162.532
Laser,Copper,Cu,Aluminum,Al,217.9,Tin-plated,1422.66,7.5112,,578.61,2571.3,59.343,266.741,17.0,27.8,15.96,23.9734,4255.539
Laser,Aluminum,Al,Aluminum,Al,224.6,Nickel-plated,1888.46,1.6983,,275.83,178.0,74.422,184.149,51.5,25.1,21.46,25.3749,223.997
Laser,Copper,Cu,Aluminum,Al,99.3,Tin-plated,1005.91,11.3088,,300.68,2379.8,25.787,64.222,63.8,65.1,5.84,39.0077,2127.689
Laser,Aluminum,Al,Aluminum,Al,101.5,Bare,973.1,,,483.45,1211.9,33.914,,101.3,60.5,4.08,28.6928,707.594
Laser,Copper,Cu,Copper,Cu,207.8,Nickel-plated,612.59,,,686.81,2942.7,84.352,,10.8,64.5,5.95,7.2623,1081.608
Laser,Copper,Cu,Copper,Cu,117.6,Nickel-plated,1493.08,,,932.07,1900.2,10.4,,109.6,77.0,10.7,143.5645,1702.33
Laser,Nickel,Ni,Copper,Cu,231.5,Bare,810.53,,,715.76,1784.6,6.64,,52.7,13.9,19.76,122.06,867.888
Laser,Copper,Cu,StainlessSteel,SS304,123.3,Anodized,2677.18,5.9614,,412.71,1140.5,37.624,170.295,34.5,61.2,23.57,71.1564,2295.222
Laser,Copper,Cu,Copper,Cu,170.3,Bare,2496.13,,,501.14,2377.4,45.676,,27.6,66.2,18.95,54.6482,3560.59
Laser,Nickel,Ni,Copper,Cu,95.3,Nickel-plated,539.04,,,792.85,651.8,40.95,,96.9,14.6,8.21,13.1635,210.822
Laser,Copper,Cu,Aluminum,Al,248.3,Bare,1205.13,4.1956,,185.51,1114.7,98.956,129.434,4.1,61.0,18.17,12.1784,1048.196
Laser,StainlessSteel,SS304,Nickel,Ni,78.2,Tin-plated,1794.23,2.0202,,285.79,852.5,50.444,12.524,109.4,26.0,7.22,35.5691,926.421
Laser,Copper,Cu,Copper,Cu,107.7,Carbon-coated,2549.7,4.9994,,209.57,1941.5,27.765,23.071,2.0,28.6,17.31,91.8301,3059.665
Laser,Nickel,Ni,Copper,Cu,216.2,Bare,2412.21,0.5872,,457.45,1791.5,22.854,235.957,17.8,22.9,5.63,105.5469,2692.172
Laser,Nickel,Ni,Copper,Cu,63.6,Nickel-plated,443.46,,,632.6,2017.8,118.764,,117.3,23.3,11.75,3.734,536.883
Laser,Copper,Cu,Aluminum,Al,178.9,Tin-plated,754.78,2.864,,399.95,1660.0,11.26,299.629,-6.7,66.4,21.01,67.0319,1321.593
Laser,Copper,Cu,Aluminum,Al,244.9,Nickel-plated,1317.87,6.9193,,731.64,1163.0,117.762,135.115,71.1,13.5,10.52,11.1909,1354.515
Laser,Copper,Cu,StainlessSteel,SS304,119.9,Bare,1196.75,2.4969,,513.1,1611.7,88.809,238.268,72.4,24.7,18.33,13.4755,1540.784
Laser,Aluminum,Al,Aluminum,Al,217.1,Bare,599.71,7.7313,,853.72,2453.1,56.511,98.209,39.0,49.6,23.18,10.6122,1627.743
Laser,Copper,Cu,Aluminum,Al,134.2,Bare,1509.07,7.8012,,981.42,2032.3,27.13,263.819,83.3,59.8,18.32,55.6231,3513.243
Laser,Copper,Cu,Copper,Cu,95.6,Tin-plated,1731.17,6.225,,794.09,2616.8,117.737,169.18,35.9,75.6,12.11,14.7037,3820.366
Laser,Copper,Cu,Aluminum,Al,165.5,Bare,1891.4,,,728.15,2674.0,118.273,,114.2,76.0,24.41,15.9918,3034.567
Laser,Copper,Cu,Aluminum,Al,144.4,Nickel-plated,1367.85,10.2611,,343.68,2018.3,14.968,292.755,108.2,35.2,18.85,91.3852,4081.616
Laser,StainlessSteel,SS304,Nickel,Ni,56.7,Nickel-plated,1512.96,9.5638,,970.72,2423.3,72.346,69.012,60.8,48.1,8.0,20.9129,2839.568
Laser,Aluminum,Al,Aluminum,Al,207.6,Bare,641.71,1.5113,,303.32,132.0,111.994,231.671,72.1,52.7,18.14,5.7298,69.319
Laser,Copper,Cu,Copper,Cu,77.6,Carbon-coated,2512.72,3.7766,,620.32,2072.9,78.273,11.413,65.4,35.5,9.09,32.1018,3160.923
Laser,Copper,Cu,Aluminum,Al,160.9,Nickel-plated,2534.48,10.2388,,713.62,1075.7,26.037,81.017,13.9,18.6,7.93,97.3407,1992.667
Laser,Copper,Cu,Aluminum,Al,181.6,Bare,494.56,,,958.53,2993.2,71.911,,41.9,50.3,4.12,6.8774,888.175
Laser,Nickel,Ni,Copper,Cu,196.7,Carbon-coated,1682.88,,,923.22,695.2,34.576,,114.7,24.9,21.85,48.6725,701.982
Laser,Nickel,Ni,Copper,Cu,138.4,Nickel-plated,1502.55,5.6455,,269.54,2698.8,77.031,48.679,-0.5,29.9,6.42,19.5058,2729.747
Laser,StainlessSteel,SS304,Nickel,Ni,167.1,Tin-plated,1655.09,,,390.58,1658.7,104.02,,99.7,13.7,19.39,15.9112,1647.16
Laser,Copper,Cu,Aluminum,Al,54.9,Tin-plated,1249.04,8.4956,,268.01,2145.1,74.035,168.451,13.2,24.3,4.26,16.871,2835.469
Laser,Nickel,Ni,Copper,Cu,109.4,Tin-plated,659.27,4.4173,,599.76,341.2,30.328,94.139,82.5,36.9,4.9,21.7381,191.747
Laser,Copper,Cu,Copper,Cu,35.8,Tin-plated,1448.62,,,548.04,2419.5,17.744,,105.8,44.6,5.75,81.6401,2102.915
Laser,Copper,Cu,Aluminum,Al,31.6,Bare,1620.16,3.1128,,295.45,2274.3,105.587,14.565,85.8,76.7,10.99,15.3443,2252.122
Laser,Nickel,Ni,Copper,Cu,237.4,Bare,992.16,7.4567,,213.12,1115.0,82.477,91.493,52.8,66.5,22.0,12.0296,968.023
Laser,Copper,Cu,Copper,Cu,146.1,Nickel-plated,1015.4,6.1603,,534.27,1367.4,111.845,82.646,31.9,32.4,7.44,9.0786,1111.552
Laser,Aluminum,Al,Aluminum,Al,249.2,Tin-plated,2047.66,4.1344,,156.61,1052.2,100.539,218.187,62.7,60.8,12.25,20.3668,1672.458
Laser,Copper,Cu,Copper,Cu,246.0,Bare,1735.79,10.9302,,456.86,397.5,69.941,47.826,11.7,54.9,19.23,24.8178,497.135
Laser,Copper,Cu,Copper,Cu,124.0,Bare,286.9,2.4737,,417.58,1809.8,106.866,22.023,97.4,27.9,12.05,2.6846,350.969
Laser,Copper,Cu,Aluminum,Al,239.2,Oxide,1490.49,9.8192,,520.29,851.0,81.854,137.581,82.7,29.1,19.1,18.2092,1220.86
Laser,Nickel,Ni,Copper,Cu,66.0,Anodized,2522.48,7.7628,,218.21,1997.7,56.501,167.477,15.4,56.0,20.66,44.6453,4062.414
Laser,Copper,Cu,StainlessSteel,SS304,231.1,Bare,2564.64,9.6304,,523.13,1039.0,99.409,126.614,57.8,50.4,19.81,25.799,2105.645
Laser,Copper,Cu,Aluminum,Al,117.8,Bare,1791.08,1.2712,,889.5,1377.1,95.867,270.854,34.0,28.8,14.16,18.683,1669.507
Laser,Aluminum,Al,Aluminum,Al,75.2,Bare,1180.02,,,524.36,1383.7,31.45,,6.8,20.7,18.78,37.5201,979.706
Laser,Nickel,Ni,Copper,Cu,165.8,Bare,2131.22,9.4925,,576.73,1596.2,66.193,114.621,14.6,20.4,16.35,32.1969,2735.797
Laser,Copper,Cu,Aluminum,Al,238.9,Bare,2161.64,10.8532,,843.24,1899.7,107.551,18.704,12.3,52.5,19.22,20.0988,2618.134
Laser,Copper,Cu,Aluminum,Al,163.4,Nickel-plated,1001.31,7.1922,,764.41,449.2,37.89,77.43,76.6,23.7,20.08,26.4269,369.919
Laser,Copper,Cu,Aluminum,Al,47.0,Tin-plated,1471.13,4.2685,,341.89,2915.1,24.092,294.381,7.0,26.8,12.74,61.0616,4038.269
Laser,Nickel,Ni,Copper,Cu,64.8,Oxide,744.41,10.5793,,488.6,224.3,36.07,36.641,-9.6,37.3,12.63,20.6382,134.99
Laser,StainlessSteel,SS304,Nickel,Ni,222.2,Bare,2632.48,4.6275,,384.55,586.7,69.01,19.325,118.0,22.4,7.6,38.1466,947.744
Laser,Aluminum,Al,Aluminum,Al,173.5,Bare,1013.37,3.4756,,399.07,278.6,21.939,177.0,5.2,73.5,9.69,46.1899,237.963
Laser,Copper,Cu,Aluminum,Al,47.8,Nickel-plated,702.97,1.6721,,287.21,935.8,76.928,116.455,27.5,63.6,19.09,9.138,467.567
Laser,Copper,Cu,StainlessSteel,SS304,171.2,Bare,1284.71,5.529,,769.17,1808.9,25.474,83.424,43.0,62.7,9.29,50.4324,1728.074
Laser,Copper,Cu,Aluminum,Al,139.1,Oxide,531.11,9.7904,,984.34,56.2,32.585,85.716,70.8,47.0,15.97,16.2996,36.771
Laser,Aluminum,Al,Aluminum,Al,224.4,Bare,856.9,,,295.79,1423.3,44.054,,18.6,29.5,18.43,19.451,731.797
Laser,Copper,Cu,Copper,Cu,50.2,Bare,2731.45,9.9803,,292.79,1461.3,32.44,121.339,-0.1,60.7,24.57,84.1991,3102.7
Laser,Copper,Cu,Copper,Cu,89.1,Nickel-plated,2261.87,9.7844,,501.24,387.0,72.889,182.531,96.3,15.0,12.94,31.0317,801.639
Laser,StainlessSteel,SS304,Nickel,Ni,62.3,Oxide,2756.01,4.3227,,872.08,2115.2,73.738,133.175,68.9,71.7,5.34,37.3758,3984.7
Laser,Copper,Cu,Copper,Cu,228.1,Bare,2974.63,,,797.31,180.1,14.361,,65.6,17.2,6.91,207.1377,321.429
Laser,Copper,Cu,StainlessSteel,SS304,166.6,Nickel-plated,2608.14,2.4028,,905.28,1934.7,115.621,170.713,11.5,75.0,24.9,22.5577,3344.97
Laser,Aluminum,Al,Aluminum,Al,38.1,Nickel-plated,1266.03,,,579.47,1928.1,74.519,,61.2,19.9,12.3,16.9895,1464.639
Laser,Copper,Cu,Copper,Cu,48.7,Oxide,1298.32,3.2616,,929.75,707.4,78.788,254.743,-2.0,14.7,6.86,16.4785,786.131
Laser,Copper,Cu,StainlessSteel,SS304,185.0,Oxide,2184.33,5.8582,,911.08,1398.0,73.957,136.677,65.2,21.9,19.54,29.5352,2279.995
Laser,Aluminum,Al,Aluminum,Al,80.5,Bare,1809.39,10.0491,,519.37,1822.4,80.909,123.086,69.1,21.9,14.48,22.3633,2880.133
Laser,Aluminum,Al,Aluminum,Al,78.1,Bare,489.46,,,634.33,878.2,5.511,,3.0,35.8,18.13,88.8172,257.9
Laser,Nickel,Ni,Copper,Cu,222.4,Nickel-plated,1971.49,0.5749,,329.76,2893.3,76.182,189.046,95.1,61.9,20.12,25.8787,3548.241
Laser,Copper,Cu,Aluminum,Al,137.0,Oxide,443.8,8.0941,,862.69,908.3,15.189,120.11,109.2,11.2,20.74,29.2181,595.106
Laser,Copper,Cu,Copper,Cu,218.0,Bare,1604.79,5.1012,,283.86,1839.3,118.007,79.717,-7.0,65.0,10.16,13.5991,2070.198
Laser,Copper,Cu,Copper,Cu,237.9,Bare,2223.66,9.3792,,339.98,2061.3,52.996,143.037,90.5,63.5,21.28,41.959,3856.369
Laser,Nickel,Ni,Copper,Cu,107.6,Carbon-coated,412.94,,,618.19,1026.3,24.611,,95.6,65.9,7.25,16.7783,254.284
Laser,Copper,Cu,Aluminum,Al,48.1,Nickel-plated,675.71,,,921.61,1466.9,23.147,,67.0,54.8,10.82,29.1925,594.709
Laser,Copper,Cu,Aluminum,Al,102.1,Bare,1312.74,,,629.18,2626.6,34.301,,88.9,79.4,20.52,38.2708,2068.834
Laser,Copper,Cu,Copper,Cu,89.2,Nickel-plated,934.24,1.8953,,629.6,1732.5,15.313,51.616,19.1,46.2,5.24,61.0105,1038.954
Laser,StainlessSteel,SS304,Nickel,Ni,105.0,Tin-plated,2836.45,2.2679,,209.77,1156.6,105.136,92.453,18.8,58.6,8.24,26.9789,2065.371
Laser,Nickel,Ni,Copper,Cu,142.4,Bare,888.99,7.3463,,310.53,1252.5,35.298,162.417,11.8,29.0,12.36,25.1852,1265.821
Laser,Copper,Cu,Copper,Cu,162.7,Oxide,2136.32,,,206.06,352.1,9.723,,39.7,34.5,17.84,219.7255,451.33
Laser,StainlessSteel,SS304,Nickel,Ni,74.5,Oxide,847.94,6.538,,506.69,1152.4,63.029,97.395,40.0,79.5,20.87,13.4531,879.848
Laser,Nickel,Ni,Copper,Cu,168.7,Carbon-coated,1519.43,10.9387,,354.25,192.4,68.632,19.11,76.4,57.4,5.83,22.1387,191.515
Laser,Aluminum,Al,Aluminum,Al,236.7,Oxide,2589.27,4.5421,,674.86,2864.7,44.338,96.651,84.0,38.9,13.55,58.3987,4953.52
Laser,Nickel,Ni,Copper,Cu,102.8,Oxide,1203.04,,,268.75,377.6,89.994,,115.2,17.8,9.25,13.368,272.536
Laser,Copper,Cu,Aluminum,Al,40.8,Nickel-plated,737.99,,,324.91,1975.8,33.691,,38.3,26.5,19.77,21.9046,874.861
Laser,Copper,Cu,StainlessSteel,SS304,99.3,Tin-plated,263.95,9.6294,,524.01,101.2,48.299,14.12,30.5,55.8,4.6,5.4648,21.536
Laser,Nickel,Ni,Copper,Cu,95.3,Oxide,640.12,3.7135,,774.55,2718.2,112.243,295.38,119.9,62.2,14.03,5.703,2236.618
Laser,Copper,Cu,Copper,Cu,157.4,Bare,989.25,2.3589,,178.54,1015.2,55.23,58.641,80.6,68.5,7.66,17.9114,658.753
Laser,Aluminum,Al,Aluminum,Al,75.4,Nickel-plated,1247.87,,,625.44,830.2,25.785,,114.5,45.5,6.34,48.3957,621.574
Laser,Copper,Cu,Aluminum,Al,239.8,Bare,2864.76,1.1797,,646.38,2189.4,49.171,214.992,105.7,60.3,16.67,58.2614,3985.427
Laser,Aluminum,Al,Aluminum,Al,95.7,Bare,867.12,4.6967,,282.78,139.0,72.181,97.916,75.4,30.5,10.75,12.0132,97.893
Laser,StainlessSteel,SS304,Nickel,Ni,110.4,Bare,2404.9,8.3749,,256.19,1436.3,62.742,231.705,58.4,44.7,22.7,38.3298,3187.312
Laser,Nickel,Ni,Copper,Cu,165.5,Tin-plated,601.11,1.8868,,173.68,1064.0,78.793,156.017,112.1,62.4,12.89,7.6289,509.011
Laser,Nickel,Ni,Copper,Cu,186.4,Oxide,955.58,5.1978,,403.36,176.5,102.821,74.252,-0.0,43.8,14.4,9.2936,128.469
Laser,Copper,Cu,Aluminum,Al,49.3,Carbon-coated,1106.12,8.7237,,716.64,1068.7,25.411,216.373,6.6,58.0,11.35,43.5291,1516.115
Laser,Copper,Cu,Copper,Cu,181.2,Nickel-plated,2886.52,,,592.91,1297.6,83.206,,63.0,38.0,23.33,34.6911,2247.278
Laser,Nickel,Ni,Copper,Cu,101.5,Oxide,426.66,3.8976,,353.59,1701.0,53.457,22.513,86.6,17.7,18.22,7.9814,495.169
Laser,Copper,Cu,Copper,Cu,105.2,Carbon-coated,2147.69,7.2093,,309.7,2724.2,18.405,130.445,22.6,54.7,10.59,116.689,4535.213
Laser,StainlessSteel,SS304,Nickel,Ni,112.1,Nickel-plated,560.25,6.9831,,908.18,1941.7,114.111,255.243,111.0,45.8,5.41,4.9096,2036.994
Laser,Aluminum,Al,Aluminum,Al,151.8,Nickel-plated,2516.38,,,222.48,2971.7,77.159,,104.1,50.6,15.99,32.6127,4486.728
Laser,Copper,Cu,Copper,Cu,41.2,Tin-plated,2650.15,6.9354,,362.87,582.3,118.761,32.789,35.2,44.6,12.16,22.3149,978.828
Laser,StainlessSteel,SS304,Nickel,Ni,159.0,Tin-plated,1566.0,7.0197,,511.46,368.4,28.437,155.699,7.4,29.7,4.21,55.0692,507.155
Laser,Copper,Cu,Aluminum,Al,176.8,Bare,1376.17,4.4403,,695.0,618.3,22.239,146.43,-7.8,46.7,12.15,61.8805,671.35
Laser,Copper,Cu,Aluminum,Al,66.6,Nickel-plated,381.68,,,753.44,2645.6,96.915,,40.9,61.2,10.5,3.9383,605.862
Laser,Aluminum,Al,Aluminum,Al,195.5,Bare,2186.46,9.0785,,730.98,2099.6,40.03,104.214,50.9,11.3,15.0,54.6208,3548.916
Laser,Nickel,Ni,Copper,Cu,143.3,Tin-plated,879.94,,,878.41,59.8,117.193,,43.7,18.1,4.27,7.5084,31.547
Laser,Aluminum,Al,Aluminum,Al,120.9,Bare,1137.55,,,753.65,2904.9,110.625,,32.8,56.6,5.41,10.283,1982.709
Laser,StainlessSteel,SS304,Nickel,Ni,136.6,Nickel-plated,785.47,7.9508,,408.16,1185.6,50.0,282.169,55.3,15.5,21.0,15.7094,1622.651
Laser,Copper,Cu,Copper,Cu,216.8,Nickel-plated,228.48,8.7187,,661.03,2067.4,28.121,203.674,22.0,39.0,9.88,8.1249,1751.913
Laser,Copper,Cu,Copper,Cu,105.9,Tin-plated,501.44,,,257.22,2146.0,28.1,,19.2,35.3,17.99,17.8448,645.636
Laser,Copper,Cu,StainlessSteel,SS304,51.6,Tin-plated,2457.47,6.2154,,537.67,786.1,95.122,171.08,32.9,41.6,5.0,25.8348,1493.438
Laser,Aluminum,Al,Aluminum,Al,92.5,Oxide,1717.07,,,659.48,1098.8,13.309,,90.5,33.1,10.13,129.0193,1132.074
Laser,Copper,Cu,Aluminum,Al,229.5,Bare,1843.88,3.2547,,496.98,1270.3,55.797,220.506,106.9,73.7,6.54,33.046,1770.014
Laser,Nickel,Ni,Copper,Cu,248.9,Anodized,2453.88,8.016,,629.02,2527.1,49.474,215.446,35.0,45.6,18.77,49.5995,5466.358
Laser,StainlessSteel,SS304,Nickel,Ni,153.6,Bare,731.19,,,421.86,2452.5,103.033,,114.4,49.4,20.35,7.0967,1075.939
Laser,Aluminum,Al,Aluminum,Al,188.8,Bare,2563.87,,,963.12,1052.8,44.475,,43.2,37.7,15.39,57.6475,1619.567
Laser,Aluminum,Al,Aluminum,Al,110.9,Bare,1442.08,7.9536,,799.4,2841.0,26.563,224.962,65.7,16.3,12.41,54.2882,4491.424
Laser,Aluminum,Al,Aluminum,Al,33.4,Bare,443.49,6.9183,,345.28,140.5,78.269,104.882,88.4,36.9,20.38,5.6662,78.186
Laser,Copper,Cu,Aluminum,Al,126.4,Bare,2726.67,,,617.99,2782.9,108.866,,59.5,79.7,6.94,25.0461,4552.872
Laser,StainlessSteel,SS304,Nickel,Ni,157.1,Nickel-plated,1400.11,7.9037,,808.19,533.5,30.282,74.828,10.5,63.1,21.9,46.2364,574.362
Laser,Copper,Cu,StainlessSteel,SS304,30.2,Tin-plated,2150.25,9.7441,,869.54,1995.1,44.963,253.308,38.8,39.4,16.17,47.8224,4543.738
Laser,Copper,Cu,Aluminum,Al,210.1,Bare,1298.92,,,995.38,66.6,88.467,,-5.6,28.2,9.12,14.6824,51.929
Laser,Nickel,Ni,Copper,Cu,194.2,Bare,2314.15,1.0743,,330.49,1532.7,64.511,56.64,61.5,47.3,17.88,35.8723,2165.459
Laser,Copper,Cu,StainlessSteel,SS304,224.1,Bare,1586.95,4.2022,,162.01,193.7,63.465,25.007,94.1,39.6,9.71,25.0051,192.553
Laser,Nickel,Ni,Copper,Cu,203.2,Oxide,271.61,,,936.43,2031.0,110.382,,5.9,32.1,4.27,2.4606,330.984
Laser,Copper,Cu,Aluminum,Al,127.0,Tin-plated,1065.28,7.0405,,690.79,769.8,62.057,247.882,112.0,28.0,8.87,17.1663,1029.463
Laser,Copper,Cu,Aluminum,Al,146.8,Carbon-coated,389.51,,,447.63,372.2,30.189,,3.6,17.5,11.94,12.9025,86.979
Laser,Copper,Cu,Aluminum,Al,186.1,Bare,442.44,4.4991,,785.79,1985.8,108.844,97.067,72.9,55.8,5.42,4.0649,874.07
Laser,Copper,Cu,Copper,Cu,69.9,Nickel-plated,2267.33,9.3506,,610.91,2199.7,72.807,81.602,65.1,14.4,17.05,31.1415,3663.761
Laser,Nickel,Ni,Copper,Cu,38.0,Tin-plated,2556.32,,,861.9,2816.9,65.213,,50.9,69.7,21.46,39.1998,4320.478
Laser,Aluminum,Al,Aluminum,Al,76.7,Nickel-plated,1740.32,7.9687,,234.93,896.0,66.382,16.191,98.1,11.2,24.45,26.2169,981.804
Laser,Copper,Cu,Copper,Cu,75.0,Tin-plated,1453.6,6.3137,,551.14,1185.2,5.98,264.463,79.8,49.8,18.37,243.0696,1825.342
Laser,Nickel,Ni,Copper,Cu,78.9,Oxide,2475.58,5.6093,,569.3,216.6,63.576,254.243,0.4,32.8,6.21,38.9391,445.321
Laser,Copper,Cu,StainlessSteel,SS304,152.9,Nickel-plated,2648.8,,,992.33,510.5,11.794,,91.7,66.9,20.03,224.5949,811.252
Laser,Nickel,Ni,Copper,Cu,195.5,Bare,236.23,5.9932,,696.9,1165.3,53.029,182.444,-5.6,45.2,18.27,4.4547,674.841
Laser,Copper,Cu,Aluminum,Al,101.2,Tin-plated,730.16,11.3971,,230.53,1749.8,51.561,212.424,76.1,22.2,13.77,14.1612,2461.032
Laser,Nickel,Ni,Copper,Cu,108.2,Tin-plated,1032.08,11.8039,,762.26,2479.6,98.251,103.71,48.8,63.6,24.42,10.5046,2749.706
Laser,StainlessSteel,SS304,Nickel,Ni,54.8,Nickel-plated,2333.31,,,554.87,381.0,16.848,,64.5,13.4,23.91,138.4924,533.452
Laser,Copper,Cu,Copper,Cu,131.2,Bare,2980.92,10.4416,,157.86,227.8,79.636,297.072,102.4,15.2,12.83,37.4318,690.2
Laser,Copper,Cu,Copper,Cu,219.1,Bare,2167.13,5.3686,,681.76,1480.4,25.41,82.101,85.6,79.5,13.11,85.287,2185.88
Laser,StainlessSteel,SS304,Nickel,Ni,217.9,Oxide,883.79,9.324,,438.15,2662.9,76.722,141.1,39.0,58.2,16.14,11.5194,2813.428
Laser,StainlessSteel,SS304,Nickel,Ni,146.7,Anodized,738.66,2.3278,,725.65,2480.5,67.55,88.11,33.8,42.9,6.8,10.935,1302.83
Laser,Copper,Cu,Copper,Cu,145.6,Tin-plated,2202.72,11.2521,,363.3,2732.4,84.122,287.989,1.5,17.7,20.23,26.1847,7152.834
Laser,Aluminum,Al,Aluminum,Al,169.2,Bare,1164.72,,,789.28,1435.3,119.261,,113.8,79.8,18.38,9.7661,1003.013
Laser,Nickel,Ni,Copper,Cu,71.6,Bare,700.79,,,755.82,877.5,70.77,,2.5,79.4,16.82,9.9024,368.977
Laser,Copper,Cu,StainlessSteel,SS304,183.4,Oxide,2594.83,10.4635,,576.53,759.9,26.324,37.49,19.0,45.7,20.05,98.571,1302.366
Laser,Nickel,Ni,Copper,Cu,66.1,Nickel-plated,2782.88,10.7303,,340.96,820.8,32.489,110.675,-1.6,47.7,15.13,85.6555,1760.359
Laser,StainlessSteel,SS304,Nickel,Ni,72.0,Tin-plated,225.4,,,958.54,1759.7,118.143,,55.7,40.2,22.29,1.9079,237.987
Laser,Copper,Cu,Copper,Cu,187.0,Tin-plated,613.73,2.4024,,921.14,1131.7,90.002,166.569,97.7,45.3,5.94,6.819,597.89
Laser,Nickel,Ni,Copper,Cu,115.1,Tin-plated,2645.03,10.272,,300.53,672.2,66.901,167.869,71.3,30.9,15.0,39.5368,1530.341
Laser,Copper,Cu,Aluminum,Al,222.5,Bare,1310.55,0.8858,,782.59,2563.2,33.07,146.036,27.6,42.7,8.4,39.6296,2148.15
Laser,Copper,Cu,Copper,Cu,75.6,Carbon-coated,337.48,,,574.67,887.7,99.918,,90.0,26.5,10.54,3.3776,179.76
Laser,Copper,Cu,Aluminum,Al,85.9,Tin-plated,2992.23,11.4287,,500.24,2831.2,8.975,38.397,46.3,79.9,8.67,333.3782,5579.96
Laser,Nickel,Ni,Copper,Cu,145.3,Bare,402.64,7.5377,,958.62,1623.6,91.265,278.665,118.0,78.0,10.68,4.4117,1756.378
Laser,StainlessSteel,SS304,Nickel,Ni,52.9,Bare,1395.57,,,785.34,2206.8,9.184,,35.8,63.5,10.56,151.952,1847.837
Laser,Aluminum,Al,Aluminum,Al,31.3,Nickel-plated,490.93,10.02,,922.66,1997.4,35.112,191.035,13.7,37.3,4.37,13.9817,2117.66
Laser,StainlessSteel,SS304,Nickel,Ni,46.0,Bare,1576.5,11.1869,,275.38,992.4,67.6,256.027,7.4,31.9,12.17,23.321,2075.612
Laser,Nickel,Ni,Copper,Cu,90.2,Carbon-coated,1802.26,,,161.89,2240.5,44.853,,103.7,73.8,20.26,40.1817,2422.756
Laser,Copper,Cu,Copper,Cu,196.3,Nickel-plated,673.01,11.1895,,511.8,125.3,81.041,18.825,110.3,58.1,11.87,8.3045,61.167
Laser,Nickel,Ni,Copper,Cu,174.6,Oxide,425.62,8.9323,,628.47,2293.1,57.334,29.136,34.2,75.1,14.49,7.4235,824.294
Laser,Copper,Cu,Aluminum,Al,157.4,Bare,703.73,9.5192,,582.66,2706.4,115.194,62.489,11.6,62.8,21.23,6.1091,1786.685
Laser,Copper,Cu,Aluminum,Al,222.0,Nickel-plated,2482.97,0.9276,,198.49,1318.8,52.961,105.007,8.0,69.1,6.52,46.8827,2016.154
Laser,Copper,Cu,StainlessSteel,SS304,162.0,Bare,868.11,,,460.57,2894.4,33.412,,7.7,62.5,16.62,25.9815,1507.607
Laser,Copper,Cu,Copper,Cu,63.4,Anodized,1616.32,,,956.49,189.5,37.397,,22.6,37.8,15.78,43.2204,183.732
Laser,Aluminum,Al,Aluminum,Al,86.5,Nickel-plated,632.21,,,166.28,2284.7,89.104,,52.6,37.5,16.43,7.0951,866.631
Laser,Copper,Cu,Copper,Cu,51.1,Nickel-plated,2522.57,0.6361,,790.86,188.1,72.94,292.633,43.4,27.8,17.76,34.5841,298.676
Laser,Copper,Cu,Aluminum,Al,103.6,Bare,1759.86,1.0885,,365.16,1426.5,109.8,25.076,101.1,56.3,10.61,16.0279,1521.886
Laser,Copper,Cu,Aluminum,Al,45.8,Bare,2591.51,4.976,,578.51,641.2,6.137,207.084,20.1,17.5,23.73,422.2855,1261.311
Laser,StainlessSteel,SS304,Nickel,Ni,137.1,Bare,978.78,1.9672,,770.17,1162.3,48.511,124.19,41.5,57.2,10.17,20.1763,796.136
Laser,StainlessSteel,SS304,Nickel,Ni,62.6,Nickel-plated,740.29,4.5248,,821.94,671.6,64.427,258.7,93.3,28.4,15.41,11.4903,612.756
Laser,Copper,Cu,Aluminum,Al,157.8,Oxide,251.0,11.7016,,736.45,2333.8,50.531,118.306,26.7,31.4,6.46,4.9672,1643.77
Laser,Copper,Cu,Aluminum,Al,77.7,Tin-plated,1321.07,10.077,,361.22,1406.8,65.173,170.508,113.1,75.5,12.97,20.2704,2081.969
Laser,Nickel,Ni,Copper,Cu,223.4,Nickel-plated,816.6,,,354.28,1891.1,29.057,,24.8,52.7,19.87,28.1031,926.585
Laser,Aluminum,Al,Aluminum,Al,144.8,Nickel-plated,706.35,,,396.74,2518.2,97.666,,104.7,37.8,11.26,7.2323,1067.249
Laser,Copper,Cu,Copper,Cu,137.5,Tin-plated,1121.32,,,532.1,645.0,88.664,,23.0,66.7,13.56,12.6468,433.972
Laser,Nickel,Ni,Copper,Cu,156.7,Nickel-plated,1888.83,,,435.93,2386.0,46.928,,66.5,53.1,15.21,40.2493,2704.027
Laser,Copper,Cu,Aluminum,Al,234.5,Tin-plated,902.29,,,610.22,656.5,44.459,,69.2,16.6,20.24,20.2948,355.413
Laser,Copper,Cu,Aluminum,Al,194.1,Bare,2088.4,3.6238,,552.73,975.6,116.133,72.227,109.9,46.3,6.3,17.9828,1324.641
Laser,Copper,Cu,Copper,Cu,175.3,Nickel-plated,2445.25,,,649.96,1301.8,82.904,,3.5,57.9,17.9,29.4948,1909.958
Laser,Copper,Cu,Aluminum,Al,97.8,Bare,1706.48,,,506.64,2990.3,43.159,,13.5,38.7,4.67,39.5398,3061.783
Laser,Copper,Cu,Copper,Cu,135.0,Bare,1749.04,,,291.31,2322.1,21.511,,8.9,32.9,21.47,81.3103,2436.848
Laser,Copper,Cu,Aluminum,Al,110.7,Tin-plated,2874.79,7.8028,,761.19,1892.3,71.987,94.739,73.4,47.4,9.42,39.9346,3823.596
Laser,Copper,Cu,StainlessSteel,SS304,72.5,Tin-plated,2425.44,6.5435,,493.03,2702.6,29.668,116.839,91.2,71.3,5.3,81.7528,4759.571
Laser,Copper,Cu,Aluminum,Al,213.6,Bare,2572.71,9.0576,,816.69,951.0,36.163,88.801,6.0,62.6,18.91,71.1418,1773.963
Laser,Copper,Cu,Copper,Cu,57.1,Tin-plated,2371.4,7.178,,287.13,2976.0,56.121,161.976,21.0,70.3,10.56,42.255,5618.344
Laser,Copper,Cu,Aluminum,Al,97.2,Nickel-plated,948.66,8.9939,,884.23,2148.0,119.412,53.269,106.8,62.4,8.33,7.9444,1634.255
Laser,StainlessSteel,SS304,Nickel,Ni,72.9,Nickel-plated,2655.71,,,582.42,1363.8,119.056,,109.6,43.6,17.25,22.3065,2173.115
Laser,Aluminum,Al,Aluminum,Al,242.9,Bare,2747.4,11.6975,,271.44,2526.5,109.68,226.008,81.3,75.8,18.0,25.0493,6836.66
Laser,Copper,Cu,Aluminum,Al,139.0,Bare,2201.2,11.1693,,368.61,1923.8,5.233,213.186,93.5,58.5,10.8,420.6722,4373.082
Laser,Copper,Cu,Copper,Cu,40.3,Bare,1345.22,5.9714,,522.15,1507.9,50.637,299.902,39.0,65.5,22.91,26.5659,2297.242
Laser,StainlessSteel,SS304,Nickel,Ni,181.5,Bare,2275.61,,,401.28,1260.8,42.466,,64.8,59.5,13.03,53.5861,1721.43
Laser,Copper,Cu,Aluminum,Al,35.2,Bare,1961.41,1.9717,,870.96,2171.9,61.014,260.737,64.0,52.5,14.75,32.1467,3002.626
Laser,Copper,Cu,Copper,Cu,45.8,Tin-plated,1808.75,10.6752,,505.76,961.5,41.635,46.572,35.2,27.3,24.82,43.4428,1234.669
Laser,Nickel,Ni,Copper,Cu,64.7,Tin-plated,1420.34,8.6363,,177.89,2096.4,7.466,213.852,50.8,72.4,18.32,190.2444,3335.343
Laser,Nickel,Ni,Copper,Cu,184.3,Oxide,462.07,9.8602,,476.3,2389.2,20.533,216.542,-1.6,28.0,13.9,22.5043,2702.956
Laser,Copper,Cu,StainlessSteel,SS304,81.5,Tin-plated,1956.19,6.9563,,340.11,2090.2,79.972,74.164,27.2,10.3,9.83,24.461,2884.684
Laser,Copper,Cu,StainlessSteel,SS304,132.6,Tin-plated,2690.51,4.262,,248.38,2902.7,32.572,75.062,86.9,73.9,11.68,82.6007,5057.285
Laser,Aluminum,Al,Aluminum,Al,230.8,Nickel-plated,1130.3,0.75,,774.81,1255.8,47.813,13.229,101.4,63.0,10.23,23.6398,856.672
Laser,Copper,Cu,StainlessSteel,SS304,64.4,Carbon-coated,1315.74,1.8698,,939.13,2403.6,61.662,65.376,-8.9,77.5,4.76,21.3379,2015.063
Laser,Aluminum,Al,Aluminum,Al,125.5,Bare,1771.69,5.3983,,700.93,2629.1,73.621,20.148,115.8,48.2,23.61,24.0651,2909.093
Laser,Nickel,Ni,Copper,Cu,197.5,Nickel-plated,2145.4,10.5789,,434.39,2604.7,46.772,82.635,37.6,43.8,19.86,45.8698,4263.673
Laser,Copper,Cu,StainlessSteel,SS304,198.4,Bare,1683.89,,,509.64,245.1,7.288,,49.1,23.9,22.23,231.0558,247.638
Laser,Copper,Cu,Copper,Cu,117.3,Tin-plated,616.35,,,361.02,2752.0,85.49,,24.9,63.4,5.62,7.2096,1017.731
Laser,Copper,Cu,Copper,Cu,223.3,Nickel-plated,1628.16,8.4155,,762.46,57.1,117.726,58.669,77.8,28.3,19.57,13.8301,67.072
Laser,Copper,Cu,Aluminum,Al,152.2,Oxide,889.52,9.266,,768.3,2847.8,93.326,260.714,25.4,64.2,17.82,9.5313,4271.747
Laser,Copper,Cu,Copper,Cu,54.2,Tin-plated,223.2,6.6853,,891.73,2562.4,6.634,181.903,7.6,38.1,16.63,33.6471,1589.627
Laser,Copper,Cu,Aluminum,Al,56.6,Bare,2194.72,8.9965,,909.21,2982.2,7.894,211.515,118.6,12.9,8.55,278.0355,6196.981
Laser,Copper,Cu,StainlessSteel,SS304,171.1,Tin-plated,2469.0,1.6257,,208.21,162.2,73.001,78.415,82.3,33.9,17.8,33.8217,248.566
Laser,Nickel,Ni,Copper,Cu,60.2,Tin-plated,2876.83,5.2955,,579.86,1319.0,38.42,84.901,29.4,11.5,7.38,74.8776,2513.898
Laser,Copper,Cu,Aluminum,Al,220.1,Bare,1479.7,,,815.91,1884.6,98.003,,84.5,49.6,7.33,15.0985,1673.179
Laser,StainlessSteel,SS304,Nickel,Ni,216.4,Bare,616.18,,,783.32,283.2,33.14,,84.2,51.9,22.1,18.5935,104.684
Laser,Copper,Cu,StainlessSteel,SS304,221.8,Tin-plated,1574.71,0.6633,,680.08,1561.3,103.971,294.192,36.0,60.1,12.21,15.1456,1596.986
Laser,Nickel,Ni,Copper,Cu,195.8,Bare,957.88,,,750.48,1187.6,9.538,,110.5,49.9,6.11,100.4227,682.531
Laser,Nickel,Ni,Copper,Cu,58.0,Bare,613.7,,,929.84,2196.0,36.19,,93.3,19.1,13.91,16.9577,808.618
Laser,Copper,Cu,Copper,Cu,77.9,Oxide,2551.39,5.0036,,161.32,1495.5,94.617,156.156,14.2,16.9,11.65,26.9654,2756.799
Laser,Copper,Cu,Aluminum,Al,242.2,Nickel-plated,1973.77,5.8964,,629.91,2529.2,111.434,163.816,65.0,31.9,11.75,17.7125,3972.405
Laser,Copper,Cu,Copper,Cu,114.3,Bare,1237.28,5.7184,,268.03,1273.6,110.267,209.618,12.4,40.3,8.12,11.2207,1556.161
Laser,Copper,Cu,Copper,Cu,80.8,Bare,1916.46,4.3349,,859.77,2270.2,74.844,297.135,94.8,42.9,15.18,25.6062,3780.021
Laser,Aluminum,Al,Aluminum,Al,202.4,Oxide,2703.25,8.2641,,260.45,2589.6,7.041,17.753,-5.7,73.4,21.73,383.9289,4352.234
Laser,StainlessSteel,SS304,Nickel,Ni,175.3,Nickel-plated,824.99,10.6105,,742.04,680.0,46.947,196.336,-7.7,62.4,9.62,17.5728,903.184
Laser,Copper,Cu,Copper,Cu,191.9,Bare,2546.34,,,691.58,2900.7,91.068,,18.2,76.5,15.1,27.961,4431.673
Laser,Nickel,Ni,Copper,Cu,133.6,Tin-plated,344.87,,,400.98,284.4,111.573,,53.2,62.1,6.85,3.091,58.858
Laser,Copper,Cu,Aluminum,Al,152.7,Bare,1998.75,,,789.99,2149.1,56.401,,22.1,42.8,20.64,35.4382,2577.347
Laser,Copper,Cu,Copper,Cu,61.3,Bare,2835.29,9.2644,,804.47,827.8,19.912,148.299,111.3,75.3,16.42,142.3893,1863.272
Laser,Nickel,Ni,Copper,Cu,66.3,Bare,1671.51,,,389.68,325.0,44.592,,48.0,33.7,20.9,37.4849,325.987
Laser,Copper,Cu,StainlessSteel,SS304,146.9,Nickel-plated,2344.41,,,299.89,2504.9,61.256,,19.5,36.5,12.32,38.2721,3523.579
Laser,Aluminum,Al,Aluminum,Al,102.9,Tin-plated,1845.97,7.2911,,553.58,1137.1,69.451,139.651,93.5,30.0,18.53,26.5794,1722.544
Laser,Copper,Cu,Aluminum,Al,180.1,Bare,566.25,,,419.65,493.1,78.481,,113.8,68.1,11.15,7.215,167.54
Laser,StainlessSteel,SS304,Nickel,Ni,134.3,Anodized,2964.04,,,591.84,1599.8,79.157,,82.6,59.3,12.64,37.4451,2845.038
Laser,Copper,Cu,Aluminum,Al,194.2,Bare,1807.74,11.7464,,748.62,907.2,76.116,179.875,46.5,60.2,8.72,23.7497,1750.713
Laser,Aluminum,Al,Aluminum,Al,80.5,Tin-plated,344.65,7.023,,723.48,1408.8,76.159,49.915,33.6,40.7,24.19,4.5253,488.883
Laser,Aluminum,Al,Aluminum,Al,94.3,Anodized,2658.0,,,620.86,1732.1,83.081,,39.3,68.1,23.82,31.9929,2762.306
Laser,Aluminum,Al,Aluminum,Al,151.0,Tin-plated,284.44,,,717.63,574.8,90.371,,93.3,11.4,4.49,3.1475,98.103
Laser,Nickel,Ni,Copper,Cu,101.1,Bare,1831.53,5.5655,,816.83,176.1,91.797,193.415,31.6,32.5,9.32,19.952,269.341
Laser,Copper,Cu,Copper,Cu,88.3,Carbon-coated,1554.49,10.3506,,399.05,512.0,26.09,270.944,56.5,10.1,14.81,59.5816,1051.986
Laser,Copper,Cu,Aluminum,Al,184.8,Bare,1645.57,5.697,,282.0,2852.1,103.15,180.034,114.6,39.6,10.25,15.9531,3986.045
Laser,Copper,Cu,Copper,Cu,75.2,Carbon-coated,2844.73,6.1734,,917.72,2042.8,58.279,71.676,18.2,73.7,10.88,48.8123,3848.225
Laser,Copper,Cu,Copper,Cu,147.0,Nickel-plated,2063.72,7.3515,,549.77,2141.1,6.044,84.461,93.9,63.8,5.01,341.4707,3183.009
Laser,Copper,Cu,Aluminum,Al,142.2,Anodized,2833.04,3.4647,,904.28,1809.2,118.998,124.355,79.1,22.8,12.67,23.8075,3387.072
Laser,Copper,Cu,Aluminum,Al,134.4,Oxide,2299.94,9.3093,,509.72,2264.6,57.838,116.793,54.7,56.8,22.86,39.7651,4109.892
Laser,Copper,Cu,Copper,Cu,63.8,Tin-plated,2968.98,4.6039,,768.5,1146.6,110.473,164.285,118.6,13.5,12.12,26.8752,2389.35
Laser,Copper,Cu,Aluminum,Al,243.3,Tin-plated,2051.32,3.8514,,478.11,2081.3,25.224,143.763,31.6,10.7,19.67,81.3254,3022.593
Laser,Nickel,Ni,Copper,Cu,70.4,Bare,2153.47,11.2116,,637.14,653.6,95.698,41.122,78.2,75.8,9.47,22.5029,965.039
Laser,Copper,Cu,StainlessSteel,SS304,95.6,Bare,307.1,,,484.26,1907.2,41.612,,47.4,37.6,22.22,7.3801,351.414
Laser,Copper,Cu,Copper,Cu,74.2,Bare,2419.12,1.0552,,889.61,2052.5,11.189,158.021,-7.9,55.6,23.44,216.2061,3116.087
Laser,Aluminum,Al,Aluminum,Al,96.1,Carbon-coated,772.55,,,316.1,2307.2,80.214,,100.1,13.9,6.27,9.6311,1069.448
Laser,Aluminum,Al,Aluminum,Al,168.8,Nickel-plated,648.26,,,656.34,2666.2,111.02,,87.3,79.6,11.66,5.8391,1037.018
Laser,Copper,Cu,Aluminum,Al,43.5,Bare,1837.36,,,739.39,1448.9,93.584,,47.3,42.8,14.85,19.6332,1597.288
Laser,Nickel,Ni,Copper,Cu,101.6,Tin-plated,2501.86,3.2685,,851.57,196.4,60.0,235.02,89.5,75.1,7.84,41.6979,355.16
Laser,Copper,Cu,Copper,Cu,209.4,Nickel-plated,899.2,4.5726,,739.21,2540.7,92.152,149.789,56.2,23.7,7.29,9.7578,2066.832
Laser,Copper,Cu,StainlessSteel,SS304,167.6,Bare,1188.94,11.8573,,624.28,300.7,52.573,115.73,58.4,22.1,19.17,22.6152,379.527
Laser,Copper,Cu,Copper,Cu,182.0,Bare,272.33,8.136,,614.9,1339.7,118.657,232.656,37.9,71.8,14.3,2.2951,1233.248
Laser,Copper,Cu,Copper,Cu,108.5,Bare,1676.03,,,448.14,1155.0,62.253,,110.7,65.8,21.93,26.9229,1161.457
Laser,Copper,Cu,Aluminum,Al,120.3,Tin-plated,1596.74,5.6763,,591.93,2043.9,52.421,53.758,29.0,76.0,21.86,30.4597,2207.594
Laser,Copper,Cu,Copper,Cu,238.8,Tin-plated,1729.73,4.0018,,448.03,1466.5,112.482,281.31,115.4,79.9,5.03,15.3777,2182.406
Laser,Copper,Cu,Aluminum,Al,100.4,Bare,2732.54,7.2967,,371.0,2057.3,68.947,243.078,60.6,55.5,4.03,39.6327,4832.521
Laser,Copper,Cu,Copper,Cu,199.8,Nickel-plated,742.81,4.2337,,348.87,1920.3,49.171,281.447,17.6,47.2,12.96,15.1067,1771.121
Laser,Nickel,Ni,Copper,Cu,80.4,Anodized,2609.73,11.0706,,247.28,2602.7,22.965,59.378,86.7,38.6,16.12,113.6399,4759.694
Laser,Nickel,Ni,Copper,Cu,75.5,Carbon-coated,1007.24,7.3633,,922.04,1003.2,41.021,12.515,13.6,43.9,14.47,24.5545,643.282
Laser,Copper,Cu,Aluminum,Al,135.2,Carbon-coated,658.77,5.6304,,498.24,1098.4,13.744,293.187,87.7,11.8,15.84,47.9311,1159.473
Laser,Copper,Cu,Aluminum,Al,55.3,Nickel-plated,1034.51,2.7778,,599.41,733.9,117.353,137.954,86.4,32.2,13.22,8.8154,568.067
Laser,Copper,Cu,Aluminum,Al,180.3,Bare,1214.18,6.6086,,374.35,384.0,18.394,288.165,28.9,62.3,17.75,66.01,572.305
Laser,Copper,Cu,Aluminum,Al,83.5,Nickel-plated,1540.9,7.8264,,338.92,1475.9,59.909,33.014,40.7,74.3,7.8,25.7205,1517.116
Laser,Copper,Cu,Aluminum,Al,46.0,Oxide,2797.76,4.7304,,718.49,2506.2,91.935,181.862,38.0,73.2,17.04,30.4321,5069.45
Laser,Copper,Cu,Copper,Cu,38.9,Oxide,1106.32,,,522.43,895.6,6.414,,85.0,67.0,23.28,172.4871,594.511
Laser,Copper,Cu,Aluminum,Al,154.8,Nickel-plated,2791.56,10.4889,,264.52,420.8,38.402,39.913,27.0,32.6,9.82,72.6937,775.226
Laser,Copper,Cu,Copper,Cu,245.4,Nickel-plated,1241.21,11.3607,,920.82,2636.5,96.015,100.993,104.8,13.9,8.97,12.9272,3173.47
Laser,Copper,Cu,Aluminum,Al,64.4,Bare,1864.35,9.2613,,550.09,1599.8,110.366,104.313,64.1,79.8,18.78,16.8924,2407.726
Laser,Copper,Cu,Aluminum,Al,246.5,Nickel-plated,893.14,7.8382,,360.17,1433.1,72.619,159.487,91.2,65.1,23.73,12.2991,1484.628
Laser,Nickel,Ni,Copper,Cu,155.3,Nickel-plated,2803.81,,,733.2,2383.3,117.249,,-6.5,45.0,21.02,23.9132,4009.465
Laser,Copper,Cu,StainlessSteel,SS304,60.9,Bare,2705.2,,,733.33,2913.8,88.873,,76.0,41.1,23.85,30.4388,4729.448
Laser,Nickel,Ni,Copper,Cu,238.9,Nickel-plated,1647.02,7.6054,,777.16,1188.1,44.748,204.506,20.1,22.7,7.1,36.8069,1913.327
Laser,Copper,Cu,Copper,Cu,158.5,Oxide,2847.69,6.8219,,651.76,870.0,55.865,217.837,49.6,32.4,24.1,50.9749,2003.611
Laser,Copper,Cu,Aluminum,Al,177.7,Bare,2193.15,,,459.88,2087.5,92.954,,77.2,78.8,14.39,23.594,2746.941
Laser,Nickel,Ni,Copper,Cu,144.7,Oxide,293.06,1.352,,188.63,2109.7,57.145,65.066,71.5,19.9,23.86,5.1284,445.209
Laser,Nickel,Ni,Copper,Cu,53.5,Bare,1459.73,11.3543,,340.74,2797.1,8.231,281.692,-1.6,19.0,9.09,177.3501,6028.421
Laser,Aluminum,Al,Aluminum,Al,245.3,Tin-plated,436.52,10.6818,,631.4,1464.4,59.41,209.662,90.2,17.8,7.58,7.3475,1695.347
Laser,Copper,Cu,Aluminum,Al,153.0,Tin-plated,2937.78,1.834,,319.11,2803.6,53.881,138.483,59.0,12.3,14.54,54.5235,5226.552
Laser,Nickel,Ni,Copper,Cu,134.5,Bare,1779.54,,,822.14,768.4,56.624,,43.8,75.4,23.61,31.4275,820.403
Laser,Aluminum,Al,Aluminum,Al,170.5,Carbon-coated,2045.03,4.2072,,786.45,85.2,45.686,249.273,31.4,62.2,14.11,44.7627,140.313
Laser,Aluminum,Al,Aluminum,Al,148.9,Bare,1453.15,4.5736,,276.63,1479.1,29.291,147.063,61.3,11.8,10.83,49.61,1687.518
Laser,Copper,Cu,Copper,Cu,93.0,Bare,2258.4,5.1104,,720.45,943.8,112.677,13.995,112.4,11.1,20.57,20.0432,1305.855
Laser,Copper,Cu,Aluminum,Al,110.7,Bare,846.68,7.9911,,185.22,2128.7,37.721,23.061,4.9,34.0,13.17,22.4457,1238.286
Laser,Nickel,Ni,Copper,Cu,151.8,Bare,264.69,11.1515,,665.93,1733.5,105.526,121.484,29.1,76.4,17.15,2.5083,1214.674
Laser,Copper,Cu,Copper,Cu,183.1,Carbon-coated,2847.21,2.8495,,398.95,714.5,110.836,73.085,46.8,34.4,21.31,25.6885,1280.174
Laser,Copper,Cu,Copper,Cu,231.6,Bare,2242.74,,,402.27,240.6,32.107,,37.2,64.0,4.81,69.8522,323.807
Laser,Copper,Cu,Copper,Cu,202.4,Tin-plated,1323.86,,,770.19,1842.0,33.495,,25.4,54.5,18.91,39.5237,1463.153
Laser,Copper,Cu,Copper,Cu,34.0,Tin-plated,2227.96,,,571.44,1654.0,104.795,,107.9,59.7,22.33,21.2603,2211.048
Laser,Nickel,Ni,Copper,Cu,112.8,Tin-plated,1822.74,0.5614,,973.31,671.7,113.7,181.096,29.2,58.1,5.07,16.0311,761.952
Laser,Copper,Cu,StainlessSteel,SS304,52.6,Carbon-coated,1954.78,6.7744,,235.98,1828.1,38.817,115.802,114.7,73.8,8.83,50.3593,2717.734
Laser,Nickel,Ni,Copper,Cu,111.3,Bare,1177.71,6.2067,,804.74,425.3,53.496,124.452,43.2,79.7,7.25,22.0149,431.965
Laser,Aluminum,Al,Aluminum,Al,139.6,Tin-plated,1065.42,6.9432,,816.1,159.5,37.211,156.627,105.2,34.8,16.27,28.6317,171.363
Laser,StainlessSteel,SS304,Nickel,Ni,104.1,Nickel-plated,303.1,,,220.11,1178.8,36.941,,74.8,16.3,23.59,8.2052,214.385
Laser,Aluminum,Al,Aluminum,Al,103.3,Oxide,493.41,,,729.86,820.6,26.316,,48.2,72.8,9.51,18.7495,242.948
Laser,Copper,Cu,Aluminum,Al,192.5,Bare,919.46,,,247.33,2525.9,80.884,,67.9,65.4,24.71,11.3677,1393.471
Laser,Aluminum,Al,Aluminum,Al,160.9,Nickel-plated,258.57,3.2598,,426.47,1665.4,26.775,123.731,50.2,13.1,13.0,9.657,527.047
Laser,StainlessSteel,SS304,Nickel,Ni,30.5,Oxide,2092.45,,,379.72,821.5,40.764,,96.2,56.9,9.91,51.3305,1031.382
Laser,Nickel,Ni,Copper,Cu,92.1,Bare,441.68,2.1683,,603.36,2460.9,27.708,35.603,6.1,34.7,11.17,15.9407,728.143
Laser,StainlessSteel,SS304,Nickel,Ni,32.0,Tin-plated,571.07,5.9824,,491.67,1118.0,116.29,11.922,36.8,15.1,9.74,4.9107,414.961
Laser,Copper,Cu,Aluminum,Al,222.9,Carbon-coated,1428.08,3.9595,,306.68,496.3,59.144,210.757,56.4,29.2,18.64,24.1461,590.95
Laser,Copper,Cu,Aluminum,Al,84.6,Nickel-plated,892.88,11.0243,,397.71,1257.8,22.785,134.568,111.7,61.3,7.33,39.1876,1420.238
Laser,Nickel,Ni,Copper,Cu,57.2,Tin-plated,1277.45,3.813,,979.29,1938.5,116.496,208.939,55.9,45.6,10.15,10.9656,2103.534
Laser,Copper,Cu,Aluminum,Al,121.8,Bare,639.55,,,497.54,2196.7,104.628,,15.2,15.1,22.58,6.1126,842.931
Laser,Aluminum,Al,Aluminum,Al,181.1,Bare,2713.18,2.6201,,916.65,667.3,79.309,125.081,115.3,10.3,17.63,34.2102,1173.693
Laser,Copper,Cu,Copper,Cu,33.3,Bare,780.64,7.9885,,715.03,703.7,83.268,240.692,3.9,41.5,4.87,9.3751,870.88
Laser,Copper,Cu,Copper,Cu,91.5,Oxide,1385.45,,,338.77,2612.7,66.841,,-8.0,37.9,7.31,20.7276,2171.866
Laser,Copper,Cu,Aluminum,Al,110.4,Bare,972.89,6.7125,,561.98,2687.6,106.809,37.332,108.9,55.1,6.32,9.1087,1838.217
Laser,Copper,Cu,Copper,Cu,34.7,Bare,1600.3,1.0914,,957.99,745.3,102.294,125.182,31.3,66.2,12.95,15.6442,756.311
Laser,Copper,Cu,StainlessSteel,SS304,219.8,Nickel-plated,569.12,9.4691,,274.45,2879.6,112.307,298.008,12.7,20.0,17.42,5.0675,4233.699
Laser,Nickel,Ni,Copper,Cu,200.8,Bare,551.04,10.4508,,906.51,902.8,11.94,254.862,73.4,76.0,24.06,46.1521,1260.36
Laser,Copper,Cu,Aluminum,Al,224.5,Bare,1913.0,,,601.33,592.6,78.895,,41.3,59.6,15.85,24.2474,680.198
Laser,Nickel,Ni,Copper,Cu,151.5,Oxide,2466.67,11.4643,,316.57,385.4,112.278,146.603,117.5,25.0,15.7,21.9692,829.588
Laser,Copper,Cu,StainlessSteel,SS304,73.5,Bare,1887.76,10.208,,482.48,127.2,114.716,224.29,0.8,29.6,17.0,16.456,260.546
Laser,Copper,Cu,Copper,Cu,173.4,Bare,2510.91,6.5974,,296.02,1374.2,107.673,163.598,-9.1,22.4,9.99,23.3197,2663.596
Laser,Copper,Cu,Aluminum,Al,236.6,Bare,780.2,11.5832,,181.6,1387.9,20.546,105.112,59.3,72.3,20.48,37.9729,1325.598
Laser,Copper,Cu,Aluminum,Al,239.2,Carbon-coated,2673.34,5.0611,,660.13,1940.6,38.539,100.273,77.9,48.5,14.28,69.3676,3506.676
Laser,Copper,Cu,Copper,Cu,212.6,Bare,2309.86,6.4696,,447.83,1262.7,29.919,148.632,51.8,54.0,24.63,77.2043,2235.707
Laser,Copper,Cu,Aluminum,Al,232.0,Nickel-plated,1210.44,,,973.91,2238.0,6.565,,74.3,29.6,15.33,184.3699,1625.351
Laser,Copper,Cu,Copper,Cu,61.9,Tin-plated,835.66,3.6799,,243.49,1783.3,46.696,70.749,14.5,41.1,5.63,17.8959,1079.854
Laser,Copper,Cu,Aluminum,Al,55.4,Bare,453.78,,,327.48,639.7,76.08,,65.5,28.5,12.52,5.9645,174.168
Laser,Aluminum,Al,Aluminum,Al,208.1,Bare,779.79,4.8814,,342.71,2242.6,118.815,252.985,46.5,79.0,18.42,6.5631,2156.994
Laser,Copper,Cu,Copper,Cu,64.4,Bare,440.0,4.0707,,362.54,1826.1,56.621,277.16,-3.2,48.5,5.34,7.771,1306.186
Laser,Copper,Cu,Copper,Cu,36.3,Bare,232.52,9.3477,,347.84,2283.4,101.773,241.398,76.6,50.1,22.82,2.2847,2379.577
Laser,Aluminum,Al,Aluminum,Al,111.2,Nickel-plated,1212.23,,,277.56,757.4,35.329,,119.7,35.5,13.08,34.3124,550.911
Laser,StainlessSteel,SS304,Nickel,Ni,135.4,Bare,1114.29,11.6156,,528.89,547.2,53.695,116.236,58.5,63.0,12.33,20.7524,661.328
Laser,Copper,Cu,Copper,Cu,133.6,Nickel-plated,559.81,,,869.98,2062.7,62.039,,29.1,13.1,8.02,9.0236,692.836
Laser,Aluminum,Al,Aluminum,Al,246.7,Bare,2755.52,,,655.56,2734.8,76.811,,89.9,21.4,13.76,35.8738,4521.536
Laser,Nickel,Ni,Copper,Cu,51.7,Anodized,2879.88,,,248.61,811.3,15.766,,84.7,70.3,10.66,182.6655,1401.82
Laser,Aluminum,Al,Aluminum,Al,97.2,Nickel-plated,2762.86,,,549.47,1358.8,112.552,,30.5,35.5,8.55,24.5474,2252.543
Laser,Aluminum,Al,Aluminum,Al,30.1,Nickel-plated,1068.74,5.9168,,313.25,1981.2,113.552,246.173,2.0,72.4,16.54,9.4119,2424.765
Laser,Copper,Cu,Copper,Cu,138.4,Carbon-coated,281.0,1.6009,,331.23,1968.2,16.991,46.46,117.5,16.4,5.88,16.5383,390.399
Laser,Copper,Cu,Copper,Cu,173.0,Nickel-plated,884.29,10.1276,,176.05,1782.0,41.559,85.263,113.8,54.2,4.62,21.2782,1561.028
Laser,Copper,Cu,Aluminum,Al,230.4,Bare,1316.67,9.9109,,397.27,2688.3,11.584,53.08,100.8,75.1,6.73,113.6645,2689.472
Laser,StainlessSteel,SS304,Nickel,Ni,68.0,Anodized,2558.67,,,419.54,797.8,101.165,,16.8,63.4,18.85,25.2921,1224.728
Laser,Nickel,Ni,Copper,Cu,195.6,Bare,2560.28,,,257.35,2688.9,79.085,,46.7,29.2,8.81,32.3737,4130.67
Laser,Copper,Cu,Copper,Cu,42.1,Nickel-plated,1873.27,2.1262,,736.03,1902.3,44.986,90.933,109.7,28.3,23.93,41.641,2285.285
Laser,Copper,Cu,Copper,Cu,123.4,Bare,854.14,9.5931,,178.67,2268.6,113.855,12.769,99.9,44.7,19.99,7.502,1273.769
Laser,Aluminum,Al,Aluminum,Al,76.9,Anodized,491.83,9.0168,,687.83,2039.2,30.733,239.029,3.4,58.4,23.5,16.0034,2359.763
Laser,Copper,Cu,Copper,Cu,180.5,Tin-plated,1814.49,,,195.49,997.6,83.718,,54.5,51.9,15.25,21.6739,1086.11
Laser,Aluminum,Al,Aluminum,Al,53.4,Tin-plated,2907.35,,,354.38,1490.9,78.453,,19.6,11.0,17.31,37.0582,2600.805
Laser,Copper,Cu,Copper,Cu,218.4,Nickel-plated,1888.35,4.5789,,458.39,2011.3,8.959,252.469,118.1,68.1,13.07,210.7707,3208.903
Laser,Copper,Cu,Aluminum,Al,219.8,Bare,2426.46,,,248.24,104.7,29.641,,99.4,43.9,24.65,81.8624,152.425
Laser,Nickel,Ni,Copper,Cu,171.7,Tin-plated,1781.05,,,177.63,2374.1,42.668,,64.4,41.3,11.53,41.7417,2537.066
Laser,StainlessSteel,SS304,Nickel,Ni,88.7,Tin-plated,1614.91,,,664.76,656.2,50.624,,9.9,14.7,12.2,31.9003,635.819
Laser,Nickel,Ni,Copper,Cu,49.9,Bare,2474.99,11.1914,,778.72,2770.6,87.922,120.557,45.4,54.5,9.66,28.1499,5609.646
Laser,StainlessSteel,SS304,Nickel,Ni,147.2,Tin-plated,1302.51,11.5363,,541.3,312.6,96.892,248.287,69.5,45.7,17.78,13.4429,602.526
Laser,Copper,Cu,Aluminum,Al,211.7,Bare,427.67,0.4268,,858.25,1483.8,42.872,210.138,104.2,20.4,9.07,9.9755,433.986
Laser,Nickel,Ni,Copper,Cu,123.4,Tin-plated,2882.33,,,572.28,609.0,35.039,,88.4,40.0,18.69,82.2613,1053.141
Laser,Copper,Cu,Copper,Cu,81.2,Nickel-plated,2742.97,,,160.09,2692.9,16.642,,16.2,55.5,9.34,164.8256,4431.885
Laser,Copper,Cu,Copper,Cu,87.4,Bare,383.42,11.7394,,996.92,898.1,86.525,202.128,67.2,72.7,14.67,4.4313,1059.024
Laser,Copper,Cu,StainlessSteel,SS304,221.4,Tin-plated,2617.84,,,731.29,1108.7,71.088,,93.2,25.8,23.05,36.8254,1741.5
Laser,Copper,Cu,Aluminum,Al,117.0,Tin-plated,790.4,8.7713,,966.76,1388.8,72.272,38.868,115.8,52.5,7.82,10.9364,848.011
Laser,Copper,Cu,Copper,Cu,100.5,Bare,406.23,4.2068,,800.2,199.6,80.394,118.157,65.8,16.0,22.65,5.0529,88.352
Laser,StainlessSteel,SS304,Nickel,Ni,240.0,Oxide,2192.1,8.8597,,877.69,553.1,105.839,62.594,42.7,50.4,21.06,20.7118,850.111
Laser,Copper,Cu,Aluminum,Al,100.8,Tin-plated,365.86,2.8035,,239.1,2304.2,93.336,250.98,92.1,46.7,20.91,3.9198,1154.314
Laser,Copper,Cu,StainlessSteel,SS304,126.7,Nickel-plated,674.48,11.3774,,269.48,2962.9,30.897,170.629,116.7,49.3,14.07,21.8299,3499.856
Laser,Copper,Cu,Aluminum,Al,76.0,Bare,849.28,8.6867,,818.73,2535.2,111.422,167.895,70.2,66.7,6.24,7.6222,2770.868
Laser,Copper,Cu,Aluminum,Al,246.6,Nickel-plated,847.67,1.1099,,376.6,708.8,19.18,82.56,15.7,54.7,19.55,44.1962,386.493
Laser,Aluminum,Al,Aluminum,Al,218.4,Carbon-coated,1098.44,6.2894,,323.79,1100.4,31.753,47.749,30.7,12.2,4.32,34.593,857.443
Laser,Aluminum,Al,Aluminum,Al,36.0,Nickel-plated,2025.35,11.1936,,604.7,2977.7,31.719,221.456,76.7,64.5,7.76,63.8522,6571.025
Laser,Copper,Cu,Aluminum,Al,104.9,Nickel-plated,1500.59,4.1251,,955.13,1307.2,119.092,256.451,61.9,21.6,11.44,12.6003,1730.085
Laser,Copper,Cu,Copper,Cu,121.5,Carbon-coated,2692.47,,,227.02,678.8,85.282,,90.3,36.7,5.28,31.5713,1096.645
Laser,Copper,Cu,StainlessSteel,SS304,249.8,Anodized,1143.49,8.8262,,367.29,1805.2,30.325,253.897,83.4,58.8,16.4,37.7075,2856.615
Laser,Copper,Cu,Aluminum,Al,31.9,Carbon-coated,1966.87,,,643.6,1271.8,29.289,,71.0,78.1,14.2,67.1542,1500.875
Laser,StainlessSteel,SS304,Nickel,Ni,143.8,Bare,470.2,,,403.78,847.4,25.989,,27.3,74.4,7.02,18.0924,239.066
Laser,Copper,Cu,Aluminum,Al,109.2,Oxide,2349.76,7.4285,,907.44,2511.7,113.678,107.234,111.1,27.1,10.75,20.6703,4341.464
Laser,StainlessSteel,SS304,Nickel,Ni,58.5,Oxide,2738.27,6.7653,,664.54,150.9,91.024,201.816,47.4,54.5,24.72,30.0828,330.352
Laser,Nickel,Ni,Copper,Cu,232.5,Nickel-plated,2309.88,9.6885,,373.6,2557.0,95.807,280.886,116.8,32.5,15.94,24.1097,6327.257
Laser,Nickel,Ni,Copper,Cu,193.7,Tin-plated,2508.24,11.6489,,937.57,918.6,56.435,85.487,81.5,79.9,20.38,44.4446,1748.255
Laser,StainlessSteel,SS304,Nickel,Ni,233.1,Tin-plated,2433.18,1.7577,,573.65,1713.7,37.27,124.132,116.6,74.5,12.82,65.2853,2651.455
Laser,Aluminum,Al,Aluminum,Al,245.8,Bare,2619.47,7.6981,,685.57,2625.7,14.02,25.127,78.3,12.5,22.57,186.8325,4329.959
Laser,Copper,Cu,Copper,Cu,239.8,Bare,215.56,0.661,,366.64,168.6,10.638,216.831,23.1,65.0,14.9,20.2638,31.47
Laser,Copper,Cu,Aluminum,Al,95.1,Anodized,1182.82,,,618.86,105.8,46.547,,40.1,65.4,21.0,25.4111,75.109
Laser,StainlessSteel,SS304,Nickel,Ni,127.6,Bare,1684.96,,,225.8,1827.2,85.118,,41.5,19.4,24.29,19.7956,1847.252
Laser,Copper,Cu,Copper,Cu,114.5,Bare,367.66,0.6609,,437.47,1136.0,82.629,79.677,106.0,65.5,17.82,4.4495,274.526
Laser,StainlessSteel,SS304,Nickel,Ni,139.4,Bare,968.66,,,763.47,1478.4,114.182,,110.9,14.9,13.09,8.4835,859.225
Laser,Copper,Cu,Copper,Cu,167.7,Tin-plated,2375.3,5.0632,,457.89,780.1,22.976,26.794,90.1,67.0,22.75,103.3835,1154.174
Laser,Copper,Cu,Copper,Cu,91.2,Nickel-plated,2331.02,,,363.6,1840.5,79.018,,56.3,74.4,9.94,29.5,2574.109
Laser,StainlessSteel,SS304,Nickel,Ni,226.8,Bare,2437.29,11.324,,387.19,1359.6,32.839,208.026,60.5,23.0,5.85,74.2191,3269.364
Laser,Aluminum,Al,Aluminum,Al,157.2,Tin-plated,1809.15,,,975.7,835.2,87.522,,96.2,21.0,10.82,20.6707,906.552
Laser,Copper,Cu,Aluminum,Al,156.4,Bare,2330.07,11.6576,,697.71,2696.3,67.608,178.211,29.7,72.2,11.13,34.4646,6010.131
Laser,Aluminum,Al,Aluminum,Al,34.0,Anodized,1539.57,9.7126,,549.52,2037.0,81.599,257.573,94.1,44.6,19.79,18.8675,3920.123
Laser,Copper,Cu,Aluminum,Al,62.6,Bare,1706.46,5.5779,,835.72,424.1,19.101,138.047,31.8,29.2,6.09,89.3375,564.782
Laser,Copper,Cu,Aluminum,Al,164.3,Nickel-plated,2703.56,7.0916,,329.01,2523.9,23.823,198.107,42.0,14.0,16.63,113.4833,5512.397
Laser,StainlessSteel,SS304,Nickel,Ni,33.4,Oxide,2600.59,10.2103,,818.3,394.5,41.634,136.461,54.5,75.0,12.83,62.4626,835.399
Laser,Aluminum,Al,Aluminum,Al,121.4,Bare,976.92,,,995.2,2899.6,56.213,,74.8,67.7,10.36,17.3789,1699.623
Laser,Nickel,Ni,Copper,Cu,237.8,Bare,2988.86,11.5674,,389.85,2106.8,91.235,84.254,48.5,69.3,24.35,32.7601,4599.423
Laser,Aluminum,Al,Aluminum,Al,100.6,Oxide,1290.44,,,377.05,1497.3,77.442,,80.0,71.5,6.78,16.6633,1159.308
Laser,Nickel,Ni,Copper,Cu,177.2,Nickel-plated,2830.68,,,736.37,671.0,82.408,,33.8,33.6,23.79,34.3496,1139.696
Laser,Copper,Cu,Copper,Cu,249.9,Carbon-coated,2384.97,,,549.63,523.6,83.87,,107.6,33.4,23.99,28.4365,749.289
Laser,Aluminum,Al,Aluminum,Al,155.8,Tin-plated,1594.34,,,865.27,1688.2,113.877,,90.7,43.2,22.5,14.0006,1614.943
Laser,Aluminum,Al,Aluminum,Al,118.7,Bare,2470.68,5.7903,,410.3,2374.5,67.135,207.59,73.9,39.8,23.43,36.8015,4661.607
Laser,Copper,Cu,Aluminum,Al,206.9,Bare,329.31,1.5903,,556.47,1829.3,115.458,112.917,90.1,77.4,18.53,2.8522,492.846
Laser,Copper,Cu,Aluminum,Al,138.0,Nickel-plated,2985.93,,,514.08,1199.3,72.438,,58.3,19.8,10.05,41.2204,2148.606
Laser,StainlessSteel,SS304,Nickel,Ni,105.5,Bare,1286.95,1.1189,,270.64,1309.9,13.505,191.216,79.3,66.2,4.76,95.2935,1123.592
Laser,Copper,Cu,Aluminum,Al,77.5,Oxide,2263.49,,,404.7,665.1,7.114,,-7.3,14.4,10.47,318.1731,903.235
Laser,Copper,Cu,StainlessSteel,SS304,196.7,Bare,1746.16,4.4885,,250.15,1169.0,15.383,187.132,64.6,60.1,9.91,113.5125,1617.567
Laser,Copper,Cu,Copper,Cu,87.8,Bare,1718.72,,,373.69,2980.8,68.629,,100.1,39.4,24.81,25.0435,3073.91
Laser,Copper,Cu,Aluminum,Al,61.9,Oxide,1776.07,,,662.33,2945.1,109.182,,2.5,15.7,21.35,16.2671,3138.376
Laser,Nickel,Ni,Copper,Cu,63.9,Nickel-plated,2515.86,10.6142,,902.37,663.0,69.127,206.021,46.3,50.6,23.47,36.3948,1580.816
Laser,Copper,Cu,Copper,Cu,134.3,Nickel-plated,1739.7,9.869,,893.07,208.4,94.468,221.999,55.1,36.9,10.44,18.4157,400.256
Laser,Copper,Cu,Copper,Cu,156.6,Oxide,1201.7,5.3244,,273.84,1023.5,114.111,189.043,93.1,79.7,12.42,10.531,1150.064
Laser,Copper,Cu,Aluminum,Al,142.4,Tin-plated,2871.67,10.6666,,897.73,2298.8,87.65,222.803,29.7,64.2,7.02,32.7629,6146.056
Laser,Aluminum,Al,Aluminum,Al,67.7,Nickel-plated,664.08,,,476.02,808.5,61.073,,101.9,15.5,13.16,10.8735,322.134
Laser,Copper,Cu,Copper,Cu,221.8,Oxide,2625.36,9.0924,,419.23,1173.7,115.078,39.096,-7.7,36.6,16.53,22.8138,2015.637
Laser,Copper,Cu,Aluminum,Al,34.4,Bare,1488.54,9.7319,,735.2,253.7,16.763,82.312,-3.5,11.3,22.81,88.8005,307.914
Laser,Copper,Cu,StainlessSteel,SS304,146.4,Bare,821.65,4.6924,,712.46,138.4,46.125,271.765,13.4,35.5,17.03,17.8137,138.82
Laser,Copper,Cu,Copper,Cu,117.0,Oxide,456.56,8.4893,,714.47,219.7,30.173,29.025,32.0,31.2,24.04,15.1312,81.85
Laser,Copper,Cu,Aluminum,Al,109.1,Anodized,2996.99,,,745.17,2834.0,5.783,,2.0,76.6,20.84,518.2104,5096.039
Laser,Copper,Cu,StainlessSteel,SS304,213.4,Nickel-plated,324.01,10.6212,,296.03,2630.5,101.768,93.933,17.7,24.9,17.31,3.1838,1561.152
Laser,Aluminum,Al,Aluminum,Al,64.8,Oxide,2096.35,2.8211,,379.44,2949.3,35.024,120.568,117.3,53.2,23.94,59.8548,4110.968
Laser,Nickel,Ni,Copper,Cu,173.1,Oxide,958.37,,,854.37,2179.5,44.26,,42.4,22.0,24.49,21.6531,1253.262
Laser,Aluminum,Al,Aluminum,Al,203.0,Anodized,432.14,1.7051,,669.56,765.1,41.321,283.681,82.5,12.2,11.12,10.4581,346.428
Laser,Copper,Cu,StainlessSteel,SS304,212.7,Bare,2385.29,11.1525,,997.19,2123.2,96.866,229.412,95.7,38.5,12.53,24.6245,5211.588
Laser,Nickel,Ni,Copper,Cu,140.5,Carbon-coated,1087.11,3.9915,,793.55,2520.3,45.243,260.825,100.2,28.0,11.9,24.0283,2693.459
Laser,StainlessSteel,SS304,Nickel,Ni,121.3,Bare,1577.67,,,285.46,2645.4,103.064,,76.2,58.5,19.31,15.3077,2504.185
Laser,Copper,Cu,Copper,Cu,212.0,Bare,2900.63,9.5138,,923.91,273.1,7.422,105.792,5.1,49.3,5.17,390.8124,585.319
Laser,Copper,Cu,Copper,Cu,217.1,Bare,958.33,,,387.14,2711.8,38.315,,53.9,48.4,4.98,25.0121,1559.284
Laser,Copper,Cu,StainlessSteel,SS304,119.0,Oxide,1708.69,9.902,,718.72,2551.7,85.497,75.926,23.9,20.1,4.39,19.9853,3383.467
Laser,Copper,Cu,StainlessSteel,SS304,85.5,Nickel-plated,320.4,,,715.49,235.2,21.443,,104.7,38.7,24.87,14.9422,45.209
Laser,Copper,Cu,Copper,Cu,244.7,Tin-plated,2029.47,,,336.97,1627.9,10.07,,107.8,10.4,5.65,201.526,1982.238
Laser,Copper,Cu,Aluminum,Al,194.6,Oxide,2264.16,5.7243,,182.09,973.0,83.565,34.227,77.3,25.8,12.22,27.0947,1398.1
Laser,Nickel,Ni,Copper,Cu,130.6,Tin-plated,2279.25,5.8897,,580.87,66.1,106.266,82.622,0.4,68.2,6.33,21.4484,103.2
Laser,Nickel,Ni,Copper,Cu,124.1,Nickel-plated,1413.71,2.2481,,620.25,2079.8,61.132,250.0,46.8,47.1,20.78,23.1256,2231.682
Laser,Copper,Cu,Aluminum,Al,239.1,Nickel-plated,1214.66,6.0292,,509.4,571.3,57.035,74.394,5.3,24.4,7.17,21.297,518.846
Laser,StainlessSteel,SS304,Nickel,Ni,227.0,Tin-plated,2123.53,,,836.91,1799.4,10.168,,26.5,58.2,6.15,208.8448,2292.614
Laser,Copper,Cu,Aluminum,Al,216.4,Anodized,453.69,,,827.96,537.3,82.185,,90.5,51.4,15.33,5.5204,146.249
Laser,Copper,Cu,Copper,Cu,153.1,Bare,2506.65,7.9276,,774.94,256.1,9.426,218.128,2.5,11.0,11.51,265.9359,562.308
Laser,Copper,Cu,Copper,Cu,234.0,Nickel-plated,1943.69,,,790.29,1204.7,41.575,,-1.9,73.1,22.58,46.752,1404.946
Laser,Nickel,Ni,Copper,Cu,207.1,Bare,2786.34,,,262.84,1188.0,90.814,,117.7,38.4,22.05,30.6817,1986.09
Laser,Copper,Cu,StainlessSteel,SS304,233.7,Oxide,697.81,,,995.04,1110.8,105.406,,38.8,44.2,17.0,6.6202,465.068
Laser,Nickel,Ni,Copper,Cu,153.0,Carbon-coated,2502.6,1.524,,927.55,2593.2,109.191,253.642,24.9,52.9,21.21,22.9194,4294.777
Laser,Nickel,Ni,Copper,Cu,41.2,Bare,1711.76,,,354.72,2977.3,64.257,,5.2,13.9,12.18,26.6394,3057.836
Laser,Aluminum,Al,Aluminum,Al,196.4,Bare,2164.38,8.6235,,874.7,1967.8,41.016,186.674,63.3,76.8,5.3,52.7694,3822.554
Laser,StainlessSteel,SS304,Nickel,Ni,216.8,Bare,2431.05,0.9909,,417.65,1429.1,37.732,250.799,39.9,49.6,11.83,64.4289,2226.526
Laser,Copper,Cu,Copper,Cu,137.5,Nickel-plated,2576.53,,,153.73,1136.6,53.927,,24.2,11.0,4.5,47.7781,1757.045
Laser,Copper,Cu,Copper,Cu,227.4,Bare,2797.31,2.8331,,808.58,1498.3,42.694,167.214,109.7,65.7,17.09,65.5202,2798.605
Laser,Copper,Cu,Copper,Cu,142.3,Nickel-plated,1444.35,8.4442,,456.62,709.9,44.615,288.996,30.0,36.8,20.47,32.3741,1308.175
Laser,Nickel,Ni,Copper,Cu,64.5,Nickel-plated,1425.6,,,443.7,2033.8,63.667,,-2.7,23.2,5.93,22.3916,1739.661
Laser,Copper,Cu,Copper,Cu,182.2,Oxide,445.82,,,236.55,2258.5,7.819,,117.8,53.6,17.34,57.0178,604.143
Laser,Aluminum,Al,Aluminum,Al,169.0,Bare,2936.76,10.1192,,805.93,1312.1,12.791,72.718,97.2,44.5,9.77,229.6009,2698.138
Laser,Aluminum,Al,Aluminum,Al,153.6,Carbon-coated,1454.61,6.9813,,464.19,2520.2,63.757,53.748,8.9,64.2,16.26,22.8149,2577.824
Laser,Copper,Cu,Aluminum,Al,120.8,Nickel-plated,426.67,5.9353,,402.52,2448.4,39.692,186.826,38.8,13.6,4.95,10.7495,1712.776
Laser,Copper,Cu,Aluminum,Al,154.8,Carbon-coated,1004.06,,,447.45,927.6,26.815,,59.6,67.0,12.18,37.4444,558.8
Laser,Copper,Cu,Copper,Cu,99.3,Anodized,983.86,0.768,,421.67,1678.2,114.517,167.484,29.8,61.7,24.47,8.5913,1076.997
Laser,Nickel,Ni,Copper,Cu,234.4,Bare,1741.66,11.7185,,259.42,1262.0,60.076,230.3,81.2,65.3,13.4,28.9908,2681.143
Laser,Copper,Cu,Copper,Cu,78.8,Nickel-plated,870.09,,,425.74,1190.4,81.063,,97.2,26.8,17.26,10.7335,621.465
Laser,Aluminum,Al,Aluminum,Al,31.3,Oxide,2538.12,3.9173,,574.7,2790.2,110.444,21.63,10.0,11.1,9.15,22.981,4343.661
Laser,Copper,Cu,Copper,Cu,191.4,Nickel-plated,767.1,,,562.7,1102.9,62.899,,10.8,32.0,24.0,12.1959,507.635
Laser,Aluminum,Al,Aluminum,Al,62.4,Bare,1779.87,,,610.71,1845.7,8.397,,90.7,78.3,21.94,211.9553,1971.048
Laser,Copper,Cu,Aluminum,Al,51.8,Tin-plated,492.08,,,707.72,1997.7,69.796,,72.0,42.7,12.32,7.0502,589.804
Laser,Aluminum,Al,Aluminum,Al,246.7,Bare,390.46,0.5598,,913.91,2844.9,53.716,234.76,42.5,46.9,17.63,7.2689,816.035
Laser,Copper,Cu,Aluminum,Al,229.5,Nickel-plated,2235.35,4.7782,,169.75,557.0,23.795,156.038,108.0,14.4,4.99,93.9441,913.142
Laser,Copper,Cu,Copper,Cu,168.9,Bare,2401.3,0.8789,,330.31,1356.5,119.241,28.064,48.4,19.4,16.83,20.1382,1967.739
Laser,Copper,Cu,Copper,Cu,224.7,Bare,2961.02,,,953.67,181.4,68.363,,61.0,69.5,23.07,43.3134,322.192
Laser,Copper,Cu,Aluminum,Al,205.1,Nickel-plated,1482.03,1.5595,,996.45,449.7,89.666,30.371,15.0,39.2,23.28,16.5283,408.418
Laser,Nickel,Ni,Copper,Cu,95.5,Bare,2675.6,0.6818,,622.41,2067.1,59.802,154.623,44.9,60.9,17.44,44.7413,3405.557
Laser,Copper,Cu,Copper,Cu,171.3,Bare,875.39,,,597.0,1283.9,17.295,,58.1,74.6,23.36,50.6144,674.343
Laser,Nickel,Ni,Copper,Cu,240.0,Nickel-plated,475.61,,,391.15,1346.8,77.65,,106.4,33.4,23.96,6.125,384.341
Laser,Copper,Cu,StainlessSteel,SS304,115.3,Bare,1886.41,1.69,,285.19,793.5,116.03,293.049,99.3,56.8,14.09,16.2579,1055.307
Laser,Aluminum,Al,Aluminum,Al,135.1,Nickel-plated,1064.94,8.6938,,912.35,2735.8,6.614,126.282,35.7,70.5,4.67,161.0154,2949.47
Laser,Nickel,Ni,Copper,Cu,115.0,Bare,1560.18,1.8525,,714.39,2535.4,81.153,271.858,48.4,38.4,16.9,19.2251,2884.126
Laser,Nickel,Ni,Copper,Cu,130.0,Nickel-plated,353.53,,,551.35,449.0,58.271,,63.1,39.5,16.02,6.067,95.251
Laser,Nickel,Ni,Copper,Cu,200.2,Bare,1427.22,6.6355,,351.11,738.5,111.278,73.403,-6.9,32.0,14.85,12.8257,776.262
Laser,Copper,Cu,Copper,Cu,145.4,Bare,2667.28,6.9308,,985.51,1527.9,53.669,269.098,59.7,62.5,11.52,49.6991,3585.119
Laser,Nickel,Ni,Copper,Cu,152.0,Nickel-plated,1573.72,,,642.68,2132.8,111.496,,38.5,28.8,10.56,14.1145,2013.85
Laser,Copper,Cu,Aluminum,Al,117.7,Bare,2501.38,10.0043,,518.85,891.8,52.448,179.787,71.5,10.3,5.62,47.6927,1980.133
Laser,Aluminum,Al,Aluminum,Al,31.4,Nickel-plated,1195.73,11.3361,,361.33,2625.4,81.591,281.293,63.7,70.0,13.02,14.6552,5232.209
Laser,Copper,Cu,Aluminum,Al,118.0,Tin-plated,2236.1,9.9382,,417.57,1969.9,104.152,274.287,57.5,28.8,22.25,21.4695,4790.864
Laser,Copper,Cu,Copper,Cu,141.4,Carbon-coated,2508.68,1.6645,,467.49,2332.5,11.497,297.638,76.5,48.5,18.42,218.1964,3973.126
Laser,Nickel,Ni,Copper,Cu,128.4,Tin-plated,1331.25,,,229.23,2600.4,109.383,,105.3,13.2,18.25,12.1705,2077.035
Laser,Nickel,Ni,Copper,Cu,239.1,Nickel-plated,2940.49,3.9973,,410.61,2729.1,119.304,176.839,73.1,35.0,7.7,24.647,5586.506
Laser,Nickel,Ni,Copper,Cu,231.2,Bare,738.9,,,217.6,1496.5,62.395,,109.3,57.2,10.72,11.8423,663.464
Laser,Copper,Cu,Copper,Cu,223.0,Bare,2729.01,7.3543,,569.51,2177.5,68.185,271.076,56.1,59.1,21.61,40.0237,5301.787
Laser,StainlessSteel,SS304,Nickel,Ni,45.3,Bare,2894.33,,,289.99,2226.4,115.909,,14.3,28.2,10.79,24.9707,3866.323
Laser,Aluminum,Al,Aluminum,Al,90.2,Bare,889.07,,,539.29,445.0,116.113,,2.9,74.7,23.12,7.657,237.384
Laser,Copper,Cu,Aluminum,Al,187.9,Bare,1166.14,,,574.05,1314.3,57.503,,27.3,26.0,18.75,20.2796,919.619
Laser,Nickel,Ni,Copper,Cu,218.5,Nickel-plated,933.12,7.5961,,887.67,1210.4,78.193,53.599,82.0,30.6,13.54,11.9336,874.765
Laser,Copper,Cu,Aluminum,Al,153.8,Bare,2714.09,7.0387,,397.83,269.7,80.797,172.121,76.0,30.7,13.46,33.5914,569.906
Laser,Copper,Cu,Aluminum,Al,113.4,Bare,1607.74,,,549.36,1542.5,53.722,,65.3,27.3,6.54,29.9269,1487.927
Laser,Copper,Cu,StainlessSteel,SS304,143.5,Bare,1218.44,10.244,,371.89,1725.2,69.832,163.35,102.7,22.6,11.19,17.4482,2416.021
Laser,Copper,Cu,StainlessSteel,SS304,55.7,Bare,1003.1,,,547.29,861.9,110.699,,106.0,34.5,20.18,9.0615,518.765
Laser,Aluminum,Al,Aluminum,Al,45.6,Tin-plated,1908.98,9.0944,,379.06,1001.9,38.633,200.188,43.9,55.7,16.41,49.4135,1877.189
Laser,Copper,Cu,Copper,Cu,190.2,Bare,405.31,7.7937,,711.01,260.5,16.587,37.452,51.4,79.8,14.98,24.4357,93.781
Laser,Nickel,Ni,Copper,Cu,141.1,Bare,2920.45,,,527.36,221.8,10.963,,89.9,78.2,13.75,266.399,388.665
Laser,StainlessSteel,SS304,Nickel,Ni,235.2,Bare,1442.6,9.2506,,260.5,803.3,25.62,296.563,83.8,54.7,8.56,56.3072,1576.896
Laser,Copper,Cu,Copper,Cu,145.6,Bare,1547.54,,,355.37,2383.9,76.474,,114.5,44.7,14.31,20.2362,2213.484
Laser,Copper,Cu,Aluminum,Al,184.1,Tin-plated,1940.8,1.6625,,457.66,625.7,101.117,160.562,54.3,33.0,17.03,19.1936,795.469
Laser,StainlessSteel,SS304,Nickel,Ni,79.4,Nickel-plated,2924.66,9.7795,,165.18,503.2,107.384,225.286,94.8,48.2,11.61,27.2356,1326.352
Laser,StainlessSteel,SS304,Nickel,Ni,157.0,Bare,1449.73,,,964.08,2502.0,97.11,,3.6,52.2,23.5,14.9288,2176.308
Laser,Nickel,Ni,Copper,Cu,45.5,Tin-plated,2367.38,9.8805,,475.48,2012.2,13.192,105.546,19.1,77.3,16.06,179.4584,3697.487
Laser,Aluminum,Al,Aluminum,Al,113.5,Tin-plated,2447.36,6.5288,,669.19,2368.4,97.204,99.231,87.4,70.2,6.99,25.1776,4091.535
Laser,StainlessSteel,SS304,Nickel,Ni,196.2,Oxide,214.0,6.3477,,893.4,419.4,18.872,199.035,96.8,56.9,5.18,11.3395,265.832
Laser,Copper,Cu,Copper,Cu,228.1,Carbon-coated,1272.61,7.7509,,731.11,553.3,73.779,272.99,69.8,10.2,21.53,17.2489,890.751
Laser,StainlessSteel,SS304,Nickel,Ni,204.6,Oxide,2750.32,1.2898,,288.99,1453.4,82.777,265.714,54.7,57.3,7.76,33.2255,2597.639
Laser,Aluminum,Al,Aluminum,Al,174.4,Nickel-plated,739.88,7.988,,815.55,2590.3,16.158,87.62,60.1,19.4,13.37,45.7906,1875.096
Laser,Aluminum,Al,Aluminum,Al,243.2,Nickel-plated,2336.03,6.8132,,638.49,1917.3,49.202,11.839,38.8,28.9,24.42,47.4784,2749.233
Laser,Aluminum,Al,Aluminum,Al,176.3,Oxide,2785.68,7.9059,,722.82,1271.4,81.563,27.05,89.7,41.3,13.46,34.1537,2233.755
Laser,Copper,Cu,Copper,Cu,203.9,Carbon-coated,1687.51,7.117,,854.37,2991.8,57.087,89.428,1.5,73.6,5.88,29.5603,3790.864
Laser,Nickel,Ni,Copper,Cu,207.3,Tin-plated,2429.36,3.5357,,151.25,2173.8,116.392,88.912,108.5,53.3,18.41,20.8722,3441.86
Laser,Copper,Cu,StainlessSteel,SS304,129.8,Tin-plated,1373.91,,,458.34,2320.8,78.876,,41.0,36.0,13.69,17.4186,1913.122
Laser,Copper,Cu,Copper,Cu,135.5,Bare,1145.17,9.1268,,355.11,1007.1,54.82,220.697,8.1,55.0,20.05,20.8896,1503.346
Laser,Aluminum,Al,Aluminum,Al,184.6,Bare,1982.11,,,958.16,2521.7,104.339,,105.9,39.8,18.76,18.9969,2998.947
Laser,Aluminum,Al,Aluminum,Al,213.8,Bare,2650.55,6.0926,,689.7,1652.4,39.079,163.174,106.7,25.4,8.28,67.8258,3284.876
Laser,Copper,Cu,Copper,Cu,206.7,Bare,357.27,1.8124,,337.22,2534.6,17.829,185.131,16.3,75.4,11.38,20.0391,883.483
Laser,Copper,Cu,Aluminum,Al,56.1,Nickel-plated,1991.4,2.7517,,981.94,1357.0,83.321,182.382,33.1,14.1,21.64,23.9004,1893.865
Laser,Copper,Cu,Copper,Cu,40.7,Nickel-plated,2516.71,,,584.58,491.2,104.245,,110.9,37.1,16.93,24.1424,741.793
Laser,Copper,Cu,Aluminum,Al,186.7,Nickel-plated,1623.63,4.4393,,601.37,805.1,63.046,126.948,53.7,46.2,15.83,25.7533,965.798
Laser,Copper,Cu,Aluminum,Al,85.8,Nickel-plated,856.13,5.5072,,368.74,2837.9,105.362,270.821,119.5,41.3,23.72,8.1256,3150.764
Laser,Copper,Cu,Aluminum,Al,248.7,Oxide,805.03,1.1614,,529.17,496.6,57.018,104.984,36.1,18.1,20.84,14.1189,264.081
Laser,Copper,Cu,StainlessSteel,SS304,229.4,Bare,2530.34,,,826.44,1846.9,40.487,,26.0,47.5,10.17,62.4971,2804.005
Laser,Copper,Cu,Aluminum,Al,101.7,Nickel-plated,669.48,10.9133,,350.44,689.0,98.178,128.411,48.4,39.4,18.07,6.819,663.0
Laser,Copper,Cu,Copper,Cu,212.5,Bare,2235.95,0.6718,,524.08,1174.6,86.554,89.973,19.0,71.7,6.23,25.8331,1604.157
Laser,Nickel,Ni,Copper,Cu,43.2,Bare,381.75,10.9303,,629.94,2293.7,16.298,153.409,29.7,51.9,20.91,23.4234,2063.83
Laser,StainlessSteel,SS304,Nickel,Ni,245.0,Bare,1697.73,,,512.06,1889.7,11.25,,71.4,15.1,20.58,150.9107,1924.936
Laser,Copper,Cu,Aluminum,Al,226.4,Oxide,426.02,,,231.61,1308.6,108.095,,97.5,46.6,10.47,3.9411,334.489
Laser,Copper,Cu,Aluminum,Al,65.9,Bare,1512.61,,,782.43,137.9,69.069,,9.8,52.7,22.66,21.9001,125.16
Laser,Copper,Cu,Copper,Cu,167.1,Nickel-plated,1850.34,11.9822,,199.91,2119.9,85.757,19.71,119.9,10.8,18.95,21.5767,2553.8
Laser,Copper,Cu,Copper,Cu,50.3,Bare,1418.57,7.7505,,374.37,2074.5,93.915,145.791,92.2,70.5,15.73,15.1048,2703.294
Laser,Copper,Cu,Aluminum,Al,220.0,Carbon-coated,1216.11,10.3862,,347.54,161.8,73.895,244.845,66.7,69.0,7.8,16.4574,282.646
Laser,Copper,Cu,Aluminum,Al,232.3,Nickel-plated,353.62,5.3027,,674.45,952.5,42.648,59.968,7.4,20.1,19.96,8.2916,323.261
Laser,Aluminum,Al,Aluminum,Al,86.3,Oxide,1663.25,4.3309,,384.99,406.1,5.481,127.566,24.3,58.6,5.92,303.4501,495.022
Laser,Copper,Cu,StainlessSteel,SS304,167.0,Oxide,1231.55,,,549.97,513.4,117.273,,103.1,17.2,11.61,10.5016,379.388
Laser,Aluminum,Al,Aluminum,Al,131.8,Carbon-coated,619.03,3.3129,,777.95,700.1,117.774,51.976,69.3,27.0,21.13,5.2561,308.241
Laser,Aluminum,Al,Aluminum,Al,125.1,Carbon-coated,218.17,5.2757,,737.17,706.9,27.687,85.118,52.7,50.3,7.48,7.8797,219.52
Laser,Aluminum,Al,Aluminum,Al,202.0,Bare,316.67,2.5713,,593.33,1646.1,103.661,223.055,-4.2,72.5,22.74,3.0549,690.408
Laser,Copper,Cu,Aluminum,Al,35.1,Nickel-plated,1964.1,2.924,,201.41,1544.6,46.538,15.646,102.7,62.4,19.81,42.2041,1848.502
Laser,Copper,Cu,Copper,Cu,196.3,Carbon-coated,2921.49,1.3785,,265.33,1151.2,119.266,67.41,77.9,39.3,17.95,24.4956,2060.655
Laser,Aluminum,Al,Aluminum,Al,96.2,Bare,999.67,4.8049,,582.93,1456.6,113.46,212.409,118.5,25.1,22.99,8.8108,1468.274
Laser,Copper,Cu,Copper,Cu,126.7,Nickel-plated,222.12,,,432.86,2435.9,8.568,,53.4,26.5,15.28,25.9254,324.647
Laser,Copper,Cu,Aluminum,Al,46.6,Bare,2391.9,9.6922,,734.74,1993.9,30.645,105.728,65.8,61.7,7.15,78.0507,3678.893
Laser,Copper,Cu,Copper,Cu,115.6,Oxide,643.89,,,280.21,1181.2,42.685,,73.9,65.4,10.98,15.0849,456.329
Laser,StainlessSteel,SS304,Nickel,Ni,119.7,Bare,2951.22,2.8325,,213.9,2077.3,72.63,26.496,16.7,29.6,9.65,40.6336,3740.684
Laser,StainlessSteel,SS304,Nickel,Ni,155.5,Oxide,1876.71,10.2474,,762.38,159.0,44.085,67.907,-4.2,61.0,8.25,42.5703,223.252
Laser,Copper,Cu,Copper,Cu,250.0,Bare,719.52,,,239.94,2118.2,63.288,,8.9,50.8,10.43,11.369,914.464
Laser,Nickel,Ni,Copper,Cu,112.9,Bare,2315.68,7.1427,,212.32,982.1,109.985,187.915,14.8,10.9,24.02,21.0545,1891.892
Laser,Copper,Cu,Copper,Cu,178.5,Oxide,2841.08,4.8498,,208.3,2291.1,107.302,19.005,58.7,53.0,18.22,26.4774,3989.996
Laser,Copper,Cu,Copper,Cu,68.4,Anodized,271.87,7.9418,,712.99,1271.3,94.695,294.652,2.9,51.7,18.78,2.871,1397.332
Laser,Aluminum,Al,Aluminum,Al,137.4,Oxide,686.6,6.1511,,884.39,2156.2,103.772,130.837,25.4,66.2,21.65,6.6165,1582.361
Laser,Copper,Cu,Copper,Cu,46.7,Carbon-coated,1052.4,9.3452,,634.5,926.3,63.935,295.178,112.6,60.1,5.15,16.4606,1606.925
Laser,Copper,Cu,StainlessSteel,SS304,87.5,Bare,2325.88,,,551.65,2441.7,8.789,,38.9,60.1,6.55,264.6375,3407.414
Laser,Copper,Cu,Aluminum,Al,80.2,Bare,1199.05,1.0642,,240.85,962.0,84.552,208.951,82.7,58.5,24.26,14.1813,777.704
Laser,Copper,Cu,Aluminum,Al,97.9,Tin-plated,1583.0,1.3205,,840.12,1656.1,41.192,102.065,48.2,62.6,22.24,38.4297,1662.26
Laser,Copper,Cu,Copper,Cu,105.7,Oxide,1309.48,4.3918,,186.14,1721.0,68.622,38.091,101.4,18.1,7.52,19.0825,1467.3
Laser,Aluminum,Al,Aluminum,Al,69.8,Bare,2628.84,1.2719,,961.74,625.2,24.538,202.126,49.8,56.1,8.74,107.1325,1050.346
Laser,StainlessSteel,SS304,Nickel,Ni,216.4,Oxide,409.3,1.3554,,843.57,867.9,110.326,214.31,74.8,49.2,10.55,3.7099,313.976
Laser,Copper,Cu,Aluminum,Al,38.0,Tin-plated,2149.1,10.1728,,732.42,1676.7,70.712,69.362,8.6,44.4,11.65,30.3923,2635.202
Laser,Copper,Cu,Copper,Cu,54.6,Nickel-plated,569.73,,,639.76,155.2,117.025,,114.9,35.4,7.94,4.8684,53.06
Laser,Copper,Cu,Copper,Cu,109.9,Bare,1146.19,4.9913,,885.21,1989.7,28.798,68.874,21.8,71.5,19.31,39.801,1641.956
Laser,Aluminum,Al,Aluminum,Al,244.6,Nickel-plated,2558.94,4.3142,,192.4,1913.7,43.866,78.585,97.5,20.5,5.96,58.3349,3197.765
Laser,Copper,Cu,Copper,Cu,109.6,Bare,483.3,,,173.51,1537.9,41.81,,117.4,76.9,8.65,11.5596,445.96
Laser,Copper,Cu,Copper,Cu,109.3,Bare,1654.64,11.595,,341.38,840.6,79.564,236.657,8.4,36.4,10.51,20.7963,1757.13
Laser,Copper,Cu,Aluminum,Al,109.4,Tin-plated,2861.67,1.0804,,798.36,2241.5,49.679,155.581,118.1,70.7,19.25,57.6036,3999.414
Laser,Copper,Cu,Copper,Cu,112.6,Bare,1733.13,7.2885,,800.79,1247.6,74.46,256.977,17.8,10.2,16.6,23.2761,2232.049
Laser,Copper,Cu,StainlessSteel,SS304,157.2,Bare,1492.14,1.4921,,285.57,2417.1,77.91,123.521,5.6,78.8,21.11,19.1521,2342.194
Laser,Copper,Cu,Aluminum,Al,248.2,Tin-plated,1168.17,10.0468,,816.9,2243.2,66.862,195.305,57.0,76.2,18.15,17.4714,3332.981
Laser,Copper,Cu,Copper,Cu,238.1,Anodized,283.65,3.6979,,401.05,2359.8,31.147,119.212,-9.5,69.2,5.69,9.1068,817.75
Laser,Aluminum,Al,Aluminum,Al,194.2,Bare,2819.7,3.8405,,451.86,1044.5,112.831,178.336,83.9,59.7,23.04,24.9904,2053.237
Laser,Copper,Cu,StainlessSteel,SS304,227.5,Anodized,1180.26,11.0417,,531.72,2923.0,59.104,49.217,-3.5,54.0,19.1,19.9691,2705.282
Laser,Nickel,Ni,Copper,Cu,239.9,Nickel-plated,2833.15,3.4638,,402.56,217.2,35.023,134.876,43.7,16.5,15.88,80.8937,409.852
Laser,Aluminum,Al,Aluminum,Al,54.7,Bare,668.74,,,321.83,1040.1,46.746,,44.4,40.8,12.99,14.306,417.335
Laser,Copper,Cu,Copper,Cu,71.0,Bare,1812.79,8.276,,360.23,254.3,39.404,37.902,86.6,41.5,4.59,46.0049,308.538
Laser,Copper,Cu,Aluminum,Al,152.0,Nickel-plated,1917.98,,,675.67,2551.1,29.298,,35.6,48.5,13.36,65.4646,2935.755
Laser,Copper,Cu,Copper,Cu,239.4,Bare,2024.83,9.8214,,951.16,1330.5,117.194,236.618,109.2,63.4,16.29,17.2775,2853.199
Laser,Nickel,Ni,Copper,Cu,135.5,Bare,1195.69,11.0917,,728.43,2701.9,24.501,26.811,43.1,76.0,15.66,48.8018,2259.8
Laser,Copper,Cu,StainlessSteel,SS304,246.5,Anodized,634.68,10.6561,,251.84,96.1,58.878,159.246,112.5,27.3,16.19,10.7795,101.784
Laser,Nickel,Ni,Copper,Cu,85.2,Nickel-plated,1102.54,11.1358,,610.28,83.1,43.36,262.017,33.5,68.3,22.02,25.4276,151.885
Laser,Aluminum,Al,Aluminum,Al,56.9,Oxide,1681.47,,,837.92,597.7,94.58,,5.3,63.4,20.62,17.7784,603.055
Laser,StainlessSteel,SS304,Nickel,Ni,33.3,Nickel-plated,241.92,6.9193,,165.78,713.7,82.136,162.915,100.5,33.7,8.61,2.9453,425.4
Laser,Copper,Cu,Aluminum,Al,61.3,Tin-plated,2622.18,6.0794,,539.47,101.3,19.147,39.449,50.3,38.1,5.37,136.9487,169.035
Laser,Copper,Cu,StainlessSteel,SS304,97.4,Carbon-coated,2579.05,3.9891,,828.71,2965.6,72.976,157.852,28.1,73.8,9.82,35.341,5336.001
Laser,Copper,Cu,Aluminum,Al,182.2,Tin-plated,1243.44,5.7574,,470.56,1844.4,61.964,57.415,29.7,18.2,19.65,20.0672,1619.948
Laser,Copper,Cu,Copper,Cu,241.9,Carbon-coated,320.09,8.1346,,497.71,1922.4,82.785,21.684,83.1,25.3,14.27,3.8666,504.837
Laser,Copper,Cu,Aluminum,Al,88.4,Tin-plated,258.96,,,277.77,1579.2,56.558,,116.8,74.7,10.47,4.5787,245.366
Laser,Copper,Cu,Aluminum,Al,48.9,Tin-plated,2811.3,5.8612,,728.6,1900.4,98.19,12.156,40.0,58.7,13.06,28.6312,3259.783
Laser,Copper,Cu,Copper,Cu,190.4,Bare,326.73,,,313.86,272.0,30.053,,87.4,40.9,9.24,10.8715,53.316
Laser,Nickel,Ni,Copper,Cu,207.1,Tin-plated,548.14,11.1323,,528.45,2996.5,17.495,59.467,77.6,60.1,7.0,31.331,1778.967
Laser,Copper,Cu,Aluminum,Al,191.3,Bare,2899.68,3.9417,,991.35,2390.8,112.15,271.787,105.2,62.5,9.89,25.8553,5184.103
Laser,Copper,Cu,Copper,Cu,160.3,Nickel-plated,1983.85,10.7009,,616.5,1659.0,7.166,87.875,41.5,47.4,8.86,276.8458,2598.796
Laser,Nickel,Ni,Copper,Cu,191.9,Carbon-coated,2725.53,8.2628,,912.5,1612.1,6.124,283.76,76.8,43.2,12.5,445.0592,4148.132
Laser,Copper,Cu,Aluminum,Al,91.9,Carbon-coated,716.83,2.7806,,178.89,552.9,65.589,210.82,87.6,57.0,20.94,10.9292,367.445
Laser,Copper,Cu,Aluminum,Al,213.6,Bare,2130.73,,,798.65,610.5,64.372,,18.3,66.6,15.84,33.1002,780.432
Laser,Copper,Cu,Copper,Cu,104.7,Tin-plated,2714.68,1.6986,,393.29,2228.4,65.336,33.463,86.8,10.5,4.07,41.5498,3680.274
Laser,Copper,Cu,Aluminum,Al,181.9,Nickel-plated,769.7,10.7014,,564.27,2197.8,31.895,56.796,84.3,23.8,21.01,24.1327,1549.299
Laser,Copper,Cu,Aluminum,Al,227.6,Tin-plated,2127.45,2.7211,,496.88,150.8,66.517,151.138,62.6,35.5,7.89,31.9836,217.337
Laser,Copper,Cu,Copper,Cu,134.2,Nickel-plated,632.71,2.2544,,732.85,1813.7,61.708,274.873,30.4,74.0,12.48,10.2533,1138.066
Laser,Copper,Cu,Copper,Cu,159.3,Nickel-plated,686.18,2.9682,,429.6,767.9,63.734,197.955,34.0,12.1,15.28,10.7663,496.607
Laser,Copper,Cu,Copper,Cu,152.4,Bare,714.74,5.3381,,654.53,2867.2,56.524,111.028,88.4,14.1,24.16,12.6448,1909.338
Laser,Aluminum,Al,Aluminum,Al,83.5,Anodized,1428.28,10.3738,,517.04,2451.9,77.719,34.794,66.7,61.0,7.66,18.3775,2455.251
Laser,Aluminum,Al,Aluminum,Al,248.5,Oxide,1747.11,0.8339,,748.19,1749.2,12.42,34.549,91.5,21.2,12.16,140.6744,1853.801
Laser,Copper,Cu,Copper,Cu,94.9,Bare,2619.12,,,258.94,1707.4,9.272,,105.4,10.1,24.68,282.4749,2683.185
Laser,Nickel,Ni,Copper,Cu,209.6,Nickel-plated,1392.04,,,260.44,2783.7,13.076,,32.9,23.0,24.48,106.4595,2324.989
Laser,Copper,Cu,StainlessSteel,SS304,196.8,Nickel-plated,1129.11,10.3738,,455.77,758.5,12.621,24.279,-6.7,39.1,17.65,89.4645,590.294
Laser,Copper,Cu,Copper,Cu,171.8,Anodized,2808.17,,,857.87,777.4,33.024,,43.7,48.4,12.72,85.0353,1309.912
Laser,Copper,Cu,Copper,Cu,78.7,Nickel-plated,1588.71,3.6083,,348.66,1710.4,65.327,108.368,101.9,29.1,14.11,24.3194,1897.952
Laser,Copper,Cu,StainlessSteel,SS304,183.5,Nickel-plated,2653.29,11.8779,,260.95,610.8,108.957,20.884,110.7,45.9,10.55,24.3518,1033.022
Laser,Copper,Cu,Copper,Cu,139.2,Bare,1542.29,,,649.56,1872.7,64.459,,35.7,69.3,6.53,23.9266,1732.904
Laser,Copper,Cu,Copper,Cu,30.7,Bare,783.3,9.5906,,767.3,910.7,23.613,297.923,41.7,17.6,19.14,33.1732,1468.807
Laser,Copper,Cu,Copper,Cu,126.1,Carbon-coated,226.9,,,162.9,990.5,89.082,,23.2,53.8,15.53,2.5471,134.851
Laser,StainlessSteel,SS304,Nickel,Ni,231.9,Bare,2231.06,1.3289,,408.39,1892.7,62.78,47.092,69.9,51.6,14.42,35.5375,2581.017
Laser,Copper,Cu,Aluminum,Al,109.0,Bare,1329.9,6.4486,,276.19,1126.4,56.556,71.535,37.7,30.4,22.63,23.5148,1106.656
Laser,Copper,Cu,Copper,Cu,194.6,Bare,366.09,6.4711,,963.11,2972.7,107.255,191.41,107.9,44.7,11.16,3.4133,2125.777
Laser,Copper,Cu,Copper,Cu,194.2,Carbon-coated,1342.46,4.3773,,524.43,2038.4,116.985,295.193,42.6,64.5,21.39,11.4754,2695.497
Laser,Aluminum,Al,Aluminum,Al,112.4,Nickel-plated,455.93,,,911.67,678.1,14.732,,11.4,30.4,18.75,30.9492,185.505
Laser,StainlessSteel,SS304,Nickel,Ni,103.1,Oxide,2398.87,,,303.56,612.1,49.218,,116.8,33.0,9.52,48.7395,880.989
Laser,Copper,Cu,Copper,Cu,208.8,Bare,2867.28,8.5688,,767.01,1162.6,72.664,257.934,103.2,48.3,18.79,39.4592,3028.027
Laser,Copper,Cu,Aluminum,Al,38.0,Bare,740.3,3.4172,,831.7,2816.1,117.83,40.536,88.5,46.2,17.43,6.2828,1406.908
Laser,StainlessSteel,SS304,Nickel,Ni,164.7,Oxide,2278.76,8.379,,952.19,2643.6,74.843,95.349,104.4,70.7,7.32,30.4473,4459.236
Laser,Copper,Cu,Copper,Cu,217.0,Bare,1898.64,4.3746,,874.15,2763.1,73.605,122.335,92.8,29.2,21.46,25.795,3739.177
Laser,Copper,Cu,Aluminum,Al,170.9,Carbon-coated,2617.85,8.2997,,819.38,1354.1,117.149,41.656,112.0,14.0,11.32,22.3464,2314.126
Laser,Copper,Cu,Copper,Cu,113.5,Nickel-plated,1824.03,11.4451,,661.26,645.1,84.718,88.68,53.1,43.8,11.59,21.5306,967.899
Laser,Copper,Cu,Aluminum,Al,102.3,Nickel-plated,2465.36,8.1722,,607.38,1834.1,8.462,277.549,66.6,43.0,24.62,291.3311,4377.141
Laser,Copper,Cu,Aluminum,Al,233.7,Nickel-plated,1846.42,8.2311,,379.11,872.5,51.423,122.196,107.3,24.2,11.92,35.9061,1317.697
Laser,Nickel,Ni,Copper,Cu,116.0,Oxide,1541.0,11.4678,,738.8,1716.3,53.746,45.439,55.8,79.3,14.91,28.6721,1944.616
Laser,Copper,Cu,Copper,Cu,164.2,Tin-plated,929.15,4.6027,,767.39,1401.2,37.066,89.081,84.2,53.6,20.59,25.0673,1010.979
Laser,Nickel,Ni,Copper,Cu,131.2,Tin-plated,976.34,7.5183,,941.84,986.9,11.304,187.176,-2.1,33.4,15.54,86.3754,1133.696
Laser,Copper,Cu,Copper,Cu,152.9,Carbon-coated,1358.93,10.8871,,699.72,1847.5,114.209,172.35,48.3,21.8,8.8,11.8987,2892.984
Laser,Copper,Cu,Aluminum,Al,108.8,Bare,2082.57,11.8275,,956.29,2417.9,29.782,124.17,-9.9,60.4,16.09,69.928,4441.582
Laser,StainlessSteel,SS304,Nickel,Ni,199.7,Oxide,2480.52,,,206.99,2948.1,15.579,,120.0,43.5,21.01,159.2232,4387.771
Laser,Nickel,Ni,Copper,Cu,217.2,Nickel-plated,850.81,6.596,,947.69,1707.0,31.043,80.119,85.0,61.4,12.48,27.4073,1232.268
Laser,Aluminum,Al,Aluminum,Al,165.3,Nickel-plated,908.02,6.0435,,415.88,2437.0,50.598,18.791,6.9,57.9,4.57,17.9457,1438.426
Laser,Nickel,Ni,Copper,Cu,86.5,Nickel-plated,488.92,10.8986,,870.67,1422.0,17.528,199.123,114.2,27.4,11.07,27.8939,1651.514
Laser,StainlessSteel,SS304,Nickel,Ni,231.9,Bare,265.99,3.2547,,172.0,530.6,82.523,121.743,70.0,72.8,4.19,3.2232,168.763
Laser,Nickel,Ni,Copper,Cu,38.7,Carbon-coated,2654.35,9.7513,,381.53,2367.6,26.637,14.228,45.4,39.3,16.62,99.6509,3902.1
Laser,StainlessSteel,SS304,Nickel,Ni,181.7,Tin-plated,1384.83,2.4248,,929.61,2544.5,52.983,140.229,72.8,32.9,7.05,26.1374,2460.345
Laser,Copper,Cu,Aluminum,Al,79.8,Oxide,2556.01,3.5059,,530.59,506.3,40.732,240.992,100.5,66.3,13.15,62.7519,947.629
Laser,Copper,Cu,Copper,Cu,237.8,Carbon-coated,2759.01,1.1578,,604.44,206.5,93.703,72.004,102.9,60.2,21.67,29.4443,348.721
Laser,Copper,Cu,Aluminum,Al,84.1,Bare,2513.88,8.5332,,389.23,1921.9,29.374,270.272,104.2,44.1,12.57,85.5808,4671.805
Laser,Copper,Cu,Copper,Cu,197.4,Nickel-plated,1351.81,1.0009,,951.93,1335.0,82.673,263.08,75.7,14.3,19.49,16.3513,1223.407
Laser,Copper,Cu,Aluminum,Al,162.4,Carbon-coated,2516.59,,,372.83,1052.0,117.939,,81.7,45.7,18.27,21.338,1588.427
Laser,Copper,Cu,Aluminum,Al,212.5,Nickel-plated,2457.09,,,221.96,1514.7,79.35,,115.3,40.1,22.13,30.9653,2233.043
Laser,Aluminum,Al,Aluminum,Al,186.6,Oxide,885.62,3.5692,,889.03,2335.1,92.94,35.581,119.9,29.9,21.78,9.5289,1359.438
Laser,Nickel,Ni,Copper,Cu,60.5,Bare,2080.54,,,216.37,844.8,41.256,,104.0,71.9,19.92,50.4301,1054.624
Laser,Copper,Cu,Aluminum,Al,53.9,Tin-plated,1176.58,4.2071,,347.23,694.6,73.065,239.295,76.0,55.1,20.43,16.1032,770.115
Laser,Nickel,Ni,Copper,Cu,161.1,Bare,2323.66,0.5956,,290.17,2079.5,67.911,179.493,30.2,77.6,22.73,34.2164,2988.113
Laser,Aluminum,Al,Aluminum,Al,233.5,Anodized,880.22,0.7129,,795.16,1059.7,106.259,21.004,4.0,34.8,15.76,8.2837,566.008
Laser,Aluminum,Al,Aluminum,Al,167.0,Oxide,2702.1,4.4158,,993.79,2318.5,83.356,279.254,17.2,23.0,6.99,32.4164,4902.435
Laser,StainlessSteel,SS304,Nickel,Ni,114.6,Bare,1729.82,3.2182,,395.89,2953.4,30.259,178.331,29.2,44.8,23.41,57.1679,3743.312
Laser,Copper,Cu,Aluminum,Al,141.0,Bare,1431.69,10.3223,,630.99,2366.4,110.93,206.867,35.6,78.0,13.34,12.9063,4053.975
Laser,Aluminum,Al,Aluminum,Al,128.1,Bare,399.32,7.8639,,728.35,1324.9,74.289,258.59,97.9,27.0,18.32,5.3752,1395.107
Laser,Aluminum,Al,Aluminum,Al,213.2,Tin-plated,1374.75,5.826,,925.37,2052.8,81.971,269.828,72.6,61.2,11.17,16.7712,2984.068
Laser,StainlessSteel,SS304,Nickel,Ni,108.5,Nickel-plated,2425.07,6.0334,,713.56,144.0,68.499,266.96,94.9,45.5,10.89,35.403,302.301
Laser,Nickel,Ni,Copper,Cu,40.3,Nickel-plated,1826.84,,,363.69,2486.4,77.771,,93.1,51.0,10.04,23.4901,2725.301
Laser,Copper,Cu,Copper,Cu,168.4,Bare,952.96,6.0119,,704.81,744.8,83.438,273.588,11.8,20.4,22.82,11.4213,915.883
Laser,Copper,Cu,Copper,Cu,73.1,Bare,1909.19,9.7434,,256.53,262.4,116.596,83.276,-1.2,14.1,23.11,16.3744,385.809
Laser,Copper,Cu,StainlessSteel,SS304,175.7,Bare,281.73,4.3632,,990.35,698.6,84.854,116.334,91.0,37.5,5.39,3.3202,259.943
Laser,Copper,Cu,Aluminum,Al,226.9,Tin-plated,214.46,,,338.03,286.2,89.699,,3.8,57.9,4.24,2.3909,36.822
Laser,Copper,Cu,Copper,Cu,214.6,Nickel-plated,2267.37,11.4131,,170.57,2148.5,105.772,169.454,63.9,13.3,5.46,21.4363,4584.84
Laser,Copper,Cu,Aluminum,Al,138.0,Bare,1041.95,1.7419,,822.12,793.8,101.229,120.426,76.2,16.7,21.88,10.293,562.863
Laser,Copper,Cu,Aluminum,Al,129.7,Nickel-plated,402.72,2.2669,,578.22,397.7,19.059,186.342,73.7,44.4,16.99,21.1306,163.313
Laser,Copper,Cu,Aluminum,Al,40.2,Bare,370.67,10.4908,,431.39,1202.6,44.657,134.283,112.7,47.3,6.0,8.3003,945.104
Laser,Copper,Cu,Aluminum,Al,225.0,Oxide,1959.61,8.8438,,565.82,994.6,105.129,91.057,37.4,51.5,8.72,18.6401,1489.777
Laser,Copper,Cu,Copper,Cu,197.4,Tin-plated,1952.28,6.6632,,417.32,2827.6,90.363,257.4,116.5,67.3,16.26,21.6049,5252.1
Laser,Copper,Cu,Copper,Cu,77.1,Bare,938.47,,,871.36,563.6,99.05,,-9.4,32.1,8.45,9.4747,317.345
Laser,Copper,Cu,Copper,Cu,104.3,Nickel-plated,2184.93,,,225.96,2424.6,75.847,,113.9,42.8,8.25,28.8069,3178.521
Laser,Copper,Cu,Aluminum,Al,217.8,Bare,766.5,1.4409,,298.99,2437.1,27.133,242.437,34.4,17.3,24.71,28.25,1461.382
Laser,Copper,Cu,Copper,Cu,198.7,Bare,2770.47,,,990.68,2921.4,68.64,,22.3,12.0,23.87,40.3624,4856.259
Laser,StainlessSteel,SS304,Nickel,Ni,182.8,Bare,1605.93,5.0146,,854.59,2121.2,39.797,102.382,57.0,40.0,20.21,40.3527,2479.462
Laser,Copper,Cu,Aluminum,Al,53.5,Nickel-plated,1781.07,,,891.27,2895.4,108.498,,2.1,19.3,6.22,16.4156,3094.178
Laser,StainlessSteel,SS304,Nickel,Ni,58.3,Bare,1555.18,5.6432,,485.7,1382.2,100.234,11.905,116.6,73.9,23.57,15.5155,1326.908
Laser,Copper,Cu,Aluminum,Al,212.9,Bare,858.64,7.0036,,546.62,2527.7,105.61,65.515,25.6,79.4,13.93,8.1303,1766.177
Laser,Nickel,Ni,Copper,Cu,113.6,Nickel-plated,2145.26,10.0237,,479.82,2443.2,87.507,118.439,31.3,41.1,15.96,24.5154,4304.938
Laser,Copper,Cu,Copper,Cu,173.2,Tin-plated,284.37,,,450.0,2187.3,35.479,,84.3,78.2,19.53,8.0151,373.197
Laser,Copper,Cu,Copper,Cu,46.9,Tin-plated,1938.76,2.981,,702.93,2198.8,113.788,74.843,47.2,55.2,20.12,17.0384,2753.949
Laser,Copper,Cu,Aluminum,Al,46.6,Bare,1998.84,10.3585,,811.11,1066.5,117.317,76.73,33.8,51.4,17.41,17.038,1618.091
Laser,Copper,Cu,Copper,Cu,180.3,Nickel-plated,2724.24,,,582.53,596.3,6.99,,6.3,63.0,24.42,389.7075,974.669
Laser,Copper,Cu,Aluminum,Al,212.2,Carbon-coated,2804.34,6.4549,,320.03,1086.5,66.542,86.287,43.1,13.7,4.56,42.1441,2070.231
Laser,Copper,Cu,Copper,Cu,43.5,Anodized,1440.19,,,391.72,2283.8,77.335,,22.5,40.5,14.97,18.6229,1973.449
Laser,StainlessSteel,SS304,Nickel,Ni,132.0,Bare,1574.16,6.1974,,694.24,110.7,38.376,47.84,23.9,59.3,20.82,41.019,117.729
Laser,Copper,Cu,Aluminum,Al,35.3,Tin-plated,1834.36,8.6309,,415.34,1290.8,43.594,21.749,84.8,46.6,17.41,42.0784,1517.649
Laser,Aluminum,Al,Aluminum,Al,229.3,Bare,724.29,,,865.17,435.4,64.939,,39.1,40.7,22.09,11.1533,189.201
Laser,Nickel,Ni,Copper,Cu,86.3,Bare,2627.98,4.3565,,803.78,2764.1,34.016,62.81,42.3,28.6,13.29,77.2581,4660.911
Laser,Aluminum,Al,Aluminum,Al,236.8,Bare,386.29,8.377,,620.37,1411.1,47.631,51.639,42.1,65.9,16.45,8.1099,571.202
Laser,Copper,Cu,Aluminum,Al,102.0,Tin-plated,2676.92,0.9051,,415.54,1030.9,34.879,130.636,-6.2,53.8,11.44,76.7489,1704.618
Laser,Nickel,Ni,Copper,Cu,56.2,Nickel-plated,1700.17,2.4469,,814.13,1082.9,32.01,276.02,19.4,56.7,4.98,53.113,1397.272
Laser,Nickel,Ni,Copper,Cu,196.5,Nickel-plated,243.3,1.6515,,855.26,1125.5,26.735,132.936,27.3,76.7,12.12,9.1007,263.148
Laser,Copper,Cu,Copper,Cu,198.4,Tin-plated,479.49,7.8342,,217.57,1414.3,82.462,207.349,24.1,17.2,4.68,5.8146,1325.851
Laser,Copper,Cu,Aluminum,Al,207.1,Nickel-plated,2953.09,5.908,,526.08,2038.9,86.654,49.284,96.5,26.5,9.92,34.0793,3850.085
Laser,Copper,Cu,Copper,Cu,249.0,Bare,212.59,6.0545,,364.55,2059.4,72.924,273.916,31.8,55.3,21.51,2.9152,1628.802
Laser,Copper,Cu,Copper,Cu,243.6,Tin-plated,647.93,10.0062,,799.27,181.9,70.11,185.456,15.0,65.5,16.5,9.2416,205.777
Laser,Aluminum,Al,Aluminum,Al,83.9,Nickel-plated,2500.0,,,595.98,1687.5,78.595,,-5.7,58.6,10.76,31.8086,2531.302
Laser,Copper,Cu,Copper,Cu,69.3,Nickel-plated,1752.39,1.7934,,618.95,1654.1,46.981,162.447,104.2,32.4,24.74,37.2996,1931.891
Laser,Copper,Cu,Aluminum,Al,72.9,Nickel-plated,1312.42,8.8049,,281.4,1463.2,65.248,255.634,-10.0,33.3,15.47,20.1145,2469.622
Laser,Copper,Cu,StainlessSteel,SS304,246.7,Nickel-plated,1387.49,8.6082,,953.05,2821.6,89.863,145.539,-8.7,14.9,22.89,15.44,3763.003
Laser,Copper,Cu,Copper,Cu,245.1,Bare,1771.66,1.8719,,676.7,2523.3,56.214,222.818,25.0,34.4,16.15,31.5162,3103.178
Laser,Aluminum,Al,Aluminum,Al,235.1,Tin-plated,1129.97,8.5605,,625.53,751.2,93.425,123.228,67.3,69.4,12.59,12.095,826.327
Laser,Copper,Cu,Aluminum,Al,89.3,Bare,348.45,3.1812,,595.8,2332.9,21.191,115.34,60.3,55.1,16.79,16.4427,830.132
Laser,Aluminum,Al,Aluminum,Al,78.6,Nickel-plated,1643.79,7.3585,,966.02,2668.1,75.033,111.542,9.3,46.1,8.53,21.9077,3507.429
Laser,Nickel,Ni,Copper,Cu,159.1,Bare,1884.06,,,879.54,2943.1,92.17,,-7.6,54.5,19.11,20.4413,3326.977
Laser,Nickel,Ni,Copper,Cu,168.0,Bare,1499.76,8.4008,,873.19,1548.7,94.786,89.703,45.7,49.6,4.89,15.8226,1860.4
Laser,Copper,Cu,Copper,Cu,240.8,Nickel-plated,982.78,,,379.88,937.5,95.068,,-0.8,76.7,7.4,10.3376,552.818
Laser,Aluminum,Al,Aluminum,Al,70.4,Carbon-coated,1313.93,,,569.26,2528.9,89.527,,64.9,22.2,14.85,14.6763,1993.646
Laser,Copper,Cu,Copper,Cu,35.0,Nickel-plated,1795.57,,,708.96,2599.0,62.24,,-2.7,54.6,4.43,28.8491,2799.992
Laser,Nickel,Ni,Copper,Cu,165.7,Bare,2732.99,0.6841,,378.25,2626.1,92.329,209.396,79.1,56.0,24.88,29.6005,4456.688
Laser,Aluminum,Al,Aluminum,Al,173.7,Bare,1264.5,7.8881,,817.01,2126.0,22.52,208.234,-9.8,33.8,20.39,56.151,3009.796
Laser,Copper,Cu,Copper,Cu,155.9,Bare,1455.72,,,193.02,2098.5,20.983,,116.5,34.1,22.82,69.3771,1832.912
Laser,Aluminum,Al,Aluminum,Al,65.1,Bare,1008.77,,,952.34,2860.3,49.429,,51.5,43.9,14.06,20.4084,1731.228
Laser,Nickel,Ni,Copper,Cu,36.5,Nickel-plated,2088.1,3.4976,,683.42,2087.8,9.25,143.459,7.2,47.6,22.03,225.7489,3034.811
Laser,Copper,Cu,Aluminum,Al,59.6,Tin-plated,243.15,,,538.18,1712.8,94.813,,96.6,72.3,7.29,2.5645,249.883
Laser,Aluminum,Al,Aluminum,Al,173.5,Bare,1544.49,,,444.99,1375.5,44.586,,46.3,48.9,14.53,34.641,1274.673
Laser,Nickel,Ni,Copper,Cu,148.9,Bare,2334.17,2.3465,,893.57,2904.8,35.748,126.248,32.1,36.9,24.09,65.2954,4412.456
Laser,Copper,Cu,Copper,Cu,105.5,Bare,1153.6,4.4498,,690.12,892.9,33.673,179.64,-4.2,13.8,17.46,34.2594,903.488
Laser,Nickel,Ni,Copper,Cu,56.0,Tin-plated,1121.03,0.8683,,434.63,675.4,90.697,184.974,49.2,30.1,11.81,12.3602,497.698
Laser,Copper,Cu,Copper,Cu,56.5,Nickel-plated,2649.12,2.297,,948.33,1077.4,80.32,176.711,3.6,37.6,13.26,32.9821,1887.345
Laser,Copper,Cu,Copper,Cu,46.8,Tin-plated,2893.01,10.3847,,470.81,307.0,58.132,217.01,111.0,20.6,13.67,49.7661,809.656
Laser,Copper,Cu,Aluminum,Al,41.4,Bare,207.07,1.5526,,731.78,1028.9,73.21,84.905,112.3,23.6,17.1,2.8285,182.092
Laser,Nickel,Ni,Copper,Cu,243.2,Bare,2152.28,,,505.23,1767.8,64.43,,22.9,52.3,14.08,33.4051,2282.871
Laser,Aluminum,Al,Aluminum,Al,135.7,Nickel-plated,2236.09,1.343,,689.31,214.5,65.203,189.31,81.1,46.9,10.45,34.2942,309.602
Laser,Copper,Cu,Copper,Cu,191.9,Tin-plated,1099.6,4.6979,,566.58,445.8,81.274,212.105,80.3,68.6,4.58,13.5296,471.793
Laser,StainlessSteel,SS304,Nickel,Ni,234.5,Carbon-coated,1705.71,4.7422,,229.96,1353.4,116.381,262.581,119.3,47.2,17.04,14.6563,2059.188
Laser,Copper,Cu,Aluminum,Al,83.2,Oxide,1656.61,,,242.75,1078.2,84.326,,19.5,44.7,6.29,19.6454,1071.724
Laser,Aluminum,Al,Aluminum,Al,187.7,Bare,2140.5,4.1034,,929.5,2260.0,11.416,154.983,118.6,32.9,21.03,187.4941,3477.383
Laser,Copper,Cu,StainlessSteel,SS304,199.7,Bare,992.38,6.1515,,324.7,2473.8,19.439,25.866,95.4,42.6,23.12,51.05,1630.402
Laser,Copper,Cu,Aluminum,Al,193.6,Bare,2387.29,,,382.73,1194.2,103.113,,114.4,19.1,11.99,23.1521,1710.566
Laser,Copper,Cu,Aluminum,Al,242.6,Tin-plated,782.57,5.0802,,833.99,1224.3,88.325,61.976,-9.7,55.5,24.38,8.8601,729.067
Laser,Copper,Cu,Aluminum,Al,50.8,Tin-plated,953.15,,,876.29,2196.2,78.58,,95.5,33.2,22.39,12.1297,1255.996
Laser,Copper,Cu,Copper,Cu,141.6,Bare,2424.0,7.7486,,848.65,1122.8,40.879,227.838,15.7,36.7,19.33,59.297,2425.903
Laser,Nickel,Ni,Copper,Cu,67.1,Bare,2227.97,9.2606,,967.02,2449.1,46.422,269.512,75.2,20.8,10.71,47.9936,5719.048
Laser,Copper,Cu,Aluminum,Al,146.8,Nickel-plated,2567.8,0.8148,,628.05,840.5,23.99,118.474,-9.4,35.6,13.94,107.0362,1327.357
Laser,Copper,Cu,StainlessSteel,SS304,239.0,Nickel-plated,1852.19,10.6423,,811.22,2321.9,12.28,187.632,19.3,33.4,14.69,150.8264,4434.952
Laser,Aluminum,Al,Aluminum,Al,222.3,Tin-plated,2885.22,,,152.8,2530.7,99.946,,65.4,13.0,14.25,28.8678,4380.945
Laser,Aluminum,Al,Aluminum,Al,30.2,Tin-plated,905.23,9.7647,,500.52,1142.3,106.715,14.501,6.4,54.1,4.21,8.4827,685.124
Laser,Nickel,Ni,Copper,Cu,164.6,Anodized,1313.63,10.438,,755.69,1220.9,66.514,227.131,32.0,51.7,4.82,19.7495,2120.032
Laser,Copper,Cu,Copper,Cu,34.0,Bare,1807.63,,,548.93,2488.5,104.751,,13.6,27.6,18.49,17.2564,2698.992
Laser,Aluminum,Al,Aluminum,Al,104.8,Bare,2448.16,0.9732,,615.45,2947.0,102.19,252.538,22.0,63.1,18.1,23.9569,4618.594
Laser,Aluminum,Al,Aluminum,Al,179.5,Carbon-coated,954.79,4.2267,,372.06,438.2,87.314,49.546,18.1,48.8,19.97,10.9352,287.756
Laser,Copper,Cu,Copper,Cu,182.1,Oxide,276.24,,,295.6,1370.4,26.928,,21.2,20.4,5.17,10.2584,227.136
Laser,Copper,Cu,Copper,Cu,171.0,Oxide,2199.61,4.1435,,690.79,729.2,31.834,120.383,76.1,33.3,15.91,69.0972,1107.937
Laser,Nickel,Ni,Copper,Cu,183.2,Bare,2439.57,11.6115,,887.97,2703.9,37.876,259.523,66.5,72.6,19.44,64.4096,7216.932
Laser,StainlessSteel,SS304,Nickel,Ni,90.5,Nickel-plated,1501.82,,,351.86,1206.7,73.703,,18.0,14.8,4.01,20.3767,1087.374
Laser,Copper,Cu,Aluminum,Al,243.3,Nickel-plated,658.82,,,318.14,2250.4,12.919,,14.4,18.5,21.63,50.997,889.558
Laser,Copper,Cu,Copper,Cu,149.9,Nickel-plated,1473.67,2.6532,,204.42,2236.7,67.548,155.711,31.8,51.9,13.46,21.8168,2347.294
Laser,Copper,Cu,Aluminum,Al,238.2,Oxide,2218.02,,,300.11,1525.3,14.512,,11.5,79.4,8.13,152.8384,2029.889
Laser,Nickel,Ni,Copper,Cu,136.8,Bare,2175.07,8.7415,,386.22,2463.7,110.728,37.81,119.3,36.9,16.2,19.6434,3540.922
Laser,Nickel,Ni,Copper,Cu,247.2,Bare,1439.77,2.958,,919.3,2012.8,8.023,214.807,110.2,23.0,11.76,179.4662,2250.308
Laser,Nickel,Ni,Copper,Cu,182.7,Nickel-plated,1999.62,,,880.21,383.2,57.794,,26.3,73.6,7.97,34.599,459.71
Laser,Aluminum,Al,Aluminum,Al,75.6,Nickel-plated,2841.17,,,835.63,1891.2,46.999,,105.0,70.5,14.68,60.4513,3223.942
Laser,Nickel,Ni,Copper,Cu,193.8,Bare,1797.07,9.78,,341.25,2113.0,11.808,148.33,89.1,50.6,14.13,152.197,3504.391
Laser,Copper,Cu,Aluminum,Al,153.1,Oxide,1420.05,8.3027,,761.23,1533.7,98.54,92.687,-8.2,43.7,5.47,14.4109,1778.888
Laser,Copper,Cu,Copper,Cu,84.9,Bare,2634.43,1.982,,539.36,1932.2,9.754,253.13,70.6,28.8,17.57,270.085,3441.855
Laser,StainlessSteel,SS304,Nickel,Ni,210.1,Tin-plated,2444.94,9.6334,,202.78,829.3,81.819,226.339,-9.9,22.1,11.75,29.8823,1939.922
Laser,Nickel,Ni,Copper,Cu,96.7,Bare,1342.84,7.9094,,375.51,1952.3,53.401,175.185,86.1,22.5,12.88,25.1462,2655.05
Laser,Nickel,Ni,Copper,Cu,84.6,Nickel-plated,2555.83,8.6957,,422.14,1008.5,101.875,16.804,42.3,43.9,9.6,25.0879,1605.45
Laser,Aluminum,Al,Aluminum,Al,44.8,Anodized,364.24,,,857.51,2689.4,81.561,,8.2,38.6,10.27,4.4658,587.757
Laser,Nickel,Ni,Copper,Cu,71.8,Bare,1138.42,10.9601,,909.27,1263.2,101.981,189.538,105.7,59.8,16.78,11.1631,1912.506
Laser,Aluminum,Al,Aluminum,Al,71.0,Anodized,2607.75,6.7687,,522.57,1780.1,51.213,27.904,113.3,62.3,7.43,50.9197,2919.659
Laser,Nickel,Ni,Copper,Cu,168.0,Oxide,2951.46,0.8616,,181.16,1407.6,89.761,30.064,26.6,45.4,4.78,32.8813,2507.268
Laser,Copper,Cu,StainlessSteel,SS304,32.0,Bare,2838.85,8.7109,,171.69,2229.7,17.05,199.344,116.1,46.7,17.44,166.4984,5346.655
Laser,Copper,Cu,Copper,Cu,189.1,Nickel-plated,2125.6,,,297.04,2426.5,89.176,,-2.9,77.8,18.67,23.836,3094.693
Laser,Copper,Cu,Aluminum,Al,121.1,Bare,564.26,,,732.3,168.3,11.785,,17.0,59.9,9.56,47.881,56.978
Laser,Copper,Cu,Copper,Cu,77.7,Bare,1475.99,5.3956,,454.06,1191.8,41.397,290.333,35.2,65.0,14.97,35.6543,1802.177
Laser,Copper,Cu,Copper,Cu,45.8,Nickel-plated,537.23,8.3495,,811.67,2797.4,87.728,28.862,57.9,34.2,15.9,6.1238,1171.373
Laser,Copper,Cu,Copper,Cu,47.4,Tin-plated,2229.74,,,673.89,805.4,102.298,,115.4,18.6,7.66,21.7965,1077.448
Laser,Copper,Cu,Copper,Cu,242.0,Bare,2153.03,1.8092,,572.26,2843.8,62.374,212.642,3.7,70.0,9.35,34.5179,4111.293
Laser,Copper,Cu,Copper,Cu,100.8,Bare,1057.31,0.632,,761.33,2255.5,98.574,160.093,8.9,40.7,17.61,10.7261,1522.119
Laser,Copper,Cu,Aluminum,Al,198.5,Bare,309.13,7.9967,,814.82,2772.1,82.298,176.777,77.7,19.0,8.93,3.7563,2081.682
Laser,Copper,Cu,Aluminum,Al,214.2,Oxide,1866.23,,,882.22,387.1,83.546,,2.8,64.1,4.54,22.3378,433.426
Laser,Aluminum,Al,Aluminum,Al,175.6,Oxide,1645.77,,,435.12,2701.0,56.458,,119.2,51.1,17.5,29.1502,2667.101
Laser,StainlessSteel,SS304,Nickel,Ni,88.2,Bare,2498.32,5.9588,,753.36,1307.8,22.095,164.438,70.9,66.0,18.86,113.0735,2472.959
Laser,StainlessSteel,SS304,Nickel,Ni,150.7,Oxide,396.2,,,744.01,1718.3,93.083,,99.2,72.6,4.79,4.2564,408.471
Laser,Aluminum,Al,Aluminum,Al,138.4,Nickel-plated,2057.02,0.4353,,264.54,1547.4,57.384,210.438,14.6,61.5,14.85,35.8463,1966.543
Laser,Copper,Cu,Aluminum,Al,48.3,Tin-plated,734.79,2.4696,,721.06,2980.4,92.627,172.959,93.0,54.3,22.61,7.9328,1823.213
Laser,Nickel,Ni,Copper,Cu,66.1,Bare,2767.74,,,727.33,2903.1,72.808,,97.7,37.1,21.35,38.0145,4821.059
Laser,Aluminum,Al,Aluminum,Al,153.7,Oxide,1385.16,,,621.48,307.9,17.691,,42.2,71.7,23.97,78.2981,255.923
Laser,Copper,Cu,Copper,Cu,174.8,Tin-plated,1295.02,6.5321,,833.65,2284.4,60.592,76.273,-6.5,49.8,24.99,21.3729,2230.229
Laser,Copper,Cu,Aluminum,Al,116.0,Tin-plated,1581.03,6.5031,,181.38,2162.2,5.988,17.688,74.3,34.3,17.5,264.0539,2150.607
Laser,Copper,Cu,Copper,Cu,39.5,Tin-plated,334.28,,,448.76,2296.8,86.616,,69.1,48.4,7.92,3.8593,460.664
Laser,Nickel,Ni,Copper,Cu,206.0,Nickel-plated,2369.54,4.9523,,744.29,820.7,102.086,117.823,46.0,30.6,19.72,23.2113,1358.334
Laser,Aluminum,Al,Aluminum,Al,126.8,Bare,1964.97,10.5774,,569.32,2699.9,17.599,71.043,66.0,77.8,6.47,111.6511,3994.616
Laser,Copper,Cu,Copper,Cu,129.0,Bare,2147.5,4.2609,,739.14,2312.1,117.02,16.754,7.4,76.2,21.5,18.3517,3045.214
Laser,Copper,Cu,Copper,Cu,171.2,Bare,1130.73,1.9344,,423.91,1951.6,56.264,61.435,14.5,44.6,22.36,20.0969,1416.842
Laser,Copper,Cu,Copper,Cu,73.5,Nickel-plated,1587.97,4.9894,,875.41,1354.2,68.85,285.94,62.7,12.5,8.47,23.0642,2063.057
Laser,Nickel,Ni,Copper,Cu,86.9,Tin-plated,996.47,1.614,,613.84,453.1,73.823,26.449,-0.2,32.1,24.55,13.4982,278.612
Laser,Aluminum,Al,Aluminum,Al,218.4,Bare,601.26,,,368.52,1533.2,104.525,,17.0,47.8,9.23,5.7523,553.109
Laser,Aluminum,Al,Aluminum,Al,35.4,Nickel-plated,1656.72,,,488.8,1093.0,97.764,,-8.7,58.0,14.27,16.9461,1086.438
Laser,Copper,Cu,Aluminum,Al,227.1,Bare,1851.95,,,759.89,2133.0,90.658,,41.5,31.9,8.69,20.4277,2370.088
Laser,Copper,Cu,Aluminum,Al,132.6,Oxide,1408.28,10.3436,,765.54,842.3,7.145,20.905,6.3,21.8,13.32,197.0933,784.543
Laser,Aluminum,Al,Aluminum,Al,204.9,Bare,597.92,6.6748,,917.74,1614.7,15.467,244.407,58.0,31.2,10.95,38.6573,1632.928
Laser,Copper,Cu,Aluminum,Al,177.1,Nickel-plated,732.54,3.106,,524.76,237.0,74.746,95.27,106.7,69.5,9.76,9.8004,132.222
Laser,Copper,Cu,Aluminum,Al,187.5,Bare,1435.27,7.5976,,585.28,2324.9,31.662,255.252,29.5,25.7,18.19,45.3303,3805.508
Laser,Copper,Cu,Copper,Cu,127.4,Tin-plated,2202.91,0.5511,,654.59,580.2,80.201,92.798,86.0,52.2,6.2,27.4673,778.719
Laser,Copper,Cu,Aluminum,Al,74.6,Bare,419.58,,,244.66,2930.7,12.98,,93.5,21.0,23.96,32.3249,737.793
Laser,Copper,Cu,Aluminum,Al,234.9,Nickel-plated,1258.66,7.6115,,286.06,2627.4,107.598,155.591,85.6,67.4,5.86,11.6978,3228.875
Laser,Aluminum,Al,Aluminum,Al,58.8,Nickel-plated,1123.0,3.8863,,436.24,2753.8,85.781,95.428,100.2,35.2,15.69,13.0915,2264.053
Laser,StainlessSteel,SS304,Nickel,Ni,224.4,Bare,2944.25,1.7897,,666.09,1827.9,118.863,84.672,61.6,23.6,9.33,24.77,3339.852
Laser,Copper,Cu,Copper,Cu,102.8,Bare,2187.09,2.7363,,546.35,276.3,30.637,149.018,68.7,38.3,18.43,71.3864,407.713
Laser,Copper,Cu,StainlessSteel,SS304,185.2,Tin-plated,2842.68,,,691.68,233.2,13.706,,70.3,65.7,14.84,207.4066,397.814
Laser,Copper,Cu,StainlessSteel,SS304,100.1,Bare,1888.11,1.4088,,811.93,791.8,79.243,70.533,110.9,29.4,15.08,23.8268,928.52
Laser,Copper,Cu,Copper,Cu,185.9,Bare,1482.0,,,188.95,706.0,110.211,,74.6,62.7,11.35,13.4469,627.776
Laser,Nickel,Ni,Copper,Cu,206.6,Nickel-plated,1450.09,,,311.59,51.7,43.288,,77.5,55.5,12.98,33.4983,45.008
Laser,Copper,Cu,Aluminum,Al,226.4,Bare,815.85,,,207.77,666.5,103.742,,108.0,54.6,5.25,7.8642,326.251
Laser,Nickel,Ni,Copper,Cu,198.2,Bare,826.9,,,695.07,1338.4,75.819,,26.5,79.7,13.13,10.9063,664.023
Laser,Aluminum,Al,Aluminum,Al,183.9,Tin-plated,1727.9,8.3018,,552.96,1606.1,13.647,225.928,93.4,20.9,12.75,126.6112,2870.087
Laser,Nickel,Ni,Copper,Cu,36.5,Nickel-plated,440.72,,,202.19,125.7,48.453,,23.9,73.9,9.35,9.0958,33.231
Laser,Copper,Cu,Copper,Cu,74.5,Oxide,1881.43,3.2931,,623.33,2495.5,110.895,244.079,43.6,45.8,10.93,16.9659,3619.401
Laser,Nickel,Ni,Copper,Cu,95.5,Anodized,992.74,10.5856,,601.95,620.1,18.165,236.071,23.9,19.4,20.0,54.6506,989.248
Laser,Nickel,Ni,Copper,Cu,199.7,Anodized,823.7,5.6696,,439.89,1462.1,81.777,230.876,36.3,66.9,7.8,10.0726,1488.144
Laser,Copper,Cu,Copper,Cu,243.1,Tin-plated,891.04,5.032,,948.24,1879.5,56.628,96.536,91.3,50.9,24.38,15.735,1370.042
Laser,Copper,Cu,Copper,Cu,103.0,Carbon-coated,1313.61,8.0742,,876.03,2140.7,62.998,232.484,65.2,40.7,14.39,20.8518,3294.539
Laser,StainlessSteel,SS304,Nickel,Ni,200.0,Oxide,1449.57,10.8945,,890.01,758.0,36.344,52.556,84.7,42.8,7.45,39.8843,832.858
Laser,StainlessSteel,SS304,Nickel,Ni,81.3,Tin-plated,946.24,8.0821,,354.05,2477.8,7.835,270.591,35.9,58.3,17.62,120.7699,3574.226
Laser,Nickel,Ni,Copper,Cu,43.4,Nickel-plated,926.69,5.322,,747.22,2305.7,107.077,162.296,100.1,66.2,24.9,8.6544,2078.636
Laser,Copper,Cu,Aluminum,Al,40.3,Tin-plated,2687.46,2.3205,,545.55,2817.4,101.681,137.367,114.5,54.5,12.41,26.4303,4902.18
Laser,Nickel,Ni,Copper,Cu,237.4,Bare,543.26,,,329.88,512.7,106.572,,49.3,43.6,22.67,5.0976,167.13
Laser,Aluminum,Al,Aluminum,Al,139.0,Bare,1991.46,1.7615,,887.06,272.3,29.783,133.297,20.5,46.9,4.42,66.8667,350.988
Laser,Nickel,Ni,Copper,Cu,117.4,Tin-plated,1816.11,,,296.45,1464.6,89.213,,30.4,57.2,14.98,20.357,1595.904
Laser,Copper,Cu,Aluminum,Al,244.2,Tin-plated,1583.3,5.5035,,537.47,2674.8,80.009,296.202,13.4,42.5,6.65,19.789,4285.185
Laser,Nickel,Ni,Copper,Cu,155.6,Nickel-plated,1477.09,,,997.1,559.0,47.619,,72.9,46.3,6.96,31.0188,495.394
Laser,Copper,Cu,Copper,Cu,71.6,Tin-plated,1436.13,,,556.58,844.7,33.88,,119.7,65.0,8.68,42.3883,727.852
Laser,Aluminum,Al,Aluminum,Al,99.2,Anodized,2856.17,5.5575,,972.76,2488.6,69.098,236.834,115.3,34.2,22.01,41.3352,5574.99
Laser,Copper,Cu,Copper,Cu,244.5,Nickel-plated,527.51,,,403.08,2551.0,16.177,,49.3,55.7,21.36,32.6089,807.409
Laser,Copper,Cu,Copper,Cu,106.7,Anodized,2890.79,,,765.77,2098.4,33.155,,42.0,30.7,21.96,87.1899,3639.584
Laser,Aluminum,Al,Aluminum,Al,238.5,Tin-plated,2353.95,7.4215,,798.52,912.1,73.513,256.232,-5.7,21.2,13.47,32.0209,1981.989
Laser,Copper,Cu,Aluminum,Al,135.6,Bare,2231.54,10.8281,,333.94,628.7,47.514,242.468,20.2,59.2,15.19,46.9656,1502.083
Laser,Nickel,Ni,Copper,Cu,117.1,Nickel-plated,2122.09,3.1292,,857.54,729.8,118.077,193.485,108.9,23.5,14.72,17.9721,1106.006
Laser,Nickel,Ni,Copper,Cu,222.8,Bare,2872.96,,,797.15,2362.8,91.433,,30.2,50.6,12.48,31.4215,4072.867
Laser,Copper,Cu,Aluminum,Al,35.1,Bare,1024.68,,,226.14,2598.2,75.839,,39.0,59.7,24.84,13.5112,1597.359
Laser,Nickel,Ni,Copper,Cu,197.5,Tin-plated,1885.74,7.1167,,558.11,2704.0,60.581,70.044,24.1,24.9,5.05,31.1275,3598.596
Laser,Copper,Cu,Copper,Cu,63.2,Nickel-plated,1845.06,,,184.8,1807.6,99.374,,111.0,25.1,14.61,18.5668,2001.137
Laser,Copper,Cu,Copper,Cu,244.8,Tin-plated,1572.2,,,201.77,1332.0,53.968,,76.6,64.6,23.74,29.1319,1256.502
Laser,Nickel,Ni,Copper,Cu,98.3,Anodized,2620.41,5.2723,,833.28,2949.7,42.574,14.914,-5.5,26.6,4.65,61.5495,4730.444
Laser,Copper,Cu,Copper,Cu,231.9,Nickel-plated,1582.08,,,251.76,352.0,27.543,,103.0,29.2,23.23,57.4395,334.089
Laser,Nickel,Ni,Copper,Cu,174.2,Tin-plated,2324.02,4.7956,,902.4,2219.5,59.507,297.446,33.2,54.2,16.14,39.0543,4361.169
Laser,Copper,Cu,Copper,Cu,94.4,Nickel-plated,2871.94,,,463.33,103.3,70.433,,102.4,26.4,12.74,40.7754,178.008
Laser,Copper,Cu,Aluminum,Al,228.2,Anodized,2963.74,1.3527,,850.56,1583.5,53.363,269.215,16.5,37.9,22.69,55.5395,3046.59
Laser,Aluminum,Al,Aluminum,Al,76.2,Bare,2952.53,1.8627,,645.88,2689.8,80.351,10.865,-7.7,37.0,17.27,36.7456,4786.87
Laser,Copper,Cu,Copper,Cu,168.8,Anodized,817.23,2.4044,,990.36,1064.5,96.355,99.397,15.5,24.1,4.61,8.4815,623.706
Laser,Aluminum,Al,Aluminum,Al,210.4,Nickel-plated,1041.21,6.7959,,424.3,177.5,73.533,213.286,63.0,77.6,22.15,14.1597,213.77
Laser,Copper,Cu,Copper,Cu,65.9,Bare,2698.33,,,960.4,1378.9,78.442,,42.6,61.3,21.71,34.3991,2232.401
Laser,Copper,Cu,Copper,Cu,73.8,Bare,1636.66,9.3224,,734.14,267.1,94.252,154.308,73.2,24.3,4.03,17.3647,415.984
Laser,Copper,Cu,Aluminum,Al,141.6,Oxide,2581.39,8.4625,,371.36,2632.2,48.554,64.849,36.8,15.1,18.21,53.1651,4654.632
Laser,Copper,Cu,Copper,Cu,146.8,Anodized,2752.6,9.5729,,846.06,1921.6,67.08,186.534,93.1,57.4,10.86,41.0344,4546.08
Laser,Copper,Cu,Copper,Cu,75.4,Bare,2908.06,3.948,,738.12,1258.1,95.863,112.885,-6.9,41.7,5.09,30.3356,2419.391
Laser,Copper,Cu,Aluminum,Al,71.6,Anodized,1177.41,1.0646,,235.83,2776.4,80.19,30.85,113.2,15.4,19.18,14.6827,1997.845
Laser,Aluminum,Al,Aluminum,Al,30.5,Anodized,1201.88,,,970.67,372.0,88.738,,-0.3,71.5,14.81,13.5442,268.267
Laser,Copper,Cu,Copper,Cu,31.8,Tin-plated,1111.0,4.8682,,456.97,2658.1,41.608,103.725,22.6,74.8,9.97,26.702,2308.746
Laser,Nickel,Ni,Copper,Cu,187.6,Tin-plated,1779.15,,,670.33,234.9,56.227,,111.8,56.4,19.4,31.6424,250.705
Laser,Copper,Cu,Copper,Cu,139.2,Nickel-plated,2677.5,9.1016,,495.29,2910.1,40.409,20.957,8.9,27.9,6.32,66.2601,4897.093
Laser,Aluminum,Al,Aluminum,Al,46.8,Bare,1356.21,8.5513,,151.57,930.8,87.151,194.763,111.1,38.8,21.17,15.5616,1377.476
Laser,Aluminum,Al,Aluminum,Al,57.0,Nickel-plated,1144.33,10.9059,,616.1,2961.5,47.398,64.16,18.5,58.7,21.34,24.1429,2862.25
Laser,Copper,Cu,StainlessSteel,SS304,51.9,Bare,2694.6,,,374.26,1540.7,25.15,,15.0,45.3,9.91,107.1419,2490.87
Laser,Copper,Cu,Copper,Cu,249.1,Tin-plated,238.11,10.8813,,379.78,1133.3,88.964,221.528,117.6,45.9,20.35,2.6765,1254.619
Laser,Copper,Cu,Copper,Cu,102.9,Nickel-plated,273.58,11.1222,,857.78,595.8,62.721,286.493,60.6,37.8,7.76,4.3619,857.225
Laser,Copper,Cu,Copper,Cu,131.3,Oxide,2544.44,6.801,,760.46,1150.7,105.655,181.957,114.5,34.5,14.69,24.0826,2326.367
Laser,Copper,Cu,Copper,Cu,99.8,Bare,559.0,11.1437,,631.55,830.2,40.131,204.299,45.1,27.3,14.16,13.9295,1034.534
Laser,Copper,Cu,Copper,Cu,171.6,Nickel-plated,1080.2,,,273.77,1961.2,17.232,,105.8,53.2,7.62,62.6849,1271.089
Laser,Nickel,Ni,Copper,Cu,247.3,Bare,2884.65,1.1025,,267.72,454.7,104.286,27.534,53.8,62.7,10.11,27.6609,792.511
Laser,Copper,Cu,Copper,Cu,44.5,Nickel-plated,717.76,8.2635,,969.85,1421.7,37.43,206.319,-8.0,17.9,21.49,19.1762,1581.782
Laser,Copper,Cu,Aluminum,Al,226.1,Anodized,2049.66,5.0342,,552.08,2234.4,54.153,281.159,70.2,61.7,4.49,37.8491,4012.977
Laser,Copper,Cu,StainlessSteel,SS304,107.3,Tin-plated,2383.37,5.5949,,396.46,674.5,13.953,135.994,111.7,58.7,13.16,170.8087,1169.813
Laser,Copper,Cu,Aluminum,Al,71.8,Nickel-plated,2847.6,3.6791,,709.44,2736.7,55.933,101.112,81.1,59.5,14.63,50.9112,5082.985
Laser,Copper,Cu,Aluminum,Al,61.7,Oxide,2480.77,11.4922,,634.43,2210.1,116.899,117.108,6.7,16.7,21.47,21.2214,4479.319
Laser,Copper,Cu,Aluminum,Al,151.4,Oxide,512.78,5.111,,897.75,2852.5,107.924,260.149,108.3,24.7,8.88,4.7513,2394.698
Laser,Copper,Cu,Aluminum,Al,137.0,Nickel-plated,2988.83,,,823.04,1761.1,97.815,,108.5,38.9,6.35,30.5559,3158.217
Laser,Copper,Cu,Aluminum,Al,158.2,Carbon-coated,1101.51,2.5085,,328.7,2770.9,47.429,97.413,107.3,19.0,14.39,23.2243,2102.155
Laser,Aluminum,Al,Aluminum,Al,148.3,Anodized,2274.15,,,542.43,1365.6,102.828,,29.3,65.8,18.94,22.1161,1863.403
Laser,Nickel,Ni,Copper,Cu,108.5,Tin-plated,389.0,7.7327,,201.38,2542.8,117.114,90.937,-6.6,56.9,17.17,3.3215,1308.705
Laser,Aluminum,Al,Aluminum,Al,67.4,Bare,1900.81,,,393.6,1199.7,28.562,,90.6,52.2,8.85,66.5497,1368.246
Laser,Nickel,Ni,Copper,Cu,56.3,Nickel-plated,1673.03,3.8318,,394.99,2164.7,90.08,139.166,119.8,42.1,12.55,18.5727,2634.705
Laser,Copper,Cu,StainlessSteel,SS304,57.6,Carbon-coated,878.59,9.717,,420.0,351.9,77.911,160.791,86.3,36.2,18.52,11.2768,405.45
Laser,StainlessSteel,SS304,Nickel,Ni,103.7,Tin-plated,1185.32,0.7468,,816.13,1811.7,81.116,143.482,5.7,25.0,22.36,14.6126,1366.083
Laser,StainlessSteel,SS304,Nickel,Ni,168.8,Bare,275.04,11.166,,550.14,1480.6,7.266,40.256,73.5,68.3,24.34,37.851,510.53
Laser,Copper,Cu,Aluminum,Al,167.8,Bare,556.1,,,927.84,1129.8,11.011,,4.1,22.8,13.4,50.5057,376.962
Laser,StainlessSteel,SS304,Nickel,Ni,169.6,Bare,2784.68,,,786.53,2742.0,51.409,,3.6,42.8,10.74,54.1675,4581.326
Laser,Nickel,Ni,Copper,Cu,63.9,Bare,403.96,5.7083,,282.93,2718.3,53.115,119.037,55.7,19.5,5.08,7.6055,1397.7
Laser,Aluminum,Al,Aluminum,Al,143.0,Nickel-plated,1463.96,7.0535,,978.11,552.2,31.665,297.482,79.3,60.7,17.08,46.2324,948.527
Laser,Nickel,Ni,Copper,Cu,72.9,Bare,203.0,,,480.03,172.9,88.753,,83.7,79.3,11.86,2.2872,21.064
Laser,Copper,Cu,Aluminum,Al,149.0,Bare,554.5,1.6004,,830.33,1762.1,50.646,225.383,89.8,33.5,18.06,10.9485,840.487
Laser,Copper,Cu,Aluminum,Al,138.2,Tin-plated,2853.4,10.1035,,968.76,772.6,52.371,44.748,-5.7,49.9,10.25,54.4843,1462.464
Laser,Copper,Cu,Copper,Cu,69.3,Nickel-plated,1664.43,9.6403,,301.42,287.8,45.669,88.44,38.9,51.3,4.58,36.4453,385.583
Laser,Aluminum,Al,Aluminum,Al,203.8,Bare,671.44,11.412,,925.65,1427.0,21.492,262.409,107.3,25.2,13.56,31.2417,2284.231
Laser,Aluminum,Al,Aluminum,Al,149.0,Bare,2366.51,10.4509,,331.41,2088.3,118.215,140.563,53.3,30.5,5.72,20.0187,4192.308
Laser,StainlessSteel,SS304,Nickel,Ni,207.4,Bare,2123.71,4.6237,,275.75,2837.7,71.762,289.865,-2.5,17.3,11.35,29.594,5137.138
Laser,Nickel,Ni,Copper,Cu,206.4,Bare,723.92,3.304,,867.6,2059.7,37.046,20.047,25.1,65.7,9.09,19.5414,949.222
Laser,Aluminum,Al,Aluminum,Al,193.6,Bare,1507.83,1.046,,901.27,1993.1,33.478,45.022,44.4,37.7,10.53,45.04,1840.732
Laser,Copper,Cu,Copper,Cu,196.7,Bare,404.01,9.191,,461.73,1851.6,22.114,198.266,40.1,68.0,18.06,18.2695,1798.494
Laser,Copper,Cu,Aluminum,Al,73.6,Nickel-plated,1930.25,0.5231,,811.74,2777.7,52.66,103.202,-4.2,65.7,4.7,36.6547,3276.921
Laser,Copper,Cu,Copper,Cu,195.7,Bare,1111.39,9.2164,,891.48,1221.8,118.94,268.123,48.6,23.1,9.64,9.3442,2022.442
Laser,Copper,Cu,Aluminum,Al,116.4,Bare,2085.21,9.845,,246.95,260.3,60.8,157.517,108.5,32.4,22.09,34.2961,487.103
Laser,Aluminum,Al,Aluminum,Al,242.9,Bare,2843.57,,,270.73,435.7,92.717,,78.6,22.5,16.53,30.6693,743.341
Laser,Copper,Cu,Aluminum,Al,203.9,Nickel-plated,442.59,8.1707,,939.73,2054.9,51.6,260.221,-0.8,41.0,23.51,8.5774,2293.356
Laser,StainlessSteel,SS304,Nickel,Ni,81.8,Nickel-plated,1766.95,2.7319,,315.33,2005.5,32.013,245.956,57.7,70.4,14.49,55.194,2665.231
Laser,Nickel,Ni,Copper,Cu,169.6,Bare,1662.86,0.6567,,504.52,1577.1,48.992,180.764,72.6,34.6,12.17,33.941,1648.397
Laser,Copper,Cu,Copper,Cu,249.7,Bare,1345.66,,,675.97,878.7,98.634,,14.2,20.0,8.24,13.6429,709.456
Laser,Copper,Cu,Copper,Cu,88.3,Tin-plated,1522.36,,,343.52,570.8,56.701,,18.9,66.1,8.53,26.8489,521.384
Laser,Copper,Cu,Copper,Cu,140.7,Bare,928.08,,,669.13,1278.9,62.356,,43.0,60.7,15.98,14.8837,712.174
Laser,Aluminum,Al,Aluminum,Al,221.9,Nickel-plated,1066.25,,,222.65,562.9,83.09,,112.2,61.2,6.97,12.8324,360.11
Laser,Aluminum,Al,Aluminum,Al,230.2,Nickel-plated,1603.31,,,659.83,1543.2,72.795,,69.5,17.3,5.58,22.0248,1484.526
Laser,Copper,Cu,Copper,Cu,116.7,Bare,952.33,4.569,,481.25,2495.7,39.745,85.108,-7.5,24.5,7.08,23.9608,1814.243
Laser,Copper,Cu,Copper,Cu,69.5,Carbon-coated,1083.05,1.5175,,641.7,480.7,45.055,189.365,81.5,59.4,6.14,24.0382,367.639
Laser,Copper,Cu,Copper,Cu,109.5,Bare,1147.1,0.4489,,808.68,2353.1,85.766,125.704,111.2,41.0,17.97,13.3749,1672.628
Laser,Copper,Cu,Aluminum,Al,73.8,Nickel-plated,213.03,10.1885,,495.19,1056.0,89.576,196.008,32.2,17.4,21.08,2.3782,978.544
Laser,StainlessSteel,SS304,Nickel,Ni,50.6,Bare,576.9,,,250.88,507.4,5.439,,52.3,78.3,23.16,106.0644,175.624
Laser,Copper,Cu,Aluminum,Al,110.3,Bare,808.47,11.964,,974.45,2010.0,71.734,238.453,116.5,33.1,12.63,11.2704,3268.742
Laser,Aluminum,Al,Aluminum,Al,108.1,Nickel-plated,410.64,,,647.51,1168.3,115.157,,44.7,71.2,19.8,3.5659,287.854
Laser,Aluminum,Al,Aluminum,Al,246.4,Nickel-plated,2436.37,8.1329,,317.54,2550.3,83.922,224.006,7.9,36.5,16.04,29.0313,5586.482
Laser,Copper,Cu,StainlessSteel,SS304,122.0,Nickel-plated,1510.17,2.5008,,308.04,2139.2,92.854,38.642,28.6,17.3,6.51,16.2639,2021.022
Laser,Copper,Cu,StainlessSteel,SS304,159.9,Nickel-plated,459.4,11.0344,,323.4,2416.5,89.247,84.638,4.0,60.2,24.44,5.1476,1568.864
Laser,Copper,Cu,Copper,Cu,110.4,Bare,241.28,0.683,,775.64,743.7,89.587,101.081,76.0,51.4,15.75,2.6932,128.199
Laser,Copper,Cu,StainlessSteel,SS304,74.4,Tin-plated,830.48,11.5784,,909.75,2891.0,85.129,290.215,31.3,39.9,10.19,9.7556,5326.248
Laser,StainlessSteel,SS304,Nickel,Ni,128.2,Bare,929.31,6.2685,,425.1,767.2,118.971,270.842,15.4,34.4,11.53,7.8112,948.759
Laser,Aluminum,Al,Aluminum,Al,181.7,Bare,1710.33,,,366.5,1952.7,70.505,,60.8,77.5,12.36,24.2582,2003.813
Laser,Copper,Cu,Aluminum,Al,96.8,Nickel-plated,1369.33,,,714.24,2941.3,114.728,,12.6,45.9,18.16,11.9355,2416.578
Laser,Copper,Cu,Copper,Cu,94.5,Nickel-plated,1046.82,2.917,,518.58,1283.8,33.613,160.016,86.7,35.8,6.24,31.1437,1046.026
Laser,Nickel,Ni,Copper,Cu,48.0,Bare,1092.41,9.1272,,856.54,1385.4,32.716,240.053,80.0,69.4,21.35,33.3908,2122.204
Laser,Copper,Cu,Copper,Cu,30.9,Nickel-plated,1249.64,9.5574,,655.59,280.4,32.524,246.438,54.8,28.2,23.2,38.4218,474.422
Laser,Copper,Cu,Aluminum,Al,60.9,Nickel-plated,594.27,7.5091,,792.53,312.8,11.052,28.903,40.4,63.9,13.37,53.7713,138.672
Laser,Nickel,Ni,Copper,Cu,169.2,Bare,1762.96,10.7083,,666.4,1499.6,84.379,266.218,47.7,74.8,18.48,20.8934,3296.298
Laser,Nickel,Ni,Copper,Cu,244.4,Bare,1295.06,,,610.28,381.0,16.823,,22.1,18.4,4.03,76.9823,296.03
Laser,StainlessSteel,SS304,Nickel,Ni,132.5,Oxide,987.76,7.1497,,260.1,2464.6,55.601,35.814,-3.6,52.2,14.01,17.7651,1713.119
Laser,Aluminum,Al,Aluminum,Al,119.9,Tin-plated,1124.25,2.602,,276.28,1545.9,42.045,282.759,70.1,37.5,8.58,26.7394,1497.761
Laser,Nickel,Ni,Copper,Cu,219.1,Bare,2157.98,7.4351,,546.22,1871.9,82.182,265.792,56.5,72.6,11.54,26.2587,3903.406
Laser,Nickel,Ni,Copper,Cu,174.7,Bare,2012.03,2.6753,,577.2,718.4,118.649,127.521,111.1,59.3,11.02,16.9579,965.325
Laser,Copper,Cu,Aluminum,Al,111.6,Bare,1871.51,11.1329,,511.24,2932.8,43.276,243.969,5.1,66.5,17.38,43.2456,6479.601
Laser,Copper,Cu,Aluminum,Al,163.5,Nickel-plated,2445.93,,,592.43,2206.5,74.775,,55.3,56.0,8.94,32.7105,3238.157
Laser,Copper,Cu,Aluminum,Al,184.2,Oxide,814.15,2.2431,,364.57,1719.6,40.907,30.656,5.8,50.6,10.28,19.9026,887.315
Laser,Copper,Cu,StainlessSteel,SS304,215.4,Bare,1740.69,0.662,,285.05,1509.1,114.489,235.625,-5.7,38.1,23.11,15.204,1670.332
Laser,Copper,Cu,Aluminum,Al,203.9,Bare,1493.27,,,192.49,2449.8,48.741,,79.8,79.4,9.28,30.6367,2194.972
Laser,Copper,Cu,StainlessSteel,SS304,163.7,Bare,201.3,9.8771,,678.24,2126.8,8.238,273.945,104.6,49.9,18.01,24.4342,2558.708
Laser,Copper,Cu,Aluminum,Al,91.7,Oxide,2233.89,0.9785,,278.81,2150.8,36.274,54.353,97.5,77.6,6.15,61.5842,2928.576
Laser,Copper,Cu,Copper,Cu,76.3,Bare,2127.12,5.518,,854.62,2360.0,10.148,271.834,31.3,63.0,7.77,209.6161,4427.956
Laser,Copper,Cu,Aluminum,Al,111.4,Bare,725.81,,,570.36,794.7,76.074,,-2.9,34.3,14.11,9.5409,346.098
Laser,Aluminum,Al,Aluminum,Al,92.3,Bare,747.62,,,689.37,774.6,99.684,,30.7,75.0,12.03,7.4999,347.472
Laser,Nickel,Ni,Copper,Cu,44.6,Carbon-coated,1014.68,1.4347,,508.9,206.5,27.98,21.931,84.9,39.0,8.35,36.2637,128.348
Laser,Copper,Cu,Aluminum,Al,192.7,Oxide,1225.19,,,938.17,767.1,90.591,,92.7,56.3,4.86,13.5244,563.91
Laser,Copper,Cu,Aluminum,Al,245.8,Bare,2023.94,9.1941,,928.62,2140.6,112.558,251.933,52.9,71.9,19.08,17.9813,4582.744
Laser,Aluminum,Al,Aluminum,Al,167.6,Nickel-plated,1272.14,2.3136,,598.87,1329.8,6.94,73.725,9.7,78.3,5.93,183.2969,1105.748
Laser,Copper,Cu,StainlessSteel,SS304,48.7,Oxide,2446.78,,,930.64,505.0,111.839,,76.6,17.9,4.57,21.8777,741.436
Laser,StainlessSteel,SS304,Nickel,Ni,230.2,Oxide,2552.41,,,353.81,1376.7,96.204,,119.6,57.6,6.95,26.5313,2108.354
Laser,Nickel,Ni,Copper,Cu,163.3,Tin-plated,2747.74,7.2653,,483.33,595.2,56.906,174.014,75.7,73.2,11.32,48.2856,1282.288
Laser,Copper,Cu,Copper,Cu,87.7,Tin-plated,396.89,0.5162,,696.3,1888.0,77.873,22.874,10.4,45.2,5.21,5.0967,458.509
Laser,Copper,Cu,Aluminum,Al,144.7,Bare,1151.98,,,857.04,1935.5,71.277,,37.5,43.5,9.07,16.1621,1337.811
Laser,StainlessSteel,SS304,Nickel,Ni,232.3,Bare,2961.87,8.1702,,738.42,2846.7,99.304,259.14,52.5,25.4,12.06,29.8262,7469.782
Laser,Nickel,Ni,Copper,Cu,81.8,Nickel-plated,2228.75,11.1048,,744.47,130.3,89.994,294.779,70.0,59.3,15.5,24.7655,344.844
Laser,StainlessSteel,SS304,Nickel,Ni,96.6,Bare,1575.6,1.6162,,737.66,1367.4,21.238,221.066,78.4,57.5,21.83,74.1863,1488.138
Laser,Copper,Cu,Aluminum,Al,67.4,Tin-plated,1118.97,,,785.98,445.1,75.414,,116.6,57.5,13.49,14.8378,298.864
Laser,StainlessSteel,SS304,Nickel,Ni,35.7,Anodized,2135.18,1.9224,,196.57,204.1,17.17,230.962,58.9,50.2,7.69,124.3545,297.722
Laser,Aluminum,Al,Aluminum,Al,105.1,Oxide,1200.16,1.0477,,798.24,509.5,116.442,26.176,67.7,22.1,10.86,10.3069,372.475
Laser,StainlessSteel,SS304,Nickel,Ni,184.4,Oxide,489.73,7.4894,,289.6,1338.9,49.519,44.243,75.2,24.8,7.33,9.8897,570.868
Laser,Copper,Cu,Copper,Cu,110.2,Carbon-coated,695.83,4.4653,,643.05,1134.2,76.595,56.29,100.9,25.0,11.3,9.0846,587.563
Laser,StainlessSteel,SS304,Nickel,Ni,158.4,Tin-plated,1031.57,,,796.85,1520.5,91.331,,32.4,51.9,10.38,11.2948,941.071
Laser,Copper,Cu,Copper,Cu,186.2,Oxide,1368.78,10.9531,,521.42,1548.8,38.593,298.591,48.7,48.9,11.33,35.4672,3298.012
Laser,StainlessSteel,SS304,Nickel,Ni,189.0,Bare,2612.4,8.8645,,934.87,204.2,113.222,178.51,32.0,44.8,15.78,23.0732,449.229
Laser,Copper,Cu,Copper,Cu,98.9,Bare,1127.86,,,511.04,58.2,62.854,,38.6,54.9,24.95,17.944,39.381
Laser,Copper,Cu,Aluminum,Al,190.5,Bare,2128.2,,,481.28,69.8,51.832,,70.3,13.2,20.31,41.0598,89.19
Laser,Aluminum,Al,Aluminum,Al,37.0,Bare,2336.47,2.288,,284.22,2583.8,42.978,195.425,97.7,45.3,12.77,54.3649,4084.353
Laser,Copper,Cu,Copper,Cu,153.4,Bare,2219.88,,,897.02,2469.3,35.527,,89.6,66.9,21.16,62.4838,3288.956
Laser,Copper,Cu,Aluminum,Al,51.1,Oxide,937.96,1.5315,,955.67,1908.6,103.095,205.148,21.7,76.9,14.74,9.098,1313.997
Laser,Aluminum,Al,Aluminum,Al,246.7,Bare,2971.77,7.0176,,662.5,1525.7,31.111,191.921,62.8,26.8,22.85,95.5219,3542.256
Laser,Aluminum,Al,Aluminum,Al,237.7,Carbon-coated,1880.13,,,704.43,443.7,44.071,,46.3,34.3,17.55,42.6615,500.572
Laser,Copper,Cu,Copper,Cu,44.5,Bare,2311.38,3.7307,,352.99,2310.1,57.614,186.099,-9.1,58.5,18.01,40.1184,3845.309
Laser,Copper,Cu,Copper,Cu,234.5,Bare,989.13,,,689.84,1000.6,119.459,,60.6,60.3,18.06,8.2801,593.819
Laser,Copper,Cu,Aluminum,Al,43.6,Oxide,1574.11,,,993.26,663.4,94.302,,107.0,77.4,11.61,16.6921,626.57
Laser,Aluminum,Al,Aluminum,Al,95.9,Bare,1024.34,11.1441,,380.72,1565.3,15.328,128.049,11.8,11.2,14.69,66.8303,1855.557
Laser,Copper,Cu,Aluminum,Al,37.7,Bare,2979.4,4.6882,,545.99,192.1,18.892,139.845,47.6,32.7,6.51,157.7096,393.706
Laser,Aluminum,Al,Aluminum,Al,249.0,Tin-plated,2601.32,3.5969,,460.29,2729.2,51.221,71.264,47.6,64.9,4.62,50.7861,4539.472
Laser,Aluminum,Al,Aluminum,Al,75.1,Oxide,2373.84,2.2574,,202.35,2497.8,46.403,144.276,24.1,70.4,10.58,51.1564,3883.061
Laser,Copper,Cu,Aluminum,Al,161.8,Tin-plated,1288.26,5.4456,,595.16,2678.9,82.374,16.045,7.1,19.6,21.23,15.6391,2164.29
Laser,Nickel,Ni,Copper,Cu,79.6,Oxide,275.95,7.2017,,646.01,2610.6,76.75,235.521,-7.5,21.9,17.82,3.5955,2203.42
Laser,Aluminum,Al,Aluminum,Al,87.5,Bare,1977.35,10.4524,,378.29,653.3,53.659,211.547,16.7,28.3,11.27,36.8504,1352.963
Laser,Copper,Cu,Copper,Cu,185.5,Nickel-plated,1771.25,8.578,,762.73,2361.2,15.185,35.348,60.3,43.1,4.06,116.6432,2795.752
Laser,Copper,Cu,Aluminum,Al,65.2,Bare,665.99,5.7976,,233.54,2720.5,14.377,229.95,32.4,56.8,9.58,46.3238,2537.796
Laser,Copper,Cu,Aluminum,Al,194.0,Nickel-plated,2008.47,11.3911,,192.93,2187.7,101.793,60.076,68.2,26.8,21.07,19.7309,3235.251
Laser,Copper,Cu,Copper,Cu,144.2,Tin-plated,2612.27,,,811.56,1497.9,17.905,,104.3,31.4,19.04,145.898,2347.729
Laser,StainlessSteel,SS304,Nickel,Ni,206.7,Bare,595.45,0.5724,,687.2,2975.3,105.093,236.705,66.2,43.3,10.11,5.6659,1224.223
Laser,Copper,Cu,Copper,Cu,39.6,Bare,2029.74,1.5099,,724.57,708.3,113.827,153.383,25.7,16.8,20.82,17.8318,928.2
Laser,Copper,Cu,Copper,Cu,214.7,Tin-plated,677.59,2.9864,,592.47,1935.4,86.329,277.303,118.3,73.5,13.93,7.8489,1427.948
Laser,Copper,Cu,Aluminum,Al,168.2,Bare,2876.74,11.9918,,219.13,1868.0,84.221,127.173,88.8,13.3,7.28,34.1569,4363.737
Laser,Copper,Cu,Aluminum,Al,39.6,Bare,571.61,5.4194,,690.72,2527.3,6.134,218.52,72.4,39.2,6.22,93.1932,2063.979
Laser,Copper,Cu,Copper,Cu,55.6,Tin-plated,1131.55,3.3729,,610.5,346.2,77.793,185.665,9.8,50.3,22.66,14.5455,321.777
Laser,Copper,Cu,StainlessSteel,SS304,159.8,Oxide,2510.72,,,368.09,2824.5,37.81,,96.7,32.8,5.74,66.4041,4254.873
Laser,StainlessSteel,SS304,Nickel,Ni,126.6,Bare,610.84,9.5279,,256.72,212.4,108.417,98.924,65.9,61.5,13.79,5.6341,157.952
Laser,Aluminum,Al,Aluminum,Al,159.1,Carbon-coated,1111.57,8.4477,,413.04,938.1,105.394,115.3,43.6,49.8,21.08,10.5468,991.171
Laser,Nickel,Ni,Copper,Cu,184.7,Nickel-plated,2065.76,,,902.06,1167.8,50.299,,31.4,32.2,14.73,41.0696,1447.402
Laser,StainlessSteel,SS304,Nickel,Ni,134.6,Nickel-plated,865.27,7.4686,,439.2,710.2,73.535,285.045,22.5,78.7,7.26,11.7668,973.536
Laser,Copper,Cu,Aluminum,Al,249.9,Tin-plated,2265.88,3.3857,,419.74,791.5,119.843,57.609,53.4,43.9,24.93,18.907,1137.829
Laser,Aluminum,Al,Aluminum,Al,179.0,Bare,1006.32,,,537.01,727.3,20.806,,83.2,69.6,6.06,48.3666,439.118
Laser,Nickel,Ni,Copper,Cu,106.0,Oxide,2089.41,11.0376,,714.44,746.8,103.428,185.198,108.8,51.9,5.04,20.2016,1546.878
Laser,Copper,Cu,Aluminum,Al,112.0,Bare,1156.12,4.534,,908.66,2904.6,65.886,279.366,49.3,25.8,4.01,17.5473,3486.48
Laser,Copper,Cu,StainlessSteel,SS304,49.3,Nickel-plated,2358.61,6.4705,,629.33,345.3,47.499,231.914,112.7,21.1,20.8,49.6557,695.874
Laser,Copper,Cu,Aluminum,Al,56.9,Bare,1936.99,,,754.16,404.3,25.855,,82.3,16.5,24.04,74.9188,469.887
Laser,Copper,Cu,Copper,Cu,71.7,Tin-plated,2036.54,,,316.15,1051.2,117.931,,73.5,38.8,16.35,17.2689,1284.53
Laser,Copper,Cu,Aluminum,Al,127.9,Tin-plated,2520.22,3.7761,,316.58,2041.2,105.244,90.339,82.6,63.8,9.68,23.9464,3365.072
Laser,Aluminum,Al,Aluminum,Al,164.8,Bare,2336.1,3.8033,,709.01,1159.7,30.872,75.95,100.4,70.6,19.55,75.671,1759.548
Laser,Copper,Cu,Aluminum,Al,86.0,Nickel-plated,2262.87,10.9643,,571.39,400.6,111.121,58.435,89.4,21.9,21.62,20.364,646.492
Laser,StainlessSteel,SS304,Nickel,Ni,47.2,Bare,1792.92,9.2767,,397.25,2455.1,62.859,298.954,46.1,52.0,21.88,28.523,5364.66
Laser,Copper,Cu,Copper,Cu,158.2,Oxide,2485.13,,,630.65,301.5,67.15,,-5.1,36.9,11.47,37.0087,449.586
Laser,Copper,Cu,Aluminum,Al,218.0,Bare,1697.62,,,788.71,864.3,11.054,,3.9,38.4,6.24,153.579,880.384
Laser,Nickel,Ni,Copper,Cu,78.9,Bare,1519.78,4.8769,,606.83,2949.6,15.592,129.191,5.2,70.6,11.13,97.4688,3432.998
Laser,Nickel,Ni,Copper,Cu,134.5,Tin-plated,2601.32,,,783.32,1934.7,56.868,,66.1,75.2,15.52,45.7429,3019.709
Laser,Aluminum,Al,Aluminum,Al,115.4,Oxide,500.03,5.1218,,553.39,279.5,73.108,294.875,37.6,15.2,23.44,6.8397,252.682
Laser,Aluminum,Al,Aluminum,Al,144.7,Bare,2874.08,3.0967,,181.5,205.5,87.81,17.143,2.1,51.7,22.28,32.7308,358.77
Laser,Copper,Cu,Aluminum,Al,178.8,Bare,1812.12,,,436.17,2554.1,42.491,,62.4,75.3,24.91,42.6473,2777.047
Laser,Aluminum,Al,Aluminum,Al,208.6,Nickel-plated,1237.63,4.8646,,999.18,2858.9,108.428,75.339,26.2,36.3,5.94,11.4143,2542.063
Laser,StainlessSteel,SS304,Nickel,Ni,127.0,Anodized,1387.59,5.1484,,481.36,2248.8,104.696,212.408,10.6,75.2,9.37,13.2535,2855.925
Laser,Copper,Cu,Aluminum,Al,108.2,Tin-plated,2317.16,4.5763,,371.62,2282.6,38.838,236.702,66.4,29.4,23.73,59.6618,4162.507
Laser,Nickel,Ni,Copper,Cu,112.6,Bare,2557.5,7.903,,788.12,2784.5,115.381,94.115,68.6,47.3,5.75,22.1657,5101.229
Laser,Copper,Cu,Aluminum,Al,124.2,Bare,1161.02,11.153,,780.83,1720.2,107.118,37.802,112.9,14.8,11.98,10.8387,1488.369
Laser,Copper,Cu,Aluminum,Al,31.1,Bare,931.12,,,201.68,1422.7,101.671,,26.4,22.8,18.21,9.1581,794.802
Laser,Aluminum,Al,Aluminum,Al,83.0,Nickel-plated,2698.76,,,513.08,1952.4,118.394,,-6.5,66.3,19.72,22.7947,3161.485
Laser,Copper,Cu,Aluminum,Al,128.8,Nickel-plated,1552.72,,,687.24,2214.3,20.293,,48.3,63.6,19.99,76.5138,2062.889
Laser,Copper,Cu,Copper,Cu,114.6,Bare,1330.04,,,598.8,2939.7,34.419,,89.9,31.2,14.03,38.6427,2345.935
Laser,Copper,Cu,Aluminum,Al,171.0,Nickel-plated,2793.94,,,240.94,736.1,92.741,,109.8,46.6,20.84,30.1264,1233.936
Laser,Copper,Cu,Aluminum,Al,178.4,Carbon-coated,1244.77,2.9804,,284.94,2864.9,17.365,272.625,42.5,40.7,16.5,71.6835,3070.767
Laser,Copper,Cu,Aluminum,Al,165.7,Bare,805.81,2.104,,967.14,109.8,108.471,241.071,73.9,55.0,11.06,7.4289,75.366
Laser,Copper,Cu,Aluminum,Al,206.4,Nickel-plated,1466.71,8.7326,,338.07,2453.2,47.117,119.118,40.1,32.3,14.2,31.129,3179.639
Laser,Copper,Cu,Copper,Cu,203.9,Bare,641.6,8.0302,,569.11,2911.2,69.905,71.285,30.5,38.5,24.11,9.1782,1787.291
Laser,Copper,Cu,Copper,Cu,63.8,Tin-plated,1668.07,,,537.65,167.4,73.013,,63.9,60.4,20.24,22.8462,167.558
Laser,StainlessSteel,SS304,Nickel,Ni,136.6,Nickel-plated,940.54,5.9227,,554.43,1793.6,100.853,212.431,87.6,76.5,6.13,9.3259,1914.851
Laser,Copper,Cu,Copper,Cu,61.5,Bare,1066.68,5.0367,,704.04,298.8,111.545,186.685,44.1,50.0,7.56,9.5628,303.605
Laser,Nickel,Ni,Copper,Cu,42.1,Nickel-plated,1963.21,,,210.65,1224.8,84.242,,-9.8,58.2,6.78,23.3045,1442.694
Laser,Copper,Cu,Copper,Cu,83.6,Nickel-plated,374.61,2.0294,,293.88,68.2,7.378,220.221,58.5,33.7,4.14,50.7709,27.523
Laser,Aluminum,Al,Aluminum,Al,39.2,Bare,541.31,,,614.15,276.1,116.146,,103.6,76.1,19.65,4.6606,89.683
Laser,Nickel,Ni,Copper,Cu,159.4,Bare,1496.97,,,183.72,2707.9,75.84,,15.5,28.8,12.02,19.7386,2432.215
Laser,Nickel,Ni,Copper,Cu,206.7,Oxide,2540.65,6.9821,,264.85,2243.9,69.244,84.614,29.6,15.7,12.94,36.6913,3950.786
Laser,Copper,Cu,Aluminum,Al,56.7,Nickel-plated,2715.08,4.1904,,818.69,2609.5,60.738,257.602,32.8,54.2,6.28,44.7012,5377.763
Laser,Nickel,Ni,Copper,Cu,90.6,Tin-plated,434.16,4.177,,691.04,2895.0,64.599,241.855,-5.3,21.0,22.92,6.7208,1923.971
Laser,Copper,Cu,Aluminum,Al,243.6,Bare,1024.32,2.8971,,302.52,1970.0,116.365,289.807,113.2,53.2,22.48,8.8026,1872.358
Laser,Copper,Cu,Aluminum,Al,139.5,Bare,744.03,2.7938,,260.72,99.1,5.274,242.575,31.6,45.2,18.41,141.0796,71.079
Laser,Aluminum,Al,Aluminum,Al,191.0,Oxide,1650.58,0.5262,,672.7,1555.3,24.23,274.486,44.0,39.8,9.88,68.1217,1630.165
Laser,Aluminum,Al,Aluminum,Al,36.9,Nickel-plated,1295.94,4.7888,,955.22,2518.3,56.648,193.502,28.9,40.3,12.12,22.8771,2891.612
Laser,Aluminum,Al,Aluminum,Al,164.2,Bare,316.38,,,403.13,1503.6,96.081,,112.9,31.8,24.6,3.2928,285.429
Laser,Nickel,Ni,Copper,Cu,100.6,Nickel-plated,1053.12,,,250.33,1429.9,51.809,,23.4,68.1,9.56,20.3269,903.531
Laser,StainlessSteel,SS304,Nickel,Ni,86.0,Nickel-plated,793.32,,,804.29,1587.3,101.867,,48.5,34.1,19.67,7.7878,755.547
Laser,Aluminum,Al,Aluminum,Al,113.1,Anodized,2254.18,,,803.21,427.9,77.631,,12.6,42.8,9.4,29.037,578.691
Laser,Nickel,Ni,Copper,Cu,168.2,Tin-plated,2242.71,3.8829,,427.4,508.2,87.809,121.576,45.7,31.4,7.97,25.5407,779.817
Laser,Copper,Cu,StainlessSteel,SS304,74.3,Anodized,2939.81,,,432.97,784.1,20.692,,28.2,72.9,7.62,142.0763,1383.013
Laser,Nickel,Ni,Copper,Cu,246.9,Oxide,2897.15,,,720.22,2457.1,92.996,,44.2,66.6,15.0,31.1536,4271.156
Laser,StainlessSteel,SS304,Nickel,Ni,203.2,Bare,1732.1,7.8104,,669.77,736.6,18.0,31.235,9.3,10.4,18.7,96.2288,837.449
Laser,Copper,Cu,Aluminum,Al,231.1,Oxide,421.16,10.1176,,450.61,1608.6,91.1,71.441,52.6,10.6,6.42,4.6231,871.554
Laser,Copper,Cu,Copper,Cu,131.8,Tin-plated,309.35,,,531.22,1160.3,94.215,,-0.5,35.1,12.51,3.2834,215.361
Laser,Copper,Cu,Copper,Cu,163.2,Oxide,2640.91,,,623.16,163.5,47.624,,105.3,67.4,6.88,55.4534,259.064
Laser,Copper,Cu,Copper,Cu,78.6,Bare,830.8,6.964,,696.76,2048.1,91.252,52.35,65.2,28.5,13.65,9.1045,1319.634
Laser,Copper,Cu,Aluminum,Al,114.2,Bare,1302.01,1.5653,,217.29,2222.9,56.205,99.725,98.4,46.8,7.46,23.1654,1875.374
Laser,Nickel,Ni,Copper,Cu,217.7,Oxide,973.7,8.766,,653.13,2931.5,35.606,94.633,101.7,45.2,24.84,27.3469,2685.341
Laser,Nickel,Ni,Copper,Cu,113.9,Bare,1617.39,9.0534,,405.39,2720.2,28.204,129.779,119.3,28.0,23.75,57.3453,3918.224
Laser,Copper,Cu,Aluminum,Al,229.8,Oxide,996.28,,,398.89,776.1,59.576,,84.4,68.3,11.47,16.7228,463.91
Laser,Copper,Cu,Copper,Cu,206.2,Bare,2487.16,,,611.72,1713.6,57.699,,56.1,51.3,10.41,43.106,2557.148
Laser,Aluminum,Al,Aluminum,Al,35.8,Tin-plated,541.93,5.0337,,855.2,935.6,6.084,41.76,34.2,58.4,9.87,89.0789,382.891
Laser,Copper,Cu,Aluminum,Al,154.5,Oxide,1169.9,1.8854,,655.37,1661.9,85.898,225.78,94.0,36.0,4.66,13.6196,1449.503
Laser,Copper,Cu,Copper,Cu,233.8,Tin-plated,2288.96,4.4745,,434.47,427.2,77.316,66.646,63.6,66.1,4.18,29.6052,637.603
Laser,StainlessSteel,SS304,Nickel,Ni,130.0,Oxide,810.95,6.5577,,835.7,1108.5,25.207,253.679,38.0,58.5,18.03,32.1719,1276.922
Laser,Copper,Cu,StainlessSteel,SS304,127.9,Bare,777.47,,,857.46,1263.2,69.076,,86.0,18.2,8.99,11.2552,589.262
Laser,Copper,Cu,Copper,Cu,98.0,Bare,1733.39,11.4307,,333.39,2798.8,13.04,266.364,1.3,40.0,14.4,132.9244,6319.556
Laser,Copper,Cu,Aluminum,Al,42.4,Bare,1707.85,2.245,,330.99,2983.1,93.696,273.498,78.5,15.9,21.24,18.2276,3789.403
Laser,Nickel,Ni,Copper,Cu,57.4,Bare,2003.53,6.589,,554.3,2803.3,75.884,219.481,77.5,24.1,7.24,26.4024,4991.575
Laser,Copper,Cu,Aluminum,Al,99.2,Bare,582.96,,,953.12,1346.8,84.695,,51.4,33.1,13.23,6.8831,471.069
Laser,Nickel,Ni,Copper,Cu,235.3,Bare,1078.44,10.3901,,507.32,1217.6,103.355,94.48,70.1,17.3,19.39,10.4343,1265.932
Laser,Copper,Cu,Copper,Cu,49.2,Bare,1717.4,10.1792,,185.09,134.0,40.9,38.821,2.9,73.4,17.38,41.99,159.298
Laser,Copper,Cu,Aluminum,Al,244.9,Bare,1234.11,7.2985,,846.28,1009.7,19.077,35.8,-8.7,27.2,8.85,64.6923,853.218
Laser,Copper,Cu,Copper,Cu,191.6,Bare,2873.32,8.3067,,411.73,2027.0,14.031,286.438,106.4,68.6,17.02,204.7771,5423.634
Laser,Copper,Cu,Copper,Cu,104.1,Tin-plated,1462.04,10.7082,,848.55,2764.8,61.195,270.622,50.3,30.5,22.85,23.8915,5630.241
Laser,Aluminum,Al,Aluminum,Al,51.4,Bare,2679.82,,,749.92,2366.5,30.494,,102.8,45.1,19.91,87.879,3805.12
Laser,Nickel,Ni,Copper,Cu,141.2,Bare,1469.0,,,169.74,2490.5,11.711,,85.5,42.4,22.37,125.4377,2195.132
Laser,Nickel,Ni,Copper,Cu,156.6,Tin-plated,2822.19,,,507.73,1308.3,86.861,,45.5,75.5,4.4,32.4908,2215.336
Laser,Nickel,Ni,Copper,Cu,59.9,Oxide,959.2,8.2009,,789.67,2142.0,17.339,14.06,101.7,61.5,9.35,55.3206,1331.532
Laser,Copper,Cu,Aluminum,Al,76.3,Nickel-plated,340.24,2.2024,,565.03,248.4,5.615,271.486,57.7,46.0,20.21,60.5967,110.12
Laser,Copper,Cu,Copper,Cu,77.4,Tin-plated,606.27,9.7587,,877.6,330.5,14.341,172.119,105.4,18.5,17.26,42.276,342.29
Laser,Copper,Cu,Aluminum,Al,120.9,Bare,2874.27,0.4924,,970.43,1118.0,58.516,158.311,103.8,19.0,21.8,49.1195,1962.952
Laser,Nickel,Ni,Copper,Cu,57.8,Bare,442.22,6.3202,,988.98,1579.1,19.8,273.024,99.5,62.5,16.54,22.3344,1508.909
Laser,Nickel,Ni,Copper,Cu,238.6,Bare,2568.1,3.2533,,266.98,1409.6,93.292,79.394,93.2,15.6,8.33,27.5277,2317.676
Laser,Aluminum,Al,Aluminum,Al,70.1,Oxide,891.71,10.3919,,422.41,1994.8,61.563,264.663,77.9,39.9,11.2,14.4844,3261.74
Laser,Nickel,Ni,Copper,Cu,77.2,Bare,467.79,2.397,,777.36,1627.7,42.917,36.971,90.6,17.7,7.56,10.8998,514.539
Laser,Nickel,Ni,Copper,Cu,71.3,Bare,1525.49,6.2581,,406.29,1276.7,119.049,104.471,20.5,33.4,4.26,12.814,1502.395
Laser,Nickel,Ni,Copper,Cu,148.5,Bare,2594.03,2.452,,910.14,1863.6,61.169,229.862,31.0,59.6,21.79,42.4076,3320.74
Laser,Copper,Cu,Aluminum,Al,91.5,Bare,362.64,9.2641,,195.8,1054.3,93.496,119.981,112.1,77.1,20.36,3.8786,698.147
Laser,Nickel,Ni,Copper,Cu,232.3,Tin-plated,1573.09,3.0503,,438.54,1464.0,35.646,35.166,80.1,53.4,8.6,44.1305,1444.606
Laser,Aluminum,Al,Aluminum,Al,200.9,Bare,444.36,,,265.04,2340.8,53.752,,98.7,74.5,22.14,8.2669,624.094
Laser,Copper,Cu,StainlessSteel,SS304,214.6,Bare,2857.89,,,687.01,2636.3,93.933,,70.7,41.2,20.05,30.4249,4520.48
Laser,StainlessSteel,SS304,Nickel,Ni,126.9,Tin-plated,1071.9,,,731.15,2593.9,15.92,,20.3,78.5,13.54,67.3293,1668.236
Laser,Copper,Cu,Aluminum,Al,197.6,Nickel-plated,353.91,,,179.9,2030.2,6.408,,107.3,62.5,24.71,55.2311,431.118
Laser,Nickel,Ni,Copper,Cu,191.9,Bare,754.67,,,195.03,448.9,88.938,,88.2,22.8,22.54,8.4854,203.249
Laser,Copper,Cu,Copper,Cu,125.8,Bare,1604.37,8.7073,,546.95,1550.9,35.68,196.323,41.7,29.7,21.69,44.9659,2553.375
Laser,Copper,Cu,StainlessSteel,SS304,185.0,Nickel-plated,1195.45,10.5361,,929.77,1457.4,85.566,35.115,35.5,45.0,19.38,13.9712,1261.046
Laser,Nickel,Ni,Copper,Cu,41.9,Bare,2832.16,4.5105,,881.26,1933.9,96.991,16.018,-1.3,70.7,18.88,29.2003,3342.19
Laser,Aluminum,Al,Aluminum,Al,59.2,Nickel-plated,1313.59,,,985.14,1305.7,64.826,,85.7,24.3,14.85,20.2633,1029.083
Laser,Nickel,Ni,Copper,Cu,237.3,Carbon-coated,1996.13,,,372.3,2640.8,119.544,,-7.7,26.0,10.95,16.6978,3162.813
Laser,Aluminum,Al,Aluminum,Al,119.5,Oxide,824.27,4.7333,,361.4,2525.5,43.791,136.8,-4.9,41.0,24.97,18.8231,1903.154
Laser,Aluminum,Al,Aluminum,Al,248.6,Nickel-plated,2837.28,,,556.18,535.5,83.167,,44.3,58.3,20.52,34.1156,911.673
Laser,Nickel,Ni,Copper,Cu,127.7,Bare,1789.84,7.7855,,434.98,1161.4,52.285,258.643,57.8,39.7,18.59,34.2321,2182.718
Laser,Nickel,Ni,Copper,Cu,79.9,Oxide,752.66,10.601,,859.7,1560.7,81.491,171.957,-1.1,29.7,11.23,9.2361,1842.846
Laser,Copper,Cu,Aluminum,Al,234.5,Bare,341.47,,,415.04,1028.7,64.777,,102.6,27.2,24.68,5.2714,210.764
Laser,Copper,Cu,Copper,Cu,179.0,Bare,904.28,,,335.07,2404.7,106.712,,12.8,17.3,12.49,8.474,1304.738
Laser,Aluminum,Al,Aluminum,Al,224.6,Nickel-plated,1802.56,1.2683,,900.02,2487.8,60.47,149.294,9.4,14.4,20.84,29.8093,2879.092
Laser,StainlessSteel,SS304,Nickel,Ni,94.8,Bare,1907.16,6.1505,,801.91,2456.2,16.333,87.594,95.9,60.9,23.88,116.7684,3339.865
Laser,Nickel,Ni,Copper,Cu,104.2,Bare,2114.8,8.3742,,767.58,286.5,53.51,202.107,1.3,43.6,23.6,39.5212,557.537
Laser,Nickel,Ni,Copper,Cu,183.8,Anodized,1908.92,6.0171,,418.95,1470.2,50.099,296.832,0.4,73.0,10.7,38.1027,2734.255
Laser,StainlessSteel,SS304,Nickel,Ni,65.8,Oxide,1436.76,8.2427,,254.53,2264.8,47.784,291.937,46.4,45.5,21.8,30.0678,4132.318
Laser,Copper,Cu,Aluminum,Al,174.3,Nickel-plated,1263.12,,,983.48,53.1,90.431,,115.8,69.8,5.81,13.9677,40.221
Laser,Copper,Cu,Copper,Cu,219.6,Oxide,1057.04,,,956.65,1542.0,26.049,,12.3,40.7,19.47,40.5781,977.987
Laser,Copper,Cu,StainlessSteel,SS304,140.2,Tin-plated,2392.66,6.9428,,224.53,2699.4,37.987,223.958,18.5,48.2,12.82,62.9866,5554.07
Laser,Copper,Cu,Aluminum,Al,213.1,Nickel-plated,2151.47,2.8304,,291.84,620.6,74.255,178.579,60.6,61.3,14.74,28.974,926.538
Laser,StainlessSteel,SS304,Nickel,Ni,180.7,Nickel-plated,2967.22,,,393.9,1617.3,96.142,,55.2,11.8,11.82,30.8631,2879.384
Laser,Copper,Cu,Aluminum,Al,30.9,Bare,1371.94,1.896,,981.69,2737.5,28.589,60.258,40.2,32.7,19.69,47.9881,2378.518
Laser,Nickel,Ni,Copper,Cu,97.3,Bare,2246.58,,,464.39,879.7,5.348,,8.0,39.5,20.75,420.1024,1185.754
Laser,Copper,Cu,Aluminum,Al,155.4,Tin-plated,696.48,0.4283,,279.39,797.0,97.914,294.214,20.2,30.1,12.9,7.1132,373.255
Laser,Copper,Cu,Aluminum,Al,40.8,Bare,2567.28,7.696,,353.4,2285.8,65.74,200.02,52.6,14.9,15.04,39.0518,4928.392
Laser,Nickel,Ni,Copper,Cu,222.1,Oxide,2316.39,8.8036,,846.1,649.0,75.473,162.825,52.2,27.1,17.43,30.6915,1274.215
Laser,Copper,Cu,Copper,Cu,157.8,Nickel-plated,543.73,,,971.75,1694.0,56.452,,83.6,37.9,11.26,9.6316,552.646
Laser,Copper,Cu,StainlessSteel,SS304,84.9,Bare,1977.94,6.7037,,772.84,1913.8,100.888,152.242,35.3,62.0,20.97,19.6053,3052.563
Laser,Copper,Cu,Copper,Cu,237.2,Bare,1330.85,,,300.03,2792.2,81.693,,68.5,11.8,23.21,16.2909,2229.604
Laser,Aluminum,Al,Aluminum,Al,116.8,Bare,1343.31,1.0563,,538.37,596.0,77.585,127.206,84.2,14.0,19.11,17.314,512.44
Laser,Aluminum,Al,Aluminum,Al,127.5,Tin-plated,1550.02,4.563,,375.05,249.5,66.269,177.106,60.0,38.9,18.73,23.3898,312.629
Laser,StainlessSteel,SS304,Nickel,Ni,77.8,Bare,985.76,4.8998,,350.08,515.6,81.893,26.046,64.6,49.8,18.54,12.0372,331.28
Laser,Copper,Cu,StainlessSteel,SS304,115.7,Bare,2383.8,4.9641,,643.27,1632.7,17.769,71.328,80.1,44.9,15.27,134.1586,2566.516
Laser,Copper,Cu,Copper,Cu,88.2,Nickel-plated,1742.05,8.5157,,159.56,484.9,59.717,103.613,37.4,43.1,8.28,29.1718,677.968
Laser,StainlessSteel,SS304,Nickel,Ni,141.8,Tin-plated,2369.38,7.2301,,518.64,129.7,96.089,158.178,81.9,69.0,11.45,24.6581,243.714
Laser,Aluminum,Al,Aluminum,Al,88.9,Oxide,2132.24,0.733,,547.09,241.1,111.924,155.934,10.9,58.8,24.77,19.0508,319.536
Laser,Aluminum,Al,Aluminum,Al,214.0,Anodized,2975.92,8.7035,,763.36,1874.9,101.701,151.323,53.4,29.1,10.75,29.2615,4335.533
Laser,Copper,Cu,Aluminum,Al,61.1,Nickel-plated,1260.81,3.2067,,158.91,2280.8,82.621,285.443,49.3,20.5,22.28,15.2603,2560.478
Laser,Copper,Cu,Copper,Cu,218.3,Nickel-plated,2644.72,,,521.36,1437.6,118.815,,90.8,62.0,12.81,22.2591,2281.219
Laser,StainlessSteel,SS304,Nickel,Ni,53.8,Bare,1256.55,,,588.36,78.8,73.349,,79.9,72.8,22.29,17.1312,59.425
Laser,Copper,Cu,Copper,Cu,105.2,Bare,1913.22,4.4366,,938.23,1872.4,93.584,163.625,114.4,12.6,4.53,20.444,2693.153
Laser,Copper,Cu,Copper,Cu,220.3,Oxide,1196.58,1.5126,,605.67,589.1,55.155,225.489,66.1,56.3,9.38,21.6949,503.295
Laser,Nickel,Ni,Copper,Cu,200.2,Nickel-plated,2747.82,1.0008,,419.31,1819.1,51.233,169.973,0.9,53.5,17.78,53.6338,3122.93
Laser,Copper,Cu,Aluminum,Al,192.4,Tin-plated,1234.13,,,327.37,2526.5,12.494,,-4.6,10.9,13.14,98.7776,1870.792
Laser,Copper,Cu,Aluminum,Al,217.4,Bare,1606.97,0.6885,,825.59,1387.5,18.003,118.969,-1.7,19.8,18.8,89.2591,1383.228
Laser,Copper,Cu,Aluminum,Al,149.9,Carbon-coated,1832.42,6.2616,,349.38,2672.0,92.137,288.914,-1.0,32.0,20.91,19.888,4871.182
Laser,Copper,Cu,Copper,Cu,46.4,Bare,2620.23,1.513,,195.37,609.9,69.358,199.257,27.3,35.2,10.73,37.7784,1032.325
Laser,Copper,Cu,Aluminum,Al,122.6,Bare,390.29,10.5371,,949.37,853.4,116.927,167.648,86.8,47.0,23.65,3.3379,802.87
Laser,Copper,Cu,StainlessSteel,SS304,71.1,Nickel-plated,344.04,6.5421,,489.24,797.8,114.583,20.711,49.7,53.6,21.73,3.0026,207.921
Laser,Copper,Cu,Copper,Cu,213.4,Bare,2016.43,,,456.6,1897.1,40.504,,92.2,60.9,4.14,49.7832,2295.262
Laser,Copper,Cu,Copper,Cu,201.3,Bare,1367.74,1.0414,,456.07,2586.3,77.263,295.745,105.6,64.6,11.03,17.7023,2441.036
Laser,Copper,Cu,Aluminum,Al,171.7,Tin-plated,1557.16,,,636.99,677.6,107.501,,98.5,69.7,12.99,14.4851,633.12
Laser,Copper,Cu,Aluminum,Al,88.6,Nickel-plated,2561.33,,,220.25,612.5,9.792,,110.5,31.6,22.4,261.5814,941.365
Laser,Aluminum,Al,Aluminum,Al,207.8,Bare,586.64,10.9477,,412.21,2356.1,53.598,233.094,85.2,75.2,6.62,10.9453,3234.251
Laser,Copper,Cu,Aluminum,Al,208.9,Nickel-plated,2014.5,2.6289,,619.38,444.3,92.62,193.397,11.9,17.0,6.75,21.7501,627.37
Laser,StainlessSteel,SS304,Nickel,Ni,229.4,Nickel-plated,936.89,9.3118,,412.39,787.2,117.497,13.788,92.6,10.5,6.05,7.9737,482.925
Laser,Copper,Cu,Copper,Cu,88.1,Bare,1095.69,9.2208,,709.64,2726.7,115.907,19.881,104.7,46.0,11.65,9.4532,1992.499
Laser,Copper,Cu,Aluminum,Al,229.6,Nickel-plated,2665.42,10.0532,,195.17,1656.2,91.671,260.896,-5.9,60.1,11.34,29.0759,4386.271
Laser,Nickel,Ni,Copper,Cu,181.4,Oxide,1713.28,7.6035,,830.18,195.5,69.379,274.139,18.7,48.0,10.99,24.6945,363.978
Laser,Aluminum,Al,Aluminum,Al,146.7,Nickel-plated,1173.15,,,247.03,1922.1,92.135,,3.9,29.7,20.95,12.733,1352.928
Laser,Nickel,Ni,Copper,Cu,160.7,Bare,299.49,10.1836,,482.26,1249.7,104.783,274.103,2.0,51.8,13.54,2.8582,1619.891
Laser,Nickel,Ni,Copper,Cu,103.2,Oxide,1317.33,4.5827,,449.37,2417.9,62.227,190.009,101.4,32.0,17.31,21.1697,2753.235
Laser,Copper,Cu,Copper,Cu,200.3,Bare,1770.93,11.6809,,413.27,584.0,100.996,158.008,19.7,29.7,22.78,17.5347,1051.621
Laser,Copper,Cu,Aluminum,Al,225.0,Nickel-plated,810.19,9.1217,,709.52,2824.4,43.542,68.222,41.0,31.8,8.91,18.6068,2076.017
Laser,Copper,Cu,Copper,Cu,124.8,Oxide,2710.75,3.8464,,855.87,1544.9,23.843,142.31,78.1,23.8,23.87,113.6902,2851.015
Laser,Nickel,Ni,Copper,Cu,166.5,Oxide,2338.23,,,623.93,2111.9,13.756,,87.3,25.9,6.32,169.9736,2962.805
Laser,Nickel,Ni,Copper,Cu,145.0,Carbon-coated,2052.28,,,741.79,1922.0,18.814,,61.0,56.6,21.09,109.0835,2366.735
Laser,Nickel,Ni,Copper,Cu,90.3,Oxide,1534.68,,,445.13,1288.6,71.091,,58.6,31.5,8.1,21.5875,1186.574
Laser,Copper,Cu,Aluminum,Al,114.7,Nickel-plated,1009.67,7.3289,,416.24,416.8,22.173,85.603,64.3,69.4,9.1,45.5357,357.054
Laser,StainlessSteel,SS304,Nickel,Ni,232.8,Nickel-plated,1071.57,9.3703,,190.76,246.7,33.877,204.544,6.4,17.3,13.07,31.6316,347.728
Laser,Copper,Cu,Aluminum,Al,96.9,Bare,1578.31,9.9004,,231.28,2537.3,115.442,120.539,22.7,73.7,24.99,13.672,3613.963
Laser,Copper,Cu,Aluminum,Al,248.6,Bare,725.81,8.7965,,377.06,2916.7,53.928,35.703,39.3,76.2,13.95,13.4589,1636.57
Laser,Copper,Cu,Aluminum,Al,54.5,Bare,2039.56,4.5578,,878.58,1067.2,39.396,91.134,-8.0,10.4,17.49,51.7713,1483.305
Laser,Nickel,Ni,Copper,Cu,218.6,Bare,2641.76,,,868.17,1212.4,25.107,,90.7,48.0,4.76,105.222,1921.764
Laser,Copper,Cu,Aluminum,Al,224.7,Bare,1682.5,,,704.32,2154.9,103.623,,21.4,46.4,15.36,16.2366,2175.346
Laser,Copper,Cu,Aluminum,Al,203.3,Tin-plated,902.08,8.1902,,756.23,114.6,5.369,85.898,-5.9,75.0,12.09,168.0234,94.272
Laser,Copper,Cu,Aluminum,Al,142.9,Bare,696.58,,,267.9,1164.0,78.387,,-3.8,15.9,5.11,8.8864,486.477
Laser,Copper,Cu,Copper,Cu,213.2,Nickel-plated,932.82,0.9202,,371.31,2754.6,28.867,179.69,16.9,44.7,10.8,32.314,1723.885
Laser,Copper,Cu,Copper,Cu,196.7,Tin-plated,1851.17,,,882.03,2391.7,11.029,,99.6,21.5,11.69,167.8536,2656.504
Laser,Copper,Cu,Aluminum,Al,215.6,Bare,1170.82,1.0871,,202.64,1331.3,75.676,120.155,105.5,63.8,18.22,15.4714,1004.796
Laser,Copper,Cu,Aluminum,Al,86.2,Bare,923.42,,,397.32,387.6,85.41,,81.9,20.9,10.6,10.8116,214.773
Laser,Copper,Cu,Aluminum,Al,125.5,Nickel-plated,2925.69,3.747,,513.81,511.4,117.474,249.662,101.1,59.1,19.06,24.905,1088.979
Laser,Copper,Cu,Copper,Cu,70.3,Bare,1208.0,7.8968,,637.16,2744.0,58.187,102.566,87.8,50.3,9.45,20.7605,2877.809
Laser,StainlessSteel,SS304,Nickel,Ni,44.0,Nickel-plated,1101.83,5.0185,,288.03,1886.9,73.596,101.259,63.5,20.9,22.21,14.9713,1630.952
Laser,Aluminum,Al,Aluminum,Al,103.3,Nickel-plated,1398.84,2.838,,216.54,1073.8,51.902,223.206,77.5,53.3,15.26,26.9517,1173.351
Laser,Copper,Cu,Copper,Cu,184.0,Nickel-plated,788.61,3.8952,,332.31,2366.2,94.358,223.757,19.2,63.2,11.49,8.3576,1944.552
Laser,Nickel,Ni,Copper,Cu,202.5,Bare,2194.06,2.7223,,457.71,1303.6,31.573,211.009,90.8,33.2,14.64,69.4925,2015.638
Laser,Nickel,Ni,Copper,Cu,236.4,Tin-plated,1150.94,8.2912,,472.81,1088.3,115.914,93.093,-5.3,70.0,23.57,9.9293,1087.565
Laser,Copper,Cu,Copper,Cu,189.2,Tin-plated,2257.63,11.5648,,422.76,2259.0,22.438,147.989,92.2,76.7,20.99,100.6164,4606.534
Laser,Copper,Cu,Copper,Cu,38.6,Bare,702.63,11.5496,,232.05,462.6,16.799,40.917,-4.0,73.7,4.43,41.8258,282.496
Laser,Copper,Cu,Aluminum,Al,152.2,Carbon-coated,2933.3,1.9435,,784.55,1257.4,112.58,225.708,19.2,23.4,6.07,26.0553,2433.607
Laser,Nickel,Ni,Copper,Cu,103.9,Bare,2537.27,6.7852,,800.92,1653.5,50.168,244.842,16.4,43.2,10.76,50.5754,3616.02
Laser,Copper,Cu,Aluminum,Al,52.1,Bare,721.37,4.3172,,502.34,2133.5,109.232,239.998,73.1,63.3,15.27,6.604,1807.637
Laser,Copper,Cu,Copper,Cu,153.8,Bare,2660.47,2.4415,,235.17,294.5,44.241,213.929,83.2,67.6,4.74,60.1359,531.542
Laser,Nickel,Ni,Copper,Cu,153.0,Nickel-plated,652.6,,,430.27,2644.5,48.81,,49.0,79.2,17.42,13.3702,1035.459
Laser,Copper,Cu,StainlessSteel,SS304,164.6,Nickel-plated,1899.7,8.472,,947.29,2186.6,14.005,136.622,65.8,11.0,13.11,135.6487,3504.627
Laser,Copper,Cu,Aluminum,Al,145.4,Bare,2009.02,11.6524,,541.1,1901.6,106.995,274.246,68.9,25.2,15.96,18.7767,4722.95
Laser,Copper,Cu,Copper,Cu,183.1,Bare,454.93,,,591.76,1508.6,43.738,,115.2,15.8,6.98,10.4012,411.779
Laser,Copper,Cu,Copper,Cu,103.3,Bare,295.93,5.1374,,517.84,2454.1,63.04,136.0,109.9,41.7,22.47,4.6943,1121.596
Laser,Copper,Cu,Aluminum,Al,89.1,Bare,2758.58,10.4135,,408.99,2030.2,11.828,228.812,95.7,68.3,12.09,233.2273,5295.182
Laser,Aluminum,Al,Aluminum,Al,118.6,Bare,2297.34,1.1702,,324.17,1052.7,13.99,23.105,16.9,53.0,20.6,164.2162,1462.494
Laser,Copper,Cu,Aluminum,Al,121.2,Nickel-plated,2971.13,7.4517,,887.5,1666.6,92.782,296.711,8.7,33.1,17.22,32.0226,4444.989
Laser,Nickel,Ni,Copper,Cu,154.8,Oxide,483.98,,,518.25,2616.0,44.746,,10.9,17.0,7.51,10.8161,759.643
Laser,Copper,Cu,Aluminum,Al,227.0,Bare,963.1,,,769.03,2624.8,80.127,,89.0,63.0,4.93,12.0196,1516.749
Laser,Copper,Cu,Copper,Cu,193.9,Bare,366.83,,,723.33,2012.4,45.096,,6.1,77.5,11.52,8.1346,442.94
Laser,Nickel,Ni,Copper,Cu,118.3,Bare,402.06,1.9736,,735.92,2421.1,26.002,210.706,11.0,52.1,12.71,15.4625,986.762
Laser,Aluminum,Al,Aluminum,Al,161.9,Tin-plated,1009.86,3.6848,,267.5,1633.8,34.153,192.44,13.2,33.8,4.28,29.5687,1453.33
Laser,StainlessSteel,SS304,Nickel,Ni,207.1,Nickel-plated,2304.11,,,517.63,2390.8,26.361,,80.9,67.6,17.68,87.4074,3305.195
Laser,Copper,Cu,Copper,Cu,52.5,Bare,2353.83,,,812.44,2810.5,49.827,,2.7,55.3,20.45,47.2396,3969.186
Laser,Copper,Cu,Aluminum,Al,163.8,Oxide,242.86,,,236.29,778.2,55.062,,53.5,21.3,16.33,4.4107,113.392
Laser,Nickel,Ni,Copper,Cu,172.9,Bare,578.77,7.3433,,480.88,2691.2,102.242,10.494,0.1,42.8,13.24,5.6608,1017.496
Laser,Copper,Cu,Aluminum,Al,106.0,Nickel-plated,755.27,4.1506,,171.09,458.2,14.938,79.637,50.8,43.5,20.14,50.5609,268.195
Laser,StainlessSteel,SS304,Nickel,Ni,230.8,Nickel-plated,903.99,,,209.46,613.0,108.631,,33.8,36.8,13.35,8.3216,332.481
Laser,Copper,Cu,Copper,Cu,93.9,Nickel-plated,1043.18,4.6683,,164.98,1985.2,21.217,266.163,43.9,25.9,20.58,49.1677,2229.238
Laser,Copper,Cu,Aluminum,Al,173.7,Bare,890.94,10.3628,,517.29,1173.9,45.915,215.751,119.6,54.9,15.94,19.4041,1677.359
Laser,Nickel,Ni,Copper,Cu,73.1,Bare,1109.5,2.0148,,333.89,2276.9,26.131,104.289,44.4,73.5,23.48,42.4585,1707.068
Laser,Copper,Cu,Aluminum,Al,161.0,Oxide,2193.69,,,537.66,1248.7,73.55,,84.3,67.7,15.93,29.8258,1643.523
Laser,Copper,Cu,StainlessSteel,SS304,177.2,Nickel-plated,1285.17,2.6768,,818.63,1328.0,5.749,210.702,18.8,22.3,24.56,223.5349,1323.622
Laser,Nickel,Ni,Copper,Cu,245.6,Nickel-plated,2850.32,2.0442,,964.84,92.9,107.347,193.974,-4.7,31.6,4.18,26.5524,173.569
Laser,Copper,Cu,Aluminum,Al,178.7,Bare,1959.9,,,292.06,2789.3,28.116,,22.8,70.6,23.92,69.7082,3280.043
Laser,Aluminum,Al,Aluminum,Al,238.4,Bare,997.72,9.3065,,518.47,1283.6,49.565,187.249,14.4,71.2,10.58,20.1297,1663.182
Laser,Nickel,Ni,Copper,Cu,115.0,Nickel-plated,213.35,1.9381,,626.8,2088.2,95.614,188.364,71.8,74.9,18.89,2.2313,572.237
Laser,Aluminum,Al,Aluminum,Al,212.6,Bare,1367.69,1.2179,,390.65,405.8,104.01,258.451,113.4,66.8,17.46,13.1496,384.144
Laser,Copper,Cu,Aluminum,Al,108.0,Anodized,2269.25,4.1849,,488.58,1656.9,96.565,210.404,5.6,61.4,24.47,23.4997,2839.572
Laser,Copper,Cu,Aluminum,Al,140.4,Nickel-plated,400.57,4.8122,,945.29,2272.3,94.548,30.281,13.9,21.0,18.92,4.2367,678.575
Laser,Copper,Cu,Aluminum,Al,239.7,Nickel-plated,2751.08,6.9941,,841.86,2400.7,63.038,65.457,14.7,61.2,16.58,43.6414,4402.383
Laser,Copper,Cu,Copper,Cu,192.1,Oxide,2256.4,0.6844,,268.13,195.3,14.01,254.464,85.7,76.9,24.17,161.0512,278.06
Laser,Copper,Cu,Aluminum,Al,156.1,Bare,472.62,11.4483,,275.09,1798.0,84.013,144.762,96.0,35.4,22.32,5.6256,1701.774
Laser,Copper,Cu,Copper,Cu,79.0,Nickel-plated,1206.25,9.2686,,572.56,403.9,17.14,189.814,38.3,48.7,16.96,70.3768,576.563
Laser,StainlessSteel,SS304,Nickel,Ni,130.7,Bare,1509.78,,,358.98,2829.4,117.732,,21.7,67.7,15.58,12.8239,2563.112
Laser,Copper,Cu,Aluminum,Al,199.5,Oxide,2541.12,9.6365,,540.58,948.5,42.839,119.273,28.1,19.1,19.92,59.318,1882.305
Laser,StainlessSteel,SS304,Nickel,Ni,146.1,Bare,2564.22,1.831,,523.19,2438.0,78.136,156.664,10.2,11.6,18.2,32.8175,4030.665
Laser,Aluminum,Al,Aluminum,Al,32.2,Bare,2781.86,1.3764,,248.76,402.9,30.122,214.582,56.8,14.4,9.71,92.3533,720.153
Laser,Aluminum,Al,Aluminum,Al,84.8,Bare,2987.98,11.5299,,389.94,2271.5,119.848,25.311,72.3,51.4,17.14,24.9313,4337.429
Laser,StainlessSteel,SS304,Nickel,Ni,159.9,Nickel-plated,2901.27,,,702.38,1584.2,21.34,,47.3,67.8,22.62,135.9569,2757.79
Laser,Copper,Cu,Copper,Cu,113.1,Bare,1343.72,6.5043,,884.5,2501.1,25.57,105.829,91.9,16.1,18.36,52.5501,2705.067
Laser,Copper,Cu,Aluminum,Al,141.3,Bare,2720.6,0.8368,,938.12,2150.2,41.816,147.991,45.6,19.3,4.29,65.0618,3616.37
Laser,StainlessSteel,SS304,Nickel,Ni,188.1,Bare,2429.02,,,349.13,1082.3,29.189,,33.5,28.7,23.55,83.2183,1577.314
Laser,Copper,Cu,Copper,Cu,203.2,Bare,2503.03,,,295.02,1462.6,36.59,,93.9,38.8,13.11,68.4068,2196.626
Laser,Copper,Cu,Copper,Cu,225.2,Oxide,2831.73,,,882.75,2584.4,64.963,,107.2,64.3,17.63,43.59,4390.922
Laser,Aluminum,Al,Aluminum,Al,231.5,Oxide,998.66,,,362.49,614.4,10.249,,61.6,46.8,5.12,97.4417,368.144
Laser,Aluminum,Al,Aluminum,Al,142.3,Bare,2893.16,4.3045,,219.34,2554.9,66.853,76.064,116.3,45.7,20.48,43.2766,4769.618
Laser,Nickel,Ni,Copper,Cu,117.3,Nickel-plated,2709.13,9.3491,,964.58,860.2,68.796,239.204,-3.6,41.7,13.73,39.3789,2167.773
Laser,StainlessSteel,SS304,Nickel,Ni,80.5,Nickel-plated,2292.08,9.2492,,553.17,311.7,45.03,217.808,15.8,76.8,22.86,50.9014,679.888
Laser,Copper,Cu,StainlessSteel,SS304,143.8,Carbon-coated,2172.05,7.6972,,856.36,2523.8,85.183,258.169,62.1,22.9,8.53,25.4986,5295.245
Laser,Copper,Cu,Copper,Cu,114.0,Nickel-plated,1030.68,7.1238,,163.34,1709.7,96.587,252.554,25.6,30.7,17.16,10.671,2287.745
Laser,Copper,Cu,Copper,Cu,190.7,Bare,220.25,1.4051,,332.31,1874.4,34.707,192.591,48.7,46.8,9.81,6.346,450.61
Laser,Nickel,Ni,Copper,Cu,115.2,Carbon-coated,2225.33,9.6357,,924.92,839.5,68.981,166.156,40.7,43.4,12.14,32.26,1658.559
Laser,Copper,Cu,StainlessSteel,SS304,57.8,Bare,2533.32,4.9611,,813.63,361.5,13.149,50.509,111.0,46.6,14.99,192.668,585.719
Laser,Nickel,Ni,Copper,Cu,217.1,Bare,679.16,2.6739,,279.81,2352.5,95.951,289.868,32.5,40.8,19.88,7.0782,1688.03
Laser,Copper,Cu,Aluminum,Al,243.1,Nickel-plated,2865.97,,,208.03,2117.5,59.863,,43.1,76.5,23.35,47.8757,3641.135
Laser,Copper,Cu,Copper,Cu,123.2,Oxide,879.79,4.611,,333.14,344.6,55.356,170.883,-2.7,66.1,23.36,15.8935,290.531
Laser,StainlessSteel,SS304,Nickel,Ni,174.1,Oxide,310.3,9.9927,,856.95,1130.2,104.41,243.168,84.5,74.6,10.4,2.972,1308.998
Laser,Copper,Cu,StainlessSteel,SS304,91.2,Tin-plated,1291.32,,,952.9,1038.8,57.618,,39.9,73.5,10.63,22.4116,804.817
Laser,Aluminum,Al,Aluminum,Al,33.9,Nickel-plated,2139.24,4.6598,,686.47,2315.7,76.99,132.601,8.2,75.6,17.8,27.7858,3544.624
Laser,Aluminum,Al,Aluminum,Al,188.7,Bare,1378.88,,,989.56,2148.7,45.186,,104.9,22.8,11.25,30.516,1777.677
Laser,Nickel,Ni,Copper,Cu,142.9,Bare,1644.02,,,737.52,1321.8,12.542,,97.2,65.9,4.99,131.0837,1303.828
Laser,Copper,Cu,StainlessSteel,SS304,74.9,Anodized,1888.17,1.917,,737.3,1513.2,81.526,261.685,87.7,67.3,7.38,23.1604,2017.889
Laser,Aluminum,Al,Aluminum,Al,154.4,Bare,985.59,,,507.31,1495.5,10.456,,18.5,50.8,15.87,94.2651,884.351
Laser,Aluminum,Al,Aluminum,Al,175.5,Bare,318.67,10.0755,,565.18,1031.8,44.002,140.53,109.6,55.9,22.73,7.2422,781.687
Laser,Aluminum,Al,Aluminum,Al,164.3,Bare,2259.27,7.4138,,655.65,850.1,69.817,29.72,67.7,52.7,23.26,32.3597,1227.343
Laser,Copper,Cu,Copper,Cu,122.4,Bare,725.52,,,217.6,1780.9,20.304,,89.5,63.8,19.84,35.7322,775.253
Laser,Nickel,Ni,Copper,Cu,224.8,Nickel-plated,1091.18,8.5966,,820.3,2161.8,73.739,280.677,47.9,77.7,18.9,14.798,3501.775
Laser,Copper,Cu,Aluminum,Al,148.9,Nickel-plated,1723.74,2.0038,,289.28,1927.8,15.112,105.087,36.5,29.0,23.43,114.0651,2156.157
Laser,Aluminum,Al,Aluminum,Al,147.3,Anodized,1146.31,9.9475,,781.38,531.0,42.042,33.301,-5.4,12.7,11.09,27.2657,435.54
Laser,Aluminum,Al,Aluminum,Al,175.0,Carbon-coated,2890.61,10.6909,,640.45,2598.6,87.297,42.74,83.8,47.6,13.28,33.1123,4981.952
Laser,Copper,Cu,Copper,Cu,47.8,Oxide,874.13,,,879.69,2455.9,101.175,,109.7,68.7,4.46,8.6397,1288.057
Laser,Copper,Cu,StainlessSteel,SS304,198.1,Bare,246.62,8.373,,454.06,970.3,49.897,66.846,87.1,48.2,22.84,4.9426,360.802
Laser,Aluminum,Al,Aluminum,Al,135.9,Bare,2050.36,,,413.4,952.1,6.324,,18.0,56.4,5.0,324.2399,1171.336
Laser,Nickel,Ni,Copper,Cu,69.3,Bare,2958.08,7.3752,,236.47,1801.9,104.507,173.017,107.4,77.5,19.69,28.3051,4117.821
Laser,Aluminum,Al,Aluminum,Al,133.9,Carbon-coated,412.77,11.67,,867.11,1734.8,105.093,199.082,14.5,64.7,16.03,3.9276,2041.871
Laser,Aluminum,Al,Aluminum,Al,128.1,Bare,1807.95,10.1436,,974.11,2269.4,18.582,127.151,110.5,29.5,4.4,97.2971,3632.645
Laser,Copper,Cu,Aluminum,Al,249.0,Tin-plated,1674.68,,,977.85,2286.4,44.842,,7.3,14.0,4.71,37.3466,2297.41
Laser,Copper,Cu,Copper,Cu,95.5,Bare,2559.92,10.9276,,911.58,2055.8,93.37,220.85,94.5,63.6,12.96,27.4169,5142.08
Laser,Nickel,Ni,Copper,Cu,71.2,Bare,1713.89,8.5261,,540.56,2767.1,25.57,102.923,94.3,73.4,13.47,67.0264,3816.796
Laser,Copper,Cu,Copper,Cu,193.0,Anodized,717.26,,,387.35,688.8,82.254,,52.2,37.5,17.97,8.7201,296.429
Laser,Copper,Cu,Copper,Cu,132.4,Carbon-coated,1377.24,,,479.77,2775.8,59.723,,90.9,25.9,23.25,23.0604,2293.79
Laser,Copper,Cu,Copper,Cu,197.7,Nickel-plated,2018.7,0.809,,455.15,1549.5,69.579,151.146,14.2,18.2,7.28,29.0133,1952.531
Laser,StainlessSteel,SS304,Nickel,Ni,104.5,Tin-plated,1304.54,2.482,,632.65,308.9,39.419,49.888,46.8,34.1,15.53,33.0938,257.075
Laser,Copper,Cu,Aluminum,Al,177.1,Anodized,1168.44,,,326.63,1588.0,26.113,,6.6,55.7,5.92,44.7459,1113.324
Laser,Copper,Cu,Aluminum,Al,87.1,Tin-plated,1767.41,11.3128,,646.56,1481.4,60.021,235.491,52.5,37.5,9.75,29.4465,3149.574
Laser,Copper,Cu,Copper,Cu,44.8,Nickel-plated,2994.08,6.9949,,196.55,578.2,114.723,131.271,116.0,11.3,21.9,26.0983,1251.103
Laser,Copper,Cu,Aluminum,Al,126.4,Tin-plated,2774.17,,,714.98,1025.0,114.438,,93.3,56.9,9.94,24.2416,1706.126
Laser,Copper,Cu,Aluminum,Al,61.7,Bare,2360.56,4.0887,,347.81,1617.3,43.003,42.853,115.8,38.2,8.39,54.8932,2403.916
Laser,Nickel,Ni,Copper,Cu,186.7,Bare,1996.58,,,772.1,188.3,60.693,,-0.7,70.1,16.93,32.8966,225.629
Laser,Nickel,Ni,Copper,Cu,85.8,Oxide,2393.34,,,447.45,91.5,16.786,,92.4,74.5,20.96,142.5816,131.431
Laser,Nickel,Ni,Copper,Cu,209.3,Bare,661.89,11.9407,,467.95,279.6,49.581,287.473,-5.2,79.7,18.53,13.3497,495.03
Laser,Copper,Cu,Aluminum,Al,137.0,Nickel-plated,2812.66,2.0191,,302.92,388.5,110.752,282.799,85.6,35.3,20.67,25.396,744.357
Laser,Copper,Cu,Aluminum,Al,47.8,Bare,2290.81,,,979.14,201.9,74.087,,6.2,25.0,7.01,30.9204,277.525
Laser,Copper,Cu,StainlessSteel,SS304,109.2,Tin-plated,2122.62,7.4345,,995.11,1703.2,29.909,64.588,31.0,69.8,9.18,70.9702,2496.259
Laser,Copper,Cu,Copper,Cu,121.5,Nickel-plated,935.38,0.5152,,660.36,1107.1,64.516,88.746,93.0,54.4,19.25,14.4984,641.563
Laser,Copper,Cu,Aluminum,Al,129.7,Bare,1137.73,5.8084,,370.51,365.7,21.293,191.287,8.0,78.6,9.73,53.433,412.207
Laser,Aluminum,Al,Aluminum,Al,149.2,Nickel-plated,371.6,5.8215,,196.46,2449.3,50.912,67.547,58.3,34.3,4.61,7.2988,931.335
Laser,StainlessSteel,SS304,Nickel,Ni,246.6,Nickel-plated,1785.36,9.2061,,965.02,573.5,68.64,122.764,45.3,38.4,15.17,26.0106,873.549
Laser,Copper,Cu,Copper,Cu,60.8,Carbon-coated,683.72,0.9137,,732.62,774.7,40.157,159.545,58.9,29.6,16.16,17.026,362.989
Laser,Copper,Cu,Copper,Cu,174.3,Anodized,1621.87,4.1666,,757.82,1180.7,14.001,253.663,114.5,15.2,17.55,115.8427,1648.094
Laser,Copper,Cu,Copper,Cu,198.6,Oxide,1533.1,2.4405,,516.27,209.1,13.89,289.555,19.9,10.5,13.49,110.3711,251.49
Laser,Nickel,Ni,Copper,Cu,93.1,Bare,918.44,,,336.35,1295.5,66.173,,103.4,45.7,13.82,13.8794,713.918
Laser,Aluminum,Al,Aluminum,Al,246.6,Nickel-plated,1191.15,10.7171,,784.94,1367.4,34.617,78.475,118.6,19.8,17.94,34.4093,1437.322
Laser,Copper,Cu,Aluminum,Al,193.6,Oxide,1915.75,10.9738,,897.37,458.9,67.736,207.302,0.0,39.6,16.65,28.2827,944.974
Laser,Copper,Cu,StainlessSteel,SS304,165.0,Bare,2130.1,1.8802,,430.37,1653.2,7.41,234.911,37.5,45.1,16.95,287.4458,2404.962
Laser,Nickel,Ni,Copper,Cu,213.0,Tin-plated,2214.98,,,365.61,600.1,98.974,,107.4,42.0,19.34,22.3795,797.468
Laser,Nickel,Ni,Copper,Cu,101.7,Nickel-plated,488.69,,,995.73,1152.9,101.56,,85.7,76.5,13.2,4.8119,338.046
Laser,Aluminum,Al,Aluminum,Al,58.7,Bare,1088.42,11.3704,,599.07,1316.3,88.399,290.256,17.4,57.2,20.89,12.3126,2597.307
Laser,Copper,Cu,Copper,Cu,156.0,Bare,2102.03,8.3026,,552.51,1454.9,62.894,211.566,2.9,10.9,11.27,33.4219,2857.165
Laser,Copper,Cu,Copper,Cu,115.6,Bare,684.38,10.3076,,615.25,1344.6,68.226,286.773,72.4,52.4,19.66,10.031,2142.03
Laser,Nickel,Ni,Copper,Cu,200.8,Tin-plated,1582.18,8.6408,,773.85,1893.7,48.557,10.766,43.8,61.6,15.95,32.5837,1868.188
Laser,Copper,Cu,Aluminum,Al,88.8,Tin-plated,871.11,0.7088,,215.71,607.3,52.615,31.212,42.6,54.1,24.9,16.5562,322.776
Laser,StainlessSteel,SS304,Nickel,Ni,39.7,Bare,592.01,9.0977,,648.47,212.4,19.7,22.329,56.1,10.4,15.29,30.051,92.716
Laser,Nickel,Ni,Copper,Cu,155.7,Bare,398.48,1.469,,606.06,2515.6,56.403,146.347,118.2,13.5,12.92,7.0648,817.775
Laser,Copper,Cu,Aluminum,Al,188.6,Oxide,736.07,8.9401,,685.15,1206.9,10.058,159.32,35.8,49.6,23.0,73.1843,1220.627
Laser,Copper,Cu,Aluminum,Al,132.3,Carbon-coated,255.71,3.9423,,163.27,1077.7,100.353,262.421,45.8,12.7,6.54,2.5481,611.342
Laser,Copper,Cu,StainlessSteel,SS304,213.8,Bare,2082.47,,,711.88,2727.5,22.766,,6.5,42.4,18.51,91.4747,3407.922
Laser,Copper,Cu,Aluminum,Al,193.5,Nickel-plated,1703.21,8.0576,,499.97,1219.8,48.573,216.379,23.4,63.7,10.3,35.0648,2097.268
Laser,Copper,Cu,Copper,Cu,31.8,Bare,237.84,,,527.06,674.6,85.223,,11.6,45.4,22.98,2.7908,96.267
Laser,Copper,Cu,Aluminum,Al,196.7,Bare,733.34,,,713.57,1009.1,25.751,,53.6,16.8,21.05,28.478,444.006
Laser,Copper,Cu,Copper,Cu,228.8,Tin-plated,2990.15,4.3708,,569.74,842.3,87.878,44.396,52.5,64.6,6.97,34.0262,1576.511
Laser,Copper,Cu,Aluminum,Al,47.3,Tin-plated,253.19,,,600.22,304.5,45.422,,44.8,67.0,5.06,5.5743,46.265
Laser,Copper,Cu,Aluminum,Al,82.5,Bare,2879.79,1.8894,,695.82,1754.8,63.443,291.451,24.9,52.6,24.05,45.3916,3418.588
Laser,StainlessSteel,SS304,Nickel,Ni,243.4,Bare,1671.96,9.359,,233.74,1535.0,79.577,143.669,19.3,77.1,11.37,21.0105,2365.384
Laser,Copper,Cu,Copper,Cu,189.4,Bare,351.82,6.6175,,164.05,878.6,90.329,195.079,110.8,25.6,8.04,3.8948,639.131
Laser,Copper,Cu,Aluminum,Al,187.3,Carbon-coated,505.61,11.4327,,992.19,572.1,113.214,224.558,1.4,45.5,10.27,4.466,760.992
Laser,Copper,Cu,Copper,Cu,241.5,Bare,1564.03,5.0589,,821.45,189.3,9.372,110.34,102.0,77.1,21.66,166.8889,219.92
Laser,Copper,Cu,Aluminum,Al,47.4,Bare,1286.59,10.2521,,658.19,1467.5,79.438,278.035,13.9,50.4,7.27,16.1962,2805.978
Laser,Aluminum,Al,Aluminum,Al,55.5,Nickel-plated,229.92,,,235.28,1183.5,116.508,,46.5,11.5,21.24,1.9734,163.259
Laser,StainlessSteel,SS304,Nickel,Ni,220.0,Tin-plated,1076.99,3.1544,,423.51,697.2,54.539,179.697,14.3,50.4,24.73,19.7473,608.569
Laser,Copper,Cu,Aluminum,Al,157.2,Anodized,1962.53,5.0898,,421.8,1757.7,51.927,201.187,15.8,77.0,6.83,37.7938,2789.594
Laser,Nickel,Ni,Copper,Cu,90.5,Nickel-plated,983.35,9.9971,,796.04,559.0,83.669,174.659,22.5,32.2,12.02,11.7528,720.243
Laser,Nickel,Ni,Copper,Cu,42.0,Bare,1697.17,,,463.0,2138.5,81.345,,34.6,64.2,21.5,20.8639,2177.636
Laser,Copper,Cu,StainlessSteel,SS304,51.3,Oxide,1649.65,6.7374,,909.61,906.3,101.923,277.178,23.0,30.3,4.82,16.1852,1573.99
Laser,StainlessSteel,SS304,Nickel,Ni,235.9,Oxide,1438.96,10.0897,,309.72,901.2,95.091,191.63,47.3,79.2,21.01,15.1325,1475.127
Laser,Copper,Cu,Aluminum,Al,175.7,Bare,1465.37,2.4243,,567.72,70.0,15.787,289.638,112.1,16.2,24.46,92.8242,81.162
Laser,Copper,Cu,Copper,Cu,248.8,Bare,385.79,1.1212,,895.0,1609.0,36.279,227.983,30.4,41.9,17.16,10.6338,536.938
Laser,Copper,Cu,Copper,Cu,67.1,Bare,1848.55,9.9231,,819.14,73.7,34.356,81.698,98.4,58.1,21.32,53.8065,105.613
Laser,Copper,Cu,Copper,Cu,220.2,Oxide,1505.0,7.8832,,957.99,484.4,61.582,216.097,36.2,54.5,16.18,24.4388,767.496
Laser,Copper,Cu,Copper,Cu,232.4,Nickel-plated,476.24,,,316.65,1924.0,108.941,,85.1,61.9,16.04,4.3715,549.783
Laser,StainlessSteel,SS304,Nickel,Ni,137.2,Bare,2895.55,,,734.48,1570.3,16.991,,70.7,41.0,24.95,170.4194,2728.067
Laser,Copper,Cu,Aluminum,Al,142.4,Bare,2686.41,6.9721,,832.79,1158.8,101.924,165.061,69.2,11.0,23.81,26.357,2401.294
Laser,Copper,Cu,Aluminum,Al,120.5,Nickel-plated,2243.04,8.7185,,535.06,1721.3,71.018,142.694,-0.8,36.4,6.48,31.5843,3173.06
Laser,Aluminum,Al,Aluminum,Al,202.6,Bare,2415.51,7.3268,,960.47,2213.3,111.527,138.272,95.5,39.7,23.32,21.6585,4104.739
Laser,StainlessSteel,SS304,Nickel,Ni,182.2,Oxide,243.89,,,499.75,988.4,108.782,,53.8,43.8,17.16,2.242,144.636
Laser,Copper,Cu,Aluminum,Al,214.3,Bare,1509.35,2.4383,,575.09,325.3,37.491,154.64,22.3,43.2,9.01,40.2595,343.7
Laser,Nickel,Ni,Copper,Cu,149.8,Carbon-coated,1327.39,11.6874,,948.02,2278.1,90.546,298.547,48.1,55.1,9.49,14.6598,4993.781
Laser,Copper,Cu,Copper,Cu,205.6,Tin-plated,2436.97,,,985.71,2667.4,63.411,,-9.6,33.3,16.26,38.4316,3900.263
Laser,StainlessSteel,SS304,Nickel,Ni,103.4,Tin-plated,1315.38,2.8973,,177.1,212.7,92.009,246.12,66.5,67.2,21.16,14.2963,228.562
Laser,Copper,Cu,Aluminum,Al,162.3,Tin-plated,727.59,,,341.12,295.2,81.157,,-1.1,58.6,12.77,8.9652,128.854
Laser,Copper,Cu,Aluminum,Al,226.4,Nickel-plated,2920.41,1.6969,,805.59,2240.6,37.806,137.555,63.2,44.4,17.4,77.2475,4135.209
Laser,Copper,Cu,Aluminum,Al,82.7,Bare,2405.16,1.6107,,686.47,188.7,88.289,280.71,31.1,51.0,11.85,27.242,306.431
Laser,Aluminum,Al,Aluminum,Al,32.4,Nickel-plated,2061.24,10.2272,,875.08,2676.7,11.533,117.934,115.3,22.5,7.44,178.7295,4601.781
Laser,Copper,Cu,Copper,Cu,142.4,Bare,949.74,,,284.89,1849.9,43.365,,78.0,53.4,6.34,21.9008,1054.125
Laser,Copper,Cu,Aluminum,Al,163.8,Carbon-coated,619.58,7.915,,179.7,358.7,14.059,19.383,0.2,46.1,24.52,44.0713,155.346
Laser,Nickel,Ni,Copper,Cu,134.2,Bare,1550.93,10.0908,,405.03,2738.3,86.275,110.181,102.8,54.4,23.7,17.9766,3765.943
Laser,Copper,Cu,StainlessSteel,SS304,235.4,Bare,1362.08,4.4477,,314.38,940.0,118.581,129.092,114.6,70.2,16.33,11.4865,984.1
Laser,Nickel,Ni,Copper,Cu,97.7,Bare,1450.07,9.7207,,151.22,665.9,38.874,255.69,20.3,38.8,4.4,37.3016,1241.465
Laser,Copper,Cu,Copper,Cu,131.4,Oxide,1917.33,6.0312,,848.92,1894.7,102.08,191.269,37.6,37.8,17.68,18.7826,3053.91
Laser,Copper,Cu,Copper,Cu,238.6,Bare,969.18,4.4148,,164.71,2071.0,72.158,17.107,93.6,20.5,23.67,13.4314,1266.848
Laser,Copper,Cu,StainlessSteel,SS304,144.6,Bare,2827.03,8.889,,812.71,1823.1,73.836,115.557,85.5,15.3,22.63,38.288,3841.436
Laser,StainlessSteel,SS304,Nickel,Ni,166.0,Nickel-plated,1401.93,9.1332,,375.49,2717.3,114.662,290.132,1.2,12.4,22.18,12.2267,5165.858
Laser,Copper,Cu,Copper,Cu,206.2,Tin-plated,2803.49,6.972,,278.69,1180.4,15.932,223.013,69.3,16.9,11.61,175.9611,2719.717
Laser,Copper,Cu,StainlessSteel,SS304,249.3,Bare,1211.66,,,883.4,403.2,90.881,,40.8,32.2,15.6,13.3324,293.113
Laser,Aluminum,Al,Aluminum,Al,60.8,Oxide,793.35,,,794.43,1311.4,106.637,,117.2,62.0,23.11,7.4397,624.262
Laser,Copper,Cu,Copper,Cu,67.4,Bare,1797.46,7.0478,,677.14,1229.9,61.759,12.282,110.1,55.9,12.7,29.1042,1369.05
Laser,Copper,Cu,Aluminum,Al,62.9,Bare,1113.56,1.3549,,449.39,2208.4,19.13,118.269,69.7,74.1,24.64,58.2099,1617.047
Laser,Aluminum,Al,Aluminum,Al,188.0,Anodized,1974.3,,,738.25,2170.3,93.714,,101.6,60.4,18.66,21.0674,2570.894
Laser,Copper,Cu,Copper,Cu,49.8,Oxide,1689.2,1.8916,,615.29,560.9,75.138,92.776,93.1,56.6,15.56,22.4815,607.886
Laser,Copper,Cu,Copper,Cu,137.4,Bare,1999.2,,,710.78,2104.4,79.044,,15.3,19.1,13.06,25.2923,2524.309
Laser,StainlessSteel,SS304,Nickel,Ni,77.9,Bare,644.41,,,766.28,1386.3,54.772,,8.4,60.2,6.9,11.7654,536.02
Laser,Aluminum,Al,Aluminum,Al,94.6,Anodized,2377.99,7.4879,,545.76,1647.4,113.261,90.482,10.6,27.6,23.61,20.9957,2797.003
Laser,Nickel,Ni,Copper,Cu,47.2,Bare,2069.64,4.4576,,359.71,2089.6,8.867,61.212,30.6,29.1,16.31,233.3978,2822.931
Laser,Nickel,Ni,Copper,Cu,81.0,Tin-plated,2861.52,,,704.28,2761.2,47.44,,24.9,47.6,6.49,60.3186,4740.812
Laser,Copper,Cu,Aluminum,Al,60.0,Nickel-plated,1102.28,4.4168,,238.0,2739.3,56.804,216.832,109.9,28.5,6.54,19.405,2861.032
Laser,Copper,Cu,Copper,Cu,213.2,Nickel-plated,1915.37,6.4087,,259.92,2781.8,37.805,179.495,-6.6,23.7,6.62,50.6647,4476.865
Laser,Copper,Cu,Copper,Cu,245.2,Bare,1389.94,,,877.03,201.4,20.354,,57.5,62.9,10.78,68.2896,167.986
Laser,Copper,Cu,Copper,Cu,30.9,Nickel-plated,678.93,7.6629,,747.89,2490.2,9.141,11.134,51.6,45.2,22.85,74.2746,1099.39
Laser,Aluminum,Al,Aluminum,Al,87.0,Nickel-plated,2243.32,10.2121,,292.4,2346.7,61.338,178.259,15.4,34.2,8.44,36.573,4867.44
Laser,Copper,Cu,Copper,Cu,135.4,Nickel-plated,2563.03,,,854.01,1737.9,101.315,,77.4,21.7,20.76,25.2976,2672.604
Laser,Copper,Cu,Copper,Cu,192.6,Bare,1407.39,0.9703,,701.48,575.7,8.904,11.288,92.5,58.4,8.45,158.0624,488.676
Laser,Copper,Cu,Copper,Cu,52.9,Bare,2709.45,6.2725,,627.74,487.8,67.341,268.331,20.3,64.1,11.29,40.2349,1121.511
Laser,Aluminum,Al,Aluminum,Al,149.1,Bare,2386.04,4.845,,969.16,2587.3,21.133,23.176,11.0,57.2,11.52,112.904,3820.3
Laser,Aluminum,Al,Aluminum,Al,91.7,Bare,507.94,3.8301,,762.56,2699.3,119.127,277.113,115.7,30.3,20.36,4.2639,1968.621
Laser,Copper,Cu,Copper,Cu,175.9,Bare,1085.05,2.7636,,743.85,1543.1,71.218,230.421,34.7,57.1,6.22,15.2356,1397.67
Laser,StainlessSteel,SS304,Nickel,Ni,175.3,Tin-plated,1074.27,9.9429,,736.4,1988.6,113.048,248.326,79.4,47.9,5.56,9.5028,3245.847
Laser,Copper,Cu,Aluminum,Al,227.4,Oxide,1828.27,0.9158,,660.16,2615.1,55.521,295.617,110.0,51.6,5.72,32.9291,3151.909
Laser,Copper,Cu,Aluminum,Al,110.6,Bare,2727.66,,,302.61,387.5,76.768,,86.8,13.3,21.11,35.5311,634.172
Laser,Copper,Cu,StainlessSteel,SS304,100.5,Anodized,2008.02,,,985.91,780.4,54.897,,87.9,16.1,23.55,36.5777,940.269
Laser,Copper,Cu,Aluminum,Al,54.2,Bare,2724.34,9.2142,,437.3,2540.0,18.327,189.995,60.5,14.0,7.06,148.6523,5930.654
Laser,Aluminum,Al,Aluminum,Al,186.2,Bare,529.26,3.9435,,339.57,1212.1,28.608,44.795,4.9,20.4,16.19,18.5002,470.536
Laser,Copper,Cu,Aluminum,Al,193.8,Tin-plated,362.66,,,360.81,367.2,18.464,,24.3,79.4,15.9,19.6418,79.9
Laser,Nickel,Ni,Copper,Cu,106.4,Bare,2504.5,8.0135,,642.38,2014.8,41.137,44.948,25.3,21.1,23.31,60.8813,3317.887
Laser,Copper,Cu,Aluminum,Al,129.0,Bare,867.63,7.841,,462.11,2713.8,71.598,71.92,101.6,14.6,9.98,12.1181,2024.914
Laser,Copper,Cu,Aluminum,Al,249.0,Nickel-plated,330.72,7.2041,,609.79,148.7,106.02,126.211,67.3,12.0,5.04,3.1194,83.59
Laser,Aluminum,Al,Aluminum,Al,226.9,Bare,2886.47,9.2421,,352.01,2407.7,24.371,252.432,14.5,78.0,13.88,118.4381,6416.826
Laser,Nickel,Ni,Copper,Cu,154.7,Tin-plated,257.62,7.0726,,469.47,1157.8,18.263,138.068,33.8,67.3,13.04,14.1063,631.175
Laser,Aluminum,Al,Aluminum,Al,212.5,Bare,802.39,4.5455,,654.86,1758.7,62.361,164.565,119.1,52.4,12.03,12.8669,1372.922
Laser,Nickel,Ni,Copper,Cu,191.2,Bare,2900.8,9.5994,,498.78,1413.6,34.413,232.999,99.5,40.4,22.57,84.2943,3724.913
Laser,Aluminum,Al,Aluminum,Al,205.4,Tin-plated,2981.12,1.3387,,683.95,2031.3,86.08,144.662,-9.1,53.9,22.34,34.6321,3790.663
Laser,Copper,Cu,Aluminum,Al,192.5,Bare,683.85,7.9032,,678.7,1616.7,43.573,217.853,90.9,18.4,24.26,15.6943,1776.751
Laser,Aluminum,Al,Aluminum,Al,109.8,Bare,2992.96,5.8322,,827.0,967.6,103.861,237.125,50.2,16.9,4.62,28.817,2272.91
Laser,Nickel,Ni,Copper,Cu,245.3,Nickel-plated,1083.59,4.4607,,987.01,1048.9,15.633,97.385,75.6,19.7,22.52,69.3129,864.202
Laser,Copper,Cu,StainlessSteel,SS304,44.0,Nickel-plated,249.95,3.4697,,649.35,2959.8,102.182,210.887,35.9,51.7,22.94,2.4461,1310.16
Laser,Nickel,Ni,Copper,Cu,155.7,Bare,1247.61,10.8779,,844.19,1292.0,100.249,188.356,73.8,31.8,19.61,12.445,2025.96
Laser,Aluminum,Al,Aluminum,Al,204.6,Tin-plated,1330.36,,,869.82,1483.9,90.449,,93.2,78.3,13.61,14.7084,1184.467
Laser,Copper,Cu,Copper,Cu,214.3,Oxide,1862.43,6.866,,261.32,2767.1,6.041,39.716,115.8,26.8,14.1,308.2826,3394.006
Laser,Copper,Cu,Copper,Cu,125.8,Bare,1947.03,2.013,,251.8,194.0,89.517,52.418,51.5,48.5,18.19,21.7504,234.81
Laser,Nickel,Ni,Copper,Cu,172.2,Bare,203.42,10.3663,,579.19,1906.3,58.028,109.56,16.8,73.5,22.98,3.5056,1098.662
Laser,Copper,Cu,Copper,Cu,71.8,Tin-plated,582.33,8.1896,,865.42,2543.5,57.026,296.382,93.1,40.4,9.46,10.2118,3358.202
Laser,Copper,Cu,Copper,Cu,168.1,Bare,2614.27,,,888.94,177.1,83.667,,90.7,19.3,7.49,31.2461,277.812
Laser,Aluminum,Al,Aluminum,Al,149.8,Oxide,1242.16,3.8222,,425.18,2292.5,31.732,157.055,-7.8,41.7,19.09,39.1456,2259.073
Laser,Copper,Cu,StainlessSteel,SS304,131.4,Bare,1625.36,4.7929,,244.14,2803.1,67.437,173.187,112.0,48.9,6.24,24.102,3664.372
Laser,Aluminum,Al,Aluminum,Al,110.0,Nickel-plated,1258.98,,,326.37,1854.0,27.322,,111.5,39.0,19.79,46.0789,1400.485
Laser,Copper,Cu,Copper,Cu,201.9,Bare,1633.31,,,913.23,296.9,104.974,,88.6,48.6,4.07,15.5591,290.916
Laser,Nickel,Ni,Copper,Cu,178.1,Carbon-coated,2309.58,11.5669,,396.81,356.3,16.549,210.796,24.2,66.9,23.91,139.5561,841.326
Laser,Copper,Cu,Copper,Cu,228.3,Bare,1157.21,4.9034,,754.64,1446.7,47.056,178.756,64.8,15.1,18.64,24.5922,1511.677
Laser,Copper,Cu,Copper,Cu,136.8,Tin-plated,1054.2,1.8168,,527.71,2916.0,47.181,294.059,48.7,17.2,4.91,22.3438,2467.609
Laser,Copper,Cu,StainlessSteel,SS304,68.0,Anodized,565.31,11.5318,,992.63,575.9,38.643,36.553,95.3,60.5,4.99,14.6289,292.427
Laser,Copper,Cu,StainlessSteel,SS304,205.9,Anodized,436.53,2.2543,,208.4,1879.6,73.924,28.977,76.1,23.5,11.47,5.905,541.411
Laser,Copper,Cu,StainlessSteel,SS304,31.9,Oxide,2108.54,,,514.62,213.9,29.417,,11.0,62.6,16.93,71.6789,270.568
Laser,Copper,Cu,Copper,Cu,55.7,Oxide,2326.47,1.3024,,247.52,2996.6,84.74,187.64,113.7,58.9,14.47,27.4543,4475.845
Laser,Aluminum,Al,Aluminum,Al,102.9,Tin-plated,1839.12,5.0458,,167.74,2700.5,100.226,110.456,41.0,13.4,4.98,18.3498,3582.004
Laser,Copper,Cu,Aluminum,Al,69.9,Nickel-plated,1682.03,,,156.94,2722.2,99.992,,17.4,58.0,18.83,16.8216,2747.329
Laser,Copper,Cu,Copper,Cu,149.8,Carbon-coated,2992.59,5.7668,,417.29,2189.1,73.835,240.362,30.0,47.0,14.33,40.5305,5144.302
Laser,Nickel,Ni,Copper,Cu,154.7,Bare,404.19,3.1429,,644.67,2325.1,105.458,141.537,67.5,21.5,8.96,3.8327,977.566
Laser,StainlessSteel,SS304,Nickel,Ni,37.5,Nickel-plated,1503.38,2.2949,,376.58,405.6,83.281,196.445,-1.4,15.3,18.26,18.0519,439.007
Laser,Copper,Cu,Aluminum,Al,207.0,Oxide,1670.72,10.5157,,975.04,1215.5,95.294,100.013,27.6,41.8,15.25,17.5323,1729.779
Laser,Nickel,Ni,Copper,Cu,60.9,Tin-plated,571.02,9.5559,,349.16,1465.0,87.559,34.742,5.3,35.8,5.95,6.5216,696.457
Laser,Nickel,Ni,Copper,Cu,55.4,Oxide,1883.02,,,691.85,1132.4,42.096,,92.1,56.4,8.44,44.7321,1279.413
Laser,Nickel,Ni,Copper,Cu,75.8,Bare,2507.48,,,335.08,1352.1,96.307,,64.2,17.8,24.24,26.0364,2034.266
Laser,Copper,Cu,StainlessSteel,SS304,217.6,Nickel-plated,1320.93,11.6352,,628.69,200.1,50.441,284.848,49.9,11.8,8.49,26.1879,423.783
Laser,Copper,Cu,Copper,Cu,239.4,Nickel-plated,2817.58,,,329.15,297.4,69.91,,75.7,54.8,7.32,40.3031,502.72
Laser,Nickel,Ni,Copper,Cu,96.7,Tin-plated,230.52,8.3424,,263.15,1552.8,9.233,86.885,47.5,53.6,10.76,24.9677,664.991
Laser,Nickel,Ni,Copper,Cu,65.4,Nickel-plated,2309.91,,,300.58,2041.0,111.486,,90.0,54.4,23.71,20.7192,2828.711
Laser,Copper,Cu,Aluminum,Al,89.2,Bare,2961.81,7.3894,,702.67,2545.3,14.578,109.457,6.0,73.1,22.24,203.1753,5346.785
Laser,Nickel,Ni,Copper,Cu,87.6,Bare,209.25,7.558,,593.05,469.7,19.388,209.154,87.4,27.1,11.01,10.7927,355.989
Laser,Nickel,Ni,Copper,Cu,243.8,Anodized,886.13,,,170.23,1585.2,68.673,,3.0,15.5,22.4,12.9037,842.805
Laser,Copper,Cu,Copper,Cu,38.7,Tin-plated,2655.52,,,653.3,1308.8,98.082,,109.9,20.6,23.38,27.0744,2085.383
Laser,Aluminum,Al,Aluminum,Al,146.7,Tin-plated,660.98,11.1912,,658.59,1372.7,86.361,203.208,96.3,38.3,7.34,7.6536,1793.052
Laser,Copper,Cu,Aluminum,Al,94.6,Tin-plated,2064.05,,,269.95,1794.1,73.734,,18.8,58.4,7.89,27.993,2221.879
Laser,Nickel,Ni,Copper,Cu,104.4,Bare,1408.62,1.1138,,429.02,1317.1,34.722,147.915,14.6,18.3,24.91,40.5686,1200.001
Laser,Nickel,Ni,Copper,Cu,143.3,Bare,2235.98,,,743.18,1024.9,109.619,,17.4,16.0,5.55,20.3977,1375.022
Laser,StainlessSteel,SS304,Nickel,Ni,80.0,Bare,2823.75,,,618.85,2723.6,89.783,,35.1,32.4,21.02,31.4508,4614.39
Laser,Aluminum,Al,Aluminum,Al,211.2,Nickel-plated,238.48,,,195.71,2458.4,116.205,,31.2,20.8,20.77,2.0523,351.766
Laser,Copper,Cu,StainlessSteel,SS304,156.9,Anodized,2421.29,8.6484,,479.92,1921.1,100.031,127.831,55.4,64.7,16.18,24.2055,3640.435
Laser,Copper,Cu,Copper,Cu,104.9,Oxide,704.07,,,177.19,2867.4,44.616,,-6.0,54.3,22.63,15.7808,1211.312
Laser,Copper,Cu,Copper,Cu,86.0,Carbon-coated,2521.1,5.7418,,925.38,739.0,112.272,56.941,119.5,17.2,6.01,22.4554,1214.485
Laser,StainlessSteel,SS304,Nickel,Ni,225.0,Tin-plated,712.97,11.3562,,996.4,2421.5,76.362,175.336,-4.1,78.5,11.34,9.3368,2964.518
Laser,Nickel,Ni,Copper,Cu,48.3,Carbon-coated,1839.96,4.5618,,899.72,2328.3,112.91,86.919,85.4,45.9,14.66,16.2957,2939.62
Laser,Aluminum,Al,Aluminum,Al,97.8,Oxide,492.47,,,816.22,1561.1,5.73,,58.0,54.3,14.49,85.9467,461.275
Laser,Aluminum,Al,Aluminum,Al,47.1,Tin-plated,1848.59,,,319.6,1795.0,23.469,,88.7,69.3,12.41,78.7687,1990.965
Laser,Copper,Cu,Aluminum,Al,145.2,Tin-plated,1537.53,7.6278,,644.52,745.1,51.436,293.546,71.7,37.9,10.47,29.8919,1354.742
Laser,Copper,Cu,Aluminum,Al,99.2,Anodized,2348.06,11.3573,,848.2,940.8,107.362,120.215,3.0,17.2,16.11,21.8705,1839.306
Laser,Copper,Cu,Copper,Cu,91.6,Nickel-plated,2895.83,5.542,,351.07,2490.6,68.918,119.594,33.7,64.5,11.88,42.0183,4987.673
Laser,Copper,Cu,StainlessSteel,SS304,207.1,Bare,2973.6,5.3912,,567.09,259.1,20.9,153.239,4.8,77.0,21.03,142.2791,547.808
Laser,Nickel,Ni,Copper,Cu,74.9,Bare,2585.71,,,623.17,1991.2,8.113,,22.2,61.2,4.21,318.7117,3089.16
Laser,Copper,Cu,Copper,Cu,44.9,Bare,2276.28,3.9438,,626.08,290.9,10.226,84.88,24.8,56.7,5.78,222.5908,436.275
Laser,Copper,Cu,Aluminum,Al,159.4,Oxide,728.69,3.3876,,608.17,599.0,62.575,243.063,63.9,16.8,22.61,11.6452,459.171
Laser,Aluminum,Al,Aluminum,Al,35.5,Nickel-plated,1491.76,2.6397,,289.05,1121.0,79.032,211.237,87.4,45.6,16.28,18.8753,1253.334
Laser,Copper,Cu,Aluminum,Al,67.9,Tin-plated,1091.53,7.436,,882.71,912.1,96.19,48.162,78.3,14.3,6.27,11.3477,727.98
Laser,Copper,Cu,Aluminum,Al,202.4,Oxide,2216.47,10.6011,,354.71,1341.1,65.172,283.182,64.3,20.4,18.72,34.0097,3394.02
Laser,Nickel,Ni,Copper,Cu,158.1,Carbon-coated,331.03,2.7331,,997.71,2686.0,24.825,158.943,85.3,34.5,22.36,13.3348,1000.238
Laser,StainlessSteel,SS304,Nickel,Ni,152.6,Bare,630.18,4.791,,759.96,1288.7,64.516,291.168,55.2,76.9,23.6,9.7678,1206.356
Laser,StainlessSteel,SS304,Nickel,Ni,224.0,Oxide,354.65,10.7899,,291.73,1012.5,37.93,193.565,4.1,71.3,13.61,9.3501,1061.306
Laser,Copper,Cu,Copper,Cu,148.8,Oxide,2113.68,8.3104,,551.7,2876.1,21.854,59.964,88.7,11.5,6.71,96.72,4220.807
Laser,Copper,Cu,Aluminum,Al,167.7,Nickel-plated,767.09,,,252.8,490.2,75.106,,85.0,48.7,17.26,10.2134,225.635
Laser,Copper,Cu,Copper,Cu,239.3,Oxide,2366.04,2.3305,,409.22,2164.8,109.088,51.655,71.0,24.3,21.2,21.6892,3177.496
Laser,Copper,Cu,Copper,Cu,42.7,Bare,2003.97,7.3005,,718.96,2284.5,14.37,167.164,90.0,37.4,15.03,139.4551,3861.946
Laser,Copper,Cu,Copper,Cu,68.8,Carbon-coated,2312.09,5.5586,,751.13,402.4,118.447,23.165,79.1,23.4,10.32,19.5201,578.974
Laser,Nickel,Ni,Copper,Cu,54.4,Tin-plated,2307.67,,,218.58,2837.6,41.571,,9.1,74.1,13.37,55.5119,3928.999
Laser,Copper,Cu,Aluminum,Al,58.9,Nickel-plated,2645.22,,,691.46,2729.0,118.911,,97.3,28.0,19.0,22.2453,4331.268
Laser,Aluminum,Al,Aluminum,Al,68.5,Bare,1466.84,9.7476,,595.96,1500.3,8.662,197.848,90.4,21.6,18.34,169.3435,2477.735
Laser,Nickel,Ni,Copper,Cu,191.5,Tin-plated,2972.04,6.7885,,958.27,63.1,51.018,10.571,24.9,25.6,22.66,58.2545,114.282
Laser,Copper,Cu,StainlessSteel,SS304,197.3,Anodized,1652.67,,,924.95,2867.2,109.054,,87.1,36.7,11.47,15.1546,2843.077
Laser,Aluminum,Al,Aluminum,Al,78.9,Bare,1851.51,,,993.26,777.6,9.287,,19.4,33.3,20.08,199.3759,863.844
Laser,Copper,Cu,StainlessSteel,SS304,126.1,Tin-plated,1483.79,11.2937,,251.83,2858.2,92.637,266.985,91.6,13.9,18.26,16.0173,5991.937
Laser,StainlessSteel,SS304,Nickel,Ni,64.0,Nickel-plated,2433.2,9.1507,,248.47,521.7,45.615,105.04,50.0,54.2,22.47,53.342,962.208
Laser,Copper,Cu,Copper,Cu,47.4,Oxide,2839.16,4.2621,,540.68,1366.3,12.319,123.522,116.6,20.6,18.56,230.4735,2615.24
Laser,Copper,Cu,Copper,Cu,129.7,Bare,2136.63,0.8925,,956.82,2381.1,95.794,215.685,4.5,72.3,10.24,22.3045,3235.809
Laser,Copper,Cu,Aluminum,Al,192.5,Nickel-plated,2468.26,1.9724,,770.87,2953.2,117.364,205.608,53.9,72.7,8.94,21.0309,4852.683
Laser,Copper,Cu,Copper,Cu,227.6,Nickel-plated,2382.31,9.7838,,315.0,2380.5,86.289,188.938,17.9,31.2,24.45,27.6087,5162.879
Laser,Copper,Cu,Copper,Cu,71.9,Bare,2515.28,11.2077,,826.6,2220.2,33.668,175.647,112.6,75.5,8.32,74.7084,5098.902
Laser,Aluminum,Al,Aluminum,Al,218.8,Carbon-coated,2359.23,11.8721,,267.41,2120.2,67.228,144.115,61.6,46.0,15.45,35.0929,4452.286
Laser,Copper,Cu,Aluminum,Al,38.6,Nickel-plated,858.8,,,486.69,2005.3,97.156,,103.7,43.7,23.05,8.8394,1033.294
Laser,Copper,Cu,Copper,Cu,90.8,Nickel-plated,1361.28,1.1376,,207.29,168.9,27.6,122.377,-4.9,22.5,13.66,49.3217,147.371
Laser,Nickel,Ni,Copper,Cu,172.8,Tin-plated,2299.39,3.5794,,613.85,2466.8,102.375,28.635,41.1,12.7,23.93,22.4606,3504.481
Laser,Copper,Cu,Copper,Cu,201.2,Bare,1486.25,0.939,,436.84,352.3,6.694,153.355,24.2,21.7,11.02,222.0169,334.463
Laser,StainlessSteel,SS304,Nickel,Ni,191.0,Carbon-coated,703.15,8.3721,,292.83,2502.6,84.499,254.352,-7.9,21.3,23.42,8.3214,3187.515
Laser,Aluminum,Al,Aluminum,Al,83.1,Oxide,820.5,,,348.78,1189.0,12.796,,111.3,56.7,18.72,64.1231,585.339
Laser,Copper,Cu,Aluminum,Al,126.6,Nickel-plated,2029.77,2.5888,,959.75,861.6,63.527,278.207,88.4,65.6,13.79,31.9514,1297.493
Laser,Nickel,Ni,Copper,Cu,197.1,Bare,1707.07,,,814.1,1957.9,34.85,,107.8,30.1,12.0,48.9835,2005.325
Laser,Copper,Cu,Aluminum,Al,245.0,Oxide,1781.75,9.3149,,792.71,1466.8,92.777,104.435,45.5,30.3,16.9,19.2046,2138.919
Laser,StainlessSteel,SS304,Nickel,Ni,48.8,Bare,2579.0,,,993.2,747.5,59.152,,118.6,73.7,4.67,43.5994,1156.752
Laser,Copper,Cu,StainlessSteel,SS304,170.7,Bare,2100.82,1.056,,680.82,2739.1,10.482,159.41,85.2,24.2,15.34,200.4299,3637.02
Laser,Copper,Cu,Aluminum,Al,86.8,Bare,2047.47,,,925.35,2905.8,45.252,,10.9,78.1,11.75,45.2462,3569.782
Laser,Nickel,Ni,Copper,Cu,214.0,Bare,2486.05,,,537.26,1406.2,88.823,,108.8,59.6,20.74,27.9887,2097.461
Laser,StainlessSteel,SS304,Nickel,Ni,199.6,Tin-plated,216.08,7.4676,,290.51,405.8,93.761,164.244,62.5,41.5,6.64,2.3045,251.692
Laser,Copper,Cu,Copper,Cu,188.5,Oxide,772.05,,,569.69,1502.4,8.418,,62.9,32.2,21.63,91.7122,695.962
Laser,Copper,Cu,Copper,Cu,238.2,Carbon-coated,808.33,,,244.9,2893.7,96.773,,55.0,15.4,22.86,8.3528,1403.44
Laser,Copper,Cu,Copper,Cu,67.7,Tin-plated,2261.12,9.6451,,885.45,616.4,74.901,234.102,12.5,73.2,19.87,30.188,1392.933
Laser,Copper,Cu,Aluminum,Al,224.3,Nickel-plated,2704.85,1.0771,,308.27,1096.8,104.701,86.959,13.8,47.9,4.59,25.8339,1821.043
Laser,Copper,Cu,Copper,Cu,55.9,Bare,1312.55,6.3516,,975.79,2739.5,53.174,17.541,10.4,63.3,23.2,24.6838,2279.525
Laser,Copper,Cu,Aluminum,Al,77.5,Anodized,796.73,9.7081,,407.61,2677.1,52.825,163.83,24.6,53.1,11.36,15.0825,2982.86
Laser,Aluminum,Al,Aluminum,Al,165.2,Anodized,1013.59,8.7721,,678.33,1889.8,42.529,88.827,85.7,44.6,6.09,23.833,1738.272
Laser,Copper,Cu,Copper,Cu,155.4,Bare,1710.79,,,644.67,1073.6,91.686,,56.7,16.4,23.66,18.6592,1102.03
Laser,Nickel,Ni,Copper,Cu,213.8,Bare,1467.82,2.0146,,438.73,1844.7,98.605,289.982,111.6,16.9,7.67,14.8859,2055.679
Laser,Copper,Cu,Aluminum,Al,68.4,Nickel-plated,2472.93,5.9089,,898.21,2664.1,81.14,118.117,31.7,19.0,22.78,30.4772,4696.659
Laser,Copper,Cu,Aluminum,Al,32.6,Tin-plated,1088.15,11.6146,,675.92,791.5,20.239,53.068,37.5,32.0,13.51,53.7655,711.93
Laser,Copper,Cu,Aluminum,Al,127.6,Carbon-coated,1721.73,,,678.29,584.0,51.076,,14.9,10.8,12.55,33.709,603.297
Laser,Copper,Cu,Aluminum,Al,38.5,Bare,675.52,6.5806,,208.58,378.5,115.727,73.076,65.2,70.0,19.13,5.8372,226.229
Laser,Aluminum,Al,Aluminum,Al,187.9,Nickel-plated,1912.05,,,785.34,107.0,48.968,,29.5,11.8,23.17,39.0471,122.779
Laser,Nickel,Ni,Copper,Cu,69.5,Bare,1118.45,7.2831,,917.25,2141.8,51.178,292.909,117.5,29.0,8.7,21.8542,3264.899
Laser,Copper,Cu,Aluminum,Al,142.4,Nickel-plated,879.43,4.9433,,155.08,186.3,67.137,19.648,29.0,75.7,12.73,13.0991,105.515
Laser,Aluminum,Al,Aluminum,Al,53.1,Bare,1425.1,,,178.36,2615.3,53.54,,19.8,56.9,8.02,26.6173,2236.203
Laser,Nickel,Ni,Copper,Cu,46.8,Carbon-coated,1856.66,0.9817,,667.38,2311.0,50.663,165.274,41.6,74.7,13.38,36.6473,2724.463
Laser,Copper,Cu,StainlessSteel,SS304,225.3,Nickel-plated,2984.0,5.2633,,680.31,2525.4,112.311,194.133,55.7,32.4,18.0,26.5692,5553.749
Laser,Copper,Cu,Copper,Cu,141.6,Nickel-plated,2174.55,5.65,,424.5,583.0,27.326,157.57,61.4,62.6,17.52,79.5776,968.337
Laser,Nickel,Ni,Copper,Cu,35.1,Bare,2425.57,2.6134,,467.26,1678.7,89.827,166.685,52.0,57.7,20.17,27.0026,2735.656
Laser,Aluminum,Al,Aluminum,Al,217.8,Tin-plated,2927.52,2.1439,,926.53,2481.8,13.157,141.643,83.5,75.0,10.47,222.5051,4660.847
Laser,Nickel,Ni,Copper,Cu,115.7,Carbon-coated,1705.74,11.8502,,172.54,2475.6,67.081,180.487,112.7,36.8,17.1,25.4283,4651.493
Laser,Nickel,Ni,Copper,Cu,188.2,Oxide,2793.42,3.9852,,882.77,2927.6,9.493,235.927,21.0,17.1,23.58,294.2574,6007.793
Laser,Nickel,Ni,Copper,Cu,143.4,Bare,834.86,4.5488,,425.99,1765.3,15.223,92.832,80.3,47.7,20.84,54.8411,1182.415
Laser,Copper,Cu,Copper,Cu,68.2,Bare,1302.67,5.6021,,224.52,662.5,54.999,212.378,94.2,77.3,23.68,23.6855,833.154
Laser,Copper,Cu,Copper,Cu,30.0,Bare,2293.02,0.5517,,851.25,2554.8,50.906,218.083,99.8,75.3,22.81,45.0437,3637.86
Laser,Nickel,Ni,Copper,Cu,226.4,Bare,2869.5,2.1135,,798.68,2345.6,84.9,222.363,71.2,59.3,24.45,33.7986,4479.303
Laser,Copper,Cu,Copper,Cu,59.3,Oxide,2878.58,,,983.17,1396.7,47.369,,-1.9,16.0,6.45,60.7693,2412.288
Laser,Copper,Cu,Aluminum,Al,116.9,Bare,668.22,6.554,,718.66,2269.3,20.674,41.727,114.7,42.5,6.44,32.3213,1158.099
Laser,Copper,Cu,Aluminum,Al,131.4,Carbon-coated,1309.48,4.753,,564.26,923.3,67.011,176.608,78.7,18.1,10.17,19.5412,1035.389
Laser,Copper,Cu,Aluminum,Al,50.9,Bare,522.82,6.1845,,861.47,2063.6,41.668,60.189,88.7,74.3,8.3,12.5473,954.619
Laser,Copper,Cu,Aluminum,Al,78.7,Bare,1263.35,6.5278,,308.96,2223.4,69.53,177.532,99.2,77.7,10.26,18.17,2715.995
Laser,Copper,Cu,Aluminum,Al,72.4,Tin-plated,1300.75,11.2909,,501.16,1601.0,23.327,235.667,49.0,71.1,13.35,55.7624,2953.485
Laser,Nickel,Ni,Copper,Cu,33.7,Bare,2078.22,,,653.27,288.8,70.174,,36.3,56.6,17.81,29.6152,360.095
Laser,Copper,Cu,Copper,Cu,156.9,Bare,2366.45,,,199.37,851.2,49.578,,14.9,73.1,4.16,47.7317,1208.526
Laser,Copper,Cu,Aluminum,Al,179.2,Nickel-plated,1076.53,7.8228,,613.49,257.4,93.619,69.402,27.7,27.9,6.1,11.499,222.189
Laser,Copper,Cu,Aluminum,Al,169.7,Bare,567.98,,,155.23,2757.4,21.237,,-0.5,68.6,10.05,26.7448,939.676
Laser,Copper,Cu,Aluminum,Al,47.8,Carbon-coated,1743.45,4.2413,,748.85,567.1,41.077,135.702,69.1,34.8,15.05,42.443,723.825
Laser,Copper,Cu,Copper,Cu,194.2,Bare,2457.91,,,475.34,102.2,57.899,,11.5,13.9,9.59,42.452,150.684
Laser,Aluminum,Al,Aluminum,Al,207.8,Nickel-plated,292.27,6.3897,,757.69,2508.0,118.778,152.817,70.6,58.9,16.04,2.4606,1419.358
Laser,Copper,Cu,Aluminum,Al,190.3,Carbon-coated,1812.19,10.5676,,196.23,2661.8,106.93,194.346,91.1,64.5,17.29,16.9474,5080.894
Laser,Copper,Cu,Copper,Cu,31.6,Carbon-coated,1494.01,6.7355,,770.32,551.8,33.596,143.414,29.8,23.7,12.21,44.4701,707.841
Laser,Copper,Cu,Copper,Cu,205.4,Oxide,1391.76,3.1333,,779.11,947.0,95.2,226.498,80.6,37.6,11.08,14.6193,1059.667
Laser,Copper,Cu,Copper,Cu,238.8,Bare,2796.84,7.3859,,400.87,784.4,114.142,104.751,-9.6,28.2,14.14,24.5032,1559.151
Laser,Copper,Cu,Aluminum,Al,158.7,Bare,2725.08,,,333.92,107.9,84.596,,80.4,14.3,4.92,32.2128,176.352
Laser,Aluminum,Al,Aluminum,Al,157.8,Carbon-coated,911.67,1.0362,,558.63,2524.5,81.315,163.416,65.9,13.7,9.07,11.2116,1551.886
Laser,Copper,Cu,Aluminum,Al,102.0,Tin-plated,1184.32,5.8237,,519.52,1347.5,102.695,116.202,76.7,37.5,7.27,11.5324,1322.32
Laser,Nickel,Ni,Copper,Cu,138.7,Bare,788.52,5.5182,,266.97,435.0,97.428,186.838,116.0,50.7,5.82,8.0934,385.159
Laser,Aluminum,Al,Aluminum,Al,164.9,Carbon-coated,1625.76,1.2783,,784.71,860.1,16.766,93.447,1.7,37.0,7.67,96.9688,880.088
Laser,Aluminum,Al,Aluminum,Al,139.7,Tin-plated,909.66,11.5976,,791.24,773.9,38.338,118.755,76.4,42.0,6.52,23.7273,848.72
Laser,StainlessSteel,SS304,Nickel,Ni,78.0,Nickel-plated,2756.06,10.53,,519.26,1968.0,118.02,217.951,33.9,34.6,17.27,23.3525,5061.069
Laser,Nickel,Ni,Copper,Cu,124.8,Bare,1962.44,11.857,,691.26,2904.5,49.664,110.137,8.6,71.8,23.4,39.5146,4937.114
Laser,Copper,Cu,Aluminum,Al,186.7,Tin-plated,2998.5,8.2463,,415.17,2763.2,112.057,264.138,72.6,54.8,23.46,26.7586,7378.723
Laser,StainlessSteel,SS304,Nickel,Ni,119.8,Nickel-plated,259.06,11.1845,,806.41,984.7,41.023,110.671,58.1,59.8,6.4,6.3151,640.597
Laser,Copper,Cu,Copper,Cu,160.9,Nickel-plated,1323.97,,,223.43,2625.2,91.85,,54.2,30.9,15.81,14.4144,2085.422
Laser,Copper,Cu,Aluminum,Al,140.6,Oxide,2730.85,,,580.96,2201.2,99.72,,-1.7,15.0,16.45,27.3852,3606.744
Laser,Nickel,Ni,Copper,Cu,87.4,Bare,1989.21,9.3117,,668.59,2345.2,117.394,149.623,42.8,55.4,5.02,16.9447,4106.108
Laser,Copper,Cu,Copper,Cu,222.8,Oxide,2371.32,,,221.03,2662.0,74.533,,89.3,69.8,19.42,31.8156,3787.449
Laser,Copper,Cu,Aluminum,Al,185.4,Bare,1526.77,7.632,,947.58,1053.3,33.338,50.626,76.6,22.1,21.13,45.7961,1127.642
Laser,Copper,Cu,Copper,Cu,141.9,Nickel-plated,372.01,,,994.88,791.3,52.117,,117.6,70.2,21.29,7.1381,176.614
Laser,Nickel,Ni,Copper,Cu,42.6,Tin-plated,1306.29,8.426,,770.76,246.7,93.649,230.958,90.8,15.5,21.65,13.9487,385.395
Laser,Copper,Cu,Aluminum,Al,236.7,Bare,1094.49,6.7478,,230.85,1116.8,111.037,74.48,63.6,44.6,4.42,9.857,957.904
Laser,StainlessSteel,SS304,Nickel,Ni,157.6,Bare,860.7,,,386.55,2413.9,79.898,,-9.5,75.2,21.28,10.7724,1246.558
Laser,StainlessSteel,SS304,Nickel,Ni,136.2,Tin-plated,1276.84,6.7606,,224.93,1782.5,19.938,42.088,43.5,62.6,21.56,64.0406,1568.496
Laser,StainlessSteel,SS304,Nickel,Ni,91.9,Tin-plated,2525.83,6.5709,,901.57,2464.4,94.82,82.558,112.6,62.8,20.35,26.6382,4269.611
Laser,Copper,Cu,Aluminum,Al,68.9,Bare,2942.42,1.0308,,893.09,432.4,83.882,229.687,32.8,31.1,19.12,35.0782,804.336
Laser,Copper,Cu,Copper,Cu,190.6,Bare,1182.46,5.1048,,694.58,2150.9,112.969,151.748,66.8,62.6,22.95,10.4672,2192.463
Laser,Aluminum,Al,Aluminum,Al,72.3,Nickel-plated,1026.71,8.1748,,431.93,1495.4,100.947,84.297,100.6,77.7,19.2,10.1707,1333.367
Laser,Copper,Cu,StainlessSteel,SS304,80.4,Anodized,2127.36,,,987.86,1396.0,70.034,,119.7,23.0,11.09,30.376,1781.827
Laser,Copper,Cu,Aluminum,Al,173.0,Carbon-coated,651.68,,,436.15,2550.0,43.235,,56.3,77.4,8.07,15.0729,997.056
Laser,Copper,Cu,StainlessSteel,SS304,173.2,Tin-plated,844.16,5.931,,598.68,2629.3,34.302,12.757,48.1,41.2,4.15,24.6098,1411.294
Laser,Copper,Cu,Aluminum,Al,65.8,Oxide,2687.4,,,178.52,2937.7,81.793,,53.8,33.4,21.83,32.8561,4736.864
Laser,Copper,Cu,Aluminum,Al,59.2,Carbon-coated,833.06,3.8998,,866.92,1461.8,100.167,276.605,17.9,77.9,4.99,8.3167,1361.408
Laser,Copper,Cu,Copper,Cu,175.9,Nickel-plated,1328.17,,,496.03,875.5,52.783,,-2.9,16.8,15.4,25.1631,697.671
Laser,Nickel,Ni,Copper,Cu,45.6,Nickel-plated,2650.23,7.862,,831.12,386.9,102.982,99.779,71.0,31.3,15.38,25.735,736.681
Laser,Copper,Cu,Copper,Cu,139.4,Nickel-plated,1072.52,7.9089,,484.81,1647.8,107.149,162.35,11.0,37.3,10.62,10.0095,1906.688
Laser,Nickel,Ni,Copper,Cu,70.6,Nickel-plated,428.8,2.3979,,544.73,2208.3,44.004,185.621,19.8,66.9,4.73,9.7445,961.322
Laser,Nickel,Ni,Copper,Cu,55.0,Carbon-coated,929.83,3.5351,,450.36,2620.4,8.635,153.274,118.2,56.7,23.57,107.6831,2029.816
Laser,StainlessSteel,SS304,Nickel,Ni,206.6,Tin-plated,2695.5,2.7235,,945.62,2420.1,57.673,81.999,45.1,57.9,24.5,46.738,4130.141
Laser,Aluminum,Al,Aluminum,Al,162.1,Nickel-plated,1137.04,,,331.61,506.8,66.168,,18.1,31.1,10.95,17.1842,345.78
Laser,Aluminum,Al,Aluminum,Al,105.3,Nickel-plated,2270.78,3.5687,,730.89,2300.2,46.864,275.452,28.9,38.1,12.57,48.4552,4038.415
Laser,StainlessSteel,SS304,Nickel,Ni,136.9,Nickel-plated,2249.55,8.198,,235.78,1552.3,94.197,255.836,23.6,31.9,12.07,23.8812,3397.447
Laser,Copper,Cu,Aluminum,Al,195.8,Tin-plated,1916.75,,,218.23,712.8,64.713,,110.3,76.9,17.81,29.619,819.797
Laser,Copper,Cu,Aluminum,Al,224.9,Bare,1667.68,1.9214,,602.11,1601.0,55.236,142.679,44.8,58.3,21.21,30.1922,1777.511
Laser,Nickel,Ni,Copper,Cu,175.9,Anodized,1887.91,9.2458,,756.48,2024.3,113.338,209.091,22.9,68.6,12.27,16.6573,3858.423
Laser,Aluminum,Al,Aluminum,Al,239.5,Bare,416.29,,,645.61,2427.8,12.427,,62.3,42.4,19.78,33.4972,606.386
Laser,Copper,Cu,Aluminum,Al,203.5,Oxide,1008.24,5.5491,,454.19,968.9,49.905,18.25,59.4,32.3,23.22,20.2033,625.405
Laser,Aluminum,Al,Aluminum,Al,215.4,Oxide,2376.35,0.9737,,534.96,1407.6,30.146,78.411,58.1,33.0,15.88,78.8281,2049.919
Laser,StainlessSteel,SS304,Nickel,Ni,38.1,Bare,2800.81,,,905.61,157.7,34.35,,62.4,78.7,22.23,81.5374,264.98
Laser,Copper,Cu,Aluminum,Al,155.3,Tin-plated,1481.19,7.9671,,210.6,2335.3,25.55,25.25,36.6,56.7,24.07,57.9724,2263.308
Laser,Nickel,Ni,Copper,Cu,178.7,Bare,2511.36,3.6329,,859.32,104.4,56.63,23.36,99.3,28.8,16.14,44.347,160.916
Laser,Aluminum,Al,Aluminum,Al,109.2,Oxide,1691.83,1.3129,,505.87,1225.3,109.717,218.238,58.7,25.6,9.88,15.42,1384.223
Laser,Copper,Cu,StainlessSteel,SS304,248.0,Bare,1794.56,9.1836,,483.09,1826.7,9.017,22.281,80.2,29.8,9.0,199.014,2116.336
Laser,Copper,Cu,Copper,Cu,242.0,Bare,888.19,,,553.09,1578.9,114.679,,8.1,28.9,5.87,7.745,841.416
Laser,Copper,Cu,Aluminum,Al,214.2,Nickel-plated,1246.44,9.6929,,366.73,1504.0,39.77,174.928,106.4,40.3,14.45,31.3409,2144.864
Laser,Nickel,Ni,Copper,Cu,246.5,Oxide,1964.36,5.3035,,930.3,180.2,51.567,108.184,69.3,46.0,22.27,38.0936,253.775
Laser,Copper,Cu,StainlessSteel,SS304,80.8,Bare,2345.41,7.8407,,893.33,1858.8,96.871,280.324,47.1,52.2,16.98,24.2118,4250.024
Laser,Copper,Cu,Copper,Cu,202.6,Carbon-coated,1311.82,7.8483,,986.63,1144.9,17.838,298.412,39.1,11.5,18.45,73.5401,1973.649
Laser,Aluminum,Al,Aluminum,Al,147.7,Nickel-plated,2088.67,4.1346,,168.14,1428.6,56.993,265.29,86.2,70.6,15.01,36.6478,2417.039
Laser,Nickel,Ni,Copper,Cu,85.3,Nickel-plated,1257.96,9.1389,,979.05,702.2,54.922,123.316,5.1,20.3,10.35,22.9044,846.542
Laser,Aluminum,Al,Aluminum,Al,205.2,Oxide,790.25,,,232.31,888.3,11.684,,17.2,53.3,22.58,67.638,421.181
Laser,Copper,Cu,Aluminum,Al,209.3,Carbon-coated,1703.91,8.7872,,228.64,2163.5,69.724,275.48,116.3,50.0,10.35,24.438,4306.79
Laser,Nickel,Ni,Copper,Cu,208.6,Tin-plated,1963.45,2.4732,,857.96,1073.7,86.457,47.653,48.2,59.1,19.54,22.7101,1315.557
Laser,Copper,Cu,Aluminum,Al,76.0,Bare,2673.51,10.7114,,765.48,2154.7,106.469,24.314,105.4,14.8,10.0,25.1107,3680.89
Laser,Nickel,Ni,Copper,Cu,47.8,Bare,576.59,4.0209,,864.15,1263.9,105.402,79.467,73.0,74.8,7.26,5.4704,598.784
Laser,Copper,Cu,Aluminum,Al,181.3,Tin-plated,899.28,5.6894,,975.84,743.8,27.736,232.396,1.4,48.4,8.58,32.4227,794.665
Laser,Nickel,Ni,Copper,Cu,92.4,Tin-plated,1007.94,8.1676,,241.54,2711.3,46.952,102.674,28.9,75.9,5.61,21.4673,2549.198
Laser,Copper,Cu,Copper,Cu,162.5,Tin-plated,2860.18,,,203.97,593.9,96.214,,41.7,76.9,7.17,29.7272,1019.275
Laser,Aluminum,Al,Aluminum,Al,105.4,Tin-plated,788.98,,,182.95,173.6,79.697,,65.3,73.8,24.79,9.8997,82.189
Laser,Copper,Cu,Aluminum,Al,31.6,Bare,2432.9,9.878,,779.32,2651.6,80.199,97.0,57.3,15.3,7.11,30.3359,4886.904
Laser,Aluminum,Al,Aluminum,Al,98.0,Bare,1700.76,4.3358,,267.86,2823.8,40.31,150.87,1.8,72.3,14.69,42.1922,3620.393
Laser,Nickel,Ni,Copper,Cu,150.8,Nickel-plated,634.83,1.3465,,468.06,1545.3,72.132,184.868,95.0,45.1,14.49,8.8009,742.48
Laser,Copper,Cu,Aluminum,Al,82.8,Nickel-plated,2171.2,,,915.23,2869.5,25.12,,2.2,30.5,20.15,86.4322,3738.158
Laser,Aluminum,Al,Aluminum,Al,61.8,Bare,1292.12,,,510.23,2755.1,17.234,,9.8,69.5,16.75,74.9737,2135.949
Laser,Nickel,Ni,Copper,Cu,204.5,Nickel-plated,2084.29,11.1447,,522.23,1274.3,67.1,193.786,-1.4,48.4,13.07,31.0625,2694.473
Laser,Copper,Cu,StainlessSteel,SS304,96.3,Oxide,2420.66,,,735.23,309.9,67.798,,6.3,70.8,14.34,35.7042,450.142
Laser,Copper,Cu,Copper,Cu,238.5,Bare,701.18,5.1974,,863.19,1066.4,10.444,56.706,83.9,46.9,16.44,67.1404,574.334
Laser,Nickel,Ni,Copper,Cu,141.1,Bare,1904.88,5.2594,,866.6,122.7,52.903,16.977,9.8,65.6,4.88,36.0068,144.56
Laser,Copper,Cu,Aluminum,Al,250.0,Nickel-plated,2760.23,2.844,,595.16,196.6,19.463,16.339,66.3,33.4,23.25,141.8212,329.259
Laser,Copper,Cu,Aluminum,Al,115.0,Bare,1662.19,2.6274,,196.32,391.2,34.247,170.081,47.4,75.0,22.31,48.5351,460.071
Laser,StainlessSteel,SS304,Nickel,Ni,134.9,Bare,800.7,,,881.16,635.0,67.412,,-2.3,43.6,9.01,11.8778,305.071
Laser,Copper,Cu,Aluminum,Al,213.1,Bare,2702.86,2.3413,,874.96,2630.4,112.959,298.63,77.0,61.9,22.84,23.9279,5001.334
Laser,Nickel,Ni,Copper,Cu,91.5,Oxide,2747.94,2.1543,,444.07,1961.2,87.245,99.144,30.5,33.9,10.39,31.4967,3401.033
Laser,Aluminum,Al,Aluminum,Al,189.1,Bare,962.24,8.1148,,438.08,2706.2,6.848,276.259,74.6,53.8,8.84,140.5088,3989.135
Laser,Copper,Cu,Aluminum,Al,107.0,Bare,1403.48,,,714.04,1114.0,74.267,,36.8,45.9,21.95,18.8978,938.074
Laser,Copper,Cu,Aluminum,Al,242.3,Tin-plated,2366.15,2.4436,,672.67,627.7,55.971,296.912,67.6,52.9,20.09,42.2746,1073.297
Laser,Copper,Cu,Aluminum,Al,104.0,Oxide,2041.51,6.5641,,612.39,2679.7,103.387,118.522,86.3,69.9,11.16,19.7462,4116.358
Laser,Copper,Cu,Aluminum,Al,222.7,Bare,382.89,,,486.77,2869.0,103.721,,96.2,57.3,16.48,3.6916,659.115
Laser,Copper,Cu,Copper,Cu,51.9,Nickel-plated,324.84,10.8932,,383.36,169.9,88.969,279.415,38.1,75.7,17.22,3.6511,239.909
Laser,Aluminum,Al,Aluminum,Al,173.4,Tin-plated,287.29,,,876.28,2211.1,88.395,,92.5,66.1,6.1,3.25,381.132
Laser,Copper,Cu,Copper,Cu,124.7,Bare,820.35,,,884.15,2556.9,92.536,,98.2,60.8,11.73,8.8652,1258.513
Laser,Copper,Cu,Copper,Cu,246.6,Oxide,2428.38,,,912.98,517.8,112.562,,117.7,19.2,11.89,21.5738,754.392
Laser,Copper,Cu,Copper,Cu,138.7,Tin-plated,434.17,2.0864,,784.39,163.0,31.216,147.155,7.5,50.2,21.99,13.9083,62.478
Laser,Copper,Cu,Aluminum,Al,171.9,Anodized,931.32,6.9102,,751.44,725.3,20.681,205.348,66.9,36.0,14.85,45.0331,816.972
Laser,Nickel,Ni,Copper,Cu,158.8,Oxide,1031.46,,,386.67,736.0,49.58,,13.6,54.5,18.89,20.8039,455.469
Laser,Copper,Cu,Aluminum,Al,171.4,Nickel-plated,2477.1,,,278.11,1872.1,102.885,,66.9,23.1,20.52,24.0764,2782.431
Laser,Aluminum,Al,Aluminum,Al,193.0,Nickel-plated,2476.14,,,159.44,606.8,104.758,,98.7,66.1,20.6,23.6366,901.493
Laser,Copper,Cu,Aluminum,Al,154.8,Carbon-coated,2133.78,8.2072,,325.33,913.5,64.397,272.893,62.2,35.3,21.42,33.1346,1987.959
Laser,Copper,Cu,Aluminum,Al,80.0,Bare,2414.68,1.7475,,567.84,705.1,96.567,96.903,-8.5,52.7,15.44,25.0052,1069.376
Laser,Copper,Cu,Aluminum,Al,45.8,Nickel-plated,1616.67,1.0885,,937.58,2836.7,90.041,71.85,59.9,40.6,8.51,17.9549,2840.325
Laser,Copper,Cu,Aluminum,Al,108.0,Oxide,841.75,11.1211,,955.41,1923.9,21.731,33.253,52.2,33.6,7.1,38.7352,1256.244
Laser,Copper,Cu,Aluminum,Al,218.4,Bare,2524.83,2.9898,,271.12,1479.4,21.506,109.536,32.5,46.1,8.74,117.4029,2434.987
Laser,Aluminum,Al,Aluminum,Al,230.6,Tin-plated,1720.38,,,319.5,667.4,25.38,,96.2,25.0,20.29,67.7863,688.886
Laser,Copper,Cu,Copper,Cu,164.1,Bare,1535.36,4.3771,,303.47,133.8,84.855,103.88,6.5,14.2,22.51,18.0938,147.612
Laser,StainlessSteel,SS304,Nickel,Ni,84.5,Bare,1191.94,4.179,,228.97,1632.2,37.131,207.693,11.5,60.5,6.09,32.1009,1733.995
Laser,Copper,Cu,Aluminum,Al,137.4,Oxide,1818.98,11.9119,,953.08,814.7,72.423,164.903,82.4,43.2,9.6,25.1158,1529.219
Laser,StainlessSteel,SS304,Nickel,Ni,211.9,Bare,1338.03,,,230.69,2180.7,106.609,,102.9,60.5,19.95,12.5507,1750.694
Laser,Nickel,Ni,Copper,Cu,133.9,Bare,1101.81,3.7732,,916.17,2262.9,91.817,169.326,14.6,60.7,20.12,12.0001,2074.233
Laser,StainlessSteel,SS304,Nickel,Ni,176.1,Anodized,1460.26,,,698.72,448.3,33.947,,36.0,78.5,5.19,43.0156,392.778
Laser,Copper,Cu,Copper,Cu,60.1,Tin-plated,1988.79,,,932.29,50.3,17.229,,99.4,39.0,18.76,115.4349,60.036
Laser,Nickel,Ni,Copper,Cu,112.1,Bare,2021.21,5.3814,,342.88,2987.5,74.472,65.19,31.2,41.7,22.69,27.1404,4042.185
Laser,Aluminum,Al,Aluminum,Al,74.3,Tin-plated,514.28,1.0965,,666.6,1212.7,16.281,260.552,44.0,69.3,8.84,31.5883,512.795
Laser,Copper,Cu,Copper,Cu,195.2,Nickel-plated,807.47,8.3807,,572.59,196.6,32.569,283.339,-7.3,22.0,22.68,24.793,281.995
Laser,Copper,Cu,Aluminum,Al,137.9,Bare,1320.14,10.0642,,834.02,928.8,64.835,181.725,68.4,37.7,7.02,20.3616,1415.109
Laser,Copper,Cu,Aluminum,Al,74.8,Carbon-coated,2652.1,,,946.46,1452.6,49.982,,89.4,58.0,16.87,53.0611,2311.443
Laser,Copper,Cu,Aluminum,Al,115.7,Oxide,1014.96,,,536.38,1279.4,86.07,,95.1,33.5,19.58,11.7922,779.133
Laser,Copper,Cu,Aluminum,Al,64.8,Nickel-plated,451.49,5.4956,,271.06,1770.6,54.58,64.049,68.4,55.0,14.03,8.2721,728.921
Laser,Copper,Cu,Aluminum,Al,247.4,Nickel-plated,1035.73,3.6488,,340.27,2224.3,60.952,75.417,74.4,74.0,21.04,16.9925,1627.077
Laser,Aluminum,Al,Aluminum,Al,130.4,Bare,1488.54,5.149,,790.29,2449.5,22.292,272.604,40.4,64.9,13.14,66.7734,3562.911
Laser,Copper,Cu,Copper,Cu,238.7,Bare,2359.83,6.2013,,714.67,1766.3,88.648,228.886,50.5,47.1,8.54,26.6202,3503.719
Laser,Nickel,Ni,Copper,Cu,140.8,Nickel-plated,489.79,,,637.56,1180.1,49.164,,70.9,15.2,22.85,9.9623,346.803
Laser,Copper,Cu,Copper,Cu,40.5,Oxide,1984.84,,,500.13,931.7,58.16,,86.2,18.2,20.73,34.1273,1109.579
Laser,Copper,Cu,StainlessSteel,SS304,165.7,Bare,2336.41,,,488.87,1777.0,73.124,,-5.2,30.6,19.91,31.9513,2491.039
Laser,Aluminum,Al,Aluminum,Al,220.2,Carbon-coated,1906.72,,,262.83,1362.4,9.666,,2.9,69.9,18.75,197.2626,1558.673
Laser,Copper,Cu,StainlessSteel,SS304,224.1,Tin-plated,2517.66,4.7169,,492.57,1156.7,31.527,147.782,39.8,55.3,14.29,79.857,2069.892
Laser,Aluminum,Al,Aluminum,Al,32.0,Nickel-plated,748.1,1.5336,,928.66,2353.4,63.692,143.238,37.0,10.8,6.4,11.7455,1263.154
Laser,Copper,Cu,Aluminum,Al,171.3,Nickel-plated,1553.43,8.8221,,255.08,1763.1,78.756,207.351,-9.4,79.0,24.69,19.7246,2933.409
Laser,Nickel,Ni,Copper,Cu,87.4,Carbon-coated,210.26,10.9073,,405.76,1704.9,107.38,62.066,81.8,39.0,15.6,1.9581,676.758
Laser,Nickel,Ni,Copper,Cu,50.3,Tin-plated,1412.12,11.6928,,403.9,590.4,52.062,246.164,116.4,38.9,11.55,27.1236,1179.877
Laser,Aluminum,Al,Aluminum,Al,68.6,Anodized,1661.72,9.3831,,216.03,1754.8,7.909,268.129,16.1,62.8,18.14,210.1138,3515.623
Laser,Nickel,Ni,Copper,Cu,244.6,Bare,2546.82,,,727.22,2867.4,70.306,,62.5,41.3,13.33,36.225,4381.605
Laser,StainlessSteel,SS304,Nickel,Ni,100.8,Nickel-plated,1936.88,4.1976,,957.89,2551.9,54.834,51.086,-6.6,66.9,5.01,35.3225,3184.492
Laser,Copper,Cu,Aluminum,Al,140.2,Oxide,1402.36,,,247.33,1495.8,67.172,,22.7,43.0,5.63,20.8772,1258.63
Laser,Copper,Cu,Copper,Cu,133.6,Nickel-plated,330.15,3.2996,,411.76,90.5,25.575,213.083,0.3,41.4,23.77,12.9089,43.374
Laser,Copper,Cu,Aluminum,Al,69.7,Bare,662.54,,,308.05,1041.7,34.891,,7.7,34.1,10.53,18.9887,414.122
Laser,Copper,Cu,Copper,Cu,109.4,Anodized,273.75,9.5297,,445.92,285.2,34.045,106.657,104.7,11.6,17.58,8.0407,162.782
Laser,Nickel,Ni,Copper,Cu,121.5,Nickel-plated,1048.93,,,706.47,1004.6,74.226,,47.8,37.3,8.63,14.1314,632.222
Laser,Copper,Cu,Copper,Cu,111.6,Anodized,2911.75,,,393.74,615.2,81.313,,110.6,66.6,7.2,35.8089,1074.804
Laser,Copper,Cu,Copper,Cu,69.0,Nickel-plated,1679.93,7.1626,,502.36,1385.8,76.519,299.447,3.2,26.5,11.69,21.9543,2585.667
Laser,Aluminum,Al,Aluminum,Al,79.1,Oxide,921.99,2.9934,,510.32,1510.1,71.527,132.442,4.8,49.6,5.5,12.8901,1074.845
Laser,Copper,Cu,Copper,Cu,227.9,Nickel-plated,2798.4,5.743,,675.21,346.5,26.779,255.715,114.8,59.7,10.6,104.4996,785.275
Laser,Copper,Cu,Copper,Cu,103.2,Tin-plated,2529.99,2.4939,,533.8,2204.1,44.2,252.744,77.3,62.0,14.65,57.2394,3901.453
Laser,Copper,Cu,Copper,Cu,197.6,Nickel-plated,1638.63,8.1453,,290.24,795.7,104.724,245.714,86.7,42.4,8.87,15.6471,1419.363
Laser,Aluminum,Al,Aluminum,Al,236.9,Carbon-coated,544.87,2.7808,,161.93,828.9,5.915,50.907,44.3,58.0,17.35,92.1106,317.916
Laser,Copper,Cu,Aluminum,Al,110.1,Bare,2143.6,1.1768,,880.08,815.6,112.953,76.418,78.8,78.5,18.62,18.9777,1078.383
Laser,Copper,Cu,Copper,Cu,117.3,Bare,814.48,1.6644,,209.48,299.5,85.703,265.952,27.0,55.1,22.85,9.5035,199.414
Laser,StainlessSteel,SS304,Nickel,Ni,55.5,Nickel-plated,630.76,,,992.08,2440.4,117.839,,13.1,25.8,16.02,5.3527,923.585
Laser,Copper,Cu,Copper,Cu,185.7,Bare,1273.99,6.0767,,482.36,415.2,118.351,88.596,32.6,59.8,10.98,10.7645,406.755
Laser,Copper,Cu,Aluminum,Al,247.6,Bare,2187.72,,,833.37,2583.6,109.962,,32.9,18.2,8.07,19.8952,3391.339
Laser,StainlessSteel,SS304,Nickel,Ni,171.0,Nickel-plated,1612.28,3.0042,,175.95,497.4,10.155,264.751,108.4,48.6,6.76,158.7675,639.402
Laser,Aluminum,Al,Aluminum,Al,143.1,Anodized,1934.37,2.5777,,254.97,1260.0,27.293,89.574,-4.6,55.4,14.42,70.8729,1578.73
Laser,Aluminum,Al,Aluminum,Al,249.1,Nickel-plated,1719.76,10.8883,,952.95,2176.0,62.411,21.486,69.9,57.2,11.05,27.5555,2448.934
Laser,Nickel,Ni,Copper,Cu,147.7,Nickel-plated,2660.22,,,263.3,2931.5,87.67,,116.0,60.2,12.8,30.3435,4679.064
Laser,Copper,Cu,StainlessSteel,SS304,226.6,Carbon-coated,642.21,,,795.72,155.1,19.372,,111.5,52.4,20.47,33.1523,59.746
Laser,Nickel,Ni,Copper,Cu,115.9,Tin-plated,1917.45,11.9696,,666.44,672.3,91.756,250.497,4.3,36.8,18.38,20.8973,1579.797
Laser,Copper,Cu,Aluminum,Al,67.1,Bare,1108.61,8.3913,,970.24,1380.3,25.806,113.731,57.6,10.6,17.23,42.9591,1445.093
Laser,Copper,Cu,Aluminum,Al,224.8,Nickel-plated,2861.4,,,478.94,2332.1,113.538,,32.0,47.9,21.97,25.2022,4003.924
Laser,Copper,Cu,Copper,Cu,146.2,Anodized,1008.03,,,802.32,1656.9,78.656,,92.0,43.3,16.15,12.8156,1002.133
Laser,Nickel,Ni,Copper,Cu,196.3,Bare,1869.16,11.7207,,674.87,2054.7,10.574,162.649,9.0,37.2,17.35,176.7682,3871.176
Laser,Copper,Cu,Copper,Cu,72.7,Nickel-plated,2661.07,,,337.35,109.0,42.918,,90.3,42.5,22.81,62.0041,173.983
Laser,Nickel,Ni,Copper,Cu,106.0,Nickel-plated,1189.57,,,946.12,348.3,67.186,,107.8,41.4,16.14,17.7057,248.615
Laser,Copper,Cu,Aluminum,Al,112.2,Carbon-coated,1200.97,7.8818,,164.77,1552.3,92.07,295.72,3.5,25.7,6.94,13.044,2565.861
Laser,Nickel,Ni,Copper,Cu,51.4,Tin-plated,2284.36,3.5501,,587.13,2765.0,92.725,197.631,53.2,22.4,6.35,24.6358,4565.788
Laser,Copper,Cu,Copper,Cu,46.1,Tin-plated,2529.52,10.7243,,643.48,60.4,15.765,150.535,28.8,38.5,5.48,160.4498,130.716
Laser,Copper,Cu,Copper,Cu,103.7,Bare,2859.67,,,296.15,1368.2,50.282,,112.3,54.4,10.37,56.8724,2347.601
Laser,Copper,Cu,Copper,Cu,95.6,Bare,487.26,,,968.41,1689.5,13.662,,13.1,57.2,23.41,35.6659,493.932
Laser,StainlessSteel,SS304,Nickel,Ni,98.3,Bare,1221.02,3.1703,,599.56,511.3,8.753,274.546,16.7,55.9,9.75,139.4911,552.598
Laser,StainlessSteel,SS304,Nickel,Ni,114.3,Bare,2465.47,2.793,,179.56,2027.9,62.683,299.602,45.6,40.7,16.82,39.3323,3678.564
Laser,Aluminum,Al,Aluminum,Al,71.9,Carbon-coated,2047.33,,,840.91,1599.1,5.193,,42.8,68.7,22.87,394.2365,1964.383
Laser,Nickel,Ni,Copper,Cu,224.2,Bare,658.08,3.4918,,607.44,723.9,85.207,123.08,4.7,46.1,17.19,7.7233,410.25
Laser,Nickel,Ni,Copper,Cu,64.7,Oxide,1648.32,2.7011,,635.57,467.0,25.212,129.164,79.7,37.2,14.67,65.3797,527.036
Laser,Aluminum,Al,Aluminum,Al,179.1,Nickel-plated,897.55,8.6979,,701.87,2601.6,23.053,185.291,116.7,57.0,23.93,38.9343,3078.132
Laser,Copper,Cu,Copper,Cu,45.8,Nickel-plated,1008.04,,,277.1,1218.7,7.311,,113.3,74.9,16.9,137.8877,737.092
Laser,StainlessSteel,SS304,Nickel,Ni,184.5,Nickel-plated,670.16,7.1628,,971.71,2575.2,14.599,67.913,-6.5,35.6,17.99,45.9058,1536.571
Laser,Copper,Cu,Aluminum,Al,104.6,Carbon-coated,2621.19,5.4556,,402.5,1818.7,24.461,96.921,87.8,20.9,7.89,107.158,3244.957
Laser,Nickel,Ni,Copper,Cu,121.6,Bare,2638.41,10.5925,,286.17,1241.4,11.303,17.85,27.5,58.5,12.87,233.4352,2059.155
Laser,Nickel,Ni,Copper,Cu,241.6,Bare,400.96,,,328.3,2124.2,30.045,,40.3,58.3,19.08,13.3454,511.04
Laser,Nickel,Ni,Copper,Cu,79.3,Nickel-plated,2406.74,,,293.54,2248.7,40.09,,93.1,52.2,14.11,60.0336,3247.16
Laser,Aluminum,Al,Aluminum,Al,176.8,Tin-plated,2910.59,5.3493,,387.65,2274.5,17.188,40.627,-0.6,69.3,20.18,169.3404,4169.791
Laser,Copper,Cu,Aluminum,Al,164.0,Nickel-plated,2973.76,10.3072,,618.71,266.1,101.744,128.045,99.1,42.3,10.02,29.2278,615.3
Laser,Copper,Cu,Aluminum,Al,32.4,Carbon-coated,1522.16,,,946.26,472.4,118.217,,42.2,16.3,15.74,12.876,431.482
Laser,Nickel,Ni,Copper,Cu,65.1,Nickel-plated,1284.1,9.1769,,605.15,1866.2,110.342,237.578,-0.7,36.5,23.79,11.6375,3065.358
Laser,Nickel,Ni,Copper,Cu,87.8,Bare,273.74,,,544.89,1292.2,60.603,,110.9,11.8,6.7,4.517,212.236
Laser,Copper,Cu,Copper,Cu,60.5,Bare,2057.54,,,490.02,420.2,27.207,,113.0,36.3,19.64,75.6256,518.795
Laser,Copper,Cu,Aluminum,Al,148.8,Bare,585.28,7.9373,,650.13,919.1,28.191,29.681,-0.6,66.9,12.13,20.7607,409.387
Laser,Nickel,Ni,Copper,Cu,78.2,Nickel-plated,2799.0,10.257,,853.51,2460.1,20.864,26.58,94.0,66.9,21.62,134.1552,4399.812
Laser,Aluminum,Al,Aluminum,Al,171.4,Oxide,1757.23,3.428,,964.77,981.4,10.091,177.964,113.3,61.3,4.27,174.1337,1274.178
Laser,Nickel,Ni,Copper,Cu,65.9,Carbon-coated,357.03,,,492.02,1264.5,17.734,,58.4,45.8,21.36,20.1321,270.886
Laser,Copper,Cu,Copper,Cu,236.9,Bare,462.4,,,905.3,1837.6,75.674,,96.3,52.6,22.45,6.1104,509.82
Laser,Copper,Cu,Aluminum,Al,136.1,Bare,2733.06,,,743.88,811.6,47.072,,100.8,67.9,20.07,58.0617,1330.835
Laser,Aluminum,Al,Aluminum,Al,83.1,Bare,1288.14,2.682,,389.68,2331.3,78.524,145.235,86.2,14.8,23.92,16.4045,2165.074
Laser,Nickel,Ni,Copper,Cu,132.4,Tin-plated,1155.27,,,242.59,2209.0,50.509,,8.4,76.0,9.63,22.8727,1531.172
Laser,Nickel,Ni,Copper,Cu,120.0,Bare,1060.64,5.3626,,807.04,1344.3,11.617,17.965,63.1,15.4,24.58,91.3037,907.272
Laser,Copper,Cu,Aluminum,Al,167.0,Oxide,995.95,11.083,,277.02,721.2,77.26,218.63,60.8,57.3,22.18,12.8907,1129.952
Laser,Aluminum,Al,Aluminum,Al,228.6,Bare,1844.76,,,409.06,1893.6,75.634,,81.0,76.1,6.35,24.3905,2095.94
Laser,Aluminum,Al,Aluminum,Al,94.3,Bare,1756.49,9.7153,,401.46,1661.0,109.734,132.877,94.7,17.4,12.22,16.0068,2608.183
Laser,Copper,Cu,Copper,Cu,224.2,Bare,1246.81,8.9433,,828.68,1093.4,107.446,259.715,62.5,56.7,21.33,11.6041,1833.775
Laser,Copper,Cu,Aluminum,Al,187.8,Nickel-plated,1512.7,,,221.28,287.2,20.069,,-1.5,54.3,16.51,75.3736,260.688
Laser,Copper,Cu,Copper,Cu,65.5,Nickel-plated,803.72,7.5861,,574.45,1213.2,107.934,235.793,92.7,25.9,24.24,7.4464,1453.042
Laser,Aluminum,Al,Aluminum,Al,179.6,Bare,1343.88,10.1574,,560.0,1523.6,118.286,205.53,48.6,46.6,16.25,11.3613,2500.773
Laser,Nickel,Ni,Copper,Cu,169.4,Carbon-coated,2362.21,,,418.66,384.7,101.389,,65.5,17.5,16.97,23.2984,545.288
Laser,Aluminum,Al,Aluminum,Al,120.7,Bare,483.65,7.5331,,506.74,2374.3,49.028,189.986,26.8,29.6,4.73,9.8646,2048.259
Laser,Aluminum,Al,Aluminum,Al,183.3,Oxide,690.28,6.1087,,501.09,1168.9,98.217,28.888,49.1,79.3,9.02,7.0282,566.621
Laser,Nickel,Ni,Copper,Cu,45.7,Bare,1405.48,5.7205,,970.32,1864.7,68.978,297.443,44.7,45.0,4.97,20.3757,2841.633
Laser,Copper,Cu,Aluminum,Al,242.7,Bare,2851.42,9.3199,,398.77,2042.8,29.31,208.868,84.2,42.8,16.99,97.2843,5085.51
Laser,Nickel,Ni,Copper,Cu,53.7,Bare,2146.5,10.8942,,371.3,2744.8,50.232,24.523,40.3,44.1,13.06,42.7315,3828.385
Laser,Copper,Cu,Aluminum,Al,219.8,Bare,624.24,9.3234,,444.49,2230.4,19.489,278.787,56.2,38.0,7.83,32.0295,3154.295
Laser,StainlessSteel,SS304,Nickel,Ni,55.4,Bare,432.32,,,953.53,57.4,80.703,,74.1,31.4,17.41,5.357,14.889
Laser,Nickel,Ni,Copper,Cu,216.6,Bare,276.85,5.8822,,965.28,1315.7,100.979,239.451,85.4,48.5,23.41,2.7416,959.824
Laser,StainlessSteel,SS304,Nickel,Ni,164.3,Bare,1414.52,8.479,,982.85,743.9,17.499,157.158,62.5,66.0,5.69,80.8328,1027.836
Laser,Nickel,Ni,Copper,Cu,193.5,Tin-plated,2076.37,3.006,,747.12,2458.3,46.166,241.571,69.2,10.2,6.02,44.9762,3776.678
Laser,Copper,Cu,StainlessSteel,SS304,38.5,Bare,277.21,,,458.98,2580.5,16.555,,114.7,70.2,5.32,16.7452,429.198
Laser,StainlessSteel,SS304,Nickel,Ni,87.3,Nickel-plated,1683.07,8.1969,,273.63,835.0,13.259,228.448,97.9,52.2,22.75,126.9341,1468.648
Laser,Nickel,Ni,Copper,Cu,181.9,Bare,1072.64,4.68,,477.68,2028.4,96.792,134.481,118.8,42.8,8.36,11.082,1816.06
Laser,Copper,Cu,Aluminum,Al,247.3,Bare,1937.55,,,649.18,2755.1,6.137,,14.2,25.6,23.66,315.6985,3202.882
Laser,Copper,Cu,Copper,Cu,52.5,Bare,2177.92,5.9214,,740.34,1405.6,116.963,19.829,89.3,19.4,20.91,18.6206,1902.848
Laser,Aluminum,Al,Aluminum,Al,147.7,Carbon-coated,251.88,10.7765,,660.83,1556.2,44.286,252.911,70.6,69.2,5.3,5.6877,1931.78
Laser,StainlessSteel,SS304,Nickel,Ni,246.7,Bare,1839.99,1.3072,,895.67,522.2,93.761,169.46,-8.7,19.0,15.79,19.6243,622.814
Laser,Nickel,Ni,Copper,Cu,53.6,Nickel-plated,2237.18,1.8484,,725.22,2884.0,85.439,37.821,109.9,23.0,23.4,26.1844,3951.926
Laser,StainlessSteel,SS304,Nickel,Ni,71.1,Bare,2133.62,8.7177,,937.38,2385.1,36.205,125.99,118.7,54.0,16.29,58.9316,4101.179
Laser,StainlessSteel,SS304,Nickel,Ni,58.2,Bare,2515.44,1.164,,947.29,868.5,85.612,64.555,64.6,22.4,16.41,29.382,1336.849
Laser,Aluminum,Al,Aluminum,Al,94.8,Bare,520.23,1.1031,,584.98,874.0,60.504,109.78,33.9,51.2,5.56,8.5982,315.162
Laser,Copper,Cu,Aluminum,Al,240.2,Carbon-coated,1584.39,,,760.71,1053.4,17.762,,61.8,18.0,4.04,89.1992,1001.404
Laser,Copper,Cu,Copper,Cu,43.1,Carbon-coated,1499.97,4.7389,,556.45,1320.9,90.882,64.172,117.7,20.8,24.84,16.5046,1349.439
Laser,Copper,Cu,Copper,Cu,193.4,Bare,932.99,,,607.36,1749.5,54.503,,105.0,68.9,4.04,17.1181,979.337
Laser,StainlessSteel,SS304,Nickel,Ni,45.3,Nickel-plated,2018.4,,,765.38,201.0,31.209,,106.6,72.2,23.2,64.6732,243.447
Laser,Copper,Cu,Copper,Cu,209.8,Bare,1018.92,0.592,,617.16,538.6,9.354,69.879,108.5,43.3,7.04,108.9314,338.186
Laser,Copper,Cu,Copper,Cu,49.1,Tin-plated,2544.25,,,866.77,2432.6,32.344,,92.0,74.4,17.38,78.6617,3713.475
Laser,Aluminum,Al,Aluminum,Al,45.1,Carbon-coated,843.39,5.7668,,591.56,732.1,60.403,174.674,22.2,16.3,16.48,13.9628,665.433
Laser,Copper,Cu,Aluminum,Al,231.2,Anodized,593.97,10.7999,,155.85,1433.6,31.727,225.059,110.9,15.1,4.86,18.7214,1904.783
Laser,Copper,Cu,Aluminum,Al,123.9,Bare,1478.89,4.6717,,865.8,2658.3,8.961,118.198,77.6,42.1,13.67,165.0327,2945.987
Laser,Copper,Cu,Aluminum,Al,101.0,Bare,543.11,6.6311,,837.35,1899.9,87.23,196.798,-1.5,74.1,5.43,6.2262,1610.884
Laser,Copper,Cu,Aluminum,Al,177.6,Bare,690.58,,,823.93,1975.1,87.533,,22.9,76.2,9.37,7.8893,818.379
Laser,Copper,Cu,Copper,Cu,209.4,Nickel-plated,2697.75,1.3302,,686.35,856.7,81.406,184.527,58.2,20.7,24.93,33.1393,1470.745
Laser,Aluminum,Al,Aluminum,Al,117.3,Bare,2105.28,6.1525,,350.75,1049.2,99.805,154.543,46.3,57.2,19.65,21.094,1724.345
Laser,Copper,Cu,StainlessSteel,SS304,125.7,Bare,971.03,,,159.82,2432.8,65.265,,5.4,41.5,7.99,14.8782,1417.399
Laser,StainlessSteel,SS304,Nickel,Ni,244.4,Nickel-plated,1544.95,11.8409,,625.83,890.6,94.806,36.104,93.1,20.6,22.28,16.2958,977.89
Laser,Copper,Cu,StainlessSteel,SS304,179.1,Bare,521.65,10.8845,,659.39,1505.8,75.675,108.946,104.9,58.7,10.04,6.8933,1185.555
Laser,Aluminum,Al,Aluminum,Al,35.5,Tin-plated,2580.41,3.5514,,974.29,90.3,113.63,160.103,103.4,26.7,12.94,22.7089,160.419
Laser,Copper,Cu,Copper,Cu,120.0,Carbon-coated,1878.57,,,831.01,2158.6,12.166,,31.6,28.8,13.74,154.4137,2433.085
Laser,Copper,Cu,Aluminum,Al,199.5,Nickel-plated,1693.72,,,969.14,651.2,69.871,,15.8,50.6,8.05,24.2406,661.725
Laser,Copper,Cu,Aluminum,Al,109.5,Carbon-coated,860.02,,,781.39,2714.7,31.039,,106.8,67.8,24.42,27.7074,1400.833
Laser,Nickel,Ni,Copper,Cu,121.4,Bare,1371.61,11.1735,,552.53,1573.7,62.072,245.572,7.3,22.8,11.48,22.097,3022.25
Laser,Aluminum,Al,Aluminum,Al,249.4,Oxide,1736.55,4.7607,,418.89,1422.9,36.394,191.121,30.0,74.7,14.54,47.7151,2000.373
Laser,Nickel,Ni,Copper,Cu,218.9,Bare,2645.7,,,491.22,1486.5,113.602,,85.4,65.3,9.48,23.2892,2359.67
Laser,Copper,Cu,Aluminum,Al,121.9,Nickel-plated,2237.43,5.0039,,888.1,689.5,22.192,77.341,110.9,31.4,16.47,100.8228,1032.33
Laser,Copper,Cu,Copper,Cu,149.0,Bare,1789.61,,,180.42,2200.1,88.597,,2.7,56.8,17.67,20.1996,2362.421
Laser,Nickel,Ni,Copper,Cu,128.4,Oxide,1703.37,6.7228,,644.34,1253.6,81.708,134.591,45.6,55.3,17.98,20.8471,1734.904
Laser,Copper,Cu,Copper,Cu,216.3,Anodized,2096.2,11.3708,,970.66,2086.2,117.246,19.302,97.7,61.0,21.79,17.8786,2807.064
Laser,Copper,Cu,Copper,Cu,171.7,Carbon-coated,300.29,7.2114,,204.36,1562.1,97.86,251.116,96.5,13.2,9.07,3.0686,1413.021
Laser,Copper,Cu,Copper,Cu,218.6,Carbon-coated,844.45,11.4683,,339.61,2552.7,51.877,264.228,58.4,34.8,21.25,16.2779,4387.518
Laser,StainlessSteel,SS304,Nickel,Ni,156.2,Bare,529.83,3.2754,,424.15,2875.6,69.185,245.679,92.4,44.8,22.69,7.6582,1839.765
Laser,Copper,Cu,Aluminum,Al,171.0,Bare,2628.33,,,470.44,2019.8,71.113,,69.4,34.6,13.65,36.9597,3185.261
Laser,StainlessSteel,SS304,Nickel,Ni,156.9,Carbon-coated,1331.13,3.4288,,828.85,1043.4,64.254,196.522,-5.4,27.9,24.3,20.7168,1114.591
Laser,Nickel,Ni,Copper,Cu,118.6,Bare,1535.18,8.8509,,234.23,2814.5,33.554,89.001,10.2,32.7,22.17,45.7525,3479.329
Laser,Aluminum,Al,Aluminum,Al,173.5,Bare,2527.33,9.7664,,654.03,2731.1,117.905,243.089,9.7,29.9,19.64,21.4353,6734.89
Laser,Copper,Cu,Copper,Cu,59.5,Nickel-plated,485.91,4.8825,,504.96,1986.9,61.93,130.67,1.7,51.1,19.17,7.8461,1086.342
Laser,Copper,Cu,Copper,Cu,181.9,Tin-plated,2343.31,4.7354,,422.99,1133.8,57.433,79.425,-5.2,28.2,13.97,40.8007,1764.622
Laser,Nickel,Ni,Copper,Cu,147.8,Tin-plated,2787.61,9.4745,,640.59,216.4,49.506,271.578,11.5,20.7,13.62,56.3088,584.554
Laser,StainlessSteel,SS304,Nickel,Ni,53.7,Bare,1232.62,,,678.85,1655.0,39.217,,1.9,20.8,15.65,31.4308,1223.992
Laser,Copper,Cu,Copper,Cu,163.2,Nickel-plated,1745.82,7.3314,,471.16,1138.4,49.463,101.03,30.4,45.7,13.13,35.2956,1529.742
Laser,Copper,Cu,Aluminum,Al,111.1,Carbon-coated,649.23,8.4934,,670.51,183.9,38.549,48.716,50.7,42.4,20.02,16.8417,102.089
Laser,Copper,Cu,Copper,Cu,124.7,Nickel-plated,677.86,9.4134,,405.48,2249.1,16.298,22.217,1.6,11.8,21.02,41.5916,1102.884
Laser,Copper,Cu,Copper,Cu,242.3,Anodized,1733.14,2.8477,,757.96,1393.9,46.337,42.011,57.3,19.6,18.14,37.4027,1516.208
Laser,Copper,Cu,Copper,Cu,79.7,Nickel-plated,1292.54,6.1695,,653.47,1361.7,12.9,273.87,-4.9,59.2,17.39,100.1983,1976.326
Laser,StainlessSteel,SS304,Nickel,Ni,65.9,Nickel-plated,2464.29,1.7911,,974.01,2223.8,42.216,88.373,78.8,73.5,22.23,58.3734,3428.836
Laser,StainlessSteel,SS304,Nickel,Ni,58.0,Bare,1713.59,,,512.26,2282.5,38.829,,27.6,48.3,4.05,44.1314,2346.785
Laser,Copper,Cu,Copper,Cu,63.9,Tin-plated,339.46,9.4619,,562.91,1176.0,104.668,106.268,112.5,31.0,22.6,3.2432,712.522
Laser,Copper,Cu,Copper,Cu,146.4,Bare,1803.87,7.6783,,711.28,1030.3,64.867,270.132,114.3,77.0,12.99,27.8088,1970.002
Laser,StainlessSteel,SS304,Nickel,Ni,40.1,Oxide,1350.55,11.3873,,350.1,231.5,62.772,124.951,40.6,26.7,9.34,21.5153,319.393
Laser,Nickel,Ni,Copper,Cu,97.8,Bare,1215.8,3.6008,,651.06,2045.8,77.964,266.753,97.1,26.6,13.61,15.5945,2278.424
Laser,Copper,Cu,Aluminum,Al,149.7,Bare,487.33,,,591.62,1070.2,8.315,,45.6,27.1,7.25,58.6073,312.921
Laser,Aluminum,Al,Aluminum,Al,35.8,Bare,1977.14,5.4695,,413.41,1879.7,29.49,278.185,91.2,30.1,23.04,67.0445,3373.818
Laser,Nickel,Ni,Copper,Cu,138.5,Anodized,1809.98,5.2287,,338.73,1042.5,35.009,63.99,-3.0,62.0,21.85,51.7006,1271.619
Laser,Copper,Cu,StainlessSteel,SS304,183.6,Tin-plated,1754.88,6.6954,,939.35,2894.5,18.517,146.673,118.6,24.8,19.09,94.7694,4184.634
Laser,StainlessSteel,SS304,Nickel,Ni,128.2,Nickel-plated,1883.9,5.0742,,534.95,327.5,99.504,234.73,-6.6,12.4,24.09,18.933,526.2
Laser,StainlessSteel,SS304,Nickel,Ni,142.1,Nickel-plated,2503.95,6.698,,602.55,1328.9,112.886,75.295,102.1,75.9,23.55,22.1812,2264.657
Laser,Copper,Cu,Aluminum,Al,39.8,Oxide,1207.82,11.5715,,592.99,1808.0,27.913,159.832,92.5,52.4,9.66,43.2712,2647.767
Laser,Copper,Cu,Copper,Cu,99.6,Bare,2942.91,,,435.81,87.4,87.991,,103.8,27.4,14.23,33.4457,154.396
Laser,StainlessSteel,SS304,Nickel,Ni,63.6,Bare,2551.83,,,667.07,82.2,9.059,,57.8,50.0,8.29,281.6955,125.839
Laser,Copper,Cu,Aluminum,Al,215.9,Nickel-plated,1105.2,7.661,,748.45,1094.1,46.883,36.673,107.7,37.9,14.66,23.5736,848.445
Laser,Aluminum,Al,Aluminum,Al,50.2,Bare,587.94,8.5941,,685.01,1265.1,40.153,249.898,110.3,75.5,20.62,14.6425,1533.087
Laser,Copper,Cu,Copper,Cu,225.2,Tin-plated,971.49,5.9282,,997.76,2784.8,16.856,254.986,55.2,13.7,12.25,57.6343,3307.058
Laser,StainlessSteel,SS304,Nickel,Ni,138.2,Tin-plated,1567.34,3.0784,,454.4,257.0,72.18,60.724,24.6,36.0,5.89,21.7142,260.926
Laser,Copper,Cu,Copper,Cu,86.6,Oxide,1902.08,,,789.99,124.4,76.03,,17.1,23.9,15.48,25.0176,141.969
Laser,Copper,Cu,Copper,Cu,45.9,Bare,2417.39,,,467.25,1223.7,49.748,,13.0,74.0,13.71,48.5922,1774.908
Laser,Copper,Cu,StainlessSteel,SS304,95.6,Bare,1069.8,,,299.1,325.7,38.009,,51.2,43.1,19.37,28.1455,209.074
Laser,Nickel,Ni,Copper,Cu,47.1,Tin-plated,2046.24,8.7943,,720.77,2948.7,106.951,256.287,107.0,54.2,9.38,19.1324,6278.616
Laser,Copper,Cu,Aluminum,Al,145.5,Bare,2577.56,1.274,,892.08,2707.1,77.279,54.298,46.8,54.1,16.35,33.354,4261.499
Laser,Copper,Cu,Aluminum,Al,97.9,Bare,2410.5,,,329.36,1423.5,5.367,,6.5,71.6,17.55,449.1672,2058.863
Laser,Copper,Cu,Aluminum,Al,218.1,Nickel-plated,2555.25,,,571.78,1662.6,109.698,,57.8,13.3,18.79,23.2934,2548.964
Laser,Nickel,Ni,Copper,Cu,230.1,Carbon-coated,786.71,7.0036,,632.51,1179.7,80.772,256.886,76.5,29.4,12.19,9.7399,1405.787
Laser,Copper,Cu,Copper,Cu,58.0,Bare,2618.84,,,452.09,1085.8,66.081,,-0.9,64.4,5.55,39.6307,1706.122
Laser,Copper,Cu,Copper,Cu,190.2,Nickel-plated,1623.01,11.2894,,359.44,560.6,68.556,39.325,15.4,65.8,12.07,23.6742,645.416
Laser,Aluminum,Al,Aluminum,Al,156.6,Oxide,253.96,1.0487,,223.63,1236.3,14.196,251.614,12.4,60.4,11.59,17.8892,318.867
Laser,Copper,Cu,Copper,Cu,216.9,Bare,1019.1,5.4835,,441.83,2848.5,36.901,89.954,10.6,42.9,14.73,27.6172,2303.763
Laser,Aluminum,Al,Aluminum,Al,249.7,Nickel-plated,2321.49,11.8165,,537.22,248.2,27.285,253.897,38.6,55.5,23.89,85.0831,643.549
Laser,Copper,Cu,Aluminum,Al,154.0,Nickel-plated,2911.3,1.4783,,815.67,1040.5,94.85,137.18,114.6,36.0,23.57,30.6936,1901.931
Laser,Copper,Cu,Copper,Cu,225.9,Nickel-plated,2827.23,,,843.29,522.4,109.785,,89.9,40.4,5.95,25.7524,886.205
Laser,Copper,Cu,StainlessSteel,SS304,102.7,Carbon-coated,2177.3,,,896.96,1184.1,41.499,,93.4,65.9,15.85,52.4671,1546.861
Laser,Copper,Cu,Aluminum,Al,32.3,Nickel-plated,1649.64,3.5692,,814.02,90.0,97.932,56.256,91.6,28.8,19.25,16.8448,96.294
Laser,Aluminum,Al,Aluminum,Al,164.9,Bare,1496.52,7.0834,,235.6,1795.1,67.323,33.13,41.7,17.5,17.22,22.2291,1780.345
Laser,Copper,Cu,Aluminum,Al,145.1,Nickel-plated,1453.45,5.2983,,510.07,1774.4,35.006,150.939,116.9,56.4,5.61,41.5195,2115.042
Laser,Copper,Cu,Aluminum,Al,124.6,Nickel-plated,1697.89,2.7352,,941.66,1305.1,18.598,171.435,77.8,46.8,21.43,91.2922,1574.348
Laser,Copper,Cu,Aluminum,Al,207.8,Bare,2854.15,11.306,,817.38,2113.6,38.172,125.7,37.6,52.8,22.09,74.7712,4821.086
Laser,Copper,Cu,Copper,Cu,47.7,Tin-plated,1572.49,11.8642,,422.33,1495.3,102.065,172.254,60.6,54.9,20.14,15.4066,2633.131
Laser,Copper,Cu,Aluminum,Al,112.4,Tin-plated,1265.8,11.8578,,796.65,121.6,41.393,292.337,42.5,38.8,18.61,30.58,261.059
Laser,Copper,Cu,Copper,Cu,173.9,Tin-plated,1163.45,,,689.12,698.6,15.935,,40.0,23.7,16.34,73.0109,487.675
Laser,Copper,Cu,Aluminum,Al,245.4,Bare,671.4,2.9657,,837.27,1908.9,36.154,230.473,-4.1,39.6,17.14,18.5706,1290.881
Laser,Copper,Cu,Aluminum,Al,55.4,Bare,2852.81,8.5098,,926.54,57.7,10.904,63.351,14.6,24.2,13.77,261.6361,111.235
Laser,Copper,Cu,Aluminum,Al,238.8,Oxide,768.52,6.9587,,319.39,400.4,53.971,258.373,10.9,34.5,18.93,14.2395,472.582
Laser,Copper,Cu,Copper,Cu,38.8,Bare,967.73,,,573.1,94.0,71.921,,94.3,65.8,11.74,13.4555,54.558
Laser,Copper,Cu,Copper,Cu,200.6,Bare,2129.2,,,323.18,1544.5,11.987,,32.1,26.9,20.56,177.6231,1973.134
Laser,Copper,Cu,Aluminum,Al,57.1,Nickel-plated,979.15,3.8633,,677.09,1288.2,71.577,139.324,8.0,28.2,22.62,13.6795,1034.192
Laser,Copper,Cu,Aluminum,Al,221.6,Bare,1664.48,,,530.3,155.4,113.026,,-0.9,73.5,18.57,14.7266,155.155
Laser,Copper,Cu,Aluminum,Al,186.3,Anodized,1775.01,,,950.19,1490.2,104.489,,59.0,47.6,16.14,16.9874,1587.087
Laser,Copper,Cu,Copper,Cu,226.5,Bare,948.96,,,677.54,181.1,33.602,,-1.0,56.7,7.63,28.241,103.095
Laser,Copper,Cu,Copper,Cu,118.9,Tin-plated,298.63,9.4004,,274.96,2997.0,72.698,222.733,-7.2,25.0,9.54,4.1078,3047.044
Laser,Copper,Cu,Aluminum,Al,143.1,Bare,864.1,3.9005,,618.12,136.5,37.035,166.957,18.0,58.4,15.45,23.3319,106.357
Laser,Copper,Cu,Copper,Cu,106.0,Oxide,569.65,,,612.92,1106.5,61.818,,33.0,79.4,20.6,9.215,378.188
Laser,Copper,Cu,Aluminum,Al,241.2,Bare,2163.33,10.6087,,295.34,1983.7,39.369,59.51,119.9,16.8,15.58,54.9497,3075.767
Laser,Copper,Cu,StainlessSteel,SS304,31.8,Nickel-plated,462.05,,,562.59,2537.9,85.103,,23.0,67.2,24.16,5.4293,703.574
Laser,Nickel,Ni,Copper,Cu,206.2,Carbon-coated,1340.28,0.6958,,718.16,2741.3,96.269,30.354,96.4,48.1,24.32,13.9222,2227.621
Laser,Copper,Cu,Copper,Cu,248.1,Oxide,2133.85,,,169.53,1221.8,11.07,,72.8,59.3,6.21,192.766,1564.296
Laser,Nickel,Ni,Copper,Cu,119.9,Bare,959.49,2.6611,,207.6,104.8,25.769,237.282,74.4,60.4,11.91,37.2336,86.762
Laser,Copper,Cu,Aluminum,Al,158.7,Tin-plated,211.83,4.9306,,637.25,1334.9,44.564,52.94,26.6,25.0,24.86,4.7534,309.048
Laser,Copper,Cu,Copper,Cu,91.0,Anodized,2387.74,10.3928,,181.52,2041.1,97.434,175.127,110.2,22.1,13.62,24.5061,4410.143
Laser,Nickel,Ni,Copper,Cu,127.4,Carbon-coated,1531.48,5.9318,,275.94,274.7,71.328,91.656,40.6,11.2,19.36,21.471,312.169
Laser,Nickel,Ni,Copper,Cu,35.4,Tin-plated,2617.67,,,657.9,2007.5,116.048,,113.8,16.9,20.24,22.5569,3152.976
Laser,Copper,Cu,Copper,Cu,78.8,Nickel-plated,520.68,6.0778,,914.73,2195.3,90.87,130.665,-2.6,46.2,7.63,5.73,1383.178
Laser,Copper,Cu,Aluminum,Al,182.9,Oxide,1379.25,10.2632,,749.95,196.2,106.612,272.652,6.7,18.9,19.95,12.9372,381.988
Laser,Copper,Cu,Copper,Cu,91.8,Oxide,2142.01,7.4008,,575.52,1254.3,54.326,33.055,5.2,25.5,18.77,39.4285,1734.785
Laser,Copper,Cu,Copper,Cu,83.0,Carbon-coated,1982.64,5.8239,,541.49,1457.9,75.43,269.444,109.6,37.0,14.38,26.2845,2649.344
Laser,Nickel,Ni,Copper,Cu,235.8,Oxide,2200.39,11.0359,,816.89,2122.7,30.27,231.678,44.9,36.4,24.25,72.6916,4973.433
Laser,StainlessSteel,SS304,Nickel,Ni,61.2,Bare,916.39,,,391.14,2120.1,45.611,,17.6,31.1,24.87,20.0912,1165.719
Laser,Copper,Cu,Aluminum,Al,50.9,Bare,736.62,10.1763,,675.43,176.6,113.599,39.07,7.3,31.4,16.02,6.4843,106.116
Laser,Nickel,Ni,Copper,Cu,157.9,Bare,1703.4,5.7045,,180.91,1267.6,31.093,228.006,-0.2,30.5,17.99,54.7833,1954.989
Laser,Copper,Cu,Aluminum,Al,149.4,Nickel-plated,2724.99,,,999.11,1990.7,43.169,,89.5,16.4,4.75,63.1244,3254.838
Laser,Copper,Cu,StainlessSteel,SS304,245.0,Bare,1901.32,9.8889,,626.8,2907.5,39.309,202.928,4.6,73.8,19.23,48.3686,5650.763
Laser,Copper,Cu,Copper,Cu,61.9,Tin-plated,1207.65,10.9929,,809.04,1102.5,109.699,116.829,14.9,65.4,21.56,11.0088,1365.258
Laser,Copper,Cu,Copper,Cu,116.1,Bare,1261.42,5.8566,,260.36,1660.4,10.298,10.084,80.3,17.8,20.83,122.4914,1295.863
Laser,Copper,Cu,Copper,Cu,73.9,Bare,2930.95,2.2103,,505.66,1885.9,84.973,30.473,80.2,24.1,10.03,34.4929,3367.237
Laser,Aluminum,Al,Aluminum,Al,43.9,Oxide,2713.02,1.7399,,556.48,1521.0,51.968,153.151,118.3,18.4,22.05,52.2054,2638.043
Laser,Nickel,Ni,Copper,Cu,86.6,Bare,1112.14,1.4209,,279.04,1222.0,72.165,202.615,60.9,63.5,8.29,15.4111,956.104
Laser,StainlessSteel,SS304,Nickel,Ni,227.5,Bare,2183.59,7.4139,,933.77,2106.6,48.837,288.405,91.2,77.9,8.16,44.712,4561.615
Laser,Copper,Cu,StainlessSteel,SS304,90.7,Oxide,1275.27,1.7091,,441.73,2843.9,13.841,48.025,0.2,25.9,4.3,92.1358,2269.405
Laser,Nickel,Ni,Copper,Cu,129.4,Bare,2741.06,2.7441,,464.05,923.9,8.202,208.719,62.5,28.0,8.2,334.1897,1731.103
Laser,Copper,Cu,Aluminum,Al,90.6,Oxide,1603.96,4.6632,,964.81,1372.7,82.468,51.168,113.8,73.6,11.35,19.4494,1452.02
Laser,Aluminum,Al,Aluminum,Al,243.5,Carbon-coated,447.01,6.4457,,934.13,2995.5,27.853,186.835,55.8,49.1,20.99,16.049,2246.385
Laser,Aluminum,Al,Aluminum,Al,43.6,Oxide,2876.02,,,361.08,975.6,82.375,,-4.6,61.6,15.88,34.9135,1683.485
Laser,Nickel,Ni,Copper,Cu,196.4,Tin-plated,2131.58,4.2747,,250.25,652.6,50.601,151.922,2.7,74.6,19.72,42.1256,1004.1
Laser,Copper,Cu,Copper,Cu,163.7,Oxide,1930.39,2.3741,,806.4,525.5,70.554,249.725,15.6,59.7,8.01,27.3604,733.264
Laser,Copper,Cu,Aluminum,Al,224.5,Bare,2462.05,5.79,,545.07,208.6,6.58,98.458,56.5,63.8,17.12,374.1736,355.704
Laser,Nickel,Ni,Copper,Cu,139.9,Anodized,2570.63,,,940.2,841.0,96.304,,0.2,26.8,7.33,26.6929,1297.149
Laser,Nickel,Ni,Copper,Cu,98.7,Tin-plated,2438.39,,,480.97,2458.3,81.637,,-4.2,48.2,9.2,29.8685,3596.568
Laser,Copper,Cu,Copper,Cu,62.5,Tin-plated,1838.76,8.024,,821.77,2110.0,59.08,90.797,44.9,48.0,16.59,31.1235,2942.78
Laser,Nickel,Ni,Copper,Cu,219.2,Tin-plated,2548.86,,,456.51,1537.9,67.386,,78.4,66.4,17.63,37.8247,2352.015
Laser,Copper,Cu,Aluminum,Al,143.6,Oxide,1994.08,10.0768,,541.52,2914.6,38.907,268.995,67.6,31.7,7.71,51.2531,6647.306
Laser,Aluminum,Al,Aluminum,Al,169.5,Tin-plated,509.83,5.5669,,232.0,1227.8,88.211,56.629,35.2,15.6,16.33,5.7797,530.419
Laser,Copper,Cu,StainlessSteel,SS304,200.2,Oxide,2151.39,7.2617,,551.01,2905.4,69.008,119.332,102.2,13.0,13.39,31.176,4757.432
Laser,Copper,Cu,Aluminum,Al,143.6,Tin-plated,677.71,,,869.23,395.9,55.85,,61.0,57.8,23.22,12.1345,160.977
Laser,Nickel,Ni,Copper,Cu,233.8,Oxide,1243.2,5.9378,,926.03,1926.2,23.536,98.683,111.6,78.3,16.76,52.8222,1888.244
Laser,Aluminum,Al,Aluminum,Al,195.1,Tin-plated,547.58,3.9155,,289.43,2361.5,62.926,22.245,110.9,77.1,12.22,8.702,858.144
Laser,Aluminum,Al,Aluminum,Al,35.0,Oxide,2251.63,10.3421,,251.85,2787.0,20.79,116.757,75.3,21.4,7.89,108.3056,5111.345
Laser,Aluminum,Al,Aluminum,Al,247.0,Nickel-plated,1942.85,,,688.89,2705.7,103.604,,70.2,56.1,10.95,18.7526,3154.072
Laser,Nickel,Ni,Copper,Cu,141.4,Nickel-plated,2343.1,8.1327,,589.81,2380.8,73.465,158.72,24.4,35.6,8.89,31.8939,4576.291
Laser,StainlessSteel,SS304,Nickel,Ni,64.3,Nickel-plated,709.72,6.8995,,417.19,2390.0,77.53,102.703,10.4,21.9,20.52,9.1541,1695.168
Laser,Copper,Cu,Copper,Cu,245.0,Tin-plated,697.81,7.3647,,898.32,2399.8,95.225,200.486,-5.1,30.6,13.5,7.328,2422.086
Laser,Nickel,Ni,Copper,Cu,220.3,Bare,1969.25,7.6664,,667.15,481.1,90.833,137.726,22.3,35.6,4.6,21.6799,771.555
Laser,Nickel,Ni,Copper,Cu,134.9,Nickel-plated,2674.86,,,257.32,402.2,79.65,,118.8,71.3,6.78,33.5827,645.547
Laser,Copper,Cu,Aluminum,Al,89.4,Nickel-plated,1591.1,2.8661,,962.42,200.2,98.906,124.02,72.6,68.6,11.91,16.0869,219.558
Laser,Copper,Cu,Aluminum,Al,142.5,Oxide,1134.0,3.026,,601.71,2728.2,62.804,231.825,-3.0,37.0,18.3,18.0562,2621.812
Laser,Nickel,Ni,Copper,Cu,143.1,Nickel-plated,1449.13,3.2525,,150.05,2665.6,58.146,95.293,32.3,23.0,19.41,24.9222,2648.126
Laser,Copper,Cu,Aluminum,Al,146.2,Bare,448.49,8.4335,,437.89,1785.4,14.938,139.021,93.5,22.1,8.95,30.024,1317.716
Laser,Copper,Cu,StainlessSteel,SS304,88.8,Tin-plated,2445.17,2.4141,,829.84,1997.0,84.598,102.902,68.5,13.5,9.42,28.9035,3128.285
Laser,Copper,Cu,Copper,Cu,167.7,Bare,1962.51,8.283,,246.52,2845.5,95.975,63.507,32.2,69.2,22.48,20.4482,3949.281
Laser,Copper,Cu,Copper,Cu,244.4,Carbon-coated,733.6,7.7723,,254.88,1329.2,13.575,253.34,110.2,72.6,16.48,54.0408,1631.895
Laser,Copper,Cu,Copper,Cu,87.8,Oxide,2481.06,,,558.2,136.0,69.946,,88.2,70.7,5.15,35.471,202.458
Laser,Aluminum,Al,Aluminum,Al,198.8,Bare,2040.37,,,513.79,231.5,69.477,,18.2,70.0,13.82,29.3674,283.445
Laser,Aluminum,Al,Aluminum,Al,36.2,Bare,698.39,1.5282,,388.38,114.9,88.953,95.236,-2.2,39.4,15.35,7.8512,54.83
Laser,Copper,Cu,Copper,Cu,154.3,Tin-plated,830.34,,,518.26,2229.1,57.269,,16.3,46.1,8.03,14.4989,1110.544
Laser,Copper,Cu,Aluminum,Al,186.1,Bare,420.98,5.2118,,263.26,2479.7,106.026,169.258,10.3,30.3,23.56,3.9706,1501.337
Laser,Nickel,Ni,Copper,Cu,169.9,Nickel-plated,2578.72,6.207,,172.86,2853.8,88.502,103.918,80.4,33.0,15.27,29.1375,5151.84
Laser,Copper,Cu,StainlessSteel,SS304,196.2,Nickel-plated,1429.41,,,676.58,2563.6,115.494,,119.1,28.8,21.81,12.3765,2198.673
Laser,Copper,Cu,Aluminum,Al,69.7,Tin-plated,908.11,11.7262,,335.02,2422.4,34.529,83.95,45.8,49.6,16.48,26.3,2273.711
Laser,Copper,Cu,Aluminum,Al,212.8,Bare,2214.61,,,199.6,547.5,89.543,,30.2,41.8,16.52,24.7324,727.468
Laser,Copper,Cu,Aluminum,Al,174.2,Oxide,288.53,0.5519,,214.82,2795.0,119.87,31.768,104.2,64.9,23.33,2.407,503.457
Laser,Nickel,Ni,Copper,Cu,142.4,Oxide,2193.17,,,551.86,2100.5,67.063,,70.1,14.7,22.8,32.7029,2764.002
Laser,Copper,Cu,Copper,Cu,174.0,Bare,908.45,,,866.61,2637.5,41.331,,27.0,10.2,18.66,21.9797,1437.612
Laser,Nickel,Ni,Copper,Cu,230.3,Bare,1129.09,4.6023,,818.27,305.2,115.189,209.018,7.4,78.1,18.29,9.802,324.179
Laser,StainlessSteel,SS304,Nickel,Ni,45.6,Bare,2455.49,0.4018,,585.53,2639.9,24.852,164.604,58.3,75.5,5.86,98.8056,3959.257
Laser,Copper,Cu,Aluminum,Al,95.6,Oxide,1481.98,4.1808,,820.68,522.3,56.209,285.909,109.4,55.0,10.47,26.3655,714.155
Laser,Copper,Cu,Aluminum,Al,154.0,Bare,401.18,5.7759,,950.69,2797.4,10.164,259.887,0.2,62.9,15.26,39.4705,2353.013
Laser,Copper,Cu,Aluminum,Al,82.1,Anodized,447.53,,,736.8,551.5,6.076,,117.5,60.6,13.48,73.6604,148.09
Laser,Copper,Cu,Aluminum,Al,157.7,Bare,1078.32,3.8295,,714.67,1073.5,84.882,89.484,75.7,70.1,23.73,12.7037,841.696
Laser,StainlessSteel,SS304,Nickel,Ni,59.6,Nickel-plated,2475.08,,,238.49,1589.1,112.673,,46.1,69.5,20.22,21.9669,2359.889
Laser,Copper,Cu,Copper,Cu,40.3,Bare,2108.66,4.6164,,709.54,2939.6,42.279,102.257,88.4,62.4,20.22,49.8754,4274.219
Laser,Copper,Cu,Aluminum,Al,111.1,Tin-plated,1337.61,,,261.33,1249.1,87.356,,90.1,27.6,23.09,15.3122,1002.478
Laser,Nickel,Ni,Copper,Cu,210.1,Nickel-plated,1733.93,,,863.27,2860.9,58.998,,41.0,12.1,4.16,29.3896,2976.417
Laser,Copper,Cu,Copper,Cu,55.5,Oxide,2485.46,10.8043,,803.07,580.7,98.827,161.513,49.2,78.3,19.54,25.1497,1271.229
Laser,Copper,Cu,Copper,Cu,42.9,Oxide,1718.07,0.4347,,758.35,909.1,89.905,199.76,12.0,49.5,7.57,19.1099,968.756
Laser,Copper,Cu,StainlessSteel,SS304,141.4,Nickel-plated,869.81,9.8274,,773.7,1889.3,21.739,76.539,58.5,33.2,20.45,40.0121,1554.444
Laser,Nickel,Ni,Copper,Cu,249.0,Bare,2381.04,,,390.73,2616.5,52.874,,2.3,52.3,18.51,45.0321,3738.061
Laser,Nickel,Ni,Copper,Cu,198.5,Carbon-coated,2716.4,8.0578,,478.6,686.4,51.543,218.856,101.3,31.6,10.12,52.7012,1602.903
Laser,Aluminum,Al,Aluminum,Al,78.6,Nickel-plated,2934.08,1.9391,,511.83,834.0,106.51,273.826,53.3,13.7,4.33,27.5475,1645.342
Laser,Nickel,Ni,Copper,Cu,140.1,Tin-plated,1112.7,6.8863,,683.23,69.0,73.252,178.636,38.7,57.2,15.24,15.1902,79.999
Laser,StainlessSteel,SS304,Nickel,Ni,61.0,Bare,1122.62,,,527.97,2277.4,7.05,,55.3,40.7,5.3,159.2383,1534.015
Laser,Copper,Cu,Copper,Cu,248.5,Bare,980.87,9.5252,,225.93,2589.4,41.237,292.399,98.5,39.7,13.34,23.786,4408.643
Laser,Copper,Cu,Copper,Cu,101.0,Bare,1015.39,,,819.56,249.2,49.721,,58.8,65.2,5.42,20.4217,151.824
Laser,Copper,Cu,StainlessSteel,SS304,162.6,Oxide,459.67,7.1864,,879.38,1285.9,19.098,156.491,8.6,14.6,6.98,24.0696,933.117
Laser,Aluminum,Al,Aluminum,Al,44.9,Nickel-plated,2654.17,1.9553,,227.86,1414.7,113.198,104.582,8.2,11.9,15.37,23.447,2368.591
Laser,Nickel,Ni,Copper,Cu,80.2,Oxide,2911.33,4.7151,,632.04,1182.6,32.804,276.832,23.0,71.7,10.38,88.7493,2683.201
Laser,Copper,Cu,Copper,Cu,219.9,Bare,2406.62,2.3173,,388.64,1640.1,14.232,91.817,87.2,60.9,11.22,169.0986,2507.859
Laser,Copper,Cu,Copper,Cu,243.2,Carbon-coated,1803.52,,,227.83,2578.5,90.48,,99.1,12.4,18.76,19.9329,2790.238
Laser,Aluminum,Al,Aluminum,Al,101.3,Anodized,2366.01,1.232,,458.62,101.1,39.378,149.078,64.6,47.9,24.81,60.0844,150.991
Laser,Copper,Cu,Copper,Cu,74.6,Tin-plated,383.69,,,479.12,1998.9,24.097,,50.3,62.7,7.71,15.9227,460.162
Laser,StainlessSteel,SS304,Nickel,Ni,47.5,Bare,2199.13,7.6509,,834.22,288.1,12.678,79.639,58.3,52.2,10.89,173.464,450.413
Laser,Copper,Cu,Copper,Cu,205.2,Tin-plated,2437.74,,,454.88,1826.1,72.779,,-4.1,37.0,21.15,33.495,2670.969
Laser,Copper,Cu,Aluminum,Al,239.0,Tin-plated,2766.8,3.9731,,556.95,113.8,78.996,49.991,116.0,35.7,23.57,35.0246,198.003
Laser,Nickel,Ni,Copper,Cu,72.5,Bare,2143.61,7.2814,,978.6,748.1,27.232,260.702,118.8,62.1,16.27,78.7153,1530.168
Laser,Nickel,Ni,Copper,Cu,112.4,Bare,2178.06,10.4539,,227.46,548.8,98.063,30.617,82.8,19.5,22.18,22.2109,787.387
Laser,Nickel,Ni,Copper,Cu,99.4,Oxide,858.54,4.4343,,911.64,2786.8,89.47,38.866,16.3,34.6,21.99,9.5958,1627.672
Laser,Copper,Cu,Copper,Cu,83.7,Bare,2958.76,1.0278,,958.63,1434.7,100.549,62.319,6.1,55.9,8.34,29.4262,2583.632
Laser,Aluminum,Al,Aluminum,Al,192.8,Bare,414.47,2.9061,,581.27,138.4,64.404,221.947,38.2,54.2,21.09,6.4355,70.122
Laser,Copper,Cu,Copper,Cu,173.6,Bare,2017.67,11.908,,939.37,1952.3,14.483,132.602,18.5,13.3,14.84,139.3158,3596.474
Laser,StainlessSteel,SS304,Nickel,Ni,153.6,Nickel-plated,2250.37,2.7656,,997.4,1659.5,78.121,102.161,97.0,45.7,23.32,28.8062,2428.271
Laser,StainlessSteel,SS304,Nickel,Ni,84.6,Carbon-coated,1770.96,,,534.13,1651.1,46.669,,44.8,78.9,14.62,37.947,1754.436
Laser,Aluminum,Al,Aluminum,Al,119.7,Nickel-plated,982.53,,,707.67,856.5,53.154,,46.6,12.5,5.08,18.4847,504.9
Laser,Copper,Cu,Aluminum,Al,89.8,Bare,2850.36,10.6162,,836.39,2074.9,72.133,177.276,118.1,60.5,18.5,39.515,5110.393
Laser,Nickel,Ni,Copper,Cu,63.6,Carbon-coated,1831.97,7.0882,,842.67,938.5,9.252,234.886,8.8,68.0,9.54,198.0065,1656.527
Laser,Copper,Cu,Copper,Cu,103.9,Tin-plated,1626.59,,,382.18,1598.2,52.907,,77.5,62.8,11.5,30.7445,1559.765
Laser,Aluminum,Al,Aluminum,Al,104.9,Bare,1473.1,2.3993,,335.16,2536.3,98.939,130.812,60.0,27.7,9.08,14.889,2560.109
Laser,Nickel,Ni,Copper,Cu,232.7,Bare,1860.79,,,410.02,306.3,51.918,,55.9,14.9,21.48,35.8409,341.961
Laser,Nickel,Ni,Copper,Cu,42.9,Tin-plated,2194.25,1.7498,,162.05,195.0,59.118,84.482,76.8,75.4,20.82,37.1162,268.192
Laser,Copper,Cu,Aluminum,Al,214.6,Nickel-plated,2780.73,10.7039,,832.25,2569.4,64.917,180.306,97.4,33.8,4.24,42.8349,6270.405
Laser,Copper,Cu,Aluminum,Al,34.1,Tin-plated,2472.98,,,485.67,1990.4,38.088,,29.1,25.0,15.22,64.9273,2953.32
Laser,Copper,Cu,Aluminum,Al,194.6,Nickel-plated,563.95,8.2794,,924.62,2397.9,79.909,194.244,54.4,32.6,14.99,7.0574,2353.889
Laser,Copper,Cu,Aluminum,Al,203.0,Bare,1924.3,5.3158,,363.17,153.4,103.962,244.759,112.3,26.4,11.46,18.5097,256.867
Laser,StainlessSteel,SS304,Nickel,Ni,41.8,Bare,508.56,9.8592,,397.34,2474.2,117.073,283.862,63.7,57.7,20.58,4.344,3524.736
Laser,Copper,Cu,Copper,Cu,189.5,Anodized,1008.43,11.7621,,783.24,2101.7,113.287,113.292,1.6,63.7,14.22,8.9016,2391.895
Laser,Copper,Cu,Copper,Cu,40.7,Bare,1095.62,,,326.83,1174.3,105.069,,106.3,67.8,14.94,10.4276,771.94
Laser,Nickel,Ni,Copper,Cu,185.4,Carbon-coated,1640.16,,,466.01,1285.5,68.022,,114.4,46.4,13.86,24.1122,1265.012
Laser,Copper,Cu,Copper,Cu,122.3,Oxide,661.18,6.3083,,630.44,945.1,31.089,36.642,80.6,16.3,7.63,21.2677,462.297
Laser,Nickel,Ni,Copper,Cu,46.4,Nickel-plated,1496.87,,,901.93,2865.6,79.374,,23.3,48.5,22.19,18.8585,2573.677
Laser,Aluminum,Al,Aluminum,Al,192.8,Nickel-plated,1361.87,5.4131,,773.7,669.3,30.176,117.627,66.7,46.8,6.94,45.1304,717.339
Laser,Copper,Cu,Aluminum,Al,197.0,Bare,2902.57,4.0102,,823.4,892.4,101.348,210.785,58.7,54.6,9.88,28.6396,1855.873
Laser,Nickel,Ni,Copper,Cu,233.1,Bare,2493.24,2.6058,,237.66,1354.5,67.092,138.535,77.6,41.9,18.45,37.1616,2221.817
Laser,Copper,Cu,Copper,Cu,197.9,Oxide,1849.51,,,167.21,1383.6,73.035,,36.1,75.6,13.22,25.3236,1535.438
Laser,Nickel,Ni,Copper,Cu,148.9,Carbon-coated,1305.44,10.6307,,488.71,768.5,27.386,290.828,81.1,74.2,5.76,47.6689,1552.258
Laser,Copper,Cu,Aluminum,Al,237.3,Tin-plated,304.94,,,980.05,492.4,6.79,,48.7,63.0,14.52,44.9094,90.082
Laser,Copper,Cu,Aluminum,Al,144.0,Nickel-plated,393.42,,,976.06,2163.7,70.702,,53.2,58.7,18.91,5.5645,510.751
Laser,Copper,Cu,Aluminum,Al,71.2,Carbon-coated,745.12,,,874.09,144.5,78.402,,96.9,49.6,18.14,9.5038,64.617
Laser,Copper,Cu,Aluminum,Al,137.1,Tin-plated,1877.79,8.8555,,349.35,98.3,26.038,158.351,-4.6,69.5,15.2,72.117,165.916
Laser,Copper,Cu,Copper,Cu,229.1,Bare,985.33,9.5668,,971.82,613.2,63.317,53.47,-0.9,10.9,22.47,15.562,488.014
Laser,Aluminum,Al,Aluminum,Al,233.8,Nickel-plated,2236.64,8.9269,,409.36,476.4,101.561,16.515,52.6,71.2,22.59,22.0226,667.436
Laser,Aluminum,Al,Aluminum,Al,93.3,Oxide,2508.51,3.44,,156.27,2689.0,91.483,93.184,102.4,68.1,21.69,27.4204,4391.958
Laser,Copper,Cu,StainlessSteel,SS304,205.6,Bare,2930.65,,,391.64,2600.3,116.398,,85.6,25.7,13.51,25.1779,4572.379
Laser,Copper,Cu,Aluminum,Al,230.3,Nickel-plated,2048.01,,,852.82,1629.5,74.867,,-2.2,18.6,23.3,27.3551,2002.396
Laser,Aluminum,Al,Aluminum,Al,99.6,Bare,1142.55,,,299.43,978.8,77.145,,42.4,63.9,18.43,14.8104,670.976
Laser,Copper,Cu,Aluminum,Al,205.3,Tin-plated,333.53,3.5213,,346.28,573.1,49.185,199.06,1.2,69.9,17.3,6.781,275.363
Laser,Copper,Cu,StainlessSteel,SS304,190.4,Bare,2686.18,8.3737,,998.9,1635.4,11.85,90.55,0.9,64.7,15.22,226.6786,3131.838
Laser,Copper,Cu,Copper,Cu,110.6,Nickel-plated,690.73,8.6081,,709.36,2292.9,119.831,163.768,114.1,35.3,16.32,5.7642,2243.247
Laser,Nickel,Ni,Copper,Cu,56.7,Bare,482.84,,,196.53,987.4,63.854,,78.6,60.3,12.05,7.5617,286.044
Laser,Copper,Cu,Copper,Cu,223.9,Bare,2552.1,2.3737,,720.09,415.4,116.357,42.68,23.1,66.7,6.07,21.9333,652.959
Laser,Aluminum,Al,Aluminum,Al,35.6,Bare,2270.52,7.0014,,265.38,2273.0,87.941,194.889,65.0,14.3,8.09,25.8186,4337.098
Laser,Nickel,Ni,Copper,Cu,56.5,Anodized,1087.45,11.2636,,483.68,344.6,24.787,189.106,105.3,45.5,14.39,43.8708,518.487
Laser,Copper,Cu,Aluminum,Al,157.8,Bare,457.13,11.9997,,841.11,1464.3,42.792,239.23,1.0,67.6,6.98,10.6826,2083.036
Laser,Copper,Cu,Aluminum,Al,173.7,Bare,537.68,1.8171,,548.08,1960.6,80.047,258.9,1.5,30.5,10.8,6.7171,1001.459
Laser,Copper,Cu,Aluminum,Al,34.7,Bare,2292.43,9.7015,,246.87,352.5,101.415,70.611,1.3,38.5,21.12,22.6044,581.423
Laser,Nickel,Ni,Copper,Cu,54.1,Carbon-coated,2893.72,1.9912,,373.01,2711.0,82.54,17.94,-3.3,56.7,23.72,35.0582,4745.607
Laser,Copper,Cu,StainlessSteel,SS304,35.6,Nickel-plated,2175.5,8.3993,,323.89,2311.7,26.904,173.303,74.2,12.1,17.27,80.8629,4363.533
Laser,Nickel,Ni,Copper,Cu,41.3,Anodized,1182.16,,,898.3,1419.7,84.081,,73.0,59.2,10.62,14.0598,1007.016
Laser,StainlessSteel,SS304,Nickel,Ni,132.1,Oxide,1069.99,4.4386,,261.01,105.8,36.172,177.192,-0.7,78.6,22.7,29.5809,101.252
Laser,Copper,Cu,Copper,Cu,168.6,Nickel-plated,2069.41,,,583.14,1690.6,6.88,,87.1,31.7,4.91,300.7978,2099.169
Laser,Aluminum,Al,Aluminum,Al,237.2,Oxide,2868.87,4.3978,,161.89,2099.1,20.695,23.079,97.6,50.2,18.94,138.6293,3698.509
Laser,Copper,Cu,Copper,Cu,144.4,Bare,480.78,4.3725,,590.61,2258.0,96.618,166.802,102.3,65.0,18.41,4.9761,1310.087
Laser,Copper,Cu,Copper,Cu,171.9,Nickel-plated,1428.84,,,440.28,2705.9,12.473,,-8.3,33.3,7.9,114.5558,2319.821
Laser,Nickel,Ni,Copper,Cu,215.6,Bare,1320.59,3.5392,,341.52,975.2,64.021,299.521,90.9,57.4,6.6,20.6274,1186.174
Laser,Aluminum,Al,Aluminum,Al,121.8,Nickel-plated,752.22,9.3175,,439.72,2944.8,18.556,24.485,-7.3,54.6,14.71,40.5369,1597.785
Laser,Copper,Cu,Aluminum,Al,145.2,Anodized,345.04,7.5468,,646.34,1106.6,66.768,115.733,42.0,33.7,9.42,5.1677,615.682
Laser,Nickel,Ni,Copper,Cu,106.0,Bare,1030.64,10.4555,,744.79,2022.0,86.388,214.328,21.7,52.4,24.76,11.9304,3062.85
Laser,Aluminum,Al,Aluminum,Al,111.8,Bare,1887.25,1.5356,,742.33,1602.6,25.996,141.291,88.1,11.2,9.68,72.5969,1953.787
Laser,StainlessSteel,SS304,Nickel,Ni,230.0,Bare,593.82,5.725,,281.99,1038.4,78.097,263.226,65.9,73.3,14.79,7.6036,995.912
Laser,StainlessSteel,SS304,Nickel,Ni,120.3,Bare,1922.36,11.6017,,976.57,1957.7,41.889,262.356,105.7,67.8,21.9,45.892,4641.612
Laser,Copper,Cu,Aluminum,Al,125.5,Nickel-plated,1617.48,,,435.96,89.5,110.584,,82.3,14.7,21.47,14.6267,86.873
Laser,Aluminum,Al,Aluminum,Al,56.4,Carbon-coated,2651.38,1.3688,,469.6,771.7,48.831,293.743,35.2,21.5,16.41,54.2967,1351.693
Laser,Aluminum,Al,Aluminum,Al,123.7,Bare,2103.89,7.1392,,217.01,2447.0,99.353,262.981,40.7,72.4,5.02,21.1759,4926.527
Laser,Nickel,Ni,Copper,Cu,110.3,Anodized,1329.31,,,979.36,320.7,37.857,,49.6,72.7,10.92,35.1139,255.791
Laser,Copper,Cu,StainlessSteel,SS304,62.0,Nickel-plated,2535.27,,,889.6,488.6,49.056,,34.2,76.8,19.16,51.6813,743.172
Laser,Copper,Cu,Copper,Cu,225.2,Carbon-coated,2124.91,0.5582,,475.42,2710.9,91.394,71.662,41.1,66.5,11.64,23.25,3499.571
Laser,Nickel,Ni,Copper,Cu,122.9,Oxide,1292.4,10.7419,,939.81,2661.8,30.93,196.35,48.2,15.9,13.65,41.7854,4309.828
Laser,Nickel,Ni,Copper,Cu,140.7,Bare,719.77,3.6994,,396.24,2997.8,65.583,139.728,45.0,74.2,11.24,10.9749,1914.447
Laser,Copper,Cu,Copper,Cu,237.0,Bare,2856.43,,,188.35,1459.7,113.457,,80.9,39.0,24.07,25.1763,2501.727
Laser,Aluminum,Al,Aluminum,Al,234.8,Oxide,479.49,11.0791,,903.54,2431.6,82.334,187.18,33.5,24.3,20.38,5.8237,2716.643
Laser,Copper,Cu,Aluminum,Al,142.5,Bare,2407.6,11.5017,,916.43,68.3,61.811,258.175,71.6,37.5,10.33,38.9513,179.913
Laser,Aluminum,Al,Aluminum,Al,222.8,Bare,992.69,6.1922,,972.76,1321.6,66.796,275.538,-6.7,69.6,7.55,14.8616,1689.073
Laser,Copper,Cu,Aluminum,Al,104.1,Nickel-plated,2999.99,,,187.64,2743.2,11.425,,43.3,62.3,13.6,262.572,4937.669
Laser,Copper,Cu,Copper,Cu,234.0,Tin-plated,2194.97,5.4168,,831.49,2830.6,52.395,112.264,78.5,63.0,12.68,41.8926,4416.33
Laser,Copper,Cu,Aluminum,Al,227.5,Bare,2197.46,10.3881,,366.9,425.2,90.218,178.82,5.4,27.9,6.31,24.3571,876.517
Laser,Aluminum,Al,Aluminum,Al,160.8,Bare,1706.45,6.4936,,641.54,1296.9,109.465,31.198,12.7,58.2,13.04,15.589,1432.976
Laser,Nickel,Ni,Copper,Cu,45.6,Nickel-plated,1985.86,3.1724,,484.69,2984.9,6.945,43.602,73.9,45.9,8.28,285.9325,3721.756
Laser,Copper,Cu,Aluminum,Al,172.4,Oxide,2387.01,4.8715,,492.21,1629.9,14.966,125.222,34.2,67.7,4.85,159.4982,2732.076
Laser,Copper,Cu,StainlessSteel,SS304,121.7,Nickel-plated,2558.84,,,524.76,1650.5,6.547,,61.2,52.3,5.33,390.8327,2533.982
Laser,Nickel,Ni,Copper,Cu,36.2,Bare,2355.42,7.7768,,233.04,1196.6,16.232,295.986,62.2,55.9,20.94,145.1106,2792.851
Laser,Nickel,Ni,Copper,Cu,72.6,Carbon-coated,2465.06,6.3732,,627.62,2803.5,94.926,15.759,32.6,46.8,5.85,25.9682,4259.116
Laser,Aluminum,Al,Aluminum,Al,221.3,Nickel-plated,1557.43,,,872.16,2984.0,65.944,,52.2,28.3,18.89,23.6175,2788.452
Laser,Aluminum,Al,Aluminum,Al,211.9,Nickel-plated,598.4,9.1735,,733.33,728.3,70.329,250.317,21.7,42.2,16.57,8.5086,930.477
Laser,StainlessSteel,SS304,Nickel,Ni,165.9,Bare,2739.1,9.0607,,486.44,233.4,28.258,103.491,107.7,71.5,19.43,96.9311,471.211
Laser,Aluminum,Al,Aluminum,Al,143.9,Oxide,1992.33,1.6819,,221.23,1331.9,53.829,159.892,93.1,41.2,11.72,37.0122,1735.484
Laser,Nickel,Ni,Copper,Cu,49.6,Nickel-plated,2792.78,6.7906,,635.44,1701.7,119.295,82.468,66.1,26.0,8.13,23.4107,3232.573
Laser,Nickel,Ni,Copper,Cu,43.2,Bare,2556.15,,,514.15,652.5,32.878,,85.1,54.3,18.21,77.746,1000.807
Laser,Copper,Cu,Copper,Cu,217.7,Bare,1234.98,10.7185,,413.58,2334.5,56.385,103.582,31.8,22.9,8.08,21.9025,2766.602
Laser,Copper,Cu,Copper,Cu,113.6,Bare,2346.25,2.0475,,491.17,2007.9,95.618,83.164,73.2,39.7,16.84,24.5377,2963.402
Laser,Nickel,Ni,Copper,Cu,178.6,Bare,1836.74,,,722.49,137.6,11.4,,89.2,72.3,12.36,161.12,151.677
Laser,Copper,Cu,Aluminum,Al,80.1,Carbon-coated,1841.1,6.1165,,745.86,1123.7,30.976,30.593,46.7,31.4,24.66,59.4365,1325.437
Laser,StainlessSteel,SS304,Nickel,Ni,123.7,Bare,2100.91,10.1905,,331.09,2263.5,14.327,208.704,104.2,55.0,4.4,146.6424,4778.917
Laser,Copper,Cu,Copper,Cu,124.0,Bare,2958.94,,,318.07,1262.7,67.386,,105.8,44.8,8.8,43.9103,2241.693
Laser,Aluminum,Al,Aluminum,Al,118.1,Nickel-plated,2245.06,11.3519,,976.81,859.9,90.77,105.727,25.3,19.0,16.81,24.7335,1571.194
Laser,Copper,Cu,Copper,Cu,191.6,Nickel-plated,382.55,6.7848,,348.65,776.8,40.931,163.148,46.0,60.4,5.53,9.346,522.246
Laser,Aluminum,Al,Aluminum,Al,236.1,Anodized,2259.71,0.7054,,551.07,1866.4,66.061,151.593,116.9,37.1,13.0,34.2063,2610.404
Laser,Copper,Cu,Aluminum,Al,216.4,Oxide,1621.21,,,466.21,1598.2,44.291,,48.9,44.6,9.64,36.6034,1554.608
Laser,Nickel,Ni,Copper,Cu,201.8,Bare,1228.22,2.3946,,376.53,2853.3,63.866,23.627,107.0,63.0,15.72,19.2314,2167.231
Laser,Copper,Cu,Copper,Cu,130.2,Oxide,939.17,1.7915,,511.74,1557.6,63.754,230.605,90.9,58.0,17.62,14.7311,1135.101
Laser,Copper,Cu,Aluminum,Al,203.9,Carbon-coated,842.14,,,801.49,1790.3,85.863,,90.3,42.8,24.99,9.808,904.624
Laser,Aluminum,Al,Aluminum,Al,36.3,Tin-plated,1541.43,,,787.69,757.0,72.848,,45.1,10.6,9.29,21.1596,700.143
Laser,Aluminum,Al,Aluminum,Al,158.7,Carbon-coated,2109.3,0.4961,,334.53,2303.5,29.864,222.041,101.2,71.4,17.27,70.6295,3016.786
Laser,Copper,Cu,Copper,Cu,47.5,Anodized,1607.83,,,527.45,2453.4,34.633,,47.7,74.1,12.13,46.4245,2366.77
Laser,Copper,Cu,StainlessSteel,SS304,206.6,Bare,567.18,,,643.29,1568.3,24.725,,-2.0,54.1,11.31,22.9395,533.693
Laser,Copper,Cu,Copper,Cu,68.0,Tin-plated,473.74,,,480.52,1072.4,86.902,,48.3,32.8,16.03,5.4514,304.817
Laser,Aluminum,Al,Aluminum,Al,44.4,Carbon-coated,1275.68,6.1881,,534.69,234.5,89.32,169.981,84.8,66.2,21.76,14.2822,278.135
Laser,StainlessSteel,SS304,Nickel,Ni,101.9,Nickel-plated,1352.38,11.1171,,802.68,865.9,25.498,62.268,77.2,18.3,22.47,53.0378,942.392
Laser,Aluminum,Al,Aluminum,Al,192.1,Bare,1545.55,,,512.54,1203.7,49.108,,73.0,44.5,8.89,31.4724,1116.236
Laser,Copper,Cu,Copper,Cu,170.4,Tin-plated,1772.82,7.1045,,904.08,2645.6,14.434,157.083,8.9,16.8,9.82,122.8195,3995.113
Laser,Copper,Cu,Aluminum,Al,44.6,Nickel-plated,2133.47,10.0173,,603.19,1286.0,60.299,263.115,3.2,57.5,14.77,35.3819,3001.916
Laser,Copper,Cu,Aluminum,Al,36.1,Nickel-plated,660.33,5.5702,,279.49,1841.0,30.975,298.073,109.1,43.9,4.24,21.3184,1952.012
Laser,Copper,Cu,StainlessSteel,SS304,230.2,Nickel-plated,1713.02,4.3896,,782.85,338.7,87.025,123.26,6.8,23.3,10.63,19.6843,421.461
Laser,Aluminum,Al,Aluminum,Al,111.0,Bare,2977.41,1.7491,,975.55,2511.4,55.779,101.609,48.0,14.5,18.07,53.3785,4665.05
Laser,Copper,Cu,Aluminum,Al,228.6,Nickel-plated,2386.45,2.311,,757.68,2254.0,15.744,76.848,42.2,55.5,12.28,151.5791,3387.614
Laser,StainlessSteel,SS304,Nickel,Ni,58.7,Tin-plated,2070.82,10.8118,,631.59,712.9,106.994,167.233,79.0,12.6,21.24,19.3545,1401.292
Laser,Copper,Cu,Aluminum,Al,217.3,Carbon-coated,1082.13,,,404.61,906.0,112.174,,38.7,31.4,14.69,9.6468,588.264
Laser,Copper,Cu,Aluminum,Al,139.0,Carbon-coated,1413.74,6.9023,,974.01,2262.6,41.321,32.095,110.1,22.5,18.06,34.2139,2119.759
Laser,Copper,Cu,Copper,Cu,97.5,Bare,2428.34,9.7145,,709.97,648.2,90.428,289.466,66.9,19.1,22.1,26.8539,1673.565
Laser,Copper,Cu,Aluminum,Al,93.0,Nickel-plated,2902.04,,,348.59,925.1,7.748,,68.1,30.9,5.26,374.5481,1610.804
Laser,Copper,Cu,Copper,Cu,134.8,Tin-plated,2792.46,,,288.7,2149.0,86.044,,114.1,16.5,12.99,32.4537,3600.591
Laser,Copper,Cu,Copper,Cu,98.9,Tin-plated,276.62,3.7173,,466.72,190.6,18.824,299.332,11.8,65.3,14.72,14.6955,116.473
Laser,Copper,Cu,Copper,Cu,63.3,Nickel-plated,812.91,2.2124,,182.35,502.2,52.707,297.454,76.3,18.8,9.3,15.4232,377.169
Laser,Nickel,Ni,Copper,Cu,171.4,Tin-plated,350.85,1.1785,,920.02,2915.2,26.809,24.812,37.7,39.0,20.43,13.087,647.768
Laser,StainlessSteel,SS304,Nickel,Ni,136.4,Anodized,1621.39,,,808.94,2193.0,65.778,,116.3,71.6,8.91,24.6495,2133.458
Laser,Nickel,Ni,Copper,Cu,52.6,Tin-plated,2093.58,,,742.06,1691.1,105.683,,16.8,16.5,5.51,19.81,2124.316
Laser,Copper,Cu,Copper,Cu,215.2,Nickel-plated,1565.56,,,455.51,2400.6,42.838,,-1.9,60.4,14.53,36.5463,2254.966
Laser,Copper,Cu,Copper,Cu,81.9,Bare,359.69,1.3168,,988.75,249.6,79.505,258.828,72.0,40.1,14.89,4.524,87.902
Laser,Aluminum,Al,Aluminum,Al,34.1,Carbon-coated,395.93,4.2108,,438.33,909.6,70.697,135.661,-8.8,13.4,18.84,5.6004,423.931
Laser,Aluminum,Al,Aluminum,Al,30.9,Nickel-plated,2825.11,2.781,,270.47,2950.2,12.274,33.864,15.2,41.1,12.76,230.1687,5111.967
Laser,Copper,Cu,Aluminum,Al,242.3,Bare,1385.95,,,383.8,376.5,108.654,,12.5,43.0,24.69,12.7556,313.048
Laser,Copper,Cu,Copper,Cu,194.5,Carbon-coated,2164.66,4.8974,,348.74,2994.6,117.912,57.087,8.9,58.0,22.98,18.3582,4224.306
Laser,Copper,Cu,StainlessSteel,SS304,61.1,Bare,2493.75,,,575.45,141.8,55.271,,118.9,26.2,19.02,45.1186,212.232
Laser,Copper,Cu,StainlessSteel,SS304,74.5,Nickel-plated,1721.09,4.4501,,722.55,1790.2,27.091,156.326,4.2,48.6,18.44,63.5308,2346.752
Laser,StainlessSteel,SS304,Nickel,Ni,232.1,Oxide,596.21,6.4403,,765.21,1878.0,43.097,164.796,85.4,41.3,15.12,13.8344,1469.084
Laser,Copper,Cu,Copper,Cu,58.6,Nickel-plated,830.15,3.9518,,899.51,2113.7,26.055,235.19,53.9,23.8,17.5,31.8611,1838.584
Laser,Nickel,Ni,Copper,Cu,35.9,Carbon-coated,1561.61,,,932.82,589.5,45.467,,31.5,66.4,18.47,34.3463,552.378
Laser,Aluminum,Al,Aluminum,Al,205.2,Bare,1834.84,8.4047,,551.18,868.4,114.144,260.837,-4.7,43.4,17.46,16.0747,1717.508
Laser,Copper,Cu,Aluminum,Al,192.7,Tin-plated,201.53,,,408.24,2857.9,100.861,,44.7,62.6,23.22,1.9981,345.574
Laser,Nickel,Ni,Copper,Cu,132.5,Nickel-plated,1310.18,5.6318,,382.88,1747.7,109.558,84.154,54.5,35.9,7.49,11.9587,1705.203
Laser,Aluminum,Al,Aluminum,Al,113.1,Nickel-plated,1012.29,2.2814,,201.11,2695.2,107.077,263.802,5.7,74.2,23.65,9.4538,2285.828
Laser,Copper,Cu,Copper,Cu,112.2,Oxide,343.1,7.08,,996.09,2738.1,74.173,78.463,35.0,66.5,19.63,4.6256,1172.079
Laser,Copper,Cu,Aluminum,Al,37.7,Bare,954.64,1.9109,,919.37,2508.3,71.094,252.622,112.1,56.4,22.1,13.4279,1921.037
Laser,Copper,Cu,Copper,Cu,188.4,Nickel-plated,882.23,9.4108,,988.57,117.9,67.763,186.645,41.7,10.4,16.59,13.0193,145.212
Laser,Aluminum,Al,Aluminum,Al,52.7,Nickel-plated,1345.6,9.4904,,981.12,2806.0,11.98,56.745,118.5,33.0,16.71,112.3183,2869.932
Laser,Copper,Cu,Copper,Cu,247.5,Nickel-plated,493.71,2.1318,,542.04,1904.8,112.696,267.052,75.4,12.8,14.19,4.3809,997.993
Laser,Nickel,Ni,Copper,Cu,98.5,Nickel-plated,794.19,10.3587,,988.97,2171.9,95.112,103.487,62.5,49.0,11.63,8.3501,1966.259
Laser,Nickel,Ni,Copper,Cu,159.7,Bare,1280.08,7.2801,,239.29,1412.4,95.836,83.122,86.9,58.3,15.23,13.3571,1426.711
Laser,Copper,Cu,Aluminum,Al,151.5,Carbon-coated,1575.34,11.9847,,849.53,2786.7,45.546,168.582,61.7,19.6,24.82,34.5878,4886.106
Laser,Copper,Cu,Aluminum,Al,182.6,Bare,1737.87,6.8291,,829.87,327.7,100.061,39.082,-3.2,40.7,13.94,17.3681,376.65
Laser,Copper,Cu,Copper,Cu,65.4,Bare,698.14,11.683,,813.21,1313.1,53.305,79.715,100.1,24.3,10.14,13.097,1039.227
Laser,Nickel,Ni,Copper,Cu,69.9,Nickel-plated,2786.5,,,734.08,643.7,73.622,,0.7,70.2,18.01,37.8487,1076.166
Laser,Nickel,Ni,Copper,Cu,63.8,Oxide,846.55,9.0235,,815.69,1903.3,44.846,101.471,67.5,55.8,15.74,18.8769,1663.843
Laser,Aluminum,Al,Aluminum,Al,172.0,Bare,752.14,2.9814,,337.16,1275.4,31.922,104.362,50.2,50.7,13.83,23.5623,734.315
Laser,Copper,Cu,Copper,Cu,49.5,Tin-plated,2769.94,6.5049,,627.24,98.9,33.11,249.192,-3.7,14.8,22.66,83.6596,228.475
Laser,Aluminum,Al,Aluminum,Al,60.0,Tin-plated,2321.87,,,957.29,1275.2,96.037,,71.9,21.7,19.67,24.1769,1776.471
Laser,Copper,Cu,Copper,Cu,103.2,Carbon-coated,1174.45,1.1753,,542.28,1787.8,10.891,192.304,47.6,54.7,4.99,107.8333,1421.434
Laser,Copper,Cu,Copper,Cu,48.3,Tin-plated,2586.23,,,241.19,118.6,105.929,,94.5,53.9,21.58,24.4148,184.016
Laser,Aluminum,Al,Aluminum,Al,55.0,Bare,2376.62,4.9852,,315.85,226.9,112.278,242.605,34.7,68.7,14.58,21.1672,433.346
Laser,Copper,Cu,Aluminum,Al,159.7,Bare,1579.99,3.6,,253.93,367.0,107.753,42.141,62.5,40.7,24.04,14.663,370.22
Laser,Copper,Cu,Aluminum,Al,138.9,Tin-plated,1784.86,8.7844,,656.73,2391.6,68.887,108.4,93.2,18.5,5.35,25.9099,3472.189
Laser,Copper,Cu,Aluminum,Al,193.9,Bare,1919.51,3.0628,,772.19,215.1,76.032,65.945,103.9,77.2,22.21,25.2461,265.097
Laser,Copper,Cu,Aluminum,Al,209.0,Oxide,1741.83,,,470.57,1294.1,45.946,,-8.2,64.1,22.77,37.9106,1352.416
Laser,Aluminum,Al,Aluminum,Al,177.3,Nickel-plated,1747.37,1.3844,,526.13,1144.8,16.541,294.706,118.1,75.5,10.94,105.6383,1387.016
Laser,Copper,Cu,Aluminum,Al,59.0,Carbon-coated,2582.53,2.4015,,362.4,355.1,86.615,230.78,119.6,40.3,5.5,29.8161,628.901
Laser,StainlessSteel,SS304,Nickel,Ni,115.9,Bare,1101.26,8.7654,,704.05,1427.4,100.4,280.007,85.4,26.4,14.51,10.9688,2344.473
Laser,StainlessSteel,SS304,Nickel,Ni,30.1,Oxide,929.72,,,402.92,978.3,58.63,,109.5,40.0,10.67,15.8573,545.724
Laser,Nickel,Ni,Copper,Cu,160.0,Bare,670.8,10.7684,,969.83,1271.5,50.868,37.775,110.4,26.6,19.65,13.187,718.629
Laser,Aluminum,Al,Aluminum,Al,81.3,Bare,1923.97,,,916.5,284.4,39.989,,19.7,71.6,18.71,48.1127,328.251
Laser,Aluminum,Al,Aluminum,Al,133.6,Tin-plated,1234.63,1.7616,,169.83,2893.5,76.007,244.77,70.2,42.4,5.87,16.2437,2642.446
Laser,Copper,Cu,Copper,Cu,230.6,Tin-plated,1445.67,9.5106,,595.8,1645.8,97.094,203.122,21.5,77.8,14.34,14.8893,2699.345
Laser,Copper,Cu,Copper,Cu,42.7,Oxide,594.17,,,194.04,931.5,41.748,,101.0,14.1,23.99,14.2321,332.065
Laser,StainlessSteel,SS304,Nickel,Ni,35.7,Anodized,2173.41,,,885.64,61.0,81.665,,112.7,54.3,9.71,26.6137,79.592
Laser,Copper,Cu,Aluminum,Al,209.2,Tin-plated,2612.62,5.7368,,171.72,2264.1,64.902,172.023,111.7,72.9,19.42,40.255,4442.821
Laser,Nickel,Ni,Copper,Cu,249.9,Oxide,2101.54,,,312.21,1512.7,114.011,,5.0,11.9,12.62,18.4328,1907.354
Laser,Copper,Cu,Aluminum,Al,216.1,Bare,2553.59,4.2246,,597.83,391.9,92.416,255.902,89.0,12.3,8.71,27.6315,769.897
Laser,Nickel,Ni,Copper,Cu,200.8,Bare,895.65,,,399.69,2749.0,56.727,,23.6,36.1,8.29,15.7887,1477.281
Laser,Copper,Cu,Aluminum,Al,108.8,Bare,1105.72,3.3772,,907.43,2727.4,89.724,159.327,101.2,73.9,13.94,12.3236,2396.42
Laser,Copper,Cu,Aluminum,Al,37.6,Tin-plated,501.09,,,297.5,472.7,41.651,,97.4,15.7,20.56,12.0306,142.113
Laser,StainlessSteel,SS304,Nickel,Ni,156.0,Tin-plated,2102.02,7.3573,,269.58,2281.4,16.958,296.734,91.1,58.0,14.34,123.9576,4869.685
Laser,Copper,Cu,Copper,Cu,123.2,Carbon-coated,2447.59,2.1169,,328.97,1769.3,78.985,267.747,100.4,42.6,14.81,30.988,2999.379
Laser,Copper,Cu,Copper,Cu,169.2,Bare,754.29,10.9144,,735.39,1023.4,119.535,27.047,-9.0,74.7,14.36,6.3102,584.011
Laser,Nickel,Ni,Copper,Cu,120.1,Nickel-plated,1672.31,5.7984,,168.27,2401.5,63.659,119.531,83.5,43.9,14.65,26.2699,3075.461
Laser,Aluminum,Al,Aluminum,Al,105.1,Bare,1714.35,,,556.86,1847.8,70.974,,0.1,76.6,13.47,24.1546,1900.676
Laser,Aluminum,Al,Aluminum,Al,42.8,Nickel-plated,2807.08,10.6828,,734.63,661.0,36.418,161.361,106.0,28.6,8.14,77.0794,1569.114
Laser,Copper,Cu,Aluminum,Al,130.5,Bare,1422.79,0.4116,,779.47,778.6,88.693,66.455,114.8,14.0,10.59,16.0418,673.23
Laser,Nickel,Ni,Copper,Cu,32.1,Anodized,2255.16,0.4388,,969.58,2669.6,50.174,45.532,57.6,21.3,8.28,44.9467,3633.544
Laser,Copper,Cu,Aluminum,Al,60.0,Bare,1340.95,9.864,,697.06,2349.4,114.616,153.387,58.3,42.1,23.32,11.6994,3312.181
Laser,Copper,Cu,Copper,Cu,147.3,Nickel-plated,752.49,,,240.29,2746.2,110.59,,3.2,60.0,9.48,6.8043,1239.897
Laser,Aluminum,Al,Aluminum,Al,130.3,Tin-plated,927.7,10.3634,,362.66,2605.2,53.664,116.191,33.6,22.6,12.45,17.2874,2704.869
Laser,Copper,Cu,Aluminum,Al,171.8,Bare,1832.68,6.1504,,849.9,1301.7,56.892,31.366,98.0,50.5,13.29,32.2133,1531.809
Laser,Nickel,Ni,Copper,Cu,125.2,Carbon-coated,1184.93,,,265.75,2676.3,100.345,,61.8,69.5,5.57,11.8085,1902.752
Laser,Copper,Cu,StainlessSteel,SS304,166.6,Bare,1671.32,,,190.67,1793.1,32.8,,116.9,58.7,24.62,50.9545,1798.12
Laser,Copper,Cu,Aluminum,Al,189.5,Bare,2467.7,11.3819,,695.51,2767.6,14.688,18.037,65.0,40.3,4.34,168.0045,4325.073
Laser,Nickel,Ni,Copper,Cu,93.2,Nickel-plated,1584.82,6.0881,,396.4,1453.1,28.641,59.071,57.5,70.1,16.7,55.3341,1590.788
Laser,Copper,Cu,StainlessSteel,SS304,219.0,Bare,1418.47,5.0617,,931.79,514.1,34.1,85.557,64.4,33.1,19.97,41.5971,526.599
Laser,Copper,Cu,Aluminum,Al,49.8,Anodized,2558.2,6.9075,,331.21,964.4,37.963,178.944,52.2,17.7,16.39,67.3863,1957.142
Laser,Nickel,Ni,Copper,Cu,66.9,Tin-plated,2912.19,11.7403,,290.44,2184.1,113.052,285.486,-4.8,10.8,23.99,25.7598,6744.535
Laser,Copper,Cu,Copper,Cu,39.4,Bare,707.55,7.8073,,559.59,1875.1,21.217,123.608,115.1,36.8,20.63,33.3485,1519.849
Laser,Copper,Cu,Copper,Cu,78.8,Bare,2943.99,3.8872,,797.33,201.2,74.832,43.964,71.1,49.7,14.09,39.3414,369.098
Laser,Nickel,Ni,Copper,Cu,95.0,Carbon-coated,386.87,3.5274,,746.85,61.8,65.834,141.03,13.8,39.2,20.18,5.8765,26.663
Laser,Aluminum,Al,Aluminum,Al,88.4,Bare,2329.62,8.3428,,627.76,1519.9,50.577,58.738,68.3,47.8,5.53,46.061,2422.369
Laser,Copper,Cu,Copper,Cu,97.5,Bare,1912.75,9.1615,,978.11,2971.0,116.912,148.052,41.1,38.0,12.18,16.3605,5021.626
Laser,Copper,Cu,Copper,Cu,110.5,Bare,866.82,11.5017,,170.31,389.6,56.738,283.182,117.9,15.1,16.43,15.2777,710.24
Laser,Aluminum,Al,Aluminum,Al,144.6,Nickel-plated,1708.73,2.1874,,721.29,546.8,101.684,79.833,21.2,77.1,6.84,16.8043,598.846
Laser,Copper,Cu,Copper,Cu,226.0,Oxide,1588.08,10.8641,,330.18,473.0,30.697,192.759,61.9,44.3,5.16,51.7335,846.921
Laser,Copper,Cu,Aluminum,Al,168.9,Bare,2905.25,9.9,,267.65,856.6,73.175,59.948,40.0,77.0,11.92,39.7028,1696.62
Laser,Nickel,Ni,Copper,Cu,84.4,Bare,860.96,,,733.38,179.8,77.767,,52.3,45.1,10.4,11.071,92.877
Laser,Copper,Cu,Copper,Cu,52.1,Tin-plated,2811.87,10.9224,,336.12,950.4,65.682,247.764,75.6,33.1,23.41,42.8103,2632.091
Laser,Aluminum,Al,Aluminum,Al,190.8,Nickel-plated,2282.55,10.9571,,387.97,2814.9,86.612,201.263,94.2,58.7,5.75,26.3538,6338.215
Laser,Copper,Cu,Copper,Cu,208.3,Nickel-plated,1635.71,,,337.32,489.4,63.452,,46.9,25.8,7.38,25.7785,480.322
Laser,Nickel,Ni,Copper,Cu,210.7,Nickel-plated,1341.02,11.2973,,804.57,1134.9,55.465,109.652,61.1,67.2,16.83,24.1778,1475.447
Laser,Nickel,Ni,Copper,Cu,249.1,Carbon-coated,822.99,3.0812,,365.67,1708.4,21.885,292.711,85.3,19.9,13.73,37.6048,1459.871
Laser,Copper,Cu,Aluminum,Al,128.4,Tin-plated,812.88,,,316.51,322.5,67.258,,35.9,79.2,21.26,12.086,157.289
Laser,Copper,Cu,Copper,Cu,77.4,Bare,906.36,5.5598,,526.71,2099.3,112.873,112.078,108.1,37.3,23.27,8.0299,1664.92
Laser,Copper,Cu,Copper,Cu,166.9,Bare,2743.14,2.336,,827.38,718.2,95.765,193.366,102.8,16.6,15.34,28.6444,1311.834
Laser,Copper,Cu,Copper,Cu,54.9,Oxide,879.76,2.6337,,170.08,280.2,34.944,201.945,33.6,48.6,18.85,25.1766,207.531
Laser,Copper,Cu,Aluminum,Al,237.4,Bare,2995.49,,,183.41,1910.7,102.751,,7.2,15.8,21.2,29.1528,3434.027
Laser,Copper,Cu,Aluminum,Al,152.4,Tin-plated,845.02,5.1926,,967.43,98.7,91.256,92.308,71.8,71.0,12.69,9.2599,68.934
Laser,Copper,Cu,Copper,Cu,218.1,Bare,2851.08,,,638.03,1893.7,71.259,,67.3,52.7,13.01,40.01,3239.47
Laser,Copper,Cu,Copper,Cu,145.6,Nickel-plated,2609.04,11.2304,,259.23,2455.8,41.781,117.04,-7.7,53.3,8.36,62.4461,5135.547
Laser,Copper,Cu,Aluminum,Al,72.0,Tin-plated,2151.08,,,161.12,765.4,14.402,,100.3,62.1,6.64,149.3584,987.861
Laser,Nickel,Ni,Copper,Cu,162.1,Anodized,2905.46,4.8099,,799.83,338.3,13.14,266.372,15.6,22.0,23.18,221.1194,763.193
Laser,Nickel,Ni,Copper,Cu,212.4,Oxide,2788.24,7.6132,,938.05,1834.9,96.654,235.324,119.3,37.0,21.26,28.8478,4384.718
Laser,Copper,Cu,Aluminum,Al,146.0,Bare,757.51,6.5276,,601.66,168.2,23.43,233.949,46.2,11.3,13.56,32.3303,179.19
Laser,Copper,Cu,Aluminum,Al,182.7,Bare,529.55,6.9213,,710.78,113.3,106.838,163.4,108.6,15.7,13.65,4.9566,87.246
Laser,Aluminum,Al,Aluminum,Al,222.1,Tin-plated,2656.2,5.4038,,167.73,752.7,99.129,231.58,71.0,10.6,7.39,26.7955,1576.278
Laser,StainlessSteel,SS304,Nickel,Ni,152.9,Tin-plated,1688.59,,,230.33,2546.3,12.886,,9.3,79.2,8.34,131.0431,2579.808
Laser,Nickel,Ni,Copper,Cu,244.0,Oxide,2461.97,11.2834,,744.69,1472.4,39.785,195.622,2.9,74.0,16.59,61.8813,3474.89
Laser,Copper,Cu,Aluminum,Al,119.2,Carbon-coated,875.0,,,433.96,198.8,116.746,,113.7,68.3,18.08,7.4949,104.368
Laser,Aluminum,Al,Aluminum,Al,91.3,Bare,1115.69,10.7088,,740.04,535.1,97.967,149.663,92.7,59.6,8.51,11.3884,701.217
Laser,Nickel,Ni,Copper,Cu,63.5,Bare,2376.65,3.5696,,900.23,1148.7,109.666,99.506,52.6,36.5,6.68,21.6716,1801.224
Laser,Copper,Cu,Copper,Cu,204.6,Tin-plated,1827.07,11.8787,,520.82,2977.6,102.841,125.488,54.4,74.6,10.02,17.766,5039.664
Laser,StainlessSteel,SS304,Nickel,Ni,79.2,Bare,1502.41,4.7173,,354.85,2666.4,22.48,85.79,91.8,59.8,14.18,66.8345,2835.206
Laser,Copper,Cu,Copper,Cu,76.6,Nickel-plated,485.25,6.4273,,721.58,997.8,21.514,60.258,97.2,17.2,15.7,22.5554,445.097
Laser,Copper,Cu,Copper,Cu,232.4,Bare,800.14,9.9618,,261.46,467.8,117.888,273.486,118.2,70.9,13.02,6.7873,734.309
Laser,Copper,Cu,Copper,Cu,239.7,Bare,1217.18,,,534.2,2363.1,99.584,,5.8,54.5,22.78,12.2226,1725.779
Laser,Aluminum,Al,Aluminum,Al,108.6,Bare,1045.02,7.5593,,942.14,1647.3,19.343,251.482,4.0,54.7,9.42,54.0267,2285.464
Laser,Copper,Cu,Aluminum,Al,52.1,Nickel-plated,1409.43,10.0339,,771.59,2308.6,64.465,202.82,63.7,27.4,9.49,21.8637,3831.611
Laser,Aluminum,Al,Aluminum,Al,52.6,Oxide,2866.94,6.1028,,731.52,1309.7,87.048,242.426,34.9,54.1,12.91,32.935,3028.035
Laser,Copper,Cu,StainlessSteel,SS304,130.4,Nickel-plated,1778.08,7.808,,617.62,1134.4,110.752,21.641,32.4,58.4,20.48,16.0546,1286.937
Laser,Aluminum,Al,Aluminum,Al,165.2,Tin-plated,1725.37,4.7969,,839.69,908.3,43.186,95.388,49.1,30.8,24.86,39.9523,1106.544
Laser,Copper,Cu,StainlessSteel,SS304,137.9,Bare,2792.34,,,593.9,2913.3,104.293,,-4.7,17.6,9.19,26.7741,4880.985
Laser,Copper,Cu,Copper,Cu,40.2,Bare,836.43,7.7803,,838.34,517.2,105.698,294.356,24.3,71.4,19.7,7.9134,733.41
Laser,Copper,Cu,Copper,Cu,151.1,Carbon-coated,332.95,2.6141,,822.22,194.4,87.968,24.14,93.4,41.8,20.95,3.7849,43.749
Laser,Aluminum,Al,Aluminum,Al,58.6,Bare,746.26,7.0123,,437.75,1652.7,33.305,108.262,83.9,54.6,11.57,22.4072,1241.843
Laser,Nickel,Ni,Copper,Cu,57.2,Bare,1696.58,4.9123,,474.17,2250.2,37.764,268.809,11.0,18.6,5.49,44.9261,3479.112
Laser,Nickel,Ni,Copper,Cu,241.9,Tin-plated,2195.82,11.9502,,888.06,1227.1,42.096,102.572,72.7,65.7,24.5,52.1618,2218.396
Laser,Aluminum,Al,Aluminum,Al,202.7,Bare,1217.3,,,788.29,1377.1,32.092,,52.7,29.1,10.37,37.9319,1005.778
Laser,Copper,Cu,Copper,Cu,105.0,Carbon-coated,1983.88,3.1863,,883.05,1054.5,28.592,70.017,-6.5,49.7,5.18,69.3869,1349.327
Laser,Copper,Cu,Copper,Cu,172.0,Bare,799.66,6.124,,260.03,1208.8,10.369,129.737,32.1,30.8,23.77,77.1238,964.14
Laser,Copper,Cu,Aluminum,Al,82.2,Bare,321.38,5.4506,,665.31,2511.7,15.416,140.163,-5.8,27.3,21.37,20.848,1251.897
Laser,Nickel,Ni,Copper,Cu,103.8,Tin-plated,1834.98,,,378.05,2942.2,37.035,,46.1,13.1,19.53,49.5476,3239.363
Laser,Copper,Cu,Copper,Cu,165.9,Bare,1906.62,2.017,,930.93,498.8,69.559,104.082,74.6,16.0,15.75,27.41,612.481
Laser,Nickel,Ni,Copper,Cu,87.4,Bare,2575.31,4.8525,,348.0,2860.5,64.954,77.32,91.2,53.4,17.3,39.6481,4849.364
Laser,Copper,Cu,Aluminum,Al,244.8,Carbon-coated,545.33,2.7285,,826.79,2604.5,111.828,103.629,82.2,36.6,15.88,4.8765,1146.764
Laser,Nickel,Ni,Copper,Cu,197.1,Bare,1248.57,3.5711,,822.06,1245.4,63.73,274.041,18.5,22.5,9.6,19.5915,1420.533
Laser,Copper,Cu,Aluminum,Al,244.8,Nickel-plated,1505.72,9.9937,,231.17,103.7,79.929,83.166,43.3,17.9,11.59,18.8381,128.205
Laser,StainlessSteel,SS304,Nickel,Ni,33.6,Tin-plated,2944.72,0.7555,,601.33,1347.0,21.005,211.862,117.2,12.0,15.4,140.1929,2466.106
Laser,Copper,Cu,Copper,Cu,184.0,Bare,2975.81,,,177.98,1845.7,61.142,,108.7,50.9,14.0,48.67,3295.474
Laser,Copper,Cu,Copper,Cu,215.2,Tin-plated,1937.43,9.6371,,703.71,2276.4,110.599,139.025,77.6,11.3,19.64,17.5177,3866.232
Laser,Nickel,Ni,Copper,Cu,117.6,Bare,576.62,10.2135,,823.25,1767.0,52.405,29.273,-6.3,38.2,13.16,11.003,822.63
Laser,Copper,Cu,Aluminum,Al,229.6,Oxide,969.39,,,713.43,2448.4,110.599,,71.9,22.3,21.12,8.7649,1424.08
Laser,Nickel,Ni,Copper,Cu,56.9,Nickel-plated,1899.66,3.4923,,921.95,1641.9,108.445,119.088,53.3,34.1,15.08,17.5173,2144.546
Laser,Copper,Cu,StainlessSteel,SS304,172.8,Carbon-coated,2476.04,1.6251,,303.47,1367.5,75.199,41.679,96.4,62.2,13.45,32.9263,2068.611
Laser,Copper,Cu,StainlessSteel,SS304,140.7,Bare,2878.03,7.71,,328.84,2178.0,77.822,232.651,57.9,75.5,24.96,36.9825,5323.813
Laser,Copper,Cu,StainlessSteel,SS304,36.0,Nickel-plated,648.3,11.5069,,612.49,2688.9,43.824,202.034,29.2,27.9,19.11,14.793,3546.374
Laser,Copper,Cu,Copper,Cu,239.4,Bare,829.38,9.8854,,534.3,2623.7,14.121,178.786,110.1,25.3,7.89,58.7329,3160.428
Laser,Aluminum,Al,Aluminum,Al,167.7,Nickel-plated,1628.38,,,754.29,721.6,80.562,,23.5,53.7,15.2,20.2128,705.032
Laser,Nickel,Ni,Copper,Cu,158.2,Oxide,2320.78,7.8746,,858.83,1567.4,24.196,279.497,-5.4,67.8,10.51,95.9148,3562.388
Laser,Copper,Cu,Aluminum,Al,232.6,Bare,1426.97,,,598.37,286.5,70.769,,59.6,58.7,5.61,20.1638,245.305
Laser,Nickel,Ni,Copper,Cu,31.3,Bare,483.84,,,505.52,1483.8,69.57,,47.4,10.3,21.5,6.9547,430.755
Laser,Aluminum,Al,Aluminum,Al,155.6,Oxide,522.23,9.4039,,179.27,1553.8,24.873,166.798,60.7,20.3,5.17,20.9956,1461.779
Laser,Copper,Cu,Copper,Cu,209.3,Nickel-plated,2007.84,6.2416,,677.78,1391.1,87.899,250.82,12.3,46.3,11.7,22.8425,2547.05
Laser,Nickel,Ni,Copper,Cu,176.1,Nickel-plated,853.35,2.1407,,569.13,2786.3,117.164,207.997,106.7,55.0,22.56,7.2834,1922.833
Laser,Copper,Cu,Aluminum,Al,81.5,Nickel-plated,1126.94,7.7056,,860.82,2053.3,105.927,134.046,94.1,41.1,15.89,10.6388,2236.765
Laser,Copper,Cu,Aluminum,Al,187.2,Bare,1619.73,11.2443,,724.63,1721.4,71.302,264.884,4.4,29.5,22.25,22.7166,3723.811
Laser,Copper,Cu,Copper,Cu,205.4,Nickel-plated,1961.7,6.6117,,784.17,1262.8,51.882,144.377,107.6,28.7,13.83,37.8109,1968.447
Laser,Copper,Cu,Copper,Cu,215.5,Nickel-plated,2759.65,9.7091,,667.16,998.7,55.217,268.474,64.6,14.2,13.31,49.9784,2695.064
Laser,Nickel,Ni,Copper,Cu,88.4,Tin-plated,2473.61,8.2695,,954.36,1185.0,13.258,260.237,11.5,13.0,15.47,186.5735,2778.845
Laser,Copper,Cu,Aluminum,Al,205.3,Bare,2435.88,8.451,,806.05,2830.0,8.268,45.082,19.9,43.4,21.57,294.6077,4567.476
Laser,Copper,Cu,Copper,Cu,161.7,Nickel-plated,2612.15,,,594.37,2951.9,65.611,,110.8,12.1,7.67,39.8127,4626.504
Laser,Copper,Cu,Copper,Cu,71.8,Bare,1472.85,,,228.4,302.3,104.794,,78.9,16.8,14.92,14.0547,267.118
Laser,Copper,Cu,Aluminum,Al,157.7,Nickel-plated,1906.14,4.1378,,384.26,716.0,110.671,104.461,83.3,68.9,16.76,17.2235,942.714
Laser,StainlessSteel,SS304,Nickel,Ni,212.0,Carbon-coated,332.35,5.8004,,977.38,1358.9,26.905,262.329,70.6,36.9,19.17,12.3528,1098.086
Laser,StainlessSteel,SS304,Nickel,Ni,102.9,Tin-plated,2187.6,10.5596,,805.28,2377.0,113.16,75.641,95.8,46.3,21.41,19.3319,3879.308
Laser,Nickel,Ni,Copper,Cu,96.6,Bare,1195.03,1.1146,,265.53,1084.1,46.905,22.735,27.8,68.6,20.28,25.4776,788.303
Laser,Nickel,Ni,Copper,Cu,98.2,Carbon-coated,1444.53,,,299.54,1594.0,13.142,,62.6,59.3,13.96,109.914,1381.539
Laser,Copper,Cu,Copper,Cu,74.6,Nickel-plated,900.39,8.7586,,699.63,78.7,56.919,106.789,2.7,38.4,14.41,15.8188,71.945
Laser,Nickel,Ni,Copper,Cu,157.1,Bare,1209.95,,,310.9,2341.6,43.062,,102.0,29.8,20.85,28.0982,1699.969
Laser,StainlessSteel,SS304,Nickel,Ni,217.8,Bare,2256.91,10.6224,,389.77,2177.0,108.998,226.253,9.4,12.0,24.5,20.706,5040.81
Laser,Copper,Cu,Copper,Cu,38.0,Bare,2081.12,8.2042,,202.47,392.6,70.732,180.917,87.1,31.9,21.61,29.4226,723.358
Laser,Copper,Cu,Copper,Cu,190.0,Tin-plated,1788.43,4.6931,,155.18,647.7,111.592,38.092,47.4,43.8,23.06,16.0265,741.382
Laser,StainlessSteel,SS304,Nickel,Ni,180.3,Bare,378.95,9.6183,,697.05,1754.4,91.567,219.236,98.9,41.6,10.22,4.1385,1878.645
Laser,Copper,Cu,Aluminum,Al,90.0,Carbon-coated,785.13,11.2441,,562.8,2677.9,5.227,223.134,8.6,76.9,13.26,150.1975,3949.03
Laser,Copper,Cu,Copper,Cu,60.0,Nickel-plated,2450.41,10.2385,,603.01,1563.3,51.503,94.271,66.2,57.6,4.59,47.5778,2901.964
Laser,Nickel,Ni,Copper,Cu,72.0,Anodized,2242.16,,,460.94,307.5,27.182,,76.0,75.3,14.77,82.4867,413.678
Laser,Copper,Cu,Copper,Cu,100.3,Oxide,1074.43,,,243.87,656.2,30.805,,63.0,42.9,23.25,34.8783,423.052
Laser,StainlessSteel,SS304,Nickel,Ni,70.8,Oxide,2229.63,5.3947,,975.33,151.1,76.612,257.912,0.1,39.4,24.54,29.1029,286.264
Laser,StainlessSteel,SS304,Nickel,Ni,133.4,Bare,2803.27,5.9415,,560.75,2286.2,99.569,190.201,47.5,30.8,20.31,28.1541,4878.732
Laser,Copper,Cu,Aluminum,Al,205.7,Nickel-plated,2156.79,4.5638,,569.39,1382.4,23.368,273.289,68.6,11.6,10.69,92.296,2478.604
Laser,Copper,Cu,Aluminum,Al,196.7,Bare,868.89,,,488.08,217.2,9.084,,85.3,24.3,24.99,95.6553,113.217
Laser,Copper,Cu,Copper,Cu,171.4,Anodized,2192.36,7.6268,,829.7,2429.4,112.922,261.447,12.2,37.1,17.49,19.4148,5133.262
Laser,Copper,Cu,Copper,Cu,115.3,Oxide,2171.54,11.4902,,975.78,373.6,57.62,135.161,51.7,79.4,20.27,37.6873,718.768
Laser,Copper,Cu,Copper,Cu,50.8,Bare,1727.91,0.8761,,942.1,2084.2,51.805,139.104,12.5,36.6,13.1,33.3545,2262.372
Laser,StainlessSteel,SS304,Nickel,Ni,46.1,Tin-plated,2472.45,7.9494,,867.17,1882.1,19.183,15.522,119.8,19.7,6.95,128.8875,2884.877
Laser,Copper,Cu,Aluminum,Al,74.7,Bare,619.3,5.2041,,530.38,476.4,101.465,36.755,4.2,40.0,15.92,6.1036,213.449
Laser,Copper,Cu,Copper,Cu,245.7,Bare,496.44,3.2878,,379.93,1561.5,89.683,13.663,29.0,34.4,4.36,5.5354,493.172
Laser,StainlessSteel,SS304,Nickel,Ni,52.3,Tin-plated,2014.67,11.3734,,568.75,2248.5,115.425,291.278,98.7,41.9,11.71,17.4543,5697.531
Laser,Copper,Cu,StainlessSteel,SS304,141.3,Bare,2117.52,,,641.43,1499.9,13.82,,8.9,35.0,24.66,153.2248,1905.657
Laser,Nickel,Ni,Copper,Cu,99.5,Bare,2179.8,1.1682,,755.02,2983.9,49.946,49.158,96.5,21.1,19.3,43.6429,3971.187
Laser,Nickel,Ni,Copper,Cu,163.5,Oxide,2934.31,11.2787,,791.18,1898.1,54.205,55.472,75.6,34.6,18.76,54.1341,3816.777
Laser,Copper,Cu,StainlessSteel,SS304,199.7,Nickel-plated,933.92,6.0353,,377.55,646.3,20.291,187.898,11.1,56.2,4.58,46.0272,655.333
Laser,Copper,Cu,StainlessSteel,SS304,228.0,Nickel-plated,1558.74,,,742.57,1468.4,55.139,,49.5,59.0,20.12,28.269,1373.345
Laser,Copper,Cu,Copper,Cu,243.4,Bare,1322.35,,,670.98,2346.5,50.236,,31.0,27.6,18.87,26.3226,1861.739
Laser,Copper,Cu,Copper,Cu,246.0,Bare,1882.78,,,162.05,1988.8,10.992,,29.5,18.2,12.62,171.2852,2246.677
Laser,Copper,Cu,Copper,Cu,160.6,Tin-plated,2891.25,2.1069,,342.74,2521.5,78.782,59.772,45.8,33.7,18.42,36.6995,4501.239
Laser,Nickel,Ni,Copper,Cu,76.1,Anodized,228.19,,,952.52,1702.3,23.21,,86.0,54.2,19.12,9.8314,233.066
Laser,Nickel,Ni,Copper,Cu,143.7,Anodized,1866.06,10.2341,,272.6,2164.7,118.203,25.774,-2.8,73.1,21.09,15.7869,2652.061
Laser,Copper,Cu,Aluminum,Al,102.2,Bare,1355.32,6.144,,261.44,362.6,113.305,102.282,93.0,13.0,19.56,11.9617,386.029
Laser,Copper,Cu,Aluminum,Al,51.9,Tin-plated,2541.76,6.1057,,410.25,2691.5,47.525,130.286,54.4,29.1,17.78,53.4828,4961.044
Laser,Copper,Cu,Copper,Cu,96.9,Oxide,1069.62,3.6791,,460.97,2161.8,102.531,66.709,90.9,22.8,15.97,10.4322,1599.593
Laser,Copper,Cu,Copper,Cu,215.7,Bare,2183.61,,,922.59,2059.7,22.455,,119.9,59.9,17.45,97.2429,2698.6
Laser,StainlessSteel,SS304,Nickel,Ni,59.6,Bare,2209.09,,,991.79,2675.5,90.824,,70.4,39.4,9.84,24.3227,3546.28
Laser,Nickel,Ni,Copper,Cu,164.3,Carbon-coated,2240.3,7.5102,,971.93,1176.8,111.598,200.518,78.1,13.0,11.57,20.0747,2290.701
Laser,Copper,Cu,Aluminum,Al,179.6,Nickel-plated,1540.94,6.2962,,160.06,552.7,118.444,134.312,100.2,25.6,19.76,13.0099,698.012
Laser,Nickel,Ni,Copper,Cu,115.1,Bare,2706.94,11.0251,,772.35,158.4,10.959,50.759,51.7,15.0,5.34,246.9988,292.759
Laser,Aluminum,Al,Aluminum,Al,169.6,Bare,288.42,2.5195,,278.01,297.4,30.058,214.472,31.3,59.0,7.86,9.5954,115.734
Laser,Copper,Cu,Aluminum,Al,77.2,Bare,533.98,11.4896,,627.39,1272.8,104.266,23.137,33.5,76.5,24.62,5.1214,543.117
Laser,Nickel,Ni,Copper,Cu,215.4,Tin-plated,626.32,10.0735,,690.9,2396.3,68.025,217.389,88.6,63.3,4.07,9.2072,2999.518
Laser,Nickel,Ni,Copper,Cu,49.8,Oxide,2423.25,,,529.13,1417.9,87.848,,10.1,36.3,11.76,27.5846,2061.604
Laser,Copper,Cu,Aluminum,Al,231.8,Bare,1520.81,,,168.18,1323.8,38.377,,-1.6,13.6,14.95,39.6284,1207.93
Laser,Copper,Cu,Aluminum,Al,167.3,Bare,1139.19,,,964.83,2910.3,105.836,,82.0,27.7,11.99,10.7637,1989.234
Laser,Aluminum,Al,Aluminum,Al,220.7,Nickel-plated,1766.05,3.4407,,953.81,544.1,17.132,164.637,40.0,79.5,21.12,103.086,699.777
Laser,Copper,Cu,Aluminum,Al,88.9,Nickel-plated,2894.99,,,935.47,2242.7,85.943,,12.8,32.2,19.86,33.685,3895.617
Laser,Aluminum,Al,Aluminum,Al,106.3,Oxide,2505.15,3.6915,,897.47,461.6,44.83,287.931,111.5,70.0,14.27,55.8806,890.007
Laser,Copper,Cu,Aluminum,Al,149.1,Tin-plated,2196.57,3.2554,,768.81,1262.4,73.471,219.958,-5.8,75.2,12.95,29.8973,2025.423
Laser,Copper,Cu,Aluminum,Al,101.3,Bare,220.21,,,733.11,1901.5,62.003,,1.9,36.7,22.96,3.5516,251.23
Laser,Copper,Cu,Copper,Cu,165.3,Nickel-plated,337.67,5.5881,,457.79,1427.0,87.38,37.04,-8.8,39.4,12.11,3.8644,407.25
Laser,Nickel,Ni,Copper,Cu,180.4,Nickel-plated,1343.92,,,859.53,1869.2,119.91,,119.3,23.2,10.48,11.2077,1507.219
Laser,Aluminum,Al,Aluminum,Al,248.7,Tin-plated,536.28,4.0292,,990.84,2774.1,88.54,189.512,70.5,58.9,16.17,6.0569,1739.909
Laser,Copper,Cu,Copper,Cu,214.8,Oxide,575.24,1.5252,,171.43,2212.9,84.856,257.297,18.0,19.0,20.05,6.7789,1111.146
Laser,Copper,Cu,Copper,Cu,65.7,Nickel-plated,1372.95,11.0837,,154.5,1288.9,76.797,139.27,19.5,69.4,23.42,17.8778,1857.621
Laser,Copper,Cu,Copper,Cu,167.0,Carbon-coated,2036.13,2.3848,,991.0,1861.5,108.143,92.295,56.0,78.9,4.16,18.8282,2438.065
Laser,Copper,Cu,Copper,Cu,236.5,Bare,2420.33,0.9806,,682.69,2430.8,15.668,77.641,99.7,41.4,24.75,154.4748,3604.058
Laser,Copper,Cu,Aluminum,Al,147.5,Tin-plated,2013.6,7.6595,,468.64,1798.1,40.427,92.469,71.4,33.4,24.24,49.8085,2681.867
Laser,Nickel,Ni,Copper,Cu,154.0,Oxide,715.41,,,704.42,654.8,50.883,,62.6,33.6,18.47,14.06,281.066
Laser,Copper,Cu,Copper,Cu,44.0,Bare,953.25,,,516.76,1227.9,16.656,,117.7,15.6,11.48,57.2315,702.317
Laser,Copper,Cu,Copper,Cu,106.0,Bare,1795.92,10.3172,,537.68,864.0,47.522,171.827,19.6,77.2,19.21,37.7913,1543.709
Laser,Aluminum,Al,Aluminum,Al,167.4,Bare,1975.39,,,211.7,507.6,107.534,,118.3,27.3,16.21,18.37,601.656
Laser,Copper,Cu,Copper,Cu,236.7,Bare,2422.02,1.9335,,823.57,2367.5,113.774,232.144,35.8,23.4,18.86,21.2879,3865.516
Laser,Copper,Cu,Aluminum,Al,224.8,Nickel-plated,1586.81,4.6219,,169.99,2603.0,59.058,77.456,96.5,62.2,16.13,26.8689,2850.986
Laser,Aluminum,Al,Aluminum,Al,144.5,Oxide,1866.2,5.8793,,794.78,714.4,16.547,113.16,60.0,63.9,8.08,112.7816,990.098
Laser,Copper,Cu,Copper,Cu,163.6,Bare,1228.03,0.7312,,281.21,2338.2,28.965,67.519,113.3,44.3,7.27,42.3964,1768.982
Laser,Copper,Cu,StainlessSteel,SS304,72.2,Carbon-coated,2554.72,,,237.25,457.1,11.521,,29.0,19.3,10.54,221.7371,700.688
Laser,Nickel,Ni,Copper,Cu,60.6,Bare,1946.38,1.3072,,722.98,77.8,117.11,40.607,10.2,35.9,5.55,16.6201,92.561
Laser,Copper,Cu,Aluminum,Al,214.0,Anodized,2682.69,,,799.42,1586.3,42.16,,77.0,44.1,17.39,63.6308,2553.308
Laser,StainlessSteel,SS304,Nickel,Ni,218.8,Tin-plated,2630.99,7.1793,,509.51,130.8,97.633,75.288,46.4,66.5,22.84,26.9477,234.738
Laser,Copper,Cu,Copper,Cu,110.9,Bare,2009.65,,,390.57,2989.6,106.96,,51.1,15.3,22.09,18.7889,3604.882
Laser,Copper,Cu,Copper,Cu,85.0,Bare,652.98,11.633,,525.92,2487.1,23.786,74.28,31.3,58.1,24.07,27.4522,1834.072
Laser,Nickel,Ni,Copper,Cu,222.2,Oxide,1818.41,11.5161,,305.81,1469.9,29.012,179.552,79.2,57.0,8.66,62.678,2819.542
Laser,Copper,Cu,Copper,Cu,134.6,Bare,1993.43,3.3641,,253.55,236.2,92.257,230.342,31.5,61.0,7.79,21.6074,355.761
Laser,Nickel,Ni,Copper,Cu,38.8,Bare,1217.12,7.0299,,916.49,1647.3,45.826,38.473,77.5,19.4,14.57,26.5597,1381.19
Laser,Copper,Cu,Aluminum,Al,88.9,Nickel-plated,965.82,,,621.64,1080.8,75.933,,108.7,25.4,23.59,12.7193,626.31
Laser,Copper,Cu,Aluminum,Al,195.8,Oxide,2654.4,10.0985,,308.4,2469.8,97.578,33.775,90.5,17.3,5.48,27.2027,4270.372
Laser,Aluminum,Al,Aluminum,Al,197.4,Anodized,1374.82,,,537.25,319.9,45.993,,3.2,74.3,22.73,29.8919,263.867
Laser,Copper,Cu,Copper,Cu,175.7,Nickel-plated,811.77,,,270.09,1339.4,15.835,,-6.1,65.5,21.12,51.2631,652.346
Laser,Copper,Cu,Copper,Cu,206.4,Tin-plated,1736.08,,,452.82,1463.6,80.148,,-2.8,41.1,16.82,21.6608,1524.51
Laser,Copper,Cu,Copper,Cu,207.9,Oxide,2810.75,,,215.68,1025.7,52.046,,91.8,71.1,5.2,54.005,1729.812
Laser,Copper,Cu,Aluminum,Al,62.1,Oxide,2819.26,,,637.06,1185.7,117.218,,113.7,36.5,20.18,24.0513,2005.629
Laser,Copper,Cu,Aluminum,Al,235.0,Nickel-plated,242.32,5.8232,,462.98,1694.7,39.568,71.586,46.0,35.2,22.01,6.1242,528.99
Laser,Nickel,Ni,Copper,Cu,42.5,Nickel-plated,1362.78,,,183.82,599.9,19.793,,76.0,53.4,14.01,68.8517,490.528
Laser,Nickel,Ni,Copper,Cu,225.1,Bare,231.57,,,391.62,159.9,20.559,,9.0,78.9,4.7,11.264,22.216
Laser,StainlessSteel,SS304,Nickel,Ni,62.1,Bare,1098.33,10.5812,,579.35,2652.3,75.955,156.468,57.5,21.3,10.56,14.4601,3504.36
Laser,Copper,Cu,Aluminum,Al,81.2,Bare,2142.69,10.5499,,845.27,2729.6,55.509,267.915,25.5,79.9,14.07,38.6005,6595.285
Laser,Aluminum,Al,Aluminum,Al,152.2,Bare,2666.51,3.3099,,463.81,1746.4,86.562,127.202,111.8,67.6,12.58,30.8047,3088.108
Laser,Copper,Cu,Copper,Cu,62.0,Bare,961.05,,,936.01,2231.7,108.085,,118.9,43.8,17.44,8.8916,1286.86
Laser,Copper,Cu,Copper,Cu,111.1,Bare,405.07,11.2162,,634.57,1447.3,66.961,95.055,9.7,19.9,10.56,6.0494,969.01
Laser,Copper,Cu,Copper,Cu,196.6,Bare,1672.4,,,648.21,2747.6,117.594,,59.7,36.5,16.18,14.2217,2757.058
Laser,Copper,Cu,Copper,Cu,189.4,Oxide,2527.99,4.2935,,660.62,1097.0,114.352,215.769,67.8,30.0,5.37,22.1071,2070.499
Laser,Copper,Cu,Copper,Cu,60.5,Bare,2325.63,5.8058,,773.37,1655.1,27.132,68.118,115.3,34.6,22.92,85.7138,2571.279
Laser,Copper,Cu,Copper,Cu,134.3,Anodized,899.74,10.5488,,327.99,385.2,106.586,155.263,12.7,77.4,24.19,8.4415,460.358
Laser,Copper,Cu,Copper,Cu,142.4,Bare,1401.62,0.6617,,676.46,710.3,117.448,156.119,81.8,53.7,19.43,11.9339,626.729
Laser,Copper,Cu,Copper,Cu,172.7,Carbon-coated,2751.88,7.2488,,545.02,2812.9,5.738,217.135,7.9,48.4,13.21,479.5927,6415.521
Laser,Copper,Cu,Aluminum,Al,177.1,Tin-plated,1167.09,10.6759,,630.19,735.7,102.312,89.897,56.4,10.9,17.47,11.4072,797.57
Laser,Copper,Cu,Copper,Cu,206.1,Nickel-plated,772.1,,,201.69,924.6,117.088,,-8.0,27.7,12.17,6.5942,428.345
Laser,Copper,Cu,Aluminum,Al,129.3,Oxide,542.74,6.3435,,582.52,2561.8,53.824,187.068,79.7,16.9,9.4,10.0836,2050.265
Laser,Copper,Cu,Aluminum,Al,37.6,Tin-plated,1994.64,10.2226,,917.33,2296.1,65.005,78.889,43.2,20.1,9.98,30.6845,3488.606
Laser,StainlessSteel,SS304,Nickel,Ni,69.5,Bare,593.47,1.0851,,713.53,955.0,99.312,201.986,20.8,38.1,8.93,5.9758,423.786
Laser,Copper,Cu,Aluminum,Al,41.5,Bare,2826.75,10.4685,,962.9,73.7,8.975,195.632,36.5,16.0,11.71,314.9561,185.362
Laser,Copper,Cu,Aluminum,Al,73.2,Tin-plated,634.71,,,324.91,2192.3,32.844,,103.5,69.7,21.35,19.3253,834.88
Laser,StainlessSteel,SS304,Nickel,Ni,214.9,Nickel-plated,2236.69,7.7166,,834.67,2204.3,36.675,112.343,20.4,44.8,9.46,60.9872,3722.485
Laser,Copper,Cu,Aluminum,Al,66.5,Bare,2117.34,8.6707,,727.08,2486.7,117.616,184.174,75.9,69.1,21.35,18.0021,4747.479
Laser,Nickel,Ni,Copper,Cu,49.2,Carbon-coated,2235.35,,,835.18,2980.1,45.217,,106.1,15.6,22.04,49.4358,3996.959
Laser,Copper,Cu,Copper,Cu,132.7,Nickel-plated,672.43,1.9321,,467.11,1562.7,84.456,89.936,49.7,38.9,23.8,7.9619,739.114
Laser,Copper,Cu,Copper,Cu,48.8,Nickel-plated,507.44,,,960.32,2408.5,49.654,,85.3,56.9,14.49,10.2196,733.302
Laser,Nickel,Ni,Copper,Cu,34.7,Nickel-plated,912.58,8.2691,,309.17,694.8,18.879,28.608,46.1,40.7,5.42,48.3371,446.179
Laser,Nickel,Ni,Copper,Cu,222.6,Anodized,1291.24,0.4758,,366.51,1045.3,37.559,208.043,5.6,69.7,19.7,34.3792,851.268
Laser,Copper,Cu,Copper,Cu,112.6,Anodized,1341.14,2.9264,,550.31,1420.9,33.454,158.36,25.2,35.2,10.45,40.0888,1406.82
Laser,Aluminum,Al,Aluminum,Al,79.1,Tin-plated,2193.03,6.7946,,323.14,1346.4,117.101,247.74,94.5,22.8,21.63,18.7277,2678.19
Laser,Copper,Cu,Copper,Cu,43.2,Bare,1601.66,4.7401,,447.59,2051.1,103.191,230.397,80.1,14.6,18.87,15.5214,2867.153
Laser,Copper,Cu,Aluminum,Al,222.5,Nickel-plated,236.77,11.5051,,951.49,320.5,16.744,99.527,70.5,70.3,6.59,14.1401,192.358
Laser,Copper,Cu,Copper,Cu,44.4,Bare,1852.71,0.9629,,766.68,63.4,85.326,238.342,119.8,72.1,6.57,21.7134,76.241
Laser,Nickel,Ni,Copper,Cu,185.0,Nickel-plated,742.52,3.1011,,332.87,623.4,70.709,182.251,24.8,39.3,14.74,10.5011,418.686
Laser,Copper,Cu,Aluminum,Al,156.8,Nickel-plated,2962.3,4.2786,,638.96,1498.6,61.075,94.62,37.6,40.9,13.24,48.5028,2906.167
Laser,Copper,Cu,Copper,Cu,116.3,Bare,1695.64,7.5106,,674.06,1009.6,77.949,10.566,9.6,28.3,6.24,21.7533,1059.203
Laser,Copper,Cu,Aluminum,Al,73.2,Nickel-plated,254.56,9.746,,209.74,448.3,37.522,110.724,10.7,24.2,13.04,6.7844,261.972
Laser,Copper,Cu,Aluminum,Al,210.4,Anodized,775.97,4.3705,,623.5,889.9,76.91,57.1,-3.4,56.1,9.01,10.0894,503.165
Laser,StainlessSteel,SS304,Nickel,Ni,184.1,Bare,2515.78,,,633.62,610.3,75.676,,70.0,74.1,13.99,33.2442,921.202
Laser,Aluminum,Al,Aluminum,Al,200.7,Bare,901.07,1.362,,941.51,2389.2,57.56,15.922,3.3,47.8,22.17,15.6546,1312.403
Laser,Nickel,Ni,Copper,Cu,116.8,Anodized,2655.9,8.3436,,552.69,1334.3,106.062,246.601,48.2,24.9,19.9,25.041,3224.407
Laser,Nickel,Ni,Copper,Cu,63.4,Tin-plated,1959.01,,,462.59,2882.4,9.55,,80.1,30.1,23.85,205.1298,3387.993
Laser,StainlessSteel,SS304,Nickel,Ni,225.1,Carbon-coated,2145.5,9.4207,,639.82,1669.1,52.726,25.136,95.1,21.0,19.13,40.6912,2306.78
Laser,Nickel,Ni,Copper,Cu,215.2,Bare,1513.04,9.5071,,704.24,2103.3,52.504,87.969,82.9,76.3,6.15,28.8178,2613.107
Laser,Copper,Cu,Copper,Cu,30.5,Nickel-plated,1582.27,,,490.1,1361.6,11.484,,-1.0,25.5,7.14,137.7776,1292.632
Laser,Copper,Cu,StainlessSteel,SS304,63.3,Bare,979.89,9.2533,,370.98,2485.0,112.092,134.39,73.9,63.8,24.11,8.7418,2697.056
Laser,Copper,Cu,Copper,Cu,226.7,Bare,1172.38,11.3697,,496.6,1030.9,97.858,280.39,8.9,51.4,13.14,11.9803,2039.826
Laser,Copper,Cu,Copper,Cu,31.7,Oxide,1097.79,8.1035,,828.47,2812.1,41.401,15.918,11.2,69.7,12.81,26.516,1997.331
Laser,Copper,Cu,Aluminum,Al,64.7,Tin-plated,1531.15,4.483,,299.69,1837.7,108.963,199.497,67.4,47.2,22.02,14.0519,2345.674
Laser,Copper,Cu,Aluminum,Al,58.5,Tin-plated,235.24,6.0467,,735.93,234.4,90.548,282.679,22.6,73.1,15.44,2.5979,193.346
Laser,Copper,Cu,Aluminum,Al,83.4,Bare,2561.41,7.6784,,574.3,2319.2,88.743,282.973,57.9,51.2,18.39,28.8633,5579.787
Laser,Copper,Cu,Copper,Cu,78.0,Nickel-plated,2632.15,,,363.91,1613.0,68.557,,62.6,13.9,19.84,38.3934,2547.37
Laser,Copper,Cu,StainlessSteel,SS304,55.1,Tin-plated,852.8,,,194.08,350.5,27.093,,2.0,23.9,8.6,31.4768,179.343
Laser,Copper,Cu,Copper,Cu,35.7,Bare,2239.04,11.3483,,673.17,2260.8,92.443,170.358,99.4,31.3,22.04,24.2206,4785.533
Laser,Copper,Cu,StainlessSteel,SS304,137.1,Tin-plated,2287.06,7.5054,,647.96,2506.3,11.785,251.066,17.3,57.6,8.82,194.0716,5328.367
Laser,Copper,Cu,Aluminum,Al,92.3,Nickel-plated,2845.34,3.5805,,868.8,1082.5,43.443,97.293,63.9,45.3,4.25,65.4964,1998.845
Laser,Copper,Cu,Aluminum,Al,116.1,Nickel-plated,1667.04,7.6632,,937.87,2512.4,11.888,290.87,-3.2,39.1,9.84,140.228,4753.015
Laser,Copper,Cu,StainlessSteel,SS304,94.1,Tin-plated,800.54,,,636.44,1393.2,78.09,,4.1,19.9,13.3,10.2516,669.194
Laser,Copper,Cu,Copper,Cu,39.0,Bare,2972.36,1.6582,,776.76,82.2,54.432,269.916,23.0,41.4,4.19,54.6065,161.382
Laser,Copper,Cu,Aluminum,Al,226.9,Tin-plated,257.28,,,981.29,561.2,11.003,,92.2,41.9,8.55,23.3826,86.633
Laser,Copper,Cu,Copper,Cu,110.8,Nickel-plated,1778.79,2.9572,,581.93,428.7,33.659,212.304,102.5,73.5,5.51,52.8474,565.182
Laser,StainlessSteel,SS304,Nickel,Ni,220.3,Carbon-coated,2425.35,11.8411,,364.84,2273.2,14.178,56.247,-1.2,38.3,4.3,171.06,3913.562
Laser,Copper,Cu,Aluminum,Al,170.1,Bare,2232.82,7.6603,,446.9,1550.3,70.154,291.81,86.5,76.9,20.7,31.8275,3463.064
Laser,Nickel,Ni,Copper,Cu,215.2,Nickel-plated,1992.79,1.1656,,766.38,675.9,97.882,24.557,37.3,30.6,22.84,20.3591,815.842
Laser,Aluminum,Al,Aluminum,Al,108.7,Oxide,273.89,10.0304,,863.24,2018.9,58.978,257.399,20.2,34.8,16.39,4.6439,2416.791
Laser,Aluminum,Al,Aluminum,Al,190.0,Nickel-plated,2639.34,,,558.74,1977.3,101.887,,69.9,19.2,5.64,25.9047,3131.314
Laser,StainlessSteel,SS304,Nickel,Ni,219.0,Bare,1358.08,,,244.9,2831.4,108.688,,48.8,43.7,6.93,12.4952,2307.176
Laser,Copper,Cu,Copper,Cu,246.5,Oxide,490.41,,,280.37,329.5,61.603,,63.1,23.5,11.12,7.9608,96.949
Laser,Nickel,Ni,Copper,Cu,171.5,Bare,400.15,11.546,,437.38,2128.4,18.395,236.0,14.4,41.8,10.52,21.7532,2830.889
Laser,Nickel,Ni,Copper,Cu,35.1,Bare,1565.4,,,295.69,700.7,68.091,,30.3,28.3,16.27,22.9899,658.155
Laser,Copper,Cu,StainlessSteel,SS304,132.6,Nickel-plated,313.18,7.9888,,171.68,2491.1,47.491,261.25,1.0,10.9,11.16,6.5945,2547.703
Laser,Nickel,Ni,Copper,Cu,64.4,Bare,1996.99,9.9692,,593.65,2662.7,23.368,85.867,35.1,21.4,21.5,85.4582,4102.106
Laser,Nickel,Ni,Copper,Cu,46.6,Nickel-plated,1141.38,,,869.13,749.3,69.471,,117.6,13.4,6.89,16.4296,513.13
Laser,StainlessSteel,SS304,Nickel,Ni,225.2,Bare,1794.57,4.75,,166.67,1837.6,23.404,73.716,79.6,57.6,5.36,76.6786,2235.979
Laser,Aluminum,Al,Aluminum,Al,137.7,Tin-plated,799.35,,,969.44,386.5,46.277,,110.4,11.9,23.29,17.273,185.367
Laser,Copper,Cu,Aluminum,Al,192.9,Bare,1585.56,3.3261,,375.38,1691.1,27.073,14.783,45.0,10.9,16.16,58.5671,1642.082
Laser,Copper,Cu,Aluminum,Al,51.0,Nickel-plated,2569.99,,,901.91,1951.7,8.724,,5.5,34.7,9.83,294.5974,3009.489
Laser,Aluminum,Al,Aluminum,Al,72.1,Nickel-plated,2074.44,2.4369,,631.29,1281.0,75.04,15.484,57.0,35.0,19.26,27.6445,1613.796
Laser,Copper,Cu,Aluminum,Al,131.3,Bare,1336.57,,,395.5,1030.2,115.614,,111.9,59.1,10.45,11.5606,826.12
Laser,Copper,Cu,Aluminum,Al,73.4,Nickel-plated,2436.31,9.5403,,403.66,955.8,28.57,160.796,55.1,71.9,5.42,85.2739,1983.658
Laser,Aluminum,Al,Aluminum,Al,122.4,Bare,1598.13,1.5567,,346.03,949.4,103.007,231.744,-7.8,59.8,20.41,15.5148,1047.341
Laser,StainlessSteel,SS304,Nickel,Ni,137.0,Oxide,1181.46,3.6672,,328.23,1545.7,99.604,99.055,117.7,71.7,7.0,11.8615,1320.279
Laser,Copper,Cu,Aluminum,Al,207.7,Bare,2558.33,,,740.51,142.1,31.351,,67.9,77.1,9.0,81.6042,218.188
Laser,Copper,Cu,Copper,Cu,227.5,Tin-plated,903.6,9.3553,,790.61,1480.7,19.663,63.872,64.7,12.1,9.76,45.954,1156.678
Laser,Copper,Cu,Copper,Cu,193.8,Carbon-coated,843.25,6.2177,,766.45,1969.1,77.986,164.779,90.4,26.4,4.17,10.8128,1803.21
Laser,Copper,Cu,Aluminum,Al,36.7,Tin-plated,1385.71,,,394.16,140.0,92.491,,119.4,61.6,6.92,14.9821,116.371
Laser,Aluminum,Al,Aluminum,Al,174.9,Nickel-plated,1493.55,2.6236,,549.95,461.5,26.635,195.557,40.2,50.8,18.43,56.0752,508.295
Laser,Aluminum,Al,Aluminum,Al,103.6,Anodized,1519.66,0.624,,748.56,1568.7,103.716,219.728,8.9,41.0,21.95,14.6521,1516.376
Laser,Copper,Cu,Aluminum,Al,240.1,Bare,2743.49,10.6418,,220.23,1964.7,92.215,178.578,47.1,61.9,8.45,29.7508,4727.488
Laser,StainlessSteel,SS304,Nickel,Ni,100.2,Tin-plated,2361.86,0.68,,929.32,1512.6,78.379,279.503,3.5,43.2,18.99,30.1341,2258.585
Laser,Copper,Cu,Copper,Cu,153.5,Bare,1297.91,3.23,,347.94,1497.7,74.454,170.03,100.0,64.1,5.65,17.4325,1495.363
Laser,Copper,Cu,Aluminum,Al,243.0,Tin-plated,2454.91,6.5212,,275.54,1015.7,54.659,183.2,113.6,56.2,16.22,44.9128,1981.532
Laser,Copper,Cu,Copper,Cu,48.3,Bare,231.59,6.0382,,337.45,2273.2,92.133,16.626,-6.1,12.7,11.4,2.5136,407.144
Laser,Copper,Cu,Aluminum,Al,88.9,Bare,262.39,2.0537,,349.5,1448.9,101.106,117.31,54.6,43.9,22.54,2.5952,367.731
Laser,Nickel,Ni,Copper,Cu,197.1,Nickel-plated,2433.0,11.0127,,662.85,2546.6,10.77,247.325,15.8,58.5,23.46,225.914,6492.039
Laser,Copper,Cu,Aluminum,Al,104.7,Anodized,2832.51,11.1659,,374.27,1139.9,55.07,71.981,37.5,45.1,17.67,51.4342,2303.696
Laser,Copper,Cu,Aluminum,Al,190.3,Nickel-plated,2859.01,9.3018,,497.87,799.2,28.104,234.775,14.2,27.8,16.39,101.7288,2069.045
Laser,Nickel,Ni,Copper,Cu,85.3,Carbon-coated,2989.49,,,669.42,2604.4,43.788,,28.9,24.7,21.79,68.2717,4671.449
Laser,Copper,Cu,Aluminum,Al,222.7,Nickel-plated,1087.5,0.6737,,413.15,1242.3,91.848,152.502,72.8,44.3,24.76,11.8402,861.645
Laser,Aluminum,Al,Aluminum,Al,132.1,Nickel-plated,2988.66,5.9253,,215.27,160.6,42.226,48.721,49.7,18.7,4.47,70.7778,306.442
Laser,Copper,Cu,Aluminum,Al,32.8,Nickel-plated,1564.7,6.4575,,404.52,1214.3,54.519,210.323,92.7,13.2,11.52,28.7004,1799.746
Laser,Copper,Cu,Aluminum,Al,213.6,Bare,1310.86,5.5789,,513.37,1185.2,85.242,271.404,50.3,70.0,7.54,15.378,1649.932
Laser,Copper,Cu,StainlessSteel,SS304,246.7,Nickel-plated,1549.38,3.3297,,835.55,2910.2,87.969,111.1,99.1,77.1,20.25,17.6129,3136.062
Laser,StainlessSteel,SS304,Nickel,Ni,212.6,Tin-plated,2065.25,4.3831,,966.98,1073.5,19.293,240.626,73.5,21.7,16.68,107.0454,1783.071
Laser,Copper,Cu,Copper,Cu,71.7,Bare,230.14,7.4597,,622.73,1328.7,86.321,271.357,76.9,18.7,18.31,2.6661,1259.329
Laser,Aluminum,Al,Aluminum,Al,132.0,Bare,639.19,1.655,,344.24,645.2,109.194,274.996,-3.0,53.8,17.89,5.8537,364.88
Laser,Copper,Cu,Copper,Cu,145.3,Oxide,2490.6,9.2823,,569.63,2535.6,25.312,17.078,79.6,52.4,5.71,98.3942,3949.957
Laser,StainlessSteel,SS304,Nickel,Ni,81.8,Carbon-coated,1068.19,4.3703,,646.51,1276.2,117.249,222.93,60.8,22.2,17.48,9.1104,1315.247
Laser,Copper,Cu,Aluminum,Al,32.1,Nickel-plated,373.96,8.1351,,764.99,318.7,102.486,148.775,14.8,71.2,5.57,3.6489,225.777
Laser,Nickel,Ni,Copper,Cu,115.6,Anodized,764.55,0.9302,,684.87,1394.6,64.443,137.299,92.4,53.0,10.08,11.8641,710.971
Laser,Nickel,Ni,Copper,Cu,133.3,Nickel-plated,890.26,3.982,,822.19,828.1,71.459,57.773,118.1,16.0,17.55,12.4584,518.511
Laser,Aluminum,Al,Aluminum,Al,68.6,Tin-plated,1906.18,,,211.06,1026.7,83.707,,63.9,48.7,5.2,22.772,1174.193
Laser,Copper,Cu,Aluminum,Al,104.9,Carbon-coated,2636.49,6.7528,,973.27,894.3,11.475,22.565,49.0,68.2,12.4,229.7567,1469.183
Laser,Aluminum,Al,Aluminum,Al,130.9,Bare,2983.8,0.8082,,320.04,628.7,18.846,12.578,57.4,78.9,6.09,158.3216,1128.023
Laser,Copper,Cu,Copper,Cu,60.4,Oxide,261.34,,,582.49,1014.2,97.753,,87.8,57.2,24.47,2.6735,159.025
Laser,Aluminum,Al,Aluminum,Al,48.8,Anodized,1724.51,5.4873,,174.63,2439.5,98.277,122.828,113.8,66.0,6.95,17.5475,3181.824
Laser,Copper,Cu,Aluminum,Al,43.9,Nickel-plated,1546.44,6.5349,,428.13,2670.3,85.993,77.267,22.3,56.4,16.0,17.9833,3017.023
Laser,Nickel,Ni,Copper,Cu,228.8,Nickel-plated,1722.92,7.5774,,461.03,579.7,71.98,172.2,69.1,15.8,8.93,23.9362,901.808
Laser,Aluminum,Al,Aluminum,Al,129.9,Bare,2239.5,0.778,,424.01,1179.9,75.498,283.426,63.9,72.1,18.45,29.6632,1689.506
Laser,Copper,Cu,Aluminum,Al,56.1,Bare,2961.2,11.8903,,378.6,947.1,78.597,119.797,43.0,34.4,22.82,37.6758,2222.451
Laser,StainlessSteel,SS304,Nickel,Ni,234.1,Tin-plated,2440.26,3.9312,,283.42,2247.5,20.953,224.874,-6.9,13.6,14.62,116.4641,4085.438
Laser,Copper,Cu,Copper,Cu,214.5,Bare,1747.92,4.7662,,978.27,1622.1,7.466,60.186,59.5,32.5,14.01,234.121,1887.264
Laser,StainlessSteel,SS304,Nickel,Ni,117.2,Oxide,2144.55,,,940.5,478.4,9.143,,108.9,22.6,13.16,234.568,615.623
Laser,Copper,Cu,Aluminum,Al,221.7,Anodized,2866.47,4.1806,,201.07,2839.4,66.952,136.799,84.9,53.1,5.98,42.814,5532.906
Laser,Copper,Cu,Aluminum,Al,60.5,Bare,2783.32,11.4438,,788.52,1053.3,50.974,23.837,20.9,22.6,14.3,54.6023,1873.973
Laser,Copper,Cu,Aluminum,Al,67.4,Oxide,1499.71,,,565.23,1213.3,25.453,,5.5,16.3,6.98,58.9204,1091.806
Laser,Copper,Cu,Aluminum,Al,249.6,Nickel-plated,879.18,8.6579,,357.75,2726.1,118.434,166.323,70.4,69.6,17.86,7.4233,3008.27
Laser,Copper,Cu,Aluminum,Al,201.8,Oxide,626.29,,,981.1,2971.6,88.66,,22.4,19.8,6.92,7.064,1116.641
Laser,Aluminum,Al,Aluminum,Al,128.7,Bare,770.27,2.1182,,172.96,1902.4,62.705,264.446,66.8,70.8,12.09,12.284,1305.455
Laser,Copper,Cu,Copper,Cu,212.0,Tin-plated,259.77,,,316.17,2953.8,97.604,,51.4,54.3,22.19,2.6614,460.382
Laser,Copper,Cu,Aluminum,Al,115.7,Bare,765.16,7.7269,,914.21,1793.5,15.458,203.641,21.9,70.5,16.36,49.5007,1952.283
Laser,Nickel,Ni,Copper,Cu,223.3,Bare,2107.4,11.547,,475.17,1346.2,69.496,234.22,0.6,64.8,20.23,30.324,3158.533
Laser,Copper,Cu,Copper,Cu,78.4,Oxide,2891.23,3.9849,,397.86,2657.6,71.627,123.538,7.3,57.7,18.79,40.3653,5133.495
Laser,Copper,Cu,Copper,Cu,79.9,Nickel-plated,828.47,8.1045,,850.06,607.7,116.899,114.637,0.9,57.3,11.04,7.087,527.927
Laser,Copper,Cu,Copper,Cu,173.5,Nickel-plated,1284.99,10.5341,,800.04,2612.9,43.353,205.884,58.6,45.4,8.66,29.6401,4281.364
Laser,StainlessSteel,SS304,Nickel,Ni,44.9,Oxide,1343.37,,,476.34,1175.9,89.803,,112.2,50.3,8.26,14.9591,947.809
Laser,Copper,Cu,Copper,Cu,98.4,Bare,703.62,6.739,,571.73,164.0,39.933,217.902,77.4,44.5,12.66,17.6199,165.592
Laser,StainlessSteel,SS304,Nickel,Ni,150.6,Bare,1561.4,,,404.62,1361.8,11.362,,109.8,54.8,16.5,137.4277,1275.779
Laser,Copper,Cu,Copper,Cu,196.6,Nickel-plated,504.23,10.578,,762.54,1835.1,110.954,236.941,107.3,11.1,22.54,4.5445,2394.908
Laser,Aluminum,Al,Aluminum,Al,187.2,Bare,281.76,,,340.58,1532.5,52.239,,86.6,27.1,17.33,5.3937,259.075
Laser,Aluminum,Al,Aluminum,Al,115.5,Carbon-coated,2836.01,,,468.1,2124.6,92.038,,41.5,32.2,17.05,30.8135,3615.161
Laser,StainlessSteel,SS304,Nickel,Ni,32.0,Bare,1417.53,,,242.66,109.7,77.767,,93.9,37.8,9.64,18.228,93.282
Laser,Copper,Cu,Copper,Cu,30.7,Tin-plated,2288.84,5.6163,,537.24,850.8,24.503,131.122,63.3,53.6,20.73,93.4089,1419.032
Laser,Aluminum,Al,Aluminum,Al,197.8,Tin-plated,2541.6,,,349.72,2535.7,14.005,,37.0,27.1,22.36,181.4787,3866.789
Laser,Copper,Cu,Copper,Cu,62.8,Bare,1948.02,,,567.96,981.9,71.831,,93.3,79.5,16.35,27.1197,1147.703
Laser,Copper,Cu,StainlessSteel,SS304,123.1,Oxide,2754.48,,,307.03,1218.0,17.664,,1.7,47.3,11.95,155.9361,2012.933
Laser,Copper,Cu,Aluminum,Al,147.7,Nickel-plated,2880.34,,,257.43,2097.2,39.839,,66.6,28.1,15.72,72.2988,3624.457
Laser,Copper,Cu,Aluminum,Al,60.3,Carbon-coated,2119.51,11.9135,,182.37,683.4,23.476,263.023,36.3,46.3,4.22,90.285,1725.716
Laser,Nickel,Ni,Copper,Cu,200.6,Nickel-plated,1646.67,8.4621,,556.58,527.0,8.486,23.161,-4.8,55.7,18.52,194.0463,562.02
Laser,Nickel,Ni,Copper,Cu,30.1,Nickel-plated,2051.06,,,210.1,1968.3,91.083,,24.0,44.7,13.31,22.5185,2422.219
Laser,Copper,Cu,Copper,Cu,233.7,Nickel-plated,1697.42,7.8889,,946.63,2167.9,64.835,123.774,9.7,18.5,19.17,26.1807,3054.635
Laser,Copper,Cu,Aluminum,Al,223.5,Oxide,2775.84,11.6842,,227.49,2439.5,65.967,125.928,88.3,19.8,21.97,42.0791,5498.735
Laser,Aluminum,Al,Aluminum,Al,111.0,Tin-plated,2105.29,7.5472,,745.92,1351.2,99.678,84.257,31.2,51.6,21.15,21.1209,2050.523
Laser,Copper,Cu,Copper,Cu,56.8,Bare,2061.89,,,335.67,2614.9,108.236,,111.2,37.0,5.51,19.0499,3234.939
Laser,Copper,Cu,Copper,Cu,54.1,Bare,311.24,10.0874,,199.6,356.6,99.969,13.242,2.3,58.0,13.94,3.1134,85.65
Laser,Nickel,Ni,Copper,Cu,180.1,Bare,2841.1,10.1318,,998.31,2663.9,119.52,93.503,50.6,36.7,12.84,23.771,5550.442
Laser,Copper,Cu,Aluminum,Al,93.3,Bare,2446.48,11.772,,824.29,555.4,62.802,190.398,109.7,78.0,6.16,38.9555,1313.318
Laser,Copper,Cu,Aluminum,Al,236.9,Nickel-plated,2470.82,9.066,,418.26,528.7,73.69,240.629,-0.2,69.1,20.02,33.5298,1245.256
Laser,Copper,Cu,Aluminum,Al,53.9,Anodized,2762.21,3.3655,,308.98,1756.9,45.445,238.372,80.9,35.6,8.6,60.7818,3475.482
Laser,Copper,Cu,Aluminum,Al,117.4,Bare,2344.93,9.1236,,684.04,2665.5,54.724,227.611,1.5,44.2,19.65,42.8504,5964.257
Laser,Copper,Cu,Aluminum,Al,133.9,Bare,1439.03,9.0517,,509.72,264.7,101.836,131.3,49.3,46.3,17.91,14.1308,354.424
Laser,Copper,Cu,StainlessSteel,SS304,209.6,Nickel-plated,2498.98,11.4267,,264.89,2808.4,72.862,238.53,3.5,58.0,16.94,34.2976,7272.677
Laser,Copper,Cu,Aluminum,Al,147.5,Carbon-coated,493.12,2.7464,,789.4,1796.8,37.799,74.527,40.7,51.1,10.56,13.046,678.718
Laser,Copper,Cu,Aluminum,Al,36.6,Bare,1579.36,8.3653,,852.93,2071.1,46.913,153.757,96.2,40.2,23.78,33.6654,3028.156
Laser,StainlessSteel,SS304,Nickel,Ni,249.3,Nickel-plated,308.21,3.9836,,389.27,2579.7,75.537,276.283,25.5,53.6,5.65,4.0802,1612.763
Laser,Copper,Cu,Copper,Cu,101.6,Carbon-coated,578.61,5.7657,,562.84,2535.9,73.763,180.228,39.5,67.6,24.24,7.8442,1934.428
Laser,Copper,Cu,Copper,Cu,142.2,Bare,2670.96,5.0639,,984.04,1989.3,30.437,32.161,92.1,22.6,21.12,87.7536,3317.637
Laser,Copper,Cu,Aluminum,Al,105.9,Bare,2861.2,4.0432,,567.68,1575.9,96.45,86.57,73.1,52.7,13.39,29.6651,2926.09
Laser,StainlessSteel,SS304,Nickel,Ni,152.9,Nickel-plated,2212.06,1.899,,775.9,2441.7,76.9,246.754,110.4,68.9,8.97,28.7653,3698.369
Laser,Copper,Cu,Copper,Cu,199.7,Nickel-plated,1722.28,9.0601,,299.82,301.2,23.514,171.753,40.8,28.1,7.08,73.244,498.767
Laser,Aluminum,Al,Aluminum,Al,155.0,Tin-plated,682.76,9.3308,,942.61,934.4,114.857,83.184,21.8,11.4,13.57,5.9444,672.887
Laser,Aluminum,Al,Aluminum,Al,226.1,Nickel-plated,2808.31,1.966,,335.24,531.8,37.072,143.895,99.8,77.3,14.66,75.7523,956.263
Laser,Aluminum,Al,Aluminum,Al,207.8,Bare,1892.54,8.2978,,379.5,831.3,78.732,146.422,28.5,71.4,14.11,24.0376,1348.036
Laser,Copper,Cu,Aluminum,Al,114.1,Oxide,1728.86,2.8868,,403.1,2791.8,100.208,134.01,0.5,11.8,19.21,17.2528,3328.013
Laser,Copper,Cu,Aluminum,Al,152.2,Carbon-coated,2164.93,2.909,,401.78,1953.1,9.129,165.899,72.3,48.5,11.11,237.1591,2913.949
Laser,Copper,Cu,Aluminum,Al,60.5,Anodized,2744.37,2.5667,,859.0,2975.1,15.019,281.407,77.6,26.5,5.37,182.7267,5758.35
Laser,Nickel,Ni,Copper,Cu,183.6,Nickel-plated,1969.57,9.4329,,587.01,781.2,96.136,77.141,17.9,28.0,24.72,20.4872,1150.524
Laser,Nickel,Ni,Copper,Cu,120.2,Tin-plated,786.56,,,736.76,2680.9,82.713,,65.6,57.1,15.02,9.5096,1265.215
Laser,Aluminum,Al,Aluminum,Al,187.1,Oxide,987.2,,,361.96,1587.0,41.273,,2.9,38.5,12.35,23.9189,940.002
Laser,Nickel,Ni,Copper,Cu,227.9,Oxide,663.22,,,901.85,2982.3,56.353,,22.0,46.1,23.01,11.7689,1186.742
Laser,Copper,Cu,Aluminum,Al,147.1,Bare,2398.66,,,183.14,228.3,41.017,,49.3,26.5,7.79,58.4796,328.503
Laser,Nickel,Ni,Copper,Cu,176.1,Oxide,1284.17,11.2515,,469.29,2244.3,33.11,245.982,1.6,13.7,20.47,38.7845,4213.756
Laser,Nickel,Ni,Copper,Cu,50.0,Bare,2993.58,8.0978,,252.57,2046.5,78.034,85.446,66.2,70.1,7.82,38.3627,4242.188
Laser,Copper,Cu,Aluminum,Al,62.8,Nickel-plated,1093.17,11.5015,,300.51,1618.1,16.916,26.107,23.3,50.2,19.35,64.6224,1255.682
Laser,Copper,Cu,Copper,Cu,66.6,Tin-plated,1728.59,11.1234,,959.87,1261.8,70.478,54.761,32.1,64.6,19.58,24.5266,1616.137
Laser,Aluminum,Al,Aluminum,Al,191.6,Nickel-plated,233.65,2.0911,,591.74,209.2,76.346,265.526,28.7,26.2,20.46,3.0605,75.789
Laser,Copper,Cu,Aluminum,Al,122.1,Bare,1168.96,0.4088,,580.6,2226.7,90.465,104.888,61.8,69.6,9.26,12.9217,1599.974
Laser,Nickel,Ni,Copper,Cu,243.5,Bare,1460.67,1.9094,,307.92,1916.8,59.332,53.214,-8.9,52.1,7.31,24.6185,1757.799
Laser,Nickel,Ni,Copper,Cu,148.7,Bare,1432.33,5.5504,,685.72,928.0,21.137,220.549,92.5,43.6,5.56,67.7636,1251.939
Laser,Nickel,Ni,Copper,Cu,236.9,Bare,2821.08,,,512.55,2407.8,39.49,,75.0,54.1,14.9,71.4375,4075.536
Laser,Copper,Cu,Aluminum,Al,155.8,Bare,608.12,11.9036,,475.22,2738.5,108.809,204.621,87.0,23.4,24.18,5.5889,3667.279
Laser,StainlessSteel,SS304,Nickel,Ni,68.3,Tin-plated,549.96,,,588.38,2914.9,11.811,,89.7,34.3,19.99,46.5638,961.857
Laser,Aluminum,Al,Aluminum,Al,82.6,Bare,2207.26,7.2646,,893.99,1593.0,41.457,225.874,99.2,54.2,22.95,53.2417,3155.313
Laser,Copper,Cu,Aluminum,Al,157.1,Bare,605.76,5.1497,,408.65,1394.3,98.51,138.728,-2.9,58.4,22.27,6.1492,905.212
Laser,Copper,Cu,Aluminum,Al,167.8,Bare,2971.1,,,380.84,1320.9,97.617,,117.3,10.8,18.48,30.4363,2354.664
Laser,StainlessSteel,SS304,Nickel,Ni,234.0,Nickel-plated,1841.81,,,910.01,984.3,117.08,,104.3,79.5,15.49,15.7311,1087.698
Laser,Nickel,Ni,Copper,Cu,138.3,Nickel-plated,1611.69,,,877.05,2038.5,108.803,,11.1,20.1,17.8,14.813,1971.279
Laser,Aluminum,Al,Aluminum,Al,64.7,Oxide,2393.01,5.762,,896.87,1251.2,73.338,150.326,77.7,45.7,14.25,32.6297,2229.991
Laser,Aluminum,Al,Aluminum,Al,232.4,Bare,2084.96,2.9775,,804.26,496.5,71.542,269.633,-0.6,18.7,22.56,29.1432,780.579
Laser,Copper,Cu,Copper,Cu,128.5,Oxide,2837.71,9.0712,,630.07,2299.1,13.405,22.279,85.8,21.7,4.1,211.6908,4100.346
Laser,Copper,Cu,Copper,Cu,136.2,Bare,787.46,,,355.98,2971.6,98.948,,84.4,39.5,13.05,7.9582,1403.986
Laser,Aluminum,Al,Aluminum,Al,240.2,Bare,1724.65,0.41,,161.82,1355.1,75.952,268.015,12.5,31.1,8.87,22.7072,1461.838
Laser,Copper,Cu,Copper,Cu,222.3,Bare,1402.38,1.2786,,608.87,1494.9,101.084,287.645,97.4,63.3,6.16,13.8734,1477.788
Laser,Copper,Cu,Aluminum,Al,41.5,Bare,1030.66,3.9462,,377.57,239.9,63.159,66.629,82.1,71.4,21.49,16.3184,173.574
Laser,Copper,Cu,Aluminum,Al,189.6,Nickel-plated,1701.16,6.2803,,752.55,434.3,70.669,255.402,46.7,79.9,10.37,24.072,721.946
Laser,Copper,Cu,Aluminum,Al,212.5,Nickel-plated,1500.0,,,278.21,203.9,106.678,,38.0,31.2,21.84,14.0609,183.536
Laser,Copper,Cu,Aluminum,Al,165.5,Bare,535.72,4.1024,,176.09,2082.6,111.829,261.51,69.6,43.9,9.17,4.7905,1563.134
Laser,StainlessSteel,SS304,Nickel,Ni,207.4,Bare,2446.32,2.2916,,972.86,1216.5,119.631,54.274,44.1,13.7,5.04,20.4488,1846.129
Laser,StainlessSteel,SS304,Nickel,Ni,186.1,Bare,654.28,3.5568,,443.93,1953.7,77.799,261.08,32.8,66.2,11.21,8.4099,1492.623
Laser,Copper,Cu,Aluminum,Al,172.5,Tin-plated,294.43,10.8001,,970.26,2919.8,37.47,58.697,71.6,41.3,6.79,7.8576,1256.182
Laser,Aluminum,Al,Aluminum,Al,190.9,Tin-plated,1349.23,1.7999,,491.72,74.6,81.677,278.061,13.4,57.4,12.0,16.5191,75.276
Laser,StainlessSteel,SS304,Nickel,Ni,106.2,Carbon-coated,1219.75,1.048,,722.54,2414.5,68.537,287.841,41.8,16.6,8.99,17.7969,2058.388
Laser,Nickel,Ni,Copper,Cu,180.5,Oxide,2432.43,0.8657,,773.39,604.0,78.547,240.44,-6.1,39.6,14.08,30.9677,931.822
Laser,Copper,Cu,Aluminum,Al,123.5,Bare,2707.11,,,357.24,456.9,61.815,,109.2,73.3,16.79,43.7938,742.165
Laser,Copper,Cu,StainlessSteel,SS304,189.6,Nickel-plated,672.88,,,318.25,1750.6,105.706,,-8.3,57.5,15.07,6.3656,706.757
Laser,Copper,Cu,Aluminum,Al,102.7,Nickel-plated,955.44,5.8724,,167.34,350.2,60.369,203.124,69.8,17.7,4.88,15.8266,367.814
Laser,Copper,Cu,Aluminum,Al,42.9,Bare,2235.75,7.9707,,612.03,2826.1,112.936,41.495,103.9,43.9,5.1,19.7967,4164.944
Laser,Copper,Cu,Aluminum,Al,101.5,Bare,937.83,10.6049,,317.31,1098.1,30.861,68.577,108.0,14.0,16.72,30.3883,937.313
Laser,Copper,Cu,Aluminum,Al,48.4,Bare,2426.95,2.7528,,335.34,1570.3,21.221,210.791,17.4,55.1,10.35,114.3656,2651.098
Laser,Copper,Cu,Copper,Cu,123.0,Nickel-plated,2502.16,3.858,,888.4,1476.4,82.48,271.109,8.2,44.4,22.71,30.3367,2834.243
Laser,Copper,Cu,Aluminum,Al,36.7,Tin-plated,2219.26,5.2628,,598.51,2197.9,6.534,120.448,56.8,18.5,23.1,339.6631,3483.909
Laser,Copper,Cu,StainlessSteel,SS304,72.1,Bare,1487.94,,,727.03,1394.0,39.175,,15.7,54.7,18.24,37.9822,1244.495
Laser,StainlessSteel,SS304,Nickel,Ni,246.3,Oxide,795.17,4.0292,,963.58,1012.2,86.134,74.001,-4.0,23.8,8.3,9.2318,603.655
Laser,Copper,Cu,Copper,Cu,116.9,Oxide,2362.24,10.4609,,533.35,2700.2,68.983,207.327,112.5,65.8,19.27,34.2436,6169.668
Laser,Nickel,Ni,Copper,Cu,215.7,Bare,2020.56,5.5097,,936.05,2363.9,97.799,78.521,103.1,34.6,9.62,20.6602,3274.919
Laser,Copper,Cu,Aluminum,Al,59.7,Nickel-plated,716.42,6.0751,,911.1,91.6,39.779,33.577,7.0,71.3,4.55,18.0099,46.829
Laser,Copper,Cu,Copper,Cu,184.6,Anodized,2413.49,,,623.96,1283.1,52.479,,20.8,54.1,16.07,45.9895,1858.015
Laser,Copper,Cu,Aluminum,Al,163.4,Tin-plated,456.02,,,182.05,239.0,100.64,,25.7,61.8,15.0,4.5312,65.382
Laser,Copper,Cu,Aluminum,Al,68.2,Bare,1018.7,,,896.59,427.0,28.448,,92.0,30.4,8.45,35.8097,260.989
Laser,Copper,Cu,Copper,Cu,191.0,Bare,204.09,0.4202,,578.11,430.7,8.322,108.06,-2.0,13.5,10.95,24.5242,60.559
Laser,Copper,Cu,Copper,Cu,63.7,Bare,1111.64,5.4146,,287.79,675.1,50.177,136.193,-6.9,41.7,18.59,22.1545,649.418
Laser,Aluminum,Al,Aluminum,Al,91.9,Bare,219.58,11.3481,,162.17,1088.9,31.217,129.956,24.5,46.9,21.88,7.0342,785.783
Laser,Copper,Cu,StainlessSteel,SS304,234.7,Tin-plated,1482.12,11.7102,,616.08,1347.7,33.081,85.042,53.7,63.5,10.83,44.803,1735.319
Laser,Copper,Cu,Aluminum,Al,80.8,Nickel-plated,1924.68,10.0977,,349.41,2395.9,40.66,18.416,25.7,71.1,20.29,47.3362,2945.024
Laser,Copper,Cu,Aluminum,Al,164.7,Bare,2217.7,10.6973,,605.33,1567.6,58.125,228.337,62.9,21.3,20.4,38.1541,3617.44
Laser,Aluminum,Al,Aluminum,Al,200.9,Carbon-coated,2084.74,4.2934,,795.46,590.0,62.697,30.014,80.7,47.3,11.7,33.2508,768.408
Laser,Nickel,Ni,Copper,Cu,151.9,Oxide,460.28,,,372.42,1088.3,109.007,,1.8,28.7,11.55,4.2225,300.543
Laser,Aluminum,Al,Aluminum,Al,234.9,Nickel-plated,1917.95,10.4618,,387.54,2192.5,88.677,168.78,14.5,68.5,4.31,21.6285,4071.608
Laser,Copper,Cu,Aluminum,Al,59.7,Oxide,1713.84,4.3731,,732.03,1305.4,10.198,122.972,37.2,28.6,12.65,168.0498,1623.185
Laser,StainlessSteel,SS304,Nickel,Ni,125.2,Bare,1218.62,1.8884,,344.66,2013.3,18.99,245.226,8.6,58.0,13.01,64.173,1844.957
Laser,StainlessSteel,SS304,Nickel,Ni,91.7,Tin-plated,2798.86,,,642.21,1428.2,83.444,,116.9,19.2,10.23,33.5416,2398.384
Laser,StainlessSteel,SS304,Nickel,Ni,79.2,Bare,2177.84,,,152.3,907.5,38.001,,26.2,16.9,5.18,57.3101,1185.802
Laser,Copper,Cu,Aluminum,Al,180.4,Bare,1620.31,,,925.45,211.1,110.434,,-9.4,61.8,7.22,14.6721,205.214
Laser,Copper,Cu,Copper,Cu,41.7,Oxide,605.82,7.6075,,583.41,2274.8,46.041,191.862,45.8,30.7,20.31,13.1584,2155.028
Laser,Aluminum,Al,Aluminum,Al,51.7,Nickel-plated,1891.47,1.255,,385.71,2819.3,49.551,29.749,59.6,69.1,15.36,38.1722,3241.701
Laser,Copper,Cu,StainlessSteel,SS304,43.0,Oxide,2402.4,2.2386,,415.93,2206.1,25.838,234.276,67.8,79.4,5.73,92.98,3642.819
Laser,Copper,Cu,Copper,Cu,217.0,Bare,1825.55,8.6145,,732.13,1318.4,60.545,179.586,43.5,41.0,22.75,30.1519,2260.017
Laser,Copper,Cu,Copper,Cu,175.2,Bare,1445.03,6.4518,,741.01,2452.4,17.635,272.64,62.4,67.7,16.38,81.9426,3851.795
Laser,Copper,Cu,Aluminum,Al,34.0,Nickel-plated,1962.7,8.6191,,526.41,822.1,101.429,232.59,4.8,61.2,8.57,19.3506,1627.277
Laser,Aluminum,Al,Aluminum,Al,121.7,Bare,1923.36,1.9474,,685.45,189.8,50.878,212.687,87.1,17.7,17.81,37.8034,250.47
Laser,Copper,Cu,Aluminum,Al,36.4,Bare,2966.2,10.1954,,359.04,1870.6,42.02,35.839,10.1,67.9,24.89,70.5908,3602.594
Laser,Nickel,Ni,Copper,Cu,189.6,Bare,999.58,4.4773,,872.63,845.2,83.56,52.975,68.0,61.3,21.19,11.9623,587.124
Laser,Aluminum,Al,Aluminum,Al,55.8,Bare,2813.94,,,474.92,217.0,44.711,,85.7,58.0,8.57,62.9362,366.337
Laser,StainlessSteel,SS304,Nickel,Ni,106.7,Bare,2372.53,,,813.85,945.0,46.38,,66.4,78.5,9.28,51.1546,1345.246
Laser,Copper,Cu,Copper,Cu,157.6,Bare,2528.61,5.264,,699.96,2932.5,116.804,139.362,118.7,23.1,9.19,21.6483,5309.583
Laser,Nickel,Ni,Copper,Cu,61.4,Bare,1579.53,,,261.94,187.3,101.17,,98.2,37.7,16.88,15.6126,177.494
Laser,Copper,Cu,Copper,Cu,173.9,Nickel-plated,2357.55,,,239.46,2255.1,92.736,,-1.0,42.2,19.0,25.4223,3189.95
Laser,Nickel,Ni,Copper,Cu,116.6,Tin-plated,2307.68,,,628.58,1470.1,102.781,,27.4,70.2,5.99,22.4525,2035.538
Laser,StainlessSteel,SS304,Nickel,Ni,171.5,Nickel-plated,454.51,,,843.16,322.9,24.556,,10.3,64.3,8.12,18.5096,88.062
Laser,Copper,Cu,Aluminum,Al,121.6,Bare,2921.76,5.3039,,488.81,316.9,84.938,167.44,51.4,46.6,22.77,34.3986,668.121
Laser,Nickel,Ni,Copper,Cu,92.6,Bare,214.73,4.4629,,845.58,2795.2,90.968,121.989,76.4,55.3,16.07,2.3606,968.864
Laser,Aluminum,Al,Aluminum,Al,152.9,Oxide,2884.63,,,843.02,275.2,59.061,,96.6,52.3,15.1,48.8415,476.337
Laser,Aluminum,Al,Aluminum,Al,72.0,Bare,529.26,1.0033,,393.03,2076.0,84.898,219.012,20.3,63.9,9.12,6.2341,841.733
Laser,StainlessSteel,SS304,Nickel,Ni,227.3,Nickel-plated,2547.76,1.4375,,771.69,1756.9,37.098,79.327,58.7,74.9,17.77,68.6765,2765.862
Laser,Copper,Cu,Aluminum,Al,244.0,Bare,1925.05,3.678,,328.31,204.4,50.857,11.763,69.2,38.3,4.03,37.8525,239.673
Laser,Aluminum,Al,Aluminum,Al,187.4,Bare,1272.99,3.6968,,332.65,1205.8,90.208,171.806,52.6,39.8,24.21,14.1117,1227.312
Laser,Nickel,Ni,Copper,Cu,175.4,Bare,1031.33,,,941.02,768.3,115.549,,96.2,45.3,10.45,8.9255,475.445
Laser,Nickel,Ni,Copper,Cu,200.7,Bare,838.59,10.2423,,571.01,1629.3,28.647,231.624,74.3,60.3,7.04,29.2736,2365.882
Laser,Copper,Cu,Aluminum,Al,75.9,Tin-plated,228.88,,,687.47,57.9,29.808,,-4.2,69.6,23.18,7.6784,7.947
Laser,Nickel,Ni,Copper,Cu,86.2,Tin-plated,1616.93,5.9821,,995.16,1997.2,17.973,237.523,50.0,38.2,14.81,89.9669,3072.645
Laser,Copper,Cu,Copper,Cu,41.7,Tin-plated,1888.18,6.8354,,637.87,456.8,65.447,265.304,3.9,52.0,6.45,28.8505,848.809
Laser,Copper,Cu,StainlessSteel,SS304,166.9,Nickel-plated,815.32,,,661.68,2916.8,49.271,,99.2,29.6,21.58,16.5475,1426.88
Laser,Nickel,Ni,Copper,Cu,37.8,Carbon-coated,634.66,,,619.78,485.5,93.957,,4.7,52.9,14.92,6.7548,184.885
Laser,Copper,Cu,Copper,Cu,101.7,Nickel-plated,2137.59,0.7264,,612.07,439.6,43.318,28.747,38.6,42.1,6.85,49.3468,567.448
Laser,Aluminum,Al,Aluminum,Al,165.7,Bare,2415.07,,,904.73,1486.3,62.075,,47.8,13.2,20.18,38.9059,2153.784
Laser,Aluminum,Al,Aluminum,Al,32.2,Tin-plated,1607.4,,,483.04,436.7,74.341,,51.3,23.3,21.16,21.622,421.123
Laser,Copper,Cu,Copper,Cu,149.0,Bare,1603.86,,,490.6,2296.7,93.875,,33.5,45.6,13.23,17.0851,2210.117
Laser,Copper,Cu,Aluminum,Al,184.2,Tin-plated,223.02,,,403.97,276.7,30.033,,46.1,14.6,23.28,7.4258,37.029
Laser,Copper,Cu,Copper,Cu,107.8,Bare,2768.11,4.702,,734.38,1113.2,6.197,65.168,62.6,10.2,11.42,446.7195,1985.277
Laser,StainlessSteel,SS304,Nickel,Ni,102.2,Bare,2755.08,2.9351,,829.33,1352.4,119.759,288.072,28.1,22.9,23.23,23.0052,2692.962
Laser,Copper,Cu,Copper,Cu,71.1,Bare,1632.19,8.4763,,697.99,2116.2,18.521,228.786,57.8,78.3,18.26,88.1265,3714.053
Laser,Nickel,Ni,Copper,Cu,160.5,Tin-plated,928.74,,,168.13,1017.8,87.334,,84.4,63.2,12.98,10.6344,567.155
Laser,Copper,Cu,Aluminum,Al,234.7,Carbon-coated,2235.06,,,582.6,1553.4,69.409,,82.4,14.8,20.7,32.2014,2083.225
Laser,Aluminum,Al,Aluminum,Al,225.7,Bare,2515.02,7.7118,,282.59,589.9,40.877,55.728,26.3,78.8,18.95,61.5261,991.537
Laser,Copper,Cu,Aluminum,Al,78.9,Tin-plated,1963.97,6.6476,,444.34,2923.4,23.452,170.24,8.5,63.5,22.83,83.7429,4768.314
Laser,Copper,Cu,Copper,Cu,161.2,Bare,2489.86,9.2593,,877.0,2695.8,45.501,93.241,81.4,25.7,7.85,54.7215,4958.259
Laser,Copper,Cu,Aluminum,Al,204.9,Bare,1920.52,,,852.71,1696.1,62.996,,9.3,62.9,22.49,30.4863,1954.44
Laser,Copper,Cu,Copper,Cu,88.9,Tin-plated,1721.97,2.2263,,823.56,449.8,45.818,251.318,100.0,52.4,12.37,37.583,565.345
Laser,Copper,Cu,Copper,Cu,212.7,Oxide,2410.85,,,496.16,2843.9,99.123,,88.7,77.3,10.65,24.3219,4113.757
Laser,Copper,Cu,Aluminum,Al,43.5,Nickel-plated,1760.25,2.6479,,844.93,1819.8,95.229,73.829,11.0,11.0,14.2,18.4843,2064.327
Laser,StainlessSteel,SS304,Nickel,Ni,244.9,Nickel-plated,2418.94,6.1361,,164.34,1618.0,15.698,178.149,13.8,74.2,19.07,154.095,3055.858
Laser,Copper,Cu,Copper,Cu,155.2,Bare,1157.82,4.1588,,979.8,1571.9,41.973,144.418,100.4,30.3,24.22,27.5851,1469.642
Laser,Copper,Cu,Copper,Cu,240.4,Nickel-plated,2806.71,,,694.09,174.4,44.81,,10.3,66.7,21.4,62.6362,293.644
Laser,Copper,Cu,Aluminum,Al,244.0,Nickel-plated,2544.05,1.1052,,944.57,1652.1,83.769,216.008,91.1,10.0,24.42,30.3697,2679.655
Laser,Aluminum,Al,Aluminum,Al,148.0,Bare,398.66,,,783.76,2655.9,20.021,,15.7,14.8,23.34,19.9115,635.286
Laser,Nickel,Ni,Copper,Cu,53.2,Oxide,685.53,9.7027,,207.01,2628.3,98.115,280.911,31.9,47.6,18.02,6.987,3946.57
Laser,Nickel,Ni,Copper,Cu,47.4,Nickel-plated,2194.23,,,546.17,111.6,69.871,,-6.1,52.0,23.42,31.404,146.898
Laser,Copper,Cu,Copper,Cu,100.9,Oxide,2824.14,8.3538,,698.23,1032.5,98.611,242.903,119.0,22.8,4.93,28.6392,2587.616
Laser,Copper,Cu,Aluminum,Al,202.8,Bare,2161.87,8.8278,,506.53,1480.2,78.745,192.691,13.1,69.3,22.5,27.4542,2927.096
Laser,Nickel,Ni,Copper,Cu,58.2,Bare,2423.81,1.5075,,426.5,776.7,104.38,222.151,70.2,72.7,21.78,23.221,1233.582
Laser,Copper,Cu,Copper,Cu,185.4,Nickel-plated,507.8,3.516,,667.05,2066.2,114.599,30.451,109.0,16.0,20.6,4.4311,718.023
Laser,Copper,Cu,Copper,Cu,211.6,Tin-plated,1658.46,10.5289,,681.62,987.3,30.845,292.701,-8.1,28.3,16.72,53.7671,2199.598
Laser,Copper,Cu,Copper,Cu,223.1,Oxide,2273.11,6.6638,,196.57,979.3,45.525,128.965,21.7,52.4,6.13,49.9306,1672.268
Laser,Aluminum,Al,Aluminum,Al,103.6,Carbon-coated,366.46,,,655.82,229.2,23.054,,85.9,44.6,21.2,15.8956,50.392
Laser,Copper,Cu,StainlessSteel,SS304,34.7,Bare,1731.37,9.7956,,436.27,89.4,96.773,157.962,82.6,65.2,12.77,17.891,148.162
Laser,Copper,Cu,Copper,Cu,99.7,Oxide,2624.27,4.7679,,328.34,2725.9,101.616,293.162,22.5,42.8,23.52,25.8253,5816.181
Laser,Copper,Cu,Copper,Cu,100.3,Tin-plated,1241.77,6.9406,,677.73,244.2,103.456,192.548,43.7,10.5,18.11,12.003,312.453
Laser,Copper,Cu,Aluminum,Al,248.7,Bare,2338.21,4.7832,,455.42,110.2,6.903,30.954,13.4,65.2,16.87,338.737,161.153
Laser,StainlessSteel,SS304,Nickel,Ni,117.9,Carbon-coated,1198.86,,,408.81,2461.9,60.773,,9.9,69.7,16.27,19.7267,1770.893
Laser,Aluminum,Al,Aluminum,Al,156.4,Nickel-plated,2619.09,3.8884,,576.52,2502.5,65.504,200.059,22.6,28.5,10.32,39.9837,4711.195
Laser,Nickel,Ni,Copper,Cu,53.8,Nickel-plated,2643.89,9.2346,,160.78,1343.0,102.14,186.09,-0.4,71.1,21.9,25.885,3053.664
Laser,Copper,Cu,Aluminum,Al,71.7,Bare,1501.03,10.6049,,676.5,985.1,103.938,66.664,9.9,12.3,13.07,14.4416,1165.754
Laser,Copper,Cu,Aluminum,Al,201.8,Carbon-coated,1416.5,,,585.29,1396.6,42.164,,85.4,31.1,4.61,33.5953,1187.005
Laser,Nickel,Ni,Copper,Cu,147.8,Nickel-plated,2838.91,,,263.35,2017.3,83.289,,38.3,26.9,23.83,34.0849,3436.082
Laser,Copper,Cu,Aluminum,Al,64.9,Bare,2970.43,,,160.34,2242.8,94.747,,54.6,30.7,20.4,31.3511,3997.302
Laser,Nickel,Ni,Copper,Cu,58.8,Tin-plated,574.47,7.2243,,428.82,829.1,109.105,218.377,111.2,22.4,19.93,5.2653,808.943
Laser,Copper,Cu,Copper,Cu,142.3,Nickel-plated,271.33,0.9892,,934.8,374.8,87.304,70.403,104.1,15.0,4.24,3.1079,71.45
Laser,Copper,Cu,Copper,Cu,37.8,Oxide,615.12,1.2246,,797.67,2055.0,92.432,252.878,15.4,36.7,18.65,6.6548,1013.016
Laser,StainlessSteel,SS304,Nickel,Ni,82.4,Oxide,571.32,4.7686,,198.13,127.1,31.942,32.506,43.6,22.3,11.54,17.8861,51.468
Laser,Aluminum,Al,Aluminum,Al,157.8,Oxide,791.31,9.1702,,211.83,72.6,111.413,113.745,18.0,40.6,7.31,7.1024,64.728
Laser,Copper,Cu,Aluminum,Al,236.2,Bare,402.3,10.561,,974.14,2683.4,98.069,11.985,70.8,25.7,21.26,4.1023,783.577
Laser,Copper,Cu,Aluminum,Al,36.3,Nickel-plated,723.37,,,538.07,1956.8,61.06,,1.0,42.9,18.45,11.8469,849.301
Laser,Copper,Cu,Aluminum,Al,126.3,Bare,424.56,,,994.52,2157.5,56.805,,32.8,54.4,6.58,7.474,549.607
Laser,Copper,Cu,Copper,Cu,92.9,Carbon-coated,2666.74,,,660.01,1040.9,107.623,,99.0,35.2,21.73,24.7785,1665.497
Laser,StainlessSteel,SS304,Nickel,Ni,148.5,Carbon-coated,239.56,4.4804,,383.47,583.7,15.904,89.099,-0.3,20.2,14.62,15.0625,177.118
Laser,Copper,Cu,Copper,Cu,206.5,Bare,1052.89,0.8815,,766.12,1734.3,77.128,135.1,11.6,28.5,19.12,13.6512,1178.224
Laser,Nickel,Ni,Copper,Cu,125.0,Bare,388.19,2.4473,,280.13,215.6,25.448,102.538,116.4,28.4,20.68,15.2545,71.874
Laser,Copper,Cu,Aluminum,Al,199.6,Bare,2032.98,2.9321,,884.54,1817.2,111.918,208.016,64.5,19.2,4.68,18.1649,2659.962
Laser,Copper,Cu,Copper,Cu,64.3,Tin-plated,476.75,1.3788,,610.12,2347.4,68.596,273.881,95.0,68.7,24.79,6.9502,1026.077
Laser,Copper,Cu,Aluminum,Al,56.4,Bare,445.11,4.4677,,397.64,690.1,85.328,17.612,110.9,21.0,8.53,5.2164,206.019
Laser,Copper,Cu,Aluminum,Al,219.7,Bare,1234.45,5.5004,,592.45,1235.6,31.321,199.297,101.0,61.1,21.36,39.4124,1457.013
Laser,Copper,Cu,Copper,Cu,189.5,Oxide,1858.92,,,365.18,528.7,54.689,,50.4,18.1,10.6,33.9906,589.714
Laser,Nickel,Ni,Copper,Cu,118.6,Nickel-plated,2350.75,7.3628,,754.86,2449.8,83.912,140.652,31.2,51.4,23.51,28.0145,4470.089
Laser,Copper,Cu,Aluminum,Al,166.4,Bare,586.35,,,566.42,2705.6,14.433,,97.8,13.7,6.55,40.6264,951.866
Laser,Nickel,Ni,Copper,Cu,174.8,Oxide,1037.9,,,543.5,450.3,10.669,,106.4,48.1,8.83,97.2846,280.39
Laser,Copper,Cu,Copper,Cu,136.3,Carbon-coated,1365.47,4.0601,,931.03,417.7,31.161,284.14,109.2,49.6,17.2,43.8196,534.908
Laser,Copper,Cu,Aluminum,Al,231.7,Nickel-plated,2855.74,,,193.18,1237.1,12.625,,4.5,37.7,22.24,226.2057,2119.702
Laser,Nickel,Ni,Copper,Cu,194.4,Nickel-plated,2401.69,4.3584,,773.24,834.1,97.135,271.413,61.4,57.6,17.72,24.7251,1596.549
Laser,Copper,Cu,Aluminum,Al,140.5,Nickel-plated,1020.16,,,569.44,1279.8,17.251,,27.9,34.8,24.78,59.1369,783.351
Laser,StainlessSteel,SS304,Nickel,Ni,238.6,Bare,2546.3,2.8686,,216.85,1425.2,15.56,62.941,47.8,78.0,7.61,163.6434,2280.334
Laser,Copper,Cu,Aluminum,Al,111.4,Oxide,1035.01,9.0612,,930.84,1605.5,115.874,181.057,4.2,38.9,12.21,8.9322,2050.592
Laser,Nickel,Ni,Copper,Cu,246.9,Tin-plated,1416.05,,,305.36,943.1,85.358,,74.9,36.4,15.65,16.5895,801.255
Laser,Copper,Cu,Copper,Cu,32.5,Bare,429.85,,,875.21,586.9,29.116,,103.7,54.7,6.85,14.7631,151.36
Laser,StainlessSteel,SS304,Nickel,Ni,51.7,Tin-plated,1736.1,2.1975,,687.28,2195.5,116.011,42.962,42.4,45.5,4.22,14.965,2369.889
Laser,Copper,Cu,Copper,Cu,112.6,Bare,1965.75,,,170.85,2141.9,32.728,,12.2,63.8,11.86,60.0637,2526.241
Laser,StainlessSteel,SS304,Nickel,Ni,125.6,Nickel-plated,1918.07,9.7982,,293.46,1435.3,81.788,166.489,77.9,65.2,23.62,23.4516,2588.356
Laser,Copper,Cu,Copper,Cu,100.2,Nickel-plated,1246.25,8.1257,,482.59,2415.2,54.815,159.661,99.2,21.2,9.33,22.7356,3059.312
Laser,Copper,Cu,Aluminum,Al,164.4,Oxide,1105.31,8.4978,,414.22,2385.7,16.722,240.3,-0.8,62.3,10.65,66.1009,3530.811
Laser,StainlessSteel,SS304,Nickel,Ni,93.9,Bare,2891.31,,,643.98,1154.1,34.875,,5.1,54.4,6.88,82.9055,2002.162
Laser,Aluminum,Al,Aluminum,Al,233.6,Nickel-plated,738.33,9.6147,,775.04,2629.1,99.758,16.374,34.0,16.5,18.97,7.4012,1330.233
Laser,Copper,Cu,Aluminum,Al,236.5,Bare,2642.28,,,402.45,1398.3,62.214,,116.4,42.8,4.51,42.4706,2216.749
Laser,StainlessSteel,SS304,Nickel,Ni,233.1,Bare,1717.18,11.7352,,532.52,746.0,114.77,162.25,78.9,65.6,14.44,14.9619,1336.833
Laser,Nickel,Ni,Copper,Cu,115.9,Carbon-coated,2139.5,6.4927,,856.97,377.1,116.299,234.337,37.3,73.8,17.62,18.3966,713.588
Laser,Nickel,Ni,Copper,Cu,59.4,Tin-plated,2021.71,10.6873,,359.17,2428.5,17.938,238.118,63.1,55.4,23.22,112.7079,5417.926
Laser,Copper,Cu,Copper,Cu,155.3,Nickel-plated,2934.46,5.8193,,678.41,2727.3,109.39,267.238,109.5,43.1,7.1,26.8257,6498.416
Laser,Aluminum,Al,Aluminum,Al,132.8,Tin-plated,861.4,9.7537,,774.41,2312.5,31.141,210.484,111.8,73.6,16.59,27.661,3094.191
Laser,StainlessSteel,SS304,Nickel,Ni,77.6,Bare,1266.89,4.3512,,184.23,213.9,85.395,31.645,73.3,73.2,7.86,14.8356,174.413
Laser,Nickel,Ni,Copper,Cu,148.2,Oxide,1026.33,8.0247,,172.97,2440.6,61.843,245.116,6.2,77.5,9.77,16.5957,3423.142
Laser,StainlessSteel,SS304,Nickel,Ni,137.3,Nickel-plated,1976.26,4.4656,,369.54,2377.1,110.629,120.78,44.6,11.1,9.34,17.8639,3331.535
Laser,Copper,Cu,Aluminum,Al,156.8,Bare,1610.77,0.4581,,162.57,959.5,70.297,61.362,30.7,33.8,15.18,22.9139,938.147
Laser,Nickel,Ni,Copper,Cu,185.8,Nickel-plated,2126.12,8.1837,,258.52,1718.4,75.872,147.337,40.7,24.1,17.97,28.0224,3020.826
Laser,Nickel,Ni,Copper,Cu,63.6,Tin-plated,2778.88,4.3513,,671.24,1438.3,78.232,123.81,75.7,72.6,10.04,35.5212,2708.13
Laser,Nickel,Ni,Copper,Cu,44.3,Tin-plated,1940.46,1.8795,,944.71,2357.3,48.676,123.496,36.3,75.8,6.18,39.8647,2963.454
Laser,Copper,Cu,StainlessSteel,SS304,52.9,Bare,2383.08,3.937,,446.92,564.6,43.886,44.292,70.9,29.7,7.18,54.3022,846.744
Laser,Nickel,Ni,Copper,Cu,218.2,Nickel-plated,1668.24,9.378,,682.96,1085.2,65.553,10.667,72.4,54.6,6.26,25.4487,1129.697
Laser,Copper,Cu,Aluminum,Al,42.1,Nickel-plated,922.47,,,155.58,683.1,93.264,,71.3,37.6,16.03,9.8909,378.056
Laser,Copper,Cu,Aluminum,Al,142.4,Bare,516.78,5.6289,,974.47,2336.0,39.494,131.454,13.5,24.3,11.38,13.0851,1415.75
Laser,Copper,Cu,Copper,Cu,30.7,Nickel-plated,1765.67,4.1369,,327.68,2079.5,41.706,211.926,-2.1,21.4,18.26,42.3367,2932.309
Laser,Nickel,Ni,Copper,Cu,184.0,Oxide,2956.29,,,209.56,1668.8,33.07,,43.1,27.5,10.06,89.3959,2960.15
Laser,Copper,Cu,Aluminum,Al,122.3,Bare,2154.13,9.765,,905.36,829.9,117.905,280.34,83.3,68.8,23.82,18.2701,1981.296
Laser,Nickel,Ni,Copper,Cu,75.3,Nickel-plated,1621.69,1.777,,658.12,2466.6,31.078,296.31,14.2,49.6,15.87,52.1813,2919.605
Laser,Copper,Cu,StainlessSteel,SS304,44.4,Nickel-plated,1756.11,8.7033,,841.73,919.5,15.748,73.678,85.5,58.8,11.0,111.5099,1204.707
Laser,Copper,Cu,Aluminum,Al,77.8,Tin-plated,2671.42,,,410.63,2512.7,111.637,,31.0,13.4,7.53,23.9296,4027.543
Laser,StainlessSteel,SS304,Nickel,Ni,154.9,Anodized,1180.34,8.5518,,776.0,728.3,89.721,216.037,112.7,43.6,5.8,13.1557,1054.002
Laser,Aluminum,Al,Aluminum,Al,246.3,Carbon-coated,1617.41,5.2488,,674.65,345.4,106.043,269.213,49.4,68.4,15.74,15.2524,530.358
Laser,Copper,Cu,Aluminum,Al,78.4,Bare,1865.58,1.9219,,418.97,2439.8,81.299,69.722,106.2,40.5,19.73,22.9473,2861.729
Laser,Nickel,Ni,Copper,Cu,212.8,Bare,1970.55,,,966.18,1625.0,32.876,,115.0,16.7,12.77,59.9391,1921.244
Laser,Copper,Cu,Copper,Cu,73.8,Anodized,1809.48,9.2989,,666.14,1004.4,29.747,225.85,-0.5,46.7,24.74,60.8292,1934.266
Laser,Aluminum,Al,Aluminum,Al,132.3,Bare,2771.22,,,893.04,2677.8,101.335,,-4.2,29.5,23.28,27.3471,4452.496
Laser,Copper,Cu,Copper,Cu,120.6,Oxide,271.17,,,708.84,2112.0,118.312,,92.1,67.2,19.52,2.292,343.634
Laser,Copper,Cu,Copper,Cu,164.9,Bare,1610.58,1.2112,,838.54,946.9,14.19,271.905,108.2,11.4,21.7,113.4975,1039.798
Laser,Nickel,Ni,Copper,Cu,93.2,Nickel-plated,393.67,,,980.44,2351.1,108.973,,95.6,27.8,19.76,3.6126,555.337
Laser,Aluminum,Al,Aluminum,Al,237.5,Tin-plated,1280.35,2.9766,,858.35,268.2,100.03,108.083,-7.6,52.9,23.1,12.7997,240.592
Laser,Aluminum,Al,Aluminum,Al,59.5,Tin-plated,2381.09,,,355.87,2127.1,28.9,,23.7,26.3,17.57,82.3904,3038.913
Laser,Copper,Cu,Aluminum,Al,124.4,Tin-plated,491.64,5.2791,,291.43,2248.3,73.336,268.657,115.1,64.1,21.58,6.7039,1938.679
Laser,StainlessSteel,SS304,Nickel,Ni,73.8,Nickel-plated,2091.1,9.1108,,902.24,739.6,105.916,21.709,47.5,62.3,18.73,19.743,986.436
Laser,Copper,Cu,StainlessSteel,SS304,32.0,Tin-plated,2280.44,5.6588,,204.91,2028.9,77.309,116.088,97.0,56.3,22.94,29.4976,3309.262
Laser,Aluminum,Al,Aluminum,Al,78.3,Nickel-plated,768.89,3.3987,,316.74,2220.7,49.095,85.523,109.0,31.9,24.71,15.6612,1282.676
Laser,Aluminum,Al,Aluminum,Al,234.1,Bare,866.47,2.9973,,478.25,457.5,72.192,99.712,37.9,10.1,23.93,12.0024,292.538
Laser,Nickel,Ni,Copper,Cu,204.6,Oxide,1393.91,,,807.32,206.6,40.977,,45.2,11.6,4.93,34.0168,172.757
Laser,StainlessSteel,SS304,Nickel,Ni,96.3,Nickel-plated,1127.99,3.0894,,987.3,2006.1,15.812,24.59,115.2,68.7,11.74,71.3362,1418.667
Laser,Copper,Cu,Copper,Cu,174.8,Carbon-coated,1030.8,3.9971,,295.72,2986.3,42.714,197.043,92.8,50.5,9.6,24.1324,2787.791
Laser,Copper,Cu,Aluminum,Al,186.6,Anodized,950.39,11.9083,,993.0,79.9,119.012,135.685,103.3,11.4,18.37,7.9857,97.25
Laser,Copper,Cu,Aluminum,Al,240.9,Nickel-plated,2749.68,,,279.95,939.3,48.312,,67.6,25.7,9.41,56.915,1549.728
Laser,Aluminum,Al,Aluminum,Al,145.2,Oxide,1410.89,,,643.63,2439.0,60.963,,65.7,68.1,18.6,23.1434,2064.667
Laser,Copper,Cu,Aluminum,Al,242.9,Bare,550.68,,,418.48,2014.5,97.583,,111.8,53.4,11.58,5.6432,665.604
Laser,Copper,Cu,Aluminum,Al,130.7,Bare,1480.25,9.069,,540.54,2985.6,65.958,98.961,-5.7,58.2,5.44,22.4423,3723.485
Laser,Nickel,Ni,Copper,Cu,179.3,Tin-plated,2494.28,8.3271,,979.25,482.7,85.959,58.744,38.3,26.5,9.63,29.0172,816.864
Laser,Copper,Cu,Aluminum,Al,200.4,Oxide,1540.2,,,713.55,2293.2,88.271,,-3.3,76.3,19.0,17.4485,2119.193
Laser,Nickel,Ni,Copper,Cu,203.1,Tin-plated,842.35,1.9651,,226.59,479.2,25.44,266.437,-2.5,59.3,11.58,33.1115,342.534
Laser,Nickel,Ni,Copper,Cu,186.0,Nickel-plated,667.85,,,218.01,1861.3,110.081,,41.1,77.1,24.06,6.0669,745.847
Laser,Copper,Cu,Copper,Cu,172.6,Oxide,420.15,8.5579,,584.36,2321.5,64.441,51.664,61.8,55.8,19.1,6.5199,995.793
Laser,Copper,Cu,Copper,Cu,175.5,Nickel-plated,1015.53,3.1111,,767.23,284.5,85.189,197.017,81.9,60.1,10.11,11.9209,243.14
Laser,Copper,Cu,Copper,Cu,54.8,Bare,934.29,,,521.44,2416.8,109.618,,21.6,41.0,7.28,8.5231,1354.828
Laser,StainlessSteel,SS304,Nickel,Ni,87.3,Nickel-plated,2331.9,10.0625,,963.68,1916.1,46.449,231.34,52.1,28.8,6.32,50.2037,4465.113
Laser,Copper,Cu,Copper,Cu,142.6,Carbon-coated,1902.9,1.3795,,971.85,1746.6,20.966,128.38,107.4,20.0,23.41,90.7592,2117.949
Laser,Copper,Cu,Copper,Cu,107.0,Carbon-coated,824.41,4.6927,,663.11,473.3,12.083,105.702,75.0,11.9,17.25,68.2303,327.992
Laser,Copper,Cu,Aluminum,Al,246.2,Tin-plated,1358.96,,,399.75,1282.0,5.355,,13.5,63.9,10.81,253.7627,1045.35
Laser,Copper,Cu,Aluminum,Al,154.9,Oxide,1360.83,,,921.77,1364.9,97.262,,100.8,69.4,16.98,13.9914,1114.474
Laser,Aluminum,Al,Aluminum,Al,196.3,Tin-plated,212.13,3.2972,,340.22,672.7,20.613,215.804,-7.1,17.0,17.25,10.2911,277.097
Laser,Aluminum,Al,Aluminum,Al,124.5,Oxide,2414.03,,,875.88,2129.1,49.873,,23.7,24.5,12.38,48.4038,3083.838
Laser,Nickel,Ni,Copper,Cu,99.1,Carbon-coated,669.52,2.0601,,606.83,2741.2,115.38,210.133,115.5,21.6,23.31,5.8027,1575.799
Laser,Copper,Cu,Aluminum,Al,40.9,Carbon-coated,351.79,,,153.46,611.3,57.742,,84.1,59.0,11.98,6.0925,129.023
Laser,Nickel,Ni,Copper,Cu,168.1,Bare,2517.82,8.4192,,749.82,2489.5,52.408,109.006,-6.0,42.2,24.28,48.043,4674.726
Laser,Aluminum,Al,Aluminum,Al,236.5,Tin-plated,2200.92,3.5573,,693.54,723.9,24.625,198.648,-1.8,35.6,7.25,89.3791,1160.494
Laser,Aluminum,Al,Aluminum,Al,187.6,Tin-plated,347.91,5.1445,,416.65,825.9,98.413,285.909,31.5,77.6,24.19,3.5352,658.349
Laser,Aluminum,Al,Aluminum,Al,178.8,Bare,2026.11,6.47,,320.98,1835.0,84.127,180.89,65.6,73.4,18.88,24.084,3089.809
Laser,Copper,Cu,Aluminum,Al,52.7,Tin-plated,2221.32,5.5744,,918.35,209.8,27.155,91.097,65.1,45.6,11.92,81.8003,322.223
Laser,Nickel,Ni,Copper,Cu,153.7,Oxide,1640.6,2.2359,,982.43,1045.0,27.047,124.633,25.4,19.9,5.9,60.6572,1145.114
Laser,Copper,Cu,Copper,Cu,126.6,Nickel-plated,514.86,5.3654,,259.76,2087.6,54.881,58.831,74.3,22.7,22.11,9.3813,908.46
Laser,Copper,Cu,Copper,Cu,186.6,Bare,2942.71,10.8263,,505.06,2050.5,6.139,267.399,36.2,13.4,5.25,479.3213,5994.942
Laser,Copper,Cu,Aluminum,Al,135.0,Oxide,1260.36,9.9601,,711.25,1423.8,7.535,53.917,4.8,74.2,8.55,167.2639,1382.541
Laser,Nickel,Ni,Copper,Cu,193.5,Nickel-plated,1861.95,9.6293,,663.74,90.4,35.828,47.541,42.6,30.8,11.64,51.9695,117.577
Laser,Copper,Cu,Copper,Cu,56.8,Nickel-plated,2009.54,9.8956,,205.49,2269.9,79.489,272.53,32.0,66.9,23.45,25.2808,5185.481
Laser,Copper,Cu,Copper,Cu,78.8,Oxide,2177.99,,,400.48,2659.1,106.917,,38.7,53.5,9.77,20.3708,3474.864
Laser,Copper,Cu,Aluminum,Al,83.5,Carbon-coated,2664.71,1.9408,,412.0,479.2,102.458,154.909,28.3,23.9,12.55,26.0078,823.873
Laser,Copper,Cu,Copper,Cu,59.9,Nickel-plated,2612.03,1.6,,499.15,581.8,72.422,298.091,4.6,23.8,22.0,36.0668,1022.861
Laser,Aluminum,Al,Aluminum,Al,229.3,Nickel-plated,2272.82,8.5484,,589.31,1766.5,20.965,257.891,40.5,75.7,20.59,108.4094,3966.742
Laser,Copper,Cu,Aluminum,Al,165.1,Bare,2044.39,6.1761,,787.05,640.4,112.917,77.458,21.8,69.4,4.61,18.1052,908.017
Laser,Copper,Cu,Aluminum,Al,132.9,Bare,1866.17,11.3417,,928.06,1929.6,84.814,101.381,105.5,26.5,8.58,22.003,3048.082
Laser,Copper,Cu,Copper,Cu,67.3,Bare,893.69,0.6218,,597.26,2561.5,118.901,177.001,108.2,23.5,17.17,7.5163,1486.299
Laser,Nickel,Ni,Copper,Cu,34.4,Bare,2293.86,,,154.06,569.3,81.352,,18.4,46.2,9.58,28.1968,783.524
Laser,Nickel,Ni,Copper,Cu,247.8,Anodized,2417.39,5.0198,,453.2,1161.7,84.312,284.562,88.0,48.6,21.02,28.6718,2348.687
Laser,Copper,Cu,Copper,Cu,51.0,Nickel-plated,356.76,,,889.69,2895.0,118.595,,89.7,13.7,8.28,3.0082,619.7
Laser,Copper,Cu,Copper,Cu,100.5,Bare,1143.04,,,299.53,1893.8,43.445,,80.8,74.8,12.6,26.3099,1298.789
Laser,Copper,Cu,StainlessSteel,SS304,99.3,Nickel-plated,1986.3,6.3706,,178.65,508.5,68.826,87.507,44.3,78.1,6.62,28.8598,719.406
Laser,Copper,Cu,StainlessSteel,SS304,105.7,Tin-plated,2253.01,4.0801,,979.78,350.2,81.873,209.519,77.3,50.4,19.27,27.5183,593.125
Laser,Copper,Cu,Aluminum,Al,184.1,Carbon-coated,1821.11,3.5639,,466.16,1226.6,94.935,102.343,-5.5,61.4,11.49,19.1826,1519.187
Laser,Nickel,Ni,Copper,Cu,188.2,Bare,909.24,0.904,,475.94,442.3,72.759,209.252,44.3,19.5,15.22,12.4967,274.783
Laser,Copper,Cu,Copper,Cu,126.0,Nickel-plated,2275.03,5.8051,,529.45,190.5,72.171,81.821,57.4,57.2,14.38,31.523,296.28
Laser,Nickel,Ni,Copper,Cu,95.4,Bare,1870.09,1.4691,,837.45,2940.7,102.924,126.079,91.2,53.6,18.28,18.1697,3517.478
Laser,Copper,Cu,Copper,Cu,243.9,Nickel-plated,2677.31,2.7308,,695.26,1632.3,79.792,200.992,117.7,67.5,7.5,33.5536,2980.476
Laser,Nickel,Ni,Copper,Cu,129.9,Bare,476.58,8.9936,,169.75,2608.2,13.945,51.377,90.3,79.0,11.44,34.1753,1227.878
Laser,Copper,Cu,Copper,Cu,134.7,Nickel-plated,1140.94,10.9433,,330.34,202.8,78.2,81.373,58.2,73.8,18.06,14.5901,211.084
Laser,Copper,Cu,Copper,Cu,211.0,Tin-plated,1720.97,2.2063,,487.67,1741.5,10.635,260.882,18.4,38.6,17.58,161.818,2199.136
Laser,Nickel,Ni,Copper,Cu,111.5,Bare,234.72,4.6271,,385.98,2221.6,108.297,226.397,30.0,59.8,13.99,2.1674,1243.814
Laser,StainlessSteel,SS304,Nickel,Ni,59.2,Nickel-plated,1756.5,10.4812,,365.24,1116.8,86.375,113.753,76.9,74.1,19.63,20.3357,1709.643
Laser,Nickel,Ni,Copper,Cu,157.5,Nickel-plated,994.94,,,897.14,2083.9,14.386,,88.4,53.3,17.02,69.1577,1244.008
Laser,Copper,Cu,Aluminum,Al,145.6,Nickel-plated,2803.13,0.5647,,366.5,354.2,43.664,171.397,53.4,58.2,6.5,64.1971,609.35
Laser,Nickel,Ni,Copper,Cu,188.4,Oxide,1367.08,,,529.55,148.6,101.545,,59.6,70.4,4.04,13.4628,121.866
Laser,Copper,Cu,Copper,Cu,239.9,Bare,2465.19,2.198,,714.27,608.4,57.679,90.113,83.4,28.6,4.66,42.7394,948.146
Laser,Copper,Cu,StainlessSteel,SS304,240.5,Nickel-plated,2411.13,1.0367,,893.17,403.3,65.451,294.532,59.9,27.2,10.21,36.8385,632.718
Laser,Copper,Cu,Copper,Cu,243.6,Tin-plated,2799.73,,,523.48,1299.6,116.517,,116.5,17.5,4.37,24.0285,2183.09
Laser,Aluminum,Al,Aluminum,Al,155.4,Tin-plated,2318.17,6.6029,,904.36,2598.3,49.051,155.599,40.2,67.6,9.41,47.2602,4681.73
Laser,Aluminum,Al,Aluminum,Al,244.7,Oxide,2426.57,6.6441,,202.83,114.2,22.17,255.382,87.6,20.0,13.02,109.454,243.785
Laser,Copper,Cu,StainlessSteel,SS304,55.4,Oxide,1886.65,7.331,,898.77,1259.8,87.201,230.683,3.3,42.6,20.57,21.6356,2278.353
Laser,Copper,Cu,Copper,Cu,45.4,Tin-plated,2921.6,5.4591,,998.18,2026.3,101.476,114.652,37.7,12.6,8.36,28.7911,4059.301
Laser,Copper,Cu,Aluminum,Al,152.0,Oxide,2357.88,11.6527,,750.95,1256.8,88.631,249.493,59.8,60.8,22.62,26.6034,3239.473
Laser,Aluminum,Al,Aluminum,Al,76.6,Bare,504.04,9.9948,,823.95,1206.6,73.629,68.119,104.0,75.4,18.27,6.8457,693.507
Laser,StainlessSteel,SS304,Nickel,Ni,70.8,Bare,1749.76,2.505,,994.2,1018.2,110.889,179.709,52.5,66.0,10.15,15.7794,1252.274
Laser,Copper,Cu,Copper,Cu,84.0,Anodized,236.45,5.5992,,957.14,351.4,111.107,77.571,4.2,21.9,18.29,2.1281,110.89
Laser,Copper,Cu,Aluminum,Al,162.2,Nickel-plated,2037.99,,,946.16,2550.3,101.121,,29.7,70.3,4.02,20.154,3118.484
Laser,Aluminum,Al,Aluminum,Al,87.2,Bare,2848.61,0.9028,,920.76,1536.5,92.958,82.559,67.3,13.3,11.82,30.6442,2671.89
Laser,Copper,Cu,Aluminum,Al,164.9,Tin-plated,1013.43,8.8475,,412.92,1496.6,22.116,74.153,71.6,67.6,19.95,45.8236,1302.766
Laser,Copper,Cu,Copper,Cu,234.2,Bare,805.07,6.7693,,977.29,252.2,106.686,121.343,31.8,45.6,7.54,7.5462,204.703
Laser,Copper,Cu,Copper,Cu,84.3,Nickel-plated,2646.06,4.2,,530.45,339.6,27.082,49.973,41.6,77.6,5.34,97.7072,567.678
Laser,Copper,Cu,Copper,Cu,241.8,Carbon-coated,1994.26,9.5627,,404.07,912.9,77.932,183.906,34.1,77.8,23.63,25.5897,1734.597
Laser,Nickel,Ni,Copper,Cu,51.7,Carbon-coated,1675.79,1.0722,,517.19,2493.9,17.238,168.068,15.9,29.9,15.62,97.2151,2687.302
Laser,Nickel,Ni,Copper,Cu,35.9,Bare,2226.93,5.6606,,877.81,931.4,94.77,253.643,-4.8,35.4,11.77,23.4984,1779.361
Laser,Copper,Cu,StainlessSteel,SS304,193.5,Oxide,480.87,,,652.44,819.8,31.894,,31.3,27.1,8.02,15.0772,236.532
Laser,Copper,Cu,Aluminum,Al,52.4,Tin-plated,318.93,,,581.12,2609.9,56.298,,9.4,20.7,15.48,5.6651,499.422
Laser,Nickel,Ni,Copper,Cu,48.8,Nickel-plated,2090.89,11.9666,,866.85,2353.5,22.131,299.608,94.2,54.0,14.8,94.4776,6327.639
Laser,StainlessSteel,SS304,Nickel,Ni,81.9,Nickel-plated,1405.24,4.9962,,700.33,1294.9,52.091,106.252,19.5,47.2,21.46,26.9764,1366.774
Laser,Nickel,Ni,Copper,Cu,245.9,Carbon-coated,2318.35,5.1097,,232.01,1984.5,6.505,286.1,33.9,26.6,22.39,356.3861,3920.85
Laser,Nickel,Ni,Copper,Cu,34.5,Bare,257.5,11.3428,,822.07,1216.6,63.182,204.971,79.1,40.2,17.79,4.0755,1319.4
Laser,Copper,Cu,Copper,Cu,128.5,Nickel-plated,1777.82,,,611.83,2225.4,101.342,,116.2,13.0,7.52,17.5427,2373.82
Laser,Copper,Cu,Aluminum,Al,116.4,Oxide,371.7,4.1941,,215.86,1781.6,12.596,39.974,64.2,10.9,15.87,29.5099,516.818
Laser,Copper,Cu,Aluminum,Al,148.1,Nickel-plated,1332.95,,,800.84,2098.9,28.162,,103.5,30.0,21.79,47.3316,1678.649
Laser,Nickel,Ni,Copper,Cu,126.8,Bare,1360.67,11.0239,,490.67,158.4,44.545,200.784,-9.7,69.3,6.79,30.5458,269.475
Laser,Copper,Cu,Copper,Cu,153.1,Bare,1073.91,7.7672,,260.27,2317.5,44.125,99.876,66.7,24.1,9.09,24.3382,2212.364
Laser,Nickel,Ni,Copper,Cu,109.4,Tin-plated,2959.02,10.0717,,981.84,315.2,69.93,138.685,65.7,16.8,14.02,42.314,735.683
Laser,Nickel,Ni,Copper,Cu,163.5,Anodized,2688.09,3.4284,,839.52,1177.3,76.081,31.586,97.6,70.8,5.25,35.3322,1949.867
Laser,Copper,Cu,StainlessSteel,SS304,44.9,Tin-plated,2477.27,,,386.86,1639.4,42.69,,69.7,17.3,19.61,58.0289,2436.736
Laser,StainlessSteel,SS304,Nickel,Ni,182.3,Oxide,1705.95,4.4571,,547.95,546.7,90.996,265.302,5.2,21.2,19.36,18.7476,818.122
Laser,Nickel,Ni,Copper,Cu,76.0,Bare,2166.67,10.9765,,751.97,2668.5,80.226,90.078,114.2,73.9,10.73,27.0071,4524.406
Laser,Copper,Cu,Copper,Cu,243.8,Tin-plated,1124.91,8.4372,,379.45,2523.8,107.571,183.137,-2.3,42.7,21.16,10.4574,3263.259
Laser,Aluminum,Al,Aluminum,Al,168.2,Nickel-plated,2343.16,8.9586,,334.45,1775.3,29.599,22.69,79.4,15.8,9.13,79.1625,2640.262
Laser,Nickel,Ni,Copper,Cu,76.7,Nickel-plated,1858.78,10.7185,,231.2,898.8,13.211,97.477,118.6,30.2,22.67,140.703,1378.076
Laser,Nickel,Ni,Copper,Cu,197.8,Bare,472.38,,,154.48,719.6,42.504,,15.4,44.2,14.17,11.1136,203.967
Laser,Copper,Cu,Copper,Cu,68.5,Tin-plated,1805.23,,,343.71,489.0,48.35,,44.4,79.9,16.33,37.3367,529.663
Laser,Copper,Cu,Copper,Cu,160.6,Nickel-plated,2792.11,0.8291,,750.34,1615.1,28.175,275.11,89.9,35.6,23.79,99.0995,2853.032
Laser,StainlessSteel,SS304,Nickel,Ni,73.4,Oxide,2538.89,,,239.55,972.9,84.61,,49.9,34.4,20.4,30.007,1482.108
Laser,Copper,Cu,Aluminum,Al,195.8,Tin-plated,1920.6,6.2765,,278.43,1908.4,37.217,274.505,97.3,65.1,20.94,51.6052,3514.341
Laser,Copper,Cu,Copper,Cu,46.7,Bare,2489.25,0.9719,,466.73,1649.5,85.586,128.079,0.9,79.2,15.35,29.0848,2545.798
Laser,Aluminum,Al,Aluminum,Al,186.4,Oxide,2226.9,,,904.49,1083.2,39.649,,34.5,68.3,4.51,56.1652,1447.366
Laser,Nickel,Ni,Copper,Cu,207.6,Nickel-plated,1578.01,8.8295,,402.14,1468.6,6.881,60.168,42.3,51.5,10.45,229.3251,1702.589
Laser,Nickel,Ni,Copper,Cu,127.4,Carbon-coated,1259.36,8.4387,,624.32,1215.5,10.446,104.511,68.8,48.2,15.95,120.554,1347.198
Laser,StainlessSteel,SS304,Nickel,Ni,106.6,Tin-plated,2319.56,,,950.82,375.0,43.65,,35.3,74.8,12.77,53.1396,521.955
Laser,Nickel,Ni,Copper,Cu,79.0,Bare,1502.91,6.3516,,729.35,2678.1,106.548,275.633,58.3,54.2,10.59,14.1055,4290.319
Laser,StainlessSteel,SS304,Nickel,Ni,59.9,Bare,2944.58,,,982.58,2881.3,41.646,,97.7,27.1,19.12,70.7057,5090.51
Laser,Copper,Cu,Copper,Cu,142.7,Tin-plated,599.31,10.9888,,513.47,1892.2,90.691,17.159,107.4,28.2,6.1,6.6082,823.118
Laser,Nickel,Ni,Copper,Cu,192.3,Bare,380.13,4.9728,,601.24,853.4,58.124,291.873,64.8,50.0,24.98,6.54,690.074
Laser,Copper,Cu,Aluminum,Al,170.3,Bare,1429.2,6.2745,,891.18,2389.2,87.195,299.994,10.5,46.8,18.68,16.3909,3847.712
Laser,Copper,Cu,Copper,Cu,98.5,Bare,1829.79,,,185.9,1031.8,101.341,,-4.9,45.0,15.19,18.0558,1132.788
Laser,Copper,Cu,StainlessSteel,SS304,147.0,Nickel-plated,1756.83,0.6186,,470.54,849.7,41.437,277.635,22.4,52.7,22.96,42.3975,954.02
Laser,Copper,Cu,Copper,Cu,244.2,Bare,1339.03,,,226.35,2496.2,31.712,,54.8,68.5,11.42,42.2243,2005.465
Laser,Copper,Cu,Aluminum,Al,163.8,Bare,681.51,,,791.62,1149.2,62.551,,119.6,13.7,13.27,10.8954,469.928
Laser,Copper,Cu,Aluminum,Al,218.4,Nickel-plated,2501.06,1.8547,,814.5,304.5,65.261,52.714,62.3,27.8,7.46,38.3238,468.828
Laser,Nickel,Ni,Copper,Cu,198.9,Nickel-plated,1421.63,,,238.88,575.6,21.887,,52.2,45.6,16.63,64.9534,490.95
Laser,Aluminum,Al,Aluminum,Al,140.3,Oxide,321.04,7.3132,,634.74,1640.0,24.378,104.877,110.0,53.7,14.64,13.1692,819.063
Laser,Nickel,Ni,Copper,Cu,228.4,Bare,1950.14,7.0061,,299.36,1451.7,59.361,144.203,10.1,30.8,23.49,32.8521,2285.266
Laser,Copper,Cu,Aluminum,Al,198.3,Bare,384.92,3.0609,,990.51,1114.9,54.552,87.895,36.8,40.0,11.06,7.0561,377.465
Laser,Copper,Cu,Aluminum,Al,149.1,Oxide,2642.11,4.1942,,937.61,2995.9,119.554,158.316,34.9,21.1,8.98,22.0997,5545.087
Laser,Nickel,Ni,Copper,Cu,177.1,Nickel-plated,504.83,1.3557,,512.24,889.7,16.928,258.901,60.7,66.9,12.93,29.822,394.402
Laser,Nickel,Ni,Copper,Cu,224.0,Bare,1465.84,9.8632,,538.37,2211.4,46.914,23.238,43.5,56.8,22.58,31.2455,2147.721
Laser,Nickel,Ni,Copper,Cu,249.4,Carbon-coated,965.97,9.9053,,191.28,2013.3,59.107,22.346,114.4,27.3,15.84,16.3426,1345.114
Laser,Copper,Cu,Copper,Cu,32.1,Tin-plated,222.11,,,591.43,2347.6,62.343,,99.9,54.3,4.76,3.5628,312.858
Laser,Nickel,Ni,Copper,Cu,48.2,Tin-plated,1630.05,9.9313,,368.27,2960.5,59.466,271.019,99.2,46.8,10.72,27.4116,6082.832
Laser,StainlessSteel,SS304,Nickel,Ni,45.7,Anodized,1438.85,9.9187,,224.32,725.4,59.122,232.007,22.2,59.7,13.97,24.3368,1293.899
Laser,Copper,Cu,Aluminum,Al,124.9,Bare,667.99,10.8139,,946.05,288.5,86.843,89.269,108.4,54.2,12.16,7.6919,227.04
Laser,Copper,Cu,Copper,Cu,205.4,Carbon-coated,292.44,0.822,,279.23,160.9,12.039,163.223,112.8,71.5,4.0,24.2911,36.869
Laser,Copper,Cu,Aluminum,Al,56.8,Nickel-plated,2531.85,,,665.6,2654.6,69.178,,14.1,76.8,20.62,36.5993,4032.617
Laser,Aluminum,Al,Aluminum,Al,119.9,Tin-plated,2171.3,7.6535,,747.91,960.6,45.155,234.548,11.2,20.5,12.69,48.0854,1941.249
Laser,Nickel,Ni,Copper,Cu,161.5,Bare,2884.66,,,172.07,2519.3,76.858,,9.2,34.6,7.5,37.5324,4360.409
Laser,StainlessSteel,SS304,Nickel,Ni,105.6,Bare,2800.25,,,321.86,1553.5,111.221,,113.7,71.1,11.67,25.1774,2610.111
Laser,Copper,Cu,Copper,Cu,208.7,Bare,1381.24,4.1769,,410.0,498.8,106.747,173.484,91.9,41.8,5.79,12.9394,557.958
Laser,Aluminum,Al,Aluminum,Al,135.6,Bare,2011.18,,,569.73,1292.7,84.618,,71.4,72.8,17.45,23.7678,1559.953
Laser,Copper,Cu,Aluminum,Al,117.9,Oxide,2349.31,0.7425,,401.1,2826.5,81.934,34.947,12.2,69.0,5.34,28.6731,4013.468
Laser,Copper,Cu,Copper,Cu,50.7,Anodized,1481.97,6.5156,,216.04,317.3,72.376,132.043,26.7,11.1,17.46,20.4759,391.374
Laser,StainlessSteel,SS304,Nickel,Ni,102.5,Bare,472.39,,,764.96,1848.6,14.933,,57.1,52.8,12.82,31.6332,523.952
Laser,Nickel,Ni,Copper,Cu,101.5,Bare,1459.42,,,479.89,508.2,75.512,,12.0,58.5,11.58,19.327,445.003
Laser,Copper,Cu,Aluminum,Al,91.7,Bare,233.67,7.9931,,845.03,985.1,72.331,160.34,107.1,55.6,15.53,3.2306,643.137
Laser,Aluminum,Al,Aluminum,Al,247.1,Tin-plated,2972.07,11.9804,,848.82,1844.7,63.037,49.649,101.5,50.5,12.95,47.1484,3728.5
Laser,Copper,Cu,Aluminum,Al,240.0,Nickel-plated,2487.65,4.9078,,777.05,2969.8,118.186,183.237,55.1,23.5,9.12,21.0487,5500.921
Laser,Copper,Cu,Copper,Cu,172.3,Bare,1093.31,,,282.44,1623.4,46.561,,28.3,51.5,11.12,23.4812,1064.923
Laser,Nickel,Ni,Copper,Cu,200.5,Anodized,2728.79,,,989.6,2578.0,60.805,,63.5,41.2,15.89,44.8776,4220.906
Laser,Copper,Cu,Aluminum,Al,107.6,Anodized,1253.85,1.1949,,253.63,1424.0,106.04,252.873,9.5,21.1,23.53,11.8243,1243.401
Laser,Nickel,Ni,Copper,Cu,212.7,Bare,1601.68,6.031,,818.96,689.5,90.406,75.006,65.7,21.1,24.53,17.7166,787.394
Laser,Copper,Cu,Copper,Cu,93.3,Tin-plated,407.03,4.5881,,339.9,811.1,99.393,218.591,33.0,59.5,16.34,4.0951,523.458
Laser,Nickel,Ni,Copper,Cu,40.7,Nickel-plated,545.16,6.5152,,222.13,1414.6,25.472,137.474,60.9,12.1,10.57,21.4023,969.5
Laser,Copper,Cu,Aluminum,Al,227.9,Bare,2601.1,2.4042,,259.54,2914.8,59.604,123.873,-6.9,23.9,17.85,43.6396,4896.281
Laser,Aluminum,Al,Aluminum,Al,183.4,Anodized,1387.64,10.7958,,407.37,160.3,92.136,186.228,61.6,71.5,22.81,15.0607,262.357
Laser,Nickel,Ni,Copper,Cu,207.4,Bare,1961.36,10.3304,,622.27,2895.5,58.542,19.007,36.6,48.1,19.8,33.5037,3634.91
Laser,Copper,Cu,Aluminum,Al,54.9,Tin-plated,886.91,6.6508,,801.71,1840.7,5.236,156.556,54.3,79.9,18.39,169.3888,1746.177
Laser,Copper,Cu,Aluminum,Al,49.1,Bare,563.83,,,620.6,568.4,51.91,,66.2,52.7,23.51,10.8617,192.284
Laser,Copper,Cu,Copper,Cu,214.2,Tin-plated,792.0,,,781.93,426.0,96.455,,49.3,25.2,12.08,8.2111,202.448
Laser,Copper,Cu,StainlessSteel,SS304,93.7,Oxide,2474.54,,,856.57,894.2,6.934,,21.9,78.4,5.1,356.8911,1327.613
Laser,Copper,Cu,Aluminum,Al,184.0,Bare,2534.42,10.6541,,924.13,1150.5,98.235,199.111,17.4,69.7,8.12,25.7995,2725.664
Laser,Nickel,Ni,Copper,Cu,172.2,Nickel-plated,434.18,,,703.23,306.3,102.553,,109.0,60.6,13.91,4.2338,79.781
Laser,Copper,Cu,Copper,Cu,42.1,Bare,2300.91,2.3741,,333.88,1828.1,15.112,54.942,79.3,41.6,8.57,152.2601,2619.119
Laser,Aluminum,Al,Aluminum,Al,243.4,Tin-plated,2803.52,8.3677,,880.86,482.1,114.448,10.766,98.0,29.6,10.89,24.496,828.237
Laser,Copper,Cu,Aluminum,Al,234.3,Nickel-plated,2074.36,6.0743,,698.87,2743.4,92.614,77.058,45.8,76.2,10.06,22.398,3928.127
Laser,Copper,Cu,Aluminum,Al,49.4,Nickel-plated,1085.62,,,975.66,2232.0,15.199,,83.6,73.6,16.25,71.4265,1453.86
Laser,Nickel,Ni,Copper,Cu,52.2,Bare,1189.65,,,907.51,2900.2,56.754,,15.9,15.3,23.17,20.9614,2070.121
Laser,Nickel,Ni,Copper,Cu,101.6,Bare,2039.2,3.6111,,421.07,734.9,70.413,50.834,54.2,37.0,13.48,28.9604,953.117
Laser,Copper,Cu,Aluminum,Al,47.5,Bare,942.82,,,912.0,2516.9,84.482,,86.5,79.9,15.99,11.16,1423.786
Laser,Nickel,Ni,Copper,Cu,86.3,Bare,627.62,3.0471,,152.43,1528.2,22.329,54.393,114.4,36.0,10.31,28.1077,676.816
Laser,Copper,Cu,Aluminum,Al,93.7,Nickel-plated,1477.0,5.6158,,939.07,2480.1,53.772,247.898,81.2,77.0,21.1,27.468,3578.937
Laser,Copper,Cu,Copper,Cu,129.9,Oxide,2116.14,,,993.04,2516.9,73.899,,3.0,48.5,5.79,28.6356,3195.618
Laser,Copper,Cu,Aluminum,Al,246.7,Oxide,2019.06,1.2889,,642.16,2976.3,33.028,251.266,112.9,39.7,22.38,61.1309,3991.145
Laser,Aluminum,Al,Aluminum,Al,53.5,Nickel-plated,1657.36,8.6075,,252.61,535.5,69.045,113.619,108.0,53.3,5.69,24.0041,741.985
Laser,Copper,Cu,Copper,Cu,226.6,Nickel-plated,336.82,8.1029,,296.71,2826.0,98.536,163.332,77.0,50.9,13.2,3.4183,2067.135
Laser,Copper,Cu,StainlessSteel,SS304,124.7,Bare,449.46,11.3091,,776.56,2750.0,55.041,44.938,100.3,58.7,19.84,8.1658,1300.659
Laser,Aluminum,Al,Aluminum,Al,111.5,Nickel-plated,2667.33,,,340.63,2072.8,104.048,,109.3,28.7,16.76,25.6357,3317.248
Laser,Copper,Cu,Copper,Cu,205.3,Nickel-plated,2945.49,4.2482,,246.92,829.8,36.78,40.809,9.3,11.4,12.11,80.0831,1523.997
Laser,StainlessSteel,SS304,Nickel,Ni,52.5,Tin-plated,966.06,,,209.33,340.5,82.461,,110.8,55.9,19.52,11.7154,197.361
Laser,Nickel,Ni,Copper,Cu,72.0,Tin-plated,2200.68,8.5473,,675.76,2971.2,107.995,202.745,32.1,73.5,19.42,20.3777,5982.747
Laser,StainlessSteel,SS304,Nickel,Ni,55.0,Bare,2699.75,6.9398,,367.09,1197.1,14.077,66.804,52.0,21.0,10.07,191.7821,2161.098
Laser,Copper,Cu,Aluminum,Al,194.4,Bare,2317.63,11.7688,,482.97,506.8,27.374,134.424,51.5,47.4,21.59,84.666,1025.447
Laser,StainlessSteel,SS304,Nickel,Ni,177.4,Bare,2793.84,,,572.61,185.7,91.688,,63.1,69.5,10.42,30.4711,311.303
Laser,Copper,Cu,Copper,Cu,107.5,Tin-plated,2276.45,6.1842,,910.92,1112.2,95.031,64.968,103.6,60.1,12.36,23.9549,1697.818
Laser,Nickel,Ni,Copper,Cu,133.9,Nickel-plated,533.24,3.8425,,757.33,2462.1,24.791,121.615,15.5,32.7,18.36,21.5091,1247.931
Laser,Copper,Cu,Aluminum,Al,188.2,Tin-plated,513.99,,,963.64,2068.2,113.238,,57.9,49.9,13.4,4.539,637.825
Laser,Copper,Cu,Copper,Cu,218.5,Bare,545.76,8.8591,,798.35,1554.5,35.248,295.374,29.2,34.7,18.92,15.4836,2136.066
Laser,Copper,Cu,Aluminum,Al,141.2,Bare,1264.0,9.7285,,539.96,2677.3,39.477,283.699,6.7,57.6,20.49,32.0189,4986.245
Laser,Nickel,Ni,Copper,Cu,74.1,Tin-plated,533.6,7.2082,,479.42,2802.6,105.535,27.092,46.7,66.4,7.52,5.0561,1116.202
Laser,Copper,Cu,Copper,Cu,117.7,Bare,2996.99,11.153,,641.29,2834.2,69.349,18.968,58.3,44.6,4.65,43.216,5336.288
Laser,Copper,Cu,Copper,Cu,162.2,Bare,269.19,2.2308,,449.66,2855.6,21.356,167.038,31.9,49.1,10.65,12.6049,886.84
Laser,Copper,Cu,Copper,Cu,189.1,Anodized,2421.96,,,707.13,1362.1,31.088,,36.8,44.4,10.9,77.9062,1979.41
Laser,Nickel,Ni,Copper,Cu,91.8,Nickel-plated,664.36,2.8076,,648.38,1569.8,97.43,179.166,95.6,46.9,12.59,6.8188,941.602
Laser,Copper,Cu,Aluminum,Al,41.3,Bare,1260.99,6.7613,,562.38,998.8,33.921,282.913,113.3,24.5,17.21,37.1743,1519.848
Laser,Copper,Cu,Copper,Cu,229.1,Nickel-plated,2114.42,,,903.76,2277.5,27.069,,96.5,41.7,8.39,78.1131,2889.378
Laser,Copper,Cu,Aluminum,Al,229.4,Bare,870.91,,,604.23,505.9,78.266,,-7.6,62.5,18.83,11.1275,264.347
Laser,Nickel,Ni,Copper,Cu,184.6,Bare,1009.18,0.5799,,259.47,306.5,31.794,156.496,3.0,60.4,13.85,31.7413,196.74
Laser,Copper,Cu,Aluminum,Al,71.6,Nickel-plated,1738.08,7.8429,,612.1,2491.5,98.727,39.908,4.5,16.7,7.62,17.6049,2910.239
Laser,Copper,Cu,StainlessSteel,SS304,121.5,Bare,871.96,,,914.64,538.5,85.965,,43.0,17.6,13.09,10.1432,281.731
Laser,Copper,Cu,Aluminum,Al,178.6,Tin-plated,1776.36,4.858,,640.74,1717.3,89.23,176.95,92.9,19.7,22.78,19.9077,2420.756
Laser,StainlessSteel,SS304,Nickel,Ni,204.6,Tin-plated,400.11,2.8755,,189.28,2020.3,55.825,290.423,-1.3,21.1,23.42,7.1673,1159.848
Laser,Copper,Cu,Copper,Cu,90.3,Tin-plated,817.6,0.7211,,966.55,435.3,15.941,139.468,102.5,69.0,18.44,51.2894,231.053
Laser,Copper,Cu,Copper,Cu,76.9,Oxide,1508.42,9.7402,,242.97,2054.0,8.573,180.61,2.9,48.3,11.4,175.9544,3304.256
Laser,Copper,Cu,Copper,Cu,132.9,Carbon-coated,1644.81,0.699,,825.69,1636.2,98.223,40.541,26.0,75.3,7.64,16.7457,1633.26
Laser,Aluminum,Al,Aluminum,Al,160.5,Nickel-plated,2985.84,11.9574,,604.09,1288.3,66.685,79.21,76.1,77.1,6.67,44.7751,2796.166
Laser,Aluminum,Al,Aluminum,Al,144.6,Anodized,2916.17,,,687.9,448.6,12.096,,11.2,35.0,24.63,241.077,784.91
Laser,Nickel,Ni,Copper,Cu,53.2,Bare,1434.88,3.6651,,515.86,2281.7,119.004,295.9,89.3,35.8,9.52,12.0574,2954.223
Laser,Nickel,Ni,Copper,Cu,174.6,Tin-plated,2436.56,4.8412,,189.92,759.0,5.894,235.486,70.8,56.0,23.09,413.3756,1455.736
Laser,Copper,Cu,Copper,Cu,241.6,Bare,1300.32,,,895.23,1390.9,33.337,,79.9,41.4,17.11,39.0055,1085.171
Laser,Nickel,Ni,Copper,Cu,212.4,Tin-plated,1360.29,,,297.25,2950.8,31.786,,76.5,79.8,17.06,42.7945,2408.366
Laser,Copper,Cu,Copper,Cu,104.0,Nickel-plated,2015.81,9.3713,,358.0,2614.1,34.339,30.12,23.8,60.5,11.91,58.7031,3456.826
Laser,Copper,Cu,Copper,Cu,209.2,Tin-plated,1507.64,10.1724,,768.53,1219.6,119.373,262.252,5.3,25.7,18.0,12.6297,2404.691
Laser,Copper,Cu,Aluminum,Al,44.5,Carbon-coated,2949.79,4.2258,,474.58,837.6,115.678,275.843,61.4,66.2,17.75,25.5,1872.961
Laser,Copper,Cu,Copper,Cu,90.2,Bare,1439.95,,,301.56,2265.0,99.003,,6.6,41.5,17.44,14.5445,1956.844
Laser,Aluminum,Al,Aluminum,Al,126.6,Bare,2472.22,9.2445,,338.38,1284.8,69.07,86.459,111.1,14.4,24.94,35.7931,2316.503
Laser,Copper,Cu,Aluminum,Al,48.4,Nickel-plated,1874.17,5.9387,,161.09,1526.6,6.283,291.289,105.5,69.1,22.83,298.2888,2772.953
Laser,Nickel,Ni,Copper,Cu,67.6,Bare,326.78,3.7803,,978.28,2740.1,91.459,256.701,110.3,48.9,22.91,3.573,1600.874
Laser,Copper,Cu,Copper,Cu,153.8,Bare,2668.23,11.4537,,539.8,488.9,112.003,280.581,12.7,15.1,4.52,23.8228,1411.088
Laser,Copper,Cu,Aluminum,Al,68.3,Nickel-plated,1781.39,,,916.53,704.4,110.194,,71.2,44.1,9.06,16.1659,752.9
Laser,Aluminum,Al,Aluminum,Al,65.9,Bare,1289.74,3.9188,,187.19,848.2,20.864,163.116,12.1,58.7,4.18,61.8151,873.213
Laser,Aluminum,Al,Aluminum,Al,192.5,Bare,1905.57,10.4274,,490.91,2897.4,78.155,60.718,67.0,45.8,18.51,24.382,4046.551
Laser,Copper,Cu,Aluminum,Al,227.5,Bare,722.06,,,801.25,2739.9,101.274,,97.6,67.4,24.37,7.1298,1187.034
Laser,Copper,Cu,StainlessSteel,SS304,210.5,Nickel-plated,2256.72,10.851,,341.8,1751.2,43.111,93.978,7.2,48.6,7.39,52.3463,3085.583
Laser,Copper,Cu,Copper,Cu,195.7,Bare,2746.7,0.5094,,432.01,912.9,44.58,238.988,14.2,48.0,23.51,61.6125,1548.887
Laser,Copper,Cu,StainlessSteel,SS304,144.1,Oxide,2822.26,11.3008,,864.67,1845.7,116.72,291.685,5.3,79.2,15.17,24.1799,5558.9
Laser,Copper,Cu,Aluminum,Al,102.3,Bare,579.9,2.5267,,339.84,2813.2,55.143,116.666,24.3,49.1,21.63,10.5164,1310.532
Laser,Aluminum,Al,Aluminum,Al,177.2,Bare,2926.01,9.3596,,810.93,1864.6,78.15,83.02,77.5,14.7,19.7,37.4411,3853.041
Laser,Copper,Cu,Aluminum,Al,180.2,Bare,1629.47,,,765.53,1952.7,113.865,,-2.3,21.6,17.62,14.3105,1909.142
Laser,Copper,Cu,Aluminum,Al,114.4,Tin-plated,1907.19,,,915.73,173.5,38.392,,61.3,43.3,17.94,49.6763,198.555
Laser,Copper,Cu,Copper,Cu,125.5,Nickel-plated,2426.64,11.492,,416.82,352.6,72.271,10.522,10.6,59.6,24.72,33.5769,530.426
Laser,Copper,Cu,Copper,Cu,179.6,Bare,2953.96,7.2162,,242.97,75.0,11.744,254.027,14.8,11.4,21.96,251.5395,187.924
Laser,Copper,Cu,Copper,Cu,225.0,Bare,210.28,,,558.9,1654.4,102.995,,113.5,67.3,24.13,2.0416,208.727
Laser,Copper,Cu,Copper,Cu,157.7,Bare,2933.21,,,299.76,2624.7,96.86,,27.7,42.6,11.71,30.2829,4619.336
Laser,Copper,Cu,Copper,Cu,110.6,Carbon-coated,338.29,3.9101,,298.73,1764.4,59.998,292.16,36.2,57.3,14.71,5.6383,1164.355
Laser,StainlessSteel,SS304,Nickel,Ni,238.1,Tin-plated,375.38,4.0196,,494.42,1613.8,48.106,239.213,36.7,56.3,8.76,7.8032,984.177
Laser,Aluminum,Al,Aluminum,Al,116.2,Bare,1877.29,,,861.87,503.7,63.727,,119.7,74.6,14.19,29.4583,567.336
Laser,Copper,Cu,Copper,Cu,51.5,Bare,1994.39,,,540.28,2195.6,74.403,,27.9,64.7,5.42,26.8054,2627.386
Laser,Aluminum,Al,Aluminum,Al,238.7,Carbon-coated,2791.92,3.4933,,337.49,2130.8,8.6,60.744,-8.6,29.1,16.94,324.627,3750.185
Laser,Nickel,Ni,Copper,Cu,196.9,Anodized,857.52,7.8116,,221.27,2863.0,99.375,42.584,36.3,77.0,6.58,8.6291,1854.006
Laser,Aluminum,Al,Aluminum,Al,156.6,Bare,2747.73,4.41,,850.47,1757.2,87.352,269.682,21.3,61.5,13.75,31.456,3732.892
Laser,Aluminum,Al,Aluminum,Al,213.7,Nickel-plated,556.76,,,318.96,1194.3,68.857,,40.3,31.2,6.15,8.0858,398.95
Laser,Nickel,Ni,Copper,Cu,156.6,Nickel-plated,1950.35,2.1619,,409.73,1743.2,85.777,114.538,72.3,56.4,24.42,22.7373,2212.509
Laser,Aluminum,Al,Aluminum,Al,201.4,Bare,442.96,,,882.13,111.1,25.946,,33.6,32.4,18.41,17.0724,29.516
Laser,Aluminum,Al,Aluminum,Al,60.6,Nickel-plated,2549.47,10.4381,,182.3,2346.9,69.195,131.438,101.6,71.0,12.85,36.8444,4878.012
Laser,Copper,Cu,Aluminum,Al,146.0,Bare,1657.73,9.9965,,946.38,909.9,62.307,189.441,56.1,50.9,22.16,26.6058,1594.185
Laser,StainlessSteel,SS304,Nickel,Ni,202.3,Bare,1757.07,2.2751,,999.03,1733.0,11.723,58.348,57.7,34.0,19.92,149.8816,1919.056
Laser,Copper,Cu,Aluminum,Al,202.6,Bare,2447.69,4.5305,,407.26,2198.8,12.447,47.628,103.5,59.3,19.68,196.643,3418.899
Laser,Copper,Cu,Aluminum,Al,88.8,Oxide,1898.06,1.3112,,530.48,2768.4,26.322,180.425,117.0,15.3,23.88,72.108,3414.789
Laser,Copper,Cu,Copper,Cu,124.0,Bare,2776.6,1.7611,,986.77,2225.2,80.678,208.998,28.8,41.6,7.91,34.4157,4034.666
Laser,Copper,Cu,StainlessSteel,SS304,123.2,Nickel-plated,1556.85,7.8163,,941.74,2724.1,81.688,168.253,106.7,17.2,21.12,19.0585,3977.651
Laser,Copper,Cu,StainlessSteel,SS304,241.0,Bare,1114.02,,,607.15,2590.0,15.624,,88.8,76.5,15.14,71.3029,1731.226
Laser,Aluminum,Al,Aluminum,Al,106.3,Nickel-plated,1093.92,7.6703,,790.07,2890.5,66.776,40.312,-8.1,58.1,5.27,16.3819,2254.66
Laser,Aluminum,Al,Aluminum,Al,246.5,Tin-plated,370.9,11.3966,,279.14,1187.0,53.16,135.887,30.2,19.4,5.62,6.9771,999.45
Laser,Copper,Cu,Aluminum,Al,107.3,Bare,1142.52,7.7647,,425.58,2231.4,116.492,108.371,58.1,14.6,22.77,9.8077,2280.734
Laser,Copper,Cu,Aluminum,Al,195.7,Bare,1078.12,7.7998,,907.34,140.4,11.768,107.641,95.5,33.1,13.96,91.6115,137.949
Laser,StainlessSteel,SS304,Nickel,Ni,198.0,Bare,2960.04,4.4703,,886.88,68.9,101.484,198.26,23.3,64.2,8.64,29.1675,146.728
Laser,Aluminum,Al,Aluminum,Al,212.7,Bare,2295.98,,,345.71,1666.3,83.872,,16.4,10.2,15.23,27.3748,2295.538
Laser,Copper,Cu,Aluminum,Al,139.0,Nickel-plated,942.88,10.5176,,560.54,2337.3,12.579,239.692,15.7,45.6,23.14,74.9545,3679.183
Laser,Copper,Cu,Copper,Cu,149.4,Nickel-plated,2343.41,9.1561,,713.08,629.8,89.385,268.507,8.7,17.8,6.65,26.2172,1504.929
Laser,Copper,Cu,Aluminum,Al,107.4,Bare,893.62,1.7348,,568.91,1695.3,72.284,107.27,4.7,31.7,7.2,12.3626,1035.149
Laser,Copper,Cu,StainlessSteel,SS304,91.7,Bare,1310.58,11.8225,,293.37,991.2,85.396,61.976,14.2,28.3,22.71,15.3472,1069.934
Laser,Copper,Cu,Copper,Cu,223.5,Nickel-plated,1105.16,3.6439,,758.73,953.4,42.992,270.998,22.4,23.1,19.11,25.706,1008.759
Laser,Copper,Cu,Aluminum,Al,151.1,Bare,1346.41,0.6292,,688.78,1219.7,103.861,17.855,44.2,17.4,12.24,12.9635,990.836
Laser,Copper,Cu,Aluminum,Al,121.3,Carbon-coated,2678.03,2.6387,,967.54,587.1,31.941,89.334,52.5,54.9,13.44,83.8439,998.653
Laser,Copper,Cu,Copper,Cu,67.9,Bare,1171.08,,,392.35,619.7,89.62,,22.6,16.3,20.9,13.0671,435.396
Laser,Copper,Cu,Aluminum,Al,55.8,Tin-plated,1678.49,,,695.52,2764.1,21.928,,4.4,39.8,5.66,76.5459,2783.707
Laser,Nickel,Ni,Copper,Cu,59.6,Nickel-plated,599.03,5.8979,,661.02,618.5,15.284,297.867,12.5,26.9,15.19,39.1922,656.955
Laser,Nickel,Ni,Copper,Cu,175.2,Bare,2598.03,11.0144,,655.56,1804.9,40.622,91.814,-8.5,45.9,4.31,63.9559,3543.624
Laser,Aluminum,Al,Aluminum,Al,216.8,Nickel-plated,1335.5,6.3896,,985.73,477.9,13.559,189.287,79.5,13.3,24.01,98.497,614.113
Laser,Copper,Cu,Copper,Cu,166.8,Bare,1902.15,3.9298,,464.73,1288.2,102.174,51.33,13.3,38.4,23.84,18.6168,1574.118
Laser,Aluminum,Al,Aluminum,Al,223.8,Carbon-coated,606.01,8.1082,,166.98,2169.7,62.333,93.704,-5.1,61.5,6.14,9.7222,1448.332
Laser,Copper,Cu,Aluminum,Al,126.2,Bare,2489.89,,,837.7,813.3,38.886,,-7.5,23.7,23.18,64.0309,1215.015
Laser,Nickel,Ni,Copper,Cu,210.1,Nickel-plated,1767.44,9.5109,,294.09,139.8,72.568,179.257,33.7,61.7,13.53,24.3556,243.587
Laser,Nickel,Ni,Copper,Cu,197.6,Carbon-coated,1547.04,7.2969,,950.59,1436.3,22.954,194.694,63.0,70.8,24.55,67.397,2149.463
Laser,Nickel,Ni,Copper,Cu,87.7,Oxide,442.17,,,484.15,1430.9,107.221,,-2.7,25.8,20.16,4.1239,379.613
Laser,Aluminum,Al,Aluminum,Al,245.5,Nickel-plated,317.31,3.2356,,564.46,897.0,56.11,174.881,99.7,35.2,4.03,5.655,373.783
Laser,Copper,Cu,Copper,Cu,228.4,Nickel-plated,2967.66,,,717.61,2092.5,64.89,,-6.8,50.6,17.96,45.7336,3725.933
Laser,Nickel,Ni,Copper,Cu,114.4,Bare,2891.25,6.7473,,645.16,732.7,87.104,24.484,-1.4,27.9,12.24,33.1931,1319.502
Laser,Copper,Cu,Copper,Cu,198.9,Nickel-plated,1950.99,6.0782,,913.82,1945.8,19.256,69.405,52.0,54.0,24.32,101.3176,2606.08
Laser,Copper,Cu,Copper,Cu,196.2,Nickel-plated,2367.03,,,942.16,1929.9,7.102,,78.8,16.2,10.1,333.2891,2740.921
Laser,Copper,Cu,Aluminum,Al,137.8,Carbon-coated,1803.21,,,685.52,220.0,94.809,,61.3,30.6,24.6,19.0195,238.044
Laser,Copper,Cu,Aluminum,Al,149.0,Carbon-coated,2597.53,11.6798,,426.62,1886.9,15.399,25.961,37.2,41.1,16.15,168.6862,3169.688
Laser,Nickel,Ni,Copper,Cu,208.9,Anodized,2501.36,2.0086,,596.01,636.3,81.961,182.818,66.7,17.5,13.96,30.519,1048.435
Laser,Copper,Cu,Copper,Cu,176.8,Tin-plated,1967.91,,,430.58,136.5,77.679,,38.6,19.0,21.23,25.3338,161.229
Laser,Copper,Cu,Copper,Cu,189.1,Oxide,1371.79,,,899.3,387.5,52.121,,4.2,60.4,18.46,26.3194,318.959
Laser,StainlessSteel,SS304,Nickel,Ni,175.6,Oxide,326.03,6.0543,,624.69,2492.5,71.535,250.86,23.1,23.9,19.33,4.5577,2001.835
Laser,Copper,Cu,Copper,Cu,79.5,Oxide,1920.15,,,465.3,1718.7,59.706,,10.5,11.3,11.07,32.1598,1980.065
Laser,Copper,Cu,Copper,Cu,119.8,Bare,277.89,5.0183,,559.07,1918.3,14.252,282.031,66.5,63.2,23.18,19.4988,1405.865
Laser,Nickel,Ni,Copper,Cu,46.7,Bare,2567.94,6.0138,,633.59,226.6,79.587,267.083,118.4,31.6,18.44,32.2657,494.822
Laser,Nickel,Ni,Copper,Cu,204.5,Bare,537.07,2.4208,,908.04,2466.8,64.347,132.993,79.9,29.5,23.17,8.3464,1112.606
RSW,Aluminum,Al,Aluminum,Al,196.3,Anodized,2763.25,,,1415.01,236.9,,,95.6,26.0,12.01,,410.393
RSW,Nickel,Ni,Copper,Cu,158.2,Tin-plated,4435.44,,,791.07,315.7,,,11.4,61.9,23.11,,981.23
RSW,Copper,Cu,Copper,Cu,43.0,Nickel-plated,4441.1,,,1346.24,324.1,,,25.1,43.2,18.48,,1006.746
RSW,Copper,Cu,Aluminum,Al,71.2,Nickel-plated,3633.56,,,2323.62,471.4,,,6.1,52.0,15.12,,1117.633
RSW,Nickel,Ni,Copper,Cu,124.4,Bare,3117.53,,,954.43,373.4,,,100.8,62.9,21.05,,758.317
RSW,StainlessSteel,SS304,Nickel,Ni,96.8,Oxide,7965.9,,,1988.6,453.0,,,118.9,50.6,9.43,,2206.145
RSW,Copper,Cu,Copper,Cu,106.4,Bare,7169.03,,,1630.21,387.0,,,68.2,21.6,7.59,,1841.882
RSW,Copper,Cu,Copper,Cu,247.8,Nickel-plated,7250.31,,,2258.76,287.4,,,-5.4,13.8,14.77,,1428.429
RSW,Copper,Cu,Copper,Cu,200.4,Bare,4548.72,,,1418.61,327.4,,,93.8,75.0,6.7,,1006.353
RSW,StainlessSteel,SS304,Nickel,Ni,237.1,Anodized,4909.77,,,1483.64,210.1,,,119.5,20.6,24.35,,718.564
RSW,StainlessSteel,SS304,Nickel,Ni,51.6,Tin-plated,2471.09,,,2032.29,401.8,,,68.7,45.4,4.49,,700.019
RSW,Copper,Cu,Copper,Cu,202.6,Tin-plated,2441.36,,,1428.32,418.5,,,-1.3,30.4,5.33,,695.028
RSW,StainlessSteel,SS304,Nickel,Ni,189.0,Bare,2857.93,,,1651.33,414.6,,,69.2,57.5,13.73,,692.948
RSW,Nickel,Ni,Copper,Cu,210.1,Oxide,4819.5,,,1511.27,444.1,,,62.6,38.7,19.21,,1527.852
RSW,Nickel,Ni,Copper,Cu,95.9,Nickel-plated,4862.36,,,951.94,64.5,,,5.3,45.6,9.59,,212.56
RSW,Aluminum,Al,Aluminum,Al,231.4,Oxide,7538.29,,,1647.8,241.1,,,26.9,73.5,8.24,,1194.409
RSW,Aluminum,Al,Aluminum,Al,33.7,Nickel-plated,4441.54,,,2470.55,298.7,,,-4.9,32.0,6.82,,887.924
RSW,Aluminum,Al,Aluminum,Al,122.9,Nickel-plated,2775.99,,,1670.17,450.7,,,-2.3,41.1,16.84,,885.849
RSW,Copper,Cu,Copper,Cu,172.1,Nickel-plated,2157.69,,,2076.43,359.5,,,51.1,36.0,12.75,,529.675
RSW,StainlessSteel,SS304,Nickel,Ni,128.9,Tin-plated,5709.59,,,2308.74,68.8,,,90.3,31.5,15.67,,239.729
RSW,Copper,Cu,StainlessSteel,SS304,37.4,Oxide,3293.81,,,758.92,442.6,,,47.7,37.5,22.23,,872.132
RSW,Aluminum,Al,Aluminum,Al,173.0,Carbon-coated,2354.06,,,463.65,260.7,,,-9.2,39.4,23.88,,378.573
RSW,Aluminum,Al,Aluminum,Al,42.8,Tin-plated,5362.16,,,2335.77,425.9,,,9.4,58.7,18.95,,1521.07
RSW,Nickel,Ni,Copper,Cu,215.3,Bare,1544.44,,,740.53,180.0,,,-6.0,21.6,21.6,,159.263
RSW,Copper,Cu,Copper,Cu,66.8,Oxide,5529.41,,,2051.36,255.5,,,7.5,42.4,22.68,,979.879
RSW,Aluminum,Al,Aluminum,Al,201.4,Carbon-coated,2135.91,,,1391.75,456.1,,,31.4,59.8,6.36,,633.177
RSW,StainlessSteel,SS304,Nickel,Ni,221.5,Bare,1050.27,,,2037.52,199.3,,,27.7,30.9,23.3,,132.125
RSW,StainlessSteel,SS304,Nickel,Ni,156.7,Nickel-plated,2749.96,,,1933.94,409.7,,,17.5,22.0,6.21,,667.74
RSW,StainlessSteel,SS304,Nickel,Ni,237.4,Carbon-coated,2236.68,,,2471.11,281.4,,,112.7,66.7,20.43,,407.396
RSW,StainlessSteel,SS304,Nickel,Ni,183.1,Bare,7624.66,,,2025.97,408.3,,,58.3,12.8,21.92,,2023.985
RSW,StainlessSteel,SS304,Nickel,Ni,50.6,Nickel-plated,6918.78,,,2486.33,130.1,,,-4.4,34.2,22.05,,533.25
RSW,Copper,Cu,Copper,Cu,118.5,Bare,4839.88,,,429.05,402.6,,,26.9,17.7,20.95,,1228.069
RSW,StainlessSteel,SS304,Nickel,Ni,222.1,Tin-plated,6208.85,,,438.61,115.2,,,94.6,39.9,22.11,,405.928
RSW,StainlessSteel,SS304,Nickel,Ni,205.5,Oxide,4225.96,,,985.16,438.5,,,105.4,31.6,8.96,,1115.545
RSW,StainlessSteel,SS304,Nickel,Ni,155.5,Nickel-plated,2168.55,,,2453.38,303.2,,,19.5,55.3,18.76,,401.692
RSW,Copper,Cu,Aluminum,Al,50.1,Nickel-plated,6649.94,,,533.25,404.4,,,81.8,49.3,9.61,,1615.431
RSW,StainlessSteel,SS304,Nickel,Ni,43.4,Bare,3401.78,,,1479.9,304.7,,,38.7,70.4,20.77,,649.967
RSW,StainlessSteel,SS304,Nickel,Ni,136.9,Tin-plated,6678.5,,,540.02,416.0,,,97.9,61.0,18.05,,1776.026
RSW,Copper,Cu,Copper,Cu,209.3,Oxide,4502.82,,,2128.88,187.6,,,35.1,15.5,12.72,,573.487
RSW,Copper,Cu,Copper,Cu,184.7,Bare,3591.14,,,1427.77,260.1,,,94.5,66.7,8.62,,610.73
RSW,Nickel,Ni,Copper,Cu,91.7,Bare,5498.66,,,492.34,187.5,,,96.6,79.1,14.91,,691.699
RSW,Nickel,Ni,Copper,Cu,72.9,Nickel-plated,4154.47,,,1106.54,476.7,,,70.3,58.0,7.53,,1276.697
RSW,Copper,Cu,Aluminum,Al,129.9,Nickel-plated,6205.44,,,2086.46,422.4,,,83.1,51.5,10.32,,1770.419
RSW,Nickel,Ni,Copper,Cu,173.4,Carbon-coated,3649.94,,,1305.35,292.4,,,92.1,52.6,16.5,,626.198
RSW,Nickel,Ni,Copper,Cu,102.1,Bare,1894.33,,,1552.45,187.7,,,55.9,71.6,4.87,,248.459
RSW,Nickel,Ni,Copper,Cu,188.0,Oxide,6483.11,,,731.2,383.9,,,108.8,67.9,4.36,,1682.73
RSW,Copper,Cu,Copper,Cu,151.5,Nickel-plated,3982.51,,,1467.28,267.2,,,21.5,51.8,16.43,,759.062
RSW,StainlessSteel,SS304,Nickel,Ni,228.5,Anodized,2280.11,,,2270.16,86.8,,,103.0,57.9,21.06,,114.229
RSW,Copper,Cu,StainlessSteel,SS304,230.4,Nickel-plated,6312.12,,,1208.62,451.8,,,75.5,38.1,5.16,,1733.252
RSW,Copper,Cu,Copper,Cu,113.8,Nickel-plated,5538.45,,,1874.33,56.3,,,87.7,56.3,10.35,,199.067
RSW,StainlessSteel,SS304,Nickel,Ni,220.1,Bare,7218.84,,,1678.75,439.4,,,113.7,24.6,12.61,,1845.48
RSW,StainlessSteel,SS304,Nickel,Ni,212.8,Bare,6319.67,,,2452.99,411.5,,,-5.7,11.4,12.99,,1594.071
RSW,StainlessSteel,SS304,Nickel,Ni,249.3,Anodized,6166.24,,,1655.44,495.0,,,8.3,31.6,19.29,,2000.073
RSW,Copper,Cu,StainlessSteel,SS304,171.2,Bare,7646.25,,,2406.43,99.3,,,34.0,44.6,5.3,,466.728
RSW,Copper,Cu,Aluminum,Al,108.6,Oxide,5720.84,,,2149.32,481.1,,,107.7,41.0,12.68,,1645.739
RSW,StainlessSteel,SS304,Nickel,Ni,239.9,Carbon-coated,7753.53,,,1363.84,368.4,,,-6.8,73.8,18.85,,1734.376
RSW,Copper,Cu,StainlessSteel,SS304,238.3,Nickel-plated,4760.87,,,1549.33,140.7,,,112.4,18.7,21.62,,444.189
RSW,Aluminum,Al,Aluminum,Al,108.7,Tin-plated,4576.61,,,2006.95,366.2,,,104.6,26.4,21.4,,1137.838
RSW,Nickel,Ni,Copper,Cu,92.6,Nickel-plated,1489.91,,,443.84,164.6,,,-7.0,51.0,22.42,,137.604
RSW,Nickel,Ni,Copper,Cu,51.7,Tin-plated,7178.13,,,1032.52,237.1,,,5.2,37.2,20.05,,971.528
RSW,Nickel,Ni,Copper,Cu,113.1,Anodized,5950.37,,,1668.38,431.3,,,117.3,71.0,7.89,,1643.997
RSW,StainlessSteel,SS304,Nickel,Ni,148.6,Bare,5503.54,,,1475.6,440.3,,,114.0,21.1,24.0,,1390.932
RSW,Nickel,Ni,Copper,Cu,209.2,Tin-plated,6583.76,,,462.05,275.2,,,67.1,14.4,20.85,,1268.609
RSW,StainlessSteel,SS304,Nickel,Ni,136.6,Nickel-plated,1018.86,,,2280.45,185.3,,,44.0,36.5,17.86,,134.823
RSW,Copper,Cu,Copper,Cu,227.2,Bare,3019.85,,,2419.07,490.6,,,87.4,36.6,11.51,,927.939
RSW,Nickel,Ni,Copper,Cu,199.1,Nickel-plated,6517.72,,,1554.37,454.5,,,115.0,78.6,23.83,,1863.655
RSW,Copper,Cu,Aluminum,Al,132.8,Bare,1833.98,,,2107.87,55.3,,,96.1,13.6,20.92,,59.894
RSW,StainlessSteel,SS304,Nickel,Ni,177.5,Bare,7126.8,,,1358.53,144.9,,,82.2,39.7,15.88,,618.748
RSW,Nickel,Ni,Copper,Cu,108.4,Tin-plated,1379.81,,,1485.05,55.5,,,103.8,15.1,22.12,,51.383
RSW,Copper,Cu,Copper,Cu,195.1,Anodized,5786.99,,,1851.86,180.3,,,109.4,45.3,11.92,,631.707
RSW,Nickel,Ni,Copper,Cu,203.6,Oxide,4990.52,,,1705.78,342.3,,,15.6,13.1,6.7,,1041.261
RSW,StainlessSteel,SS304,Nickel,Ni,153.2,Anodized,2122.28,,,1327.12,83.1,,,20.3,23.9,9.29,,120.757
RSW,Copper,Cu,StainlessSteel,SS304,170.9,Oxide,6761.98,,,2311.12,194.9,,,82.5,31.9,14.09,,952.301
RSW,Copper,Cu,Copper,Cu,128.5,Anodized,4394.43,,,623.45,144.2,,,77.4,40.3,12.61,,420.993
RSW,Aluminum,Al,Aluminum,Al,101.9,Nickel-plated,5802.68,,,2140.44,318.2,,,63.1,28.4,11.16,,1299.478
RSW,Aluminum,Al,Aluminum,Al,158.6,Tin-plated,4038.92,,,2345.65,486.7,,,20.2,39.6,12.51,,1409.369
RSW,Aluminum,Al,Aluminum,Al,210.2,Bare,3356.25,,,690.58,299.3,,,68.9,54.2,4.86,,594.364
RSW,Copper,Cu,StainlessSteel,SS304,188.9,Bare,7253.76,,,1000.15,84.0,,,13.4,33.3,15.78,,418.938
RSW,Nickel,Ni,Copper,Cu,99.0,Bare,7528.44,,,675.98,236.9,,,97.3,34.2,14.82,,1155.018
RSW,Copper,Cu,Aluminum,Al,90.4,Oxide,3705.97,,,404.34,117.6,,,56.4,26.1,23.43,,242.514
RSW,StainlessSteel,SS304,Nickel,Ni,113.6,Tin-plated,1534.21,,,724.08,277.6,,,8.4,32.2,18.31,,260.591
RSW,Copper,Cu,Copper,Cu,95.7,Nickel-plated,7187.29,,,1462.82,410.0,,,27.1,12.6,23.24,,1933.477
RSW,StainlessSteel,SS304,Nickel,Ni,225.8,Nickel-plated,2779.2,,,1847.98,381.8,,,-9.2,63.7,23.47,,766.361
RSW,Copper,Cu,Copper,Cu,36.0,Bare,3196.23,,,624.08,53.8,,,109.4,40.9,8.51,,106.144
RSW,Copper,Cu,Copper,Cu,172.0,Bare,3323.81,,,1505.2,210.3,,,3.7,38.3,18.37,,453.448
RSW,Nickel,Ni,Copper,Cu,240.3,Nickel-plated,3249.06,,,853.04,95.9,,,12.3,45.8,8.37,,185.177
RSW,Copper,Cu,StainlessSteel,SS304,224.4,Nickel-plated,2349.64,,,627.57,454.2,,,64.9,22.5,8.88,,720.799
RSW,Nickel,Ni,Copper,Cu,79.3,Nickel-plated,2550.9,,,373.65,66.5,,,112.3,28.4,10.11,,101.647
RSW,Copper,Cu,Copper,Cu,126.0,Bare,2539.22,,,1541.81,80.4,,,28.2,65.5,6.29,,145.515
RSW,Copper,Cu,StainlessSteel,SS304,134.1,Nickel-plated,1598.4,,,1294.66,324.3,,,97.2,58.6,13.93,,339.388
RSW,Copper,Cu,Aluminum,Al,184.7,Nickel-plated,2674.97,,,764.49,240.5,,,1.2,67.8,8.22,,391.334
RSW,Copper,Cu,StainlessSteel,SS304,45.3,Bare,1972.11,,,1835.41,119.3,,,93.8,64.0,6.75,,138.587
RSW,StainlessSteel,SS304,Nickel,Ni,239.2,Bare,2205.09,,,400.92,205.0,,,2.9,44.3,5.83,,298.467
RSW,StainlessSteel,SS304,Nickel,Ni,89.6,Nickel-plated,2729.95,,,1849.65,101.8,,,48.9,55.5,16.53,,182.6
RSW,StainlessSteel,SS304,Nickel,Ni,60.4,Bare,2778.51,,,1931.73,223.8,,,37.1,12.4,12.33,,415.916
RSW,Copper,Cu,StainlessSteel,SS304,32.4,Nickel-plated,7632.44,,,2067.19,81.1,,,108.5,71.4,16.82,,402.414
RSW,Copper,Cu,StainlessSteel,SS304,184.7,Carbon-coated,2067.42,,,1480.81,129.4,,,-9.6,64.1,12.67,,182.729
RSW,Copper,Cu,Copper,Cu,71.9,Bare,2860.2,,,1822.55,119.2,,,56.2,32.4,10.64,,197.275
RSW,StainlessSteel,SS304,Nickel,Ni,186.6,Bare,2874.11,,,2092.93,188.5,,,28.4,78.5,20.26,,394.409
RSW,Aluminum,Al,Aluminum,Al,198.9,Oxide,6973.06,,,2385.73,421.6,,,50.9,41.4,22.95,,1734.383
RSW,Nickel,Ni,Copper,Cu,200.2,Tin-plated,5648.74,,,788.43,437.6,,,119.4,64.2,22.15,,1388.166
RSW,StainlessSteel,SS304,Nickel,Ni,130.8,Bare,7457.17,,,2487.22,346.5,,,34.6,78.4,4.95,,1627.68
RSW,Copper,Cu,StainlessSteel,SS304,170.9,Anodized,2328.02,,,1127.01,71.8,,,31.3,35.6,8.98,,119.015
RSW,StainlessSteel,SS304,Nickel,Ni,184.4,Tin-plated,7737.15,,,1918.24,490.2,,,85.0,71.2,17.23,,2301.36
RSW,Nickel,Ni,Copper,Cu,196.9,Bare,5847.87,,,509.23,111.5,,,76.2,62.6,22.61,,361.512
RSW,StainlessSteel,SS304,Nickel,Ni,78.1,Tin-plated,3304.6,,,443.01,396.5,,,103.6,78.3,22.17,,848.876
RSW,StainlessSteel,SS304,Nickel,Ni,189.4,Bare,2032.51,,,2244.84,461.1,,,96.6,34.7,21.61,,602.106
RSW,Aluminum,Al,Aluminum,Al,71.7,Tin-plated,4855.67,,,1279.89,126.8,,,115.0,79.4,24.85,,353.163
RSW,Nickel,Ni,Copper,Cu,202.1,Bare,1065.52,,,354.62,173.0,,,54.3,23.1,15.49,,107.531
RSW,Copper,Cu,Copper,Cu,140.0,Tin-plated,6904.71,,,1400.57,272.1,,,110.9,67.4,20.82,,1198.917
RSW,Nickel,Ni,Copper,Cu,180.3,Bare,6549.2,,,879.53,157.8,,,24.1,41.4,23.32,,705.458
RSW,Copper,Cu,StainlessSteel,SS304,63.1,Tin-plated,3151.37,,,1526.31,301.5,,,8.9,48.7,16.0,,646.578
RSW,Copper,Cu,Copper,Cu,151.3,Nickel-plated,5419.57,,,2366.63,355.4,,,40.3,35.8,22.48,,1283.987
RSW,Copper,Cu,StainlessSteel,SS304,206.1,Tin-plated,1652.89,,,1228.18,148.9,,,111.7,10.2,21.16,,167.152
RSW,Copper,Cu,Copper,Cu,70.4,Oxide,6618.49,,,908.45,393.2,,,17.7,17.6,19.63,,1603.981
RSW,Copper,Cu,Copper,Cu,114.3,Tin-plated,5886.15,,,324.76,348.9,,,101.9,71.8,11.01,,1282.506
RSW,Copper,Cu,Copper,Cu,228.7,Tin-plated,1783.06,,,1957.37,257.2,,,85.4,15.6,16.22,,277.797
RSW,Aluminum,Al,Aluminum,Al,198.9,Bare,1523.23,,,1524.87,359.8,,,97.2,66.4,17.12,,323.793
RSW,Copper,Cu,Copper,Cu,235.6,Bare,3459.94,,,1661.17,87.1,,,72.8,25.6,22.43,,194.642
RSW,StainlessSteel,SS304,Nickel,Ni,60.9,Tin-plated,6181.97,,,1925.38,348.0,,,34.3,10.8,10.91,,1415.007
RSW,Copper,Cu,Copper,Cu,99.4,Bare,4653.96,,,548.55,318.0,,,1.1,36.6,22.88,,1007.355
RSW,StainlessSteel,SS304,Nickel,Ni,91.3,Tin-plated,3115.29,,,1409.79,489.3,,,5.3,36.0,4.63,,1079.195
RSW,Nickel,Ni,Copper,Cu,64.1,Oxide,2008.53,,,860.91,57.0,,,76.3,70.5,19.3,,77.622
RSW,Nickel,Ni,Copper,Cu,89.2,Nickel-plated,3069.46,,,1006.16,123.9,,,7.1,69.0,24.54,,258.344
RSW,Nickel,Ni,Copper,Cu,95.6,Nickel-plated,1977.74,,,1622.79,411.5,,,42.8,68.4,19.53,,552.425
RSW,Aluminum,Al,Aluminum,Al,75.5,Bare,1974.6,,,1211.35,153.7,,,81.2,12.4,5.21,,210.398
RSW,StainlessSteel,SS304,Nickel,Ni,192.5,Anodized,3141.84,,,1681.32,458.7,,,89.5,43.6,23.74,,930.988
RSW,StainlessSteel,SS304,Nickel,Ni,174.8,Oxide,3544.73,,,1976.55,309.0,,,115.2,36.0,10.76,,686.859
RSW,StainlessSteel,SS304,Nickel,Ni,246.9,Nickel-plated,7614.34,,,1761.72,329.7,,,11.2,49.8,20.18,,1442.69
RSW,Copper,Cu,StainlessSteel,SS304,232.3,Nickel-plated,6856.78,,,1587.53,137.8,,,22.7,60.8,5.7,,611.191
RSW,Aluminum,Al,Aluminum,Al,149.8,Tin-plated,3227.68,,,2197.08,229.3,,,-3.4,37.0,4.03,,440.981
RSW,Nickel,Ni,Copper,Cu,80.3,Carbon-coated,3696.59,,,1911.67,168.0,,,5.7,43.9,9.91,,422.828
RSW,StainlessSteel,SS304,Nickel,Ni,110.0,Nickel-plated,7609.15,,,965.3,409.1,,,97.5,31.6,5.4,,1845.886
RSW,Copper,Cu,Aluminum,Al,193.1,Bare,1775.69,,,415.56,422.7,,,25.9,79.3,19.15,,526.176
RSW,StainlessSteel,SS304,Nickel,Ni,54.9,Bare,1617.44,,,2401.58,279.5,,,73.8,20.7,5.08,,326.498
RSW,StainlessSteel,SS304,Nickel,Ni,30.1,Tin-plated,5352.57,,,2390.03,64.0,,,28.0,55.9,10.58,,203.145
RSW,Copper,Cu,Copper,Cu,60.7,Oxide,1281.4,,,1875.83,474.4,,,11.3,16.0,6.85,,358.519
RSW,Copper,Cu,Aluminum,Al,234.4,Bare,1767.99,,,2204.38,456.7,,,65.5,72.2,7.83,,561.7
RSW,Nickel,Ni,Copper,Cu,245.5,Oxide,7445.88,,,385.57,53.9,,,57.0,76.5,7.08,,265.522
RSW,Aluminum,Al,Aluminum,Al,176.1,Nickel-plated,7149.99,,,766.35,386.3,,,114.1,17.9,17.51,,1741.313
RSW,Copper,Cu,Copper,Cu,160.0,Nickel-plated,5895.89,,,1767.85,311.0,,,28.9,45.4,7.25,,1062.31
RSW,Copper,Cu,Aluminum,Al,176.7,Bare,5392.11,,,705.29,243.7,,,85.1,38.7,12.25,,861.835
RSW,StainlessSteel,SS304,Nickel,Ni,140.8,Tin-plated,3675.01,,,1835.65,117.3,,,7.6,77.6,20.27,,270.045
RSW,StainlessSteel,SS304,Nickel,Ni,225.4,Carbon-coated,3403.55,,,2023.42,183.4,,,31.4,37.6,12.95,,406.338
RSW,Nickel,Ni,Copper,Cu,88.4,Bare,2379.28,,,738.48,444.4,,,-6.0,34.2,24.72,,615.773
RSW,Copper,Cu,Aluminum,Al,205.9,Bare,4153.13,,,2339.24,199.4,,,50.8,55.9,8.0,,512.899
RSW,Copper,Cu,StainlessSteel,SS304,234.8,Bare,7957.9,,,2408.29,382.6,,,108.2,16.5,8.7,,2007.848
RSW,Nickel,Ni,Copper,Cu,33.4,Bare,7532.62,,,2175.28,246.3,,,87.1,52.7,7.15,,1260.815
RSW,StainlessSteel,SS304,Nickel,Ni,167.5,Nickel-plated,4766.23,,,1804.88,115.9,,,44.1,23.6,6.78,,398.85
RSW,Nickel,Ni,Copper,Cu,62.9,Bare,2178.71,,,1361.82,322.2,,,80.5,16.7,19.58,,450.671
RSW,StainlessSteel,SS304,Nickel,Ni,47.0,Bare,7115.35,,,1512.64,57.6,,,42.6,54.2,23.4,,242.298
RSW,Nickel,Ni,Copper,Cu,76.6,Bare,3644.1,,,2063.62,105.3,,,116.5,77.5,9.17,,249.354
RSW,Nickel,Ni,Copper,Cu,207.0,Tin-plated,6575.41,,,1429.01,134.6,,,0.7,49.6,17.03,,499.598
RSW,StainlessSteel,SS304,Nickel,Ni,58.8,Oxide,7522.84,,,1584.35,75.4,,,7.3,57.4,16.29,,358.781
RSW,StainlessSteel,SS304,Nickel,Ni,212.5,Bare,2338.35,,,1600.79,421.6,,,15.6,54.4,11.85,,707.898
RSW,StainlessSteel,SS304,Nickel,Ni,198.8,Bare,7965.14,,,1632.95,153.7,,,5.3,68.6,9.7,,709.503
RSW,Aluminum,Al,Aluminum,Al,218.2,Bare,3665.33,,,1637.44,207.2,,,14.6,78.9,16.43,,472.701
RSW,StainlessSteel,SS304,Nickel,Ni,151.0,Carbon-coated,7379.8,,,1386.44,156.2,,,-0.2,75.1,15.64,,671.467
RSW,Nickel,Ni,Copper,Cu,88.5,Tin-plated,4155.75,,,1562.49,482.0,,,19.0,73.1,18.66,,1149.807
RSW,Copper,Cu,Aluminum,Al,91.4,Tin-plated,6623.28,,,1242.8,379.8,,,80.1,77.7,16.92,,1684.847
RSW,Aluminum,Al,Aluminum,Al,87.0,Bare,1581.08,,,1699.24,479.0,,,88.3,69.9,8.6,,487.569
RSW,Copper,Cu,StainlessSteel,SS304,218.0,Oxide,4601.11,,,1741.15,419.0,,,2.8,67.9,13.61,,1311.922
RSW,StainlessSteel,SS304,Nickel,Ni,104.9,Bare,1551.23,,,676.46,144.0,,,113.8,63.7,17.15,,153.313
RSW,Copper,Cu,Aluminum,Al,100.1,Nickel-plated,4849.62,,,762.91,116.2,,,20.0,39.5,14.3,,331.531
RSW,Nickel,Ni,Copper,Cu,106.7,Bare,6531.42,,,2207.58,428.5,,,-0.8,33.6,22.97,,2016.896
RSW,Copper,Cu,Aluminum,Al,37.7,Tin-plated,7867.25,,,392.41,267.8,,,76.1,15.6,15.43,,1409.336
RSW,Nickel,Ni,Copper,Cu,191.3,Nickel-plated,4533.9,,,318.18,282.7,,,56.1,17.1,15.72,,812.573
RSW,Copper,Cu,StainlessSteel,SS304,168.7,Bare,2548.95,,,2264.32,154.2,,,18.7,48.3,19.63,,227.177
RSW,Nickel,Ni,Copper,Cu,118.1,Bare,5072.23,,,303.91,109.5,,,54.1,49.4,7.54,,366.02
RSW,StainlessSteel,SS304,Nickel,Ni,94.3,Oxide,5249.16,,,1705.1,100.9,,,22.4,30.1,16.72,,313.303
RSW,Copper,Cu,Aluminum,Al,170.2,Tin-plated,6713.38,,,895.32,435.7,,,47.5,61.2,14.6,,1631.559
RSW,StainlessSteel,SS304,Nickel,Ni,85.6,Bare,5846.45,,,1752.76,77.0,,,0.5,52.3,10.94,,289.834
RSW,StainlessSteel,SS304,Nickel,Ni,217.7,Nickel-plated,4707.27,,,374.88,195.4,,,118.0,65.3,15.9,,513.089
RSW,Copper,Cu,StainlessSteel,SS304,227.7,Tin-plated,1194.54,,,1059.42,97.3,,,18.5,16.9,13.02,,77.207
RSW,Copper,Cu,Copper,Cu,197.3,Anodized,2174.02,,,841.44,216.6,,,112.9,23.8,18.33,,277.22
RSW,Copper,Cu,Copper,Cu,57.6,Nickel-plated,6777.72,,,703.76,305.4,,,59.2,52.5,12.06,,1232.958
RSW,Aluminum,Al,Aluminum,Al,94.8,Nickel-plated,4730.84,,,859.49,248.1,,,41.8,45.5,17.74,,693.442
RSW,StainlessSteel,SS304,Nickel,Ni,48.4,Nickel-plated,7680.64,,,2352.27,114.0,,,63.8,55.4,24.39,,528.658
RSW,StainlessSteel,SS304,Nickel,Ni,213.7,Bare,4720.99,,,2112.37,481.8,,,0.3,67.8,6.53,,1354.109
RSW,Aluminum,Al,Aluminum,Al,233.8,Anodized,1228.86,,,2381.48,400.3,,,4.5,29.5,8.4,,287.748
RSW,Copper,Cu,Aluminum,Al,211.2,Oxide,4099.77,,,1864.67,253.6,,,99.6,29.3,7.07,,692.293
RSW,Nickel,Ni,Copper,Cu,234.2,Bare,1989.52,,,1470.94,107.8,,,56.5,29.2,24.26,,126.719
RSW,StainlessSteel,SS304,Nickel,Ni,141.8,Carbon-coated,7895.94,,,1329.86,361.1,,,24.6,12.7,6.65,,1812.336
RSW,Copper,Cu,Copper,Cu,243.5,Bare,6774.42,,,486.98,128.0,,,83.9,59.8,11.49,,539.613
RSW,Aluminum,Al,Aluminum,Al,103.1,Bare,6413.08,,,1942.45,260.8,,,79.5,10.9,23.33,,1191.879
RSW,Nickel,Ni,Copper,Cu,197.7,Nickel-plated,2952.45,,,2122.12,89.3,,,6.1,63.4,23.53,,187.066
RSW,StainlessSteel,SS304,Nickel,Ni,71.1,Nickel-plated,6993.53,,,1901.0,433.1,,,71.3,68.8,17.85,,2186.66
RSW,StainlessSteel,SS304,Nickel,Ni,205.7,Bare,7182.87,,,2307.81,433.6,,,24.6,54.0,18.22,,1830.318
RSW,Copper,Cu,Aluminum,Al,179.5,Nickel-plated,6661.97,,,530.21,372.9,,,15.0,39.2,24.97,,1526.402
RSW,Nickel,Ni,Copper,Cu,191.9,Bare,4950.89,,,1220.28,150.2,,,102.0,20.2,7.19,,451.447
RSW,Aluminum,Al,Aluminum,Al,153.6,Anodized,7813.52,,,1235.23,495.4,,,73.9,43.5,21.78,,2447.517
RSW,Copper,Cu,Aluminum,Al,233.8,Bare,3573.02,,,2479.34,218.0,,,-7.0,77.4,19.31,,525.055
RSW,Copper,Cu,Copper,Cu,80.8,Bare,1418.33,,,1262.98,276.2,,,9.7,75.5,15.49,,279.843
RSW,Nickel,Ni,Copper,Cu,91.0,Bare,7309.67,,,642.95,300.7,,,32.3,26.1,6.51,,1524.895
RSW,StainlessSteel,SS304,Nickel,Ni,102.1,Carbon-coated,7907.84,,,413.74,309.6,,,107.2,25.3,17.33,,1610.499
RSW,Copper,Cu,Aluminum,Al,112.1,Nickel-plated,3115.66,,,825.14,381.5,,,26.6,35.0,16.73,,669.497
RSW,Nickel,Ni,Copper,Cu,92.1,Bare,1161.4,,,538.82,83.5,,,23.3,11.0,13.53,,64.704
RSW,StainlessSteel,SS304,Nickel,Ni,41.9,Bare,3696.33,,,2331.77,244.0,,,63.6,61.2,23.52,,520.979
RSW,StainlessSteel,SS304,Nickel,Ni,92.4,Tin-plated,6884.15,,,2188.19,306.5,,,102.7,26.0,12.02,,1292.963
RSW,Nickel,Ni,Copper,Cu,136.5,Bare,3319.88,,,1878.41,196.4,,,119.6,33.0,15.29,,399.894
RSW,StainlessSteel,SS304,Nickel,Ni,158.8,Tin-plated,6145.46,,,2335.24,442.5,,,56.3,79.3,8.56,,1684.93
RSW,Nickel,Ni,Copper,Cu,209.3,Bare,5899.13,,,1203.15,95.8,,,101.7,73.6,7.44,,397.694
RSW,Copper,Cu,Copper,Cu,34.8,Bare,5968.35,,,2400.06,490.5,,,4.5,71.6,12.29,,2140.411
RSW,Nickel,Ni,Copper,Cu,247.8,Bare,2600.63,,,952.93,279.5,,,88.9,41.5,13.08,,417.528
RSW,Aluminum,Al,Aluminum,Al,56.9,Tin-plated,1603.27,,,988.59,290.3,,,92.3,16.1,22.45,,288.473
RSW,StainlessSteel,SS304,Nickel,Ni,228.4,Bare,5293.25,,,1438.36,193.7,,,20.2,58.2,24.68,,712.862
RSW,StainlessSteel,SS304,Nickel,Ni,205.6,Nickel-plated,4540.16,,,2092.45,378.3,,,-3.9,38.4,7.14,,1074.782
RSW,StainlessSteel,SS304,Nickel,Ni,133.7,Carbon-coated,2861.75,,,1262.73,318.1,,,102.8,48.1,7.8,,581.045
RSW,Aluminum,Al,Aluminum,Al,104.0,Bare,1632.44,,,2110.98,425.4,,,53.9,33.6,23.77,,493.144
RSW,Copper,Cu,Copper,Cu,155.1,Carbon-coated,3646.13,,,2324.21,400.3,,,68.7,58.8,21.95,,998.429
RSW,Copper,Cu,StainlessSteel,SS304,39.3,Tin-plated,3555.74,,,2012.81,488.1,,,96.1,76.5,22.2,,1211.592
RSW,StainlessSteel,SS304,Nickel,Ni,184.9,Oxide,1788.54,,,322.76,53.1,,,25.8,54.2,18.92,,60.995
RSW,StainlessSteel,SS304,Nickel,Ni,180.3,Bare,3152.05,,,513.71,272.1,,,73.8,36.3,16.97,,550.477
RSW,Aluminum,Al,Aluminum,Al,112.3,Anodized,5276.65,,,456.61,288.5,,,39.7,77.8,22.01,,1015.795
RSW,Nickel,Ni,Copper,Cu,185.3,Oxide,6526.67,,,1024.42,175.9,,,24.8,61.7,7.89,,814.306
RSW,Copper,Cu,Copper,Cu,138.8,Nickel-plated,7638.99,,,1472.72,268.5,,,28.3,53.9,5.26,,1388.901
RSW,Nickel,Ni,Copper,Cu,158.4,Oxide,6848.13,,,2272.87,264.3,,,48.9,63.3,11.56,,1199.064
RSW,Copper,Cu,Copper,Cu,223.5,Tin-plated,7831.17,,,408.16,284.2,,,79.2,17.3,7.49,,1412.693
RSW,Copper,Cu,Aluminum,Al,197.5,Carbon-coated,3175.99,,,2082.55,70.8,,,88.1,40.9,4.79,,147.226
RSW,Copper,Cu,StainlessSteel,SS304,176.2,Nickel-plated,1121.69,,,631.14,363.3,,,64.4,55.2,8.01,,248.179
RSW,StainlessSteel,SS304,Nickel,Ni,61.4,Bare,7740.09,,,2013.49,317.4,,,105.6,71.5,4.97,,1658.418
RSW,Copper,Cu,Copper,Cu,209.1,Nickel-plated,6736.48,,,1059.07,371.6,,,67.7,62.1,9.86,,1471.742
RSW,Aluminum,Al,Aluminum,Al,183.8,Bare,4103.89,,,1586.67,242.1,,,-8.9,79.5,20.3,,667.993
RSW,Copper,Cu,StainlessSteel,SS304,184.5,Bare,1552.82,,,2061.96,331.8,,,102.4,19.1,22.26,,370.444
RSW,Aluminum,Al,Aluminum,Al,153.1,Bare,6598.9,,,1910.68,414.0,,,60.6,59.8,9.6,,1950.058
RSW,Nickel,Ni,Copper,Cu,136.4,Bare,1234.64,,,733.74,202.8,,,13.9,72.2,8.29,,165.331
RSW,Nickel,Ni,Copper,Cu,72.1,Nickel-plated,2728.22,,,1945.92,438.6,,,75.5,75.0,23.54,,760.901
RSW,Aluminum,Al,Aluminum,Al,134.0,Oxide,3794.03,,,794.76,361.0,,,-4.9,31.7,16.17,,903.219
RSW,Nickel,Ni,Copper,Cu,41.2,Bare,4519.95,,,2234.31,346.5,,,67.5,43.7,4.4,,1024.045
RSW,Nickel,Ni,Copper,Cu,98.3,Bare,3362.79,,,2225.74,456.4,,,80.2,60.7,12.75,,898.746
RSW,Nickel,Ni,Copper,Cu,61.5,Carbon-coated,1839.39,,,619.58,219.0,,,5.7,45.7,24.25,,227.389
RSW,Aluminum,Al,Aluminum,Al,213.1,Bare,5200.28,,,1637.44,481.8,,,90.6,48.1,20.04,,1778.537
RSW,StainlessSteel,SS304,Nickel,Ni,36.7,Bare,1203.78,,,1309.17,252.0,,,51.6,53.5,12.67,,188.942
RSW,Copper,Cu,StainlessSteel,SS304,115.3,Bare,2229.58,,,310.54,172.2,,,-2.2,22.3,20.92,,240.636
RSW,StainlessSteel,SS304,Nickel,Ni,42.3,Nickel-plated,2522.38,,,1403.97,393.8,,,0.4,61.1,7.12,,589.57
RSW,Nickel,Ni,Copper,Cu,169.0,Tin-plated,5854.14,,,2258.52,366.3,,,3.5,45.8,15.65,,1337.232
RSW,Copper,Cu,StainlessSteel,SS304,236.6,Tin-plated,5951.41,,,1191.49,427.1,,,70.8,43.5,9.43,,1635.793
RSW,Nickel,Ni,Copper,Cu,243.0,Nickel-plated,3311.65,,,2422.18,432.1,,,26.5,15.0,21.37,,957.034
RSW,Nickel,Ni,Copper,Cu,86.2,Tin-plated,7906.71,,,1682.86,433.9,,,-1.7,71.6,9.78,,2457.373
RSW,Copper,Cu,Aluminum,Al,120.1,Nickel-plated,6366.75,,,907.22,442.5,,,105.0,15.8,14.25,,1604.365
RSW,Nickel,Ni,Copper,Cu,99.0,Nickel-plated,4747.11,,,2163.25,98.6,,,81.8,50.9,20.15,,278.204
RSW,Copper,Cu,Copper,Cu,152.2,Nickel-plated,4761.61,,,1673.05,274.8,,,75.4,76.6,15.31,,902.72
RSW,Nickel,Ni,Copper,Cu,66.6,Anodized,2018.26,,,1697.52,485.2,,,63.0,26.6,7.78,,576.667
RSW,Copper,Cu,Copper,Cu,211.6,Bare,5970.53,,,2438.1,304.8,,,9.5,28.8,6.56,,1085.37
RSW,Copper,Cu,Copper,Cu,162.0,Nickel-plated,3143.6,,,1607.09,254.7,,,119.6,40.7,4.9,,515.018
RSW,Nickel,Ni,Copper,Cu,228.5,Oxide,7735.45,,,1298.52,424.7,,,-8.4,43.6,16.14,,2075.751
RSW,StainlessSteel,SS304,Nickel,Ni,134.3,Tin-plated,3846.63,,,1325.55,480.1,,,24.4,29.5,24.79,,1231.27
RSW,Copper,Cu,Copper,Cu,186.8,Carbon-coated,6523.72,,,709.77,379.1,,,81.4,57.2,16.96,,1591.831
RSW,Copper,Cu,Aluminum,Al,39.0,Bare,3995.39,,,553.14,424.0,,,59.4,67.7,23.22,,1105.43
RSW,StainlessSteel,SS304,Nickel,Ni,176.2,Oxide,5416.31,,,2248.38,431.6,,,32.4,46.2,4.74,,1561.615
RSW,Copper,Cu,Copper,Cu,245.1,Bare,4445.33,,,580.94,234.0,,,77.8,53.4,22.6,,638.03
RSW,Copper,Cu,Copper,Cu,127.4,Bare,4339.44,,,1576.22,92.3,,,79.0,62.5,23.58,,243.447
RSW,StainlessSteel,SS304,Nickel,Ni,211.6,Carbon-coated,5790.75,,,1243.08,179.9,,,57.1,78.2,5.96,,647.331
RSW,Copper,Cu,StainlessSteel,SS304,74.9,Carbon-coated,2198.89,,,1159.54,112.0,,,-4.8,17.6,14.39,,143.58
RSW,Nickel,Ni,Copper,Cu,198.2,Oxide,7276.15,,,1826.61,113.2,,,28.4,26.3,18.4,,574.719
RSW,Copper,Cu,Copper,Cu,43.6,Tin-plated,5365.39,,,1826.85,218.6,,,77.9,45.8,13.65,,774.059
RSW,StainlessSteel,SS304,Nickel,Ni,147.9,Nickel-plated,4249.75,,,1501.86,485.9,,,35.0,63.1,10.24,,1269.366
RSW,Nickel,Ni,Copper,Cu,173.8,Bare,2962.28,,,746.57,205.8,,,59.4,49.5,21.28,,357.917
RSW,Copper,Cu,Aluminum,Al,221.3,Bare,1406.04,,,1886.74,206.1,,,12.0,30.5,19.01,,197.415
RSW,Copper,Cu,Aluminum,Al,239.0,Bare,2721.33,,,973.4,236.2,,,26.6,22.0,9.79,,448.097
RSW,Copper,Cu,Aluminum,Al,99.9,Nickel-plated,6017.55,,,1086.09,389.8,,,68.4,24.9,12.66,,1660.186
RSW,Copper,Cu,Copper,Cu,156.7,Tin-plated,2825.81,,,1352.84,431.7,,,5.9,44.5,20.97,,761.009
RSW,StainlessSteel,SS304,Nickel,Ni,128.8,Anodized,1674.48,,,305.6,135.6,,,50.8,10.3,9.58,,137.44
RSW,Copper,Cu,Copper,Cu,47.5,Oxide,4335.63,,,1538.46,493.7,,,15.3,12.2,19.09,,1260.032
RSW,Copper,Cu,Copper,Cu,236.9,Bare,2435.75,,,1629.48,93.3,,,81.0,17.7,6.86,,159.373
RSW,Copper,Cu,StainlessSteel,SS304,45.6,Bare,7651.15,,,779.33,244.3,,,10.8,78.3,8.54,,1050.657
RSW,Copper,Cu,StainlessSteel,SS304,139.5,Oxide,3089.3,,,404.34,383.3,,,14.8,39.4,14.12,,661.381
RSW,StainlessSteel,SS304,Nickel,Ni,211.4,Bare,7930.07,,,2452.97,255.2,,,109.2,57.8,17.52,,1466.86
RSW,StainlessSteel,SS304,Nickel,Ni,59.2,Tin-plated,5399.97,,,2140.32,367.8,,,23.3,52.0,13.39,,1350.05
RSW,Copper,Cu,Copper,Cu,201.3,Bare,3618.14,,,979.64,282.8,,,38.7,66.8,10.28,,687.657
RSW,Copper,Cu,Copper,Cu,97.0,Bare,3763.39,,,1233.9,178.1,,,119.1,75.9,9.02,,388.019
RSW,Copper,Cu,StainlessSteel,SS304,107.7,Oxide,3482.25,,,841.92,417.7,,,26.5,52.8,13.74,,903.468
RSW,Aluminum,Al,Aluminum,Al,31.2,Bare,2242.89,,,743.46,495.2,,,79.0,32.0,16.33,,740.851
RSW,Copper,Cu,Copper,Cu,80.1,Tin-plated,3913.56,,,2452.01,151.6,,,89.2,18.6,23.41,,409.2
RSW,StainlessSteel,SS304,Nickel,Ni,82.5,Oxide,3299.11,,,380.61,385.7,,,108.4,34.0,8.05,,865.836
RSW,Copper,Cu,Copper,Cu,204.6,Tin-plated,6129.28,,,700.03,440.6,,,31.5,70.2,20.09,,1871.847
RSW,Nickel,Ni,Copper,Cu,44.9,Tin-plated,7298.11,,,506.67,99.4,,,51.0,64.0,16.85,,413.098
RSW,StainlessSteel,SS304,Nickel,Ni,163.3,Tin-plated,5530.02,,,1403.1,271.4,,,115.2,65.4,5.29,,910.717
RSW,StainlessSteel,SS304,Nickel,Ni,186.0,Nickel-plated,6227.2,,,2150.15,312.6,,,105.8,36.9,24.51,,1385.023
RSW,StainlessSteel,SS304,Nickel,Ni,197.4,Bare,6541.79,,,2310.44,331.9,,,58.1,22.7,10.98,,1395.472
RSW,Nickel,Ni,Copper,Cu,75.7,Nickel-plated,3265.1,,,2327.59,429.5,,,113.2,68.3,16.33,,822.74
RSW,Copper,Cu,Aluminum,Al,211.3,Nickel-plated,7156.98,,,981.96,114.3,,,13.0,78.0,17.49,,545.883
RSW,Copper,Cu,Copper,Cu,90.1,Bare,1643.08,,,1721.93,89.5,,,1.8,14.3,17.84,,100.515
RSW,Nickel,Ni,Copper,Cu,39.1,Oxide,5382.71,,,2415.6,339.6,,,65.5,46.6,11.31,,1136.565
RSW,Nickel,Ni,Copper,Cu,71.4,Tin-plated,3164.37,,,2261.99,117.0,,,101.7,66.1,14.49,,247.855
RSW,StainlessSteel,SS304,Nickel,Ni,153.4,Bare,2893.68,,,1196.05,140.7,,,30.4,63.4,15.85,,257.26
RSW,StainlessSteel,SS304,Nickel,Ni,249.6,Tin-plated,5239.76,,,1916.61,123.1,,,46.2,63.4,19.5,,394.986
RSW,StainlessSteel,SS304,Nickel,Ni,127.0,Nickel-plated,4174.36,,,999.81,351.6,,,37.7,36.4,16.72,,1002.286
RSW,Nickel,Ni,Copper,Cu,45.2,Bare,1281.66,,,1934.23,298.3,,,4.1,57.3,4.8,,253.058
RSW,Nickel,Ni,Copper,Cu,86.2,Bare,5482.4,,,2409.23,163.0,,,101.2,27.8,19.89,,608.052
RSW,Copper,Cu,Copper,Cu,109.5,Bare,2379.13,,,335.68,137.8,,,40.3,23.5,12.07,,205.552
RSW,Copper,Cu,Copper,Cu,220.5,Bare,2206.06,,,1634.77,341.6,,,44.5,68.4,5.96,,510.141
RSW,Copper,Cu,Aluminum,Al,241.0,Bare,7718.84,,,2208.9,428.4,,,-0.7,43.5,6.36,,2080.529
RSW,StainlessSteel,SS304,Nickel,Ni,151.8,Nickel-plated,5316.49,,,2484.32,209.3,,,77.6,23.9,11.34,,673.993
RSW,Copper,Cu,Copper,Cu,151.7,Anodized,5468.48,,,2211.61,384.8,,,116.2,56.6,7.53,,1356.754
RSW,Copper,Cu,Aluminum,Al,125.0,Nickel-plated,7042.58,,,433.93,191.6,,,9.3,32.1,13.48,,907.454
RSW,Copper,Cu,Copper,Cu,45.3,Carbon-coated,6050.64,,,1267.31,148.4,,,115.1,14.5,15.37,,615.199
RSW,Copper,Cu,Copper,Cu,51.9,Bare,4654.73,,,1616.49,285.0,,,14.4,31.4,16.95,,796.502
RSW,Nickel,Ni,Copper,Cu,73.2,Bare,1997.37,,,1797.79,458.2,,,23.3,45.8,19.51,,537.606
RSW,Copper,Cu,StainlessSteel,SS304,104.4,Tin-plated,6610.39,,,1332.44,118.6,,,21.0,21.0,23.62,,538.079
RSW,StainlessSteel,SS304,Nickel,Ni,86.7,Bare,2384.95,,,2128.67,441.6,,,119.2,28.8,11.12,,707.389
RSW,Nickel,Ni,Copper,Cu,146.3,Bare,2258.45,,,1024.01,119.0,,,33.9,65.7,13.83,,173.845
RSW,Copper,Cu,Copper,Cu,184.5,Nickel-plated,2393.98,,,2138.72,406.9,,,19.9,76.5,7.4,,579.567
RSW,Nickel,Ni,Copper,Cu,221.1,Oxide,2064.54,,,407.18,277.4,,,76.6,46.3,8.53,,377.108
RSW,Copper,Cu,Aluminum,Al,93.1,Anodized,4601.44,,,1307.02,248.5,,,38.8,37.7,5.14,,757.637
RSW,Nickel,Ni,Copper,Cu,96.6,Tin-plated,1380.53,,,2107.62,125.4,,,93.1,48.8,5.29,,106.22
RSW,Nickel,Ni,Copper,Cu,194.8,Bare,6560.33,,,1656.89,495.5,,,100.4,13.7,17.95,,2204.703
RSW,Copper,Cu,Copper,Cu,106.4,Tin-plated,5493.91,,,818.49,476.7,,,39.6,25.8,20.49,,1834.601
RSW,StainlessSteel,SS304,Nickel,Ni,244.0,Bare,2320.71,,,1128.69,400.9,,,48.6,19.0,8.29,,581.503
RSW,StainlessSteel,SS304,Nickel,Ni,114.2,Tin-plated,2544.34,,,522.91,255.8,,,67.1,11.9,4.3,,392.29
RSW,Nickel,Ni,Copper,Cu,220.8,Nickel-plated,2242.79,,,2388.82,233.6,,,31.7,33.1,24.18,,312.657
RSW,Copper,Cu,Aluminum,Al,122.0,Tin-plated,2353.61,,,802.45,88.2,,,113.9,46.9,13.97,,118.873
RSW,Copper,Cu,Aluminum,Al,241.1,Carbon-coated,2266.78,,,2165.13,497.5,,,81.6,63.1,24.92,,787.05
RSW,Nickel,Ni,Copper,Cu,144.1,Nickel-plated,6798.83,,,1398.73,261.6,,,57.5,75.5,15.04,,1022.72
RSW,StainlessSteel,SS304,Nickel,Ni,239.3,Tin-plated,1074.29,,,2336.04,332.3,,,-4.2,51.0,19.88,,261.066
RSW,StainlessSteel,SS304,Nickel,Ni,124.6,Oxide,4939.53,,,1830.28,455.8,,,1.2,52.3,15.63,,1628.687
RSW,StainlessSteel,SS304,Nickel,Ni,50.2,Carbon-coated,7619.68,,,1250.38,407.6,,,9.6,11.9,8.94,,2196.892
RSW,StainlessSteel,SS304,Nickel,Ni,137.7,Nickel-plated,4152.25,,,1806.3,337.8,,,111.3,26.1,20.3,,932.251
RSW,Nickel,Ni,Copper,Cu,165.6,Bare,2993.41,,,1437.53,280.7,,,35.1,46.4,10.81,,541.483
RSW,StainlessSteel,SS304,Nickel,Ni,134.7,Oxide,4762.24,,,1329.34,440.9,,,19.7,23.0,8.83,,1490.989
RSW,Copper,Cu,Aluminum,Al,77.5,Anodized,7483.22,,,539.71,307.6,,,88.6,20.3,16.89,,1418.969
RSW,Aluminum,Al,Aluminum,Al,71.0,Bare,2667.45,,,1101.16,242.8,,,55.2,60.0,22.09,,412.233
RSW,Nickel,Ni,Copper,Cu,132.4,Bare,2066.71,,,1994.36,281.0,,,39.0,52.5,15.8,,367.699
RSW,StainlessSteel,SS304,Nickel,Ni,34.3,Bare,7283.67,,,795.78,286.0,,,77.5,50.7,19.58,,1162.885
RSW,Copper,Cu,StainlessSteel,SS304,169.1,Bare,2394.53,,,673.32,250.6,,,63.2,72.7,19.72,,408.268
RSW,Copper,Cu,Copper,Cu,204.9,Tin-plated,2407.2,,,2059.33,121.6,,,64.9,59.2,4.98,,170.698
RSW,Nickel,Ni,Copper,Cu,216.8,Bare,6563.18,,,1469.62,417.1,,,69.0,57.2,18.67,,1958.215
RSW,Nickel,Ni,Copper,Cu,110.5,Oxide,2632.98,,,1626.69,422.4,,,40.1,50.0,24.52,,654.032
RSW,Copper,Cu,StainlessSteel,SS304,173.8,Bare,2046.51,,,1494.1,308.8,,,14.6,63.9,23.85,,425.233
RSW,StainlessSteel,SS304,Nickel,Ni,57.7,Carbon-coated,3374.79,,,1862.09,178.3,,,11.2,30.3,24.25,,394.092
RSW,StainlessSteel,SS304,Nickel,Ni,195.9,Bare,5996.87,,,770.94,137.7,,,93.2,63.7,16.46,,565.545
RSW,Nickel,Ni,Copper,Cu,84.1,Nickel-plated,3932.83,,,1698.83,119.6,,,72.8,43.5,14.07,,281.833
RSW,StainlessSteel,SS304,Nickel,Ni,91.1,Bare,3965.09,,,2047.99,119.2,,,67.7,36.5,5.27,,341.045
RSW,Nickel,Ni,Copper,Cu,122.6,Bare,4908.91,,,740.4,397.3,,,89.1,43.2,23.87,,1360.207
RSW,Nickel,Ni,Copper,Cu,39.6,Oxide,2138.69,,,1205.98,294.8,,,94.8,31.5,13.27,,443.999
RSW,Nickel,Ni,Copper,Cu,174.0,Tin-plated,7963.87,,,2483.23,192.0,,,44.4,20.2,14.2,,900.229
RSW,Aluminum,Al,Aluminum,Al,238.6,Bare,5898.63,,,495.18,202.8,,,53.8,78.5,6.47,,751.453
RSW,Copper,Cu,Copper,Cu,223.9,Nickel-plated,7012.38,,,1298.94,426.2,,,-1.3,37.6,17.97,,2085.716
RSW,StainlessSteel,SS304,Nickel,Ni,39.4,Tin-plated,5311.81,,,1892.95,208.0,,,91.6,52.9,22.0,,687.462
RSW,Nickel,Ni,Copper,Cu,62.8,Nickel-plated,3327.89,,,2043.65,474.7,,,110.4,48.6,10.11,,1100.612
RSW,Copper,Cu,StainlessSteel,SS304,97.5,Bare,3565.48,,,899.95,434.7,,,11.2,75.9,10.05,,1067.381
RSW,StainlessSteel,SS304,Nickel,Ni,110.9,Bare,7345.93,,,633.71,486.5,,,34.6,64.6,16.02,,2218.305
RSW,Copper,Cu,Copper,Cu,60.4,Nickel-plated,4075.1,,,772.11,51.5,,,44.7,36.7,24.39,,127.161
RSW,Copper,Cu,StainlessSteel,SS304,196.3,Anodized,4340.05,,,2466.99,405.0,,,18.6,38.8,16.25,,1148.269
RSW,StainlessSteel,SS304,Nickel,Ni,234.9,Anodized,4835.84,,,746.94,391.0,,,105.9,62.0,13.02,,1242.654
RSW,Copper,Cu,Copper,Cu,136.8,Tin-plated,6942.74,,,1939.16,425.8,,,65.6,40.0,13.19,,2096.777
RSW,Copper,Cu,Copper,Cu,187.8,Bare,5804.13,,,2066.96,399.5,,,-6.2,63.0,24.76,,1478.689
RSW,Copper,Cu,Aluminum,Al,153.2,Nickel-plated,2436.19,,,2129.71,246.0,,,50.9,44.3,16.06,,385.954
RSW,StainlessSteel,SS304,Nickel,Ni,35.2,Bare,1783.54,,,819.03,70.4,,,12.6,54.0,21.98,,70.793
RSW,Copper,Cu,Aluminum,Al,47.1,Oxide,7419.94,,,2165.33,188.7,,,102.3,32.1,6.84,,1018.801
RSW,Nickel,Ni,Copper,Cu,96.7,Bare,3124.41,,,417.34,230.0,,,50.8,71.4,7.16,,459.733
RSW,StainlessSteel,SS304,Nickel,Ni,43.6,Bare,1409.0,,,1176.62,305.7,,,-7.4,55.2,8.24,,253.042
RSW,Copper,Cu,Copper,Cu,104.0,Bare,2014.86,,,303.04,434.6,,,65.3,33.1,21.34,,551.634
RSW,Copper,Cu,Copper,Cu,184.6,Anodized,6635.44,,,2390.07,51.9,,,38.2,52.1,21.28,,200.497
RSW,Copper,Cu,Copper,Cu,95.8,Oxide,1610.12,,,1120.03,177.0,,,49.4,61.3,4.92,,199.178
RSW,Aluminum,Al,Aluminum,Al,45.2,Bare,6284.34,,,1751.73,134.0,,,55.9,71.2,19.67,,539.258
RSW,Copper,Cu,Aluminum,Al,90.8,Nickel-plated,1260.07,,,2493.12,207.5,,,107.7,55.1,15.89,,169.195
RSW,Nickel,Ni,Copper,Cu,102.4,Bare,5381.03,,,1444.81,235.0,,,12.6,33.8,13.77,,804.771
RSW,Aluminum,Al,Aluminum,Al,216.4,Tin-plated,4865.63,,,1838.31,288.7,,,12.6,78.3,15.77,,970.061
RSW,Copper,Cu,StainlessSteel,SS304,139.5,Nickel-plated,7347.3,,,1054.64,470.3,,,97.6,42.2,14.32,,2246.162
RSW,StainlessSteel,SS304,Nickel,Ni,80.6,Nickel-plated,6005.52,,,1598.49,415.6,,,73.3,47.7,14.45,,1630.227
RSW,Nickel,Ni,Copper,Cu,40.2,Tin-plated,7113.02,,,2486.23,435.9,,,4.1,30.1,21.12,,2185.641
RSW,StainlessSteel,SS304,Nickel,Ni,161.3,Bare,1815.56,,,1436.09,152.2,,,21.9,39.1,4.41,,173.962
RSW,Nickel,Ni,Copper,Cu,86.5,Tin-plated,6830.85,,,833.8,187.8,,,98.5,71.2,6.57,,846.77
RSW,Nickel,Ni,Copper,Cu,100.3,Nickel-plated,4117.9,,,2022.41,237.5,,,76.8,68.6,12.28,,594.956
RSW,Nickel,Ni,Copper,Cu,186.9,Oxide,7625.88,,,2212.31,298.0,,,26.8,32.4,23.34,,1550.004
RSW,Copper,Cu,StainlessSteel,SS304,203.5,Bare,5945.07,,,2202.82,331.5,,,25.0,26.6,5.1,,1145.254
RSW,Nickel,Ni,Copper,Cu,180.3,Nickel-plated,5329.92,,,943.6,405.6,,,111.7,15.7,4.79,,1325.987
RSW,Nickel,Ni,Copper,Cu,48.8,Carbon-coated,7834.84,,,981.4,155.0,,,60.4,73.0,11.78,,733.719
RSW,Aluminum,Al,Aluminum,Al,159.4,Bare,1719.71,,,1437.44,485.6,,,83.5,32.9,9.8,,559.984
RSW,Copper,Cu,StainlessSteel,SS304,205.8,Nickel-plated,3003.39,,,2238.37,55.8,,,114.3,73.7,22.84,,109.559
RSW,Copper,Cu,StainlessSteel,SS304,149.7,Bare,3051.07,,,2046.2,135.3,,,7.8,68.0,14.8,,250.481
RSW,Copper,Cu,StainlessSteel,SS304,98.9,Tin-plated,1588.1,,,2397.97,174.2,,,71.1,55.1,17.54,,198.241
RSW,StainlessSteel,SS304,Nickel,Ni,195.5,Bare,1032.88,,,1342.61,178.1,,,112.6,71.2,19.96,,123.287
RSW,StainlessSteel,SS304,Nickel,Ni,37.7,Tin-plated,6281.35,,,2172.79,358.9,,,-0.8,78.0,6.27,,1554.528
RSW,StainlessSteel,SS304,Nickel,Ni,106.6,Tin-plated,7121.92,,,1856.95,345.3,,,103.2,13.3,9.9,,1649.267
RSW,StainlessSteel,SS304,Nickel,Ni,178.9,Bare,5298.82,,,1938.83,413.9,,,75.2,76.4,19.64,,1264.169
RSW,Nickel,Ni,Copper,Cu,234.7,Bare,2127.88,,,1612.68,336.0,,,2.3,69.7,5.4,,468.75
RSW,Copper,Cu,StainlessSteel,SS304,177.7,Nickel-plated,3548.99,,,2292.22,316.5,,,37.2,27.5,15.35,,794.467
RSW,Nickel,Ni,Copper,Cu,183.5,Bare,4852.11,,,1194.77,404.1,,,38.4,73.9,6.79,,1310.324
RSW,StainlessSteel,SS304,Nickel,Ni,165.6,Bare,7623.4,,,966.77,87.8,,,-8.2,12.7,11.71,,395.48
RSW,Nickel,Ni,Copper,Cu,115.4,Bare,6052.67,,,976.37,64.9,,,3.9,26.1,18.57,,244.873
RSW,Nickel,Ni,Copper,Cu,146.0,Nickel-plated,1718.23,,,1237.19,124.0,,,14.3,55.4,16.56,,150.081
RSW,Nickel,Ni,Copper,Cu,209.2,Bare,7848.53,,,1311.01,467.3,,,79.5,26.5,12.87,,2274.224
RSW,StainlessSteel,SS304,Nickel,Ni,60.0,Nickel-plated,5200.71,,,1246.25,453.1,,,-5.7,67.3,5.41,,1515.945
RSW,Nickel,Ni,Copper,Cu,215.4,Bare,3072.69,,,2003.47,71.3,,,49.5,76.6,8.06,,154.03
RSW,Copper,Cu,Copper,Cu,219.4,Nickel-plated,3630.84,,,723.31,234.3,,,27.3,10.9,11.89,,583.24
RSW,Nickel,Ni,Copper,Cu,215.4,Carbon-coated,4543.68,,,2061.62,244.3,,,112.8,77.7,11.27,,722.55
RSW,Nickel,Ni,Copper,Cu,127.6,Oxide,2277.42,,,1029.14,320.8,,,115.8,43.8,9.91,,463.337
RSW,Copper,Cu,Copper,Cu,43.0,Oxide,3648.33,,,608.05,109.1,,,92.3,19.2,11.02,,243.871
RSW,Copper,Cu,StainlessSteel,SS304,76.4,Bare,6733.38,,,2057.83,494.0,,,114.3,23.3,24.86,,2119.295
RSW,StainlessSteel,SS304,Nickel,Ni,201.7,Carbon-coated,4466.03,,,2436.25,452.9,,,112.6,59.5,6.9,,1410.667
RSW,Copper,Cu,Aluminum,Al,83.4,Bare,7909.88,,,2064.9,458.3,,,12.6,59.6,8.01,,2569.142
RSW,Copper,Cu,Aluminum,Al,168.6,Tin-plated,2382.82,,,531.49,448.9,,,7.9,14.3,22.09,,639.643
RSW,Copper,Cu,Copper,Cu,124.6,Bare,4187.11,,,528.07,469.6,,,40.7,31.6,16.66,,1154.353
RSW,Aluminum,Al,Aluminum,Al,225.6,Bare,2180.0,,,1996.9,192.2,,,38.4,56.2,23.5,,276.996
RSW,Nickel,Ni,Copper,Cu,79.9,Tin-plated,1691.9,,,2393.88,180.4,,,15.2,14.4,8.23,,191.07
RSW,StainlessSteel,SS304,Nickel,Ni,172.3,Bare,3608.48,,,1356.3,151.3,,,107.9,44.6,7.94,,308.705
RSW,Copper,Cu,Copper,Cu,96.7,Oxide,1354.41,,,1359.95,321.8,,,115.6,36.7,7.51,,302.464
RSW,Copper,Cu,Copper,Cu,243.7,Oxide,3566.05,,,419.04,427.0,,,52.0,35.5,12.49,,953.817
RSW,Copper,Cu,Aluminum,Al,120.4,Bare,2584.95,,,1487.7,345.8,,,101.5,64.6,9.42,,542.421
RSW,Copper,Cu,Copper,Cu,196.6,Tin-plated,6805.84,,,1590.9,109.4,,,1.3,50.8,16.63,,428.318
RSW,Copper,Cu,StainlessSteel,SS304,70.2,Oxide,6567.52,,,2247.89,98.6,,,3.8,15.4,23.17,,427.119
RSW,Copper,Cu,StainlessSteel,SS304,41.0,Tin-plated,4044.07,,,485.63,93.4,,,-8.1,49.4,22.44,,215.04
RSW,StainlessSteel,SS304,Nickel,Ni,86.0,Tin-plated,2658.93,,,524.86,220.9,,,92.9,42.0,21.81,,336.541
RSW,Nickel,Ni,Copper,Cu,55.5,Nickel-plated,2439.97,,,1969.85,67.0,,,95.8,39.9,12.25,,94.367
RSW,StainlessSteel,SS304,Nickel,Ni,63.4,Bare,1044.96,,,2061.7,223.7,,,116.3,55.3,20.56,,144.767
RSW,StainlessSteel,SS304,Nickel,Ni,158.0,Tin-plated,1610.88,,,1261.16,428.2,,,112.7,35.1,23.54,,446.061
RSW,Nickel,Ni,Copper,Cu,182.5,Nickel-plated,7579.98,,,578.3,127.1,,,84.7,49.9,17.09,,537.266
RSW,Nickel,Ni,Copper,Cu,77.9,Anodized,2401.49,,,2481.48,202.2,,,81.6,58.0,21.16,,316.356
RSW,StainlessSteel,SS304,Nickel,Ni,36.9,Carbon-coated,6801.06,,,638.13,252.4,,,35.9,28.0,10.87,,1181.798
RSW,StainlessSteel,SS304,Nickel,Ni,205.1,Carbon-coated,1782.44,,,1218.86,115.0,,,27.4,77.6,13.45,,134.006
RSW,Aluminum,Al,Aluminum,Al,206.1,Oxide,3130.33,,,2402.78,82.4,,,105.4,45.2,22.68,,188.952
RSW,Aluminum,Al,Aluminum,Al,225.2,Bare,6898.56,,,1134.47,205.9,,,112.5,51.4,12.0,,873.18
RSW,StainlessSteel,SS304,Nickel,Ni,142.2,Oxide,1286.21,,,755.3,330.6,,,25.7,49.6,4.25,,253.042
RSW,StainlessSteel,SS304,Nickel,Ni,31.8,Oxide,7069.33,,,863.5,123.4,,,118.2,67.0,23.59,,614.003
RSW,Nickel,Ni,Copper,Cu,76.4,Carbon-coated,2926.47,,,2439.24,258.4,,,118.3,74.7,4.09,,537.168
RSW,Nickel,Ni,Copper,Cu,31.5,Bare,4254.1,,,937.94,333.3,,,93.1,69.9,18.04,,801.303
RSW,Copper,Cu,Copper,Cu,112.5,Nickel-plated,6664.89,,,964.73,227.4,,,54.1,58.7,7.42,,948.739
RSW,Copper,Cu,Copper,Cu,53.9,Bare,7926.18,,,1363.17,132.8,,,107.9,19.4,16.45,,697.725
RSW,Nickel,Ni,Copper,Cu,64.5,Bare,7673.17,,,2329.6,358.0,,,56.6,42.5,16.75,,1803.541
RSW,StainlessSteel,SS304,Nickel,Ni,108.6,Bare,7943.6,,,2451.97,64.4,,,119.8,40.4,14.84,,317.986
RSW,Copper,Cu,Copper,Cu,85.7,Carbon-coated,1053.11,,,1673.12,145.1,,,79.5,24.5,23.3,,94.894
RSW,StainlessSteel,SS304,Nickel,Ni,70.2,Nickel-plated,3696.34,,,2498.31,478.1,,,54.8,52.3,21.82,,1234.367
RSW,StainlessSteel,SS304,Nickel,Ni,110.9,Tin-plated,7375.03,,,2297.61,433.7,,,25.3,31.8,12.82,,2141.235
RSW,StainlessSteel,SS304,Nickel,Ni,233.6,Nickel-plated,2393.37,,,1121.79,432.8,,,52.4,78.0,24.7,,704.45
RSW,Aluminum,Al,Aluminum,Al,177.0,Carbon-coated,3161.25,,,1985.85,120.3,,,116.6,22.2,11.37,,219.951
RSW,Copper,Cu,Copper,Cu,187.2,Tin-plated,2082.38,,,1543.16,70.8,,,10.0,25.9,10.79,,84.581
RSW,StainlessSteel,SS304,Nickel,Ni,115.9,Carbon-coated,5406.02,,,1860.53,106.1,,,42.1,66.2,22.07,,363.007
RSW,Aluminum,Al,Aluminum,Al,192.4,Nickel-plated,4149.11,,,1674.27,260.7,,,72.4,40.7,11.17,,767.197
RSW,StainlessSteel,SS304,Nickel,Ni,195.1,Carbon-coated,4138.78,,,1996.33,446.7,,,90.6,65.7,4.4,,1124.86
RSW,Copper,Cu,Copper,Cu,59.6,Bare,4284.71,,,1572.66,445.2,,,33.1,14.9,15.78,,1348.918
RSW,Copper,Cu,StainlessSteel,SS304,48.6,Nickel-plated,1423.75,,,929.63,448.0,,,-3.8,67.7,23.5,,397.303
RSW,Copper,Cu,Copper,Cu,215.4,Tin-plated,6696.47,,,657.33,404.2,,,86.3,29.9,13.78,,1837.322
RSW,Copper,Cu,Copper,Cu,68.4,Oxide,6290.24,,,1771.2,456.2,,,17.8,49.2,11.93,,1678.038
RSW,StainlessSteel,SS304,Nickel,Ni,192.7,Nickel-plated,4670.41,,,1167.91,309.2,,,83.6,43.6,20.55,,1000.972
RSW,Nickel,Ni,Copper,Cu,58.1,Bare,4245.55,,,2133.07,96.2,,,61.6,61.8,6.95,,263.982
RSW,Copper,Cu,Copper,Cu,125.3,Carbon-coated,2369.99,,,1694.44,189.9,,,12.8,62.9,4.0,,262.052
RSW,Copper,Cu,StainlessSteel,SS304,52.4,Carbon-coated,7681.53,,,504.49,83.8,,,94.8,57.2,12.7,,402.279
RSW,Nickel,Ni,Copper,Cu,56.8,Bare,6927.71,,,1065.08,126.4,,,78.2,70.0,13.33,,555.928
RSW,Copper,Cu,Aluminum,Al,43.9,Bare,2531.04,,,1401.32,291.0,,,8.6,61.2,17.84,,450.112
RSW,StainlessSteel,SS304,Nickel,Ni,173.1,Nickel-plated,3429.11,,,1959.04,264.1,,,115.5,42.5,9.7,,579.501
RSW,StainlessSteel,SS304,Nickel,Ni,132.4,Bare,5034.22,,,1183.77,124.4,,,55.8,48.4,18.62,,425.93
RSW,Copper,Cu,StainlessSteel,SS304,132.9,Nickel-plated,4336.54,,,422.52,355.5,,,101.9,15.1,22.41,,886.695
RSW,StainlessSteel,SS304,Nickel,Ni,149.4,Tin-plated,4295.69,,,1306.99,307.3,,,23.6,75.2,13.51,,849.281
RSW,Copper,Cu,Copper,Cu,196.0,Nickel-plated,5175.78,,,1279.04,333.3,,,53.3,47.7,9.67,,1111.044
RSW,Nickel,Ni,Copper,Cu,136.7,Tin-plated,3309.84,,,2140.67,408.2,,,112.3,16.0,8.48,,949.267
RSW,StainlessSteel,SS304,Nickel,Ni,248.6,Tin-plated,1982.08,,,2124.33,97.3,,,-9.9,68.6,19.54,,120.232
RSW,Copper,Cu,Copper,Cu,93.1,Bare,4821.08,,,1833.05,303.7,,,68.5,72.9,7.39,,850.117
RSW,StainlessSteel,SS304,Nickel,Ni,216.4,Tin-plated,6796.81,,,521.58,103.7,,,106.3,51.9,17.05,,486.724
RSW,StainlessSteel,SS304,Nickel,Ni,241.7,Tin-plated,7680.32,,,417.25,372.0,,,48.1,66.6,10.07,,1751.67
RSW,Nickel,Ni,Copper,Cu,81.8,Nickel-plated,7667.02,,,1855.97,321.4,,,111.7,18.1,16.84,,1772.486
RSW,Copper,Cu,Copper,Cu,163.3,Oxide,2375.16,,,1383.38,189.4,,,59.1,45.8,20.54,,297.69
RSW,Nickel,Ni,Copper,Cu,57.9,Tin-plated,6602.35,,,831.96,260.1,,,86.5,74.1,11.71,,959.94
RSW,Copper,Cu,StainlessSteel,SS304,127.5,Bare,3920.01,,,465.01,137.2,,,78.6,74.5,11.18,,370.777
RSW,Copper,Cu,Copper,Cu,112.3,Bare,1313.2,,,1939.88,448.0,,,27.9,15.4,24.34,,377.33
RSW,Aluminum,Al,Aluminum,Al,113.1,Bare,6694.0,,,1722.14,269.1,,,5.5,42.7,10.58,,1279.719
RSW,StainlessSteel,SS304,Nickel,Ni,195.1,Bare,2629.38,,,2082.11,108.6,,,63.9,66.1,8.52,,193.746
RSW,StainlessSteel,SS304,Nickel,Ni,154.1,Oxide,2582.27,,,2015.54,454.0,,,11.8,73.1,21.51,,693.907
RSW,Copper,Cu,StainlessSteel,SS304,214.4,Bare,2692.79,,,2120.78,149.3,,,110.1,68.7,8.72,,235.324
RSW,Copper,Cu,Copper,Cu,213.5,Bare,7820.02,,,2416.38,350.2,,,68.9,55.2,14.2,,1756.195
RSW,Nickel,Ni,Copper,Cu,68.7,Nickel-plated,4142.29,,,1493.27,162.1,,,111.2,20.5,12.45,,402.429
RSW,Copper,Cu,Copper,Cu,74.8,Nickel-plated,4950.25,,,2229.92,424.1,,,52.9,19.9,12.61,,1271.237
RSW,Copper,Cu,Aluminum,Al,87.6,Tin-plated,5910.94,,,1495.73,249.7,,,86.5,64.6,17.9,,977.638
RSW,StainlessSteel,SS304,Nickel,Ni,117.5,Bare,4331.84,,,1831.39,62.3,,,77.0,16.9,14.89,,184.46
RSW,Aluminum,Al,Aluminum,Al,125.3,Carbon-coated,1891.19,,,1727.35,206.6,,,105.7,61.0,7.11,,225.493
RSW,Nickel,Ni,Copper,Cu,187.9,Bare,6648.07,,,1832.97,116.5,,,105.6,69.6,6.96,,544.955
RSW,StainlessSteel,SS304,Nickel,Ni,58.6,Bare,3021.05,,,615.21,145.7,,,37.5,76.8,6.99,,251.516
RSW,StainlessSteel,SS304,Nickel,Ni,218.5,Bare,2644.0,,,800.17,98.5,,,99.0,27.5,15.24,,175.76
RSW,Copper,Cu,Copper,Cu,184.7,Bare,5586.66,,,859.15,322.2,,,114.7,64.4,12.08,,1116.368
RSW,Copper,Cu,StainlessSteel,SS304,106.8,Nickel-plated,6026.13,,,1757.67,124.7,,,38.5,59.1,5.68,,486.357
RSW,Copper,Cu,StainlessSteel,SS304,146.3,Tin-plated,6491.9,,,1825.94,274.0,,,64.6,72.2,9.5,,1286.751
RSW,Nickel,Ni,Copper,Cu,91.9,Bare,6438.78,,,336.84,346.0,,,68.1,47.4,15.74,,1421.231
RSW,Nickel,Ni,Copper,Cu,36.1,Nickel-plated,2706.46,,,1128.65,323.3,,,77.8,77.6,17.71,,621.996
RSW,Nickel,Ni,Copper,Cu,168.9,Bare,2143.16,,,689.33,209.8,,,115.6,52.1,15.1,,287.622
RSW,Copper,Cu,Aluminum,Al,201.9,Carbon-coated,2515.64,,,2438.22,298.8,,,-6.6,63.5,5.55,,462.952
RSW,Nickel,Ni,Copper,Cu,184.7,Anodized,4931.44,,,1224.55,327.6,,,85.5,32.3,24.74,,1083.088
RSW,Nickel,Ni,Copper,Cu,157.0,Carbon-coated,3780.6,,,425.59,52.4,,,20.0,66.2,18.24,,117.522
RSW,StainlessSteel,SS304,Nickel,Ni,96.8,Oxide,1383.63,,,1221.77,121.4,,,36.7,20.1,17.53,,118.298
RSW,Aluminum,Al,Aluminum,Al,40.2,Bare,3239.23,,,1539.56,319.5,,,86.3,32.2,6.14,,725.576
RSW,Aluminum,Al,Aluminum,Al,107.1,Nickel-plated,1659.32,,,634.78,267.7,,,35.3,76.3,23.47,,246.267
RSW,Copper,Cu,StainlessSteel,SS304,199.5,Anodized,1940.02,,,1616.5,382.2,,,110.5,39.7,12.77,,454.439
RSW,StainlessSteel,SS304,Nickel,Ni,60.2,Bare,7338.3,,,664.32,379.1,,,66.0,66.7,15.36,,1641.867
RSW,StainlessSteel,SS304,Nickel,Ni,119.0,Tin-plated,1908.87,,,1351.33,243.3,,,91.0,69.3,16.32,,288.284
RSW,Nickel,Ni,Copper,Cu,62.3,Tin-plated,1958.25,,,2148.99,475.0,,,40.0,37.7,6.42,,674.181
RSW,Aluminum,Al,Aluminum,Al,145.0,Bare,5366.18,,,733.11,383.2,,,1.7,58.2,19.99,,1374.741
RSW,StainlessSteel,SS304,Nickel,Ni,58.0,Bare,4721.98,,,711.17,475.1,,,88.6,18.6,9.88,,1569.282
RSW,StainlessSteel,SS304,Nickel,Ni,189.3,Oxide,4798.46,,,2008.23,264.0,,,21.2,34.4,5.7,,725.484
RSW,Aluminum,Al,Aluminum,Al,144.8,Nickel-plated,3024.62,,,1225.58,152.8,,,86.5,35.3,7.67,,324.676
RSW,Nickel,Ni,Copper,Cu,37.3,Oxide,7084.28,,,1745.74,157.0,,,70.2,27.7,5.49,,729.988
RSW,StainlessSteel,SS304,Nickel,Ni,173.4,Carbon-coated,5860.39,,,1827.58,69.0,,,1.1,72.5,18.03,,269.695
RSW,StainlessSteel,SS304,Nickel,Ni,131.5,Bare,5440.25,,,467.12,274.0,,,55.7,34.2,17.69,,891.887
RSW,Nickel,Ni,Copper,Cu,196.0,Anodized,3826.55,,,674.46,246.8,,,-5.6,77.6,21.48,,653.253
RSW,Copper,Cu,StainlessSteel,SS304,142.9,Carbon-coated,3629.14,,,1819.35,235.3,,,116.2,53.6,14.92,,502.463
RSW,Nickel,Ni,Copper,Cu,171.6,Oxide,4671.27,,,815.06,78.8,,,33.9,38.8,22.42,,231.093
RSW,Copper,Cu,Copper,Cu,235.6,Anodized,5919.87,,,871.76,297.8,,,28.4,51.3,8.41,,1108.833
RSW,Aluminum,Al,Aluminum,Al,166.9,Nickel-plated,1329.8,,,1131.08,344.6,,,99.7,43.3,17.64,,283.239
RSW,Aluminum,Al,Aluminum,Al,107.9,Oxide,3721.86,,,2243.73,144.4,,,74.7,48.8,14.16,,341.697
RSW,Nickel,Ni,Copper,Cu,220.0,Bare,7977.66,,,1556.42,206.6,,,61.8,15.3,24.2,,1143.993
RSW,Copper,Cu,Copper,Cu,176.6,Bare,5910.15,,,2256.74,355.8,,,106.2,35.9,10.64,,1216.292
RSW,Copper,Cu,Copper,Cu,136.2,Bare,2052.57,,,1643.27,102.7,,,52.5,48.6,12.48,,128.535
RSW,Copper,Cu,Copper,Cu,245.1,Nickel-plated,3813.31,,,1785.99,98.4,,,109.0,55.6,23.94,,266.812
RSW,Nickel,Ni,Copper,Cu,119.1,Tin-plated,6226.8,,,498.74,442.3,,,23.9,55.4,19.92,,1791.578
RSW,StainlessSteel,SS304,Nickel,Ni,108.6,Oxide,3695.16,,,2033.19,445.8,,,58.9,52.4,8.84,,993.633
RSW,Copper,Cu,StainlessSteel,SS304,210.8,Oxide,1853.69,,,1440.62,217.8,,,56.7,73.5,15.47,,288.326
RSW,StainlessSteel,SS304,Nickel,Ni,85.8,Carbon-coated,1162.43,,,1852.72,380.7,,,65.3,39.8,21.48,,308.442
RSW,Nickel,Ni,Copper,Cu,206.9,Tin-plated,7204.87,,,1471.01,142.3,,,51.1,51.3,7.45,,582.193
RSW,Copper,Cu,Aluminum,Al,237.0,Bare,5287.3,,,2287.0,140.9,,,115.6,15.8,7.81,,516.76
RSW,StainlessSteel,SS304,Nickel,Ni,234.9,Bare,3463.32,,,1952.87,434.3,,,67.4,59.9,22.66,,896.251
RSW,StainlessSteel,SS304,Nickel,Ni,207.7,Carbon-coated,7435.78,,,500.54,290.9,,,-5.7,36.1,23.38,,1447.704
RSW,StainlessSteel,SS304,Nickel,Ni,134.0,Nickel-plated,5128.98,,,1044.57,457.7,,,8.6,72.7,10.64,,1384.88
RSW,StainlessSteel,SS304,Nickel,Ni,94.0,Bare,5724.37,,,1553.16,163.2,,,36.2,40.7,6.26,,580.296
RSW,Copper,Cu,StainlessSteel,SS304,212.9,Nickel-plated,5843.03,,,1786.54,494.0,,,43.9,25.0,6.06,,1687.692
RSW,Copper,Cu,Copper,Cu,133.3,Nickel-plated,7565.7,,,1620.3,262.3,,,14.7,34.1,14.46,,1179.061
RSW,Nickel,Ni,Copper,Cu,86.7,Carbon-coated,4041.51,,,1948.48,127.4,,,118.6,19.4,18.32,,300.909
RSW,Copper,Cu,Copper,Cu,52.0,Nickel-plated,2122.92,,,410.9,326.2,,,17.4,53.2,22.76,,388.795
RSW,StainlessSteel,SS304,Nickel,Ni,247.3,Bare,1648.81,,,1940.52,262.6,,,108.2,29.8,20.17,,263.761
RSW,Nickel,Ni,Copper,Cu,164.6,Bare,2768.67,,,1137.39,442.0,,,55.9,24.2,11.17,,834.499
RSW,Copper,Cu,Aluminum,Al,146.0,Bare,5521.67,,,1708.77,191.7,,,81.1,65.2,24.08,,700.94
RSW,Copper,Cu,StainlessSteel,SS304,55.8,Oxide,7938.87,,,1414.74,50.5,,,86.9,49.8,5.34,,257.195
RSW,StainlessSteel,SS304,Nickel,Ni,90.6,Nickel-plated,2131.87,,,795.64,259.5,,,94.6,51.3,12.05,,329.715
RSW,Nickel,Ni,Copper,Cu,69.9,Oxide,7290.52,,,2472.6,152.2,,,76.8,51.2,12.58,,726.53
RSW,StainlessSteel,SS304,Nickel,Ni,48.1,Bare,7704.81,,,1939.98,216.9,,,101.2,38.4,21.29,,1075.424
RSW,StainlessSteel,SS304,Nickel,Ni,42.0,Tin-plated,6879.0,,,884.49,404.6,,,111.8,20.8,5.86,,1968.587
RSW,StainlessSteel,SS304,Nickel,Ni,34.5,Bare,6753.56,,,1637.49,136.5,,,86.5,78.6,15.57,,634.538
RSW,Aluminum,Al,Aluminum,Al,213.4,Carbon-coated,6284.88,,,2108.79,495.1,,,42.0,31.6,7.47,,1859.928
RSW,Copper,Cu,Copper,Cu,164.5,Nickel-plated,4379.9,,,2170.44,106.3,,,27.1,28.5,21.15,,273.976
RSW,StainlessSteel,SS304,Nickel,Ni,193.7,Carbon-coated,1506.19,,,602.41,133.2,,,-1.3,42.6,4.65,,114.406
RSW,Copper,Cu,StainlessSteel,SS304,202.3,Bare,3409.07,,,2417.33,214.9,,,70.4,11.0,19.71,,536.759
RSW,Copper,Cu,Copper,Cu,235.1,Bare,2961.75,,,471.69,272.7,,,97.4,59.7,14.34,,543.717
RSW,Copper,Cu,Aluminum,Al,39.6,Nickel-plated,7681.97,,,2494.37,394.2,,,45.6,31.4,13.08,,1800.823
RSW,Copper,Cu,Aluminum,Al,113.3,Bare,1206.96,,,1521.98,336.7,,,39.5,61.0,5.7,,267.053
RSW,StainlessSteel,SS304,Nickel,Ni,129.8,Tin-plated,2078.47,,,778.74,234.4,,,79.8,52.6,15.92,,292.98
RSW,Copper,Cu,Aluminum,Al,87.5,Bare,6774.63,,,2117.17,135.5,,,89.9,10.1,9.78,,558.343
RSW,Aluminum,Al,Aluminum,Al,187.5,Carbon-coated,5615.48,,,1219.19,192.8,,,65.9,66.2,6.58,,739.906
RSW,StainlessSteel,SS304,Nickel,Ni,125.1,Nickel-plated,3423.92,,,1632.02,246.3,,,114.8,13.9,10.98,,553.359
RSW,StainlessSteel,SS304,Nickel,Ni,172.7,Tin-plated,6714.21,,,2246.45,211.5,,,4.6,43.1,20.32,,890.091
RSW,StainlessSteel,SS304,Nickel,Ni,186.7,Nickel-plated,4453.1,,,1530.1,132.7,,,32.7,27.8,4.16,,394.19
RSW,Nickel,Ni,Copper,Cu,143.9,Tin-plated,5113.34,,,1813.19,128.3,,,49.2,19.1,15.98,,374.828
RSW,StainlessSteel,SS304,Nickel,Ni,196.9,Nickel-plated,7624.7,,,1275.96,307.5,,,-4.3,71.0,20.67,,1382.108
RSW,Copper,Cu,Copper,Cu,167.9,Tin-plated,4581.38,,,2063.66,284.9,,,66.4,46.0,17.45,,811.992
RSW,StainlessSteel,SS304,Nickel,Ni,144.0,Nickel-plated,7267.51,,,630.03,247.5,,,82.3,48.3,12.05,,1137.215
RSW,Aluminum,Al,Aluminum,Al,185.0,Bare,3433.5,,,1962.0,74.9,,,76.5,73.7,9.23,,180.573
RSW,StainlessSteel,SS304,Nickel,Ni,172.2,Carbon-coated,7424.17,,,662.65,286.1,,,-0.1,24.4,17.47,,1201.813
RSW,Copper,Cu,Copper,Cu,227.9,Bare,1354.31,,,1806.56,137.7,,,17.2,11.5,19.0,,121.361
RSW,Nickel,Ni,Copper,Cu,199.7,Bare,5571.94,,,2059.08,202.8,,,102.3,37.1,17.68,,744.151
RSW,Aluminum,Al,Aluminum,Al,213.5,Bare,3818.3,,,2262.54,158.9,,,16.1,63.7,4.48,,420.301
RSW,Copper,Cu,Copper,Cu,197.4,Bare,7033.11,,,1863.73,311.9,,,4.2,40.5,7.16,,1447.721
RSW,Nickel,Ni,Copper,Cu,182.5,Carbon-coated,5937.06,,,588.97,333.5,,,37.2,27.9,11.42,,1318.418
RSW,Aluminum,Al,Aluminum,Al,165.9,Bare,3530.0,,,1411.51,497.9,,,40.5,42.4,6.97,,1234.513
RSW,StainlessSteel,SS304,Nickel,Ni,210.8,Bare,5650.32,,,1784.49,480.5,,,93.8,71.9,17.51,,1607.544
RSW,StainlessSteel,SS304,Nickel,Ni,49.5,Carbon-coated,2273.91,,,628.8,428.7,,,113.0,49.6,5.31,,544.773
RSW,Aluminum,Al,Aluminum,Al,240.4,Bare,7182.95,,,1730.77,243.1,,,87.5,64.2,20.26,,1253.53
RSW,Aluminum,Al,Aluminum,Al,207.0,Nickel-plated,5597.79,,,1315.36,471.2,,,31.2,13.3,9.08,,1619.641
RSW,Nickel,Ni,Copper,Cu,66.5,Nickel-plated,2167.87,,,814.73,460.9,,,119.4,26.2,24.83,,695.426
RSW,Copper,Cu,Copper,Cu,44.9,Carbon-coated,3007.41,,,1067.56,488.8,,,62.6,23.0,11.97,,895.738
RSW,Copper,Cu,Aluminum,Al,110.4,Oxide,7822.67,,,532.6,364.3,,,15.4,22.0,19.45,,1823.674
RSW,Nickel,Ni,Copper,Cu,69.3,Oxide,7909.37,,,1668.43,75.9,,,-5.8,44.4,13.89,,380.418
RSW,Nickel,Ni,Copper,Cu,174.8,Bare,5724.66,,,1645.63,250.2,,,8.4,78.3,21.37,,1012.233
RSW,Aluminum,Al,Aluminum,Al,110.0,Nickel-plated,6798.95,,,1376.49,272.4,,,33.7,62.8,17.43,,1102.04
RSW,Nickel,Ni,Copper,Cu,30.1,Bare,3378.01,,,498.06,488.5,,,12.8,23.3,15.36,,931.731
RSW,StainlessSteel,SS304,Nickel,Ni,58.4,Oxide,5267.55,,,1986.68,58.7,,,57.5,55.2,13.11,,218.436
RSW,StainlessSteel,SS304,Nickel,Ni,101.4,Bare,7159.8,,,1063.58,141.6,,,56.3,25.5,15.26,,583.003
RSW,Copper,Cu,Copper,Cu,47.8,Tin-plated,5870.42,,,1200.05,495.0,,,7.1,71.4,22.82,,1669.886
RSW,Copper,Cu,StainlessSteel,SS304,215.9,Oxide,1447.6,,,1733.33,179.1,,,-0.1,28.2,6.39,,183.834
RSW,Nickel,Ni,Copper,Cu,160.3,Nickel-plated,1470.32,,,641.05,164.1,,,66.2,14.6,15.45,,155.432
RSW,Nickel,Ni,Copper,Cu,137.7,Bare,3581.85,,,2498.39,309.7,,,73.9,66.1,16.38,,787.108
RSW,Nickel,Ni,Copper,Cu,145.1,Bare,2834.4,,,2479.72,289.0,,,112.3,11.0,21.88,,539.361
RSW,Nickel,Ni,Copper,Cu,93.1,Carbon-coated,3854.53,,,751.79,51.8,,,71.8,37.8,17.78,,129.09
RSW,StainlessSteel,SS304,Nickel,Ni,39.5,Bare,2595.2,,,1697.58,126.4,,,-6.9,49.2,11.66,,188.516
RSW,Copper,Cu,Aluminum,Al,238.6,Anodized,3691.39,,,575.16,235.3,,,92.4,26.3,4.68,,542.478
RSW,Aluminum,Al,Aluminum,Al,99.0,Bare,1975.2,,,1232.87,86.7,,,113.7,30.6,11.13,,102.577
RSW,Copper,Cu,Copper,Cu,190.7,Bare,5046.3,,,650.34,87.5,,,52.5,72.8,22.88,,247.646
RSW,Nickel,Ni,Copper,Cu,246.6,Tin-plated,4914.16,,,878.32,79.8,,,63.6,47.1,23.09,,263.832
RSW,Copper,Cu,Copper,Cu,215.9,Oxide,5662.03,,,1443.99,75.5,,,16.1,78.3,10.31,,242.729
RSW,Nickel,Ni,Copper,Cu,239.9,Bare,2308.05,,,2202.99,99.5,,,84.7,52.8,24.16,,144.614
RSW,Copper,Cu,Aluminum,Al,204.8,Bare,7706.97,,,2394.19,369.8,,,15.4,39.1,18.99,,1680.087
RSW,Copper,Cu,StainlessSteel,SS304,90.5,Oxide,7163.62,,,1946.78,85.1,,,67.0,30.8,6.76,,369.498
RSW,StainlessSteel,SS304,Nickel,Ni,37.1,Bare,4077.08,,,1010.52,174.2,,,-8.6,78.5,6.63,,458.122
RSW,Aluminum,Al,Aluminum,Al,132.6,Bare,5635.75,,,1704.9,231.3,,,77.0,34.9,21.84,,781.808
RSW,Nickel,Ni,Copper,Cu,61.8,Oxide,4167.56,,,1427.37,370.3,,,31.8,11.5,24.06,,989.113
RSW,Copper,Cu,Aluminum,Al,117.5,Nickel-plated,3070.21,,,1434.29,143.7,,,81.9,18.8,24.41,,268.908
RSW,StainlessSteel,SS304,Nickel,Ni,63.3,Bare,4636.09,,,2024.22,152.2,,,49.2,46.1,13.69,,488.387
RSW,StainlessSteel,SS304,Nickel,Ni,54.8,Oxide,1401.26,,,1954.09,81.2,,,99.4,57.1,7.91,,69.007
RSW,StainlessSteel,SS304,Nickel,Ni,199.0,Bare,7015.81,,,1886.01,229.8,,,8.9,72.1,19.65,,968.085
RSW,Aluminum,Al,Aluminum,Al,30.6,Bare,2696.84,,,1601.76,462.3,,,6.1,46.0,21.69,,860.457
RSW,StainlessSteel,SS304,Nickel,Ni,151.3,Tin-plated,7207.92,,,1908.48,199.8,,,69.0,60.6,4.36,,941.37
RSW,Nickel,Ni,Copper,Cu,218.8,Bare,2021.12,,,468.82,473.8,,,109.2,53.5,14.69,,564.468
RSW,Copper,Cu,StainlessSteel,SS304,45.7,Bare,7617.16,,,1685.76,207.3,,,64.5,15.5,4.33,,1138.76
RSW,Nickel,Ni,Copper,Cu,32.0,Bare,4990.08,,,2083.62,321.1,,,-0.9,57.9,12.75,,1126.037
RSW,StainlessSteel,SS304,Nickel,Ni,117.0,Bare,7264.07,,,667.51,80.3,,,80.0,58.7,11.42,,370.417
RSW,Nickel,Ni,Copper,Cu,157.6,Bare,4038.0,,,955.53,267.6,,,82.8,32.0,9.57,,687.519
RSW,Copper,Cu,Copper,Cu,35.6,Nickel-plated,7552.72,,,404.96,326.7,,,94.4,37.5,6.25,,1546.149
RSW,Aluminum,Al,Aluminum,Al,183.1,Nickel-plated,5924.12,,,1491.01,423.0,,,12.9,79.8,16.69,,1419.212
RSW,Aluminum,Al,Aluminum,Al,90.3,Tin-plated,1883.9,,,889.1,469.1,,,109.1,28.7,22.06,,589.543
RSW,StainlessSteel,SS304,Nickel,Ni,208.9,Oxide,3451.74,,,1619.08,228.6,,,104.4,64.7,10.13,,509.134
RSW,Copper,Cu,Copper,Cu,170.0,Bare,7344.24,,,588.7,401.0,,,12.0,29.6,8.68,,1830.206
RSW,Copper,Cu,Copper,Cu,187.1,Bare,1284.43,,,425.59,155.5,,,61.6,35.4,16.34,,119.386
RSW,StainlessSteel,SS304,Nickel,Ni,65.7,Bare,4429.43,,,641.63,305.3,,,100.5,42.8,17.49,,938.667
RSW,Copper,Cu,StainlessSteel,SS304,151.0,Carbon-coated,7651.74,,,1097.35,371.7,,,56.7,67.0,10.79,,1967.274
RSW,Copper,Cu,Copper,Cu,164.0,Anodized,5193.32,,,1209.42,339.9,,,10.0,76.1,18.96,,1155.163
RSW,Nickel,Ni,Copper,Cu,175.9,Nickel-plated,1644.05,,,1465.61,294.5,,,113.6,43.8,14.93,,324.672
RSW,Copper,Cu,StainlessSteel,SS304,117.6,Anodized,1653.43,,,1029.2,189.3,,,66.4,24.4,11.52,,187.482
RSW,Copper,Cu,Copper,Cu,175.5,Bare,5424.45,,,509.48,91.3,,,111.5,52.9,16.76,,343.878
RSW,Aluminum,Al,Aluminum,Al,153.3,Bare,6935.15,,,1781.36,338.7,,,2.0,11.4,5.82,,1350.207
RSW,Nickel,Ni,Copper,Cu,175.2,Bare,1220.09,,,2182.51,492.8,,,15.2,44.7,10.17,,397.716
RSW,Nickel,Ni,Copper,Cu,43.1,Bare,1913.32,,,1742.99,482.2,,,98.5,41.2,10.29,,591.788
RSW,Nickel,Ni,Copper,Cu,66.6,Bare,4121.28,,,563.25,476.6,,,-1.5,43.1,19.73,,1293.917
RSW,Aluminum,Al,Aluminum,Al,174.3,Tin-plated,1055.19,,,2255.55,287.9,,,93.9,72.9,20.0,,202.958
RSW,StainlessSteel,SS304,Nickel,Ni,63.3,Carbon-coated,1735.03,,,2169.53,244.8,,,54.7,79.8,20.78,,282.019
RSW,Copper,Cu,StainlessSteel,SS304,128.1,Nickel-plated,7651.38,,,2141.99,377.7,,,83.6,47.0,11.22,,1694.57
RSW,Copper,Cu,Aluminum,Al,174.3,Nickel-plated,4136.12,,,1643.07,232.8,,,41.5,51.5,9.29,,563.191
RSW,Copper,Cu,Aluminum,Al,126.4,Anodized,2719.65,,,1973.63,315.5,,,-10.0,59.0,23.76,,496.661
RSW,Aluminum,Al,Aluminum,Al,190.7,Bare,7355.58,,,1595.86,140.4,,,91.0,44.1,7.11,,690.517
RSW,Copper,Cu,Copper,Cu,120.1,Nickel-plated,3232.18,,,2076.45,115.6,,,112.7,43.9,11.88,,265.579
RSW,Copper,Cu,Copper,Cu,210.7,Nickel-plated,1793.35,,,1429.64,78.3,,,94.6,34.1,14.39,,85.028
RSW,Nickel,Ni,Copper,Cu,191.6,Anodized,3773.99,,,932.77,437.0,,,10.7,10.0,17.24,,972.771
RSW,StainlessSteel,SS304,Nickel,Ni,142.8,Bare,4642.68,,,1520.97,302.7,,,32.3,46.6,4.27,,935.669
RSW,Copper,Cu,StainlessSteel,SS304,103.5,Oxide,2774.57,,,704.64,172.6,,,85.1,57.7,21.0,,338.219
RSW,Nickel,Ni,Copper,Cu,42.7,Bare,4815.78,,,2031.75,157.7,,,52.6,65.0,22.46,,484.605
RSW,Copper,Cu,StainlessSteel,SS304,160.4,Oxide,5221.91,,,697.41,484.6,,,65.5,64.2,4.36,,1765.779
RSW,Nickel,Ni,Copper,Cu,141.7,Tin-plated,3545.27,,,1337.89,176.8,,,68.3,50.1,22.21,,362.901
RSW,Copper,Cu,StainlessSteel,SS304,72.1,Bare,4788.68,,,2410.71,347.6,,,92.5,21.9,4.2,,984.085
RSW,Nickel,Ni,Copper,Cu,138.1,Nickel-plated,2281.21,,,1073.83,326.0,,,84.1,17.6,9.07,,425.651
RSW,Copper,Cu,Aluminum,Al,105.7,Anodized,2874.35,,,2419.59,136.6,,,22.5,36.6,12.89,,233.726
RSW,Copper,Cu,Aluminum,Al,182.7,Tin-plated,7800.29,,,2206.31,265.2,,,68.5,25.3,5.22,,1357.578
RSW,Copper,Cu,Copper,Cu,84.3,Bare,4554.9,,,984.0,91.0,,,75.3,10.4,4.61,,283.298
RSW,StainlessSteel,SS304,Nickel,Ni,192.8,Nickel-plated,3962.65,,,1844.93,89.4,,,112.8,23.3,5.3,,231.177
RSW,Copper,Cu,StainlessSteel,SS304,115.4,Nickel-plated,4988.05,,,942.72,462.0,,,58.6,14.0,18.76,,1442.879
RSW,Nickel,Ni,Copper,Cu,210.5,Carbon-coated,3976.78,,,1935.21,139.7,,,18.5,38.1,4.04,,402.273
RSW,StainlessSteel,SS304,Nickel,Ni,194.5,Carbon-coated,7521.52,,,628.87,178.0,,,20.9,37.2,20.6,,820.014
RSW,Nickel,Ni,Copper,Cu,92.9,Nickel-plated,1752.99,,,930.59,330.5,,,57.3,26.2,12.9,,355.052
RSW,Copper,Cu,Copper,Cu,243.8,Nickel-plated,3119.95,,,755.47,89.7,,,49.9,46.6,17.24,,162.573
RSW,StainlessSteel,SS304,Nickel,Ni,34.6,Nickel-plated,3771.49,,,698.02,105.3,,,39.5,48.6,18.29,,275.215
RSW,StainlessSteel,SS304,Nickel,Ni,228.6,Bare,4748.39,,,1005.21,247.7,,,3.7,13.8,14.36,,784.972
RSW,Nickel,Ni,Copper,Cu,70.1,Bare,6145.34,,,637.11,140.5,,,-9.4,66.4,14.01,,550.122
RSW,StainlessSteel,SS304,Nickel,Ni,115.3,Nickel-plated,3089.95,,,1458.12,298.2,,,3.7,39.1,13.86,,563.707
RSW,Aluminum,Al,Aluminum,Al,171.7,Nickel-plated,5943.9,,,2006.11,138.2,,,51.5,58.2,17.53,,477.623
RSW,Copper,Cu,Copper,Cu,218.8,Carbon-coated,6701.73,,,901.1,92.8,,,37.8,72.8,4.72,,358.679
RSW,StainlessSteel,SS304,Nickel,Ni,175.5,Oxide,3979.7,,,2379.68,86.3,,,-7.1,35.7,5.84,,212.302
RSW,Copper,Cu,StainlessSteel,SS304,78.2,Tin-plated,4389.21,,,2238.25,455.1,,,81.0,18.1,23.66,,1435.124
RSW,Nickel,Ni,Copper,Cu,242.2,Nickel-plated,3152.48,,,2218.4,360.5,,,45.4,68.6,23.23,,763.727
RSW,Nickel,Ni,Copper,Cu,198.8,Oxide,6225.86,,,568.76,467.7,,,2.1,45.8,18.42,,1933.408
RSW,Copper,Cu,StainlessSteel,SS304,221.2,Tin-plated,6916.19,,,707.8,448.0,,,13.6,45.9,12.97,,2145.732
RSW,Copper,Cu,StainlessSteel,SS304,241.3,Bare,4225.28,,,1516.12,170.1,,,117.1,56.9,23.91,,497.442
RSW,StainlessSteel,SS304,Nickel,Ni,88.8,Nickel-plated,4969.55,,,413.55,382.5,,,-1.6,64.3,14.97,,1115.541
RSW,StainlessSteel,SS304,Nickel,Ni,161.4,Bare,5877.31,,,1819.98,294.7,,,102.5,39.0,14.84,,1175.173
RSW,Copper,Cu,Copper,Cu,87.2,Carbon-coated,1551.9,,,1921.67,309.0,,,7.9,21.8,13.53,,283.101
RSW,Copper,Cu,Copper,Cu,126.8,Nickel-plated,7122.55,,,1010.5,178.0,,,16.1,37.5,8.6,,800.359
RSW,Copper,Cu,StainlessSteel,SS304,102.1,Carbon-coated,5695.2,,,1365.64,463.9,,,57.1,19.6,7.3,,1845.593
RSW,Copper,Cu,Copper,Cu,177.6,Anodized,1445.4,,,1524.2,295.5,,,30.7,40.2,4.85,,264.961
RSW,StainlessSteel,SS304,Nickel,Ni,111.3,Nickel-plated,1517.55,,,1216.37,445.4,,,57.1,12.5,12.91,,412.269
RSW,Copper,Cu,Copper,Cu,235.8,Anodized,7348.17,,,2449.85,288.5,,,11.1,22.6,12.22,,1544.776
RSW,Nickel,Ni,Copper,Cu,210.6,Anodized,1351.21,,,1181.4,84.3,,,107.5,13.6,19.3,,67.693
RSW,Nickel,Ni,Copper,Cu,204.5,Tin-plated,2503.51,,,1495.51,270.3,,,57.5,57.2,20.03,,398.276
RSW,Copper,Cu,Aluminum,Al,95.6,Bare,7128.8,,,380.16,401.0,,,92.2,65.2,9.4,,1822.537
RSW,Copper,Cu,Aluminum,Al,239.6,Tin-plated,7879.16,,,2404.31,489.3,,,-3.8,72.2,5.67,,2635.211
RSW,Nickel,Ni,Copper,Cu,205.1,Bare,2278.71,,,585.1,438.8,,,26.5,67.1,13.42,,697.686
RSW,Copper,Cu,Copper,Cu,41.8,Bare,6263.22,,,1951.74,407.5,,,59.5,17.9,6.65,,1722.112
RSW,Nickel,Ni,Copper,Cu,69.4,Tin-plated,2731.95,,,2331.95,191.3,,,55.7,28.5,23.9,,316.097
RSW,StainlessSteel,SS304,Nickel,Ni,240.1,Tin-plated,7256.02,,,1486.8,251.3,,,31.6,57.7,22.7,,1224.79
RSW,Copper,Cu,Copper,Cu,214.8,Nickel-plated,4997.82,,,1304.51,445.0,,,10.7,26.4,10.31,,1466.194
RSW,Copper,Cu,Copper,Cu,127.6,Bare,6245.81,,,2220.66,318.9,,,1.7,71.8,23.26,,1392.222
RSW,StainlessSteel,SS304,Nickel,Ni,241.2,Oxide,1991.82,,,2309.86,152.6,,,37.1,38.9,19.78,,190.75
RSW,Nickel,Ni,Copper,Cu,62.9,Nickel-plated,4340.39,,,2164.83,402.9,,,94.7,51.5,11.75,,1253.976
RSW,StainlessSteel,SS304,Nickel,Ni,87.8,Carbon-coated,3525.82,,,994.96,65.4,,,-5.3,64.4,9.45,,131.721
RSW,StainlessSteel,SS304,Nickel,Ni,90.5,Nickel-plated,2569.95,,,1473.89,486.5,,,91.5,24.4,16.74,,834.175
RSW,Copper,Cu,Copper,Cu,124.5,Oxide,3706.51,,,2170.08,241.5,,,1.3,13.9,8.14,,515.517
RSW,Copper,Cu,Copper,Cu,130.1,Nickel-plated,1881.77,,,1436.85,158.9,,,106.5,61.5,19.77,,171.018
RSW,Copper,Cu,Aluminum,Al,166.5,Oxide,2860.7,,,439.49,418.9,,,107.7,25.5,4.39,,778.434
RSW,Nickel,Ni,Copper,Cu,61.5,Oxide,7019.43,,,1747.59,435.8,,,-3.5,70.1,9.31,,1944.495
RSW,Copper,Cu,Aluminum,Al,249.8,Nickel-plated,3633.99,,,1142.84,259.6,,,-7.3,71.3,4.94,,608.869
RSW,Copper,Cu,Copper,Cu,74.9,Bare,6306.13,,,1107.92,359.9,,,16.2,10.8,21.91,,1445.914
RSW,Copper,Cu,Copper,Cu,83.0,Bare,5449.77,,,617.71,270.0,,,47.3,34.6,18.14,,895.399
RSW,StainlessSteel,SS304,Nickel,Ni,165.6,Bare,6570.5,,,1833.73,442.6,,,119.2,46.8,15.54,,2102.147
RSW,Nickel,Ni,Copper,Cu,89.8,Bare,7176.29,,,1780.85,230.9,,,16.6,35.0,10.82,,1197.365
RSW,Copper,Cu,StainlessSteel,SS304,42.3,Oxide,1501.66,,,1966.92,429.6,,,119.6,59.7,22.11,,418.959
RSW,StainlessSteel,SS304,Nickel,Ni,147.4,Carbon-coated,4023.89,,,1100.71,397.2,,,77.8,62.9,20.1,,895.503
RSW,Copper,Cu,StainlessSteel,SS304,238.1,Nickel-plated,1933.77,,,1403.74,73.5,,,36.4,75.9,16.91,,100.223
RSW,Copper,Cu,Copper,Cu,195.1,Nickel-plated,3829.28,,,734.5,84.8,,,1.1,12.9,19.19,,200.309
RSW,Copper,Cu,Copper,Cu,205.8,Bare,7289.66,,,1442.54,55.0,,,19.2,41.7,5.92,,232.223
RSW,StainlessSteel,SS304,Nickel,Ni,57.4,Bare,2943.43,,,569.93,417.5,,,78.6,23.9,10.29,,794.53
RSW,StainlessSteel,SS304,Nickel,Ni,131.6,Bare,5904.07,,,1001.21,201.8,,,9.8,80.0,24.92,,780.766
RSW,Aluminum,Al,Aluminum,Al,245.8,Nickel-plated,1654.02,,,1669.39,476.9,,,26.9,63.4,13.24,,497.334
RSW,Aluminum,Al,Aluminum,Al,78.1,Nickel-plated,7353.38,,,1695.35,340.5,,,-6.0,18.2,12.32,,1796.48
RSW,StainlessSteel,SS304,Nickel,Ni,167.3,Oxide,4432.13,,,1787.54,114.9,,,20.5,31.4,7.05,,342.957
RSW,Nickel,Ni,Copper,Cu,212.8,Nickel-plated,5277.36,,,568.61,419.9,,,10.5,11.2,12.03,,1325.634
RSW,StainlessSteel,SS304,Nickel,Ni,160.0,Bare,7668.17,,,2060.1,437.5,,,-6.9,13.5,16.99,,2037.565
RSW,Nickel,Ni,Copper,Cu,218.0,Bare,1791.71,,,1326.05,227.5,,,73.9,29.7,8.87,,242.097
RSW,StainlessSteel,SS304,Nickel,Ni,46.4,Nickel-plated,1522.65,,,1535.44,210.0,,,42.8,75.6,24.74,,224.739
RSW,Copper,Cu,Copper,Cu,116.1,Bare,5027.19,,,1055.44,120.0,,,119.3,42.6,23.94,,396.852
RSW,Copper,Cu,Copper,Cu,71.9,Nickel-plated,7537.15,,,891.09,278.7,,,118.4,52.5,19.05,,1251.879
RSW,Nickel,Ni,Copper,Cu,172.4,Bare,7789.74,,,1938.49,494.9,,,19.3,55.1,14.05,,2360.647
RSW,Copper,Cu,Copper,Cu,75.0,Bare,7803.79,,,1798.41,199.7,,,11.2,75.1,17.17,,916.6
RSW,Aluminum,Al,Aluminum,Al,222.0,Oxide,3769.76,,,2294.63,401.9,,,49.4,42.1,14.18,,882.214
RSW,Aluminum,Al,Aluminum,Al,222.8,Bare,7438.27,,,1561.03,336.5,,,87.8,79.5,19.36,,1657.961
RSW,StainlessSteel,SS304,Nickel,Ni,249.8,Bare,6260.08,,,829.18,266.1,,,86.0,14.9,23.74,,1067.297
RSW,Copper,Cu,StainlessSteel,SS304,31.4,Bare,5360.7,,,2140.75,425.0,,,94.7,39.3,23.27,,1643.811
RSW,Copper,Cu,StainlessSteel,SS304,38.5,Nickel-plated,7711.82,,,497.35,326.5,,,89.3,51.8,17.71,,1450.192
RSW,Copper,Cu,Copper,Cu,206.4,Nickel-plated,6396.96,,,1750.73,231.2,,,110.5,20.6,4.99,,928.791
RSW,Copper,Cu,Aluminum,Al,179.7,Bare,4392.16,,,1203.21,376.1,,,6.9,73.0,14.87,,1014.927
RSW,Nickel,Ni,Copper,Cu,164.2,Carbon-coated,5760.64,,,483.39,490.2,,,21.8,25.1,23.3,,1742.565
RSW,StainlessSteel,SS304,Nickel,Ni,122.7,Bare,5965.39,,,1386.08,131.9,,,96.6,30.9,18.44,,449.163
RSW,StainlessSteel,SS304,Nickel,Ni,239.3,Tin-plated,4965.84,,,400.92,400.2,,,109.0,23.1,19.49,,1365.447
RSW,Copper,Cu,StainlessSteel,SS304,157.1,Bare,4126.37,,,2314.66,330.8,,,56.5,56.9,13.62,,790.655
RSW,Copper,Cu,Aluminum,Al,186.5,Nickel-plated,4407.71,,,2182.04,320.2,,,34.1,15.0,18.99,,995.433
RSW,Nickel,Ni,Copper,Cu,60.7,Bare,5540.75,,,1645.59,412.7,,,38.7,73.9,14.77,,1419.91
RSW,StainlessSteel,SS304,Nickel,Ni,155.9,Oxide,5621.84,,,2466.19,389.2,,,60.2,25.9,17.76,,1471.252
RSW,Nickel,Ni,Copper,Cu,187.1,Carbon-coated,2498.47,,,2434.08,427.5,,,0.4,52.9,22.75,,644.338
RSW,Nickel,Ni,Copper,Cu,230.1,Bare,5290.83,,,788.58,384.4,,,58.9,43.5,10.74,,1413.1
RSW,Copper,Cu,Copper,Cu,147.1,Nickel-plated,3600.09,,,1049.13,443.9,,,115.4,17.7,9.14,,918.49
RSW,Nickel,Ni,Copper,Cu,115.8,Bare,6612.5,,,749.95,129.2,,,112.0,52.4,23.41,,543.452
RSW,Copper,Cu,Copper,Cu,85.2,Bare,7447.18,,,650.78,328.9,,,23.7,19.2,9.78,,1551.728
RSW,Copper,Cu,StainlessSteel,SS304,81.4,Bare,7738.72,,,1288.36,483.1,,,45.3,33.2,11.56,,2538.885
RSW,Copper,Cu,Aluminum,Al,103.4,Nickel-plated,6916.71,,,2302.8,459.3,,,3.9,42.5,15.27,,2011.706
RSW,Nickel,Ni,Copper,Cu,52.5,Nickel-plated,1688.38,,,1829.21,171.3,,,89.5,73.0,6.58,,200.749
RSW,StainlessSteel,SS304,Nickel,Ni,137.0,Nickel-plated,6830.25,,,1373.56,168.5,,,47.3,56.0,10.54,,797.658
RSW,Copper,Cu,Copper,Cu,215.4,Bare,6881.11,,,2474.07,61.2,,,119.0,25.2,17.26,,253.411
RSW,Aluminum,Al,Aluminum,Al,33.4,Anodized,7201.81,,,949.38,341.4,,,4.2,71.7,20.16,,1563.116
RSW,StainlessSteel,SS304,Nickel,Ni,109.0,Oxide,6539.1,,,2195.23,267.9,,,28.6,38.7,24.35,,1148.715
RSW,Copper,Cu,Copper,Cu,190.6,Nickel-plated,3407.78,,,1533.4,255.7,,,95.8,63.8,14.06,,579.189
RSW,Copper,Cu,Copper,Cu,206.3,Oxide,6885.94,,,1399.0,303.3,,,89.9,37.0,10.37,,1320.883
RSW,Copper,Cu,Aluminum,Al,106.0,Nickel-plated,2744.8,,,2382.85,371.0,,,0.7,40.8,22.41,,719.408
RSW,Aluminum,Al,Aluminum,Al,219.1,Oxide,7115.14,,,767.51,164.1,,,98.8,28.9,18.1,,796.784
RSW,StainlessSteel,SS304,Nickel,Ni,48.6,Tin-plated,6389.36,,,2289.57,347.3,,,63.8,69.0,15.05,,1437.561
RSW,Copper,Cu,Aluminum,Al,111.6,Bare,6065.69,,,2017.66,337.6,,,20.2,40.9,11.0,,1267.61
RSW,Nickel,Ni,Copper,Cu,226.7,Bare,5525.02,,,1910.14,94.3,,,100.7,44.7,18.14,,377.44
RSW,Copper,Cu,Aluminum,Al,150.9,Nickel-plated,1510.57,,,1896.03,193.9,,,100.9,15.0,20.03,,170.866
RSW,Copper,Cu,Aluminum,Al,223.6,Nickel-plated,7524.94,,,1647.42,390.6,,,48.1,32.8,19.27,,1838.012
RSW,Copper,Cu,Aluminum,Al,154.7,Tin-plated,4417.01,,,875.72,480.7,,,83.2,11.5,24.76,,1297.525
RSW,Copper,Cu,Aluminum,Al,140.1,Anodized,6123.54,,,1903.41,302.3,,,104.6,21.7,10.26,,1089.592
RSW,StainlessSteel,SS304,Nickel,Ni,103.5,Carbon-coated,4434.45,,,570.63,244.7,,,110.0,62.8,4.27,,678.216
RSW,Copper,Cu,Copper,Cu,113.3,Bare,2872.25,,,2375.31,89.8,,,117.7,37.0,17.41,,181.397
RSW,Nickel,Ni,Copper,Cu,131.7,Bare,2814.32,,,582.13,491.7,,,25.6,56.7,18.72,,953.271
RSW,Copper,Cu,Aluminum,Al,236.2,Bare,5757.08,,,1177.2,298.6,,,24.9,46.4,22.4,,1146.47
RSW,Aluminum,Al,Aluminum,Al,113.8,Bare,7571.18,,,1718.71,467.6,,,51.9,49.3,16.08,,2434.785
RSW,Copper,Cu,Copper,Cu,180.9,Bare,6322.28,,,1023.67,90.8,,,78.4,67.1,23.83,,360.947
RSW,Aluminum,Al,Aluminum,Al,231.7,Bare,6326.57,,,1712.99,130.2,,,47.3,42.0,20.85,,553.762
RSW,Nickel,Ni,Copper,Cu,155.6,Nickel-plated,2240.75,,,1614.03,135.3,,,95.3,65.7,5.72,,179.686
RSW,Aluminum,Al,Aluminum,Al,81.0,Oxide,4519.61,,,2293.82,458.3,,,30.6,59.2,21.78,,1491.111
RSW,Copper,Cu,Aluminum,Al,169.4,Bare,3886.62,,,2059.5,402.6,,,7.4,19.9,9.37,,971.028
RSW,Copper,Cu,Aluminum,Al,174.3,Bare,4542.97,,,1966.98,63.2,,,75.5,36.7,15.94,,176.221
RSW,StainlessSteel,SS304,Nickel,Ni,107.8,Tin-plated,7834.72,,,1581.58,169.5,,,5.3,30.7,6.72,,903.235
RSW,Copper,Cu,StainlessSteel,SS304,228.2,Tin-plated,6687.68,,,822.27,225.8,,,66.9,16.8,13.24,,1049.634
RSW,StainlessSteel,SS304,Nickel,Ni,190.5,Tin-plated,1905.72,,,2110.54,463.4,,,6.5,40.5,19.19,,632.266
RSW,Copper,Cu,StainlessSteel,SS304,134.4,Anodized,5784.01,,,1516.71,55.4,,,39.5,38.4,23.69,,202.585
RSW,Copper,Cu,Copper,Cu,102.6,Bare,2031.5,,,791.25,301.4,,,6.2,58.0,16.6,,408.447
RSW,Nickel,Ni,Copper,Cu,245.5,Oxide,6120.86,,,726.47,247.1,,,101.1,61.0,23.9,,1038.159
RSW,StainlessSteel,SS304,Nickel,Ni,140.8,Tin-plated,7369.02,,,1535.19,102.9,,,92.4,56.6,8.4,,509.494
RSW,Aluminum,Al,Aluminum,Al,216.9,Bare,2995.63,,,1094.59,137.7,,,61.7,17.2,5.35,,273.42
RSW,Nickel,Ni,Copper,Cu,53.7,Bare,5684.7,,,1057.45,457.0,,,9.8,25.0,21.67,,1831.374
RSW,Copper,Cu,Aluminum,Al,143.6,Oxide,3045.08,,,2153.84,434.2,,,85.6,41.4,8.63,,842.379
RSW,Nickel,Ni,Copper,Cu,174.3,Anodized,2219.09,,,1466.27,153.3,,,101.8,67.7,9.16,,213.705
RSW,StainlessSteel,SS304,Nickel,Ni,108.6,Tin-plated,4104.74,,,1207.28,179.6,,,40.9,58.5,6.06,,523.135
RSW,StainlessSteel,SS304,Nickel,Ni,104.0,Tin-plated,2847.67,,,2233.19,325.5,,,109.9,71.3,5.29,,611.119
RSW,Copper,Cu,Copper,Cu,247.0,Tin-plated,3861.1,,,1103.36,287.6,,,-3.5,75.6,22.21,,782.836
RSW,Nickel,Ni,Copper,Cu,155.2,Nickel-plated,5633.15,,,1526.51,84.5,,,38.9,48.9,22.18,,310.669
RSW,StainlessSteel,SS304,Nickel,Ni,53.6,Tin-plated,2077.04,,,554.44,207.1,,,-9.6,41.5,17.82,,291.414
RSW,StainlessSteel,SS304,Nickel,Ni,231.6,Bare,1741.44,,,2447.5,346.3,,,61.5,21.0,13.93,,416.301
RSW,Copper,Cu,Copper,Cu,125.2,Carbon-coated,1673.15,,,1445.55,211.8,,,0.4,44.5,12.14,,225.93
RSW,Copper,Cu,Copper,Cu,33.5,Oxide,1482.44,,,1104.23,438.6,,,6.2,69.8,14.11,,450.363
RSW,Copper,Cu,StainlessSteel,SS304,100.2,Carbon-coated,7920.82,,,999.49,130.6,,,26.9,68.1,23.92,,687.554
RSW,Copper,Cu,Copper,Cu,236.4,Nickel-plated,5160.37,,,453.38,73.2,,,-1.1,71.1,20.52,,264.012
RSW,StainlessSteel,SS304,Nickel,Ni,131.7,Carbon-coated,7460.26,,,1515.43,84.3,,,26.3,54.5,24.51,,406.263
RSW,Copper,Cu,Aluminum,Al,117.9,Bare,5388.77,,,955.07,167.8,,,92.1,51.5,20.76,,550.308
RSW,Nickel,Ni,Copper,Cu,175.6,Bare,1602.86,,,2368.61,235.2,,,1.3,44.5,5.87,,267.124
RSW,StainlessSteel,SS304,Nickel,Ni,229.1,Carbon-coated,2440.5,,,1922.47,140.3,,,118.2,49.9,5.79,,230.319
RSW,Copper,Cu,Aluminum,Al,234.1,Bare,5233.95,,,2357.96,409.7,,,115.9,54.7,5.11,,1312.234
RSW,Nickel,Ni,Copper,Cu,44.6,Tin-plated,6922.85,,,1023.72,248.0,,,80.5,36.2,7.08,,976.539
RSW,StainlessSteel,SS304,Nickel,Ni,62.4,Nickel-plated,4141.34,,,1253.77,405.7,,,42.2,34.9,7.75,,978.588
RSW,Nickel,Ni,Copper,Cu,149.7,Nickel-plated,2917.86,,,1846.91,415.0,,,77.2,16.6,15.88,,774.032
RSW,Nickel,Ni,Copper,Cu,35.3,Bare,2670.1,,,1164.23,127.0,,,55.8,68.8,17.45,,219.984
RSW,Aluminum,Al,Aluminum,Al,124.2,Carbon-coated,1026.15,,,2007.49,429.8,,,44.9,56.9,21.3,,297.694
RSW,Copper,Cu,StainlessSteel,SS304,198.0,Oxide,1817.64,,,2280.57,218.7,,,99.6,34.5,5.31,,252.1
RSW,Aluminum,Al,Aluminum,Al,246.9,Nickel-plated,1630.82,,,1751.66,192.5,,,12.8,31.6,14.83,,182.907
RSW,Nickel,Ni,Copper,Cu,115.5,Bare,3533.83,,,1088.6,458.7,,,80.4,23.1,19.44,,1012.367
RSW,StainlessSteel,SS304,Nickel,Ni,88.3,Tin-plated,5808.4,,,1695.42,372.7,,,12.2,49.9,21.35,,1406.283
RSW,Nickel,Ni,Copper,Cu,245.2,Nickel-plated,6757.96,,,1300.87,379.5,,,99.4,71.5,18.88,,1778.346
RSW,Copper,Cu,Copper,Cu,69.5,Oxide,3548.74,,,2226.99,72.4,,,27.3,14.4,17.52,,185.34
RSW,StainlessSteel,SS304,Nickel,Ni,122.2,Tin-plated,4745.84,,,2197.7,254.9,,,8.3,16.1,24.24,,817.165
RSW,StainlessSteel,SS304,Nickel,Ni,117.8,Oxide,1038.29,,,2205.35,82.5,,,70.5,36.3,5.48,,55.926
RSW,Copper,Cu,Copper,Cu,175.4,Tin-plated,7642.98,,,1419.91,362.4,,,70.4,21.6,21.87,,1926.659
RSW,StainlessSteel,SS304,Nickel,Ni,75.7,Nickel-plated,5924.01,,,1003.76,79.2,,,102.2,33.7,24.09,,324.462
RSW,Nickel,Ni,Copper,Cu,232.7,Bare,6941.24,,,1374.95,260.7,,,28.3,33.2,18.66,,1170.218
RSW,StainlessSteel,SS304,Nickel,Ni,76.7,Tin-plated,4680.66,,,1530.04,310.2,,,116.7,71.6,23.58,,1015.991
RSW,Nickel,Ni,Copper,Cu,191.2,Bare,5737.34,,,889.05,314.1,,,37.7,55.1,20.94,,1160.773
RSW,Nickel,Ni,Copper,Cu,160.8,Nickel-plated,3292.43,,,670.3,219.1,,,68.0,73.7,10.79,,418.91
RSW,Copper,Cu,StainlessSteel,SS304,216.3,Bare,7784.26,,,1829.46,291.0,,,48.3,59.0,10.65,,1489.844
RSW,Nickel,Ni,Copper,Cu,221.3,Bare,4529.73,,,2345.96,322.1,,,100.0,43.4,6.6,,887.175
RSW,Nickel,Ni,Copper,Cu,233.9,Oxide,6203.6,,,1632.79,260.5,,,111.0,31.6,18.6,,1013.338
RSW,Nickel,Ni,Copper,Cu,70.1,Bare,6442.56,,,2124.24,331.1,,,8.3,61.7,22.83,,1338.883
RSW,StainlessSteel,SS304,Nickel,Ni,193.2,Bare,6468.39,,,302.83,203.9,,,58.6,26.0,15.78,,772.112
RSW,Nickel,Ni,Copper,Cu,92.7,Carbon-coated,2025.85,,,963.93,486.4,,,30.1,48.7,18.07,,622.555
RSW,Copper,Cu,Aluminum,Al,120.4,Anodized,6161.14,,,331.46,211.5,,,12.9,45.9,11.66,,743.475
RSW,Aluminum,Al,Aluminum,Al,173.5,Bare,2856.56,,,1091.64,121.0,,,29.0,30.7,9.78,,205.556
RSW,Nickel,Ni,Copper,Cu,202.4,Bare,6525.67,,,1123.52,492.2,,,35.9,78.1,17.67,,2187.178
RSW,Nickel,Ni,Copper,Cu,100.5,Tin-plated,3397.91,,,2266.49,350.4,,,73.0,54.8,10.31,,784.5
RSW,StainlessSteel,SS304,Nickel,Ni,95.1,Bare,6277.92,,,1034.62,434.8,,,33.3,23.0,18.62,,1731.652
RSW,Nickel,Ni,Copper,Cu,41.1,Anodized,6328.01,,,726.77,391.6,,,107.4,29.8,6.25,,1495.178
RSW,StainlessSteel,SS304,Nickel,Ni,135.0,Anodized,6600.25,,,1446.63,247.3,,,-9.4,25.7,6.21,,999.125
RSW,Copper,Cu,Copper,Cu,152.7,Tin-plated,7432.94,,,2370.67,474.1,,,83.7,35.6,15.69,,2577.895
RSW,StainlessSteel,SS304,Nickel,Ni,112.6,Oxide,1987.1,,,1817.48,158.3,,,95.0,49.7,11.01,,206.598
RSW,Copper,Cu,Aluminum,Al,181.1,Tin-plated,2109.06,,,2167.34,350.6,,,112.5,54.6,5.92,,512.203
RSW,StainlessSteel,SS304,Nickel,Ni,105.6,Bare,7633.73,,,944.83,454.7,,,66.8,31.7,20.15,,1981.726
RSW,Copper,Cu,StainlessSteel,SS304,100.0,Carbon-coated,4317.2,,,1272.43,460.0,,,113.5,27.3,6.29,,1366.032
RSW,Aluminum,Al,Aluminum,Al,67.7,Bare,6448.66,,,972.39,159.0,,,12.9,54.0,10.97,,668.046
RSW,StainlessSteel,SS304,Nickel,Ni,148.7,Oxide,1023.37,,,1710.68,344.5,,,118.1,41.1,13.78,,229.842
RSW,Copper,Cu,Copper,Cu,162.1,Bare,1705.35,,,1524.29,202.0,,,6.5,60.9,13.25,,244.799
RSW,Nickel,Ni,Copper,Cu,107.7,Tin-plated,5868.15,,,654.97,232.2,,,101.5,13.8,20.5,,845.411
RSW,Nickel,Ni,Copper,Cu,118.1,Oxide,5106.29,,,1103.34,405.4,,,95.9,73.3,7.52,,1329.106
RSW,StainlessSteel,SS304,Nickel,Ni,60.9,Bare,6671.92,,,2219.5,242.7,,,-1.7,17.5,13.44,,998.019
RSW,Copper,Cu,Aluminum,Al,75.7,Bare,1113.42,,,1445.66,305.6,,,1.5,58.1,12.89,,198.439
RSW,StainlessSteel,SS304,Nickel,Ni,146.8,Bare,6639.61,,,794.38,169.1,,,57.9,43.5,20.99,,727.898
RSW,Aluminum,Al,Aluminum,Al,194.4,Tin-plated,1791.86,,,2167.02,86.1,,,-4.4,59.4,20.37,,96.004
RSW,Copper,Cu,StainlessSteel,SS304,222.2,Oxide,4669.93,,,1102.53,473.5,,,51.2,29.2,17.1,,1316.986
RSW,Nickel,Ni,Copper,Cu,200.5,Tin-plated,4599.15,,,2220.9,84.7,,,81.0,57.5,22.38,,273.111
RSW,Aluminum,Al,Aluminum,Al,161.0,Bare,3094.93,,,854.02,488.1,,,10.9,67.2,19.87,,896.488
RSW,Copper,Cu,Aluminum,Al,239.5,Oxide,2448.11,,,2445.48,297.9,,,-7.0,59.2,17.03,,421.771
RSW,Nickel,Ni,Copper,Cu,232.4,Nickel-plated,5489.29,,,2152.84,214.8,,,74.7,38.3,22.77,,838.001
RSW,Copper,Cu,StainlessSteel,SS304,206.8,Bare,1253.68,,,637.42,487.6,,,33.8,46.2,5.08,,372.278
RSW,Copper,Cu,Copper,Cu,244.9,Oxide,2124.58,,,1013.02,163.9,,,106.1,71.9,14.18,,213.434
RSW,Copper,Cu,Copper,Cu,72.4,Anodized,3007.2,,,1638.86,316.7,,,-9.2,78.9,19.41,,670.751
RSW,Copper,Cu,Copper,Cu,191.9,Bare,6584.56,,,1346.57,192.7,,,93.9,56.6,6.19,,783.439
RSW,Aluminum,Al,Aluminum,Al,151.7,Nickel-plated,2493.43,,,1633.25,118.8,,,-9.2,45.3,13.51,,185.682
RSW,StainlessSteel,SS304,Nickel,Ni,156.0,Tin-plated,6552.58,,,381.82,171.4,,,2.3,29.6,15.23,,750.795
RSW,Aluminum,Al,Aluminum,Al,213.2,Nickel-plated,4736.16,,,1454.07,337.5,,,67.6,66.5,5.95,,1056.113
RSW,StainlessSteel,SS304,Nickel,Ni,172.3,Bare,5119.68,,,2423.45,58.9,,,58.8,79.1,11.3,,200.7
RSW,Copper,Cu,StainlessSteel,SS304,103.4,Bare,5636.45,,,1572.04,356.2,,,33.3,57.2,5.99,,1184.428
RSW,Copper,Cu,Copper,Cu,228.4,Bare,4777.35,,,1431.94,305.9,,,34.3,45.8,24.59,,998.137
RSW,Copper,Cu,StainlessSteel,SS304,189.7,Bare,1324.59,,,1322.87,350.6,,,87.2,28.0,20.11,,308.874
RSW,Nickel,Ni,Copper,Cu,153.2,Carbon-coated,6007.48,,,338.67,397.5,,,41.1,21.1,24.22,,1387.273
RSW,Copper,Cu,Copper,Cu,114.3,Nickel-plated,4557.12,,,1478.4,470.3,,,116.6,67.9,19.2,,1464.286
RSW,Copper,Cu,Copper,Cu,102.6,Nickel-plated,4712.82,,,1949.29,76.8,,,90.5,58.2,10.23,,245.608
RSW,Nickel,Ni,Copper,Cu,163.4,Nickel-plated,5493.15,,,855.97,347.5,,,91.1,36.6,4.25,,1303.442
RSW,Aluminum,Al,Aluminum,Al,43.8,Nickel-plated,5561.22,,,554.76,245.1,,,61.7,59.0,24.49,,931.353
RSW,Nickel,Ni,Copper,Cu,154.0,Bare,1336.84,,,1748.7,348.2,,,87.3,24.1,19.63,,293.458
RSW,StainlessSteel,SS304,Nickel,Ni,96.0,Bare,7406.37,,,567.76,314.6,,,54.1,58.5,19.01,,1350.694
RSW,Nickel,Ni,Copper,Cu,122.6,Bare,4453.73,,,2101.65,470.9,,,102.0,73.4,11.74,,1303.153
RSW,StainlessSteel,SS304,Nickel,Ni,213.8,Oxide,6602.1,,,2301.84,181.3,,,18.4,35.5,14.77,,797.882
RSW,Copper,Cu,StainlessSteel,SS304,222.9,Bare,3946.74,,,734.62,447.8,,,102.7,27.2,7.63,,1030.062
RSW,StainlessSteel,SS304,Nickel,Ni,81.1,Nickel-plated,4096.66,,,1977.18,425.9,,,50.8,24.9,6.58,,1121.479
RSW,StainlessSteel,SS304,Nickel,Ni,173.0,Oxide,4321.17,,,896.51,144.9,,,101.3,48.5,15.68,,423.833
RSW,Copper,Cu,Copper,Cu,42.5,Bare,1148.35,,,1926.1,177.8,,,67.0,76.6,12.95,,122.476
RSW,StainlessSteel,SS304,Nickel,Ni,193.0,Nickel-plated,1339.63,,,2005.53,377.5,,,85.9,71.1,13.81,,296.564
RSW,Copper,Cu,StainlessSteel,SS304,222.0,Nickel-plated,2862.21,,,580.65,290.3,,,64.6,48.6,13.98,,501.3
RSW,Nickel,Ni,Copper,Cu,194.1,Tin-plated,5692.28,,,538.28,375.2,,,102.9,45.3,4.96,,1485.473
RSW,Copper,Cu,StainlessSteel,SS304,115.1,Oxide,2723.12,,,1898.66,483.8,,,26.4,36.9,17.93,,851.046
RSW,Nickel,Ni,Copper,Cu,200.5,Oxide,7701.25,,,563.55,161.3,,,-0.7,18.0,7.57,,843.96
RSW,Nickel,Ni,Copper,Cu,208.0,Bare,6085.01,,,1516.46,241.7,,,59.8,31.0,14.98,,948.976
RSW,Copper,Cu,Copper,Cu,198.4,Tin-plated,3413.49,,,396.8,194.3,,,49.2,59.6,13.5,,399.911
RSW,StainlessSteel,SS304,Nickel,Ni,72.9,Bare,5264.25,,,1355.79,190.3,,,-4.6,33.6,14.41,,648.16
RSW,StainlessSteel,SS304,Nickel,Ni,226.0,Bare,1279.62,,,967.33,402.8,,,96.1,52.1,7.76,,339.846
RSW,Nickel,Ni,Copper,Cu,200.2,Tin-plated,7367.37,,,366.71,481.9,,,18.7,76.0,6.73,,2477.391
RSW,Aluminum,Al,Aluminum,Al,141.1,Nickel-plated,7325.76,,,1453.44,364.4,,,52.8,47.7,21.56,,1880.346
RSW,Aluminum,Al,Aluminum,Al,86.0,Nickel-plated,5099.44,,,1525.22,364.2,,,54.1,57.9,22.57,,1054.158
RSW,StainlessSteel,SS304,Nickel,Ni,30.7,Bare,7953.86,,,896.83,353.0,,,62.3,32.8,6.14,,1718.842
RSW,Copper,Cu,Copper,Cu,165.2,Nickel-plated,5272.01,,,1688.45,214.9,,,30.9,15.1,6.84,,705.588
RSW,Copper,Cu,Copper,Cu,163.7,Oxide,6325.45,,,524.63,405.0,,,40.9,67.1,24.3,,1587.82
RSW,Aluminum,Al,Aluminum,Al,38.3,Nickel-plated,7717.91,,,1849.7,118.7,,,44.6,73.9,4.65,,633.189
RSW,Aluminum,Al,Aluminum,Al,227.0,Bare,4599.58,,,1737.84,268.6,,,38.1,68.1,15.17,,728.752
RSW,StainlessSteel,SS304,Nickel,Ni,146.1,Nickel-plated,5314.32,,,1299.33,387.9,,,38.3,54.7,10.1,,1267.045
RSW,Copper,Cu,Copper,Cu,157.4,Bare,7528.26,,,1294.91,321.2,,,80.5,37.0,13.58,,1541.962
RSW,Copper,Cu,Copper,Cu,37.2,Tin-plated,5452.5,,,1394.66,340.8,,,112.0,73.5,12.02,,1286.393
RSW,Copper,Cu,Copper,Cu,213.3,Nickel-plated,2537.18,,,745.53,377.3,,,100.3,56.4,23.8,,605.878
RSW,Aluminum,Al,Aluminum,Al,103.1,Oxide,5969.22,,,551.09,458.5,,,95.8,15.3,8.27,,1614.608
RSW,StainlessSteel,SS304,Nickel,Ni,243.1,Bare,5256.56,,,774.03,115.3,,,27.1,79.8,16.26,,401.461
RSW,StainlessSteel,SS304,Nickel,Ni,35.4,Carbon-coated,1070.88,,,971.82,288.6,,,103.2,11.3,15.75,,175.141
RSW,Copper,Cu,StainlessSteel,SS304,185.6,Nickel-plated,4869.93,,,1865.8,120.3,,,45.0,41.5,7.63,,362.6
RSW,StainlessSteel,SS304,Nickel,Ni,204.4,Bare,7832.27,,,972.59,131.8,,,104.5,77.1,19.29,,706.686
RSW,Aluminum,Al,Aluminum,Al,211.6,Anodized,2314.95,,,2476.47,400.6,,,109.3,51.2,5.76,,574.592
RSW,Nickel,Ni,Copper,Cu,231.7,Tin-plated,7893.58,,,1411.99,188.7,,,57.9,48.2,18.45,,913.457
RSW,StainlessSteel,SS304,Nickel,Ni,54.2,Bare,6401.95,,,898.87,168.4,,,34.1,75.6,19.91,,734.025
RSW,Aluminum,Al,Aluminum,Al,70.4,Nickel-plated,7978.64,,,2235.37,261.4,,,-7.3,79.4,23.54,,1294.546
RSW,Copper,Cu,Copper,Cu,46.0,Nickel-plated,4702.45,,,763.15,259.3,,,71.1,14.8,22.97,,722.932
RSW,Aluminum,Al,Aluminum,Al,87.1,Bare,1364.93,,,1685.28,181.6,,,114.6,24.7,17.25,,158.941
RSW,Copper,Cu,Copper,Cu,102.1,Tin-plated,5189.04,,,1054.83,351.8,,,3.6,76.9,7.04,,1177.739
RSW,Copper,Cu,StainlessSteel,SS304,205.3,Tin-plated,6196.68,,,1866.89,209.0,,,15.4,30.8,18.36,,789.057
RSW,Copper,Cu,Copper,Cu,116.3,Tin-plated,6454.74,,,526.6,78.7,,,47.6,29.1,11.95,,334.424
RSW,Nickel,Ni,Copper,Cu,84.0,Bare,7261.0,,,2186.92,290.4,,,84.9,37.8,23.5,,1226.295
RSW,Aluminum,Al,Aluminum,Al,111.7,Tin-plated,5374.83,,,1750.2,68.7,,,13.5,27.1,17.77,,231.523
RSW,Nickel,Ni,Copper,Cu,199.4,Bare,4011.62,,,1818.57,485.8,,,68.9,23.7,8.52,,1337.245
RSW,StainlessSteel,SS304,Nickel,Ni,169.1,Bare,3457.36,,,470.52,342.8,,,106.8,65.5,18.34,,819.44
RSW,Nickel,Ni,Copper,Cu,52.2,Bare,2551.89,,,1464.44,165.2,,,86.6,33.7,19.53,,252.293
RSW,Copper,Cu,Aluminum,Al,210.8,Bare,7074.4,,,1966.28,333.8,,,43.1,15.2,18.52,,1550.651
RSW,Copper,Cu,StainlessSteel,SS304,239.5,Tin-plated,3459.81,,,2003.84,327.1,,,75.7,32.4,13.53,,742.566
RSW,Nickel,Ni,Copper,Cu,46.1,Bare,1203.01,,,676.37,201.0,,,110.6,15.4,11.03,,154.574
RSW,Copper,Cu,Aluminum,Al,32.6,Nickel-plated,4541.98,,,1352.62,451.4,,,-4.3,20.9,18.37,,1339.768
RSW,Nickel,Ni,Copper,Cu,119.6,Bare,6922.55,,,1279.04,382.3,,,119.5,30.8,17.27,,1711.641
RSW,StainlessSteel,SS304,Nickel,Ni,80.6,Bare,4004.21,,,639.86,116.0,,,88.0,39.3,17.19,,312.096
RSW,StainlessSteel,SS304,Nickel,Ni,246.0,Bare,7565.27,,,2151.32,392.1,,,1.4,48.7,13.83,,2022.302
RSW,Nickel,Ni,Copper,Cu,67.2,Tin-plated,1569.5,,,1880.8,295.6,,,76.4,64.3,5.9,,334.282
RSW,Nickel,Ni,Copper,Cu,92.9,Bare,2759.35,,,856.51,415.9,,,105.6,25.0,12.59,,771.219
RSW,StainlessSteel,SS304,Nickel,Ni,51.9,Tin-plated,2671.79,,,741.15,150.1,,,95.3,35.4,24.41,,275.178
RSW,Aluminum,Al,Aluminum,Al,243.1,Nickel-plated,6328.98,,,1607.72,311.0,,,47.9,21.3,18.32,,1356.37
RSW,Nickel,Ni,Copper,Cu,98.7,Nickel-plated,6801.23,,,1275.3,398.2,,,96.5,77.5,10.2,,1567.751
RSW,Copper,Cu,Copper,Cu,147.9,Nickel-plated,5730.13,,,1499.29,497.8,,,85.8,49.1,15.35,,1664.519
RSW,Nickel,Ni,Copper,Cu,216.8,Bare,4978.9,,,2218.18,199.5,,,114.3,31.4,14.7,,670.492
RSW,StainlessSteel,SS304,Nickel,Ni,77.4,Nickel-plated,4167.71,,,1324.15,401.1,,,116.4,71.4,18.99,,1155.918
RSW,Nickel,Ni,Copper,Cu,178.5,Nickel-plated,2388.59,,,2036.41,162.3,,,114.9,70.6,22.07,,244.575
RSW,StainlessSteel,SS304,Nickel,Ni,241.6,Anodized,7773.09,,,649.96,487.1,,,96.1,44.2,22.4,,2176.571
RSW,Copper,Cu,Copper,Cu,166.1,Oxide,7718.65,,,2323.67,363.1,,,94.4,67.5,8.1,,1779.251
RSW,StainlessSteel,SS304,Nickel,Ni,73.3,Bare,3016.33,,,502.57,392.7,,,40.3,49.8,7.82,,765.264
RSW,Copper,Cu,Copper,Cu,86.7,Tin-plated,4166.19,,,2260.67,431.7,,,46.2,58.3,20.55,,1173.365
RSW,StainlessSteel,SS304,Nickel,Ni,170.4,Bare,2749.76,,,2451.25,58.7,,,27.3,45.7,24.57,,113.31
RSW,Copper,Cu,Aluminum,Al,41.5,Bare,6709.03,,,773.54,374.7,,,61.5,32.8,10.16,,1532.691
RSW,Nickel,Ni,Copper,Cu,179.3,Bare,7298.47,,,1047.9,496.2,,,114.3,64.0,11.41,,2075.82
RSW,StainlessSteel,SS304,Nickel,Ni,180.8,Nickel-plated,1242.39,,,2476.54,329.3,,,49.1,79.0,11.95,,263.198
RSW,Copper,Cu,Copper,Cu,131.4,Nickel-plated,1495.49,,,1393.43,254.9,,,0.3,39.2,20.78,,266.233
RSW,Nickel,Ni,Copper,Cu,203.8,Carbon-coated,3610.99,,,2108.07,68.2,,,61.3,20.9,21.35,,166.74
RSW,Nickel,Ni,Copper,Cu,43.9,Nickel-plated,1175.77,,,853.41,354.0,,,-4.0,74.9,6.93,,285.776
RSW,Copper,Cu,Aluminum,Al,125.1,Nickel-plated,4904.32,,,1908.88,320.5,,,35.6,36.4,12.17,,984.678
RSW,Nickel,Ni,Copper,Cu,91.9,Carbon-coated,7463.87,,,419.27,404.2,,,43.7,37.8,16.33,,1712.853
RSW,Copper,Cu,StainlessSteel,SS304,53.1,Bare,2913.63,,,1757.97,422.7,,,59.1,18.8,14.02,,812.161
RSW,Copper,Cu,Copper,Cu,182.1,Bare,5553.42,,,684.01,250.7,,,36.4,28.5,14.09,,947.458
RSW,Copper,Cu,Aluminum,Al,173.3,Bare,4317.22,,,850.4,117.8,,,51.9,27.0,20.54,,323.047
RSW,Nickel,Ni,Copper,Cu,216.5,Anodized,3094.55,,,755.26,197.3,,,41.4,31.2,17.59,,365.027
RSW,StainlessSteel,SS304,Nickel,Ni,192.3,Bare,6058.89,,,1790.52,267.5,,,51.3,23.3,15.75,,1038.343
RSW,Nickel,Ni,Copper,Cu,85.7,Bare,7812.46,,,625.1,210.9,,,2.6,32.1,16.1,,1091.248
RSW,Copper,Cu,Copper,Cu,70.2,Nickel-plated,7127.82,,,1362.58,381.2,,,73.3,20.2,5.07,,1788.658
RSW,Copper,Cu,Copper,Cu,92.1,Bare,3926.71,,,1030.01,188.4,,,-5.9,43.9,20.03,,518.928
RSW,Nickel,Ni,Copper,Cu,135.1,Nickel-plated,3418.35,,,2051.12,120.1,,,-2.7,57.0,8.61,,291.373
RSW,Copper,Cu,Copper,Cu,116.7,Oxide,7317.62,,,2449.66,428.8,,,14.8,15.3,5.19,,2076.313
RSW,Copper,Cu,Aluminum,Al,53.6,Nickel-plated,3851.75,,,820.74,132.5,,,102.2,17.7,13.68,,305.899
RSW,Copper,Cu,StainlessSteel,SS304,233.0,Oxide,7074.98,,,397.2,372.3,,,64.5,45.2,8.45,,1510.135
RSW,Copper,Cu,Aluminum,Al,119.8,Bare,4718.23,,,560.25,448.5,,,52.4,21.6,10.65,,1479.513
RSW,StainlessSteel,SS304,Nickel,Ni,51.1,Nickel-plated,3533.06,,,2180.97,207.2,,,-5.1,78.4,15.25,,426.651
RSW,Copper,Cu,Copper,Cu,234.3,Bare,4031.03,,,2268.81,359.5,,,71.0,15.4,15.5,,857.603
RSW,Nickel,Ni,Copper,Cu,34.0,Bare,7907.29,,,648.08,56.5,,,24.8,42.3,8.54,,268.082
RSW,Nickel,Ni,Copper,Cu,202.6,Bare,4459.8,,,2249.39,368.2,,,59.6,18.9,5.1,,1164.028
RSW,StainlessSteel,SS304,Nickel,Ni,228.7,Anodized,4284.71,,,721.19,146.7,,,35.7,44.2,24.96,,410.158
RSW,StainlessSteel,SS304,Nickel,Ni,115.8,Bare,7953.93,,,2122.3,290.8,,,99.1,51.2,7.15,,1616.775
RSW,Copper,Cu,StainlessSteel,SS304,219.7,Tin-plated,5295.04,,,1396.98,131.0,,,66.7,59.1,8.75,,436.487
RSW,StainlessSteel,SS304,Nickel,Ni,70.0,Carbon-coated,4821.33,,,830.89,345.1,,,51.6,67.8,17.09,,1106.374
RSW,Nickel,Ni,Copper,Cu,108.6,Nickel-plated,4596.31,,,1219.9,381.5,,,38.9,43.4,8.81,,1229.759
RSW,StainlessSteel,SS304,Nickel,Ni,102.1,Bare,3406.73,,,624.63,283.8,,,4.9,24.4,12.47,,602.933
RSW,Nickel,Ni,Copper,Cu,201.7,Nickel-plated,1466.92,,,2437.6,454.3,,,22.2,66.4,12.91,,419.942
RSW,Aluminum,Al,Aluminum,Al,192.5,Tin-plated,5000.02,,,2165.55,398.5,,,58.4,53.5,19.73,,1230.658
RSW,StainlessSteel,SS304,Nickel,Ni,244.1,Bare,4266.9,,,1041.74,172.0,,,69.3,70.1,6.73,,412.246
RSW,Copper,Cu,Copper,Cu,169.4,Tin-plated,2928.44,,,757.35,410.3,,,-4.8,66.2,23.44,,768.604
RSW,Copper,Cu,Copper,Cu,154.4,Bare,4370.62,,,1570.43,494.3,,,30.4,28.2,19.22,,1469.548
RSW,Copper,Cu,StainlessSteel,SS304,49.9,Tin-plated,7056.96,,,1033.16,417.8,,,112.7,20.0,10.66,,1919.533
RSW,Copper,Cu,StainlessSteel,SS304,111.4,Tin-plated,3706.35,,,1857.92,422.1,,,91.6,69.0,23.89,,1090.402
RSW,StainlessSteel,SS304,Nickel,Ni,227.0,Bare,1345.51,,,377.97,157.1,,,7.0,73.0,15.11,,133.876
RSW,Copper,Cu,Aluminum,Al,68.2,Tin-plated,6724.83,,,496.94,150.6,,,48.8,73.3,5.01,,580.504
RSW,StainlessSteel,SS304,Nickel,Ni,164.3,Oxide,6103.05,,,1955.96,164.7,,,8.5,59.5,20.96,,722.23
RSW,Nickel,Ni,Copper,Cu,92.6,Nickel-plated,4814.98,,,790.55,89.4,,,119.8,53.5,9.09,,265.472
RSW,Copper,Cu,Copper,Cu,202.0,Bare,5423.57,,,1400.46,214.7,,,37.3,63.8,22.85,,657.435
RSW,Nickel,Ni,Copper,Cu,198.9,Nickel-plated,1564.75,,,1866.33,114.7,,,109.9,53.3,4.18,,127.282
RSW,StainlessSteel,SS304,Nickel,Ni,177.9,Tin-plated,2739.77,,,1115.1,144.9,,,20.3,29.3,8.86,,244.41
RSW,Copper,Cu,Copper,Cu,151.9,Tin-plated,4482.01,,,2112.55,381.1,,,88.7,20.4,7.89,,1139.969
RSW,Nickel,Ni,Copper,Cu,192.3,Oxide,1650.37,,,1427.58,388.7,,,68.1,76.4,6.03,,438.726
RSW,StainlessSteel,SS304,Nickel,Ni,184.8,Bare,5417.13,,,1838.55,398.9,,,101.3,28.2,14.47,,1447.88
RSW,Copper,Cu,Copper,Cu,237.0,Carbon-coated,6847.75,,,2484.63,231.6,,,98.1,75.9,15.17,,1148.067
RSW,Aluminum,Al,Aluminum,Al,69.5,Bare,7419.91,,,1505.75,364.6,,,24.2,26.6,12.75,,1769.685
RSW,Nickel,Ni,Copper,Cu,136.4,Oxide,1816.69,,,2346.2,322.3,,,61.3,77.4,17.65,,422.616
RSW,Copper,Cu,Copper,Cu,89.6,Anodized,2815.97,,,1340.86,380.6,,,91.3,30.9,18.02,,753.992
RSW,Aluminum,Al,Aluminum,Al,77.6,Oxide,3542.88,,,321.24,234.9,,,110.6,57.3,6.42,,546.438
RSW,StainlessSteel,SS304,Nickel,Ni,91.5,Nickel-plated,2081.08,,,1942.98,204.2,,,71.3,11.1,23.29,,296.942
RSW,Copper,Cu,Copper,Cu,71.0,Oxide,5861.69,,,2027.84,465.1,,,111.7,57.5,24.47,,1563.141
RSW,StainlessSteel,SS304,Nickel,Ni,94.2,Bare,1630.42,,,1887.1,489.3,,,59.2,59.8,16.6,,561.767
RSW,StainlessSteel,SS304,Nickel,Ni,232.0,Bare,2550.43,,,703.32,258.8,,,10.2,27.5,12.38,,421.698
RSW,Copper,Cu,Aluminum,Al,78.2,Bare,5629.09,,,1519.78,218.5,,,26.8,65.7,13.17,,830.988
RSW,Copper,Cu,Copper,Cu,160.9,Oxide,4528.38,,,1218.85,491.1,,,114.8,29.1,15.87,,1507.414
RSW,Copper,Cu,Aluminum,Al,165.0,Bare,3060.96,,,1763.52,373.7,,,64.5,27.9,20.6,,800.512
RSW,Nickel,Ni,Copper,Cu,104.3,Carbon-coated,1308.06,,,1065.28,477.4,,,107.2,30.3,5.38,,443.601
RSW,Copper,Cu,Copper,Cu,113.0,Tin-plated,3607.51,,,2268.16,357.8,,,112.1,46.1,8.99,,934.543
RSW,Copper,Cu,Copper,Cu,158.6,Bare,4019.04,,,1985.86,155.0,,,41.2,13.5,16.88,,430.676
RSW,Nickel,Ni,Copper,Cu,222.8,Bare,2475.66,,,1772.58,374.3,,,58.2,24.9,17.21,,623.619
RSW,Copper,Cu,Copper,Cu,128.1,Bare,5635.03,,,1964.94,153.9,,,62.5,76.9,9.14,,552.256
RSW,Copper,Cu,Copper,Cu,156.3,Oxide,1256.65,,,1507.51,56.8,,,42.2,73.0,21.6,,50.031
RSW,Copper,Cu,Aluminum,Al,122.0,Bare,3432.8,,,1341.78,170.2,,,84.0,71.3,17.01,,334.648
RSW,Nickel,Ni,Copper,Cu,188.2,Bare,6534.73,,,2094.09,84.7,,,21.5,50.1,22.52,,322.304
RSW,Copper,Cu,Aluminum,Al,201.5,Tin-plated,5086.65,,,1824.44,101.3,,,40.1,47.4,13.02,,328.694
RSW,Copper,Cu,Copper,Cu,246.6,Bare,1737.41,,,708.73,148.9,,,20.8,76.3,21.64,,164.727
RSW,Copper,Cu,Copper,Cu,234.6,Bare,2682.31,,,953.81,68.8,,,25.9,23.1,24.42,,126.169
RSW,StainlessSteel,SS304,Nickel,Ni,116.9,Tin-plated,3581.5,,,892.59,457.3,,,30.7,79.5,12.63,,943.509
RSW,StainlessSteel,SS304,Nickel,Ni,232.9,Nickel-plated,6385.89,,,1678.71,460.9,,,90.2,53.6,10.18,,2109.551
RSW,Copper,Cu,Copper,Cu,58.8,Bare,2635.49,,,318.28,52.6,,,113.7,45.6,20.49,,94.711
RSW,Copper,Cu,StainlessSteel,SS304,126.7,Bare,2372.36,,,1930.67,258.4,,,-6.1,28.9,13.86,,440.744
RSW,StainlessSteel,SS304,Nickel,Ni,189.5,Nickel-plated,3185.88,,,1616.95,282.5,,,45.1,32.1,17.7,,636.958
RSW,Copper,Cu,Aluminum,Al,127.3,Bare,3838.77,,,1242.76,216.0,,,70.8,18.7,21.48,,491.955
RSW,Nickel,Ni,Copper,Cu,88.2,Bare,2470.36,,,1126.25,228.2,,,31.4,67.1,20.8,,318.762
RSW,Nickel,Ni,Copper,Cu,85.9,Tin-plated,1615.95,,,2263.11,182.2,,,29.8,51.8,15.75,,195.892
RSW,StainlessSteel,SS304,Nickel,Ni,243.1,Tin-plated,3674.09,,,1435.83,350.8,,,114.0,48.0,10.23,,904.825
RSW,Nickel,Ni,Copper,Cu,50.3,Bare,3266.32,,,366.7,143.7,,,70.5,23.8,13.89,,312.752
RSW,Copper,Cu,StainlessSteel,SS304,149.9,Bare,2341.43,,,1658.58,262.7,,,69.6,47.1,11.64,,419.865
RSW,Copper,Cu,StainlessSteel,SS304,246.8,Oxide,5100.33,,,1203.01,123.6,,,58.9,56.7,23.58,,373.315
RSW,Copper,Cu,StainlessSteel,SS304,215.1,Bare,7978.73,,,2243.59,173.2,,,3.4,79.6,10.94,,850.127
RSW,Nickel,Ni,Copper,Cu,49.5,Bare,1863.85,,,686.11,314.0,,,49.5,19.1,21.2,,403.681
RSW,Copper,Cu,StainlessSteel,SS304,185.2,Nickel-plated,5273.4,,,1872.4,158.0,,,48.8,50.2,6.6,,483.674
RSW,Copper,Cu,Copper,Cu,103.4,Nickel-plated,4333.39,,,1408.3,387.6,,,113.0,25.0,19.78,,1148.804
RSW,Aluminum,Al,Aluminum,Al,225.3,Nickel-plated,6406.05,,,1823.55,122.0,,,3.2,40.6,6.37,,533.128
RSW,Nickel,Ni,Copper,Cu,162.9,Bare,4583.44,,,449.05,334.3,,,-2.2,50.3,9.71,,940.946
RSW,Nickel,Ni,Copper,Cu,31.5,Bare,1643.45,,,1292.21,214.7,,,40.1,39.8,4.83,,234.925
RSW,StainlessSteel,SS304,Nickel,Ni,83.9,Nickel-plated,1403.58,,,473.9,64.0,,,118.9,62.6,8.65,,50.273
RSW,Copper,Cu,Aluminum,Al,79.2,Bare,6871.43,,,1020.74,208.7,,,59.0,50.9,6.42,,928.19
RSW,Nickel,Ni,Copper,Cu,65.7,Bare,6912.08,,,394.08,451.7,,,92.2,62.0,13.08,,1732.878
RSW,Aluminum,Al,Aluminum,Al,181.6,Nickel-plated,3066.16,,,1893.72,66.7,,,83.9,67.0,23.38,,126.864
RSW,Copper,Cu,Aluminum,Al,168.7,Bare,1326.94,,,2191.24,204.9,,,25.7,18.3,7.68,,190.892
RSW,Nickel,Ni,Copper,Cu,116.2,Nickel-plated,3589.63,,,1506.55,499.5,,,61.1,25.5,14.64,,1184.374
RSW,Copper,Cu,Copper,Cu,129.3,Nickel-plated,4215.72,,,2270.0,199.6,,,90.8,12.1,6.04,,541.127
RSW,Copper,Cu,Copper,Cu,38.2,Nickel-plated,3450.27,,,1891.07,241.3,,,11.4,36.1,20.29,,595.59
RSW,Aluminum,Al,Aluminum,Al,199.9,Carbon-coated,2182.74,,,924.65,242.7,,,34.7,14.7,18.89,,371.687
RSW,Aluminum,Al,Aluminum,Al,191.4,Bare,2582.7,,,2176.64,423.2,,,-0.1,49.3,16.66,,702.164
RSW,Aluminum,Al,Aluminum,Al,30.5,Bare,2849.48,,,886.96,201.5,,,47.5,70.7,11.89,,327.136
RSW,StainlessSteel,SS304,Nickel,Ni,73.9,Bare,7921.33,,,1719.6,172.3,,,44.2,46.4,18.33,,979.117
RSW,Nickel,Ni,Copper,Cu,98.9,Bare,1502.26,,,1265.86,266.5,,,51.8,30.7,18.81,,265.095
RSW,Nickel,Ni,Copper,Cu,144.6,Bare,6460.5,,,588.2,267.3,,,15.1,17.7,4.34,,1203.966
RSW,Copper,Cu,Aluminum,Al,136.4,Bare,3418.96,,,581.87,426.1,,,111.9,38.6,7.26,,871.099
RSW,Nickel,Ni,Copper,Cu,205.8,Oxide,1932.33,,,1790.42,61.4,,,49.7,59.3,5.07,,73.913
RSW,Copper,Cu,StainlessSteel,SS304,173.6,Bare,1179.29,,,474.33,428.4,,,87.0,41.2,6.07,,300.858
RSW,Nickel,Ni,Copper,Cu,122.3,Nickel-plated,1777.84,,,2049.09,249.9,,,14.6,13.8,13.88,,278.855
RSW,StainlessSteel,SS304,Nickel,Ni,203.8,Oxide,6890.03,,,2060.89,345.8,,,51.8,60.2,7.35,,1627.197
RSW,StainlessSteel,SS304,Nickel,Ni,118.4,Bare,1654.75,,,830.32,485.5,,,75.3,45.9,7.91,,510.193
RSW,Copper,Cu,Copper,Cu,214.6,Bare,7223.23,,,2465.38,413.1,,,97.0,11.3,20.08,,2123.676
RSW,Nickel,Ni,Copper,Cu,75.2,Tin-plated,3180.52,,,1984.74,96.9,,,-3.8,38.4,4.02,,204.164
RSW,Copper,Cu,StainlessSteel,SS304,115.2,Tin-plated,2331.58,,,702.55,238.6,,,64.0,73.6,14.3,,370.82
RSW,Copper,Cu,Copper,Cu,54.8,Oxide,5035.22,,,1760.11,419.3,,,9.8,36.9,7.24,,1385.373
RSW,StainlessSteel,SS304,Nickel,Ni,139.0,Oxide,3243.68,,,633.0,105.4,,,79.4,17.4,17.8,,217.294
RSW,Copper,Cu,Copper,Cu,234.9,Oxide,7939.78,,,1084.96,354.7,,,93.9,35.6,13.65,,1924.863
RSW,Copper,Cu,StainlessSteel,SS304,210.4,Anodized,7031.18,,,888.56,405.8,,,36.7,62.9,7.45,,1745.244
RSW,Copper,Cu,Copper,Cu,160.8,Carbon-coated,5609.93,,,1447.35,255.7,,,29.0,50.5,17.08,,846.255
RSW,Aluminum,Al,Aluminum,Al,38.8,Carbon-coated,3201.19,,,1086.54,117.3,,,13.4,18.6,6.78,,227.062
RSW,Nickel,Ni,Copper,Cu,150.8,Tin-plated,4625.81,,,1816.69,486.4,,,103.6,19.2,14.84,,1310.927
RSW,Copper,Cu,Copper,Cu,174.0,Bare,2971.06,,,2022.74,237.0,,,104.7,38.5,5.66,,450.446
RSW,Nickel,Ni,Copper,Cu,103.6,Tin-plated,7757.29,,,1117.15,152.8,,,105.9,69.5,16.17,,700.647
RSW,StainlessSteel,SS304,Nickel,Ni,163.8,Bare,6477.83,,,563.09,217.9,,,46.6,18.0,18.42,,974.984
RSW,Nickel,Ni,Copper,Cu,125.0,Tin-plated,5665.04,,,1449.0,258.9,,,114.0,30.2,11.33,,877.116
RSW,StainlessSteel,SS304,Nickel,Ni,124.8,Bare,2411.28,,,1881.64,223.8,,,12.3,61.5,23.25,,381.11
RSW,Copper,Cu,Aluminum,Al,121.9,Tin-plated,2906.81,,,2349.41,464.0,,,71.4,45.1,4.05,,788.44
RSW,Copper,Cu,StainlessSteel,SS304,145.1,Bare,1082.43,,,1260.65,378.4,,,48.1,21.4,24.78,,254.785
RSW,StainlessSteel,SS304,Nickel,Ni,123.6,Carbon-coated,1408.18,,,1875.29,463.0,,,75.7,12.3,7.45,,424.485
RSW,Aluminum,Al,Aluminum,Al,101.9,Nickel-plated,7413.57,,,1891.49,75.0,,,96.6,62.2,5.31,,383.943
RSW,StainlessSteel,SS304,Nickel,Ni,122.3,Bare,2415.37,,,943.9,60.7,,,35.2,25.6,20.14,,100.923
RSW,StainlessSteel,SS304,Nickel,Ni,151.9,Oxide,2917.23,,,1708.99,154.9,,,-8.7,25.8,11.1,,317.263
RSW,Copper,Cu,Aluminum,Al,133.7,Tin-plated,7980.48,,,1403.33,197.8,,,68.0,25.1,12.67,,991.429
RSW,Copper,Cu,Aluminum,Al,71.4,Tin-plated,3045.23,,,1374.86,162.8,,,118.0,54.0,12.34,,336.132
RSW,Nickel,Ni,Copper,Cu,71.6,Oxide,1374.04,,,486.16,394.7,,,-5.7,28.7,23.54,,350.741
RSW,StainlessSteel,SS304,Nickel,Ni,34.4,Bare,2417.37,,,327.69,389.9,,,35.8,27.9,6.94,,569.876
RSW,StainlessSteel,SS304,Nickel,Ni,188.3,Bare,6071.14,,,1896.98,214.1,,,26.8,26.9,17.01,,902.603
RSW,Nickel,Ni,Copper,Cu,239.9,Bare,3211.79,,,859.66,496.1,,,108.3,42.3,8.02,,917.728
RSW,Nickel,Ni,Copper,Cu,191.9,Oxide,2332.32,,,1110.37,461.3,,,-3.1,65.0,18.8,,745.716
RSW,StainlessSteel,SS304,Nickel,Ni,188.3,Nickel-plated,3457.31,,,1671.63,406.9,,,-9.1,49.2,24.55,,934.56
RSW,StainlessSteel,SS304,Nickel,Ni,123.4,Bare,4147.52,,,1436.24,191.2,,,-2.1,57.6,4.63,,465.539
RSW,StainlessSteel,SS304,Nickel,Ni,115.7,Oxide,3070.3,,,455.94,256.2,,,73.4,23.5,6.0,,535.617
RSW,Aluminum,Al,Aluminum,Al,222.7,Nickel-plated,3652.22,,,1364.01,342.4,,,27.8,49.2,5.73,,839.16
RSW,Nickel,Ni,Copper,Cu,45.5,Bare,7403.07,,,1782.92,247.9,,,94.8,50.6,11.53,,1312.951
RSW,StainlessSteel,SS304,Nickel,Ni,198.1,Tin-plated,5250.63,,,1101.21,325.3,,,-4.2,54.7,8.56,,1137.379
RSW,Copper,Cu,StainlessSteel,SS304,142.2,Nickel-plated,4920.72,,,2171.96,302.6,,,97.9,26.2,15.52,,1022.135
RSW,Nickel,Ni,Copper,Cu,39.4,Bare,6910.81,,,1211.89,349.2,,,60.8,28.0,13.72,,1578.888
RSW,StainlessSteel,SS304,Nickel,Ni,86.8,Bare,1682.6,,,1703.61,356.4,,,12.2,69.2,16.38,,356.768
RSW,StainlessSteel,SS304,Nickel,Ni,216.8,Anodized,6236.45,,,956.74,338.3,,,2.6,25.7,11.06,,1183.641
RSW,StainlessSteel,SS304,Nickel,Ni,45.6,Nickel-plated,7303.18,,,2226.6,152.3,,,116.6,70.7,6.57,,769.013
RSW,Copper,Cu,Aluminum,Al,190.7,Nickel-plated,6379.79,,,1857.66,144.6,,,-7.3,27.7,9.75,,626.283
RSW,Copper,Cu,StainlessSteel,SS304,241.2,Oxide,5409.94,,,1967.85,338.0,,,36.1,73.0,10.98,,1234.141
RSW,Copper,Cu,Copper,Cu,118.2,Bare,2152.11,,,1853.68,91.0,,,29.6,32.1,4.51,,131.84
RSW,Nickel,Ni,Copper,Cu,245.6,Nickel-plated,2540.5,,,2193.02,270.0,,,2.8,40.5,9.76,,429.547
RSW,Copper,Cu,StainlessSteel,SS304,207.5,Nickel-plated,2120.31,,,1182.85,155.2,,,61.9,68.2,5.06,,216.866
RSW,StainlessSteel,SS304,Nickel,Ni,193.0,Carbon-coated,1298.29,,,1648.67,224.6,,,43.1,15.8,4.19,,178.483
RSW,StainlessSteel,SS304,Nickel,Ni,35.1,Nickel-plated,1691.71,,,2399.67,263.7,,,31.4,47.0,22.5,,278.416
RSW,StainlessSteel,SS304,Nickel,Ni,83.1,Bare,7876.77,,,2078.98,318.3,,,89.8,21.0,23.7,,1592.414
RSW,StainlessSteel,SS304,Nickel,Ni,131.5,Nickel-plated,5480.59,,,903.78,174.0,,,-0.5,68.3,11.26,,545.088
RSW,Copper,Cu,Aluminum,Al,66.5,Bare,3438.95,,,566.25,259.5,,,-1.9,40.1,8.52,,574.889
RSW,Copper,Cu,StainlessSteel,SS304,249.9,Carbon-coated,6579.92,,,1195.81,408.4,,,90.4,46.1,20.5,,1633.102
RSW,StainlessSteel,SS304,Nickel,Ni,91.6,Bare,7124.15,,,580.16,380.2,,,45.4,19.4,4.9,,1558.233
RSW,StainlessSteel,SS304,Nickel,Ni,65.2,Tin-plated,1718.19,,,923.41,254.1,,,1.2,23.7,18.0,,290.982
RSW,Aluminum,Al,Aluminum,Al,246.6,Carbon-coated,7960.29,,,1454.53,281.6,,,-0.8,48.0,6.41,,1589.801
RSW,Nickel,Ni,Copper,Cu,33.4,Bare,6571.0,,,1102.18,104.2,,,107.5,28.7,12.37,,408.219
RSW,StainlessSteel,SS304,Nickel,Ni,76.6,Nickel-plated,1662.54,,,1758.39,341.7,,,7.2,57.8,8.47,,409.136
RSW,Nickel,Ni,Copper,Cu,50.7,Carbon-coated,7728.7,,,1778.05,317.6,,,4.5,54.9,21.13,,1613.468
RSW,Copper,Cu,Copper,Cu,231.2,Anodized,3877.17,,,2156.15,322.5,,,51.5,73.2,14.59,,814.041
RSW,StainlessSteel,SS304,Nickel,Ni,70.9,Bare,6011.47,,,779.13,347.8,,,89.6,13.7,5.94,,1201.433
RSW,Nickel,Ni,Copper,Cu,78.5,Nickel-plated,4467.28,,,1567.52,181.8,,,2.5,51.9,12.44,,539.629
RSW,Copper,Cu,StainlessSteel,SS304,229.0,Bare,3380.22,,,565.65,112.4,,,95.5,36.0,9.64,,254.129
RSW,Copper,Cu,Aluminum,Al,206.0,Tin-plated,6332.01,,,2017.8,435.6,,,70.6,66.0,10.13,,1851.64
RSW,Copper,Cu,StainlessSteel,SS304,125.1,Oxide,7715.11,,,418.44,395.8,,,50.2,11.7,19.31,,1810.447
RSW,Nickel,Ni,Copper,Cu,169.9,Nickel-plated,2160.79,,,1170.76,99.5,,,22.4,13.5,22.7,,133.372
RSW,Copper,Cu,Copper,Cu,107.5,Bare,2555.73,,,1020.2,98.6,,,50.0,39.5,22.19,,149.503
RSW,StainlessSteel,SS304,Nickel,Ni,243.1,Bare,2976.04,,,1117.57,113.1,,,71.6,76.5,17.06,,226.413
RSW,Copper,Cu,Copper,Cu,93.7,Nickel-plated,1570.2,,,1646.46,252.5,,,11.2,54.4,22.21,,230.767
RSW,Aluminum,Al,Aluminum,Al,221.5,Oxide,6941.73,,,1415.87,424.2,,,86.6,53.2,22.48,,1837.25
RSW,Nickel,Ni,Copper,Cu,125.4,Bare,6105.6,,,2368.17,393.7,,,43.5,68.3,9.41,,1613.786
RSW,StainlessSteel,SS304,Nickel,Ni,210.3,Bare,4087.74,,,400.07,269.7,,,110.7,42.0,22.17,,717.168
RSW,Copper,Cu,Aluminum,Al,151.0,Bare,1483.72,,,2179.44,416.9,,,1.8,77.7,10.29,,445.681
RSW,StainlessSteel,SS304,Nickel,Ni,183.4,Anodized,2538.34,,,1045.49,441.5,,,10.9,54.9,8.49,,731.567
RSW,Nickel,Ni,Copper,Cu,70.5,Bare,4977.07,,,1034.08,258.0,,,63.1,55.0,10.96,,840.19
RSW,Nickel,Ni,Copper,Cu,202.2,Oxide,7721.19,,,1117.09,170.8,,,82.2,70.5,14.77,,855.053
RSW,Nickel,Ni,Copper,Cu,64.9,Tin-plated,4816.42,,,2275.68,149.4,,,60.7,64.1,5.0,,436.349
RSW,Copper,Cu,Aluminum,Al,154.8,Bare,7160.86,,,1098.29,292.4,,,50.5,12.9,22.01,,1358.705
RSW,Copper,Cu,StainlessSteel,SS304,127.6,Bare,7348.62,,,715.9,351.3,,,57.0,53.2,16.24,,1621.087
RSW,StainlessSteel,SS304,Nickel,Ni,185.7,Bare,3210.81,,,1369.98,276.7,,,21.9,69.4,4.76,,572.356
RSW,StainlessSteel,SS304,Nickel,Ni,30.1,Tin-plated,1316.81,,,1765.24,339.7,,,108.7,31.4,23.55,,286.17
RSW,Nickel,Ni,Copper,Cu,41.0,Bare,5176.75,,,412.12,458.4,,,-0.5,55.4,24.81,,1648.013
RSW,Nickel,Ni,Copper,Cu,227.9,Oxide,1339.04,,,1384.24,186.7,,,15.7,47.9,5.1,,178.43
RSW,Copper,Cu,StainlessSteel,SS304,65.9,Tin-plated,2359.17,,,2175.59,350.5,,,10.0,38.5,19.98,,537.85
RSW,Copper,Cu,StainlessSteel,SS304,148.7,Bare,7187.96,,,677.29,273.1,,,106.7,35.9,17.56,,1222.905
RSW,Copper,Cu,StainlessSteel,SS304,102.5,Bare,3588.47,,,1571.55,225.8,,,64.1,29.6,16.91,,525.642
RSW,StainlessSteel,SS304,Nickel,Ni,107.1,Bare,5745.72,,,2493.1,170.5,,,4.7,26.8,18.24,,596.04
RSW,Copper,Cu,StainlessSteel,SS304,45.8,Tin-plated,7437.79,,,1629.66,244.6,,,57.2,54.7,7.6,,1281.091
RSW,Nickel,Ni,Copper,Cu,239.6,Carbon-coated,4746.09,,,763.72,255.9,,,12.1,57.5,13.39,,778.047
RSW,Copper,Cu,StainlessSteel,SS304,38.5,Tin-plated,5578.62,,,1018.71,453.5,,,56.1,40.0,7.18,,1470.317
RSW,Aluminum,Al,Aluminum,Al,101.5,Bare,5022.49,,,1927.06,208.9,,,23.3,59.6,10.31,,598.761
RSW,Aluminum,Al,Aluminum,Al,168.5,Carbon-coated,7129.47,,,2007.64,335.2,,,57.2,36.5,9.15,,1427.728
RSW,Copper,Cu,StainlessSteel,SS304,160.8,Oxide,5262.24,,,2484.23,144.6,,,93.7,64.0,19.01,,451.966
RSW,StainlessSteel,SS304,Nickel,Ni,203.1,Bare,6284.45,,,319.64,59.7,,,100.6,18.5,9.14,,257.78
RSW,Copper,Cu,Copper,Cu,234.4,Oxide,2927.42,,,1047.24,472.9,,,36.0,67.2,5.42,,836.106
RSW,Aluminum,Al,Aluminum,Al,94.1,Nickel-plated,6819.93,,,2343.95,171.1,,,57.2,39.4,21.36,,833.991
RSW,Nickel,Ni,Copper,Cu,33.1,Bare,2918.34,,,699.89,443.2,,,104.4,33.2,5.47,,830.14
RSW,Copper,Cu,Copper,Cu,140.2,Tin-plated,6570.51,,,732.69,202.9,,,26.2,20.4,16.66,,892.594
RSW,Copper,Cu,StainlessSteel,SS304,120.7,Bare,2922.36,,,494.19,193.3,,,74.5,51.5,4.33,,396.12
RSW,Nickel,Ni,Copper,Cu,171.0,Bare,3910.7,,,2484.45,449.1,,,32.9,14.5,12.98,,1020.961
RSW,Nickel,Ni,Copper,Cu,174.0,Bare,6049.68,,,638.67,420.9,,,23.4,75.0,4.07,,1636.819
RSW,Copper,Cu,Copper,Cu,128.1,Bare,1692.25,,,1527.56,311.3,,,119.6,14.8,18.9,,333.788
RSW,Copper,Cu,StainlessSteel,SS304,87.3,Bare,6023.49,,,2389.09,287.0,,,37.6,39.1,15.64,,1146.797
RSW,Copper,Cu,StainlessSteel,SS304,229.1,Tin-plated,6412.77,,,1859.44,321.1,,,81.7,52.7,23.17,,1452.442
RSW,Copper,Cu,StainlessSteel,SS304,72.7,Bare,3639.16,,,1765.62,399.3,,,59.2,54.7,14.66,,911.573
RSW,Nickel,Ni,Copper,Cu,149.5,Bare,6916.02,,,2055.13,326.4,,,3.1,54.2,13.79,,1425.246
RSW,Nickel,Ni,Copper,Cu,31.7,Bare,3620.84,,,2269.58,61.5,,,105.1,59.8,11.58,,155.137
RSW,Copper,Cu,StainlessSteel,SS304,120.1,Nickel-plated,4690.83,,,982.39,388.1,,,18.7,37.6,23.76,,1089.253
RSW,Nickel,Ni,Copper,Cu,168.6,Oxide,7665.54,,,1363.15,52.7,,,75.7,64.1,7.52,,267.681
RSW,Copper,Cu,Aluminum,Al,42.9,Anodized,1212.8,,,1139.76,181.3,,,1.2,20.9,9.99,,136.783
RSW,Copper,Cu,Aluminum,Al,217.6,Nickel-plated,1687.45,,,2170.1,266.8,,,66.9,47.8,23.31,,275.467
RSW,Nickel,Ni,Copper,Cu,67.3,Nickel-plated,2873.6,,,2410.9,126.0,,,54.0,14.4,8.63,,226.159
RSW,Copper,Cu,Copper,Cu,200.7,Carbon-coated,4905.03,,,1226.63,336.8,,,24.5,16.0,6.13,,951.732
RSW,Nickel,Ni,Copper,Cu,166.0,Oxide,7981.13,,,850.15,410.3,,,29.5,34.6,5.4,,2082.722
RSW,Copper,Cu,Copper,Cu,233.2,Oxide,7951.56,,,2045.18,450.7,,,45.9,70.4,9.76,,2334.273
RSW,Nickel,Ni,Copper,Cu,187.1,Oxide,6204.83,,,448.78,375.3,,,20.2,12.9,9.99,,1529.541
RSW,Aluminum,Al,Aluminum,Al,77.0,Tin-plated,6716.71,,,1161.93,148.8,,,4.6,68.8,18.25,,650.994
RSW,Nickel,Ni,Copper,Cu,174.2,Nickel-plated,5074.0,,,379.12,143.8,,,58.5,60.5,10.1,,482.673
RSW,Copper,Cu,StainlessSteel,SS304,205.1,Tin-plated,5520.82,,,527.17,350.5,,,39.6,17.2,10.98,,1206.29
RSW,StainlessSteel,SS304,Nickel,Ni,176.1,Carbon-coated,1132.52,,,1517.05,212.2,,,77.1,70.4,9.03,,160.516
RSW,Copper,Cu,Copper,Cu,62.5,Nickel-plated,1607.94,,,944.09,89.4,,,25.9,18.4,14.12,,83.05
RSW,StainlessSteel,SS304,Nickel,Ni,203.3,Bare,2818.69,,,1891.4,117.5,,,42.7,72.5,23.56,,238.377
RSW,Copper,Cu,Copper,Cu,111.9,Nickel-plated,5801.85,,,403.44,373.4,,,5.2,72.0,17.67,,1516.023
RSW,Copper,Cu,StainlessSteel,SS304,60.5,Oxide,7951.15,,,574.51,253.9,,,55.3,11.1,9.13,,1379.884
RSW,Nickel,Ni,Copper,Cu,70.0,Nickel-plated,3193.79,,,2102.95,337.4,,,58.7,45.7,12.18,,705.312
RSW,Aluminum,Al,Aluminum,Al,193.4,Nickel-plated,3036.06,,,1375.04,131.2,,,93.6,68.7,7.42,,281.374
RSW,Copper,Cu,Copper,Cu,174.4,Bare,7822.2,,,1973.1,423.5,,,83.7,19.4,14.56,,2161.279
RSW,Copper,Cu,Copper,Cu,229.6,Bare,2011.63,,,1943.06,298.1,,,70.5,71.1,17.22,,349.76
RSW,Copper,Cu,Copper,Cu,185.4,Nickel-plated,5376.8,,,1602.56,176.3,,,-0.5,37.8,12.68,,616.531
RSW,StainlessSteel,SS304,Nickel,Ni,188.1,Nickel-plated,3613.75,,,418.19,429.9,,,77.2,52.0,10.77,,1008.867
RSW,Nickel,Ni,Copper,Cu,50.3,Tin-plated,4696.64,,,607.38,401.8,,,21.5,13.2,8.59,,1322.577
RSW,Copper,Cu,StainlessSteel,SS304,79.7,Nickel-plated,5071.82,,,1317.85,252.9,,,63.0,44.7,16.89,,746.678
RSW,Copper,Cu,Aluminum,Al,55.2,Oxide,4339.23,,,332.78,101.4,,,56.9,67.7,21.74,,301.133
RSW,Aluminum,Al,Aluminum,Al,137.4,Oxide,3441.68,,,2178.62,462.0,,,56.5,23.2,21.02,,1140.484
RSW,StainlessSteel,SS304,Nickel,Ni,104.7,Bare,1558.32,,,1940.58,235.4,,,28.3,65.9,15.54,,212.299
RSW,Aluminum,Al,Aluminum,Al,247.7,Bare,4992.88,,,1129.81,138.0,,,-6.6,48.1,11.62,,419.219
RSW,Copper,Cu,Copper,Cu,206.5,Oxide,4486.11,,,586.53,305.3,,,99.5,52.9,8.28,,856.078
RSW,Copper,Cu,Copper,Cu,114.8,Carbon-coated,2032.4,,,1492.95,215.4,,,65.7,74.1,4.11,,256.827
RSW,Aluminum,Al,Aluminum,Al,225.5,Oxide,1454.17,,,466.28,107.5,,,56.4,12.8,20.94,,94.329
RSW,Copper,Cu,Copper,Cu,214.1,Bare,1020.65,,,1101.73,227.5,,,76.6,72.7,6.38,,147.274
RSW,Nickel,Ni,Copper,Cu,47.1,Nickel-plated,3721.76,,,2023.96,396.6,,,57.5,47.5,23.93,,961.935
RSW,Nickel,Ni,Copper,Cu,158.8,Nickel-plated,4433.36,,,706.51,444.2,,,3.9,21.7,17.53,,1168.379
RSW,Copper,Cu,Copper,Cu,127.9,Bare,3058.72,,,1031.74,432.3,,,14.7,13.7,7.8,,748.362
RSW,StainlessSteel,SS304,Nickel,Ni,205.4,Carbon-coated,5691.37,,,1199.82,188.6,,,23.6,73.4,22.88,,618.708
RSW,StainlessSteel,SS304,Nickel,Ni,234.5,Nickel-plated,4051.49,,,2230.02,497.0,,,53.0,57.2,8.12,,1266.123
RSW,Aluminum,Al,Aluminum,Al,124.3,Tin-plated,2793.45,,,1729.29,165.9,,,62.3,60.2,9.42,,303.135
RSW,Copper,Cu,Copper,Cu,92.9,Bare,2390.97,,,871.97,442.1,,,20.8,43.9,19.91,,703.015
RSW,Aluminum,Al,Aluminum,Al,194.6,Nickel-plated,5030.61,,,816.38,142.0,,,92.6,77.4,16.96,,478.708
RSW,StainlessSteel,SS304,Nickel,Ni,121.2,Bare,6993.49,,,1395.3,214.7,,,-6.6,52.6,21.03,,879.066
RSW,StainlessSteel,SS304,Nickel,Ni,248.0,Bare,3981.28,,,1158.74,243.1,,,23.6,19.6,17.91,,607.731
RSW,Copper,Cu,StainlessSteel,SS304,33.6,Tin-plated,1433.98,,,592.85,382.5,,,50.9,63.9,10.15,,369.888
RSW,Copper,Cu,Copper,Cu,57.5,Bare,1866.51,,,1863.32,303.5,,,60.0,35.8,15.67,,362.118
RSW,Copper,Cu,Copper,Cu,152.7,Nickel-plated,1800.52,,,804.39,361.9,,,72.5,12.0,14.93,,369.247
RSW,Copper,Cu,Aluminum,Al,48.7,Nickel-plated,5535.78,,,1792.35,164.0,,,20.3,37.2,19.51,,643.489
RSW,Nickel,Ni,Copper,Cu,206.6,Nickel-plated,2818.47,,,2328.36,260.3,,,41.8,18.5,14.2,,430.164
RSW,Copper,Cu,Copper,Cu,204.6,Bare,1940.36,,,1888.46,162.4,,,109.3,17.2,21.11,,215.365
RSW,Nickel,Ni,Copper,Cu,117.4,Oxide,5576.16,,,989.13,75.7,,,90.9,45.5,5.36,,287.98
RSW,Nickel,Ni,Copper,Cu,212.4,Tin-plated,3375.73,,,1632.34,312.8,,,66.6,19.9,18.22,,628.871
RSW,Nickel,Ni,Copper,Cu,108.1,Bare,7548.81,,,2200.76,206.7,,,85.3,42.7,19.18,,982.371
RSW,Copper,Cu,Copper,Cu,57.0,Bare,6463.21,,,918.07,417.0,,,85.4,75.0,17.51,,1676.163
RSW,Copper,Cu,Copper,Cu,80.4,Bare,5851.82,,,412.71,100.8,,,112.5,47.2,23.9,,393.248
RSW,Nickel,Ni,Copper,Cu,30.3,Oxide,3298.9,,,1077.84,126.8,,,42.2,73.3,6.45,,237.274
RSW,Copper,Cu,Copper,Cu,35.0,Nickel-plated,6312.42,,,2188.66,304.1,,,7.5,56.9,19.11,,1111.011
RSW,Aluminum,Al,Aluminum,Al,110.3,Bare,1377.27,,,1165.55,232.1,,,29.4,41.9,21.74,,192.779
RSW,Nickel,Ni,Copper,Cu,248.7,Anodized,7354.3,,,655.32,124.0,,,111.5,39.3,6.83,,623.98
RSW,Nickel,Ni,Copper,Cu,63.1,Nickel-plated,3997.22,,,1973.95,485.1,,,99.6,47.5,17.08,,1377.96
RSW,Copper,Cu,Copper,Cu,166.4,Oxide,6857.85,,,1229.39,277.2,,,51.7,78.9,16.36,,1243.535
RSW,Copper,Cu,Copper,Cu,123.9,Bare,3188.19,,,1998.17,213.7,,,57.9,63.7,13.07,,487.949
RSW,StainlessSteel,SS304,Nickel,Ni,172.4,Anodized,7164.63,,,558.81,95.1,,,3.0,21.4,18.0,,391.165
RSW,Copper,Cu,Aluminum,Al,187.3,Oxide,7324.48,,,1116.35,356.2,,,47.9,44.0,16.54,,1490.938
RSW,Nickel,Ni,Copper,Cu,233.4,Nickel-plated,6872.48,,,1722.25,463.7,,,51.8,76.5,19.7,,1920.374
RSW,Copper,Cu,Aluminum,Al,146.4,Anodized,1145.04,,,991.23,441.5,,,83.8,18.2,15.1,,301.499
RSW,StainlessSteel,SS304,Nickel,Ni,78.3,Bare,4127.93,,,1607.63,160.5,,,77.9,44.5,9.79,,383.707
RSW,Nickel,Ni,Copper,Cu,85.8,Bare,1078.82,,,1325.6,165.7,,,42.6,28.0,11.1,,124.505
RSW,StainlessSteel,SS304,Nickel,Ni,105.8,Nickel-plated,3346.43,,,1108.96,357.8,,,84.3,11.9,7.6,,705.737
RSW,StainlessSteel,SS304,Nickel,Ni,163.1,Bare,6257.54,,,1527.32,53.6,,,93.7,48.9,12.46,,212.208
RSW,Nickel,Ni,Copper,Cu,242.3,Bare,6315.7,,,1817.05,161.2,,,52.5,77.4,21.91,,709.848
RSW,Nickel,Ni,Copper,Cu,53.8,Nickel-plated,3858.57,,,2144.46,491.5,,,11.0,74.2,24.98,,1269.91
RSW,Aluminum,Al,Aluminum,Al,132.3,Nickel-plated,3290.72,,,1562.09,102.3,,,12.7,67.7,24.55,,222.136
RSW,StainlessSteel,SS304,Nickel,Ni,137.2,Carbon-coated,4044.1,,,1598.57,498.2,,,51.0,75.6,19.58,,1319.099
RSW,StainlessSteel,SS304,Nickel,Ni,166.4,Bare,2130.65,,,2291.27,452.9,,,106.2,52.7,9.64,,645.831
RSW,Copper,Cu,StainlessSteel,SS304,128.3,Bare,5623.21,,,1771.0,329.6,,,72.4,12.5,23.74,,1298.511
RSW,StainlessSteel,SS304,Nickel,Ni,38.1,Bare,1867.3,,,2162.26,138.0,,,4.0,77.3,21.96,,160.333
RSW,Nickel,Ni,Copper,Cu,34.2,Bare,1188.61,,,1030.96,393.6,,,68.9,18.0,11.59,,320.501
RSW,StainlessSteel,SS304,Nickel,Ni,197.6,Bare,6279.65,,,600.16,345.2,,,42.1,30.3,6.28,,1378.97
RSW,Aluminum,Al,Aluminum,Al,33.3,Nickel-plated,3104.55,,,901.95,396.1,,,62.2,54.2,11.37,,849.448
RSW,StainlessSteel,SS304,Nickel,Ni,52.4,Bare,6440.59,,,1720.49,128.7,,,103.1,49.5,7.5,,483.726
RSW,Nickel,Ni,Copper,Cu,72.8,Oxide,2781.71,,,665.8,485.5,,,89.7,13.1,16.29,,874.421
RSW,Copper,Cu,Copper,Cu,44.9,Bare,3496.39,,,1109.28,433.7,,,28.0,64.2,13.44,,987.273
RSW,StainlessSteel,SS304,Nickel,Ni,246.0,Nickel-plated,5375.8,,,1881.72,363.1,,,85.0,33.6,6.65,,1399.415
RSW,Copper,Cu,Aluminum,Al,248.4,Bare,1618.36,,,821.9,231.0,,,116.4,43.0,11.69,,227.269
RSW,Nickel,Ni,Copper,Cu,61.2,Bare,6852.75,,,1565.58,95.2,,,100.8,38.4,17.21,,452.296
RSW,Nickel,Ni,Copper,Cu,197.4,Oxide,1342.51,,,429.83,181.6,,,38.0,33.4,4.65,,146.973
RSW,Copper,Cu,StainlessSteel,SS304,78.9,Bare,1986.81,,,1186.81,110.2,,,45.6,29.2,20.03,,127.709
RSW,StainlessSteel,SS304,Nickel,Ni,152.7,Nickel-plated,4533.04,,,1911.49,446.8,,,110.1,76.5,23.87,,1216.914
RSW,Copper,Cu,Aluminum,Al,126.5,Bare,5483.27,,,865.44,485.3,,,-0.5,66.5,8.04,,1535.167
RSW,Nickel,Ni,Copper,Cu,204.9,Tin-plated,2848.44,,,2190.24,96.5,,,65.7,60.3,7.21,,188.135
RSW,Copper,Cu,Aluminum,Al,66.2,Bare,4808.29,,,434.18,163.1,,,92.0,29.9,9.71,,433.946
RSW,Copper,Cu,StainlessSteel,SS304,75.9,Bare,6028.2,,,1256.05,148.0,,,61.7,39.8,18.23,,564.595
RSW,StainlessSteel,SS304,Nickel,Ni,72.2,Tin-plated,7590.76,,,2261.37,461.2,,,115.2,49.6,4.19,,2059.188
RSW,Aluminum,Al,Aluminum,Al,38.8,Carbon-coated,3170.72,,,2111.38,221.1,,,88.6,34.6,21.75,,475.388
RSW,StainlessSteel,SS304,Nickel,Ni,135.7,Bare,6425.48,,,2206.71,446.3,,,44.1,15.6,20.19,,1849.588
RSW,StainlessSteel,SS304,Nickel,Ni,178.9,Bare,2932.35,,,2012.96,370.3,,,45.8,66.0,12.43,,710.704
RSW,Copper,Cu,StainlessSteel,SS304,37.2,Bare,7653.27,,,450.9,180.1,,,25.3,63.8,6.11,,933.639
RSW,Copper,Cu,StainlessSteel,SS304,195.1,Carbon-coated,2254.83,,,2057.82,90.9,,,113.6,71.4,14.24,,130.985
RSW,StainlessSteel,SS304,Nickel,Ni,92.4,Nickel-plated,2960.99,,,1188.17,476.1,,,78.2,17.8,15.01,,908.198
RSW,StainlessSteel,SS304,Nickel,Ni,220.8,Tin-plated,7459.79,,,951.74,199.7,,,110.6,55.9,5.51,,988.17
RSW,Aluminum,Al,Aluminum,Al,63.9,Bare,6433.81,,,1543.1,172.6,,,80.3,35.6,6.36,,648.593
RSW,Copper,Cu,Aluminum,Al,200.2,Carbon-coated,2204.8,,,2129.16,309.0,,,112.2,36.1,10.52,,391.313
RSW,Copper,Cu,StainlessSteel,SS304,64.8,Bare,6471.87,,,2258.04,132.0,,,14.0,78.4,21.65,,611.377
RSW,Copper,Cu,StainlessSteel,SS304,71.2,Carbon-coated,1975.58,,,2391.79,245.6,,,1.8,16.0,8.41,,349.881
RSW,StainlessSteel,SS304,Nickel,Ni,241.5,Oxide,4890.09,,,887.26,124.5,,,52.0,70.7,16.95,,425.638
RSW,StainlessSteel,SS304,Nickel,Ni,241.2,Nickel-plated,6159.7,,,1107.79,186.7,,,52.4,51.9,9.83,,767.621
RSW,Nickel,Ni,Copper,Cu,81.2,Tin-plated,4541.79,,,466.05,284.2,,,57.3,38.8,20.89,,757.134
RSW,Nickel,Ni,Copper,Cu,125.0,Oxide,7155.43,,,1356.16,417.3,,,64.4,42.1,17.98,,1933.407
RSW,Copper,Cu,StainlessSteel,SS304,59.7,Nickel-plated,7037.37,,,1401.14,115.0,,,34.3,16.4,21.04,,555.067
RSW,Copper,Cu,Copper,Cu,105.9,Oxide,1501.57,,,1668.24,199.0,,,35.1,77.7,8.59,,185.718
RSW,StainlessSteel,SS304,Nickel,Ni,147.2,Carbon-coated,7965.64,,,1229.35,474.2,,,61.0,18.1,16.56,,2684.203
RSW,StainlessSteel,SS304,Nickel,Ni,168.9,Nickel-plated,4070.26,,,1969.35,84.6,,,37.9,34.8,10.97,,231.071
RSW,StainlessSteel,SS304,Nickel,Ni,55.5,Tin-plated,3312.75,,,1069.46,447.2,,,9.6,63.4,9.56,,851.54
RSW,Nickel,Ni,Copper,Cu,241.8,Anodized,5592.89,,,424.58,424.0,,,108.2,75.3,16.21,,1657.539
RSW,Nickel,Ni,Copper,Cu,129.1,Oxide,1457.25,,,531.97,468.7,,,69.6,70.6,9.99,,467.926
RSW,Copper,Cu,Aluminum,Al,134.7,Bare,6516.69,,,1963.46,74.5,,,78.4,13.2,10.31,,331.353
RSW,StainlessSteel,SS304,Nickel,Ni,207.0,Bare,4740.92,,,750.47,199.2,,,0.1,48.6,18.83,,591.683
RSW,Aluminum,Al,Aluminum,Al,114.1,Bare,5186.78,,,1402.39,51.7,,,102.7,23.6,12.81,,184.515
RSW,Aluminum,Al,Aluminum,Al,79.9,Tin-plated,3617.98,,,1629.39,200.4,,,28.9,78.9,23.29,,493.542
RSW,Copper,Cu,Copper,Cu,144.8,Bare,6647.98,,,610.33,313.8,,,-8.4,57.2,6.94,,1277.814
RSW,Copper,Cu,Copper,Cu,208.3,Nickel-plated,2287.8,,,1655.74,237.4,,,67.0,29.3,11.91,,318.644
RSW,Copper,Cu,Copper,Cu,195.0,Bare,7285.92,,,424.98,55.4,,,108.9,14.1,6.95,,256.257
RSW,StainlessSteel,SS304,Nickel,Ni,50.6,Oxide,1631.75,,,426.47,423.3,,,-3.9,69.1,8.8,,408.106
RSW,Nickel,Ni,Copper,Cu,78.6,Bare,6513.61,,,2272.28,499.4,,,16.0,41.4,12.73,,2317.81
RSW,Nickel,Ni,Copper,Cu,83.8,Nickel-plated,2699.58,,,1513.89,156.4,,,17.5,71.4,15.72,,271.814
RSW,Nickel,Ni,Copper,Cu,53.4,Oxide,5381.66,,,340.52,320.7,,,-2.1,71.6,14.44,,966.441
RSW,Aluminum,Al,Aluminum,Al,83.1,Bare,4727.51,,,2498.51,458.5,,,13.4,47.4,18.31,,1562.382
RSW,Copper,Cu,StainlessSteel,SS304,223.4,Nickel-plated,5289.03,,,2364.29,279.4,,,24.8,11.4,17.83,,1007.885
RSW,Copper,Cu,Copper,Cu,85.6,Nickel-plated,5837.0,,,1148.66,197.1,,,70.6,25.7,21.76,,795.607
RSW,Nickel,Ni,Copper,Cu,49.8,Nickel-plated,6972.48,,,2429.07,177.0,,,18.0,25.8,4.27,,737.695
RSW,Nickel,Ni,Copper,Cu,242.0,Nickel-plated,6757.82,,,1599.12,189.6,,,9.1,19.0,23.98,,777.508
RSW,StainlessSteel,SS304,Nickel,Ni,79.7,Bare,7714.69,,,1107.44,96.0,,,46.7,53.5,15.2,,464.058
RSW,Copper,Cu,Copper,Cu,121.6,Carbon-coated,6582.56,,,1233.96,221.1,,,18.2,24.2,24.2,,997.319
RSW,Copper,Cu,Copper,Cu,236.9,Anodized,7224.26,,,1933.85,84.8,,,47.7,12.8,13.82,,357.567
RSW,Nickel,Ni,Copper,Cu,77.1,Bare,6150.55,,,1352.02,52.3,,,92.5,65.3,18.95,,182.555
RSW,StainlessSteel,SS304,Nickel,Ni,195.1,Tin-plated,5121.09,,,2172.74,173.3,,,110.6,35.8,18.94,,575.365
RSW,Copper,Cu,StainlessSteel,SS304,177.9,Bare,5055.75,,,1232.58,414.3,,,97.6,55.2,7.64,,1417.504
RSW,Aluminum,Al,Aluminum,Al,247.5,Carbon-coated,3858.12,,,1035.48,371.2,,,50.8,52.0,21.21,,809.514
RSW,Copper,Cu,Copper,Cu,217.9,Bare,1174.03,,,459.06,499.2,,,112.3,35.7,14.63,,379.087
RSW,Nickel,Ni,Copper,Cu,93.6,Nickel-plated,6071.9,,,561.7,125.2,,,75.7,51.5,20.91,,497.425
RSW,Nickel,Ni,Copper,Cu,30.8,Tin-plated,2262.68,,,2069.37,422.0,,,26.8,59.2,4.06,,609.967
RSW,Nickel,Ni,Copper,Cu,217.7,Bare,7841.46,,,1942.43,159.5,,,1.1,14.8,11.08,,763.649
RSW,StainlessSteel,SS304,Nickel,Ni,57.6,Nickel-plated,2152.98,,,2266.95,206.0,,,66.6,35.2,18.98,,276.806
RSW,StainlessSteel,SS304,Nickel,Ni,144.6,Bare,6000.82,,,1924.79,170.8,,,108.5,27.2,6.37,,612.517
RSW,Nickel,Ni,Copper,Cu,77.7,Oxide,5337.36,,,1403.96,165.7,,,36.8,61.2,8.28,,618.162
RSW,Nickel,Ni,Copper,Cu,171.5,Bare,4590.84,,,986.85,143.8,,,46.1,57.6,11.58,,372.652
RSW,Copper,Cu,Aluminum,Al,141.2,Tin-plated,1401.94,,,1602.6,175.3,,,11.1,66.9,6.24,,153.428
RSW,StainlessSteel,SS304,Nickel,Ni,217.8,Nickel-plated,5819.61,,,777.64,69.0,,,119.5,48.0,20.24,,251.711
RSW,Copper,Cu,Copper,Cu,169.5,Tin-plated,5106.49,,,2009.32,444.2,,,0.7,31.3,13.68,,1437.141
RSW,Nickel,Ni,Copper,Cu,233.1,Bare,3812.26,,,897.27,56.7,,,18.2,70.2,5.59,,126.088
RSW,StainlessSteel,SS304,Nickel,Ni,43.7,Nickel-plated,6550.52,,,457.38,96.8,,,23.8,79.2,15.02,,365.994
RSW,StainlessSteel,SS304,Nickel,Ni,151.3,Carbon-coated,5653.45,,,1071.01,381.7,,,92.2,61.0,6.55,,1509.884
RSW,StainlessSteel,SS304,Nickel,Ni,37.6,Bare,1345.45,,,1572.95,313.5,,,73.3,27.5,19.2,,261.493
RSW,Aluminum,Al,Aluminum,Al,131.3,Nickel-plated,7476.61,,,798.88,349.8,,,102.1,18.5,24.76,,1802.239
RSW,Nickel,Ni,Copper,Cu,133.2,Bare,7555.14,,,2067.47,115.2,,,49.2,16.5,24.64,,554.196
RSW,Nickel,Ni,Copper,Cu,188.9,Nickel-plated,1442.54,,,1271.97,480.4,,,-5.4,20.5,17.19,,448.483
RSW,StainlessSteel,SS304,Nickel,Ni,203.0,Bare,6381.66,,,1684.74,336.7,,,48.5,71.8,13.14,,1465.276
RSW,StainlessSteel,SS304,Nickel,Ni,30.1,Bare,6480.25,,,833.63,67.7,,,56.8,41.6,24.59,,263.455
RSW,Nickel,Ni,Copper,Cu,43.0,Nickel-plated,5095.44,,,1740.24,489.7,,,52.5,77.1,19.12,,1652.345
RSW,Nickel,Ni,Copper,Cu,198.5,Bare,3787.72,,,1200.13,348.8,,,6.0,34.2,24.16,,860.949
RSW,StainlessSteel,SS304,Nickel,Ni,240.3,Bare,4149.81,,,1621.28,475.8,,,16.7,74.6,10.17,,1294.89
RSW,StainlessSteel,SS304,Nickel,Ni,111.0,Nickel-plated,4477.88,,,1814.56,76.7,,,119.0,17.3,9.15,,204.945
RSW,StainlessSteel,SS304,Nickel,Ni,223.3,Tin-plated,5670.65,,,2261.15,400.6,,,0.1,69.8,16.3,,1568.77
RSW,Aluminum,Al,Aluminum,Al,183.4,Bare,2125.35,,,2431.84,409.3,,,44.3,14.9,10.31,,602.045
RSW,StainlessSteel,SS304,Nickel,Ni,177.1,Bare,3828.82,,,1241.59,157.8,,,5.3,11.7,14.09,,423.342
RSW,Copper,Cu,Aluminum,Al,85.6,Oxide,3787.95,,,588.77,229.4,,,-6.3,57.5,4.71,,514.004
RSW,Nickel,Ni,Copper,Cu,194.2,Bare,5745.7,,,882.84,379.1,,,1.1,79.5,19.63,,1423.648
RSW,Copper,Cu,Copper,Cu,101.9,Carbon-coated,3792.43,,,2155.17,327.4,,,23.5,17.1,9.85,,794.579
RSW,Copper,Cu,Copper,Cu,46.2,Bare,3036.79,,,1432.2,329.0,,,4.1,17.9,6.14,,670.512
RSW,StainlessSteel,SS304,Nickel,Ni,113.9,Bare,6962.63,,,2002.87,412.8,,,33.4,17.8,4.39,,2072.948
RSW,Copper,Cu,StainlessSteel,SS304,245.7,Nickel-plated,6963.58,,,1173.75,216.4,,,4.7,48.8,8.03,,875.786
RSW,Copper,Cu,Copper,Cu,95.0,Tin-plated,5839.36,,,1861.04,230.5,,,-8.2,79.5,4.97,,905.82
RSW,Copper,Cu,Aluminum,Al,90.3,Nickel-plated,6263.68,,,913.98,209.8,,,45.8,10.8,12.8,,758.177
RSW,Nickel,Ni,Copper,Cu,57.5,Bare,6397.88,,,829.59,199.6,,,55.8,25.9,22.36,,888.68
RSW,StainlessSteel,SS304,Nickel,Ni,164.6,Tin-plated,1649.64,,,615.24,78.4,,,-3.9,55.1,12.45,,78.192
RSW,Copper,Cu,Copper,Cu,241.3,Bare,5439.98,,,555.09,322.9,,,4.5,68.5,15.95,,1095.509
RSW,Copper,Cu,Copper,Cu,171.0,Bare,1586.62,,,1601.78,419.2,,,62.7,58.6,6.35,,472.222
RSW,Copper,Cu,Copper,Cu,236.8,Nickel-plated,4096.87,,,1941.63,232.3,,,67.4,35.0,14.76,,615.252
RSW,Aluminum,Al,Aluminum,Al,127.4,Bare,7509.36,,,442.75,388.1,,,-7.3,51.7,20.31,,2028.29
RSW,StainlessSteel,SS304,Nickel,Ni,200.1,Nickel-plated,6238.7,,,766.01,295.0,,,63.2,60.2,9.01,,1191.439
RSW,StainlessSteel,SS304,Nickel,Ni,86.6,Bare,3076.56,,,1384.8,364.8,,,78.8,79.2,23.33,,759.206
RSW,StainlessSteel,SS304,Nickel,Ni,215.9,Nickel-plated,2719.14,,,1150.54,227.6,,,1.9,31.9,21.37,,382.83
RSW,StainlessSteel,SS304,Nickel,Ni,219.4,Anodized,3621.13,,,1156.01,418.6,,,52.3,62.8,12.36,,968.228
RSW,Copper,Cu,Aluminum,Al,146.9,Tin-plated,1246.64,,,1737.16,458.3,,,24.6,34.7,16.86,,412.096
RSW,Aluminum,Al,Aluminum,Al,75.8,Bare,6291.02,,,1582.93,178.1,,,72.9,65.7,8.44,,648.934
RSW,Copper,Cu,Aluminum,Al,97.4,Bare,5030.03,,,1809.41,371.6,,,103.9,54.5,5.0,,1252.72
RSW,Copper,Cu,Copper,Cu,175.8,Anodized,2341.41,,,341.3,395.0,,,64.3,78.8,13.54,,613.338
RSW,Nickel,Ni,Copper,Cu,228.6,Bare,4953.35,,,1425.82,498.6,,,55.2,34.2,7.76,,1621.419
RSW,Copper,Cu,Copper,Cu,44.3,Bare,3285.1,,,2247.09,245.1,,,-5.7,22.4,24.52,,506.488
RSW,Nickel,Ni,Copper,Cu,53.1,Carbon-coated,3864.47,,,1251.59,218.6,,,65.4,71.0,15.34,,525.508
RSW,Aluminum,Al,Aluminum,Al,45.7,Bare,7474.96,,,2249.59,309.7,,,61.1,60.8,23.31,,1518.05
RSW,Copper,Cu,StainlessSteel,SS304,176.2,Tin-plated,4727.28,,,447.39,433.7,,,11.0,19.5,22.08,,1141.858
RSW,Nickel,Ni,Copper,Cu,83.0,Carbon-coated,7715.52,,,2098.81,125.2,,,-6.1,68.3,22.13,,624.438
RSW,Nickel,Ni,Copper,Cu,225.1,Bare,6702.63,,,584.55,416.8,,,21.5,21.7,8.66,,1775.607
RSW,Copper,Cu,Copper,Cu,159.1,Oxide,2010.72,,,2365.18,380.4,,,52.9,57.3,24.9,,465.152
RSW,Nickel,Ni,Copper,Cu,123.1,Bare,7127.96,,,1059.43,84.6,,,45.7,26.8,20.25,,357.697
RSW,Copper,Cu,Aluminum,Al,99.0,Oxide,7652.56,,,1327.7,279.4,,,73.5,62.8,18.13,,1384.279
RSW,Copper,Cu,Copper,Cu,68.9,Bare,1849.42,,,915.09,343.2,,,23.2,72.3,14.84,,419.804
RSW,Nickel,Ni,Copper,Cu,177.9,Tin-plated,3451.08,,,2424.52,236.9,,,70.9,59.3,24.32,,538.907
RSW,Aluminum,Al,Aluminum,Al,105.8,Carbon-coated,4923.05,,,1287.84,239.1,,,52.4,28.7,16.39,,818.303
RSW,Aluminum,Al,Aluminum,Al,186.8,Oxide,2456.45,,,417.93,62.8,,,33.4,42.4,6.77,,97.225
RSW,Nickel,Ni,Copper,Cu,38.0,Carbon-coated,4600.44,,,643.91,58.5,,,106.0,48.8,14.19,,159.67
RSW,Copper,Cu,StainlessSteel,SS304,83.7,Bare,4841.17,,,1427.25,86.8,,,12.7,71.3,13.21,,273.217
RSW,Copper,Cu,Aluminum,Al,97.6,Bare,1276.2,,,1897.48,456.7,,,109.0,14.3,17.28,,349.878
RSW,Copper,Cu,Aluminum,Al,116.2,Carbon-coated,3834.24,,,1902.5,368.0,,,98.1,34.4,10.63,,950.442
RSW,StainlessSteel,SS304,Nickel,Ni,100.3,Carbon-coated,3882.47,,,2040.75,221.5,,,64.7,34.4,19.86,,546.635
RSW,Nickel,Ni,Copper,Cu,76.3,Bare,6387.99,,,396.49,484.7,,,115.9,71.5,10.5,,2000.138
RSW,Copper,Cu,Copper,Cu,89.0,Bare,5891.43,,,421.75,479.3,,,115.7,53.0,21.47,,1654.663
RSW,Nickel,Ni,Copper,Cu,89.7,Nickel-plated,2197.72,,,1462.17,195.9,,,76.0,70.6,22.85,,272.181
RSW,Copper,Cu,Copper,Cu,148.3,Tin-plated,5841.93,,,1500.36,224.8,,,32.7,67.7,12.61,,930.301
RSW,Aluminum,Al,Aluminum,Al,190.1,Bare,4152.88,,,1638.86,202.4,,,46.4,36.4,9.38,,533.383
RSW,Copper,Cu,Copper,Cu,139.2,Bare,2722.34,,,1919.99,486.8,,,37.1,63.7,11.34,,886.104
RSW,Copper,Cu,Copper,Cu,102.9,Carbon-coated,4280.23,,,605.17,493.9,,,45.3,65.2,18.29,,1443.967
RSW,Nickel,Ni,Copper,Cu,234.3,Bare,6880.9,,,305.22,310.2,,,41.1,72.5,20.52,,1207.439
RSW,StainlessSteel,SS304,Nickel,Ni,167.6,Bare,2573.65,,,607.31,380.8,,,72.4,38.6,15.5,,643.38
RSW,Copper,Cu,Copper,Cu,76.5,Bare,6790.66,,,1796.24,437.1,,,11.0,61.8,15.95,,2079.437
RSW,Copper,Cu,Copper,Cu,36.5,Nickel-plated,4561.07,,,2387.63,343.3,,,28.6,30.9,17.2,,1106.395
RSW,Nickel,Ni,Copper,Cu,122.7,Tin-plated,4752.8,,,2330.12,489.6,,,26.9,74.3,5.77,,1541.133
RSW,Aluminum,Al,Aluminum,Al,156.5,Bare,6609.28,,,1178.79,323.7,,,56.1,14.9,6.1,,1209.37
RSW,Copper,Cu,Copper,Cu,205.9,Bare,7448.65,,,1610.93,198.8,,,112.0,57.2,15.94,,857.629
RSW,StainlessSteel,SS304,Nickel,Ni,67.3,Tin-plated,7003.96,,,1974.22,488.2,,,17.6,59.6,17.62,,2462.385
RSW,StainlessSteel,SS304,Nickel,Ni,107.2,Nickel-plated,7428.44,,,1982.84,436.5,,,60.1,25.9,23.25,,2108.977
RSW,Copper,Cu,StainlessSteel,SS304,108.3,Nickel-plated,2791.82,,,1527.53,370.4,,,44.8,72.6,13.14,,598.7
RSW,Copper,Cu,Copper,Cu,139.9,Bare,1664.4,,,1863.27,126.5,,,14.0,75.6,22.44,,134.516
RSW,Nickel,Ni,Copper,Cu,98.9,Nickel-plated,3081.23,,,353.84,219.2,,,31.3,53.1,23.98,,465.469
RSW,StainlessSteel,SS304,Nickel,Ni,205.0,Oxide,6009.91,,,1934.79,297.5,,,24.8,31.3,7.09,,1204.088
RSW,Aluminum,Al,Aluminum,Al,179.1,Bare,5021.39,,,1818.57,120.6,,,53.5,28.0,15.85,,405.99
RSW,Nickel,Ni,Copper,Cu,121.6,Nickel-plated,4818.88,,,2259.68,118.3,,,7.6,23.1,19.07,,375.067
RSW,StainlessSteel,SS304,Nickel,Ni,57.3,Bare,2613.69,,,2434.44,166.1,,,97.2,44.7,22.48,,266.984
RSW,Copper,Cu,Copper,Cu,173.0,Anodized,4089.52,,,2151.22,481.6,,,106.3,79.2,22.35,,1198.52
RSW,Aluminum,Al,Aluminum,Al,140.8,Nickel-plated,3775.33,,,825.18,435.1,,,50.1,17.3,22.62,,1045.97
RSW,Copper,Cu,Copper,Cu,205.4,Bare,5155.62,,,1152.21,396.7,,,77.4,27.0,10.15,,1159.636
RSW,Aluminum,Al,Aluminum,Al,32.1,Nickel-plated,4914.98,,,731.41,143.4,,,75.6,36.5,4.72,,479.566
RSW,Copper,Cu,Aluminum,Al,36.7,Bare,3484.15,,,887.56,84.6,,,46.4,72.6,19.54,,184.51
RSW,StainlessSteel,SS304,Nickel,Ni,67.4,Bare,1134.87,,,1754.96,246.3,,,46.4,18.3,16.89,,161.597
RSW,Aluminum,Al,Aluminum,Al,152.9,Nickel-plated,5217.09,,,1943.08,219.7,,,22.4,66.3,12.57,,726.909
RSW,Nickel,Ni,Copper,Cu,69.2,Nickel-plated,3408.25,,,2349.72,137.8,,,64.3,54.7,11.42,,318.583
RSW,Copper,Cu,Copper,Cu,165.9,Nickel-plated,6056.05,,,958.0,413.3,,,67.6,61.1,22.37,,1600.588
RSW,Aluminum,Al,Aluminum,Al,51.5,Oxide,6447.12,,,550.27,452.1,,,97.1,26.7,11.17,,1917.248
RSW,StainlessSteel,SS304,Nickel,Ni,150.4,Nickel-plated,6879.35,,,378.71,160.1,,,30.8,50.5,15.64,,765.489
RSW,Copper,Cu,Aluminum,Al,143.8,Oxide,7905.04,,,2021.98,103.0,,,23.9,60.9,16.91,,567.975
RSW,Copper,Cu,Aluminum,Al,154.0,Oxide,6732.52,,,946.21,433.3,,,56.8,36.4,14.72,,2022.82
RSW,Copper,Cu,Aluminum,Al,204.9,Bare,1676.89,,,1955.3,86.1,,,66.6,61.9,16.39,,84.333
RSW,Copper,Cu,Copper,Cu,60.0,Bare,7191.33,,,751.09,285.9,,,49.6,76.9,23.39,,1143.775
RSW,StainlessSteel,SS304,Nickel,Ni,109.2,Oxide,2732.98,,,1356.12,420.6,,,-6.7,65.8,20.98,,748.371
RSW,StainlessSteel,SS304,Nickel,Ni,38.8,Tin-plated,4683.39,,,837.15,381.9,,,47.9,29.6,5.51,,1186.469
RSW,Nickel,Ni,Copper,Cu,95.3,Bare,2749.18,,,2082.86,369.3,,,10.9,35.5,21.18,,693.078
RSW,Nickel,Ni,Copper,Cu,43.8,Oxide,6641.61,,,1102.34,402.2,,,98.6,57.8,9.22,,1796.896
RSW,StainlessSteel,SS304,Nickel,Ni,80.0,Bare,2987.36,,,1169.82,347.8,,,89.5,66.8,8.78,,665.671
RSW,Copper,Cu,Copper,Cu,115.8,Carbon-coated,5698.59,,,1281.88,475.2,,,110.0,31.7,7.08,,1659.401
RSW,Nickel,Ni,Copper,Cu,138.1,Carbon-coated,7183.43,,,2242.43,394.5,,,25.1,56.1,16.32,,1851.664
RSW,StainlessSteel,SS304,Nickel,Ni,234.4,Bare,3266.76,,,2255.1,170.6,,,3.6,54.3,12.68,,330.916
RSW,Copper,Cu,Copper,Cu,170.3,Nickel-plated,4610.08,,,1928.83,267.4,,,57.2,28.0,6.39,,831.887
RSW,Copper,Cu,Copper,Cu,102.5,Bare,6175.4,,,455.68,106.5,,,78.6,62.6,23.34,,443.517
RSW,StainlessSteel,SS304,Nickel,Ni,86.0,Nickel-plated,3900.89,,,2101.83,482.4,,,72.8,21.5,17.62,,1080.972
RSW,Copper,Cu,Copper,Cu,36.7,Bare,6116.47,,,1287.39,101.6,,,48.6,44.0,18.03,,369.629
RSW,Copper,Cu,Aluminum,Al,193.2,Carbon-coated,5259.49,,,488.32,108.6,,,107.6,40.3,5.41,,339.719
RSW,Copper,Cu,Copper,Cu,44.9,Carbon-coated,4399.48,,,969.62,476.8,,,42.7,42.9,23.95,,1367.381
RSW,Copper,Cu,Copper,Cu,42.9,Bare,2140.31,,,1298.09,127.6,,,46.4,31.0,13.7,,166.533
RSW,Copper,Cu,Copper,Cu,82.5,Bare,4926.88,,,714.93,55.0,,,3.9,73.6,21.61,,154.824
RSW,Copper,Cu,Copper,Cu,98.7,Oxide,6122.56,,,771.85,233.1,,,40.0,12.1,23.64,,857.955
RSW,Copper,Cu,Aluminum,Al,179.3,Bare,1882.56,,,381.35,132.7,,,48.5,21.0,17.45,,151.814
RSW,Copper,Cu,Copper,Cu,101.0,Bare,5164.65,,,1225.28,257.4,,,112.7,44.3,20.19,,939.609
RSW,Copper,Cu,Copper,Cu,85.3,Nickel-plated,5714.65,,,1873.87,57.0,,,35.4,26.8,23.89,,231.904
RSW,StainlessSteel,SS304,Nickel,Ni,233.6,Oxide,1245.52,,,1363.28,136.6,,,110.7,44.9,13.63,,111.867
RSW,Nickel,Ni,Copper,Cu,75.2,Bare,2090.52,,,803.23,368.3,,,14.9,65.9,10.04,,465.867
RSW,Copper,Cu,Copper,Cu,32.4,Tin-plated,4614.14,,,518.49,296.1,,,80.0,22.8,9.12,,787.362
RSW,StainlessSteel,SS304,Nickel,Ni,68.6,Oxide,4593.48,,,2300.75,417.7,,,114.0,61.9,24.63,,1213.25
RSW,Nickel,Ni,Copper,Cu,40.7,Bare,4930.81,,,789.94,335.7,,,85.2,25.4,12.14,,1104.316
RSW,StainlessSteel,SS304,Nickel,Ni,92.7,Oxide,4851.32,,,561.67,384.6,,,7.8,43.9,16.47,,1189.786
RSW,StainlessSteel,SS304,Nickel,Ni,67.2,Nickel-plated,6031.71,,,943.6,106.1,,,55.1,59.9,19.43,,451.432
RSW,Aluminum,Al,Aluminum,Al,52.2,Bare,4644.07,,,1437.9,166.6,,,42.1,43.4,22.77,,504.293
RSW,Copper,Cu,Copper,Cu,108.3,Tin-plated,2399.6,,,726.76,118.8,,,68.6,32.8,19.7,,197.794
RSW,Copper,Cu,Copper,Cu,143.1,Bare,3220.05,,,2232.83,241.8,,,61.3,23.1,5.1,,488.504
RSW,StainlessSteel,SS304,Nickel,Ni,41.4,Nickel-plated,6212.14,,,1140.82,192.8,,,15.2,37.1,6.61,,709.016
RSW,Copper,Cu,StainlessSteel,SS304,212.9,Bare,7776.74,,,860.26,239.0,,,17.4,30.5,4.38,,1147.893
RSW,Copper,Cu,Copper,Cu,226.6,Nickel-plated,6684.22,,,2148.95,412.7,,,31.1,65.6,15.41,,1598.696
RSW,Nickel,Ni,Copper,Cu,221.0,Bare,2783.8,,,895.27,235.7,,,71.6,21.5,20.65,,459.665
RSW,Nickel,Ni,Copper,Cu,52.5,Nickel-plated,3201.51,,,1385.75,86.6,,,35.0,69.6,12.23,,167.682
RSW,Aluminum,Al,Aluminum,Al,198.9,Tin-plated,1074.82,,,1678.55,53.9,,,-2.3,29.2,6.44,,36.678
RSW,StainlessSteel,SS304,Nickel,Ni,111.1,Nickel-plated,6130.67,,,1498.43,298.6,,,61.3,24.7,12.31,,1091.796
RSW,Copper,Cu,Aluminum,Al,96.5,Nickel-plated,2273.37,,,1133.29,225.5,,,95.2,52.1,11.14,,308.957
RSW,StainlessSteel,SS304,Nickel,Ni,225.6,Oxide,5609.15,,,1626.4,452.3,,,100.5,76.5,22.66,,1788.667
RSW,Nickel,Ni,Copper,Cu,63.4,Bare,3567.15,,,1870.15,361.8,,,-4.3,28.4,10.03,,915.964
RSW,Copper,Cu,Copper,Cu,95.0,Nickel-plated,2206.74,,,1161.47,119.0,,,109.5,55.3,21.13,,167.885
RSW,StainlessSteel,SS304,Nickel,Ni,80.7,Oxide,6942.69,,,1199.46,486.1,,,74.9,42.5,16.56,,2210.111
RSW,Copper,Cu,Copper,Cu,181.7,Tin-plated,5095.52,,,1324.74,194.6,,,91.6,72.5,20.7,,604.535
RSW,Copper,Cu,Copper,Cu,134.0,Bare,3547.91,,,2492.61,274.9,,,48.7,64.9,5.41,,597.378
RSW,Copper,Cu,Aluminum,Al,221.6,Nickel-plated,7755.2,,,1313.79,78.6,,,94.4,40.0,13.24,,365.851
RSW,StainlessSteel,SS304,Nickel,Ni,184.0,Bare,2566.68,,,1034.87,261.6,,,26.0,79.9,13.1,,396.801
RSW,StainlessSteel,SS304,Nickel,Ni,163.2,Oxide,3983.43,,,849.2,123.1,,,104.6,43.3,4.17,,283.938
RSW,StainlessSteel,SS304,Nickel,Ni,34.9,Bare,1774.7,,,336.5,295.2,,,84.0,21.7,15.11,,332.552
RSW,Copper,Cu,Aluminum,Al,82.1,Tin-plated,7356.54,,,1461.62,214.6,,,32.8,57.0,11.69,,939.479
RSW,Nickel,Ni,Copper,Cu,148.5,Oxide,7980.22,,,1249.52,424.9,,,23.7,59.0,14.33,,2008.188
RSW,Copper,Cu,Copper,Cu,232.7,Nickel-plated,7691.3,,,1539.38,253.5,,,31.8,53.3,6.01,,1390.253
RSW,StainlessSteel,SS304,Nickel,Ni,209.9,Bare,6409.65,,,1250.25,315.7,,,80.1,62.9,14.27,,1445.843
RSW,Copper,Cu,Copper,Cu,69.1,Bare,2945.24,,,2317.4,109.6,,,65.5,72.6,16.48,,187.21
RSW,StainlessSteel,SS304,Nickel,Ni,30.4,Bare,1040.95,,,1602.33,223.3,,,41.2,15.1,12.55,,149.318
RSW,StainlessSteel,SS304,Nickel,Ni,88.6,Nickel-plated,3687.15,,,2455.27,115.0,,,26.2,64.6,8.15,,304.015
RSW,Copper,Cu,Copper,Cu,74.5,Bare,3501.31,,,1492.41,316.7,,,87.1,30.6,15.78,,662.461
RSW,Aluminum,Al,Aluminum,Al,186.0,Nickel-plated,1232.32,,,1032.86,467.4,,,13.9,31.7,19.6,,337.971
RSW,StainlessSteel,SS304,Nickel,Ni,218.2,Oxide,7766.31,,,385.46,496.6,,,96.6,49.1,10.58,,2234.456
RSW,Copper,Cu,Copper,Cu,238.6,Bare,7254.8,,,1740.6,288.0,,,18.0,66.8,4.65,,1413.862
RSW,Copper,Cu,Aluminum,Al,68.3,Tin-plated,3616.55,,,676.74,319.9,,,17.5,75.7,17.61,,786.537
RSW,Nickel,Ni,Copper,Cu,140.9,Tin-plated,1809.79,,,1814.34,152.4,,,41.3,34.1,17.55,,160.475
RSW,Copper,Cu,Copper,Cu,36.4,Bare,4253.03,,,2479.16,247.8,,,75.1,73.6,15.07,,750.017
RSW,Copper,Cu,Aluminum,Al,35.9,Bare,4190.87,,,779.95,288.3,,,49.2,14.5,24.23,,688.458
RSW,Nickel,Ni,Copper,Cu,189.7,Nickel-plated,5991.19,,,1061.17,380.2,,,107.7,56.1,24.66,,1302.366
RSW,Aluminum,Al,Aluminum,Al,136.1,Nickel-plated,4794.86,,,1854.49,147.2,,,23.0,34.4,17.41,,492.408
RSW,Aluminum,Al,Aluminum,Al,65.8,Carbon-coated,7655.58,,,1439.93,387.1,,,113.8,66.9,11.97,,1960.765
RSW,StainlessSteel,SS304,Nickel,Ni,196.4,Bare,5170.46,,,705.59,321.7,,,100.3,17.9,24.75,,1010.574
RSW,Nickel,Ni,Copper,Cu,194.6,Nickel-plated,4928.19,,,992.32,101.6,,,77.6,33.1,20.73,,344.505
RSW,Nickel,Ni,Copper,Cu,77.7,Bare,3890.89,,,329.13,211.7,,,64.4,54.5,13.05,,557.973
RSW,Nickel,Ni,Copper,Cu,40.3,Bare,4529.66,,,1414.22,229.8,,,104.7,79.0,15.73,,657.075
RSW,Copper,Cu,Copper,Cu,138.2,Nickel-plated,1007.48,,,573.9,385.7,,,55.5,60.3,12.32,,254.777
RSW,StainlessSteel,SS304,Nickel,Ni,136.2,Anodized,7595.43,,,1135.76,266.2,,,112.7,54.1,7.05,,1341.527
RSW,Nickel,Ni,Copper,Cu,36.8,Bare,1281.55,,,1054.15,87.2,,,95.6,17.2,17.61,,69.429
RSW,StainlessSteel,SS304,Nickel,Ni,47.1,Carbon-coated,5466.05,,,1270.15,452.7,,,75.3,73.3,6.68,,1711.595
RSW,Nickel,Ni,Copper,Cu,164.4,Tin-plated,6434.62,,,1357.04,379.0,,,71.3,40.3,14.8,,1665.471
RSW,StainlessSteel,SS304,Nickel,Ni,219.6,Tin-plated,5653.95,,,1562.42,306.1,,,44.3,59.2,20.77,,983.625
RSW,Nickel,Ni,Copper,Cu,48.5,Nickel-plated,6310.44,,,1334.74,329.9,,,25.2,48.5,8.81,,1201.893
RSW,Aluminum,Al,Aluminum,Al,127.5,Bare,2302.14,,,911.51,348.9,,,-7.1,53.7,24.1,,459.082
RSW,Copper,Cu,Copper,Cu,130.4,Oxide,6753.36,,,609.02,239.6,,,60.6,11.3,18.04,,1066.397
RSW,StainlessSteel,SS304,Nickel,Ni,153.2,Nickel-plated,7710.25,,,639.43,426.3,,,66.5,29.8,9.37,,1946.623
RSW,Nickel,Ni,Copper,Cu,38.0,Bare,6808.76,,,518.86,116.7,,,84.7,61.6,15.74,,450.396
RSW,Copper,Cu,Aluminum,Al,120.9,Nickel-plated,4487.14,,,481.24,154.2,,,67.4,33.2,13.2,,416.334
RSW,StainlessSteel,SS304,Nickel,Ni,200.1,Anodized,3039.02,,,2179.37,319.2,,,68.8,49.7,11.38,,579.245
RSW,Copper,Cu,Copper,Cu,41.2,Tin-plated,3955.11,,,2425.72,209.7,,,32.1,56.4,9.06,,488.682
RSW,Aluminum,Al,Aluminum,Al,187.1,Tin-plated,5775.16,,,1973.7,103.6,,,86.0,28.1,16.85,,375.164
RSW,StainlessSteel,SS304,Nickel,Ni,167.3,Oxide,7016.37,,,2271.19,405.9,,,116.0,34.8,8.02,,1970.767
RSW,StainlessSteel,SS304,Nickel,Ni,166.5,Tin-plated,1019.66,,,1078.72,68.3,,,85.6,54.0,16.21,,44.518
RSW,Copper,Cu,Copper,Cu,191.3,Nickel-plated,5418.81,,,2072.01,138.1,,,-9.1,52.5,4.8,,507.499
RSW,Copper,Cu,Aluminum,Al,66.7,Carbon-coated,1816.89,,,576.56,162.1,,,-9.1,65.5,10.72,,191.548
RSW,Copper,Cu,Copper,Cu,75.5,Bare,4016.34,,,851.99,130.3,,,33.6,74.4,10.11,,370.602
RSW,Copper,Cu,Copper,Cu,83.8,Tin-plated,2706.49,,,1925.63,400.1,,,100.6,34.3,15.9,,664.848
RSW,Copper,Cu,Copper,Cu,196.7,Tin-plated,4865.11,,,1253.23,62.8,,,61.7,76.7,13.52,,181.913
RSW,Aluminum,Al,Aluminum,Al,224.8,Carbon-coated,6581.58,,,474.27,54.1,,,-7.8,55.3,23.34,,238.512
RSW,Aluminum,Al,Aluminum,Al,242.2,Bare,3216.25,,,985.16,91.7,,,0.4,77.1,18.85,,181.198
RSW,Nickel,Ni,Copper,Cu,132.6,Nickel-plated,4937.99,,,1700.81,487.9,,,9.1,45.3,4.18,,1630.935
RSW,Copper,Cu,Aluminum,Al,234.3,Bare,7524.67,,,1851.2,356.6,,,37.9,12.0,21.65,,1684.341
RSW,StainlessSteel,SS304,Nickel,Ni,83.3,Nickel-plated,7458.13,,,2003.45,471.4,,,0.1,62.6,11.97,,2026.655
RSW,Copper,Cu,Aluminum,Al,111.2,Oxide,7275.07,,,619.78,460.4,,,49.5,29.3,16.67,,2284.803
RSW,Aluminum,Al,Aluminum,Al,53.5,Bare,1197.8,,,1012.04,246.4,,,38.1,57.7,9.49,,201.084
RSW,Aluminum,Al,Aluminum,Al,213.1,Bare,3015.98,,,1894.04,340.4,,,104.7,41.9,17.04,,678.047
RSW,Nickel,Ni,Copper,Cu,119.3,Nickel-plated,3354.5,,,1440.24,416.0,,,94.2,77.1,19.37,,804.524
RSW,Nickel,Ni,Copper,Cu,162.5,Oxide,3039.43,,,1035.66,352.8,,,15.0,74.5,8.51,,618.694
RSW,Copper,Cu,Copper,Cu,193.0,Tin-plated,4873.32,,,1761.49,263.2,,,58.0,16.0,23.36,,785.164
RSW,Copper,Cu,Copper,Cu,43.3,Bare,3429.52,,,620.69,333.4,,,112.0,17.7,8.98,,648.234
RSW,Nickel,Ni,Copper,Cu,59.3,Bare,5147.43,,,1472.62,231.9,,,42.0,42.9,17.26,,798.523
RSW,Copper,Cu,StainlessSteel,SS304,82.1,Bare,4269.6,,,491.52,492.6,,,86.6,61.8,19.72,,1456.391
RSW,Aluminum,Al,Aluminum,Al,227.3,Bare,2583.14,,,1253.72,391.0,,,69.3,24.0,8.37,,656.638
RSW,Copper,Cu,Copper,Cu,141.4,Nickel-plated,3582.56,,,773.0,443.8,,,61.1,58.9,6.54,,892.855
RSW,Nickel,Ni,Copper,Cu,171.9,Oxide,3375.97,,,631.42,496.6,,,63.2,50.5,7.59,,1013.164
RSW,Copper,Cu,StainlessSteel,SS304,207.7,Bare,4866.16,,,2478.0,263.5,,,97.9,24.1,12.67,,766.415
RSW,Nickel,Ni,Copper,Cu,188.6,Oxide,2213.31,,,2281.34,88.6,,,108.8,10.7,22.18,,114.724
RSW,Nickel,Ni,Copper,Cu,63.8,Oxide,6282.36,,,2298.33,245.9,,,101.1,30.5,18.95,,1070.906
RSW,StainlessSteel,SS304,Nickel,Ni,184.1,Bare,6638.66,,,2054.72,114.6,,,114.5,30.7,18.66,,437.323
RSW,Nickel,Ni,Copper,Cu,124.4,Bare,7162.75,,,536.95,387.1,,,93.3,29.3,12.49,,1937.998
RSW,Nickel,Ni,Copper,Cu,46.3,Carbon-coated,7246.96,,,1460.03,100.8,,,16.2,37.8,19.38,,483.139
RSW,Nickel,Ni,Copper,Cu,39.0,Nickel-plated,1689.81,,,609.26,425.2,,,7.0,22.4,23.49,,471.714
RSW,Copper,Cu,Copper,Cu,125.3,Bare,6921.53,,,703.07,78.2,,,12.5,31.9,11.07,,371.988
RSW,Copper,Cu,Copper,Cu,224.5,Bare,4118.95,,,747.29,434.1,,,62.8,42.6,4.45,,1051.145
RSW,StainlessSteel,SS304,Nickel,Ni,63.1,Carbon-coated,7782.89,,,1724.11,362.4,,,93.9,30.8,11.44,,1657.377
RSW,Copper,Cu,StainlessSteel,SS304,196.8,Nickel-plated,7471.49,,,430.86,235.5,,,57.6,24.8,9.34,,1209.137
RSW,Nickel,Ni,Copper,Cu,114.8,Nickel-plated,1954.43,,,1071.52,412.5,,,26.5,26.9,18.94,,521.794
RSW,Nickel,Ni,Copper,Cu,227.8,Tin-plated,5967.33,,,1934.75,54.0,,,14.4,16.8,11.8,,192.695
RSW,Aluminum,Al,Aluminum,Al,145.5,Nickel-plated,3325.86,,,952.8,370.6,,,115.6,76.6,18.31,,699.672
RSW,Copper,Cu,StainlessSteel,SS304,99.7,Carbon-coated,6475.83,,,1385.43,357.8,,,38.5,45.2,22.0,,1430.569
RSW,Copper,Cu,Copper,Cu,193.3,Anodized,1609.38,,,1380.5,386.0,,,63.1,76.1,18.07,,383.921
RSW,StainlessSteel,SS304,Nickel,Ni,230.7,Bare,2394.79,,,944.6,351.5,,,45.6,41.9,17.11,,564.605
RSW,Copper,Cu,StainlessSteel,SS304,133.9,Bare,5660.69,,,1557.53,422.5,,,48.2,10.8,16.86,,1601.49
RSW,Nickel,Ni,Copper,Cu,164.9,Bare,3662.96,,,1202.62,68.4,,,51.9,28.1,21.14,,152.789
RSW,Nickel,Ni,Copper,Cu,187.4,Bare,6207.52,,,2368.34,475.5,,,113.5,67.7,20.71,,1949.478
RSW,Nickel,Ni,Copper,Cu,68.5,Bare,6699.29,,,2086.18,232.0,,,35.4,38.6,18.68,,1124.358
RSW,Nickel,Ni,Copper,Cu,41.6,Bare,7601.68,,,1155.41,286.8,,,55.6,54.8,5.44,,1460.801
RSW,Nickel,Ni,Copper,Cu,62.3,Bare,1563.36,,,799.48,60.2,,,36.0,17.7,6.85,,53.218
RSW,Aluminum,Al,Aluminum,Al,56.1,Nickel-plated,1522.39,,,457.49,214.5,,,40.1,78.9,21.39,,208.52
RSW,Copper,Cu,StainlessSteel,SS304,242.6,Bare,4903.73,,,2294.27,452.5,,,110.5,58.8,14.48,,1303.072
RSW,Copper,Cu,Copper,Cu,221.5,Bare,1857.87,,,1750.93,284.5,,,85.6,60.2,23.3,,309.148
RSW,Nickel,Ni,Copper,Cu,128.7,Nickel-plated,5619.05,,,2186.95,456.0,,,99.2,31.4,17.19,,1689.173
RSW,Copper,Cu,Aluminum,Al,94.9,Bare,6411.61,,,2323.09,265.4,,,103.0,42.5,20.7,,1096.82
RSW,Nickel,Ni,Copper,Cu,218.6,Nickel-plated,2365.05,,,480.87,268.7,,,35.8,51.4,17.04,,367.495
RSW,Copper,Cu,Aluminum,Al,33.9,Bare,4532.67,,,660.43,145.1,,,55.1,26.4,17.15,,367.527
RSW,StainlessSteel,SS304,Nickel,Ni,55.1,Tin-plated,2667.51,,,1291.81,184.1,,,49.3,72.7,15.04,,350.814
RSW,Copper,Cu,Aluminum,Al,123.7,Bare,4519.66,,,860.22,227.3,,,95.5,71.5,4.05,,640.475
RSW,Aluminum,Al,Aluminum,Al,225.4,Bare,4140.2,,,722.03,178.2,,,50.5,66.6,15.53,,451.56
RSW,Copper,Cu,Aluminum,Al,130.1,Oxide,2555.04,,,2332.11,417.3,,,26.3,18.8,7.58,,644.99
RSW,Copper,Cu,Copper,Cu,103.6,Bare,2805.19,,,1463.02,483.6,,,110.3,10.4,19.44,,805.419
RSW,Copper,Cu,Copper,Cu,92.9,Bare,4073.5,,,770.13,334.7,,,36.6,40.5,11.39,,759.07
RSW,StainlessSteel,SS304,Nickel,Ni,79.5,Oxide,5026.69,,,817.16,472.5,,,115.1,61.8,12.39,,1420.817
RSW,Nickel,Ni,Copper,Cu,30.4,Nickel-plated,1616.24,,,1118.52,113.3,,,60.8,20.5,9.67,,106.142
RSW,StainlessSteel,SS304,Nickel,Ni,107.7,Oxide,6128.52,,,2448.58,319.8,,,56.4,11.2,4.73,,1355.143
RSW,Copper,Cu,Copper,Cu,41.3,Bare,5110.7,,,1938.26,397.1,,,50.9,30.8,7.95,,1194.53
RSW,Nickel,Ni,Copper,Cu,194.3,Bare,3327.15,,,952.69,433.7,,,114.0,75.2,8.92,,895.773
RSW,StainlessSteel,SS304,Nickel,Ni,244.5,Tin-plated,7442.8,,,915.97,260.2,,,39.4,31.9,22.4,,1252.315
RSW,Copper,Cu,Copper,Cu,119.4,Bare,1342.39,,,1130.34,308.0,,,54.3,13.6,10.04,,234.643
RSW,StainlessSteel,SS304,Nickel,Ni,60.5,Bare,2660.55,,,1489.37,358.1,,,30.6,14.8,22.61,,601.651
RSW,StainlessSteel,SS304,Nickel,Ni,44.5,Bare,1666.77,,,604.35,310.4,,,29.3,50.9,11.99,,359.892
RSW,Copper,Cu,Aluminum,Al,193.3,Bare,6732.8,,,1204.96,420.3,,,77.2,72.3,4.71,,1747.914
RSW,Nickel,Ni,Copper,Cu,114.9,Oxide,3960.78,,,1471.8,336.8,,,100.6,37.5,8.57,,758.932
RSW,Aluminum,Al,Aluminum,Al,45.1,Nickel-plated,2812.33,,,793.38,254.2,,,88.9,30.0,18.54,,414.427
RSW,Nickel,Ni,Copper,Cu,35.0,Bare,2783.39,,,814.95,91.7,,,86.4,49.2,7.61,,155.862
RSW,Nickel,Ni,Copper,Cu,177.9,Nickel-plated,5713.31,,,714.66,481.5,,,68.0,56.4,6.22,,1742.928
RSW,StainlessSteel,SS304,Nickel,Ni,190.8,Nickel-plated,2880.26,,,2309.03,205.8,,,108.0,54.0,4.86,,429.649
RSW,StainlessSteel,SS304,Nickel,Ni,45.6,Bare,5870.6,,,1213.15,171.9,,,-3.1,51.4,16.28,,622.543
RSW,StainlessSteel,SS304,Nickel,Ni,133.4,Bare,2605.66,,,955.86,408.1,,,84.9,78.2,24.3,,605.032
RSW,StainlessSteel,SS304,Nickel,Ni,109.8,Tin-plated,6514.31,,,2352.98,229.7,,,118.9,61.8,23.57,,1023.519
RSW,Nickel,Ni,Copper,Cu,140.4,Bare,7583.12,,,613.66,381.5,,,118.7,28.4,19.8,,1828.898
RSW,Copper,Cu,Copper,Cu,233.3,Bare,7747.42,,,2165.2,110.7,,,76.6,55.7,11.35,,523.735
RSW,StainlessSteel,SS304,Nickel,Ni,153.3,Bare,5447.8,,,2467.11,72.7,,,25.1,72.4,14.04,,263.288
RSW,Copper,Cu,Copper,Cu,45.5,Nickel-plated,7828.98,,,948.99,121.1,,,57.5,76.3,8.34,,547.077
RSW,StainlessSteel,SS304,Nickel,Ni,100.2,Bare,4222.92,,,1721.42,355.5,,,117.2,18.2,10.86,,1077.652
RSW,Copper,Cu,Copper,Cu,168.8,Carbon-coated,7256.76,,,945.47,382.9,,,86.0,55.1,6.14,,1662.08
RSW,Nickel,Ni,Copper,Cu,88.1,Tin-plated,1001.01,,,1054.81,422.2,,,90.2,46.7,17.41,,241.138
RSW,Copper,Cu,Copper,Cu,231.9,Bare,5811.87,,,1954.74,431.8,,,25.4,46.5,4.38,,1703.436
RSW,Aluminum,Al,Aluminum,Al,69.4,Bare,2052.77,,,1796.44,459.8,,,32.4,33.0,9.29,,633.578
RSW,StainlessSteel,SS304,Nickel,Ni,234.6,Bare,1054.44,,,772.16,112.1,,,61.2,54.6,19.96,,68.685
RSW,Copper,Cu,Copper,Cu,236.9,Tin-plated,3256.04,,,1170.54,372.9,,,6.9,29.3,14.4,,858.04
RSW,Nickel,Ni,Copper,Cu,55.4,Bare,3123.89,,,1949.5,415.0,,,-0.1,56.2,7.44,,774.12
RSW,StainlessSteel,SS304,Nickel,Ni,127.4,Bare,1053.26,,,957.91,365.4,,,39.8,57.4,24.32,,257.266
RSW,Copper,Cu,StainlessSteel,SS304,116.9,Nickel-plated,1932.68,,,2265.37,278.4,,,63.9,40.3,12.31,,360.975
RSW,Copper,Cu,Copper,Cu,73.8,Anodized,7121.84,,,755.89,333.0,,,113.4,69.2,22.35,,1519.325
RSW,Copper,Cu,StainlessSteel,SS304,240.7,Bare,1070.02,,,1392.44,467.7,,,54.5,49.8,13.78,,355.994
RSW,Nickel,Ni,Copper,Cu,209.6,Bare,4744.71,,,1384.21,445.3,,,80.4,27.3,24.45,,1449.784
RSW,Aluminum,Al,Aluminum,Al,185.9,Anodized,3945.35,,,2190.73,305.8,,,-5.3,47.9,20.61,,703.751
RSW,Aluminum,Al,Aluminum,Al,168.1,Nickel-plated,6350.93,,,732.75,385.6,,,55.2,47.4,13.06,,1719.682
RSW,StainlessSteel,SS304,Nickel,Ni,184.1,Bare,3295.15,,,677.81,250.9,,,78.5,13.0,18.73,,567.849
RSW,Aluminum,Al,Aluminum,Al,31.6,Oxide,2295.08,,,1048.94,410.5,,,69.1,11.1,24.65,,566.811
RSW,Copper,Cu,StainlessSteel,SS304,150.2,Bare,3664.25,,,2064.77,182.3,,,28.4,57.2,9.85,,382.213
RSW,StainlessSteel,SS304,Nickel,Ni,82.7,Bare,2977.27,,,713.1,298.8,,,56.7,16.5,18.27,,493.91
RSW,StainlessSteel,SS304,Nickel,Ni,81.3,Bare,6134.81,,,970.64,121.2,,,9.9,30.9,15.89,,440.692
RSW,Nickel,Ni,Copper,Cu,44.0,Nickel-plated,6683.41,,,1847.94,326.8,,,109.8,62.4,8.62,,1263.765
RSW,Nickel,Ni,Copper,Cu,222.0,Nickel-plated,3762.62,,,819.44,360.7,,,26.1,21.6,8.48,,784.413
RSW,Copper,Cu,StainlessSteel,SS304,243.6,Carbon-coated,6435.81,,,1786.14,302.2,,,-7.5,46.0,23.7,,1347.75
RSW,Copper,Cu,Aluminum,Al,60.3,Bare,6073.11,,,310.99,364.1,,,115.2,78.5,15.51,,1494.651
RSW,Nickel,Ni,Copper,Cu,75.4,Nickel-plated,4122.59,,,1634.66,99.4,,,86.1,71.0,5.15,,234.098
RSW,Copper,Cu,Copper,Cu,163.4,Nickel-plated,2180.73,,,2035.84,250.9,,,92.8,69.4,8.48,,343.144
RSW,Copper,Cu,Copper,Cu,204.2,Bare,3082.42,,,2137.07,65.9,,,-7.8,68.6,21.14,,136.37
RSW,Nickel,Ni,Copper,Cu,203.3,Bare,1862.52,,,913.31,461.5,,,-9.0,77.5,4.51,,567.097
RSW,StainlessSteel,SS304,Nickel,Ni,151.0,Bare,1823.92,,,1292.09,147.1,,,7.1,72.3,5.5,,170.685
RSW,Copper,Cu,Copper,Cu,248.8,Nickel-plated,3587.26,,,1779.47,285.5,,,98.7,38.0,19.64,,721.984
RSW,Copper,Cu,Copper,Cu,111.8,Bare,6586.14,,,1937.25,402.2,,,1.2,54.5,15.36,,1921.758
RSW,Aluminum,Al,Aluminum,Al,96.1,Bare,4673.28,,,2253.73,125.7,,,12.1,50.2,20.17,,363.738
RSW,Nickel,Ni,Copper,Cu,158.9,Tin-plated,1392.31,,,500.63,132.0,,,8.6,24.4,23.19,,116.776
RSW,Copper,Cu,Aluminum,Al,212.0,Nickel-plated,2566.44,,,2069.61,373.8,,,20.6,28.7,23.82,,571.014
RSW,Nickel,Ni,Copper,Cu,136.3,Bare,5303.62,,,713.7,307.5,,,66.2,71.9,12.93,,1061.721
RSW,Nickel,Ni,Copper,Cu,95.0,Nickel-plated,1275.02,,,1056.05,459.9,,,47.0,23.2,17.84,,343.075
RSW,Copper,Cu,StainlessSteel,SS304,56.7,Bare,2747.2,,,1575.1,168.1,,,56.1,47.1,12.35,,304.165
RSW,Nickel,Ni,Copper,Cu,89.0,Bare,4030.14,,,1552.62,190.5,,,60.1,61.3,22.36,,509.451
RSW,Copper,Cu,Copper,Cu,229.4,Bare,3060.58,,,1089.89,98.0,,,118.8,51.0,17.08,,174.956
RSW,Nickel,Ni,Copper,Cu,155.7,Tin-plated,3968.49,,,1799.56,263.7,,,118.4,43.5,15.35,,609.673
RSW,Copper,Cu,Copper,Cu,30.4,Bare,3491.91,,,644.81,498.8,,,95.4,25.7,22.03,,1125.423
RSW,StainlessSteel,SS304,Nickel,Ni,108.1,Oxide,5684.99,,,896.67,125.8,,,50.0,32.0,20.57,,452.924
RSW,Aluminum,Al,Aluminum,Al,57.8,Bare,1667.22,,,1139.36,139.1,,,114.4,48.8,15.51,,133.898
RSW,StainlessSteel,SS304,Nickel,Ni,111.5,Carbon-coated,1353.35,,,2451.49,440.6,,,27.1,23.5,21.61,,388.399
RSW,Nickel,Ni,Copper,Cu,224.8,Carbon-coated,5654.72,,,1894.46,440.7,,,17.2,43.1,17.07,,1528.454
RSW,Copper,Cu,Copper,Cu,111.4,Tin-plated,5793.96,,,1513.21,420.5,,,90.6,11.9,12.75,,1643.271
RSW,Copper,Cu,Copper,Cu,183.2,Nickel-plated,4902.46,,,1401.13,199.9,,,25.8,58.3,23.25,,644.032
RSW,Copper,Cu,Copper,Cu,236.1,Carbon-coated,6404.21,,,1505.17,268.8,,,93.3,32.2,23.43,,1131.962
RSW,Copper,Cu,Aluminum,Al,113.7,Oxide,5596.64,,,1610.5,377.7,,,55.7,13.7,13.83,,1486.265
RSW,StainlessSteel,SS304,Nickel,Ni,58.3,Bare,3306.34,,,2178.41,73.3,,,80.0,75.9,6.82,,174.586
RSW,Copper,Cu,Aluminum,Al,141.3,Tin-plated,6554.12,,,1661.98,446.9,,,97.2,64.8,16.12,,1750.145
RSW,StainlessSteel,SS304,Nickel,Ni,217.4,Tin-plated,4963.09,,,1434.45,239.2,,,24.7,75.4,19.48,,828.018
RSW,Copper,Cu,Copper,Cu,180.6,Bare,5476.33,,,542.35,267.3,,,102.8,23.6,6.46,,906.906
RSW,Copper,Cu,Aluminum,Al,88.4,Tin-plated,5562.68,,,834.06,140.9,,,70.7,51.3,19.33,,484.749
RSW,Copper,Cu,Copper,Cu,73.5,Tin-plated,5833.38,,,775.89,445.1,,,50.6,13.8,14.06,,1722.463
RSW,Copper,Cu,Copper,Cu,239.9,Tin-plated,3152.37,,,1415.06,492.5,,,64.7,13.2,19.63,,970.75
RSW,Nickel,Ni,Copper,Cu,97.6,Bare,1735.27,,,2411.59,170.5,,,70.6,44.6,21.9,,211.339
RSW,StainlessSteel,SS304,Nickel,Ni,101.1,Anodized,2470.17,,,612.09,460.5,,,-1.1,40.6,19.62,,760.299
RSW,Nickel,Ni,Copper,Cu,79.9,Bare,3693.12,,,1057.56,178.7,,,16.9,59.7,10.26,,405.844
RSW,Nickel,Ni,Copper,Cu,237.2,Oxide,1971.06,,,370.7,155.1,,,48.2,67.6,21.07,,194.97
RSW,Copper,Cu,StainlessSteel,SS304,99.2,Nickel-plated,3047.6,,,410.7,334.8,,,104.9,64.5,7.36,,577.194
RSW,StainlessSteel,SS304,Nickel,Ni,36.4,Bare,5626.99,,,854.34,212.6,,,96.2,20.8,10.99,,765.839
RSW,StainlessSteel,SS304,Nickel,Ni,191.0,Nickel-plated,7343.52,,,1542.45,420.0,,,91.6,55.0,14.5,,1814.302
RSW,Copper,Cu,StainlessSteel,SS304,247.4,Oxide,5218.3,,,650.86,308.1,,,14.7,42.1,17.13,,1024.895
RSW,Nickel,Ni,Copper,Cu,162.8,Bare,6242.01,,,1272.17,277.3,,,80.5,17.7,23.96,,1034.614
RSW,Copper,Cu,Copper,Cu,158.0,Bare,5935.01,,,845.16,119.0,,,54.5,48.9,16.27,,478.857
RSW,Nickel,Ni,Copper,Cu,56.6,Oxide,2023.91,,,629.1,296.5,,,23.4,78.3,14.31,,334.335
RSW,Copper,Cu,Copper,Cu,223.5,Nickel-plated,5392.36,,,2242.51,287.9,,,49.7,47.1,8.39,,1074.242
RSW,Copper,Cu,Copper,Cu,82.5,Bare,5581.45,,,1960.17,84.0,,,109.2,38.0,17.38,,286.266
RSW,Copper,Cu,Copper,Cu,84.9,Oxide,2049.0,,,2377.81,237.3,,,74.1,17.1,23.06,,303.151
RSW,StainlessSteel,SS304,Nickel,Ni,239.6,Bare,5847.61,,,1315.15,99.0,,,13.5,49.8,6.77,,410.697
RSW,Nickel,Ni,Copper,Cu,137.9,Bare,4866.77,,,2165.61,77.5,,,106.2,34.3,24.01,,263.098
RSW,Aluminum,Al,Aluminum,Al,58.7,Tin-plated,2965.02,,,874.31,101.1,,,89.9,33.5,16.92,,192.362
RSW,StainlessSteel,SS304,Nickel,Ni,140.4,Bare,3545.64,,,698.75,218.5,,,35.3,66.7,4.38,,447.492
RSW,Copper,Cu,Copper,Cu,69.2,Nickel-plated,2620.16,,,950.65,218.3,,,-2.7,44.3,14.67,,399.674
RSW,Copper,Cu,Aluminum,Al,99.5,Nickel-plated,3248.93,,,1743.09,249.2,,,43.4,10.0,13.94,,577.361
RSW,Aluminum,Al,Aluminum,Al,136.7,Nickel-plated,7982.06,,,1648.52,53.3,,,102.8,61.7,6.39,,261.038
RSW,StainlessSteel,SS304,Nickel,Ni,224.0,Oxide,5510.04,,,1480.27,471.7,,,64.2,18.6,12.74,,1668.395
RSW,Copper,Cu,Copper,Cu,126.0,Tin-plated,4062.08,,,853.37,73.1,,,15.2,17.4,15.59,,203.681
RSW,Copper,Cu,Copper,Cu,48.2,Bare,7329.03,,,2196.4,417.7,,,117.3,58.5,12.37,,2085.22
RSW,Nickel,Ni,Copper,Cu,161.1,Bare,1872.13,,,1826.97,129.6,,,110.9,31.9,21.16,,164.431
RSW,StainlessSteel,SS304,Nickel,Ni,89.5,Oxide,7168.76,,,1184.29,205.2,,,85.8,32.3,18.67,,997.744
RSW,StainlessSteel,SS304,Nickel,Ni,197.6,Nickel-plated,5524.61,,,2231.13,499.4,,,116.2,77.4,22.97,,1950.209
RSW,Nickel,Ni,Copper,Cu,60.3,Nickel-plated,5040.09,,,1800.67,97.8,,,38.7,26.5,6.38,,350.606
RSW,Copper,Cu,Aluminum,Al,173.3,Tin-plated,3020.85,,,349.54,68.7,,,3.6,74.3,22.4,,119.566
RSW,Copper,Cu,Aluminum,Al,84.2,Bare,2316.01,,,2187.54,496.9,,,74.1,60.5,14.77,,717.317
RSW,StainlessSteel,SS304,Nickel,Ni,194.0,Bare,4175.59,,,2213.65,467.2,,,91.5,55.4,24.93,,1335.958
RSW,Nickel,Ni,Copper,Cu,203.9,Tin-plated,1562.64,,,1919.75,409.6,,,75.9,75.9,6.04,,455.342
RSW,Copper,Cu,Copper,Cu,71.8,Oxide,2905.64,,,1936.46,466.8,,,96.4,60.1,12.41,,961.787
RSW,Copper,Cu,StainlessSteel,SS304,198.5,Bare,3001.32,,,1512.06,381.6,,,26.2,45.8,21.93,,817.875
RSW,Copper,Cu,Copper,Cu,40.0,Bare,3523.28,,,1961.95,468.2,,,70.2,76.3,21.28,,1138.386
RSW,StainlessSteel,SS304,Nickel,Ni,122.0,Bare,7736.96,,,1171.88,157.7,,,73.8,70.0,12.7,,692.828
RSW,Nickel,Ni,Copper,Cu,133.1,Bare,3937.47,,,1402.64,191.2,,,111.0,27.9,12.22,,438.826
RSW,Copper,Cu,Aluminum,Al,242.2,Bare,2297.47,,,993.64,352.2,,,30.3,37.8,21.88,,460.829
RSW,Copper,Cu,StainlessSteel,SS304,46.3,Nickel-plated,3130.93,,,1624.68,231.4,,,12.7,45.3,10.02,,458.101
RSW,StainlessSteel,SS304,Nickel,Ni,171.9,Bare,1445.52,,,1860.37,354.5,,,116.8,24.0,8.37,,337.004
RSW,Copper,Cu,Copper,Cu,160.9,Oxide,3730.95,,,345.19,176.2,,,11.0,50.0,8.33,,400.666
RSW,Nickel,Ni,Copper,Cu,190.1,Nickel-plated,1186.49,,,1505.44,374.4,,,63.5,40.1,12.39,,308.064
RSW,Nickel,Ni,Copper,Cu,80.1,Nickel-plated,2211.54,,,1389.68,490.2,,,81.9,75.0,14.49,,776.086
RSW,Aluminum,Al,Aluminum,Al,248.6,Bare,5741.48,,,2185.72,267.5,,,-1.2,77.4,22.63,,926.69
RSW,Copper,Cu,Copper,Cu,195.7,Bare,5489.66,,,716.69,223.9,,,0.2,71.0,7.01,,688.835
RSW,Nickel,Ni,Copper,Cu,243.4,Bare,1618.26,,,2229.86,417.6,,,45.6,64.1,9.45,,456.329
RSW,Copper,Cu,Aluminum,Al,247.3,Tin-plated,7979.3,,,880.7,247.7,,,66.2,40.0,12.94,,1265.974
RSW,Copper,Cu,StainlessSteel,SS304,84.2,Bare,5460.13,,,1361.92,126.6,,,72.2,23.4,5.25,,418.383
RSW,StainlessSteel,SS304,Nickel,Ni,248.2,Anodized,4623.08,,,2247.94,399.0,,,0.7,15.2,17.15,,1298.898
RSW,Nickel,Ni,Copper,Cu,188.4,Tin-plated,2375.7,,,1920.71,434.4,,,20.4,42.1,10.98,,669.06
RSW,Nickel,Ni,Copper,Cu,169.0,Tin-plated,4972.5,,,2302.43,345.1,,,16.2,75.6,20.29,,1156.53
RSW,Copper,Cu,Copper,Cu,63.6,Carbon-coated,6603.97,,,1255.23,364.6,,,88.2,34.3,24.75,,1622.35
RSW,Copper,Cu,Aluminum,Al,91.1,Bare,2298.71,,,1680.45,257.8,,,101.2,42.5,7.3,,343.925
RSW,Copper,Cu,StainlessSteel,SS304,211.5,Bare,6756.61,,,1754.22,464.8,,,102.2,33.9,13.36,,2099.468
RSW,Copper,Cu,Copper,Cu,201.7,Nickel-plated,5251.63,,,1419.67,52.5,,,66.9,43.5,12.56,,194.837
RSW,Copper,Cu,Copper,Cu,51.1,Nickel-plated,7861.59,,,2402.17,314.5,,,99.1,49.3,13.67,,1700.743
RSW,Copper,Cu,Copper,Cu,95.6,Bare,5929.05,,,1798.05,441.3,,,119.7,64.2,15.13,,1740.128
RSW,Nickel,Ni,Copper,Cu,144.8,Bare,1861.73,,,497.75,234.7,,,52.1,58.8,19.65,,257.171
RSW,Nickel,Ni,Copper,Cu,156.6,Nickel-plated,1300.2,,,1058.65,351.9,,,117.5,17.7,22.14,,289.863
RSW,Copper,Cu,StainlessSteel,SS304,97.6,Bare,1747.23,,,2403.63,478.5,,,66.1,52.2,9.1,,585.612
RSW,Copper,Cu,Copper,Cu,206.7,Nickel-plated,7496.36,,,1756.84,302.3,,,55.3,29.3,6.57,,1467.039
RSW,Aluminum,Al,Aluminum,Al,223.8,Nickel-plated,4763.87,,,451.3,97.3,,,119.6,27.1,15.42,,270.906
RSW,Aluminum,Al,Aluminum,Al,168.1,Tin-plated,7485.35,,,651.07,86.8,,,99.4,56.1,5.57,,444.549
RSW,Copper,Cu,Copper,Cu,67.2,Bare,2037.61,,,2029.04,353.4,,,55.1,53.7,21.28,,487.101
RSW,Copper,Cu,StainlessSteel,SS304,204.9,Anodized,7430.19,,,972.6,192.7,,,101.9,55.0,14.46,,909.495
RSW,Copper,Cu,Aluminum,Al,170.7,Bare,3117.35,,,809.9,413.2,,,17.7,19.9,18.21,,816.869
RSW,Nickel,Ni,Copper,Cu,71.9,Bare,1744.1,,,1095.57,372.5,,,63.8,63.0,16.28,,395.784
RSW,Copper,Cu,Aluminum,Al,96.8,Bare,3764.87,,,2028.18,477.5,,,-8.3,29.1,8.33,,1044.592
RSW,StainlessSteel,SS304,Nickel,Ni,76.9,Bare,3409.43,,,2318.18,131.9,,,98.0,74.1,11.67,,268.549
RSW,StainlessSteel,SS304,Nickel,Ni,64.3,Oxide,4178.93,,,1931.09,139.1,,,41.4,11.3,9.64,,373.172
RSW,Aluminum,Al,Aluminum,Al,222.8,Nickel-plated,1587.11,,,2275.6,175.4,,,92.2,14.9,16.14,,184.486
RSW,Copper,Cu,Copper,Cu,184.8,Bare,2422.73,,,923.94,420.6,,,115.9,76.8,13.19,,694.696
RSW,Nickel,Ni,Copper,Cu,211.1,Bare,5497.56,,,2435.11,347.2,,,23.0,35.5,20.76,,1124.357
RSW,Copper,Cu,Aluminum,Al,140.8,Nickel-plated,4140.12,,,1306.97,114.3,,,4.1,37.5,22.46,,279.686
RSW,StainlessSteel,SS304,Nickel,Ni,225.0,Oxide,1937.44,,,1906.87,373.9,,,89.4,45.1,6.0,,444.756
RSW,StainlessSteel,SS304,Nickel,Ni,239.9,Nickel-plated,7871.1,,,947.78,379.9,,,55.8,14.1,9.9,,2055.041
RSW,Copper,Cu,Aluminum,Al,173.2,Bare,7467.87,,,679.66,213.7,,,67.3,51.7,9.12,,1063.023
RSW,Copper,Cu,Copper,Cu,127.7,Bare,7336.02,,,2253.25,81.4,,,48.7,41.6,5.35,,353.995
RSW,Copper,Cu,Copper,Cu,210.6,Bare,1327.93,,,553.25,249.5,,,59.9,49.1,22.43,,201.925
RSW,Copper,Cu,Copper,Cu,185.4,Tin-plated,2107.72,,,401.62,471.0,,,10.3,11.5,20.57,,581.444
RSW,Copper,Cu,Copper,Cu,154.5,Bare,2446.9,,,2421.82,291.2,,,96.2,32.4,6.01,,451.825
RSW,Copper,Cu,Copper,Cu,42.7,Nickel-plated,6753.59,,,1340.87,305.4,,,3.0,63.4,21.03,,1304.208
RSW,Copper,Cu,Aluminum,Al,213.5,Bare,1291.99,,,1559.88,463.4,,,23.8,74.7,21.87,,344.307
RSW,Nickel,Ni,Copper,Cu,73.5,Carbon-coated,3302.85,,,1222.14,127.9,,,5.0,61.1,14.04,,256.713
RSW,Nickel,Ni,Copper,Cu,185.9,Tin-plated,2444.69,,,2197.34,270.8,,,75.9,61.1,22.54,,475.92
RSW,Aluminum,Al,Aluminum,Al,229.9,Carbon-coated,5622.59,,,955.83,366.9,,,14.2,52.6,4.33,,1382.062
RSW,StainlessSteel,SS304,Nickel,Ni,227.6,Carbon-coated,4671.46,,,626.94,406.2,,,46.5,16.5,20.47,,1242.942
RSW,Nickel,Ni,Copper,Cu,30.9,Tin-plated,1752.36,,,1070.48,472.7,,,111.8,61.2,15.37,,474.965
RSW,Aluminum,Al,Aluminum,Al,128.7,Carbon-coated,3601.21,,,1048.13,167.3,,,45.3,60.2,11.72,,398.066
RSW,Copper,Cu,Copper,Cu,215.5,Bare,1935.28,,,1130.74,177.5,,,96.5,12.5,18.74,,217.604
RSW,Nickel,Ni,Copper,Cu,210.8,Nickel-plated,5877.56,,,1866.32,121.2,,,6.5,10.8,18.7,,441.439
RSW,Copper,Cu,StainlessSteel,SS304,174.3,Bare,4826.22,,,982.65,203.8,,,81.9,45.9,9.67,,567.146
RSW,Copper,Cu,Copper,Cu,127.6,Bare,2644.52,,,1064.2,374.8,,,102.8,22.6,5.59,,620.334
RSW,StainlessSteel,SS304,Nickel,Ni,47.1,Bare,3463.82,,,606.35,207.9,,,20.9,35.0,7.72,,471.2
RSW,Nickel,Ni,Copper,Cu,187.5,Nickel-plated,7168.43,,,1422.97,78.3,,,55.5,52.7,15.71,,342.257
RSW,StainlessSteel,SS304,Nickel,Ni,69.4,Bare,3653.48,,,1714.2,59.5,,,94.3,49.0,11.98,,143.077
RSW,Nickel,Ni,Copper,Cu,156.8,Bare,5574.7,,,1053.04,221.4,,,111.9,70.0,15.85,,718.441
RSW,Copper,Cu,Copper,Cu,235.8,Nickel-plated,7795.08,,,1434.46,434.2,,,65.5,12.9,6.88,,2291.675
RSW,Nickel,Ni,Copper,Cu,226.1,Bare,6722.27,,,1556.09,224.9,,,55.2,52.7,18.33,,1057.433
RSW,Copper,Cu,Copper,Cu,37.8,Bare,3996.28,,,629.36,402.0,,,99.8,28.1,12.11,,1088.76
RSW,Nickel,Ni,Copper,Cu,119.2,Bare,5209.86,,,918.41,426.6,,,93.7,38.2,13.96,,1561.557
RSW,Aluminum,Al,Aluminum,Al,170.7,Oxide,6995.29,,,356.31,193.8,,,35.6,61.2,14.48,,949.851
RSW,Aluminum,Al,Aluminum,Al,177.9,Nickel-plated,7416.48,,,1688.82,251.7,,,72.2,56.0,10.58,,1119.717
RSW,Copper,Cu,Copper,Cu,140.4,Bare,3456.44,,,2225.89,356.1,,,34.5,56.7,24.17,,741.484
RSW,Copper,Cu,StainlessSteel,SS304,148.1,Bare,1546.86,,,560.29,318.7,,,46.9,41.7,16.59,,334.585
RSW,Copper,Cu,Copper,Cu,243.3,Bare,3786.49,,,2319.71,410.3,,,103.8,55.8,13.35,,914.48
RSW,StainlessSteel,SS304,Nickel,Ni,32.9,Bare,4019.84,,,929.68,457.2,,,112.2,47.8,8.07,,1200.133
RSW,Copper,Cu,Copper,Cu,119.7,Anodized,1409.14,,,1470.51,185.9,,,99.9,33.8,21.72,,166.056
RSW,Copper,Cu,Copper,Cu,36.3,Bare,1282.61,,,1024.18,160.0,,,115.5,57.4,22.75,,144.534
RSW,StainlessSteel,SS304,Nickel,Ni,155.7,Tin-plated,4944.28,,,940.16,251.6,,,97.1,42.7,11.79,,768.185
RSW,StainlessSteel,SS304,Nickel,Ni,156.4,Tin-plated,4609.88,,,1318.23,251.5,,,82.9,43.5,8.61,,713.652
RSW,Copper,Cu,StainlessSteel,SS304,227.7,Nickel-plated,6915.02,,,355.69,439.2,,,55.0,43.7,13.45,,2039.843
RSW,StainlessSteel,SS304,Nickel,Ni,183.2,Oxide,6719.24,,,1736.16,105.5,,,39.8,36.2,8.87,,454.048
RSW,Nickel,Ni,Copper,Cu,250.0,Nickel-plated,1218.44,,,2272.11,282.1,,,15.3,54.8,19.27,,203.459
RSW,Copper,Cu,Aluminum,Al,233.4,Nickel-plated,3410.62,,,753.4,428.0,,,29.3,20.0,12.97,,959.55
RSW,Copper,Cu,Copper,Cu,65.2,Oxide,7970.97,,,930.19,282.0,,,79.7,69.2,17.09,,1585.948
RSW,StainlessSteel,SS304,Nickel,Ni,200.7,Anodized,2104.67,,,1219.92,256.2,,,47.2,20.7,23.87,,324.862
RSW,StainlessSteel,SS304,Nickel,Ni,152.3,Nickel-plated,5770.44,,,2426.17,432.4,,,-6.0,23.1,12.4,,1804.161
RSW,Nickel,Ni,Copper,Cu,205.7,Bare,1719.32,,,608.35,377.7,,,91.1,30.7,10.28,,391.811
RSW,Nickel,Ni,Copper,Cu,240.4,Tin-plated,2853.85,,,1155.72,163.5,,,-4.5,68.6,17.22,,268.713
RSW,Copper,Cu,Aluminum,Al,37.0,Nickel-plated,5948.75,,,1056.0,364.6,,,77.3,34.0,10.02,,1341.906
RSW,Aluminum,Al,Aluminum,Al,44.6,Bare,1505.45,,,1051.37,85.0,,,84.4,47.0,4.54,,89.097
RSW,Copper,Cu,Copper,Cu,107.6,Tin-plated,1593.31,,,929.33,361.7,,,91.5,40.4,24.74,,329.885
RSW,Aluminum,Al,Aluminum,Al,77.1,Carbon-coated,5515.69,,,1575.95,217.8,,,103.8,73.8,5.35,,761.537
RSW,StainlessSteel,SS304,Nickel,Ni,104.4,Bare,4106.79,,,803.79,255.8,,,80.4,26.6,9.13,,603.719
RSW,Nickel,Ni,Copper,Cu,58.8,Tin-plated,3769.57,,,610.72,342.7,,,97.4,54.1,7.22,,867.9
RSW,Copper,Cu,Copper,Cu,56.1,Oxide,1104.17,,,2415.41,168.3,,,61.1,27.4,9.37,,127.576
RSW,Copper,Cu,Copper,Cu,92.0,Tin-plated,1915.87,,,682.44,483.2,,,112.0,30.8,18.83,,637.769
RSW,Nickel,Ni,Copper,Cu,107.5,Bare,2082.18,,,1495.91,400.2,,,60.5,27.7,16.24,,581.342
RSW,Aluminum,Al,Aluminum,Al,125.9,Bare,6055.46,,,1960.43,83.3,,,35.9,14.3,6.73,,308.336
RSW,StainlessSteel,SS304,Nickel,Ni,122.1,Bare,1559.35,,,896.66,424.1,,,80.0,58.1,22.06,,419.67
RSW,StainlessSteel,SS304,Nickel,Ni,119.0,Bare,3454.13,,,853.02,180.1,,,60.1,75.3,14.68,,410.292
RSW,Copper,Cu,Copper,Cu,142.3,Bare,1385.36,,,753.23,258.1,,,19.7,68.1,22.94,,248.411
RSW,Nickel,Ni,Copper,Cu,149.5,Bare,6178.74,,,1081.86,210.9,,,93.7,58.2,7.78,,786.466
RSW,Copper,Cu,Copper,Cu,139.1,Tin-plated,2373.68,,,1702.64,181.1,,,38.0,36.7,15.18,,268.355
RSW,Copper,Cu,StainlessSteel,SS304,71.0,Bare,2954.02,,,953.36,464.0,,,-3.1,78.4,10.23,,811.991
RSW,Nickel,Ni,Copper,Cu,136.4,Tin-plated,6738.43,,,679.32,292.3,,,68.5,55.0,17.07,,1202.59
RSW,Copper,Cu,StainlessSteel,SS304,102.1,Oxide,1773.95,,,1734.98,322.2,,,53.3,14.7,21.74,,350.635
RSW,Copper,Cu,Copper,Cu,57.9,Bare,2438.98,,,1628.19,267.2,,,31.3,15.6,10.42,,371.682
RSW,Copper,Cu,Copper,Cu,224.0,Tin-plated,1603.81,,,2186.65,201.4,,,78.7,77.0,22.61,,213.724
RSW,Copper,Cu,Copper,Cu,109.3,Bare,7052.64,,,2430.17,68.1,,,83.9,63.9,21.97,,322.266
RSW,Aluminum,Al,Aluminum,Al,131.5,Bare,4194.63,,,1085.14,163.6,,,53.8,25.5,19.04,,402.469
RSW,Nickel,Ni,Copper,Cu,169.0,Oxide,4424.36,,,2129.33,283.3,,,45.7,26.0,21.15,,844.767
RSW,Copper,Cu,StainlessSteel,SS304,197.6,Oxide,2572.8,,,992.1,143.8,,,73.0,21.7,24.32,,217.344
RSW,Copper,Cu,Copper,Cu,38.9,Bare,6659.74,,,756.08,486.9,,,89.8,49.8,23.25,,2139.975
RSW,Copper,Cu,Copper,Cu,179.7,Oxide,6058.3,,,1882.7,486.6,,,92.3,24.2,7.66,,1737.76
RSW,Copper,Cu,StainlessSteel,SS304,40.4,Bare,4377.8,,,2381.23,331.1,,,104.1,44.0,14.81,,888.25
RSW,Copper,Cu,Aluminum,Al,46.5,Tin-plated,3142.81,,,1902.28,470.5,,,-2.3,36.8,4.48,,963.301
RSW,StainlessSteel,SS304,Nickel,Ni,248.9,Carbon-coated,7055.45,,,355.71,160.4,,,66.2,28.6,18.46,,754.144
RSW,StainlessSteel,SS304,Nickel,Ni,71.4,Bare,1857.49,,,1674.28,279.3,,,105.5,12.7,21.12,,332.019
RSW,Nickel,Ni,Copper,Cu,235.6,Bare,3734.23,,,1103.27,269.4,,,91.9,59.4,10.61,,652.576
RSW,Aluminum,Al,Aluminum,Al,123.0,Nickel-plated,5357.65,,,1728.64,200.6,,,109.0,23.3,22.0,,682.037
RSW,StainlessSteel,SS304,Nickel,Ni,45.9,Bare,5236.25,,,916.36,225.8,,,41.8,44.1,16.54,,761.698
RSW,Nickel,Ni,Copper,Cu,238.3,Carbon-coated,4482.54,,,2173.47,159.7,,,49.5,68.8,4.51,,516.963
RSW,Nickel,Ni,Copper,Cu,88.9,Nickel-plated,6556.31,,,1609.34,417.4,,,59.8,60.1,13.39,,1638.221
RSW,Copper,Cu,StainlessSteel,SS304,76.8,Bare,1038.36,,,858.78,382.9,,,55.2,36.9,6.96,,269.141
RSW,Copper,Cu,Copper,Cu,44.1,Bare,7414.51,,,1586.97,314.1,,,29.3,23.4,21.62,,1484.158
RSW,StainlessSteel,SS304,Nickel,Ni,235.3,Tin-plated,5850.01,,,1498.27,470.5,,,40.7,49.4,22.59,,1787.801
RSW,Nickel,Ni,Copper,Cu,103.1,Nickel-plated,2255.08,,,537.92,320.1,,,80.2,37.5,20.17,,441.139
RSW,StainlessSteel,SS304,Nickel,Ni,93.6,Nickel-plated,3368.03,,,2428.74,498.3,,,11.3,14.5,18.46,,1146.81
RSW,Nickel,Ni,Copper,Cu,48.7,Tin-plated,2679.23,,,1490.29,403.2,,,105.2,27.5,9.23,,721.173
RSW,Copper,Cu,Copper,Cu,72.3,Carbon-coated,1940.43,,,2167.34,483.3,,,105.1,76.9,20.4,,680.129
RSW,Copper,Cu,StainlessSteel,SS304,181.9,Nickel-plated,7805.05,,,342.48,103.8,,,4.9,78.5,11.43,,541.759
RSW,Nickel,Ni,Copper,Cu,241.4,Nickel-plated,5244.25,,,2428.87,369.1,,,8.7,31.3,9.39,,1235.892
RSW,Copper,Cu,Copper,Cu,42.5,Bare,7811.05,,,2407.3,90.0,,,11.6,43.1,15.03,,412.451
RSW,Copper,Cu,Copper,Cu,214.4,Bare,2046.99,,,307.71,496.3,,,44.7,30.3,18.08,,686.955
RSW,StainlessSteel,SS304,Nickel,Ni,167.4,Bare,2276.11,,,504.08,292.5,,,-4.2,34.9,14.53,,428.833
RSW,Nickel,Ni,Copper,Cu,86.8,Nickel-plated,3932.83,,,441.29,395.7,,,29.0,21.4,15.27,,876.336
RSW,StainlessSteel,SS304,Nickel,Ni,32.0,Tin-plated,2812.74,,,1671.42,90.0,,,78.0,34.1,21.55,,178.952
RSW,Copper,Cu,Copper,Cu,155.2,Oxide,4292.28,,,536.21,362.9,,,93.6,14.5,22.66,,1042.682
RSW,StainlessSteel,SS304,Nickel,Ni,235.5,Oxide,5845.39,,,1758.42,444.8,,,88.7,28.7,18.82,,1753.053
RSW,Nickel,Ni,Copper,Cu,141.7,Bare,2837.46,,,638.27,201.9,,,55.8,23.3,21.76,,391.067
RSW,StainlessSteel,SS304,Nickel,Ni,248.9,Bare,4730.27,,,2495.0,72.6,,,55.8,18.7,20.3,,200.934
RSW,StainlessSteel,SS304,Nickel,Ni,128.3,Bare,7383.86,,,415.82,256.9,,,70.5,72.3,15.35,,1087.773
RSW,StainlessSteel,SS304,Nickel,Ni,235.3,Tin-plated,4657.13,,,1256.54,97.7,,,47.5,19.9,11.13,,257.962
RSW,Nickel,Ni,Copper,Cu,133.4,Tin-plated,2670.81,,,1637.64,70.2,,,91.7,53.9,7.52,,110.572
RSW,Copper,Cu,Aluminum,Al,131.4,Nickel-plated,5813.22,,,2498.57,393.9,,,45.7,25.6,8.67,,1425.3
RSW,Nickel,Ni,Copper,Cu,161.2,Bare,5861.84,,,2394.5,113.0,,,21.2,20.8,9.82,,467.37
RSW,Copper,Cu,Aluminum,Al,192.3,Bare,7661.16,,,2330.69,379.3,,,76.8,79.0,23.04,,1943.725
RSW,Copper,Cu,Copper,Cu,215.1,Nickel-plated,7061.77,,,799.31,139.1,,,86.3,37.5,13.73,,637.102
RSW,StainlessSteel,SS304,Nickel,Ni,236.5,Anodized,2355.87,,,797.55,112.4,,,44.0,72.8,7.66,,153.702
RSW,Nickel,Ni,Copper,Cu,189.8,Bare,1396.22,,,2263.1,429.2,,,109.8,36.1,19.17,,348.101
RSW,StainlessSteel,SS304,Nickel,Ni,39.0,Nickel-plated,7713.9,,,2222.34,85.9,,,113.8,53.1,5.8,,383.142
RSW,Copper,Cu,Aluminum,Al,153.6,Oxide,7656.62,,,1220.31,201.4,,,65.8,18.7,22.54,,874.375
RSW,StainlessSteel,SS304,Nickel,Ni,224.6,Oxide,7512.44,,,520.92,348.7,,,-1.4,36.6,8.32,,1529.92
RSW,Nickel,Ni,Copper,Cu,245.3,Bare,6238.97,,,871.58,296.6,,,35.9,59.3,14.34,,1149.765
RSW,Copper,Cu,Copper,Cu,241.3,Bare,3451.83,,,2032.68,416.3,,,55.5,70.6,21.66,,881.435
RSW,Nickel,Ni,Copper,Cu,56.4,Bare,4249.51,,,1044.94,198.2,,,89.0,68.5,11.1,,573.9
RSW,Copper,Cu,StainlessSteel,SS304,239.4,Anodized,5518.9,,,718.56,80.0,,,94.4,63.0,13.59,,258.636
RSW,Copper,Cu,Copper,Cu,244.8,Nickel-plated,3424.98,,,1752.41,329.7,,,35.5,13.3,14.36,,653.603
RSW,Copper,Cu,Copper,Cu,103.2,Nickel-plated,4218.46,,,400.1,130.7,,,8.1,17.1,12.8,,306.323
RSW,StainlessSteel,SS304,Nickel,Ni,88.5,Nickel-plated,3016.23,,,1828.69,472.3,,,115.0,43.3,17.48,,823.993
RSW,StainlessSteel,SS304,Nickel,Ni,240.3,Oxide,1317.74,,,719.22,287.5,,,41.9,33.6,10.83,,224.205
RSW,Nickel,Ni,Copper,Cu,171.5,Bare,4952.93,,,1775.87,245.7,,,18.2,62.2,21.21,,807.015
RSW,Nickel,Ni,Copper,Cu,79.8,Bare,5407.96,,,1594.93,343.4,,,99.5,64.2,15.05,,1278.911
RSW,StainlessSteel,SS304,Nickel,Ni,39.1,Bare,2207.4,,,1972.24,289.5,,,118.8,44.1,18.45,,391.886
RSW,Aluminum,Al,Aluminum,Al,245.9,Bare,2863.95,,,926.14,247.4,,,95.9,76.7,23.85,,449.244
RSW,Aluminum,Al,Aluminum,Al,116.0,Bare,4650.77,,,1163.84,464.1,,,22.2,32.5,14.07,,1273.719
RSW,StainlessSteel,SS304,Nickel,Ni,149.8,Carbon-coated,5221.99,,,2408.6,255.3,,,102.9,60.2,13.48,,790.537
RSW,Nickel,Ni,Copper,Cu,199.9,Bare,3882.36,,,2136.09,462.8,,,74.9,26.2,24.87,,1078.262
RSW,Copper,Cu,Copper,Cu,77.2,Bare,5444.87,,,314.47,201.8,,,54.7,25.6,16.03,,725.354
RSW,StainlessSteel,SS304,Nickel,Ni,108.0,Oxide,7092.75,,,1273.12,363.8,,,63.1,15.0,13.36,,1614.109
RSW,Nickel,Ni,Copper,Cu,46.8,Nickel-plated,6066.44,,,2473.39,318.6,,,44.1,22.2,15.29,,1159.199
RSW,Copper,Cu,Copper,Cu,118.5,Nickel-plated,6151.77,,,1448.63,153.1,,,109.9,31.5,22.57,,631.491
RSW,Aluminum,Al,Aluminum,Al,221.4,Bare,3826.91,,,1252.07,307.0,,,6.3,21.5,19.54,,698.827
RSW,Nickel,Ni,Copper,Cu,174.8,Bare,1636.61,,,1113.22,209.5,,,34.2,60.2,4.61,,212.926
RSW,Nickel,Ni,Copper,Cu,222.4,Bare,2599.35,,,2462.01,281.6,,,108.8,56.2,14.79,,448.239
RSW,StainlessSteel,SS304,Nickel,Ni,215.8,Bare,6027.7,,,1157.49,226.4,,,104.8,61.7,20.94,,947.129
RSW,Copper,Cu,Aluminum,Al,128.2,Anodized,2174.24,,,453.7,170.9,,,49.6,14.6,11.52,,242.336
RSW,Copper,Cu,Aluminum,Al,168.3,Oxide,1157.18,,,392.7,454.3,,,108.1,65.0,16.04,,347.484
RSW,Aluminum,Al,Aluminum,Al,123.1,Nickel-plated,4880.18,,,780.44,261.7,,,4.8,75.0,11.21,,833.018
RSW,Copper,Cu,Copper,Cu,179.5,Oxide,7201.04,,,2110.26,442.5,,,56.7,58.3,7.79,,1936.698
RSW,StainlessSteel,SS304,Nickel,Ni,148.3,Nickel-plated,3864.5,,,2342.45,120.0,,,8.4,38.4,12.27,,269.266
RSW,Copper,Cu,Copper,Cu,211.2,Carbon-coated,4635.7,,,847.52,410.6,,,77.7,64.3,10.52,,1127.02
RSW,Aluminum,Al,Aluminum,Al,149.0,Nickel-plated,5471.67,,,1273.19,193.3,,,104.8,72.2,19.73,,671.986
RSW,StainlessSteel,SS304,Nickel,Ni,88.2,Nickel-plated,6637.18,,,1187.1,433.1,,,71.4,72.2,21.15,,1654.405
RSW,Copper,Cu,Copper,Cu,101.4,Oxide,5192.05,,,638.52,360.9,,,109.4,31.6,11.26,,1294.591
RSW,Aluminum,Al,Aluminum,Al,217.3,Nickel-plated,3258.36,,,2256.9,218.0,,,116.9,26.6,14.42,,423.916
RSW,Nickel,Ni,Copper,Cu,105.4,Bare,3811.96,,,1029.43,216.1,,,2.6,45.8,8.01,,540.108
RSW,StainlessSteel,SS304,Nickel,Ni,52.4,Bare,7006.72,,,1933.98,241.2,,,109.1,78.7,11.49,,1084.054
RSW,Copper,Cu,Copper,Cu,39.4,Nickel-plated,7959.48,,,1578.0,342.4,,,53.3,20.3,21.58,,1927.672
RSW,Aluminum,Al,Aluminum,Al,216.6,Carbon-coated,3891.29,,,1306.64,219.2,,,10.0,63.1,9.96,,529.911
RSW,Nickel,Ni,Copper,Cu,149.9,Bare,5717.16,,,2410.35,162.2,,,12.9,66.2,14.87,,580.342
RSW,Copper,Cu,Copper,Cu,183.5,Bare,4870.42,,,1171.81,136.5,,,89.4,65.2,24.16,,407.442
RSW,Nickel,Ni,Copper,Cu,207.7,Oxide,6604.74,,,1847.42,213.0,,,16.4,55.9,8.11,,852.842
RSW,Copper,Cu,StainlessSteel,SS304,179.4,Oxide,7565.83,,,2073.29,464.2,,,60.2,34.5,16.68,,2366.407
RSW,Copper,Cu,Aluminum,Al,243.5,Carbon-coated,2252.6,,,2417.85,230.6,,,12.0,19.4,13.53,,305.114
RSW,Aluminum,Al,Aluminum,Al,30.6,Bare,6300.69,,,2181.01,494.9,,,25.3,31.8,10.55,,2085.087
RSW,Copper,Cu,StainlessSteel,SS304,225.6,Oxide,1184.82,,,2234.19,451.7,,,58.5,73.6,9.27,,338.816
RSW,StainlessSteel,SS304,Nickel,Ni,164.1,Carbon-coated,4911.61,,,760.08,441.6,,,15.2,61.2,11.94,,1465.103
RSW,Copper,Cu,StainlessSteel,SS304,101.3,Tin-plated,2292.94,,,1467.07,335.0,,,100.5,79.4,7.28,,545.216
RSW,Copper,Cu,Copper,Cu,227.3,Oxide,2570.8,,,301.26,326.4,,,87.0,60.8,21.61,,485.246
RSW,StainlessSteel,SS304,Nickel,Ni,128.0,Anodized,7894.54,,,1082.6,212.1,,,-6.5,75.1,13.49,,1119.987
RSW,Copper,Cu,Copper,Cu,63.6,Anodized,2241.31,,,497.63,266.6,,,61.2,32.1,20.15,,419.414
RSW,Copper,Cu,Copper,Cu,192.4,Oxide,5259.14,,,486.95,144.0,,,48.4,41.7,17.63,,508.807
RSW,Copper,Cu,Copper,Cu,42.2,Bare,5300.5,,,712.08,405.6,,,19.5,64.9,17.13,,1300.548
RSW,Copper,Cu,Aluminum,Al,184.8,Anodized,1881.88,,,1706.81,210.0,,,-1.3,46.8,21.97,,238.567
RSW,Nickel,Ni,Copper,Cu,67.8,Tin-plated,3714.48,,,1959.14,108.8,,,52.5,48.3,23.76,,282.19
RSW,Nickel,Ni,Copper,Cu,173.8,Nickel-plated,6066.02,,,1509.71,445.4,,,71.5,47.3,19.2,,1614.839
RSW,Copper,Cu,StainlessSteel,SS304,97.6,Tin-plated,3596.45,,,798.13,162.7,,,74.7,30.4,16.18,,330.89
RSW,Copper,Cu,Aluminum,Al,129.9,Carbon-coated,7671.37,,,1225.19,106.0,,,50.1,48.4,12.89,,457.023
RSW,Copper,Cu,Copper,Cu,97.5,Nickel-plated,4717.79,,,2347.36,241.8,,,27.6,71.3,19.59,,738.545
RSW,Nickel,Ni,Copper,Cu,231.0,Oxide,3728.43,,,1576.6,254.4,,,119.0,27.8,16.46,,627.826
RSW,Nickel,Ni,Copper,Cu,231.8,Bare,6474.11,,,538.49,393.8,,,105.1,65.8,11.01,,1628.025
RSW,Nickel,Ni,Copper,Cu,202.4,Bare,3726.2,,,1257.41,262.7,,,105.2,59.6,20.1,,647.715
RSW,Copper,Cu,Copper,Cu,144.2,Tin-plated,1654.73,,,1381.12,177.5,,,116.4,79.1,21.49,,201.036
RSW,Copper,Cu,Aluminum,Al,216.3,Bare,2075.36,,,1390.15,105.4,,,53.1,59.7,15.66,,131.196
RSW,Copper,Cu,StainlessSteel,SS304,214.7,Tin-plated,3564.78,,,1120.95,458.5,,,87.6,39.9,4.79,,963.196
RSW,Nickel,Ni,Copper,Cu,44.0,Bare,2734.89,,,2146.2,268.4,,,15.6,60.5,21.5,,496.785
RSW,Copper,Cu,Copper,Cu,218.2,Anodized,4313.47,,,821.77,283.2,,,85.1,42.8,20.89,,756.628
RSW,Nickel,Ni,Copper,Cu,117.1,Bare,5402.73,,,2075.98,264.0,,,91.1,12.2,20.98,,968.318
RSW,StainlessSteel,SS304,Nickel,Ni,202.1,Bare,1880.34,,,2155.04,103.2,,,92.3,77.6,18.91,,124.036
RSW,Copper,Cu,StainlessSteel,SS304,67.7,Oxide,4602.84,,,1596.51,202.9,,,87.7,66.4,17.04,,638.627
RSW,Copper,Cu,Copper,Cu,95.1,Nickel-plated,4128.34,,,2211.7,499.8,,,58.9,65.6,17.6,,1248.771
RSW,Copper,Cu,Copper,Cu,72.8,Bare,6396.91,,,2438.0,491.8,,,19.7,71.9,9.61,,2207.308
RSW,Nickel,Ni,Copper,Cu,75.2,Nickel-plated,5725.95,,,1730.85,332.6,,,67.4,50.4,17.64,,1304.061
RSW,Copper,Cu,StainlessSteel,SS304,57.6,Tin-plated,2399.77,,,793.25,307.6,,,13.7,70.6,19.6,,452.436
RSW,Nickel,Ni,Copper,Cu,194.7,Bare,7977.33,,,2402.05,374.5,,,20.6,68.5,22.37,,1883.931
RSW,Copper,Cu,StainlessSteel,SS304,136.8,Tin-plated,7873.43,,,413.35,128.5,,,16.6,57.4,17.28,,685.154
RSW,Nickel,Ni,Copper,Cu,175.1,Oxide,3582.95,,,1971.09,449.4,,,47.3,27.0,10.88,,1102.428
RSW,Copper,Cu,Copper,Cu,32.7,Tin-plated,5206.69,,,1601.81,263.3,,,14.1,72.7,12.4,,849.627
RSW,Nickel,Ni,Copper,Cu,220.0,Nickel-plated,7028.37,,,708.85,59.7,,,73.3,52.6,19.14,,265.966
RSW,Nickel,Ni,Copper,Cu,184.8,Bare,7527.11,,,607.05,328.1,,,12.4,38.3,6.24,,1423.944
RSW,StainlessSteel,SS304,Nickel,Ni,148.6,Oxide,7585.49,,,1077.74,260.8,,,82.3,77.3,18.23,,1390.46
RSW,Copper,Cu,Aluminum,Al,101.9,Tin-plated,1143.4,,,418.22,358.8,,,22.3,13.4,19.58,,253.801
RSW,StainlessSteel,SS304,Nickel,Ni,158.4,Oxide,2104.7,,,1955.13,459.7,,,110.8,58.6,4.94,,634.239
RSW,StainlessSteel,SS304,Nickel,Ni,207.3,Oxide,6421.0,,,935.22,139.0,,,-8.3,55.1,11.18,,596.972
RSW,Copper,Cu,StainlessSteel,SS304,70.5,Bare,2940.08,,,823.79,329.5,,,29.6,50.1,7.95,,621.964
RSW,Copper,Cu,StainlessSteel,SS304,247.9,Bare,6828.35,,,2052.27,91.2,,,36.5,51.0,7.7,,426.629
RSW,Aluminum,Al,Aluminum,Al,69.2,Oxide,5609.64,,,1093.21,135.6,,,86.6,31.3,13.63,,530.813
RSW,Aluminum,Al,Aluminum,Al,78.5,Bare,3690.84,,,1596.54,231.0,,,30.7,49.9,19.57,,532.781
RSW,Aluminum,Al,Aluminum,Al,119.5,Oxide,3359.44,,,421.35,477.0,,,42.9,42.0,18.93,,961.344
RSW,Aluminum,Al,Aluminum,Al,59.5,Anodized,6003.22,,,741.5,181.2,,,49.6,30.9,6.93,,618.607
RSW,Nickel,Ni,Copper,Cu,62.0,Bare,3548.76,,,396.8,102.4,,,104.2,16.5,22.66,,234.87
RSW,Nickel,Ni,Copper,Cu,191.9,Nickel-plated,1535.31,,,1352.49,452.9,,,32.3,64.3,24.86,,496.302
RSW,Copper,Cu,Copper,Cu,151.1,Oxide,3657.13,,,1701.74,391.4,,,95.3,65.0,21.62,,1031.239
RSW,StainlessSteel,SS304,Nickel,Ni,175.7,Anodized,5172.53,,,1537.04,481.4,,,32.6,10.7,21.2,,1498.924
RSW,StainlessSteel,SS304,Nickel,Ni,218.0,Nickel-plated,2168.1,,,2147.3,117.6,,,103.4,35.4,14.85,,157.982
RSW,Nickel,Ni,Copper,Cu,211.3,Nickel-plated,7581.46,,,1501.09,72.8,,,25.4,18.8,7.03,,367.075
RSW,StainlessSteel,SS304,Nickel,Ni,72.5,Nickel-plated,4020.18,,,1171.43,129.8,,,15.6,78.4,4.31,,355.837
RSW,Copper,Cu,Copper,Cu,228.2,Nickel-plated,3777.57,,,2204.62,334.8,,,18.8,70.9,18.3,,789.142
RSW,StainlessSteel,SS304,Nickel,Ni,63.6,Bare,5302.14,,,2397.32,56.3,,,49.3,63.7,16.97,,182.965
RSW,StainlessSteel,SS304,Nickel,Ni,149.6,Oxide,2159.58,,,1043.46,110.1,,,61.3,51.6,11.62,,159.19
RSW,Aluminum,Al,Aluminum,Al,225.0,Oxide,3196.33,,,2048.76,331.3,,,4.6,22.8,16.17,,619.533
RSW,Copper,Cu,Aluminum,Al,228.5,Bare,6619.25,,,727.27,359.2,,,99.2,46.9,6.78,,1385.089
RSW,Nickel,Ni,Copper,Cu,37.1,Bare,6283.45,,,1949.07,204.9,,,-8.7,42.8,22.61,,876.3
RSW,Copper,Cu,StainlessSteel,SS304,209.0,Tin-plated,7117.67,,,755.0,456.8,,,77.7,16.1,20.21,,1830.496
RSW,Copper,Cu,Aluminum,Al,235.0,Bare,6024.44,,,693.75,495.6,,,56.2,36.7,14.06,,1902.899
RSW,Nickel,Ni,Copper,Cu,146.5,Tin-plated,1542.94,,,673.28,257.6,,,65.3,78.1,10.21,,247.688
RSW,StainlessSteel,SS304,Nickel,Ni,132.6,Bare,5228.49,,,1132.14,212.3,,,-1.6,32.7,8.53,,773.803
RSW,Copper,Cu,Aluminum,Al,238.8,Bare,6618.28,,,1035.82,164.2,,,41.3,61.4,8.09,,684.94
RSW,Copper,Cu,Copper,Cu,109.4,Tin-plated,7681.34,,,1810.06,237.1,,,-1.4,51.9,6.09,,1247.668
RSW,Copper,Cu,Aluminum,Al,213.8,Bare,3212.07,,,466.39,493.5,,,39.6,17.9,20.73,,952.348
RSW,Nickel,Ni,Copper,Cu,121.2,Nickel-plated,5370.17,,,1601.94,233.5,,,104.0,42.2,18.56,,759.721
RSW,StainlessSteel,SS304,Nickel,Ni,94.4,Tin-plated,5440.89,,,733.66,169.9,,,87.3,49.1,20.3,,568.666
RSW,Copper,Cu,StainlessSteel,SS304,219.0,Oxide,1048.75,,,1349.74,286.1,,,49.8,43.0,18.67,,174.525
RSW,Nickel,Ni,Copper,Cu,61.5,Nickel-plated,1659.3,,,557.24,337.8,,,92.6,66.6,10.5,,337.517
RSW,Nickel,Ni,Copper,Cu,62.3,Oxide,7675.86,,,2435.56,292.5,,,75.4,28.5,5.08,,1532.088
RSW,Copper,Cu,Aluminum,Al,30.9,Anodized,7552.0,,,1806.2,399.9,,,47.3,47.6,11.74,,2092.91
RSW,Aluminum,Al,Aluminum,Al,226.3,Bare,3867.33,,,1396.49,473.6,,,20.9,35.9,9.42,,1232.329
RSW,Nickel,Ni,Copper,Cu,166.5,Tin-plated,4449.2,,,612.19,369.6,,,112.1,30.4,4.19,,971.583
RSW,Nickel,Ni,Copper,Cu,79.5,Tin-plated,6412.4,,,1572.95,369.0,,,5.6,54.0,7.92,,1546.947
RSW,Copper,Cu,Copper,Cu,49.3,Nickel-plated,5075.18,,,2097.03,120.2,,,20.6,25.0,4.27,,383.684
RSW,StainlessSteel,SS304,Nickel,Ni,143.9,Oxide,7340.36,,,533.45,484.2,,,88.4,12.4,18.96,,2137.825
RSW,Copper,Cu,Aluminum,Al,210.6,Tin-plated,3735.52,,,864.89,433.1,,,97.9,66.9,11.17,,1056.106
RSW,Nickel,Ni,Copper,Cu,249.0,Tin-plated,2262.78,,,517.19,149.8,,,69.6,40.0,7.75,,236.476
RSW,Copper,Cu,Copper,Cu,106.1,Bare,5084.3,,,2414.95,363.1,,,15.2,68.1,10.78,,1113.752
RSW,Nickel,Ni,Copper,Cu,72.7,Bare,5102.27,,,1627.28,434.5,,,58.0,41.7,12.57,,1325.333
RSW,Copper,Cu,Copper,Cu,249.2,Bare,7283.44,,,1726.08,492.7,,,31.9,13.2,24.7,,2449.716
RSW,Copper,Cu,Copper,Cu,63.7,Oxide,4359.47,,,1475.76,96.3,,,77.2,32.0,19.7,,261.004
RSW,Copper,Cu,Aluminum,Al,34.8,Nickel-plated,2938.75,,,1905.55,335.4,,,38.7,75.4,6.73,,667.305
RSW,Nickel,Ni,Copper,Cu,71.9,Nickel-plated,3941.66,,,1160.74,353.3,,,67.0,57.6,7.16,,965.619
RSW,Aluminum,Al,Aluminum,Al,104.9,Carbon-coated,6516.77,,,2422.37,360.4,,,37.5,21.9,17.43,,1514.993
RSW,Copper,Cu,StainlessSteel,SS304,155.0,Carbon-coated,6498.3,,,1031.66,484.8,,,10.8,28.4,8.3,,2021.769
RSW,Nickel,Ni,Copper,Cu,204.6,Oxide,3662.14,,,1040.3,278.0,,,-5.0,63.5,18.83,,688.604
RSW,Aluminum,Al,Aluminum,Al,237.4,Nickel-plated,4527.72,,,1464.86,114.5,,,79.3,31.5,5.32,,309.114
RSW,Copper,Cu,Aluminum,Al,181.9,Tin-plated,7019.54,,,1207.06,124.9,,,81.6,43.9,4.73,,558.815
RSW,Nickel,Ni,Copper,Cu,137.5,Bare,7752.69,,,422.33,244.9,,,11.5,13.4,6.66,,1248.672
RSW,Nickel,Ni,Copper,Cu,88.7,Bare,5972.86,,,2434.64,478.0,,,47.6,37.9,6.48,,1678.264
RSW,Copper,Cu,StainlessSteel,SS304,143.7,Bare,3622.23,,,1747.39,489.8,,,87.5,60.0,17.55,,1047.234
RSW,Nickel,Ni,Copper,Cu,105.1,Bare,5954.94,,,1911.92,137.4,,,3.5,37.2,11.67,,488.096
RSW,StainlessSteel,SS304,Nickel,Ni,90.9,Tin-plated,5795.57,,,1969.97,98.4,,,118.6,21.3,13.5,,334.654
RSW,StainlessSteel,SS304,Nickel,Ni,209.9,Bare,1007.31,,,347.89,451.0,,,87.3,59.8,7.65,,306.707
RSW,StainlessSteel,SS304,Nickel,Ni,166.0,Oxide,3037.15,,,831.68,151.9,,,80.7,23.8,20.04,,303.852
RSW,Nickel,Ni,Copper,Cu,206.0,Bare,1261.47,,,1713.47,421.6,,,47.3,35.8,6.81,,326.527
RSW,Copper,Cu,Aluminum,Al,72.1,Nickel-plated,6662.47,,,370.81,103.0,,,11.3,42.0,17.9,,408.096
RSW,Nickel,Ni,Copper,Cu,133.6,Tin-plated,5464.95,,,2400.08,139.6,,,63.8,30.8,20.66,,452.186
RSW,Copper,Cu,Copper,Cu,161.9,Bare,1022.36,,,2353.42,185.6,,,27.4,33.6,22.74,,119.587
RSW,Nickel,Ni,Copper,Cu,149.0,Nickel-plated,2203.5,,,760.0,400.2,,,70.9,32.5,16.74,,514.669
RSW,Nickel,Ni,Copper,Cu,121.6,Carbon-coated,7998.9,,,1569.5,466.2,,,63.1,25.1,4.54,,2501.867
RSW,Copper,Cu,Copper,Cu,146.0,Tin-plated,2842.03,,,1206.49,197.1,,,52.4,10.1,23.13,,326.279
RSW,Nickel,Ni,Copper,Cu,64.8,Bare,6557.81,,,499.67,80.3,,,60.9,28.2,20.96,,308.963
RSW,Nickel,Ni,Copper,Cu,155.0,Tin-plated,5716.09,,,1232.68,302.1,,,38.4,38.5,9.9,,1172.932
RSW,Copper,Cu,Copper,Cu,101.5,Bare,6397.11,,,313.78,91.2,,,-9.0,57.0,16.86,,399.906
RSW,Copper,Cu,Aluminum,Al,170.8,Nickel-plated,6488.26,,,1725.49,295.9,,,16.6,14.5,6.27,,1312.133
RSW,StainlessSteel,SS304,Nickel,Ni,98.3,Bare,5637.35,,,1650.63,374.9,,,114.4,60.3,10.84,,1395.681
RSW,Copper,Cu,Copper,Cu,42.9,Oxide,2760.13,,,1566.59,317.7,,,38.5,32.4,22.4,,596.53
RSW,Nickel,Ni,Copper,Cu,117.6,Tin-plated,3597.94,,,2052.11,190.7,,,25.8,24.7,6.7,,427.635
RSW,Copper,Cu,Copper,Cu,210.3,Oxide,2977.46,,,494.97,323.3,,,118.8,18.2,10.73,,585.345
RSW,StainlessSteel,SS304,Nickel,Ni,82.7,Anodized,2195.11,,,2204.45,70.1,,,73.1,52.4,14.08,,92.372
RSW,Copper,Cu,Copper,Cu,43.0,Carbon-coated,6940.81,,,2383.67,103.0,,,43.8,27.0,8.83,,431.613
RSW,Aluminum,Al,Aluminum,Al,135.8,Nickel-plated,1085.18,,,1835.51,397.8,,,-0.1,69.6,16.96,,250.728
RSW,Copper,Cu,Aluminum,Al,41.5,Nickel-plated,5932.64,,,720.36,59.4,,,72.1,66.7,24.18,,196.679
RSW,Copper,Cu,Copper,Cu,184.2,Carbon-coated,2263.23,,,457.24,499.3,,,45.5,64.8,9.15,,671.152
RSW,Copper,Cu,Aluminum,Al,174.8,Nickel-plated,5666.13,,,526.01,149.3,,,-8.6,51.7,18.51,,508.08
RSW,Copper,Cu,Aluminum,Al,126.7,Bare,2356.76,,,2455.16,92.2,,,60.2,18.0,12.7,,136.697
RSW,Nickel,Ni,Copper,Cu,246.4,Carbon-coated,2509.65,,,1357.28,350.0,,,90.1,29.5,21.2,,561.731
RSW,StainlessSteel,SS304,Nickel,Ni,36.1,Anodized,1211.46,,,1636.46,288.8,,,5.3,67.5,11.16,,237.601
RSW,Copper,Cu,Copper,Cu,98.9,Oxide,2992.99,,,618.97,211.1,,,11.2,38.5,4.74,,369.226
RSW,Copper,Cu,Copper,Cu,226.9,Carbon-coated,3229.05,,,2118.02,263.7,,,92.4,40.4,13.58,,556.424
RSW,StainlessSteel,SS304,Nickel,Ni,44.7,Anodized,6556.28,,,2118.0,361.5,,,88.3,30.7,17.46,,1528.693
RSW,Nickel,Ni,Copper,Cu,181.5,Bare,6386.65,,,668.57,167.3,,,114.2,26.3,5.65,,598.356
RSW,Nickel,Ni,Copper,Cu,169.1,Bare,6150.13,,,485.41,164.1,,,68.3,46.9,4.83,,617.233
RSW,Copper,Cu,Copper,Cu,163.4,Anodized,3797.11,,,1499.13,265.6,,,89.8,80.0,22.99,,615.062
RSW,Copper,Cu,Copper,Cu,67.7,Oxide,3260.09,,,1501.18,390.8,,,112.0,35.1,9.88,,818.911
RSW,StainlessSteel,SS304,Nickel,Ni,153.5,Carbon-coated,1730.72,,,534.6,69.1,,,75.0,28.6,5.84,,78.52
RSW,Nickel,Ni,Copper,Cu,178.8,Tin-plated,7401.09,,,1972.85,365.6,,,65.5,28.7,21.67,,1799.554
RSW,StainlessSteel,SS304,Nickel,Ni,87.4,Anodized,1958.32,,,1040.82,71.1,,,101.0,56.0,13.55,,81.878
RSW,Copper,Cu,Aluminum,Al,120.0,Bare,7373.72,,,859.11,442.9,,,82.4,18.7,15.35,,2184.446
RSW,Nickel,Ni,Copper,Cu,203.2,Tin-plated,7877.24,,,383.08,358.8,,,11.9,41.6,11.77,,1969.034
RSW,StainlessSteel,SS304,Nickel,Ni,72.6,Bare,4797.23,,,1575.58,349.1,,,98.7,77.6,16.59,,1118.777
RSW,Copper,Cu,Aluminum,Al,183.8,Anodized,5948.7,,,444.07,272.8,,,111.0,71.7,17.99,,1090.893
RSW,Nickel,Ni,Copper,Cu,53.0,Tin-plated,7233.49,,,1938.9,232.0,,,42.5,12.1,16.39,,1116.304
RSW,StainlessSteel,SS304,Nickel,Ni,39.6,Bare,4030.82,,,564.63,55.9,,,10.9,59.2,24.88,,151.34
RSW,Aluminum,Al,Aluminum,Al,127.2,Bare,5566.93,,,794.97,402.8,,,3.5,48.5,22.84,,1537.656
RSW,Copper,Cu,Aluminum,Al,57.5,Anodized,4204.99,,,409.58,261.5,,,115.3,11.4,10.55,,628.633
RSW,Copper,Cu,Aluminum,Al,149.3,Carbon-coated,4966.04,,,1878.24,250.4,,,15.1,46.3,17.62,,817.748
RSW,Nickel,Ni,Copper,Cu,220.3,Carbon-coated,6993.83,,,1454.31,384.2,,,53.8,27.5,17.71,,1871.508
RSW,Copper,Cu,StainlessSteel,SS304,77.1,Bare,7764.45,,,2388.46,172.4,,,-4.2,51.7,23.15,,807.676
RSW,Nickel,Ni,Copper,Cu,93.2,Bare,4158.19,,,1346.05,164.6,,,0.6,67.8,12.35,,489.568
RSW,Copper,Cu,StainlessSteel,SS304,216.4,Bare,1888.06,,,1739.48,459.6,,,90.5,57.7,5.08,,510.984
RSW,Copper,Cu,Copper,Cu,114.8,Tin-plated,7251.72,,,1633.29,210.2,,,102.1,64.5,23.96,,889.857
RSW,Copper,Cu,StainlessSteel,SS304,190.7,Tin-plated,2605.99,,,1937.01,126.5,,,41.0,39.0,22.93,,188.485
RSW,Copper,Cu,StainlessSteel,SS304,160.8,Oxide,5124.62,,,2050.9,461.1,,,-7.9,47.3,16.92,,1530.353
RSW,Copper,Cu,Aluminum,Al,229.0,Tin-plated,4568.96,,,2228.22,419.6,,,6.5,47.0,20.31,,1308.335
RSW,StainlessSteel,SS304,Nickel,Ni,54.5,Oxide,5618.78,,,1323.83,387.2,,,84.8,22.2,6.64,,1251.169
RSW,Copper,Cu,StainlessSteel,SS304,150.9,Nickel-plated,2582.38,,,1371.59,396.9,,,57.1,63.5,21.56,,606.071
RSW,Copper,Cu,Copper,Cu,237.6,Nickel-plated,7363.0,,,313.84,364.5,,,118.1,26.2,19.75,,1836.511
RSW,Aluminum,Al,Aluminum,Al,39.2,Bare,7102.26,,,486.59,84.2,,,78.5,63.6,12.78,,402.961
RSW,StainlessSteel,SS304,Nickel,Ni,197.2,Nickel-plated,3574.53,,,731.79,307.7,,,25.6,53.4,23.31,,745.567
RSW,Aluminum,Al,Aluminum,Al,42.4,Carbon-coated,5063.93,,,1198.99,85.2,,,53.5,75.8,21.74,,259.139
RSW,Nickel,Ni,Copper,Cu,167.3,Bare,4717.13,,,1926.09,464.4,,,76.2,51.2,16.47,,1328.873
RSW,Nickel,Ni,Copper,Cu,160.9,Tin-plated,3467.83,,,1077.89,167.9,,,5.1,56.3,12.58,,364.717
RSW,Copper,Cu,Copper,Cu,225.8,Oxide,5472.52,,,729.07,144.9,,,81.5,60.6,22.13,,548.608
RSW,StainlessSteel,SS304,Nickel,Ni,61.6,Bare,5495.59,,,847.09,73.4,,,71.2,38.3,10.78,,265.858
RSW,StainlessSteel,SS304,Nickel,Ni,195.3,Bare,6194.9,,,1474.41,344.8,,,97.4,30.8,7.87,,1279.446
RSW,Nickel,Ni,Copper,Cu,215.2,Tin-plated,5116.89,,,1590.05,485.2,,,-9.8,52.9,20.76,,1459.158
RSW,StainlessSteel,SS304,Nickel,Ni,169.3,Tin-plated,5237.29,,,2001.85,69.1,,,69.3,51.5,14.97,,244.221
RSW,Nickel,Ni,Copper,Cu,46.2,Bare,6045.98,,,1824.98,258.4,,,6.8,77.8,21.97,,1056.233
RSW,StainlessSteel,SS304,Nickel,Ni,173.9,Carbon-coated,4549.62,,,461.36,437.1,,,-8.3,26.7,20.51,,1206.729
RSW,Aluminum,Al,Aluminum,Al,86.7,Bare,3535.75,,,351.96,427.0,,,21.4,12.2,10.73,,1018.261
RSW,Copper,Cu,Copper,Cu,37.3,Nickel-plated,1288.97,,,1241.66,404.5,,,30.0,17.1,18.05,,356.881
RSW,Copper,Cu,Copper,Cu,237.7,Carbon-coated,5164.9,,,1356.93,299.8,,,100.0,18.6,12.87,,936.976
RSW,Copper,Cu,StainlessSteel,SS304,55.6,Nickel-plated,6441.72,,,911.86,217.6,,,52.7,36.9,7.13,,895.085
RSW,StainlessSteel,SS304,Nickel,Ni,145.0,Bare,6150.61,,,955.41,472.8,,,73.1,17.6,18.95,,1664.879
RSW,StainlessSteel,SS304,Nickel,Ni,47.6,Nickel-plated,5900.49,,,1152.27,271.1,,,69.6,19.8,9.63,,914.814
RSW,StainlessSteel,SS304,Nickel,Ni,69.2,Oxide,4760.72,,,891.33,157.4,,,36.2,72.6,17.48,,507.581
RSW,Nickel,Ni,Copper,Cu,125.9,Bare,7179.99,,,1110.24,151.1,,,53.6,18.3,8.56,,612.896
RSW,Copper,Cu,Copper,Cu,31.8,Carbon-coated,4015.45,,,1139.62,460.7,,,10.0,39.2,9.75,,1223.746
RSW,Nickel,Ni,Copper,Cu,61.4,Bare,5715.54,,,490.11,287.8,,,30.5,61.3,24.42,,1102.811
RSW,Copper,Cu,Aluminum,Al,76.8,Bare,7927.15,,,914.16,313.5,,,65.9,33.1,20.44,,1469.57
RSW,Copper,Cu,Copper,Cu,36.5,Bare,7226.31,,,1196.63,90.4,,,92.4,35.4,12.86,,453.862
RSW,Copper,Cu,StainlessSteel,SS304,66.3,Bare,5448.22,,,1787.96,224.6,,,16.9,74.7,14.73,,809.103
RSW,StainlessSteel,SS304,Nickel,Ni,162.7,Bare,5049.84,,,1581.6,71.4,,,62.8,42.5,20.44,,252.033
RSW,Copper,Cu,Aluminum,Al,137.6,Bare,6505.15,,,790.74,470.4,,,94.9,68.1,22.1,,2158.188
RSW,Nickel,Ni,Copper,Cu,178.7,Bare,4107.03,,,1839.3,153.0,,,11.8,64.5,5.94,,366.149
RSW,Aluminum,Al,Aluminum,Al,45.3,Bare,6189.81,,,1333.42,426.5,,,64.0,70.2,10.77,,1624.019
RSW,Nickel,Ni,Copper,Cu,221.3,Bare,6186.46,,,685.87,152.1,,,91.8,42.9,12.89,,570.661
RSW,Nickel,Ni,Copper,Cu,57.8,Carbon-coated,2024.02,,,1516.64,376.6,,,5.0,30.1,5.18,,500.142
RSW,StainlessSteel,SS304,Nickel,Ni,231.6,Bare,4168.23,,,335.08,418.3,,,56.8,48.5,5.57,,1013.243
RSW,Copper,Cu,Copper,Cu,215.2,Nickel-plated,7765.63,,,1962.58,407.2,,,88.3,25.7,20.37,,2072.003
RSW,Nickel,Ni,Copper,Cu,153.1,Nickel-plated,4387.63,,,617.38,401.3,,,115.1,63.7,16.94,,1057.853
RSW,Nickel,Ni,Copper,Cu,68.8,Nickel-plated,2972.76,,,1326.92,402.8,,,40.5,21.2,10.19,,690.108
RSW,StainlessSteel,SS304,Nickel,Ni,178.8,Bare,4534.62,,,1039.49,372.3,,,7.2,15.2,14.36,,1115.588
RSW,Aluminum,Al,Aluminum,Al,78.0,Oxide,3025.59,,,1070.57,389.7,,,76.3,20.3,24.6,,814.412
RSW,Aluminum,Al,Aluminum,Al,193.4,Carbon-coated,2937.52,,,1491.01,452.0,,,67.1,63.6,5.16,,941.086
RSW,StainlessSteel,SS304,Nickel,Ni,78.6,Nickel-plated,6161.28,,,488.1,471.6,,,2.3,70.4,7.79,,1970.93
RSW,StainlessSteel,SS304,Nickel,Ni,199.3,Tin-plated,3680.68,,,1707.4,406.2,,,0.6,16.4,15.11,,1074.296
RSW,Copper,Cu,StainlessSteel,SS304,219.6,Oxide,5924.5,,,1250.59,379.5,,,118.1,49.6,20.68,,1544.471
RSW,Copper,Cu,Copper,Cu,185.9,Anodized,2179.92,,,1161.71,246.0,,,116.3,52.9,24.11,,370.175
RSW,Copper,Cu,Copper,Cu,32.0,Bare,6532.08,,,1871.34,177.1,,,73.1,75.6,4.96,,824.437
RSW,Copper,Cu,Aluminum,Al,80.0,Oxide,6411.12,,,709.63,243.9,,,25.4,76.5,15.54,,1043.173
RSW,StainlessSteel,SS304,Nickel,Ni,32.6,Bare,7404.35,,,452.17,106.9,,,25.8,59.3,21.02,,483.872
RSW,Copper,Cu,Aluminum,Al,185.6,Nickel-plated,4767.74,,,1044.77,453.2,,,60.9,16.9,10.08,,1461.739
RSW,Nickel,Ni,Copper,Cu,211.9,Bare,4925.97,,,809.21,488.6,,,80.5,65.6,13.6,,1469.689
RSW,Nickel,Ni,Copper,Cu,211.0,Nickel-plated,1302.44,,,1302.56,197.8,,,59.4,63.9,6.36,,164.254
RSW,Aluminum,Al,Aluminum,Al,124.1,Oxide,5820.83,,,401.95,151.2,,,36.9,54.5,5.46,,528.746
RSW,Nickel,Ni,Copper,Cu,61.5,Bare,3858.03,,,1605.23,195.0,,,117.7,50.0,18.29,,529.165
RSW,Copper,Cu,Copper,Cu,141.7,Bare,2031.09,,,2386.12,260.0,,,111.7,40.8,6.68,,318.401
RSW,Nickel,Ni,Copper,Cu,46.0,Bare,4076.11,,,1930.23,385.9,,,77.2,75.7,7.94,,934.668
RSW,Nickel,Ni,Copper,Cu,157.1,Bare,2535.57,,,981.98,382.5,,,43.1,24.3,4.03,,562.583
RSW,Copper,Cu,Copper,Cu,245.9,Anodized,5416.89,,,1150.28,375.9,,,22.4,33.1,12.47,,1167.997
RSW,Nickel,Ni,Copper,Cu,224.0,Nickel-plated,5485.59,,,2226.97,94.7,,,109.7,10.2,20.83,,375.433
RSW,Nickel,Ni,Copper,Cu,133.4,Bare,3135.41,,,1452.42,487.3,,,108.4,28.5,6.51,,1039.382
RSW,StainlessSteel,SS304,Nickel,Ni,126.9,Bare,2888.69,,,835.93,465.6,,,80.5,64.8,17.33,,799.433
RSW,Copper,Cu,Copper,Cu,170.0,Carbon-coated,2581.45,,,811.41,351.0,,,25.0,10.8,7.28,,510.806
RSW,StainlessSteel,SS304,Nickel,Ni,192.9,Tin-plated,4696.61,,,1670.78,114.3,,,110.7,21.5,22.69,,346.967
RSW,Nickel,Ni,Copper,Cu,35.3,Bare,1639.12,,,1263.69,366.2,,,-4.9,35.1,12.29,,371.25
RSW,Aluminum,Al,Aluminum,Al,77.4,Bare,4691.42,,,1468.93,481.2,,,39.2,39.1,13.13,,1470.031
RSW,Nickel,Ni,Copper,Cu,65.1,Bare,7750.82,,,2195.0,246.8,,,21.2,11.2,8.94,,1316.56
RSW,Copper,Cu,Copper,Cu,217.1,Tin-plated,1036.71,,,688.43,446.1,,,18.6,40.2,9.33,,257.91
RSW,Nickel,Ni,Copper,Cu,114.0,Nickel-plated,7156.45,,,1324.14,372.4,,,117.4,41.9,4.92,,1584.01
RSW,StainlessSteel,SS304,Nickel,Ni,185.1,Nickel-plated,2826.79,,,2173.21,84.6,,,38.5,43.3,19.45,,143.741
RSW,Nickel,Ni,Copper,Cu,54.3,Nickel-plated,7707.27,,,1853.6,207.7,,,103.5,79.0,20.33,,948.768
RSW,Copper,Cu,Copper,Cu,162.0,Carbon-coated,4070.34,,,1866.1,191.9,,,91.5,37.5,18.89,,484.893
RSW,Aluminum,Al,Aluminum,Al,30.8,Tin-plated,4007.79,,,1816.31,382.8,,,104.3,18.3,8.88,,893.583
RSW,Nickel,Ni,Copper,Cu,81.7,Bare,3221.34,,,2490.69,253.0,,,106.2,59.5,14.46,,555.071
RSW,StainlessSteel,SS304,Nickel,Ni,182.4,Nickel-plated,4118.74,,,2359.05,85.8,,,119.9,57.8,19.87,,213.497
RSW,Copper,Cu,Copper,Cu,142.2,Nickel-plated,7340.66,,,1632.7,480.5,,,89.5,69.8,14.93,,2192.997
RSW,Nickel,Ni,Copper,Cu,137.9,Bare,3234.1,,,2313.76,137.8,,,36.0,56.2,14.66,,311.933
RSW,StainlessSteel,SS304,Nickel,Ni,190.0,Tin-plated,6456.45,,,2000.82,354.9,,,117.3,65.5,12.98,,1587.166
RSW,Copper,Cu,Copper,Cu,248.2,Bare,7146.31,,,1996.48,292.1,,,21.4,36.9,17.14,,1331.281
RSW,Copper,Cu,Copper,Cu,78.1,Bare,6408.83,,,750.56,109.1,,,48.4,33.6,11.47,,390.674
RSW,Copper,Cu,StainlessSteel,SS304,71.0,Oxide,6961.8,,,1613.59,310.7,,,14.9,36.3,23.14,,1529.224
RSW,Copper,Cu,Copper,Cu,38.8,Bare,5763.04,,,390.24,373.2,,,108.1,54.8,16.26,,1251.097
RSW,Copper,Cu,Copper,Cu,210.6,Bare,6526.5,,,2353.01,414.1,,,111.3,41.9,6.84,,1817.763
RSW,Nickel,Ni,Copper,Cu,186.9,Nickel-plated,2245.68,,,364.48,290.8,,,106.3,65.3,20.07,,425.153
RSW,Aluminum,Al,Aluminum,Al,152.8,Bare,2202.6,,,1650.79,154.7,,,37.6,53.2,20.31,,235.505
RSW,Aluminum,Al,Aluminum,Al,117.7,Bare,5172.51,,,1035.48,413.3,,,45.4,37.1,11.74,,1373.115
RSW,Copper,Cu,Aluminum,Al,206.0,Nickel-plated,5906.86,,,876.97,397.4,,,110.0,35.6,20.92,,1348.205
RSW,Copper,Cu,Copper,Cu,172.8,Oxide,1595.59,,,783.83,207.8,,,36.8,44.7,9.37,,186.299
RSW,StainlessSteel,SS304,Nickel,Ni,240.4,Bare,3943.88,,,1110.59,255.6,,,21.1,70.1,22.93,,697.76
RSW,StainlessSteel,SS304,Nickel,Ni,120.8,Bare,3328.64,,,2172.38,413.8,,,101.3,34.8,11.54,,932.024
RSW,StainlessSteel,SS304,Nickel,Ni,100.9,Oxide,4525.47,,,321.03,208.3,,,56.2,10.3,15.64,,601.783
RSW,StainlessSteel,SS304,Nickel,Ni,116.9,Bare,3017.7,,,887.72,108.4,,,25.7,51.8,18.04,,182.657
RSW,StainlessSteel,SS304,Nickel,Ni,191.8,Nickel-plated,7310.46,,,2035.08,171.1,,,22.5,59.8,14.7,,890.644
RSW,Copper,Cu,Copper,Cu,242.8,Tin-plated,2802.68,,,2420.33,426.4,,,59.9,14.0,20.68,,739.151
RSW,Copper,Cu,StainlessSteel,SS304,159.8,Bare,3416.8,,,1950.43,371.1,,,28.3,34.6,15.5,,855.883
RSW,Aluminum,Al,Aluminum,Al,175.7,Oxide,7699.35,,,1148.99,432.0,,,46.6,77.2,8.63,,2205.594
RSW,Copper,Cu,Aluminum,Al,236.2,Tin-plated,5008.72,,,342.34,407.5,,,94.7,15.5,13.22,,1283.8
RSW,Copper,Cu,StainlessSteel,SS304,139.4,Bare,3615.66,,,2125.65,469.4,,,104.0,31.2,18.32,,1065.448
RSW,StainlessSteel,SS304,Nickel,Ni,196.0,Tin-plated,7329.07,,,1059.3,480.9,,,12.4,57.3,22.98,,2098.021
RSW,StainlessSteel,SS304,Nickel,Ni,180.6,Carbon-coated,2156.47,,,389.48,281.5,,,97.6,32.7,12.34,,406.024
RSW,StainlessSteel,SS304,Nickel,Ni,102.9,Nickel-plated,2403.91,,,1953.45,202.8,,,111.0,49.9,7.96,,330.16
RSW,Aluminum,Al,Aluminum,Al,129.9,Bare,1567.48,,,1625.18,386.6,,,99.9,35.3,16.21,,386.505
RSW,Copper,Cu,Copper,Cu,166.0,Bare,1024.73,,,968.55,64.7,,,50.8,29.7,24.06,,37.918
RSW,Nickel,Ni,Copper,Cu,61.3,Bare,6166.6,,,755.26,235.0,,,31.4,62.7,4.96,,850.711
RSW,Copper,Cu,Copper,Cu,198.7,Nickel-plated,1349.05,,,488.88,69.6,,,28.9,69.1,24.28,,56.499
RSW,Aluminum,Al,Aluminum,Al,125.8,Bare,6422.8,,,615.41,489.8,,,12.3,60.3,14.7,,2045.172
RSW,Copper,Cu,StainlessSteel,SS304,176.7,Nickel-plated,3523.82,,,1852.87,405.2,,,102.0,57.6,13.03,,842.125
RSW,StainlessSteel,SS304,Nickel,Ni,37.3,Bare,6988.09,,,1854.01,415.9,,,77.3,60.1,9.23,,1965.787
RSW,Copper,Cu,Copper,Cu,35.2,Tin-plated,3142.23,,,1604.47,402.0,,,62.9,15.1,8.2,,789.13
RSW,Nickel,Ni,Copper,Cu,224.8,Oxide,4809.17,,,773.08,75.1,,,2.1,44.2,15.93,,243.153
RSW,Copper,Cu,Copper,Cu,157.1,Tin-plated,4654.74,,,659.99,284.3,,,7.7,65.9,6.98,,819.777
RSW,StainlessSteel,SS304,Nickel,Ni,201.6,Nickel-plated,5030.76,,,911.32,223.6,,,108.1,24.9,17.8,,627.499
RSW,StainlessSteel,SS304,Nickel,Ni,196.6,Oxide,4183.53,,,1367.76,65.4,,,74.8,17.6,10.88,,165.577
RSW,Nickel,Ni,Copper,Cu,55.8,Bare,6059.05,,,1568.64,241.0,,,-9.1,46.4,7.54,,949.365
RSW,Nickel,Ni,Copper,Cu,57.3,Oxide,4060.93,,,1501.31,297.2,,,17.3,27.3,14.08,,776.211
RSW,Copper,Cu,StainlessSteel,SS304,164.7,Bare,3474.85,,,644.81,280.3,,,6.6,24.9,5.02,,563.347
RSW,Copper,Cu,StainlessSteel,SS304,207.8,Nickel-plated,4381.5,,,1192.47,113.4,,,86.4,54.7,13.65,,310.617
RSW,Copper,Cu,Aluminum,Al,183.6,Oxide,4451.99,,,2433.38,257.1,,,87.2,44.9,15.31,,677.517
RSW,Copper,Cu,Copper,Cu,64.1,Bare,4692.67,,,1961.89,278.9,,,21.7,58.4,4.38,,921.476
RSW,Copper,Cu,Copper,Cu,158.0,Carbon-coated,2299.41,,,826.74,478.8,,,78.7,64.3,6.29,,776.675
RSW,StainlessSteel,SS304,Nickel,Ni,224.9,Nickel-plated,4026.21,,,1393.55,233.6,,,-9.3,73.5,9.67,,532.404
RSW,Nickel,Ni,Copper,Cu,236.6,Bare,6892.08,,,1610.6,66.5,,,98.6,11.8,14.78,,326.434
RSW,Copper,Cu,Aluminum,Al,167.8,Tin-plated,4583.48,,,534.02,101.9,,,8.6,68.2,24.11,,302.828
RSW,Copper,Cu,StainlessSteel,SS304,208.2,Tin-plated,4143.13,,,495.5,412.2,,,103.5,13.2,20.61,,973.029
RSW,Copper,Cu,Aluminum,Al,250.0,Nickel-plated,2158.59,,,1827.68,135.9,,,47.1,15.1,15.68,,170.905
RSW,Nickel,Ni,Copper,Cu,167.5,Bare,7731.03,,,1005.39,267.0,,,16.8,61.7,22.04,,1189.775
RSW,Copper,Cu,Copper,Cu,128.3,Nickel-plated,1020.55,,,2235.99,334.9,,,109.0,56.1,8.92,,206.076
RSW,StainlessSteel,SS304,Nickel,Ni,244.7,Tin-plated,1650.5,,,726.91,60.6,,,8.0,14.9,8.61,,64.624
RSW,Nickel,Ni,Copper,Cu,227.7,Tin-plated,3811.9,,,920.62,191.9,,,45.0,12.8,17.17,,497.369
RSW,Copper,Cu,Copper,Cu,38.2,Nickel-plated,3934.78,,,537.74,369.1,,,15.2,28.3,10.84,,934.648
RSW,Copper,Cu,StainlessSteel,SS304,157.6,Tin-plated,5557.5,,,390.08,202.5,,,10.2,24.1,6.79,,781.835
RSW,StainlessSteel,SS304,Nickel,Ni,64.1,Nickel-plated,3759.02,,,750.73,162.3,,,111.8,58.1,20.98,,391.289
RSW,Copper,Cu,StainlessSteel,SS304,98.8,Nickel-plated,6686.06,,,2112.81,238.3,,,-8.1,58.9,12.58,,1089.065
RSW,StainlessSteel,SS304,Nickel,Ni,102.8,Nickel-plated,6204.09,,,314.71,100.5,,,7.8,30.7,11.13,,406.415
RSW,StainlessSteel,SS304,Nickel,Ni,154.2,Tin-plated,6841.45,,,2183.41,252.4,,,24.9,68.9,8.64,,1123.85
RSW,Nickel,Ni,Copper,Cu,168.7,Bare,5969.37,,,2095.74,450.2,,,5.4,40.8,16.06,,1652.955
RSW,StainlessSteel,SS304,Nickel,Ni,238.8,Nickel-plated,4204.68,,,1717.69,338.7,,,78.8,56.8,24.32,,1017.846
RSW,Copper,Cu,Copper,Cu,100.9,Tin-plated,1694.82,,,370.45,364.4,,,-5.3,13.7,12.89,,349.853
RSW,StainlessSteel,SS304,Nickel,Ni,58.1,Tin-plated,5949.53,,,309.33,224.5,,,96.1,76.1,23.55,,850.387
RSW,StainlessSteel,SS304,Nickel,Ni,184.9,Nickel-plated,6321.05,,,406.68,194.1,,,2.7,42.5,6.52,,715.142
RSW,StainlessSteel,SS304,Nickel,Ni,133.9,Bare,2491.04,,,441.33,266.7,,,17.7,77.8,24.26,,374.071
RSW,Copper,Cu,StainlessSteel,SS304,97.4,Anodized,7289.65,,,831.37,308.6,,,88.8,48.3,6.41,,1519.379
RSW,StainlessSteel,SS304,Nickel,Ni,191.5,Oxide,5995.58,,,712.09,176.1,,,83.0,46.3,19.28,,607.474
RSW,Aluminum,Al,Aluminum,Al,111.2,Bare,2778.98,,,1140.02,224.2,,,88.6,56.8,11.48,,428.153
RSW,Nickel,Ni,Copper,Cu,155.3,Oxide,2885.4,,,1677.68,405.5,,,53.3,64.9,14.16,,711.706
RSW,Nickel,Ni,Copper,Cu,131.9,Carbon-coated,3007.48,,,574.66,293.6,,,86.8,77.4,8.39,,547.837
RSW,StainlessSteel,SS304,Nickel,Ni,93.2,Nickel-plated,2111.46,,,2048.59,268.5,,,95.1,37.6,25.0,,384.55
RSW,Nickel,Ni,Copper,Cu,45.0,Carbon-coated,2718.97,,,1294.89,375.4,,,-6.1,24.2,6.35,,610.466
RSW,StainlessSteel,SS304,Nickel,Ni,179.8,Bare,7776.39,,,557.68,265.9,,,93.7,68.9,23.41,,1211.596
RSW,StainlessSteel,SS304,Nickel,Ni,41.8,Bare,6842.13,,,639.02,254.0,,,21.0,34.2,20.41,,1091.539
RSW,Nickel,Ni,Copper,Cu,246.0,Bare,5772.22,,,1925.06,50.4,,,7.8,24.1,20.25,,176.232
RSW,Copper,Cu,Aluminum,Al,245.7,Bare,1097.64,,,1225.32,69.5,,,25.4,17.4,24.43,,47.247
RSW,StainlessSteel,SS304,Nickel,Ni,120.3,Bare,7660.28,,,1871.38,98.7,,,12.7,73.5,23.82,,545.16
RSW,Nickel,Ni,Copper,Cu,190.1,Bare,1433.73,,,1308.46,115.2,,,101.9,35.8,16.94,,115.941
RSW,StainlessSteel,SS304,Nickel,Ni,215.6,Tin-plated,7363.95,,,1769.0,464.7,,,30.4,54.7,12.54,,2071.539
RSW,StainlessSteel,SS304,Nickel,Ni,72.4,Bare,3331.04,,,747.52,273.9,,,70.4,72.9,23.88,,522.795
RSW,Aluminum,Al,Aluminum,Al,228.0,Oxide,2328.04,,,2056.71,295.5,,,9.6,74.7,8.54,,462.595
RSW,Copper,Cu,StainlessSteel,SS304,202.8,Bare,2570.64,,,1217.72,314.4,,,-4.9,24.7,12.13,,573.484
RSW,Nickel,Ni,Copper,Cu,171.9,Tin-plated,4853.44,,,1400.04,396.6,,,70.1,28.5,18.66,,1200.606
RSW,Copper,Cu,StainlessSteel,SS304,223.0,Bare,3771.08,,,602.89,377.8,,,3.7,57.8,7.77,,871.597
RSW,Nickel,Ni,Copper,Cu,113.1,Tin-plated,6018.19,,,2406.97,129.5,,,16.3,36.0,6.23,,501.29
RSW,Copper,Cu,Aluminum,Al,63.5,Bare,3785.06,,,1533.02,280.5,,,-2.7,28.0,13.21,,615.761
RSW,Nickel,Ni,Copper,Cu,53.9,Nickel-plated,2336.26,,,1805.78,386.6,,,17.9,42.4,19.28,,625.84
RSW,Copper,Cu,StainlessSteel,SS304,86.4,Oxide,2533.91,,,1649.51,339.0,,,24.0,68.3,24.13,,565.669
RSW,Nickel,Ni,Copper,Cu,75.3,Tin-plated,7627.06,,,1743.78,88.2,,,99.6,55.4,4.29,,428.552
RSW,Copper,Cu,Copper,Cu,205.9,Tin-plated,6301.22,,,2070.95,64.3,,,51.2,74.1,7.87,,286.008
RSW,Copper,Cu,StainlessSteel,SS304,32.8,Bare,5596.33,,,2379.66,418.2,,,29.9,53.2,5.86,,1450.044
RSW,StainlessSteel,SS304,Nickel,Ni,213.4,Tin-plated,4835.81,,,641.95,309.5,,,79.8,50.5,24.19,,951.871
RSW,StainlessSteel,SS304,Nickel,Ni,244.6,Tin-plated,2713.16,,,1528.35,155.0,,,47.3,45.6,5.16,,245.757
RSW,StainlessSteel,SS304,Nickel,Ni,180.7,Bare,5765.32,,,766.28,405.9,,,-4.9,24.6,7.59,,1316.791
RSW,Copper,Cu,StainlessSteel,SS304,162.4,Bare,6405.79,,,1421.33,359.7,,,-5.5,47.2,17.95,,1634.68
RSW,StainlessSteel,SS304,Nickel,Ni,195.4,Oxide,7341.2,,,2318.04,117.5,,,61.4,68.4,12.1,,561.178
RSW,Copper,Cu,Copper,Cu,52.4,Tin-plated,2173.89,,,2134.55,113.6,,,13.7,30.3,4.5,,167.691
RSW,Copper,Cu,Aluminum,Al,59.6,Nickel-plated,5286.93,,,674.43,253.1,,,115.6,55.3,11.0,,895.855
RSW,Aluminum,Al,Aluminum,Al,172.7,Nickel-plated,1433.2,,,934.53,425.8,,,4.9,71.0,10.83,,415.628
RSW,Nickel,Ni,Copper,Cu,117.4,Bare,3430.12,,,1417.99,471.2,,,109.9,71.8,21.91,,982.293
RSW,Nickel,Ni,Copper,Cu,64.3,Bare,5383.42,,,1678.66,81.7,,,21.1,63.9,19.41,,279.855
RSW,Copper,Cu,Copper,Cu,222.8,Carbon-coated,7131.69,,,841.3,302.9,,,34.4,36.2,23.95,,1364.074
RSW,Copper,Cu,Copper,Cu,164.0,Oxide,2760.66,,,1414.24,291.4,,,11.7,60.2,6.94,,518.288
RSW,Copper,Cu,Copper,Cu,176.2,Bare,6735.4,,,687.29,355.3,,,86.8,13.9,8.15,,1635.732
RSW,Nickel,Ni,Copper,Cu,41.2,Nickel-plated,3668.38,,,2415.11,122.6,,,-5.5,27.5,19.46,,282.337
RSW,Copper,Cu,Aluminum,Al,211.1,Bare,2483.76,,,1940.98,494.9,,,66.1,67.8,15.23,,769.403
RSW,Nickel,Ni,Copper,Cu,131.1,Bare,6526.51,,,1217.82,222.1,,,49.6,32.7,21.45,,970.594
RSW,Copper,Cu,Copper,Cu,91.2,Nickel-plated,6236.77,,,1092.65,55.0,,,45.3,73.6,4.65,,203.258
RSW,StainlessSteel,SS304,Nickel,Ni,205.2,Tin-plated,6615.59,,,1767.73,392.2,,,59.2,35.1,12.31,,1529.015
RSW,StainlessSteel,SS304,Nickel,Ni,79.5,Nickel-plated,5826.71,,,367.94,407.7,,,43.2,26.8,14.81,,1616.131
RSW,Copper,Cu,StainlessSteel,SS304,135.8,Carbon-coated,6979.23,,,1890.79,407.4,,,109.4,38.4,8.11,,1934.803
RSW,Nickel,Ni,Copper,Cu,54.7,Nickel-plated,6183.96,,,2314.56,340.5,,,17.2,36.9,4.67,,1319.976
RSW,Copper,Cu,Aluminum,Al,137.8,Nickel-plated,4882.83,,,1861.15,81.8,,,81.0,74.6,18.8,,241.109
RSW,Copper,Cu,Copper,Cu,198.9,Carbon-coated,1504.02,,,727.59,122.7,,,13.8,18.5,14.05,,117.483
RSW,StainlessSteel,SS304,Nickel,Ni,74.1,Bare,5697.12,,,2233.35,478.1,,,85.9,27.5,15.35,,1783.497
RSW,StainlessSteel,SS304,Nickel,Ni,182.0,Nickel-plated,6439.6,,,457.28,329.5,,,60.9,44.7,6.54,,1421.825
RSW,Aluminum,Al,Aluminum,Al,30.8,Nickel-plated,5168.55,,,1196.51,97.0,,,9.2,33.9,22.46,,342.304
RSW,Copper,Cu,StainlessSteel,SS304,179.3,Oxide,3525.76,,,869.48,312.1,,,0.1,36.5,17.9,,761.251
RSW,Copper,Cu,Aluminum,Al,69.7,Nickel-plated,1122.11,,,2353.62,171.5,,,104.6,74.6,8.37,,122.379
RSW,Nickel,Ni,Copper,Cu,175.8,Bare,2727.28,,,1846.26,345.6,,,72.9,67.7,16.36,,568.318
RSW,Nickel,Ni,Copper,Cu,203.6,Nickel-plated,2040.39,,,653.08,350.4,,,75.9,78.5,15.87,,498.014
RSW,StainlessSteel,SS304,Nickel,Ni,206.0,Bare,7262.43,,,926.01,79.5,,,2.4,15.7,24.67,,355.579
RSW,Copper,Cu,StainlessSteel,SS304,174.3,Nickel-plated,3377.72,,,844.31,156.3,,,45.7,36.8,20.73,,345.465
RSW,Nickel,Ni,Copper,Cu,42.3,Nickel-plated,5790.69,,,1642.92,250.5,,,106.8,75.4,20.32,,863.652
RSW,Copper,Cu,Copper,Cu,197.3,Carbon-coated,4709.1,,,323.94,442.3,,,96.2,36.3,8.18,,1440.873
RSW,Nickel,Ni,Copper,Cu,238.3,Bare,6808.34,,,1703.6,467.0,,,1.8,58.8,15.92,,1996.975
RSW,StainlessSteel,SS304,Nickel,Ni,197.6,Tin-plated,6133.68,,,824.77,155.3,,,44.0,56.9,6.49,,580.749
RSW,Aluminum,Al,Aluminum,Al,70.4,Nickel-plated,7959.78,,,1553.68,339.4,,,51.9,38.8,20.29,,1555.78
RSW,StainlessSteel,SS304,Nickel,Ni,244.4,Bare,7564.85,,,1939.92,202.8,,,96.4,57.3,18.93,,925.332
RSW,Nickel,Ni,Copper,Cu,30.6,Oxide,2817.58,,,1133.75,188.4,,,38.6,70.9,24.14,,314.363
RSW,StainlessSteel,SS304,Nickel,Ni,148.5,Bare,1700.9,,,1711.46,325.7,,,79.3,27.1,20.56,,350.001
RSW,Nickel,Ni,Copper,Cu,152.4,Bare,4041.04,,,1822.49,76.4,,,97.2,52.4,15.6,,192.088
RSW,Nickel,Ni,Copper,Cu,174.1,Tin-plated,5733.09,,,1177.82,498.3,,,64.0,46.1,20.15,,1783.461
RSW,Copper,Cu,Copper,Cu,100.6,Anodized,5509.29,,,721.81,236.1,,,114.9,13.3,14.5,,794.82
RSW,Aluminum,Al,Aluminum,Al,229.8,Bare,6231.05,,,2492.74,176.2,,,56.5,57.5,8.17,,777.404
RSW,Nickel,Ni,Copper,Cu,203.4,Nickel-plated,5847.13,,,2149.68,428.0,,,47.5,21.9,19.59,,1718.145
RSW,Copper,Cu,Aluminum,Al,199.4,Bare,7730.27,,,432.3,350.0,,,81.4,25.2,7.9,,1804.883
RSW,Nickel,Ni,Copper,Cu,189.1,Nickel-plated,5442.07,,,2030.17,156.8,,,0.4,53.8,15.58,,597.849
RSW,Copper,Cu,Aluminum,Al,184.7,Bare,5561.12,,,1566.98,467.5,,,71.3,63.9,23.37,,1803.426
RSW,Copper,Cu,Aluminum,Al,136.0,Nickel-plated,2034.11,,,1489.06,486.0,,,37.2,58.6,12.33,,635.358
RSW,Aluminum,Al,Aluminum,Al,223.7,Nickel-plated,2090.77,,,504.89,364.4,,,34.0,46.8,16.74,,492.759
RSW,StainlessSteel,SS304,Nickel,Ni,168.3,Nickel-plated,7444.58,,,2068.08,379.9,,,56.5,16.9,7.6,,1689.471
RSW,Nickel,Ni,Copper,Cu,93.3,Nickel-plated,3388.62,,,1857.58,471.4,,,-8.9,69.9,16.68,,1086.03
RSW,Nickel,Ni,Copper,Cu,150.4,Carbon-coated,7901.25,,,1854.19,262.1,,,115.2,44.7,17.75,,1415.884
RSW,Nickel,Ni,Copper,Cu,80.5,Bare,4493.0,,,1387.63,219.2,,,63.5,56.4,21.66,,604.402
RSW,StainlessSteel,SS304,Nickel,Ni,99.2,Bare,1794.81,,,646.85,422.2,,,-5.3,57.2,17.92,,451.778
RSW,Copper,Cu,Copper,Cu,49.3,Anodized,6316.36,,,1454.3,90.8,,,-2.3,21.2,14.45,,325.724
RSW,Nickel,Ni,Copper,Cu,42.5,Bare,3926.48,,,437.28,224.1,,,105.8,64.1,17.67,,558.318
RSW,StainlessSteel,SS304,Nickel,Ni,45.1,Tin-plated,6490.96,,,1474.99,183.5,,,35.1,43.0,19.99,,799.282
RSW,Copper,Cu,Copper,Cu,223.4,Bare,7820.92,,,1869.01,493.0,,,117.4,12.6,18.0,,2497.819
RSW,Copper,Cu,Aluminum,Al,109.8,Bare,6871.53,,,2229.39,294.2,,,39.1,24.3,11.24,,1427.229
RSW,Copper,Cu,Aluminum,Al,76.4,Oxide,1524.39,,,1673.2,385.0,,,78.0,40.8,16.45,,353.229
RSW,Copper,Cu,Copper,Cu,179.5,Nickel-plated,3548.36,,,903.47,116.4,,,78.1,10.8,24.04,,257.104
RSW,StainlessSteel,SS304,Nickel,Ni,49.0,Tin-plated,2723.8,,,1762.61,172.7,,,71.5,14.7,16.3,,325.989
RSW,Copper,Cu,Copper,Cu,220.5,Bare,4558.2,,,503.03,433.9,,,32.6,16.2,20.93,,1289.767
RSW,Copper,Cu,StainlessSteel,SS304,147.9,Nickel-plated,5202.41,,,1039.75,445.9,,,91.3,66.9,10.38,,1586.155
RSW,Copper,Cu,Aluminum,Al,167.4,Nickel-plated,4842.93,,,1408.15,348.1,,,89.9,51.3,19.67,,997.944
RSW,Copper,Cu,Copper,Cu,49.9,Nickel-plated,4072.34,,,1880.91,426.0,,,60.3,53.5,20.49,,1082.498
RSW,Copper,Cu,StainlessSteel,SS304,134.4,Bare,2873.48,,,2360.07,313.2,,,39.2,43.7,4.65,,658.87
RSW,StainlessSteel,SS304,Nickel,Ni,210.4,Oxide,4023.93,,,1102.65,206.5,,,73.8,27.6,5.31,,474.158
RSW,Aluminum,Al,Aluminum,Al,226.9,Bare,1864.77,,,1773.49,67.8,,,97.7,16.6,24.44,,82.293
RSW,Aluminum,Al,Aluminum,Al,174.9,Oxide,1328.36,,,575.27,339.5,,,80.9,44.1,14.19,,309.729
RSW,StainlessSteel,SS304,Nickel,Ni,136.7,Carbon-coated,2875.18,,,1831.03,376.8,,,26.1,72.8,8.76,,734.681
RSW,Nickel,Ni,Copper,Cu,200.9,Nickel-plated,3098.36,,,360.42,264.2,,,63.0,75.5,24.01,,517.186
RSW,StainlessSteel,SS304,Nickel,Ni,81.8,Nickel-plated,5655.58,,,1669.91,470.9,,,62.0,37.3,10.58,,1621.563
RSW,Copper,Cu,Aluminum,Al,118.5,Nickel-plated,6574.14,,,1341.39,387.9,,,45.6,17.8,4.43,,1767.949
RSW,Nickel,Ni,Copper,Cu,78.2,Bare,3226.48,,,362.17,360.6,,,80.0,15.7,18.71,,649.062
RSW,Copper,Cu,StainlessSteel,SS304,107.9,Carbon-coated,5832.02,,,547.44,235.7,,,48.7,63.8,20.8,,820.424
RSW,Copper,Cu,Copper,Cu,165.3,Tin-plated,2642.65,,,2171.24,205.3,,,59.1,53.1,13.73,,358.226
RSW,Copper,Cu,Copper,Cu,200.1,Bare,7331.78,,,2283.24,420.5,,,80.1,21.4,15.87,,1873.159
RSW,Copper,Cu,Aluminum,Al,43.2,Bare,6735.57,,,1759.76,125.2,,,28.9,13.0,8.99,,548.755
RSW,Copper,Cu,Copper,Cu,64.6,Oxide,5334.15,,,1584.84,303.3,,,90.4,29.4,22.47,,992.728
RSW,Copper,Cu,Copper,Cu,152.5,Tin-plated,5162.2,,,2214.04,110.6,,,51.8,75.1,20.81,,408.086
RSW,StainlessSteel,SS304,Nickel,Ni,197.3,Anodized,1426.91,,,2027.56,456.2,,,52.5,39.4,10.28,,446.767
RSW,Nickel,Ni,Copper,Cu,120.7,Bare,4552.6,,,536.65,250.7,,,71.7,54.4,22.67,,690.357
RSW,Nickel,Ni,Copper,Cu,246.3,Bare,6518.14,,,1964.48,153.2,,,71.4,46.6,9.77,,698.366
RSW,Copper,Cu,StainlessSteel,SS304,109.7,Bare,2330.96,,,1936.44,287.9,,,66.8,56.1,10.12,,454.807
RSW,Nickel,Ni,Copper,Cu,167.6,Bare,4787.53,,,1869.14,489.2,,,53.6,29.8,14.43,,1442.192
RSW,Nickel,Ni,Copper,Cu,94.0,Bare,4526.26,,,1414.37,243.8,,,76.5,73.2,12.3,,648.688
RSW,Copper,Cu,Aluminum,Al,235.4,Bare,6810.82,,,626.97,208.3,,,14.6,67.9,18.16,,808.166
RSW,StainlessSteel,SS304,Nickel,Ni,134.5,Oxide,1203.7,,,1848.35,379.1,,,27.7,23.7,19.59,,291.055
RSW,Nickel,Ni,Copper,Cu,90.1,Carbon-coated,3373.9,,,2463.6,89.5,,,69.7,56.9,10.19,,201.514
RSW,StainlessSteel,SS304,Nickel,Ni,59.3,Bare,6133.32,,,2395.16,479.3,,,59.5,41.1,21.58,,1813.514
RSW,Copper,Cu,StainlessSteel,SS304,132.7,Oxide,7690.12,,,1890.83,335.0,,,39.3,20.5,12.2,,1699.48
RSW,Nickel,Ni,Copper,Cu,223.1,Oxide,6515.24,,,617.56,165.2,,,30.1,62.5,24.75,,610.941
RSW,StainlessSteel,SS304,Nickel,Ni,61.3,Bare,3721.55,,,1141.82,123.7,,,56.2,69.4,6.96,,279.63
RSW,StainlessSteel,SS304,Nickel,Ni,163.4,Nickel-plated,6478.78,,,1556.26,144.5,,,77.3,44.1,16.52,,536.647
RSW,StainlessSteel,SS304,Nickel,Ni,153.3,Nickel-plated,6673.59,,,2183.63,146.0,,,98.7,67.6,20.52,,576.373
RSW,StainlessSteel,SS304,Nickel,Ni,168.5,Bare,7386.62,,,2319.14,65.8,,,26.2,52.1,13.0,,288.107
RSW,Nickel,Ni,Copper,Cu,189.1,Bare,1319.19,,,1327.5,420.1,,,119.2,24.7,7.58,,365.828
RSW,Copper,Cu,Aluminum,Al,229.1,Tin-plated,6096.69,,,621.51,439.0,,,93.2,40.5,21.79,,1822.27
RSW,StainlessSteel,SS304,Nickel,Ni,74.9,Nickel-plated,5730.01,,,884.68,447.4,,,76.9,10.5,23.87,,1719.492
RSW,Nickel,Ni,Copper,Cu,110.4,Bare,4805.55,,,393.97,216.4,,,104.1,56.7,17.66,,631.214
RSW,Nickel,Ni,Copper,Cu,230.1,Tin-plated,1201.01,,,766.19,214.2,,,37.3,38.2,7.51,,146.241
RSW,Nickel,Ni,Copper,Cu,175.1,Bare,5074.87,,,1988.36,469.2,,,84.4,54.4,9.61,,1447.988
RSW,Aluminum,Al,Aluminum,Al,57.6,Bare,2205.5,,,725.47,312.2,,,85.0,66.0,17.57,,443.141
RSW,Nickel,Ni,Copper,Cu,169.9,Bare,1636.62,,,349.19,442.1,,,33.0,60.5,6.86,,457.529
RSW,StainlessSteel,SS304,Nickel,Ni,204.6,Oxide,3163.2,,,1938.08,103.4,,,10.6,65.4,24.15,,196.036
RSW,Aluminum,Al,Aluminum,Al,69.0,Bare,5020.51,,,1728.68,310.6,,,93.1,61.2,12.75,,1006.805
RSW,Copper,Cu,Copper,Cu,163.9,Nickel-plated,3191.02,,,2483.54,494.6,,,-8.7,55.8,12.6,,1129.372
RSW,Copper,Cu,StainlessSteel,SS304,143.7,Nickel-plated,1795.61,,,985.87,333.0,,,20.8,65.7,14.06,,338.977
RSW,StainlessSteel,SS304,Nickel,Ni,201.6,Nickel-plated,1390.82,,,465.07,352.0,,,47.9,67.9,17.7,,275.293
RSW,Aluminum,Al,Aluminum,Al,105.5,Nickel-plated,6109.84,,,913.5,51.9,,,-7.7,40.3,15.02,,213.041
RSW,StainlessSteel,SS304,Nickel,Ni,46.3,Carbon-coated,1446.83,,,325.31,459.8,,,25.6,60.5,8.72,,414.989
RSW,Nickel,Ni,Copper,Cu,200.7,Bare,3064.26,,,585.22,252.4,,,18.4,74.1,20.32,,515.6
RSW,Nickel,Ni,Copper,Cu,217.1,Nickel-plated,1399.28,,,2041.81,302.7,,,74.4,70.2,6.79,,288.407
RSW,Copper,Cu,Aluminum,Al,231.4,Carbon-coated,6034.24,,,2223.52,320.0,,,15.2,30.5,18.49,,1317.864
RSW,Nickel,Ni,Copper,Cu,114.7,Bare,3894.99,,,2099.64,367.7,,,105.7,33.2,14.93,,856.326
RSW,Copper,Cu,Copper,Cu,185.0,Bare,4356.12,,,460.64,242.8,,,88.1,46.2,9.82,,589.828
RSW,Nickel,Ni,Copper,Cu,30.1,Bare,6121.53,,,2054.02,446.5,,,22.9,34.5,6.09,,1889.657
RSW,Copper,Cu,Copper,Cu,102.6,Bare,4673.95,,,641.32,495.2,,,95.2,34.6,12.95,,1472.114
RSW,Nickel,Ni,Copper,Cu,80.2,Nickel-plated,6243.56,,,679.72,222.0,,,45.7,23.2,6.86,,801.961
RSW,StainlessSteel,SS304,Nickel,Ni,220.4,Oxide,1688.33,,,1389.06,90.0,,,96.7,10.0,22.44,,86.163
RSW,Copper,Cu,Copper,Cu,80.5,Nickel-plated,7867.85,,,591.57,286.6,,,109.6,61.7,13.3,,1429.442
RSW,StainlessSteel,SS304,Nickel,Ni,133.4,Oxide,3991.89,,,2297.9,194.9,,,52.7,54.7,18.96,,475.84
RSW,Aluminum,Al,Aluminum,Al,72.6,Bare,7268.17,,,951.57,302.0,,,53.7,33.7,11.17,,1332.064
RSW,Copper,Cu,StainlessSteel,SS304,172.9,Bare,6545.07,,,834.37,484.5,,,40.0,23.3,17.61,,1886.018
RSW,Nickel,Ni,Copper,Cu,155.5,Bare,4130.46,,,2365.34,478.9,,,13.0,54.4,21.01,,1189.017
RSW,Copper,Cu,Copper,Cu,56.1,Bare,4137.76,,,397.69,298.6,,,67.0,50.0,19.92,,681.243
RSW,Copper,Cu,StainlessSteel,SS304,118.7,Oxide,1459.1,,,1302.58,78.4,,,-7.4,37.6,14.68,,80.092
RSW,StainlessSteel,SS304,Nickel,Ni,109.7,Oxide,5086.18,,,492.77,293.7,,,112.0,28.0,14.54,,933.17
RSW,Copper,Cu,Copper,Cu,57.6,Tin-plated,7975.9,,,666.59,330.7,,,1.4,61.9,22.98,,1739.414
RSW,Nickel,Ni,Copper,Cu,226.2,Bare,5504.09,,,1817.63,468.9,,,76.0,14.5,8.6,,1707.316
RSW,Copper,Cu,Copper,Cu,156.9,Nickel-plated,7176.49,,,403.46,320.6,,,18.1,79.9,14.18,,1462.875
RSW,StainlessSteel,SS304,Nickel,Ni,146.9,Anodized,3148.8,,,1809.85,240.3,,,0.5,27.5,22.98,,480.45
RSW,Nickel,Ni,Copper,Cu,140.6,Bare,4293.85,,,651.5,349.6,,,81.8,33.6,16.89,,918.699
RSW,Aluminum,Al,Aluminum,Al,231.3,Nickel-plated,5794.32,,,2291.65,310.1,,,79.0,39.0,4.28,,1076.829
RSW,Aluminum,Al,Aluminum,Al,66.1,Carbon-coated,7947.14,,,568.83,119.6,,,13.7,31.8,14.67,,613.351
RSW,StainlessSteel,SS304,Nickel,Ni,139.6,Nickel-plated,4459.1,,,1143.58,442.5,,,5.1,51.7,9.39,,1361.503
RSW,StainlessSteel,SS304,Nickel,Ni,96.5,Nickel-plated,3830.66,,,320.5,205.5,,,80.3,62.2,5.08,,491.907
RSW,Copper,Cu,Aluminum,Al,225.6,Nickel-plated,2951.98,,,812.27,332.8,,,44.3,41.3,13.43,,669.032
RSW,Nickel,Ni,Copper,Cu,210.5,Nickel-plated,3279.59,,,478.4,411.7,,,28.0,58.9,12.46,,863.542
RSW,StainlessSteel,SS304,Nickel,Ni,93.1,Nickel-plated,5286.74,,,633.51,198.6,,,31.2,34.1,13.55,,717.464
RSW,Nickel,Ni,Copper,Cu,204.2,Nickel-plated,6636.65,,,1568.04,286.4,,,99.0,77.8,15.72,,1356.576
RSW,Nickel,Ni,Copper,Cu,44.5,Tin-plated,1841.23,,,2174.18,73.9,,,58.6,16.8,5.92,,97.781
RSW,Copper,Cu,Aluminum,Al,152.5,Tin-plated,4065.04,,,1883.56,245.4,,,-5.8,45.3,19.39,,701.044
RSW,StainlessSteel,SS304,Nickel,Ni,34.6,Tin-plated,7748.0,,,814.74,321.8,,,31.8,70.1,23.67,,1390.998
RSW,StainlessSteel,SS304,Nickel,Ni,195.4,Nickel-plated,2238.43,,,2082.86,61.5,,,-6.8,47.8,15.54,,82.897
RSW,Aluminum,Al,Aluminum,Al,176.5,Tin-plated,5661.09,,,1661.74,233.7,,,61.7,79.5,10.29,,841.547
RSW,StainlessSteel,SS304,Nickel,Ni,172.2,Oxide,6756.43,,,1192.25,443.2,,,78.8,74.1,20.11,,1709.738
RSW,Nickel,Ni,Copper,Cu,121.8,Oxide,2936.65,,,472.8,114.3,,,119.0,19.1,16.85,,207.243
RSW,Copper,Cu,StainlessSteel,SS304,203.1,Nickel-plated,5935.2,,,641.05,168.3,,,17.3,30.0,22.13,,657.149
RSW,Copper,Cu,StainlessSteel,SS304,81.9,Bare,1103.31,,,1911.91,414.6,,,42.1,77.3,9.09,,272.001
RSW,Copper,Cu,StainlessSteel,SS304,70.5,Bare,3705.97,,,652.5,412.1,,,77.8,31.1,16.61,,1022.466
RSW,StainlessSteel,SS304,Nickel,Ni,155.1,Bare,2545.62,,,753.78,179.3,,,31.4,37.6,20.56,,264.334
RSW,Aluminum,Al,Aluminum,Al,33.4,Bare,6892.48,,,1840.77,270.6,,,111.1,29.2,24.82,,1269.891
RSW,Copper,Cu,Copper,Cu,167.0,Bare,5808.08,,,404.3,425.7,,,50.0,79.2,10.73,,1552.594
RSW,Nickel,Ni,Copper,Cu,136.4,Bare,3906.51,,,1338.88,422.5,,,58.9,41.8,9.64,,1151.961
RSW,Copper,Cu,Copper,Cu,144.2,Anodized,4445.84,,,687.93,335.1,,,-5.4,62.6,18.07,,918.224
RSW,Nickel,Ni,Copper,Cu,160.7,Bare,6486.43,,,2311.58,326.4,,,74.7,74.8,5.23,,1489.965
RSW,Nickel,Ni,Copper,Cu,226.1,Nickel-plated,4613.78,,,941.36,423.6,,,109.1,29.6,17.43,,1331.613
RSW,StainlessSteel,SS304,Nickel,Ni,71.1,Bare,7259.48,,,749.33,262.6,,,116.6,19.4,10.55,,1147.186
RSW,StainlessSteel,SS304,Nickel,Ni,69.0,Bare,7755.36,,,621.78,392.1,,,112.0,69.2,17.4,,1780.247
RSW,StainlessSteel,SS304,Nickel,Ni,159.2,Tin-plated,2933.06,,,523.15,227.6,,,60.8,17.0,16.69,,463.707
RSW,Nickel,Ni,Copper,Cu,53.5,Bare,1211.49,,,1218.32,389.4,,,44.7,62.1,4.86,,315.083
RSW,Copper,Cu,Copper,Cu,97.8,Oxide,6109.88,,,1246.26,125.3,,,-7.1,62.8,6.36,,448.669
RSW,Aluminum,Al,Aluminum,Al,105.0,Nickel-plated,5761.01,,,1676.4,203.8,,,2.0,39.9,14.79,,811.411
RSW,Copper,Cu,Aluminum,Al,115.1,Oxide,2099.63,,,345.79,444.0,,,109.3,53.1,9.99,,615.692
RSW,Nickel,Ni,Copper,Cu,129.3,Carbon-coated,4951.96,,,1965.09,275.8,,,118.7,42.6,18.38,,848.147
RSW,Copper,Cu,Copper,Cu,122.5,Oxide,5000.56,,,1741.93,282.9,,,59.2,10.7,10.99,,986.047
RSW,Copper,Cu,Aluminum,Al,193.7,Bare,1655.19,,,902.28,389.4,,,23.3,13.0,8.7,,373.324
RSW,StainlessSteel,SS304,Nickel,Ni,165.8,Carbon-coated,3890.23,,,701.26,485.0,,,11.9,71.0,22.37,,1205.788
RSW,StainlessSteel,SS304,Nickel,Ni,226.6,Oxide,7848.52,,,451.34,272.8,,,97.6,75.7,22.8,,1279.069
RSW,Nickel,Ni,Copper,Cu,128.9,Bare,6376.5,,,508.8,418.9,,,23.4,21.2,6.27,,1841.741
RSW,Nickel,Ni,Copper,Cu,121.8,Bare,1812.94,,,1066.11,393.9,,,-8.1,65.4,8.78,,445.013
RSW,StainlessSteel,SS304,Nickel,Ni,79.5,Tin-plated,2814.65,,,1533.34,54.1,,,-0.5,75.5,23.14,,99.534
RSW,Aluminum,Al,Aluminum,Al,117.7,Bare,3565.64,,,637.05,475.4,,,116.0,26.4,11.79,,1087.423
RSW,Copper,Cu,Copper,Cu,173.3,Nickel-plated,3944.16,,,501.25,306.9,,,34.0,26.6,14.75,,809.707
RSW,Copper,Cu,Copper,Cu,58.0,Bare,5777.65,,,428.08,304.3,,,4.8,73.8,11.8,,979.619
RSW,StainlessSteel,SS304,Nickel,Ni,217.2,Bare,6344.23,,,2043.59,170.6,,,69.1,68.4,9.56,,681.414
RSW,Nickel,Ni,Copper,Cu,75.7,Bare,2610.91,,,834.23,177.3,,,68.8,28.6,13.55,,327.203
RSW,Nickel,Ni,Copper,Cu,236.0,Nickel-plated,3057.9,,,1806.47,51.2,,,14.2,71.5,14.74,,104.902
RSW,Copper,Cu,StainlessSteel,SS304,231.7,Bare,5564.23,,,1109.88,201.3,,,17.1,24.4,15.61,,784.141
RSW,StainlessSteel,SS304,Nickel,Ni,230.8,Anodized,3328.3,,,1977.69,144.2,,,105.4,22.6,14.84,,275.635
RSW,Nickel,Ni,Copper,Cu,227.4,Oxide,3367.04,,,1613.5,215.4,,,14.6,77.7,22.39,,450.072
RSW,Nickel,Ni,Copper,Cu,185.5,Anodized,5268.56,,,759.85,285.6,,,-1.1,42.4,20.0,,880.285
RSW,StainlessSteel,SS304,Nickel,Ni,191.7,Bare,1788.83,,,1054.9,186.0,,,105.8,34.5,9.39,,208.489
RSW,Copper,Cu,Aluminum,Al,50.3,Nickel-plated,1086.24,,,1763.38,140.3,,,58.5,48.4,18.91,,98.392
RSW,Copper,Cu,StainlessSteel,SS304,234.0,Nickel-plated,5841.52,,,1717.57,255.4,,,97.5,71.2,7.87,,958.924
RSW,Aluminum,Al,Aluminum,Al,127.4,Nickel-plated,4498.95,,,1830.74,102.1,,,116.8,25.5,6.32,,311.688
RSW,Copper,Cu,Copper,Cu,247.1,Oxide,6641.35,,,1441.44,103.9,,,79.7,78.4,6.23,,473.47
RSW,Copper,Cu,Copper,Cu,81.4,Bare,3106.38,,,1599.72,218.9,,,99.5,45.9,14.29,,478.326
RSW,Nickel,Ni,Copper,Cu,95.7,Nickel-plated,3116.5,,,1821.2,197.0,,,54.3,51.9,24.17,,401.144
RSW,Nickel,Ni,Copper,Cu,236.3,Bare,3755.09,,,1644.91,449.8,,,39.8,39.5,14.32,,982.599
RSW,Nickel,Ni,Copper,Cu,205.0,Bare,7975.08,,,1357.95,490.1,,,30.9,34.0,15.98,,2606.294
RSW,Nickel,Ni,Copper,Cu,224.7,Bare,5895.79,,,2365.19,274.7,,,15.3,27.1,12.08,,949.771
RSW,Copper,Cu,Copper,Cu,47.9,Bare,6999.78,,,1329.88,102.7,,,14.5,72.9,18.72,,408.257
RSW,Nickel,Ni,Copper,Cu,97.0,Bare,3808.29,,,312.36,296.0,,,101.9,46.0,13.98,,639.577
RSW,Nickel,Ni,Copper,Cu,214.6,Nickel-plated,3370.26,,,1847.62,315.3,,,43.1,10.9,18.74,,727.218
RSW,StainlessSteel,SS304,Nickel,Ni,115.4,Carbon-coated,4997.41,,,1033.8,146.7,,,46.9,41.5,24.55,,493.787
RSW,Copper,Cu,Aluminum,Al,206.1,Tin-plated,4206.52,,,1226.2,365.1,,,59.5,19.6,6.82,,1054.549
RSW,StainlessSteel,SS304,Nickel,Ni,67.8,Tin-plated,6826.85,,,1146.63,384.1,,,59.8,62.7,19.36,,1478.275
RSW,Copper,Cu,Copper,Cu,225.0,Bare,5741.42,,,1643.02,257.5,,,74.2,59.4,13.62,,1060.013
RSW,Copper,Cu,Copper,Cu,215.2,Nickel-plated,2741.14,,,2261.98,343.6,,,77.6,79.4,19.78,,592.437
RSW,Copper,Cu,Aluminum,Al,246.3,Tin-plated,2614.13,,,1234.63,367.0,,,61.6,41.1,11.84,,605.47
RSW,Copper,Cu,Copper,Cu,80.7,Bare,5854.48,,,1382.93,256.5,,,26.6,10.3,11.09,,1074.851
RSW,Copper,Cu,StainlessSteel,SS304,209.1,Bare,1437.15,,,1683.55,429.3,,,2.6,70.4,22.55,,423.04
RSW,StainlessSteel,SS304,Nickel,Ni,171.1,Bare,2026.44,,,786.99,429.3,,,76.5,62.6,11.71,,577.825
RSW,StainlessSteel,SS304,Nickel,Ni,50.7,Bare,2763.63,,,2401.41,99.2,,,115.7,62.9,20.97,,183.957
RSW,StainlessSteel,SS304,Nickel,Ni,106.6,Oxide,2122.8,,,1630.21,80.1,,,92.2,60.2,7.02,,115.704
RSW,Aluminum,Al,Aluminum,Al,204.8,Carbon-coated,6715.46,,,624.33,272.3,,,90.9,58.0,20.95,,1240.153
RSW,Copper,Cu,Copper,Cu,57.5,Nickel-plated,2797.35,,,2161.44,211.0,,,119.9,47.5,15.07,,426.059
RSW,StainlessSteel,SS304,Nickel,Ni,248.3,Bare,6941.46,,,1081.28,298.2,,,66.5,62.5,15.61,,1267.158
RSW,Copper,Cu,Aluminum,Al,148.7,Bare,1134.8,,,576.71,352.5,,,109.4,34.4,15.41,,238.882
RSW,Copper,Cu,StainlessSteel,SS304,143.9,Oxide,3957.46,,,1564.2,155.3,,,101.5,73.4,24.96,,430.954
RSW,Copper,Cu,Copper,Cu,247.6,Carbon-coated,6835.77,,,311.16,492.9,,,7.4,25.0,5.58,,1915.14
RSW,Nickel,Ni,Copper,Cu,162.7,Bare,1418.71,,,1086.69,261.3,,,114.1,72.2,13.73,,260.413
RSW,StainlessSteel,SS304,Nickel,Ni,86.7,Bare,7483.66,,,2365.28,492.9,,,58.9,51.0,14.38,,2367.765
RSW,Copper,Cu,StainlessSteel,SS304,242.4,Bare,1618.86,,,1000.3,122.7,,,109.3,57.0,7.43,,137.72
RSW,StainlessSteel,SS304,Nickel,Ni,153.2,Anodized,2901.77,,,1992.89,267.0,,,3.0,66.9,13.67,,461.686
RSW,StainlessSteel,SS304,Nickel,Ni,229.0,Oxide,3319.43,,,787.01,54.4,,,117.4,68.9,23.35,,121.549
RSW,Copper,Cu,StainlessSteel,SS304,162.5,Tin-plated,1340.15,,,1747.08,138.9,,,0.2,67.2,8.36,,112.472
RSW,Copper,Cu,Copper,Cu,236.2,Carbon-coated,2116.36,,,404.04,204.3,,,43.6,24.6,21.53,,287.018
RSW,Copper,Cu,Copper,Cu,32.7,Nickel-plated,7109.76,,,1492.2,311.2,,,24.8,33.4,16.07,,1266.255
RSW,StainlessSteel,SS304,Nickel,Ni,198.2,Bare,2190.14,,,1401.05,420.2,,,36.8,51.3,5.6,,601.161
RSW,Copper,Cu,Aluminum,Al,94.1,Bare,3381.27,,,1389.94,474.2,,,-4.8,21.9,8.7,,925.088
RSW,Nickel,Ni,Copper,Cu,174.6,Bare,4809.28,,,1407.32,479.4,,,83.7,73.5,5.66,,1371.045
RSW,Nickel,Ni,Copper,Cu,230.5,Nickel-plated,1554.72,,,1400.42,460.8,,,85.5,78.3,24.5,,463.335
RSW,Nickel,Ni,Copper,Cu,77.1,Tin-plated,4834.8,,,2392.12,205.1,,,4.1,36.8,4.39,,677.16
RSW,Nickel,Ni,Copper,Cu,221.3,Carbon-coated,6979.23,,,489.84,413.3,,,12.9,61.3,23.35,,1857.036
RSW,Copper,Cu,Copper,Cu,70.5,Nickel-plated,4837.37,,,834.87,286.7,,,28.4,60.4,12.41,,924.838
RSW,Aluminum,Al,Aluminum,Al,158.5,Nickel-plated,6334.19,,,1302.59,79.8,,,109.3,34.8,6.35,,305.727
RSW,Aluminum,Al,Aluminum,Al,133.5,Bare,5979.27,,,529.36,381.7,,,113.2,75.1,7.71,,1553.98
RSW,Nickel,Ni,Copper,Cu,141.5,Tin-plated,2566.28,,,2460.98,179.7,,,70.2,57.9,18.61,,293.681
RSW,Nickel,Ni,Copper,Cu,154.5,Oxide,2073.35,,,892.75,236.9,,,52.3,78.7,12.9,,316.695
RSW,StainlessSteel,SS304,Nickel,Ni,87.8,Bare,7896.08,,,1393.06,381.5,,,33.1,59.7,19.5,,2115.597
RSW,StainlessSteel,SS304,Nickel,Ni,228.8,Nickel-plated,1046.46,,,758.18,86.3,,,99.6,72.8,18.82,,56.016
RSW,Copper,Cu,Aluminum,Al,121.8,Bare,2895.9,,,1241.26,134.1,,,116.3,17.4,11.52,,275.244
RSW,Nickel,Ni,Copper,Cu,179.9,Oxide,6127.86,,,921.1,75.3,,,112.3,51.7,9.53,,294.135
RSW,Copper,Cu,Copper,Cu,239.3,Anodized,2083.69,,,1435.65,104.2,,,56.8,24.5,12.94,,127.14
RSW,StainlessSteel,SS304,Nickel,Ni,78.0,Tin-plated,3901.01,,,782.04,491.2,,,57.7,14.1,9.95,,1154.637
RSW,Copper,Cu,Copper,Cu,235.3,Bare,6464.59,,,490.92,59.7,,,16.3,44.9,9.48,,234.245
RSW,StainlessSteel,SS304,Nickel,Ni,234.4,Oxide,7604.7,,,1977.09,103.5,,,101.5,62.2,14.91,,520.698
RSW,Copper,Cu,Copper,Cu,234.0,Bare,3552.92,,,1058.04,463.4,,,43.6,62.8,9.91,,1062.275
RSW,Copper,Cu,Aluminum,Al,132.0,Nickel-plated,7663.93,,,1970.89,183.0,,,47.8,69.4,15.36,,892.97
RSW,Nickel,Ni,Copper,Cu,249.2,Anodized,3884.35,,,428.5,433.4,,,119.6,38.3,13.08,,1080.947
RSW,StainlessSteel,SS304,Nickel,Ni,40.9,Nickel-plated,1055.5,,,781.97,418.5,,,20.6,11.1,5.36,,281.164
RSW,StainlessSteel,SS304,Nickel,Ni,168.6,Oxide,3476.61,,,1262.79,56.1,,,2.0,50.2,22.36,,133.994
RSW,Copper,Cu,Aluminum,Al,163.3,Anodized,1556.17,,,1566.97,203.1,,,84.2,11.2,21.0,,191.751
RSW,Aluminum,Al,Aluminum,Al,81.9,Bare,2261.86,,,1810.6,406.6,,,66.2,74.6,22.52,,548.838
RSW,Copper,Cu,Copper,Cu,230.9,Nickel-plated,6170.14,,,880.23,231.1,,,75.3,17.7,15.93,,919.263
RSW,Nickel,Ni,Copper,Cu,172.2,Bare,1325.61,,,1964.89,135.3,,,27.1,47.7,12.07,,103.332
RSW,Nickel,Ni,Copper,Cu,35.5,Bare,1060.05,,,1972.28,390.7,,,115.5,24.6,4.42,,271.457
RSW,Nickel,Ni,Copper,Cu,149.1,Nickel-plated,3978.69,,,1033.79,286.5,,,27.8,13.5,11.19,,790.585
RSW,Copper,Cu,Copper,Cu,74.5,Tin-plated,5291.7,,,2165.9,291.3,,,33.8,78.8,11.76,,1004.552
RSW,Nickel,Ni,Copper,Cu,189.3,Nickel-plated,7075.5,,,354.93,61.8,,,83.0,27.8,11.82,,249.217
RSW,Copper,Cu,Copper,Cu,46.2,Nickel-plated,7773.57,,,978.07,82.9,,,64.2,79.2,4.22,,434.02
RSW,StainlessSteel,SS304,Nickel,Ni,36.6,Bare,4087.81,,,585.02,315.0,,,-2.9,43.3,7.15,,857.111
RSW,Nickel,Ni,Copper,Cu,240.6,Tin-plated,2235.48,,,1840.04,320.9,,,-8.6,61.8,13.78,,493.761
RSW,StainlessSteel,SS304,Nickel,Ni,199.3,Oxide,5456.52,,,1877.02,79.1,,,48.5,26.1,8.71,,276.884
RSW,Copper,Cu,StainlessSteel,SS304,179.7,Bare,4535.33,,,930.64,94.9,,,85.8,79.8,16.85,,291.245
RSW,Copper,Cu,Copper,Cu,233.9,Bare,5264.59,,,447.6,116.0,,,97.8,36.2,5.67,,407.848
RSW,Aluminum,Al,Aluminum,Al,82.8,Carbon-coated,4747.98,,,1349.15,400.4,,,47.3,76.9,9.8,,1355.246
RSW,Nickel,Ni,Copper,Cu,214.5,Bare,1637.27,,,783.78,193.4,,,21.2,70.3,24.78,,191.69
RSW,Copper,Cu,StainlessSteel,SS304,188.7,Nickel-plated,3347.95,,,551.06,271.6,,,117.1,69.0,7.05,,509.834
RSW,Copper,Cu,Copper,Cu,241.9,Bare,4701.02,,,2353.59,90.5,,,114.7,41.1,10.7,,253.191
RSW,StainlessSteel,SS304,Nickel,Ni,225.4,Nickel-plated,3202.37,,,1456.96,306.6,,,15.7,55.0,20.58,,624.99
RSW,Aluminum,Al,Aluminum,Al,243.4,Oxide,3580.22,,,2188.16,403.5,,,47.1,52.1,4.18,,1023.207
RSW,Copper,Cu,Copper,Cu,195.2,Bare,2384.18,,,1624.16,112.6,,,10.0,66.5,19.03,,155.993
RSW,Copper,Cu,Copper,Cu,230.3,Anodized,3796.21,,,1542.69,474.1,,,30.1,79.1,6.61,,1202.703
RSW,StainlessSteel,SS304,Nickel,Ni,111.7,Bare,1245.25,,,487.32,183.4,,,-8.2,78.5,10.32,,144.161
RSW,Copper,Cu,Copper,Cu,200.4,Carbon-coated,2912.82,,,568.98,58.8,,,84.7,41.6,6.69,,96.91
RSW,StainlessSteel,SS304,Nickel,Ni,63.4,Carbon-coated,2650.17,,,2368.82,471.4,,,72.0,29.0,21.91,,820.72
RSW,Nickel,Ni,Copper,Cu,35.4,Nickel-plated,3059.69,,,1218.87,153.2,,,4.0,37.0,18.59,,272.421
RSW,Copper,Cu,Copper,Cu,57.0,Nickel-plated,2502.11,,,1267.94,127.5,,,33.3,66.6,7.59,,200.963
RSW,Copper,Cu,Copper,Cu,211.7,Carbon-coated,3074.31,,,2107.81,144.5,,,37.7,72.8,17.1,,282.667
RSW,Copper,Cu,Aluminum,Al,210.0,Oxide,5588.95,,,1832.74,468.6,,,10.7,16.6,14.01,,1622.349
RSW,Copper,Cu,StainlessSteel,SS304,213.6,Oxide,5996.99,,,1117.13,369.9,,,4.5,48.8,4.66,,1509.754
RSW,Aluminum,Al,Aluminum,Al,234.4,Bare,3647.31,,,726.59,185.6,,,95.6,30.5,9.32,,460.521
RSW,Copper,Cu,StainlessSteel,SS304,161.3,Bare,4045.44,,,1200.98,61.4,,,75.8,76.9,5.41,,148.17
RSW,StainlessSteel,SS304,Nickel,Ni,212.3,Bare,4792.01,,,1319.89,363.2,,,31.2,44.8,18.03,,1042.592
RSW,Copper,Cu,StainlessSteel,SS304,177.5,Nickel-plated,2298.48,,,1549.99,445.1,,,84.6,61.0,20.23,,597.646
RSW,StainlessSteel,SS304,Nickel,Ni,174.4,Tin-plated,5753.79,,,2425.61,420.9,,,-8.0,47.6,6.38,,1414.082
RSW,StainlessSteel,SS304,Nickel,Ni,119.3,Nickel-plated,6202.0,,,1355.85,186.7,,,20.1,11.9,14.9,,780.841
RSW,Copper,Cu,Aluminum,Al,146.8,Tin-plated,6450.95,,,1537.65,134.3,,,35.9,68.3,17.88,,519.123
RSW,StainlessSteel,SS304,Nickel,Ni,70.1,Carbon-coated,3284.27,,,1374.79,370.5,,,23.7,54.5,19.72,,849.132
RSW,Nickel,Ni,Copper,Cu,141.4,Bare,5334.36,,,1893.19,233.2,,,10.1,25.0,18.36,,886.993
RSW,Copper,Cu,Aluminum,Al,109.3,Carbon-coated,7444.3,,,1320.84,411.9,,,7.9,11.7,11.2,,1739.307
RSW,Nickel,Ni,Copper,Cu,41.6,Nickel-plated,4027.77,,,2012.98,264.5,,,105.1,58.6,9.38,,752.919
RSW,Copper,Cu,Copper,Cu,235.6,Bare,4240.37,,,2132.54,128.9,,,41.4,10.8,9.13,,348.411
RSW,StainlessSteel,SS304,Nickel,Ni,158.2,Bare,5500.91,,,1214.87,299.3,,,112.1,78.6,7.78,,996.74
RSW,StainlessSteel,SS304,Nickel,Ni,99.5,Tin-plated,4237.88,,,1303.57,350.4,,,27.9,10.8,24.68,,911.016
RSW,Nickel,Ni,Copper,Cu,49.6,Nickel-plated,5224.25,,,2472.65,232.4,,,75.6,65.7,6.5,,824.233
RSW,StainlessSteel,SS304,Nickel,Ni,191.2,Nickel-plated,1292.63,,,2231.51,295.5,,,71.4,41.0,7.13,,234.765
RSW,StainlessSteel,SS304,Nickel,Ni,212.2,Carbon-coated,3667.25,,,1227.42,122.7,,,106.3,28.9,24.56,,291.844
RSW,Copper,Cu,Copper,Cu,146.8,Carbon-coated,5663.48,,,1361.77,376.7,,,56.3,19.4,21.19,,1317.14
RSW,StainlessSteel,SS304,Nickel,Ni,214.0,Anodized,4508.79,,,595.81,170.3,,,88.2,29.1,10.97,,533.127
RSW,Copper,Cu,Copper,Cu,148.1,Bare,6213.03,,,700.05,127.0,,,51.3,13.6,15.51,,466.899
RSW,StainlessSteel,SS304,Nickel,Ni,235.6,Bare,4469.47,,,2344.97,368.8,,,34.7,55.0,15.65,,1119.615
RSW,Copper,Cu,Aluminum,Al,95.7,Bare,7911.86,,,1355.93,72.9,,,73.0,76.9,20.12,,362.614
RSW,Aluminum,Al,Aluminum,Al,140.1,Tin-plated,6916.37,,,1162.28,229.4,,,43.9,10.6,24.39,,1099.115
RSW,Copper,Cu,Copper,Cu,226.4,Bare,5785.78,,,2259.77,397.8,,,70.9,35.8,9.86,,1481.637
RSW,Nickel,Ni,Copper,Cu,155.7,Nickel-plated,3859.86,,,1059.02,319.9,,,116.1,36.7,18.07,,722.79
RSW,Copper,Cu,Copper,Cu,72.9,Bare,1361.45,,,542.77,376.7,,,95.9,31.6,6.47,,360.766
RSW,StainlessSteel,SS304,Nickel,Ni,210.0,Oxide,1074.48,,,1933.45,158.9,,,-6.2,40.4,14.95,,113.799
RSW,Nickel,Ni,Copper,Cu,185.1,Carbon-coated,4998.34,,,1423.3,372.7,,,29.3,64.6,22.49,,1123.002
RSW,Nickel,Ni,Copper,Cu,92.0,Bare,7544.46,,,701.34,426.6,,,58.6,75.4,15.34,,2201.762
RSW,Nickel,Ni,Copper,Cu,76.5,Bare,6113.39,,,571.43,370.6,,,13.8,61.3,12.06,,1273.955
RSW,Nickel,Ni,Copper,Cu,179.8,Nickel-plated,7672.79,,,2352.89,321.6,,,-5.1,79.1,4.14,,1655.983
RSW,StainlessSteel,SS304,Nickel,Ni,194.7,Oxide,5818.89,,,656.44,277.9,,,19.7,62.8,4.99,,979.869
RSW,StainlessSteel,SS304,Nickel,Ni,122.3,Tin-plated,7551.37,,,2439.68,228.9,,,-4.2,55.1,20.97,,1211.248
RSW,StainlessSteel,SS304,Nickel,Ni,146.6,Nickel-plated,4556.05,,,1171.47,485.7,,,20.9,19.7,23.17,,1430.378
RSW,StainlessSteel,SS304,Nickel,Ni,224.4,Nickel-plated,6473.35,,,869.3,61.3,,,1.6,70.4,7.99,,227.328
RSW,StainlessSteel,SS304,Nickel,Ni,50.0,Nickel-plated,5082.5,,,1566.29,280.1,,,60.9,52.5,6.62,,931.249
RSW,Nickel,Ni,Copper,Cu,219.2,Bare,1249.86,,,523.12,288.6,,,28.3,70.3,10.86,,233.525
RSW,Copper,Cu,StainlessSteel,SS304,175.3,Oxide,2095.74,,,473.66,455.8,,,10.6,62.0,24.19,,594.526
RSW,Copper,Cu,Copper,Cu,244.8,Nickel-plated,2961.51,,,336.78,361.4,,,97.5,19.9,24.53,,605.618
RSW,Copper,Cu,Copper,Cu,140.3,Bare,6751.17,,,342.29,158.3,,,17.7,37.9,5.4,,657.889
RSW,Nickel,Ni,Copper,Cu,118.8,Anodized,7261.3,,,1369.95,254.4,,,72.0,34.4,15.31,,1163.263
RSW,Copper,Cu,StainlessSteel,SS304,218.9,Oxide,6455.57,,,940.38,320.3,,,67.9,13.5,11.84,,1386.569
RSW,StainlessSteel,SS304,Nickel,Ni,236.1,Tin-plated,2118.09,,,629.56,82.9,,,56.2,71.6,15.22,,97.891
RSW,Nickel,Ni,Copper,Cu,57.0,Nickel-plated,2389.54,,,1830.98,169.9,,,114.3,26.5,12.16,,289.687
RSW,Copper,Cu,Aluminum,Al,154.0,Bare,6433.28,,,1477.71,297.0,,,31.0,11.3,6.13,,1155.151
RSW,StainlessSteel,SS304,Nickel,Ni,44.5,Bare,4273.5,,,1342.09,92.8,,,76.2,23.0,7.33,,273.814
RSW,Nickel,Ni,Copper,Cu,43.5,Nickel-plated,5090.59,,,1813.42,213.0,,,5.1,17.2,6.49,,622.225
RSW,Copper,Cu,StainlessSteel,SS304,197.3,Tin-plated,6720.53,,,1912.26,139.5,,,85.7,40.3,10.73,,574.847
RSW,Copper,Cu,StainlessSteel,SS304,56.7,Anodized,4082.9,,,1173.59,131.7,,,85.8,76.0,14.07,,306.919
RSW,Copper,Cu,Copper,Cu,73.6,Nickel-plated,3797.78,,,464.04,286.7,,,57.0,45.2,7.96,,651.975
RSW,Nickel,Ni,Copper,Cu,159.8,Tin-plated,4243.38,,,1002.39,183.1,,,-4.3,54.9,24.86,,451.515
RSW,StainlessSteel,SS304,Nickel,Ni,78.8,Nickel-plated,4510.76,,,1296.29,174.3,,,76.3,43.2,23.07,,498.6
RSW,StainlessSteel,SS304,Nickel,Ni,168.9,Bare,1183.87,,,2372.9,111.5,,,21.5,12.2,10.39,,77.67
RSW,Aluminum,Al,Aluminum,Al,42.8,Tin-plated,7275.7,,,815.83,411.1,,,97.5,57.4,13.5,,2071.316
RSW,Copper,Cu,Copper,Cu,209.0,Nickel-plated,1086.65,,,1373.58,76.3,,,9.9,31.2,18.31,,52.99
RSW,Copper,Cu,Aluminum,Al,34.0,Nickel-plated,2252.26,,,420.68,232.7,,,36.9,70.7,21.87,,349.853
RSW,Copper,Cu,Copper,Cu,221.9,Bare,2427.97,,,2192.91,390.5,,,42.4,44.9,14.65,,670.194
RSW,Aluminum,Al,Aluminum,Al,225.8,Bare,2488.36,,,748.64,162.6,,,3.2,72.2,10.93,,255.394
RSW,Copper,Cu,Copper,Cu,44.9,Oxide,2056.86,,,535.47,113.6,,,18.2,42.7,17.49,,138.458
RSW,Copper,Cu,Copper,Cu,72.0,Bare,5266.02,,,2017.67,116.2,,,58.6,40.7,20.06,,419.567
RSW,Copper,Cu,StainlessSteel,SS304,186.8,Nickel-plated,5035.92,,,725.27,478.3,,,93.9,53.0,13.68,,1378.172
RSW,Nickel,Ni,Copper,Cu,86.3,Oxide,5373.44,,,1188.75,340.5,,,37.7,31.5,11.36,,1268.551
RSW,Copper,Cu,Copper,Cu,158.2,Tin-plated,1717.68,,,1218.29,92.5,,,61.0,25.6,8.16,,97.451
RSW,Copper,Cu,StainlessSteel,SS304,49.6,Bare,4444.46,,,2477.95,71.2,,,43.3,53.6,23.05,,208.353
RSW,Aluminum,Al,Aluminum,Al,177.6,Oxide,7050.92,,,2408.69,291.1,,,-2.3,64.9,9.72,,1331.241
RSW,Nickel,Ni,Copper,Cu,173.5,Tin-plated,6986.76,,,1178.34,429.6,,,117.6,27.4,21.62,,2002.931
RSW,Copper,Cu,Copper,Cu,165.1,Carbon-coated,7149.79,,,2125.56,237.3,,,99.7,61.5,6.28,,1231.34
RSW,Copper,Cu,StainlessSteel,SS304,50.3,Tin-plated,5597.5,,,1706.9,444.6,,,20.6,57.9,6.25,,1488.269
RSW,Copper,Cu,Copper,Cu,121.7,Nickel-plated,4345.86,,,1545.0,104.6,,,55.6,22.5,15.04,,305.518
RSW,Copper,Cu,StainlessSteel,SS304,207.4,Nickel-plated,1152.85,,,684.59,185.2,,,40.5,55.5,21.76,,140.231
RSW,StainlessSteel,SS304,Nickel,Ni,30.2,Nickel-plated,3516.71,,,1466.56,240.2,,,36.8,13.3,5.91,,564.231
RSW,Copper,Cu,Aluminum,Al,66.9,Carbon-coated,6045.71,,,1080.16,262.9,,,109.3,74.5,18.26,,1042.036
RSW,Copper,Cu,Aluminum,Al,169.0,Bare,2963.88,,,1025.16,335.6,,,68.1,13.0,13.51,,698.244
RSW,Nickel,Ni,Copper,Cu,232.0,Nickel-plated,1420.76,,,2187.44,50.9,,,17.8,12.9,16.6,,50.481
RSW,Aluminum,Al,Aluminum,Al,211.7,Bare,5299.37,,,1577.11,395.0,,,101.2,10.8,10.95,,1290.207
RSW,Copper,Cu,Aluminum,Al,172.7,Anodized,4633.92,,,606.5,324.5,,,17.9,21.2,9.73,,982.723
RSW,Copper,Cu,StainlessSteel,SS304,91.9,Bare,6174.32,,,2237.84,461.1,,,-8.3,63.1,23.42,,2057.24
RSW,Copper,Cu,Copper,Cu,208.4,Anodized,4163.62,,,712.62,466.0,,,-1.8,36.1,13.24,,1265.4
RSW,StainlessSteel,SS304,Nickel,Ni,100.1,Bare,1652.72,,,368.87,147.0,,,96.0,29.0,9.71,,148.602
RSW,StainlessSteel,SS304,Nickel,Ni,166.8,Anodized,5662.45,,,1985.81,394.7,,,106.9,78.6,18.44,,1365.173
RSW,Nickel,Ni,Copper,Cu,77.4,Tin-plated,4494.91,,,650.29,162.3,,,38.4,53.9,7.51,,505.681
RSW,Nickel,Ni,Copper,Cu,53.0,Nickel-plated,6275.07,,,1130.96,378.5,,,91.5,42.0,14.0,,1394.477
RSW,Copper,Cu,Copper,Cu,236.2,Carbon-coated,5262.89,,,1152.62,101.5,,,92.4,24.1,20.69,,315.198
RSW,Aluminum,Al,Aluminum,Al,57.2,Oxide,1337.25,,,1700.69,358.1,,,53.4,35.2,15.1,,305.632
RSW,Nickel,Ni,Copper,Cu,90.2,Bare,2030.38,,,1273.05,160.5,,,100.7,42.8,7.67,,184.133
RSW,Nickel,Ni,Copper,Cu,59.8,Bare,3010.55,,,1187.31,325.5,,,116.1,18.2,6.01,,658.415
RSW,Nickel,Ni,Copper,Cu,182.6,Nickel-plated,1595.95,,,1893.11,180.6,,,98.6,11.1,12.71,,170.031
RSW,Copper,Cu,Copper,Cu,200.4,Bare,5245.71,,,643.41,413.7,,,94.4,31.5,22.39,,1322.278
RSW,Nickel,Ni,Copper,Cu,202.7,Nickel-plated,5149.68,,,479.96,141.7,,,0.3,67.3,13.61,,472.561
RSW,Copper,Cu,Copper,Cu,180.8,Oxide,6461.63,,,2173.44,327.4,,,55.5,37.8,7.9,,1279.749
RSW,Copper,Cu,Copper,Cu,45.7,Carbon-coated,5202.3,,,1371.38,71.2,,,51.5,72.0,6.69,,212.445
RSW,Nickel,Ni,Copper,Cu,73.8,Bare,2411.43,,,1907.29,492.0,,,67.7,37.2,23.38,,681.604
RSW,StainlessSteel,SS304,Nickel,Ni,188.1,Carbon-coated,2653.65,,,463.78,200.5,,,-6.2,76.8,12.05,,320.233
RSW,Copper,Cu,Aluminum,Al,156.5,Oxide,2144.18,,,1615.32,103.0,,,11.5,22.8,12.85,,136.409
RSW,Copper,Cu,Copper,Cu,210.3,Bare,4226.65,,,689.63,285.5,,,101.4,10.4,11.59,,831.674
RSW,Copper,Cu,StainlessSteel,SS304,194.7,Bare,7053.8,,,1921.39,426.3,,,11.5,40.9,19.47,,2093.425
RSW,Copper,Cu,StainlessSteel,SS304,139.5,Carbon-coated,2726.04,,,2341.87,119.0,,,9.5,55.1,5.68,,233.621
RSW,Nickel,Ni,Copper,Cu,47.1,Anodized,3838.34,,,417.36,157.9,,,71.1,26.1,10.91,,383.47
RSW,StainlessSteel,SS304,Nickel,Ni,98.9,Nickel-plated,6168.29,,,836.44,208.3,,,-5.0,68.9,17.89,,799.488
RSW,Nickel,Ni,Copper,Cu,119.9,Bare,3628.18,,,1521.54,145.1,,,114.2,34.8,23.7,,319.412
RSW,StainlessSteel,SS304,Nickel,Ni,208.2,Anodized,6818.75,,,1918.75,124.4,,,28.6,22.7,14.87,,606.772
RSW,Copper,Cu,Aluminum,Al,96.4,Bare,1553.49,,,901.39,436.0,,,80.7,70.6,18.46,,461.617
RSW,StainlessSteel,SS304,Nickel,Ni,123.9,Nickel-plated,2916.14,,,469.13,370.6,,,19.6,68.7,11.59,,661.219
RSW,Nickel,Ni,Copper,Cu,71.4,Nickel-plated,1455.96,,,2063.53,53.6,,,82.8,72.5,8.7,,45.126
RSW,StainlessSteel,SS304,Nickel,Ni,114.2,Bare,2278.41,,,664.01,288.1,,,112.2,61.1,4.55,,461.527
RSW,Copper,Cu,Copper,Cu,183.0,Nickel-plated,1953.4,,,483.77,133.5,,,116.6,37.5,22.77,,164.553
RSW,Nickel,Ni,Copper,Cu,46.9,Carbon-coated,7160.02,,,2110.72,257.7,,,-9.7,55.9,18.29,,1085.332
RSW,Nickel,Ni,Copper,Cu,231.1,Oxide,2893.44,,,1205.41,73.5,,,61.2,50.1,20.17,,149.323
RSW,StainlessSteel,SS304,Nickel,Ni,35.1,Bare,5177.48,,,1110.32,366.6,,,75.5,50.6,9.46,,1201.016
RSW,Copper,Cu,Copper,Cu,36.3,Bare,4782.09,,,1783.47,330.0,,,38.6,60.2,12.34,,1057.891
RSW,StainlessSteel,SS304,Nickel,Ni,151.4,Carbon-coated,6321.02,,,2199.26,348.1,,,100.3,33.6,6.86,,1286.115
RSW,StainlessSteel,SS304,Nickel,Ni,100.2,Oxide,5231.62,,,1607.42,486.9,,,34.0,44.3,14.65,,1535.395
RSW,StainlessSteel,SS304,Nickel,Ni,60.6,Bare,1757.23,,,1353.76,109.7,,,98.9,76.2,10.19,,127.61
RSW,Nickel,Ni,Copper,Cu,89.2,Carbon-coated,7494.67,,,1317.76,106.9,,,84.5,71.6,8.77,,505.842
RSW,Nickel,Ni,Copper,Cu,201.7,Oxide,4546.03,,,1743.96,209.6,,,40.9,35.5,24.88,,671.502
RSW,StainlessSteel,SS304,Nickel,Ni,205.1,Oxide,7832.64,,,1979.18,192.5,,,100.9,61.7,20.52,,970.837
RSW,Nickel,Ni,Copper,Cu,243.0,Carbon-coated,7394.83,,,451.03,380.7,,,4.4,55.8,11.69,,1675.111
RSW,StainlessSteel,SS304,Nickel,Ni,191.4,Oxide,1500.68,,,1675.31,419.8,,,-9.3,72.8,11.97,,426.905
RSW,Copper,Cu,StainlessSteel,SS304,111.5,Nickel-plated,6982.09,,,1674.7,145.9,,,119.0,76.4,11.73,,590.116
RSW,Copper,Cu,Aluminum,Al,195.0,Nickel-plated,3340.44,,,2145.82,87.9,,,54.1,74.0,8.89,,201.123
RSW,Nickel,Ni,Copper,Cu,85.6,Bare,4854.31,,,547.51,252.3,,,-2.3,37.7,8.7,,823.364
RSW,Copper,Cu,Copper,Cu,182.8,Nickel-plated,1567.88,,,2091.27,465.4,,,70.2,71.3,23.01,,470.936
RSW,Nickel,Ni,Copper,Cu,191.3,Tin-plated,2735.69,,,2340.41,205.2,,,28.8,40.3,7.24,,329.986
RSW,Copper,Cu,StainlessSteel,SS304,188.2,Bare,7070.58,,,2060.87,379.4,,,72.4,24.5,13.79,,1852.91
RSW,Nickel,Ni,Copper,Cu,37.7,Bare,4910.61,,,1744.67,96.8,,,7.4,44.5,22.24,,292.895
RSW,Nickel,Ni,Copper,Cu,222.2,Nickel-plated,1325.5,,,1321.98,449.4,,,107.4,46.7,15.35,,418.365
RSW,Aluminum,Al,Aluminum,Al,122.3,Nickel-plated,5186.82,,,621.55,303.3,,,87.8,18.1,19.06,,889.575
RSW,Nickel,Ni,Copper,Cu,42.5,Nickel-plated,3526.18,,,2102.01,317.1,,,32.7,25.0,17.96,,708.667
RSW,Copper,Cu,Aluminum,Al,128.1,Bare,1654.9,,,2095.79,306.7,,,84.9,62.4,23.26,,343.383
RSW,Copper,Cu,StainlessSteel,SS304,222.0,Tin-plated,2558.64,,,1958.39,284.9,,,13.0,60.8,17.63,,529.472
RSW,StainlessSteel,SS304,Nickel,Ni,158.4,Oxide,1986.46,,,891.61,443.8,,,13.2,60.9,9.15,,495.711
RSW,Copper,Cu,StainlessSteel,SS304,93.3,Nickel-plated,5564.98,,,1517.36,484.1,,,100.8,31.4,15.3,,1858.124
RSW,Nickel,Ni,Copper,Cu,225.2,Bare,7366.45,,,874.62,277.8,,,91.7,37.3,8.04,,1172.259
RSW,Copper,Cu,Aluminum,Al,90.3,Carbon-coated,5804.45,,,2493.16,467.4,,,57.8,64.3,8.48,,1883.716
RSW,Nickel,Ni,Copper,Cu,30.8,Nickel-plated,7648.12,,,671.78,75.5,,,103.7,14.3,4.44,,323.462
RSW,Copper,Cu,Copper,Cu,86.8,Nickel-plated,7960.55,,,850.63,239.5,,,92.6,45.1,9.25,,1311.907
RSW,Copper,Cu,Aluminum,Al,124.5,Nickel-plated,1173.34,,,1298.18,452.2,,,54.9,57.8,7.65,,327.256
RSW,StainlessSteel,SS304,Nickel,Ni,91.2,Nickel-plated,1558.94,,,1418.84,334.2,,,72.4,17.0,5.05,,355.69
RSW,Nickel,Ni,Copper,Cu,247.9,Tin-plated,4077.06,,,969.78,118.9,,,-5.9,52.1,13.64,,288.348
RSW,Nickel,Ni,Copper,Cu,67.3,Nickel-plated,1248.14,,,1059.57,145.7,,,97.7,54.2,23.07,,103.315
RSW,Copper,Cu,Copper,Cu,42.4,Bare,7289.56,,,1970.36,346.8,,,75.5,26.4,20.12,,1674.143
RSW,StainlessSteel,SS304,Nickel,Ni,202.8,Nickel-plated,4048.42,,,1745.0,390.1,,,-9.4,10.1,21.72,,1139.645
RSW,StainlessSteel,SS304,Nickel,Ni,222.3,Nickel-plated,5879.97,,,763.3,121.4,,,46.3,72.7,14.65,,412.053
RSW,StainlessSteel,SS304,Nickel,Ni,156.1,Bare,5993.79,,,1767.52,248.7,,,89.9,27.4,21.98,,1071.623
RSW,Copper,Cu,Copper,Cu,98.6,Tin-plated,1662.16,,,1690.63,136.0,,,37.8,42.5,23.07,,159.953
RSW,Copper,Cu,Copper,Cu,189.8,Nickel-plated,3715.35,,,2153.37,67.8,,,77.3,14.6,13.16,,179.264
RSW,Nickel,Ni,Copper,Cu,170.4,Nickel-plated,7852.31,,,983.73,162.7,,,111.6,77.8,17.78,,769.206
RSW,Copper,Cu,Aluminum,Al,61.4,Tin-plated,6887.91,,,1938.19,248.3,,,24.5,34.5,20.28,,1142.575
RSW,Copper,Cu,StainlessSteel,SS304,153.2,Nickel-plated,6625.93,,,1163.91,445.9,,,40.9,25.9,6.97,,2019.636
RSW,Copper,Cu,Copper,Cu,87.8,Bare,2457.15,,,2227.78,398.9,,,29.3,62.5,7.19,,699.017
RSW,Copper,Cu,Aluminum,Al,157.7,Tin-plated,7946.41,,,2166.15,426.3,,,112.7,45.1,4.76,,1966.339
RSW,Nickel,Ni,Copper,Cu,130.5,Bare,4258.96,,,1883.06,193.9,,,29.8,73.7,13.62,,591.057
RSW,StainlessSteel,SS304,Nickel,Ni,218.8,Bare,5118.93,,,1975.88,483.6,,,13.1,54.2,12.45,,1416.344
RSW,Nickel,Ni,Copper,Cu,85.1,Bare,4348.23,,,2357.11,391.9,,,110.3,23.5,9.94,,1246.314
RSW,Copper,Cu,StainlessSteel,SS304,128.7,Oxide,5030.62,,,1257.71,253.0,,,62.1,27.9,9.59,,840.404
RSW,StainlessSteel,SS304,Nickel,Ni,150.3,Bare,6956.88,,,1349.03,376.7,,,58.3,68.0,21.63,,1682.668
RSW,Nickel,Ni,Copper,Cu,201.0,Nickel-plated,4749.77,,,2196.69,428.1,,,1.6,13.2,15.4,,1416.287
RSW,StainlessSteel,SS304,Nickel,Ni,226.3,Oxide,4413.72,,,1196.89,477.4,,,97.3,72.3,17.88,,1403.175
RSW,StainlessSteel,SS304,Nickel,Ni,125.2,Bare,6128.3,,,764.99,483.1,,,-0.5,61.2,6.32,,1781.473
RSW,Aluminum,Al,Aluminum,Al,92.4,Tin-plated,1398.76,,,366.9,215.1,,,11.1,34.8,4.61,,173.915
RSW,Nickel,Ni,Copper,Cu,190.1,Bare,1182.65,,,2381.13,431.3,,,-2.1,17.4,13.43,,306.716
RSW,StainlessSteel,SS304,Nickel,Ni,30.5,Oxide,2478.34,,,2460.8,157.9,,,90.9,74.8,7.3,,273.543
RSW,Copper,Cu,Aluminum,Al,71.8,Nickel-plated,1681.05,,,486.93,498.1,,,63.8,13.0,15.37,,523.132
RSW,Nickel,Ni,Copper,Cu,173.3,Bare,3575.17,,,770.69,78.8,,,50.5,71.2,10.96,,185.465
RSW,Nickel,Ni,Copper,Cu,231.8,Tin-plated,1586.45,,,2207.19,96.2,,,22.9,30.1,15.4,,88.688
RSW,Nickel,Ni,Copper,Cu,161.8,Nickel-plated,3863.85,,,1701.2,256.9,,,58.8,39.4,22.59,,715.973
RSW,Copper,Cu,Aluminum,Al,63.9,Bare,2719.83,,,2056.66,226.8,,,91.6,16.3,11.1,,408.005
RSW,StainlessSteel,SS304,Nickel,Ni,88.6,Bare,1141.64,,,2073.78,443.8,,,77.3,48.5,23.67,,349.745
RSW,Aluminum,Al,Aluminum,Al,95.0,Oxide,3053.48,,,1606.61,320.2,,,116.6,22.3,21.59,,567.81
RSW,StainlessSteel,SS304,Nickel,Ni,69.1,Tin-plated,2149.39,,,465.06,312.1,,,82.5,59.4,13.54,,456.655
RSW,Copper,Cu,Copper,Cu,249.5,Nickel-plated,3139.69,,,476.74,120.0,,,8.7,20.7,21.42,,229.959
RSW,Copper,Cu,Aluminum,Al,237.8,Bare,4361.94,,,827.01,376.3,,,76.0,17.2,4.55,,1115.054
RSW,Copper,Cu,StainlessSteel,SS304,204.9,Bare,7678.62,,,1407.01,466.4,,,37.6,21.5,11.7,,2303.747
RSW,Nickel,Ni,Copper,Cu,107.4,Nickel-plated,1035.24,,,1110.4,109.9,,,26.6,37.7,11.74,,74.335
RSW,Copper,Cu,StainlessSteel,SS304,160.7,Bare,5527.19,,,803.36,75.0,,,98.8,20.8,20.86,,260.676
RSW,StainlessSteel,SS304,Nickel,Ni,81.0,Tin-plated,2372.12,,,2124.47,147.3,,,11.0,13.4,17.11,,251.264
RSW,Copper,Cu,Aluminum,Al,78.5,Bare,2044.72,,,1529.37,224.6,,,23.7,74.6,11.83,,267.742
RSW,StainlessSteel,SS304,Nickel,Ni,138.0,Bare,4551.85,,,1624.58,221.1,,,42.6,53.7,15.87,,582.748
RSW,StainlessSteel,SS304,Nickel,Ni,125.7,Bare,4117.26,,,951.0,273.6,,,97.4,67.7,6.6,,740.471
RSW,StainlessSteel,SS304,Nickel,Ni,73.7,Nickel-plated,2932.86,,,648.44,344.8,,,30.8,33.8,24.99,,708.423
RSW,Aluminum,Al,Aluminum,Al,111.6,Bare,3781.26,,,1244.93,321.4,,,52.3,34.5,6.16,,844.123
RSW,Copper,Cu,Copper,Cu,125.6,Bare,7018.27,,,623.73,335.7,,,63.7,23.9,13.65,,1341.561
RSW,Copper,Cu,Aluminum,Al,148.9,Tin-plated,2625.57,,,2073.43,82.2,,,17.4,66.9,21.64,,134.317
RSW,Aluminum,Al,Aluminum,Al,132.5,Nickel-plated,7581.37,,,1713.02,61.2,,,45.8,13.3,23.38,,313.881
RSW,Aluminum,Al,Aluminum,Al,162.0,Nickel-plated,3165.69,,,1042.5,491.0,,,57.3,31.8,13.64,,934.672
RSW,Nickel,Ni,Copper,Cu,92.2,Carbon-coated,4329.19,,,1859.59,209.8,,,20.6,74.9,24.7,,617.153
RSW,Copper,Cu,Copper,Cu,122.4,Bare,6869.93,,,1929.86,204.5,,,55.0,49.4,20.17,,875.886
RSW,Nickel,Ni,Copper,Cu,73.7,Carbon-coated,6704.63,,,2330.79,261.3,,,-0.4,31.1,18.84,,1157.896
RSW,Nickel,Ni,Copper,Cu,170.0,Nickel-plated,2618.66,,,1981.5,309.3,,,-0.3,19.1,15.38,,490.011
RSW,Aluminum,Al,Aluminum,Al,74.0,Bare,5139.89,,,1905.2,336.2,,,21.6,73.8,18.16,,1162.219
RSW,Nickel,Ni,Copper,Cu,93.7,Bare,5358.73,,,605.46,429.3,,,113.5,30.0,16.89,,1422.696
RSW,Copper,Cu,StainlessSteel,SS304,182.7,Nickel-plated,2253.14,,,2341.31,191.5,,,25.0,62.9,14.41,,284.263
RSW,StainlessSteel,SS304,Nickel,Ni,143.2,Tin-plated,3390.96,,,1876.13,294.0,,,32.4,41.9,7.73,,685.355
RSW,Nickel,Ni,Copper,Cu,202.3,Nickel-plated,7392.62,,,1015.63,253.8,,,25.4,50.5,11.38,,1241.563
RSW,Aluminum,Al,Aluminum,Al,121.6,Nickel-plated,6482.63,,,2082.66,433.6,,,66.3,59.8,23.49,,1934.6
RSW,Copper,Cu,StainlessSteel,SS304,242.3,Bare,4893.87,,,2063.75,311.9,,,46.6,52.6,14.2,,947.287
RSW,StainlessSteel,SS304,Nickel,Ni,161.6,Bare,4259.76,,,1040.17,493.4,,,108.3,24.1,16.03,,1489.385
RSW,Nickel,Ni,Copper,Cu,92.4,Bare,6312.59,,,1229.9,54.6,,,62.7,23.3,18.88,,205.271
RSW,StainlessSteel,SS304,Nickel,Ni,41.4,Bare,1284.53,,,608.61,91.5,,,98.2,54.6,5.34,,75.191
RSW,Copper,Cu,StainlessSteel,SS304,47.5,Anodized,3948.52,,,602.19,244.2,,,97.4,69.4,18.82,,629.106
RSW,Aluminum,Al,Aluminum,Al,195.6,Nickel-plated,4924.33,,,846.2,107.7,,,99.6,70.8,19.02,,368.77
RSW,Copper,Cu,Copper,Cu,189.4,Tin-plated,2629.28,,,1428.29,473.0,,,4.7,76.1,13.45,,718.877
RSW,Copper,Cu,StainlessSteel,SS304,151.1,Bare,4327.02,,,2472.46,411.1,,,21.2,78.9,13.16,,1152.787
RSW,Copper,Cu,Copper,Cu,183.4,Nickel-plated,4630.61,,,318.97,449.8,,,85.8,37.7,15.82,,1359.405
RSW,StainlessSteel,SS304,Nickel,Ni,136.6,Tin-plated,5425.35,,,1436.59,397.5,,,118.0,73.8,7.78,,1413.847
RSW,Copper,Cu,StainlessSteel,SS304,232.1,Tin-plated,4547.87,,,1548.2,332.6,,,113.7,68.7,4.09,,869.508
RSW,Copper,Cu,Aluminum,Al,247.9,Oxide,3500.5,,,1458.6,147.8,,,67.4,14.8,20.03,,369.513
RSW,Copper,Cu,Copper,Cu,181.5,Bare,1104.9,,,699.35,96.4,,,30.7,38.5,7.15,,60.765
RSW,Nickel,Ni,Copper,Cu,68.5,Anodized,3892.85,,,2043.49,418.6,,,78.3,54.9,16.92,,956.205
RSW,Copper,Cu,Aluminum,Al,55.5,Bare,4064.11,,,2072.21,158.3,,,43.0,73.0,15.7,,441.695
RSW,Nickel,Ni,Copper,Cu,240.5,Bare,6779.12,,,1414.16,260.4,,,100.3,75.3,15.55,,1192.047
RSW,Copper,Cu,StainlessSteel,SS304,158.9,Carbon-coated,5321.16,,,570.07,308.1,,,43.8,40.2,16.41,,1046.708
RSW,Copper,Cu,Copper,Cu,201.7,Bare,5219.44,,,1382.97,488.6,,,57.8,76.7,20.59,,1468.786
RSW,Copper,Cu,Copper,Cu,130.6,Bare,1319.82,,,343.15,51.8,,,87.8,49.0,11.54,,44.866
RSW,Nickel,Ni,Copper,Cu,158.4,Tin-plated,2751.31,,,1056.09,384.8,,,84.6,33.3,19.33,,678.367
RSW,StainlessSteel,SS304,Nickel,Ni,148.9,Tin-plated,5353.81,,,1336.91,132.1,,,1.8,68.6,4.57,,401.81
RSW,StainlessSteel,SS304,Nickel,Ni,244.5,Nickel-plated,4544.53,,,2013.46,421.7,,,87.0,14.4,22.11,,1127.674
RSW,Copper,Cu,Copper,Cu,152.5,Tin-plated,7692.57,,,2238.9,285.5,,,27.9,67.4,23.87,,1263.24
RSW,Copper,Cu,Copper,Cu,177.1,Nickel-plated,1318.35,,,1273.73,184.3,,,77.8,46.4,4.78,,149.616
RSW,Nickel,Ni,Copper,Cu,53.6,Nickel-plated,6480.04,,,1506.71,182.1,,,48.9,73.0,13.59,,690.118
RSW,Copper,Cu,StainlessSteel,SS304,187.7,Bare,1530.14,,,501.39,176.1,,,84.1,71.0,16.03,,188.328
RSW,Nickel,Ni,Copper,Cu,155.3,Bare,6911.63,,,2329.49,452.7,,,19.4,45.3,10.93,,1838.585
RSW,Copper,Cu,Aluminum,Al,143.3,Anodized,3032.21,,,1609.34,94.0,,,27.1,14.0,13.23,,161.696
RSW,StainlessSteel,SS304,Nickel,Ni,120.5,Nickel-plated,1228.83,,,1298.29,283.5,,,12.5,72.9,14.47,,219.294
RSW,StainlessSteel,SS304,Nickel,Ni,229.9,Bare,7068.87,,,1180.25,322.8,,,10.0,32.8,20.92,,1517.103
RSW,Copper,Cu,Copper,Cu,112.1,Bare,3001.19,,,328.76,298.1,,,90.7,27.6,17.39,,525.891
RSW,Copper,Cu,Copper,Cu,214.7,Bare,5552.94,,,2054.5,188.6,,,112.3,15.2,4.86,,615.493
RSW,Nickel,Ni,Copper,Cu,92.4,Oxide,7406.02,,,2168.6,202.1,,,24.0,47.7,14.99,,974.445
RSW,StainlessSteel,SS304,Nickel,Ni,37.1,Nickel-plated,6921.46,,,2257.24,155.8,,,40.1,78.2,11.71,,711.592
RSW,Copper,Cu,Copper,Cu,119.1,Tin-plated,4213.92,,,1587.33,109.2,,,62.3,18.8,20.41,,269.854
RSW,StainlessSteel,SS304,Nickel,Ni,195.9,Nickel-plated,3552.14,,,1979.89,294.2,,,66.4,24.8,7.94,,733.617
RSW,StainlessSteel,SS304,Nickel,Ni,219.8,Carbon-coated,1026.53,,,808.92,403.3,,,19.1,49.8,15.25,,252.904
RSW,Nickel,Ni,Copper,Cu,170.6,Oxide,7060.3,,,2063.7,423.1,,,45.7,62.1,9.37,,2119.511
RSW,StainlessSteel,SS304,Nickel,Ni,49.7,Carbon-coated,4713.58,,,1367.62,449.8,,,77.0,40.1,7.83,,1272.877
RSW,StainlessSteel,SS304,Nickel,Ni,86.2,Tin-plated,6287.98,,,979.66,419.5,,,35.4,79.4,13.27,,1606.838
RSW,Nickel,Ni,Copper,Cu,167.3,Bare,4779.27,,,1051.91,50.3,,,-2.0,16.0,24.87,,159.885
RSW,StainlessSteel,SS304,Nickel,Ni,205.6,Bare,7584.67,,,1454.75,267.3,,,37.2,44.7,12.11,,1326.991
RSW,Copper,Cu,Copper,Cu,245.7,Anodized,2263.19,,,418.75,239.2,,,-4.6,23.7,21.36,,328.312
RSW,Nickel,Ni,Copper,Cu,165.3,Bare,5810.16,,,1328.78,136.3,,,102.4,48.0,15.08,,467.63
RSW,StainlessSteel,SS304,Nickel,Ni,132.6,Tin-plated,2488.98,,,1101.28,417.7,,,-4.3,65.0,15.01,,689.467
RSW,Nickel,Ni,Copper,Cu,197.2,Carbon-coated,4955.14,,,424.82,209.2,,,52.7,34.9,10.65,,661.933
RSW,StainlessSteel,SS304,Nickel,Ni,245.5,Nickel-plated,2549.51,,,920.11,200.4,,,94.2,10.6,5.3,,338.263
RSW,Copper,Cu,Copper,Cu,241.5,Carbon-coated,6644.32,,,684.08,253.7,,,65.6,66.4,23.69,,1099.221
RSW,Nickel,Ni,Copper,Cu,119.5,Carbon-coated,7774.41,,,1192.05,482.9,,,110.4,12.3,4.73,,2331.273
RSW,Copper,Cu,Aluminum,Al,53.7,Bare,3849.65,,,1084.22,81.7,,,5.8,59.4,5.63,,195.07
RSW,Copper,Cu,StainlessSteel,SS304,80.7,Tin-plated,7891.56,,,1545.38,68.5,,,39.6,47.4,12.6,,330.951
RSW,StainlessSteel,SS304,Nickel,Ni,91.0,Bare,6695.43,,,1378.33,406.3,,,103.1,30.8,16.01,,1909.932
RSW,Nickel,Ni,Copper,Cu,79.9,Bare,3836.54,,,1578.86,92.3,,,109.7,41.0,8.73,,241.759
RSW,Nickel,Ni,Copper,Cu,112.3,Carbon-coated,6291.19,,,511.97,111.7,,,9.7,38.7,16.5,,397.075
RSW,StainlessSteel,SS304,Nickel,Ni,217.4,Oxide,4064.51,,,851.79,171.5,,,16.7,52.9,11.99,,443.234
RSW,Nickel,Ni,Copper,Cu,80.9,Oxide,3941.82,,,2400.09,364.3,,,75.1,45.8,15.39,,1037.257
RSW,StainlessSteel,SS304,Nickel,Ni,37.3,Oxide,4185.13,,,2188.0,426.4,,,112.2,67.3,6.75,,1191.063
RSW,StainlessSteel,SS304,Nickel,Ni,221.5,Bare,6123.39,,,1126.75,445.4,,,2.8,51.6,9.03,,1877.654
RSW,Nickel,Ni,Copper,Cu,118.6,Tin-plated,6519.94,,,1289.6,82.5,,,97.1,44.1,16.33,,334.098
RSW,Copper,Cu,StainlessSteel,SS304,136.6,Bare,3803.85,,,1287.23,341.0,,,42.4,30.4,7.72,,804.229
RSW,Copper,Cu,Copper,Cu,105.4,Bare,5435.9,,,634.37,437.8,,,35.4,41.8,22.59,,1400.137
RSW,Copper,Cu,StainlessSteel,SS304,157.3,Bare,1632.75,,,709.61,415.8,,,100.5,61.8,6.2,,419.586
RSW,Nickel,Ni,Copper,Cu,107.9,Nickel-plated,2162.71,,,1727.9,461.3,,,69.3,73.6,20.25,,660.284
RSW,Copper,Cu,StainlessSteel,SS304,203.0,Oxide,2378.0,,,1952.01,343.9,,,47.6,67.6,11.72,,504.587
RSW,StainlessSteel,SS304,Nickel,Ni,124.1,Bare,7059.9,,,2389.75,93.1,,,61.9,73.5,11.08,,423.206
RSW,Copper,Cu,StainlessSteel,SS304,205.2,Tin-plated,5552.47,,,2180.88,179.6,,,97.0,28.9,6.44,,665.761
RSW,StainlessSteel,SS304,Nickel,Ni,123.4,Bare,5659.56,,,606.47,267.5,,,105.4,77.2,15.71,,912.451
RSW,StainlessSteel,SS304,Nickel,Ni,220.8,Carbon-coated,6521.82,,,1256.74,71.2,,,43.8,21.3,7.94,,313.258
RSW,StainlessSteel,SS304,Nickel,Ni,129.2,Oxide,3139.0,,,956.62,190.3,,,111.8,56.4,23.56,,372.076
RSW,Copper,Cu,Copper,Cu,50.1,Bare,5680.87,,,820.57,410.8,,,19.2,57.1,9.64,,1535.972
RSW,StainlessSteel,SS304,Nickel,Ni,188.0,Bare,2641.77,,,883.4,162.5,,,117.8,10.9,17.07,,299.252
RSW,Nickel,Ni,Copper,Cu,249.5,Tin-plated,7897.02,,,768.14,461.9,,,72.2,28.3,13.89,,2354.611
RSW,StainlessSteel,SS304,Nickel,Ni,158.8,Nickel-plated,7580.45,,,2277.61,176.6,,,15.7,61.9,24.2,,889.681
RSW,StainlessSteel,SS304,Nickel,Ni,50.8,Carbon-coated,1735.33,,,1012.48,118.9,,,85.0,16.2,4.03,,133.565
RSW,Nickel,Ni,Copper,Cu,124.6,Bare,7655.62,,,813.3,388.0,,,-0.4,53.6,12.97,,1846.234
RSW,Copper,Cu,StainlessSteel,SS304,235.1,Bare,5577.8,,,856.28,258.7,,,62.4,18.5,17.31,,804.763
RSW,Copper,Cu,Copper,Cu,227.4,Bare,2633.25,,,2166.55,73.5,,,38.4,57.6,7.25,,133.787
RSW,Nickel,Ni,Copper,Cu,235.9,Nickel-plated,4188.78,,,2147.54,388.8,,,66.9,68.7,4.99,,993.294
RSW,Nickel,Ni,Copper,Cu,85.6,Nickel-plated,7920.71,,,1060.88,53.7,,,54.2,46.7,9.1,,266.808
RSW,Aluminum,Al,Aluminum,Al,66.1,Nickel-plated,2495.86,,,1228.76,347.6,,,-7.9,30.0,4.11,,553.624
RSW,Copper,Cu,Copper,Cu,104.0,Nickel-plated,1668.88,,,1078.82,433.7,,,83.3,34.5,24.2,,472.803
RSW,Nickel,Ni,Copper,Cu,49.9,Bare,5587.51,,,1715.79,467.5,,,0.1,46.5,14.12,,1669.746
RSW,StainlessSteel,SS304,Nickel,Ni,233.5,Oxide,4888.08,,,803.83,81.3,,,102.4,33.5,21.2,,262.096
RSW,Copper,Cu,Aluminum,Al,171.0,Oxide,2612.42,,,876.27,200.0,,,38.8,18.7,5.42,,370.494
RSW,Copper,Cu,Copper,Cu,247.9,Tin-plated,7022.26,,,932.14,185.4,,,1.2,46.4,21.41,,758.402
RSW,Copper,Cu,Copper,Cu,119.7,Anodized,6355.31,,,2287.27,484.0,,,95.7,28.3,12.73,,2223.116
RSW,Copper,Cu,Copper,Cu,66.5,Nickel-plated,2646.62,,,628.8,59.9,,,-8.5,42.5,9.98,,111.44
RSW,Copper,Cu,Copper,Cu,53.3,Nickel-plated,5062.08,,,2425.81,136.2,,,7.9,17.7,18.4,,403.677
RSW,StainlessSteel,SS304,Nickel,Ni,116.4,Bare,2066.8,,,510.8,123.2,,,91.5,60.9,21.36,,179.005
RSW,Copper,Cu,StainlessSteel,SS304,91.3,Bare,5074.18,,,1689.33,158.4,,,29.8,60.3,6.34,,530.038
RSW,StainlessSteel,SS304,Nickel,Ni,111.1,Tin-plated,7617.24,,,2092.65,395.5,,,83.6,35.9,6.21,,2120.677
RSW,Copper,Cu,Copper,Cu,192.9,Bare,1913.43,,,1673.02,380.3,,,62.5,29.2,13.64,,506.081
RSW,Copper,Cu,Aluminum,Al,209.1,Nickel-plated,1980.28,,,661.24,137.4,,,89.3,38.3,18.11,,180.436
RSW,StainlessSteel,SS304,Nickel,Ni,118.3,Bare,3121.02,,,1666.36,422.8,,,37.7,57.3,6.09,,831.565
RSW,Copper,Cu,Copper,Cu,42.5,Tin-plated,3807.58,,,1347.68,184.0,,,-4.8,35.0,21.53,,409.038
RSW,Nickel,Ni,Copper,Cu,91.7,Anodized,3401.35,,,342.79,248.4,,,81.4,25.3,17.97,,568.749
RSW,Nickel,Ni,Copper,Cu,194.5,Tin-plated,4396.34,,,2229.62,463.1,,,116.1,48.2,5.01,,1363.264
RSW,Nickel,Ni,Copper,Cu,85.6,Tin-plated,6233.38,,,1494.61,373.5,,,99.7,41.6,20.02,,1644.858
RSW,Nickel,Ni,Copper,Cu,179.8,Carbon-coated,4997.4,,,2296.67,237.0,,,84.2,28.4,23.26,,825.296
RSW,Copper,Cu,Aluminum,Al,205.8,Nickel-plated,1416.56,,,493.14,185.5,,,29.3,64.9,23.85,,182.463
RSW,StainlessSteel,SS304,Nickel,Ni,79.5,Bare,5469.28,,,746.49,211.5,,,55.2,42.0,13.55,,667.091
RSW,Nickel,Ni,Copper,Cu,233.7,Nickel-plated,4325.97,,,1667.08,380.7,,,-0.9,70.1,10.32,,1139.536
RSW,StainlessSteel,SS304,Nickel,Ni,42.7,Nickel-plated,7376.11,,,2448.77,389.2,,,51.3,42.0,20.19,,1660.522
RSW,Copper,Cu,StainlessSteel,SS304,215.6,Nickel-plated,3864.23,,,806.95,488.3,,,3.6,78.5,7.51,,1089.174
RSW,Copper,Cu,Copper,Cu,37.7,Nickel-plated,2354.79,,,1401.53,227.8,,,11.0,19.1,12.27,,305.343
RSW,Copper,Cu,Copper,Cu,109.9,Oxide,7841.83,,,765.98,467.7,,,36.9,12.4,10.77,,2154.203
RSW,StainlessSteel,SS304,Nickel,Ni,220.9,Carbon-coated,3652.0,,,1659.31,357.9,,,29.4,36.4,14.33,,910.105
RSW,Nickel,Ni,Copper,Cu,103.6,Nickel-plated,2268.55,,,2398.09,406.2,,,14.0,52.2,18.72,,533.04
RSW,Copper,Cu,Copper,Cu,57.2,Tin-plated,4219.98,,,975.29,246.3,,,48.5,37.6,6.53,,608.148
RSW,Copper,Cu,StainlessSteel,SS304,234.4,Bare,6029.79,,,2158.32,140.2,,,87.6,15.0,11.84,,509.126
RSW,Copper,Cu,Copper,Cu,217.3,Tin-plated,6359.6,,,448.25,199.5,,,27.0,38.4,5.32,,778.619
RSW,Copper,Cu,Aluminum,Al,103.7,Tin-plated,4100.7,,,2065.98,240.4,,,4.1,53.8,16.98,,627.122
RSW,Copper,Cu,Copper,Cu,221.2,Bare,3062.56,,,1867.83,186.9,,,69.6,43.5,12.76,,404.292
RSW,Nickel,Ni,Copper,Cu,80.6,Bare,5599.92,,,1030.05,282.7,,,47.4,30.9,24.41,,934.972
RSW,Copper,Cu,Copper,Cu,63.7,Bare,1028.03,,,1608.87,167.6,,,10.4,64.6,12.77,,122.146
RSW,Copper,Cu,Copper,Cu,72.5,Bare,1477.13,,,400.94,343.3,,,35.3,59.8,16.33,,300.599
RSW,Copper,Cu,Copper,Cu,165.1,Bare,2891.28,,,1947.38,381.5,,,40.5,50.8,14.44,,661.852
RSW,StainlessSteel,SS304,Nickel,Ni,202.6,Bare,5896.8,,,545.45,256.8,,,29.9,43.9,6.58,,839.857
RSW,Nickel,Ni,Copper,Cu,108.8,Bare,2712.73,,,750.79,321.4,,,62.8,60.7,17.34,,577.801
RSW,Nickel,Ni,Copper,Cu,196.6,Carbon-coated,1265.18,,,2177.14,304.5,,,89.7,37.0,5.95,,240.399
RSW,StainlessSteel,SS304,Nickel,Ni,101.3,Tin-plated,6658.3,,,1088.12,208.9,,,68.0,73.6,23.99,,818.833
RSW,Nickel,Ni,Copper,Cu,239.1,Carbon-coated,6438.8,,,1886.41,278.4,,,27.0,41.5,4.64,,1165.312
RSW,Copper,Cu,StainlessSteel,SS304,227.6,Nickel-plated,4002.42,,,1317.67,243.9,,,65.8,11.6,18.02,,574.629
RSW,Nickel,Ni,Copper,Cu,132.1,Oxide,2451.81,,,551.54,263.0,,,98.6,51.3,20.2,,362.279
RSW,Copper,Cu,Aluminum,Al,133.7,Anodized,2177.39,,,833.21,471.6,,,20.4,35.2,13.11,,577.074
RSW,Nickel,Ni,Copper,Cu,78.2,Bare,6530.18,,,1257.55,67.8,,,35.2,18.4,12.05,,307.205
RSW,Copper,Cu,Aluminum,Al,105.6,Bare,5904.9,,,735.94,85.1,,,60.1,17.2,8.64,,311.457
RSW,Copper,Cu,StainlessSteel,SS304,70.6,Bare,3202.98,,,2042.25,181.8,,,25.4,71.1,20.96,,372.308
RSW,Nickel,Ni,Copper,Cu,95.7,Oxide,6259.51,,,688.66,334.2,,,103.0,14.6,9.47,,1264.986
RSW,Nickel,Ni,Copper,Cu,165.9,Nickel-plated,5685.52,,,961.51,499.8,,,74.2,10.4,12.52,,1929.194
RSW,Copper,Cu,Aluminum,Al,161.6,Oxide,4001.48,,,2353.72,320.8,,,58.4,38.4,7.16,,806.837
RSW,Nickel,Ni,Copper,Cu,59.4,Bare,3998.33,,,1599.12,355.8,,,99.7,70.4,8.02,,837.232
RSW,StainlessSteel,SS304,Nickel,Ni,146.5,Bare,2356.29,,,2351.1,353.0,,,107.5,51.8,12.88,,562.232
RSW,StainlessSteel,SS304,Nickel,Ni,246.6,Tin-plated,4169.0,,,740.56,166.6,,,6.7,43.0,5.82,,475.018
RSW,Copper,Cu,Copper,Cu,162.8,Tin-plated,7772.36,,,2126.81,108.1,,,101.6,62.3,15.36,,568.632
RSW,StainlessSteel,SS304,Nickel,Ni,118.9,Bare,7040.72,,,1670.57,98.5,,,82.1,48.2,9.0,,420.88
RSW,Nickel,Ni,Copper,Cu,63.4,Tin-plated,5341.03,,,1001.81,275.7,,,79.8,29.5,24.36,,908.063
RSW,StainlessSteel,SS304,Nickel,Ni,238.4,Bare,6695.97,,,799.42,397.9,,,31.2,35.9,7.11,,1639.63
RSW,Nickel,Ni,Copper,Cu,170.3,Bare,1598.85,,,2369.16,368.6,,,80.9,24.9,8.81,,407.999
RSW,Aluminum,Al,Aluminum,Al,34.1,Tin-plated,4981.19,,,529.52,496.7,,,60.4,22.7,11.21,,1679.076
RSW,Nickel,Ni,Copper,Cu,226.4,Nickel-plated,3425.8,,,1594.93,235.8,,,57.3,48.0,12.61,,512.796
RSW,StainlessSteel,SS304,Nickel,Ni,69.0,Bare,3003.5,,,2146.64,64.8,,,-4.8,74.2,22.17,,139.499
RSW,Copper,Cu,Aluminum,Al,131.1,Bare,3844.51,,,893.79,166.1,,,83.2,42.4,24.48,,381.613
RSW,StainlessSteel,SS304,Nickel,Ni,111.5,Tin-plated,2647.03,,,1847.63,333.0,,,60.8,50.6,12.75,,635.952
RSW,Copper,Cu,Aluminum,Al,179.5,Tin-plated,3830.33,,,2256.82,409.0,,,24.9,72.6,9.46,,1005.965
RSW,StainlessSteel,SS304,Nickel,Ni,91.4,Bare,3860.61,,,1900.03,396.7,,,22.8,43.5,6.53,,1084.054
RSW,Nickel,Ni,Copper,Cu,185.4,Nickel-plated,2363.53,,,1716.61,289.9,,,54.1,59.0,17.24,,409.708
RSW,Nickel,Ni,Copper,Cu,130.4,Bare,1866.51,,,1359.37,400.8,,,80.1,32.5,9.53,,497.978
RSW,Nickel,Ni,Copper,Cu,45.1,Bare,5250.28,,,2401.34,295.4,,,61.8,71.5,22.34,,1101.495
RSW,Nickel,Ni,Copper,Cu,205.3,Bare,3970.33,,,1544.03,367.4,,,87.5,71.9,13.19,,844.469
RSW,Copper,Cu,Copper,Cu,165.4,Nickel-plated,2662.32,,,1347.67,160.4,,,101.7,29.4,21.01,,245.757
RSW,Aluminum,Al,Aluminum,Al,83.3,Anodized,3025.79,,,2403.28,221.2,,,32.0,11.3,14.79,,476.543
RSW,Copper,Cu,Copper,Cu,202.0,Oxide,4929.52,,,400.93,392.8,,,-5.7,29.4,7.53,,1339.113
RSW,Nickel,Ni,Copper,Cu,171.8,Oxide,2276.97,,,1495.31,180.4,,,47.9,11.7,17.87,,236.312
RSW,StainlessSteel,SS304,Nickel,Ni,53.4,Bare,4309.91,,,2178.98,498.7,,,-6.4,31.9,20.98,,1539.22
RSW,Copper,Cu,Copper,Cu,42.9,Tin-plated,3371.82,,,1553.48,200.9,,,83.0,33.1,9.64,,451.726
RSW,StainlessSteel,SS304,Nickel,Ni,184.1,Bare,4887.63,,,1805.31,108.9,,,27.6,79.6,9.58,,382.864
RSW,StainlessSteel,SS304,Nickel,Ni,88.0,Bare,4851.5,,,2427.57,249.8,,,108.3,76.2,12.62,,853.383
RSW,Nickel,Ni,Copper,Cu,54.8,Bare,4287.04,,,1652.08,472.9,,,14.0,49.9,20.84,,1258.561
RSW,StainlessSteel,SS304,Nickel,Ni,57.4,Oxide,1656.3,,,1877.37,207.7,,,104.8,17.5,4.73,,201.92
RSW,StainlessSteel,SS304,Nickel,Ni,73.7,Bare,4312.14,,,1735.41,252.4,,,89.8,37.6,20.64,,760.115
RSW,Aluminum,Al,Aluminum,Al,164.6,Bare,4530.73,,,2302.49,114.3,,,24.1,73.7,5.62,,357.721
RSW,StainlessSteel,SS304,Nickel,Ni,43.2,Bare,6638.83,,,1629.32,271.0,,,68.6,44.7,13.46,,1110.812
RSW,Aluminum,Al,Aluminum,Al,128.6,Carbon-coated,3140.95,,,1450.92,481.2,,,70.8,23.6,14.56,,893.378
RSW,StainlessSteel,SS304,Nickel,Ni,140.9,Bare,3400.54,,,2334.11,157.2,,,87.9,74.2,19.9,,368.589
RSW,Copper,Cu,StainlessSteel,SS304,147.1,Bare,2601.27,,,2419.09,466.4,,,51.3,22.9,16.17,,847.362
RSW,Copper,Cu,StainlessSteel,SS304,237.0,Tin-plated,7356.67,,,1266.0,269.1,,,87.4,30.2,22.31,,1399.995
RSW,StainlessSteel,SS304,Nickel,Ni,214.8,Bare,2304.4,,,919.06,114.4,,,105.7,62.6,22.51,,179.825
RSW,StainlessSteel,SS304,Nickel,Ni,228.3,Bare,7291.69,,,796.39,287.5,,,24.3,17.7,19.85,,1181.482
RSW,Copper,Cu,StainlessSteel,SS304,107.2,Bare,4256.34,,,1579.95,219.0,,,-9.9,66.6,24.3,,567.534
RSW,StainlessSteel,SS304,Nickel,Ni,206.8,Bare,7749.56,,,500.03,169.6,,,70.6,17.1,6.0,,729.184
RSW,Aluminum,Al,Aluminum,Al,102.9,Nickel-plated,4987.05,,,2261.21,238.9,,,106.7,55.8,23.97,,804.457
RSW,Nickel,Ni,Copper,Cu,183.9,Bare,7778.62,,,1312.93,163.4,,,111.2,52.5,4.27,,857.4
RSW,StainlessSteel,SS304,Nickel,Ni,145.3,Bare,7097.2,,,565.1,232.0,,,21.2,77.5,13.47,,1124.52
RSW,StainlessSteel,SS304,Nickel,Ni,47.7,Tin-plated,5726.39,,,1783.5,476.5,,,114.3,51.8,5.42,,1762.745
RSW,Copper,Cu,Copper,Cu,79.0,Bare,2486.4,,,1733.96,488.1,,,19.6,15.2,21.09,,812.574
RSW,Nickel,Ni,Copper,Cu,245.6,Bare,6561.77,,,811.5,408.1,,,108.5,63.3,14.19,,1597.038
RSW,Nickel,Ni,Copper,Cu,44.6,Tin-plated,3723.73,,,2403.94,310.8,,,17.1,44.1,24.59,,825.712
RSW,Copper,Cu,StainlessSteel,SS304,153.6,Oxide,3846.51,,,2094.71,260.0,,,111.5,12.4,4.71,,683.884
RSW,Copper,Cu,StainlessSteel,SS304,126.4,Bare,7592.63,,,1404.65,385.9,,,97.7,47.2,20.64,,1951.014
RSW,Nickel,Ni,Copper,Cu,171.6,Bare,4274.23,,,538.25,448.0,,,44.5,54.2,4.84,,1167.447
RSW,Nickel,Ni,Copper,Cu,92.9,Tin-plated,2097.28,,,2374.28,120.5,,,74.8,16.7,14.76,,145.988
RSW,StainlessSteel,SS304,Nickel,Ni,200.1,Oxide,7051.24,,,1695.59,487.4,,,81.0,72.0,9.92,,2268.978
RSW,StainlessSteel,SS304,Nickel,Ni,221.4,Nickel-plated,4843.69,,,1308.8,177.8,,,59.1,61.4,11.5,,598.873
RSW,Nickel,Ni,Copper,Cu,199.3,Nickel-plated,3403.88,,,1697.3,490.6,,,30.5,65.1,15.11,,1170.627
RSW,StainlessSteel,SS304,Nickel,Ni,152.8,Oxide,5316.84,,,930.73,214.8,,,19.0,18.7,8.63,,779.94
RSW,StainlessSteel,SS304,Nickel,Ni,166.2,Bare,4801.1,,,1758.24,367.4,,,10.8,65.3,6.57,,1140.192
RSW,Nickel,Ni,Copper,Cu,221.9,Nickel-plated,1572.98,,,2321.93,497.3,,,78.1,45.3,8.4,,505.802
RSW,Copper,Cu,Aluminum,Al,64.6,Tin-plated,4385.16,,,1785.68,327.1,,,66.9,32.6,24.08,,1010.22
RSW,Nickel,Ni,Copper,Cu,153.5,Bare,3106.81,,,2133.91,100.4,,,18.1,70.5,20.21,,186.859
RSW,Copper,Cu,Copper,Cu,237.0,Oxide,2782.88,,,702.46,407.4,,,37.1,59.8,21.8,,682.222
RSW,StainlessSteel,SS304,Nickel,Ni,46.2,Oxide,5409.44,,,2429.6,66.2,,,-5.9,45.1,11.02,,213.735
RSW,StainlessSteel,SS304,Nickel,Ni,247.6,Bare,2271.16,,,1239.38,416.9,,,85.4,22.4,21.45,,597.022
RSW,Nickel,Ni,Copper,Cu,148.5,Bare,2436.97,,,522.27,128.0,,,34.8,18.5,24.91,,174.273
RSW,Aluminum,Al,Aluminum,Al,248.9,Nickel-plated,7950.7,,,1276.48,317.7,,,85.3,63.2,4.6,,1630.002
RSW,Copper,Cu,Copper,Cu,202.4,Oxide,5323.37,,,550.01,95.2,,,73.9,52.2,24.34,,305.101
RSW,Copper,Cu,Copper,Cu,134.3,Bare,5834.49,,,2246.26,322.8,,,93.5,59.3,24.3,,1092.878
RSW,StainlessSteel,SS304,Nickel,Ni,105.1,Oxide,1217.23,,,757.08,72.8,,,32.7,30.5,17.55,,51.37
RSW,Nickel,Ni,Copper,Cu,158.3,Nickel-plated,7807.46,,,769.35,446.4,,,40.3,72.0,11.72,,1946.454
RSW,Nickel,Ni,Copper,Cu,142.1,Nickel-plated,4736.07,,,1734.83,167.8,,,-7.9,51.8,10.46,,505.619
RSW,StainlessSteel,SS304,Nickel,Ni,210.1,Bare,4027.62,,,1449.82,153.2,,,56.3,42.2,15.85,,355.258
RSW,Copper,Cu,Aluminum,Al,134.9,Bare,2474.78,,,632.13,88.8,,,38.5,78.2,16.39,,132.153
RSW,Nickel,Ni,Copper,Cu,135.4,Tin-plated,3119.04,,,1556.17,309.7,,,-5.5,20.1,22.49,,637.904
RSW,Nickel,Ni,Copper,Cu,81.2,Bare,6109.09,,,2130.53,325.0,,,49.4,14.5,19.37,,1355.16
RSW,Copper,Cu,Aluminum,Al,166.6,Nickel-plated,1952.04,,,1647.94,196.9,,,-8.6,22.3,10.59,,229.911
RSW,Copper,Cu,Copper,Cu,78.2,Tin-plated,5224.99,,,1852.27,494.9,,,-8.2,56.0,20.7,,1852.053
RSW,Copper,Cu,StainlessSteel,SS304,172.8,Carbon-coated,6481.54,,,1087.77,184.4,,,104.7,27.1,19.82,,681.036
RSW,StainlessSteel,SS304,Nickel,Ni,230.8,Nickel-plated,1917.09,,,1231.24,480.4,,,92.3,30.2,18.15,,648.575
RSW,StainlessSteel,SS304,Nickel,Ni,232.2,Bare,5941.01,,,1509.8,80.0,,,82.9,13.7,14.46,,288.715
RSW,Nickel,Ni,Copper,Cu,195.3,Bare,2963.5,,,1903.67,214.4,,,74.9,66.7,18.13,,404.888
RSW,Copper,Cu,StainlessSteel,SS304,210.0,Bare,3141.61,,,1125.62,297.6,,,117.8,47.1,9.79,,526.488
RSW,Nickel,Ni,Copper,Cu,33.4,Tin-plated,6933.1,,,1270.11,148.6,,,-4.9,56.6,23.39,,649.518
RSW,StainlessSteel,SS304,Nickel,Ni,94.2,Carbon-coated,3039.17,,,2345.78,269.0,,,-6.4,22.3,21.84,,474.392
RSW,Copper,Cu,Aluminum,Al,176.6,Carbon-coated,2925.34,,,936.69,64.5,,,54.5,28.7,4.63,,110.884
RSW,Nickel,Ni,Copper,Cu,199.4,Nickel-plated,5396.5,,,1300.17,86.9,,,109.4,62.7,17.69,,319.243
RSW,Nickel,Ni,Copper,Cu,71.4,Bare,3564.74,,,2273.0,431.9,,,102.1,63.1,19.71,,901.16
RSW,Copper,Cu,Aluminum,Al,224.0,Nickel-plated,1344.26,,,561.72,220.8,,,117.2,66.9,7.63,,206.276
RSW,StainlessSteel,SS304,Nickel,Ni,80.6,Nickel-plated,2613.25,,,895.9,163.2,,,33.5,19.2,18.58,,285.684
RSW,Copper,Cu,Copper,Cu,46.0,Oxide,5565.0,,,2405.54,259.7,,,51.9,54.6,17.58,,1013.567
RSW,StainlessSteel,SS304,Nickel,Ni,74.8,Bare,1699.74,,,1191.36,295.4,,,97.8,79.2,9.4,,286.907
RSW,Nickel,Ni,Copper,Cu,153.8,Bare,4719.23,,,779.38,209.8,,,8.4,57.5,7.55,,581.044
RSW,Copper,Cu,Copper,Cu,197.4,Oxide,2436.42,,,2056.3,347.1,,,46.9,35.5,10.12,,517.732
RSW,Copper,Cu,Copper,Cu,139.3,Anodized,7876.89,,,471.88,271.6,,,36.6,56.6,20.4,,1184.769
RSW,Copper,Cu,Aluminum,Al,172.5,Nickel-plated,4377.28,,,2335.51,150.0,,,4.1,57.0,16.97,,462.664
RSW,Aluminum,Al,Aluminum,Al,172.4,Nickel-plated,7070.56,,,1144.99,258.6,,,91.1,34.5,22.07,,1041.924
RSW,Copper,Cu,Copper,Cu,59.5,Bare,7934.98,,,706.23,278.2,,,106.5,23.3,14.5,,1253.332
RSW,StainlessSteel,SS304,Nickel,Ni,56.3,Bare,5059.71,,,615.6,97.1,,,86.9,38.7,14.27,,273.501
RSW,Nickel,Ni,Copper,Cu,86.0,Oxide,3637.5,,,2276.97,110.6,,,110.2,13.8,23.09,,276.873
RSW,Aluminum,Al,Aluminum,Al,36.6,Bare,1798.01,,,2484.63,492.5,,,10.6,59.2,9.02,,584.738
RSW,Copper,Cu,StainlessSteel,SS304,249.3,Bare,4949.56,,,1734.71,261.2,,,-2.0,36.2,21.43,,792.654
RSW,Copper,Cu,Copper,Cu,127.4,Carbon-coated,1057.39,,,1897.15,347.4,,,103.3,58.7,5.25,,258.535
RSW,Nickel,Ni,Copper,Cu,203.1,Oxide,1461.64,,,1635.52,269.6,,,86.1,52.2,13.84,,247.145
RSW,Nickel,Ni,Copper,Cu,227.3,Bare,3073.49,,,1478.6,240.5,,,86.0,29.9,12.47,,497.937
RSW,Nickel,Ni,Copper,Cu,222.5,Anodized,7861.12,,,535.67,67.0,,,92.9,79.7,18.8,,302.14
RSW,Copper,Cu,Copper,Cu,219.8,Oxide,5058.63,,,1346.92,477.4,,,-6.6,60.1,5.96,,1556.851
RSW,Nickel,Ni,Copper,Cu,247.3,Nickel-plated,7901.65,,,492.19,374.7,,,68.2,71.9,23.86,,2050.814
RSW,StainlessSteel,SS304,Nickel,Ni,167.6,Bare,2564.32,,,593.51,474.8,,,89.0,57.7,10.01,,726.009
RSW,StainlessSteel,SS304,Nickel,Ni,150.1,Bare,5798.83,,,551.69,417.2,,,14.0,15.2,18.34,,1528.202
RSW,Nickel,Ni,Copper,Cu,204.3,Bare,2870.88,,,2016.57,343.8,,,102.0,14.1,11.32,,608.052
RSW,Copper,Cu,StainlessSteel,SS304,53.1,Bare,2031.31,,,409.46,161.2,,,6.0,32.8,11.12,,224.583
RSW,Copper,Cu,Aluminum,Al,78.0,Carbon-coated,4412.47,,,647.54,112.1,,,-9.9,14.5,16.67,,300.298
RSW,StainlessSteel,SS304,Nickel,Ni,247.6,Oxide,5812.64,,,1001.68,483.5,,,53.8,60.9,17.8,,1989.974
RSW,StainlessSteel,SS304,Nickel,Ni,69.5,Bare,1925.47,,,1023.77,439.5,,,29.9,23.5,22.16,,593.027
RSW,Aluminum,Al,Aluminum,Al,77.9,Bare,7024.3,,,1358.56,123.9,,,95.7,79.4,22.38,,612.81
RSW,Aluminum,Al,Aluminum,Al,155.8,Bare,3833.79,,,1808.81,339.0,,,55.2,16.8,13.23,,884.8
RSW,StainlessSteel,SS304,Nickel,Ni,178.6,Oxide,5046.98,,,339.84,399.7,,,73.2,12.8,5.93,,1342.58
RSW,Copper,Cu,Copper,Cu,82.8,Nickel-plated,2405.32,,,1607.08,333.3,,,98.9,32.9,7.42,,537.713
RSW,Copper,Cu,Copper,Cu,190.0,Nickel-plated,5312.96,,,1878.76,421.9,,,75.7,58.0,9.94,,1442.18
RSW,Aluminum,Al,Aluminum,Al,32.2,Carbon-coated,6838.63,,,1057.29,220.1,,,61.1,14.9,23.43,,937.592
RSW,StainlessSteel,SS304,Nickel,Ni,226.0,Carbon-coated,2930.79,,,792.25,479.0,,,86.7,38.7,11.65,,961.918
RSW,Nickel,Ni,Copper,Cu,135.1,Bare,6094.97,,,796.32,358.7,,,54.5,10.6,14.72,,1439.118
RSW,StainlessSteel,SS304,Nickel,Ni,150.2,Anodized,2310.09,,,1174.07,324.2,,,-1.4,24.1,16.41,,465.865
RSW,Copper,Cu,Aluminum,Al,205.3,Bare,3626.03,,,449.36,495.7,,,103.3,56.5,23.95,,1178.187
RSW,Copper,Cu,StainlessSteel,SS304,128.8,Carbon-coated,5833.94,,,1847.81,172.1,,,29.9,25.5,4.86,,696.765
RSW,Nickel,Ni,Copper,Cu,175.6,Tin-plated,1493.97,,,1095.87,481.9,,,65.2,70.1,15.11,,497.578
RSW,StainlessSteel,SS304,Nickel,Ni,70.4,Bare,1768.13,,,1989.76,361.9,,,11.9,17.3,5.27,,403.933
RSW,Copper,Cu,Copper,Cu,41.3,Oxide,5483.28,,,1070.19,459.1,,,55.1,76.1,4.01,,1456.733
RSW,StainlessSteel,SS304,Nickel,Ni,176.7,Tin-plated,1411.69,,,620.3,476.9,,,81.0,50.3,19.43,,466.069
RSW,Nickel,Ni,Copper,Cu,100.8,Nickel-plated,3368.35,,,2056.39,493.6,,,26.2,68.2,5.68,,1178.367
RSW,Aluminum,Al,Aluminum,Al,112.9,Tin-plated,1234.54,,,1906.6,244.6,,,94.6,34.7,8.06,,204.312
RSW,Nickel,Ni,Copper,Cu,42.8,Oxide,6706.95,,,772.13,71.6,,,72.3,66.7,23.41,,333.29
RSW,StainlessSteel,SS304,Nickel,Ni,156.1,Carbon-coated,4555.25,,,364.67,146.9,,,55.7,61.5,19.79,,383.232
RSW,Copper,Cu,StainlessSteel,SS304,197.2,Oxide,6897.77,,,505.1,153.7,,,80.0,47.4,12.83,,741.47
RSW,Nickel,Ni,Copper,Cu,224.2,Nickel-plated,1411.73,,,2236.54,476.7,,,18.5,75.9,19.7,,452.498
RSW,Nickel,Ni,Copper,Cu,104.6,Nickel-plated,6716.59,,,1882.47,290.9,,,103.5,41.0,22.14,,1273.078
RSW,Nickel,Ni,Copper,Cu,77.0,Bare,6871.16,,,2049.92,140.5,,,113.4,12.4,16.19,,691.469
RSW,Copper,Cu,StainlessSteel,SS304,234.0,Bare,2585.77,,,2257.41,56.6,,,53.9,37.9,6.4,,87.915
RSW,StainlessSteel,SS304,Nickel,Ni,36.9,Tin-plated,7838.79,,,758.71,464.8,,,16.1,58.6,13.4,,2346.51
RSW,Nickel,Ni,Copper,Cu,155.5,Bare,3648.7,,,555.84,412.3,,,58.0,66.8,21.03,,1007.872
RSW,Nickel,Ni,Copper,Cu,158.6,Bare,1649.52,,,999.74,220.3,,,84.2,37.2,23.96,,210.124
RSW,Copper,Cu,Copper,Cu,136.2,Bare,4570.64,,,2482.29,60.2,,,65.2,48.4,10.66,,163.301
RSW,Nickel,Ni,Copper,Cu,60.1,Anodized,4259.65,,,953.78,75.0,,,66.9,73.1,4.26,,205.004
RSW,Nickel,Ni,Copper,Cu,105.4,Bare,5449.32,,,861.32,458.1,,,33.2,56.7,16.96,,1604.994
RSW,StainlessSteel,SS304,Nickel,Ni,78.6,Nickel-plated,1954.81,,,2258.03,193.6,,,38.9,78.5,23.07,,263.26
RSW,Copper,Cu,Aluminum,Al,38.7,Bare,7790.37,,,1040.75,101.4,,,48.9,26.8,8.99,,472.457
RSW,Nickel,Ni,Copper,Cu,77.0,Tin-plated,3059.22,,,2486.62,106.9,,,20.5,43.0,12.36,,233.712
RSW,Copper,Cu,Aluminum,Al,47.6,Bare,6290.06,,,722.59,409.2,,,116.7,32.5,19.1,,1615.038
RSW,Nickel,Ni,Copper,Cu,73.4,Bare,4747.4,,,2231.16,150.5,,,-8.8,76.4,19.31,,486.625
RSW,Copper,Cu,StainlessSteel,SS304,227.4,Nickel-plated,5616.16,,,497.75,332.3,,,99.2,49.3,7.38,,1308.963
RSW,Aluminum,Al,Aluminum,Al,131.1,Bare,4424.12,,,2106.16,439.7,,,58.2,57.4,24.4,,1307.699
RSW,Copper,Cu,Copper,Cu,172.3,Bare,7033.57,,,2098.34,328.5,,,74.4,36.9,5.69,,1674.172
RSW,Copper,Cu,Copper,Cu,101.7,Tin-plated,1986.42,,,1147.24,348.6,,,64.7,59.5,7.18,,392.663
RSW,Copper,Cu,Copper,Cu,190.8,Bare,2833.63,,,684.77,371.5,,,119.6,47.2,20.94,,731.296
RSW,Nickel,Ni,Copper,Cu,67.4,Bare,7488.86,,,414.42,421.6,,,72.1,44.5,19.36,,1766.726
RSW,Copper,Cu,Copper,Cu,38.0,Tin-plated,4804.4,,,688.87,212.6,,,39.2,78.1,13.52,,598.751
RSW,Copper,Cu,Copper,Cu,207.3,Anodized,4084.67,,,1847.99,69.3,,,0.9,64.4,21.67,,161.418
RSW,Aluminum,Al,Aluminum,Al,145.1,Nickel-plated,7226.93,,,1612.96,333.2,,,91.6,54.6,19.65,,1487.572
RSW,StainlessSteel,SS304,Nickel,Ni,60.0,Bare,7767.5,,,1635.42,212.8,,,68.3,74.5,5.42,,1073.753
RSW,Nickel,Ni,Copper,Cu,150.6,Tin-plated,2394.39,,,2240.52,265.6,,,37.7,26.6,16.15,,427.254
RSW,Copper,Cu,StainlessSteel,SS304,44.5,Bare,6427.99,,,1992.1,137.1,,,101.2,44.3,10.33,,545.033
RSW,Nickel,Ni,Copper,Cu,186.2,Oxide,5087.29,,,655.83,431.6,,,86.0,66.1,24.32,,1297.639
RSW,StainlessSteel,SS304,Nickel,Ni,201.7,Oxide,2756.56,,,1604.62,173.5,,,96.8,46.0,17.38,,302.827
RSW,Copper,Cu,Copper,Cu,170.8,Bare,2174.6,,,544.32,208.0,,,33.2,23.8,14.2,,289.405
RSW,Nickel,Ni,Copper,Cu,35.9,Bare,7634.9,,,2087.38,439.1,,,39.4,36.9,9.09,,2054.89
RSW,StainlessSteel,SS304,Nickel,Ni,136.2,Anodized,4833.12,,,398.21,354.1,,,1.9,49.6,16.39,,1075.021
RSW,StainlessSteel,SS304,Nickel,Ni,184.8,Tin-plated,2248.22,,,390.46,235.5,,,118.8,58.2,20.3,,305.103
RSW,StainlessSteel,SS304,Nickel,Ni,198.5,Bare,1454.8,,,1875.01,332.2,,,78.4,16.5,6.67,,337.829
RSW,Copper,Cu,Copper,Cu,216.2,Nickel-plated,5828.93,,,1545.43,354.5,,,1.2,59.7,7.59,,1193.567
RSW,Copper,Cu,Copper,Cu,202.9,Bare,2911.28,,,1363.56,54.7,,,29.2,56.3,18.19,,98.519
RSW,StainlessSteel,SS304,Nickel,Ni,106.4,Nickel-plated,4082.46,,,2337.27,179.0,,,104.9,46.0,10.49,,470.049
RSW,Copper,Cu,Copper,Cu,58.8,Bare,6587.65,,,687.33,307.8,,,31.7,31.4,6.11,,1333.097
RSW,Copper,Cu,Aluminum,Al,67.8,Bare,1499.24,,,2367.07,124.8,,,89.8,17.0,13.6,,135.612
RSW,Copper,Cu,Aluminum,Al,70.8,Oxide,6529.02,,,1702.28,110.2,,,109.0,12.0,22.55,,435.866
RSW,Copper,Cu,Copper,Cu,224.1,Nickel-plated,7164.49,,,598.77,263.8,,,6.1,38.0,4.1,,1299.824
RSW,Aluminum,Al,Aluminum,Al,91.4,Bare,3103.18,,,2217.43,64.3,,,91.9,40.1,13.0,,133.199
RSW,Copper,Cu,StainlessSteel,SS304,210.8,Bare,4582.07,,,391.09,428.2,,,111.8,62.1,18.93,,1282.467
RSW,Copper,Cu,Copper,Cu,216.6,Bare,2350.46,,,1462.85,138.9,,,13.6,54.2,12.49,,187.211
RSW,StainlessSteel,SS304,Nickel,Ni,124.2,Anodized,4763.51,,,1339.13,486.2,,,40.3,41.2,22.55,,1459.146
RSW,Copper,Cu,Copper,Cu,165.4,Bare,6202.95,,,493.45,395.0,,,-1.0,18.2,5.37,,1504.326
RSW,StainlessSteel,SS304,Nickel,Ni,177.4,Bare,1344.05,,,2042.45,238.1,,,82.4,21.7,7.22,,213.087
RSW,StainlessSteel,SS304,Nickel,Ni,55.1,Bare,5010.81,,,1485.58,55.5,,,69.7,79.0,8.64,,183.16
RSW,Copper,Cu,StainlessSteel,SS304,35.2,Carbon-coated,3032.31,,,2001.35,360.8,,,71.2,79.6,21.94,,771.909
RSW,StainlessSteel,SS304,Nickel,Ni,83.2,Nickel-plated,5905.27,,,877.16,237.3,,,52.1,75.6,13.63,,932.391
RSW,StainlessSteel,SS304,Nickel,Ni,245.4,Nickel-plated,6312.77,,,495.4,276.6,,,110.0,41.3,22.12,,1009.048
RSW,Aluminum,Al,Aluminum,Al,37.5,Nickel-plated,2443.19,,,2033.5,150.8,,,118.6,50.4,18.91,,224.641
RSW,StainlessSteel,SS304,Nickel,Ni,109.3,Bare,3937.46,,,2116.42,175.9,,,112.7,53.2,21.94,,480.373
RSW,StainlessSteel,SS304,Nickel,Ni,125.4,Tin-plated,7672.24,,,2047.43,280.6,,,-5.5,16.9,5.41,,1336.306
RSW,Nickel,Ni,Copper,Cu,68.9,Oxide,3497.96,,,407.58,492.2,,,57.5,13.6,5.48,,995.551
RSW,Copper,Cu,StainlessSteel,SS304,139.3,Oxide,3346.82,,,336.28,74.5,,,-9.6,72.1,9.64,,157.767
RSW,Copper,Cu,Aluminum,Al,151.5,Oxide,3196.08,,,2470.58,174.3,,,111.2,78.4,23.47,,323.537
RSW,Copper,Cu,StainlessSteel,SS304,223.9,Tin-plated,3266.51,,,1644.54,64.3,,,101.1,73.7,20.45,,122.626
RSW,Aluminum,Al,Aluminum,Al,139.0,Oxide,7720.01,,,1525.29,442.1,,,65.2,63.9,11.47,,2067.467
RSW,Copper,Cu,StainlessSteel,SS304,179.5,Bare,5515.76,,,1484.97,268.5,,,37.3,39.1,10.11,,912.261
RSW,Copper,Cu,Copper,Cu,215.9,Oxide,6768.49,,,2138.09,152.8,,,21.5,57.6,21.35,,720.439
RSW,StainlessSteel,SS304,Nickel,Ni,119.1,Tin-plated,6798.33,,,2279.23,129.1,,,22.3,55.4,24.36,,524.26
RSW,StainlessSteel,SS304,Nickel,Ni,61.9,Oxide,1186.81,,,2357.17,446.8,,,57.3,71.9,21.79,,376.228
RSW,Copper,Cu,Copper,Cu,167.3,Anodized,4549.89,,,2077.25,125.0,,,61.0,12.5,10.91,,326.294
RSW,Nickel,Ni,Copper,Cu,191.3,Bare,2404.57,,,772.09,432.2,,,14.2,63.4,8.32,,633.342
RSW,Copper,Cu,Copper,Cu,187.4,Oxide,7262.96,,,799.96,319.1,,,106.2,61.9,9.07,,1468.19
RSW,Copper,Cu,Copper,Cu,81.6,Nickel-plated,3199.46,,,2321.77,279.5,,,66.1,72.1,18.82,,637.801
RSW,Copper,Cu,Aluminum,Al,233.4,Nickel-plated,6708.84,,,1504.8,436.7,,,80.3,70.2,5.71,,1952.101
RSW,Nickel,Ni,Copper,Cu,46.8,Nickel-plated,6432.11,,,1415.82,274.3,,,71.5,54.4,5.66,,1098.448
RSW,Aluminum,Al,Aluminum,Al,146.9,Carbon-coated,3019.68,,,838.06,122.8,,,36.9,56.0,6.83,,255.386
RSW,Copper,Cu,StainlessSteel,SS304,168.1,Nickel-plated,5687.2,,,941.34,349.4,,,79.6,59.0,14.22,,1146.703
RSW,Aluminum,Al,Aluminum,Al,50.5,Anodized,4711.88,,,624.68,164.2,,,96.4,41.5,20.52,,437.114
RSW,Nickel,Ni,Copper,Cu,101.5,Bare,2356.78,,,734.89,301.1,,,53.7,74.1,4.75,,498.864
RSW,Nickel,Ni,Copper,Cu,137.7,Nickel-plated,6250.47,,,765.64,102.2,,,97.1,12.9,5.13,,437.743
RSW,Copper,Cu,StainlessSteel,SS304,60.6,Bare,5672.19,,,515.62,258.1,,,113.0,29.6,11.26,,957.832
RSW,Nickel,Ni,Copper,Cu,187.2,Bare,4690.43,,,1371.68,415.5,,,36.1,18.5,10.46,,1372.378
RSW,Aluminum,Al,Aluminum,Al,167.3,Nickel-plated,7362.33,,,1719.89,75.9,,,35.4,72.6,14.05,,328.968
RSW,Nickel,Ni,Copper,Cu,205.6,Nickel-plated,4228.79,,,1849.49,73.3,,,12.2,61.7,17.74,,187.42
RSW,Copper,Cu,Aluminum,Al,43.8,Tin-plated,6668.39,,,1366.92,330.8,,,57.6,53.0,18.13,,1399.571
RSW,Nickel,Ni,Copper,Cu,35.0,Oxide,7564.85,,,847.14,60.1,,,26.5,39.2,6.36,,270.547
RSW,Copper,Cu,StainlessSteel,SS304,60.7,Bare,6680.7,,,2098.63,350.2,,,-8.8,31.2,10.84,,1598.893
RSW,Aluminum,Al,Aluminum,Al,189.4,Nickel-plated,6387.66,,,2475.78,183.0,,,27.4,47.4,8.09,,715.249
RSW,Copper,Cu,Copper,Cu,231.6,Bare,2160.0,,,1533.69,412.0,,,29.6,27.6,18.49,,533.615
RSW,Aluminum,Al,Aluminum,Al,203.0,Tin-plated,5534.44,,,1900.49,492.4,,,56.7,33.4,17.53,,1794.011
RSW,Aluminum,Al,Aluminum,Al,246.5,Oxide,6838.53,,,845.53,184.3,,,15.9,43.6,9.58,,888.191
RSW,Copper,Cu,Copper,Cu,208.4,Anodized,5440.15,,,510.78,189.9,,,28.5,24.1,16.57,,718.688
RSW,Copper,Cu,Copper,Cu,131.6,Carbon-coated,2133.16,,,1652.32,400.3,,,84.2,14.1,6.16,,564.212
RSW,Nickel,Ni,Copper,Cu,213.2,Oxide,3310.05,,,1300.06,293.4,,,39.5,36.0,18.74,,595.17
RSW,Copper,Cu,Copper,Cu,85.5,Nickel-plated,7530.9,,,636.28,413.1,,,114.7,37.2,4.96,,2126.457
RSW,Copper,Cu,Copper,Cu,116.7,Tin-plated,5637.32,,,862.17,388.3,,,40.8,31.1,12.15,,1396.884
RSW,Aluminum,Al,Aluminum,Al,158.2,Nickel-plated,1095.18,,,2081.18,187.1,,,53.9,36.1,4.3,,126.088
RSW,Copper,Cu,Aluminum,Al,168.8,Oxide,5716.35,,,854.19,332.1,,,70.1,54.1,7.23,,1067.985
RSW,Nickel,Ni,Copper,Cu,145.2,Bare,4085.5,,,2026.63,247.7,,,43.1,38.4,21.44,,586.829
RSW,StainlessSteel,SS304,Nickel,Ni,203.2,Bare,5284.79,,,1237.56,132.2,,,92.9,47.1,8.75,,416.252
RSW,Copper,Cu,StainlessSteel,SS304,87.5,Bare,7261.4,,,1107.0,62.7,,,78.8,17.9,8.32,,279.521
RSW,Copper,Cu,Copper,Cu,189.5,Anodized,4764.21,,,1541.81,474.5,,,-1.4,37.0,4.67,,1447.084
RSW,Copper,Cu,Copper,Cu,93.5,Bare,6071.61,,,2341.52,406.5,,,64.5,66.0,16.21,,1522.092
RSW,Copper,Cu,StainlessSteel,SS304,222.2,Nickel-plated,3864.3,,,325.12,139.9,,,64.6,16.9,12.46,,312.674
RSW,Nickel,Ni,Copper,Cu,76.7,Nickel-plated,6576.41,,,1894.37,334.3,,,5.9,63.1,14.35,,1434.34
RSW,Nickel,Ni,Copper,Cu,248.4,Tin-plated,7648.04,,,2259.45,132.6,,,112.4,54.7,16.27,,683.289
RSW,StainlessSteel,SS304,Nickel,Ni,218.7,Nickel-plated,3274.14,,,2318.63,155.8,,,12.8,40.0,18.08,,362.424
RSW,Nickel,Ni,Copper,Cu,86.5,Carbon-coated,5708.03,,,1862.32,261.3,,,58.6,64.1,7.86,,879.588
RSW,Nickel,Ni,Copper,Cu,155.1,Bare,2962.57,,,622.18,136.7,,,104.3,33.6,8.47,,267.824
RSW,Copper,Cu,StainlessSteel,SS304,40.0,Nickel-plated,1468.4,,,898.07,259.9,,,0.4,70.6,7.65,,231.96
RSW,Copper,Cu,Copper,Cu,83.5,Bare,5520.3,,,1456.31,328.1,,,34.8,66.8,22.72,,1169.044
RSW,Nickel,Ni,Copper,Cu,178.4,Oxide,4600.31,,,1442.2,268.0,,,40.5,26.0,7.21,,859.713
RSW,StainlessSteel,SS304,Nickel,Ni,117.3,Nickel-plated,6827.38,,,1905.29,474.9,,,1.5,43.2,18.61,,2287.653
RSW,Copper,Cu,Aluminum,Al,97.5,Bare,5758.25,,,2023.8,152.0,,,80.1,27.0,12.43,,601.484
RSW,Copper,Cu,Copper,Cu,157.6,Oxide,6134.14,,,1238.72,354.8,,,82.4,49.8,14.07,,1492.024
RSW,Nickel,Ni,Copper,Cu,247.7,Tin-plated,2182.86,,,525.75,310.8,,,38.1,24.7,11.85,,389.552
RSW,Copper,Cu,Copper,Cu,195.3,Bare,7969.69,,,425.18,278.8,,,40.3,54.8,15.77,,1433.808
RSW,StainlessSteel,SS304,Nickel,Ni,39.2,Oxide,6767.94,,,518.65,73.8,,,92.2,11.3,16.39,,328.3
RSW,Copper,Cu,StainlessSteel,SS304,203.4,Bare,7940.33,,,2123.28,497.5,,,53.3,39.5,7.18,,2584.962
RSW,Nickel,Ni,Copper,Cu,112.9,Nickel-plated,5211.62,,,356.87,405.9,,,46.0,21.8,15.84,,1346.097
RSW,Nickel,Ni,Copper,Cu,145.5,Bare,5790.4,,,1937.64,69.0,,,89.9,10.6,5.56,,283.121
RSW,Nickel,Ni,Copper,Cu,235.3,Nickel-plated,2673.38,,,964.68,246.4,,,110.8,22.3,19.55,,465.417
RSW,Nickel,Ni,Copper,Cu,87.1,Bare,7800.15,,,665.2,173.0,,,87.6,13.5,11.32,,849.76
RSW,Copper,Cu,StainlessSteel,SS304,74.7,Tin-plated,7519.2,,,1044.17,70.8,,,47.2,69.1,16.82,,369.135
RSW,StainlessSteel,SS304,Nickel,Ni,64.1,Oxide,1515.95,,,1486.64,94.2,,,92.8,67.0,15.25,,101.162
RSW,StainlessSteel,SS304,Nickel,Ni,68.0,Anodized,6091.1,,,2106.35,111.9,,,94.9,67.9,15.68,,465.862
RSW,Nickel,Ni,Copper,Cu,133.3,Bare,1859.52,,,1189.96,425.5,,,-9.4,55.3,14.5,,475.097
RSW,Copper,Cu,Copper,Cu,193.7,Bare,5359.05,,,2427.14,256.0,,,76.6,46.0,5.25,,988.209
RSW,StainlessSteel,SS304,Nickel,Ni,248.6,Bare,7330.46,,,1487.64,285.2,,,109.7,49.5,22.12,,1398.155
RSW,Aluminum,Al,Aluminum,Al,135.3,Bare,1828.07,,,980.72,221.6,,,4.0,11.0,4.83,,226.766
RSW,Nickel,Ni,Copper,Cu,99.6,Bare,6006.22,,,1402.0,130.6,,,75.8,70.0,22.78,,472.949
RSW,StainlessSteel,SS304,Nickel,Ni,208.2,Bare,7129.48,,,2235.8,200.6,,,68.3,34.9,15.23,,1004.843
RSW,Nickel,Ni,Copper,Cu,89.0,Tin-plated,3810.43,,,2347.22,468.6,,,83.3,69.5,18.7,,1279.873
RSW,StainlessSteel,SS304,Nickel,Ni,135.9,Bare,4357.6,,,1341.7,72.9,,,105.9,62.2,5.44,,199.23
RSW,Copper,Cu,Aluminum,Al,138.7,Anodized,3479.56,,,2303.17,89.9,,,2.7,42.9,7.09,,182.547
RSW,Aluminum,Al,Aluminum,Al,127.6,Bare,6606.98,,,1989.34,156.9,,,112.7,37.1,9.77,,608.454
RSW,Copper,Cu,Copper,Cu,228.0,Bare,1717.48,,,1242.3,57.7,,,48.3,40.3,4.95,,70.519
RSW,Copper,Cu,StainlessSteel,SS304,220.1,Bare,6782.05,,,1400.53,373.5,,,68.0,70.3,7.25,,1530.272
RSW,Nickel,Ni,Copper,Cu,209.5,Bare,6162.15,,,949.82,395.9,,,24.3,18.7,16.71,,1393.101
RSW,Nickel,Ni,Copper,Cu,243.1,Bare,3127.91,,,2357.98,116.8,,,105.9,27.1,24.72,,245.777
RSW,Nickel,Ni,Copper,Cu,107.4,Bare,3360.69,,,1730.35,81.6,,,87.3,58.6,21.52,,187.282
RSW,Nickel,Ni,Copper,Cu,213.9,Tin-plated,5765.88,,,2481.08,110.6,,,80.4,30.9,9.88,,413.368
RSW,Nickel,Ni,Copper,Cu,59.5,Anodized,4270.1,,,320.78,95.9,,,7.9,50.4,9.39,,244.043
RSW,Copper,Cu,Aluminum,Al,204.2,Anodized,1072.48,,,1607.97,385.2,,,97.9,67.1,4.51,,255.67
RSW,Copper,Cu,Copper,Cu,69.0,Oxide,7024.21,,,1988.84,105.4,,,63.9,42.0,22.04,,521.771
RSW,Copper,Cu,Copper,Cu,38.3,Oxide,7392.62,,,436.39,469.2,,,-2.4,61.5,19.67,,2242.148
