sample_id,timestamp,batch_id,anode_material,cathode_material,anode_thickness_um,cathode_thickness_um,surface_finish,surface_roughness_ra_um,welding_technique,power_w,amplitude_um,force_n,time_ms,speed_mm_s,pulse_frequency_hz,pulse_energy_j,current_ka,preheat_temp_c,ambient_temp_c,ambient_humidity_percent,energy_density_j_mm2,weld_width_mm,weld_length_mm,penetration_depth_um,imc_thickness_um,contact_resistance_microohm,shear_strength_mpa,peel_strength_n_mm,porosity_percent,crack_density_per_mm2,void_fraction_percent,surface_roughness_post_weld_um,peak_temperature_c,cooling_rate_c_per_s,grain_size_um,thermal_cycles_tested,resistance_increase_percent,strength_retention_percent,fatigue_life_cycles,delamination_area_percent,imc_growth_rate_nm_per_cycle,corrosion_mass_loss_mg_cm2,quality_score,quality_class,pass_fail
WS_000001,2023-01-01 00:00:00,49,Cu-C10100,Al-3003,257.4542081109768,249.4563273866794,anodized,1.2786893562514765,Laser,730.9270981897415,0.0,0.0,52.75852435069878,64.37727556692977,967.8105063681171,3.976932749812983,0.0,35.7649746928964,21.3815337550657,52.83742902552653,0.12355082487696668,1.8350133274905411,3.0710752936504724,32.60351873631707,0.888135955586792,72.44034605505479,29.16932892908623,3.143150630898464,0.0,0.0,6.633962849189342,1.007738328277694,168.28639983789614,22.370173594102553,46.47948430599997,1266,28.130217835762608,63.58781889210003,716,4.392278079919597,0.4508699856984212,1.7948376832427142,0.7062720324100903,Good,0
WS_000006,2023-01-01 01:15:00,29,Cu-ETP,Al-3003,135.2537723906766,446.28039692960147,anodized,3.440506165121493,Laser,2694.547931425179,0.0,0.0,67.48251356975754,16.826840721542865,241.8596006664054,40.738572379706724,0.0,64.45185158985855,19.76308459429084,34.21430970197116,4.84209401561048,2.378231705519203,2.4850722953956783,63.829883904095745,0.7512662406002821,89.258057102474,24.90847925580977,9.501214670027458,0.0,0.0,6.039286427026344,2.645599083134794,108.94110041873489,5.743291299752886,47.20256984757247,349,28.167162083781058,73.15192650024628,706,0.0,0.02430324315306366,1.3702089110128008,0.7376957397916108,Good,0
WS_000018,2023-01-01 04:15:00,46,Cu-ETP,Al-1060,228.82701407829188,196.05064818060794,bare,2.7514042906253406,Laser,1573.8636217965072,0.0,0.0,31.47178234966774,34.242829979369404,584.2304944885541,37.34317144260423,0.0,41.18448125659006,24.778444975224463,64.1281086023973,2.1810797451672492,1.9077110702232738,3.1867179941607713,30.0,0.7634226557369314,84.28187864948727,35.29912093143303,8.839326038671096,0.0,0.0,3.7677203902394236,3.006012788577192,193.27228302758482,21.38009289962624,42.34336940999107,1355,36.15586316340055,67.58319829984757,412,8.200824016660734,0.08736265057871784,1.4208865534827395,0.6768143226399459,Good,0
WS_000020,2023-01-01 04:45:00,17,Cu-C10100,Al-6061,443.17396559893155,204.08454717430146,bare,2.4443405064002954,Laser,1790.0438585440745,0.0,0.0,24.258076668515315,27.386552145972054,956.3829853839285,12.667175746131859,0.0,68.04768754115653,26.06134924997507,49.196153742000895,0.925065388196003,2.0130355436913736,2.723884980755711,66.94371911716965,0.680649322965439,101.05324085747132,45.013319179997225,4.8205169993904295,0.0,0.0,3.297291355128557,1.885817282023028,179.4629135355847,5.0,49.61095241083499,260,22.740535689325014,74.57818145619227,525,0.0,0.2579024329295092,1.41340437638702,0.737334650106493,Good,0
WS_000022,2023-01-01 05:15:00,29,Cu-101,Al-3003,274.15852935990057,111.40800993545929,tin_plated,3.0208827855834697,Laser,1420.3893509069696,0.0,0.0,97.73991255066113,67.37172659898607,963.4409662954783,18.22431462062558,0.0,59.710519090274154,20.738794071560157,39.584553586755966,0.5410077948306539,2.5352950407146295,3.083931769602509,30.0,0.9839679305675868,82.59245867329788,39.96537501466018,6.37399954088226,0.0,0.0,3.4948613556226347,3.080971337884825,155.19631432508888,12.235932862130301,46.84125303497484,767,32.43824870546334,74.21657999024596,767,5.329047821774934,0.6605639376366208,1.2898661788708057,0.7280254455849252,Good,0
WS_000023,2023-01-01 05:30:00,11,Cu-110,Al-1100,481.2480457576551,463.72165856241975,tin_plated,2.108900656844178,Laser,2268.015366167463,0.0,0.0,86.67906722219718,60.70619583757249,767.9869521757153,37.975711916181325,0.0,71.76379762935852,23.60064680554103,49.619404786616954,1.2511313348571669,2.1714422756397247,2.9844874012003464,49.04033849101008,0.4729454948902552,94.11770125616786,15.577375797329937,5.397283941121657,0.0,0.0,6.553386977634983,1.6752636613034866,112.85795886132829,5.0,39.74292765727866,848,33.15827972874874,68.42060793286976,550,6.084425747784708,0.045585121129432755,1.614394167678305,0.6965724686286215,Good,0
WS_000024,2023-01-01 05:45:00,35,Cu-ETP,Al-3003,387.6980802303327,103.28925255555662,anodized,4.208565183772539,Laser,1715.2382579875582,0.0,0.0,89.55455143802439,58.358502570974295,584.3470828522434,31.373250878675048,0.0,39.402417443040406,21.489228545340627,64.60318844694041,1.0751904005939703,2.6886793400225493,2.6909208908819746,30.0,0.2,108.8005335214075,47.11507550687374,6.590053707575389,0.0,0.0,3.300759715937413,3.3052449933763928,172.65493094340877,23.535296604885204,44.93227850040549,305,35.841233481577866,58.91266624428542,406,0.0,1.3231056044148264,2.8281106189554905,0.6705864820550134,Good,0
WS_000033,2023-01-01 08:00:00,15,Cu-ETP,Al-6061,325.76663511189906,451.13304143032576,tin_plated,2.3940710381129815,Laser,1759.896594211696,0.0,0.0,93.80909455583135,37.67283416850242,839.2933881946913,19.474090277761032,0.0,79.51438147037659,20.357149666933385,30.28602025691037,1.033853210547295,2.2150955254840476,3.1860107452009556,42.31336055361113,0.32127442668726536,76.70136549376758,28.59385240292186,8.366155800780135,0.0,0.0,11.129166904285036,2.0415092732344475,169.69332385391345,17.32461314197186,46.58324451276422,1649,46.32883909024138,46.30215102406335,554,15.222261541547365,0.0,1.3122817601707817,0.6046537118677282,Good,0
WS_000034,2023-01-01 08:15:00,13,Cu-110,Al-1100,340.2332787948544,458.0424902920368,bare,4.540702383607942,Laser,2684.2817122647216,0.0,0.0,43.87764771950889,89.57477576741347,924.8184869224665,26.599134339449986,0.0,74.0555848906753,18.84255271282435,33.221017253657465,0.5938978716177042,1.5577196698451348,2.6760961673275676,43.90434646531915,0.354838029576509,101.46922931155544,15.0,4.407623436115383,0.0,0.0,10.867503703656062,5.362590537446725,153.85182617201676,5.0,46.75694974464474,1710,42.14104231386285,46.13787444881518,564,15.505373006241175,0.5558150100339084,1.6624939148623346,0.6106605482645414,Good,0
WS_000041,2023-01-01 10:00:00,19,Cu-C10100,Al-1100,404.8848233256708,468.7822520531001,tin_plated,2.6413668181661794,Laser,1049.2190635737043,0.0,0.0,55.77384200047177,23.832429064290544,85.11423270953236,47.54833831644613,0.0,37.579488566662846,22.155672712902664,40.98835071892614,3.99022174266663,1.6971521378985805,3.158813301494557,31.16396916386077,0.2,96.73945920655301,36.12354333384014,6.188893304192614,0.0,0.0,2.6109470780751294,2.396808481330912,153.16663562540987,5.0,48.53712741869064,1124,44.949098501789955,52.7802749698468,485,7.558041418947277,0.0,1.4432163021924644,0.6326890453447391,Good,0
WS_000044,2023-01-01 10:45:00,1,Cu-ETP,Al-6061,366.67426075700524,323.25366325128596,tin_plated,4.968069256360622,Laser,2821.051777359816,0.0,0.0,43.124718635656336,47.26863394683704,696.2299802910842,33.704715632911864,0.0,23.287468061380213,24.815114574129172,54.952976052733995,1.4260922230508926,1.9929989123584853,2.8249829240824527,70.31475235864605,0.3827601559451278,108.13284319794903,33.661710473791615,6.878911703132889,0.0,0.0,0.5830530759657724,4.588381308790122,138.36572627798836,5.0,37.49416084188462,688,30.78434732674517,61.479040273685364,556,8.061712810149169,0.0,2.0933966947974696,0.6794720348417326,Good,0
WS_000051,2023-01-01 12:30:00,16,Cu-C10100,Al-6061,179.0223622713913,423.96524812243615,anodized,2.117088904327994,Laser,1466.2399771918067,0.0,0.0,38.88994554475025,70.82692638644303,740.5379535026675,26.7784510514043,0.0,34.23158542068296,26.967281929963136,50.97282042436212,0.7561658374188593,2.014297341801434,3.0626259168059144,52.999485060496106,0.22273857755282012,93.36661542405857,23.17872483748913,4.370824821365856,0.0,0.0,5.534460031285668,2.762612488564124,194.69071880452125,12.303095100116156,54.77169679848092,1047,36.751388557124194,50.138526060434415,363,11.079151948502274,0.0,1.9469084352314032,0.623645822411958,Good,0
WS_000054,2023-01-01 13:15:00,20,Cu-ETP,Al-1100,133.98651595578656,263.93906924734,nickel_plated,3.6962886281930927,Laser,560.5558460453426,0.0,0.0,51.99508913757528,82.60702691250269,807.5555838640234,17.996231661716923,0.0,78.76642950987906,18.0836225637957,46.882111507795706,0.4357070417454563,2.316850637551346,3.0639974744913014,40.66823263753896,0.29036809181943024,123.5580204879115,34.337260215092954,4.875877231013317,0.0,0.0,2.6201538129018287,2.961727725904111,177.38932600520982,5.0,52.22595365038413,894,38.57318094821626,61.70073832599813,557,12.76857478179921,0.4518078577664436,2.155447144735618,0.6595843300101306,Good,0
WS_000058,2023-01-01 14:15:00,38,Cu-101,Al-3003,210.70165278052343,410.0763077175623,nickel_plated,0.8544088711116884,Laser,1130.6840734874013,0.0,0.0,66.46832733387328,16.513600871575406,152.26030074179064,32.03404465926895,0.0,35.62187153013132,25.874940466339012,69.43761079112548,3.8797164723060047,1.5944836264193705,3.0742746204736724,66.7007067965134,0.2,121.47799633981245,46.58656730768105,4.757278710920148,0.0,0.0,4.293827697061294,0.8531996215342416,158.40154328517235,11.639578165235829,56.92850107236715,949,40.431258136174776,57.479565555643234,330,7.773025633017574,0.0,2.8544291510661366,0.6404776036229379,Good,0
WS_000061,2023-01-01 15:00:00,35,Cu-C10100,Al-6061,473.14707605065325,203.2632670633913,bare,3.24066587725606,Laser,2524.9696875427253,0.0,0.0,78.59715246147834,97.7936044015342,503.73289122554166,30.103258587536082,0.0,52.871884993704136,25.187765245261797,36.73029074946056,0.6156488202221089,2.053884390751395,3.7080642228372263,61.57506367433357,1.0189183125974481,68.93939673708252,34.10039147887601,7.647667938359785,0.0,0.0,3.137238957892854,2.938246530758742,226.47792872062797,12.65201766967355,50.56858166457279,1614,25.322218646508254,58.21338735662479,827,8.392156826487419,0.48058536239539806,1.5916309190539564,0.696948179705469,Good,0
WS_000063,2023-01-01 15:30:00,16,Cu-101,Al-1060,300.9487279888382,333.27806475321836,bare,2.8121006594521267,Laser,1152.6008332674912,0.0,0.0,52.57073777924023,48.264737018978465,946.4491238019054,6.990398778221215,0.0,39.54957454040816,19.687205602388786,51.93972954648733,0.2896689885815592,2.0785389702914268,3.183818435305157,89.08883817234047,0.2,106.35973481145123,23.50501435372375,3.0,0.0,0.0,3.638988659535558,3.2771156396175667,100.0,5.0,46.46201415345962,1125,41.543867175121235,51.363523919475305,523,6.415469338907116,0.0,2.626890470224802,0.6389306706922222,Good,0
WS_000065,2023-01-01 16:00:00,3,Cu-C10100,Al-3003,394.85296558265566,159.25356880655323,tin_plated,3.67456874950398,Laser,1475.7422059430257,0.0,0.0,43.99197958221605,97.47910887226537,209.61685138217484,35.64000967317187,0.0,50.13954735981173,24.770863921820848,69.40901164189398,0.7312338014881488,1.9749640620677344,2.8811272296706836,47.050001766428615,0.9100444471446092,94.13681071109897,33.30664524474182,4.777418660387245,0.0,0.0,2.4782484446804793,4.417392767715748,122.34204650841976,5.0,41.42198475177307,342,18.793946002709767,72.09524988996618,468,2.50576004888276,0.11232398464559185,1.9108520176911838,0.7285489056291956,Good,0
WS_000067,2023-01-01 16:30:00,49,Cu-ETP,Al-3003,289.9076024174605,372.48370312861954,anodized,3.341236167395807,Laser,1851.608119880876,0.0,0.0,96.45095797995371,30.480639506081715,788.9384801831936,12.297777229714967,0.0,61.3310531072003,20.131795464910464,34.72607276762868,0.8069238328980091,2.2104860620995903,2.614464550266024,62.877567470397,0.3853126767789864,98.8843651653917,22.857348015271903,5.165069805494362,0.0,0.0,3.256886071021346,2.7842093087557296,177.21705042106797,10.086318112952807,47.03279052953533,1153,32.737273415665825,51.50533635089326,578,11.113685354669085,0.0,1.5056208694692117,0.6473526040470631,Good,0
WS_000068,2023-01-01 16:45:00,29,Cu-101,Al-3003,234.5293577081334,400.86195690306636,nickel_plated,4.504174355834365,Laser,1309.0324193786405,0.0,0.0,68.92572421571285,33.227241522212864,931.5546422173504,34.711608913148325,0.0,36.79809146231239,20.76673320355456,44.450708835867076,2.0893464111333553,2.1835289236262163,2.9586030347455248,55.385417845187874,0.4590144107854718,110.49007208237613,34.92848489656089,3.846842999926853,0.0,0.0,1.0790989494559997,3.909250675224299,194.57942706458482,17.320697749691007,46.84256663711147,1460,42.82912691083832,46.04462169476113,426,13.243590063580488,0.3182311316439864,2.1314669056946554,0.6044361325014319,Good,0
WS_000078,2023-01-01 19:15:00,8,Cu-ETP,Al-6061,194.64391308300293,276.8616455146331,bare,0.3787484479451304,Laser,2427.4075612134425,0.0,0.0,27.520975604279656,46.72386989362647,85.49737713168054,14.729940489807078,0.0,69.11134890691213,18.05582909587432,54.59551531920779,0.6305102947740365,1.774454871991048,2.6920221094726364,58.523151308551085,1.0479146044471188,70.49211257378937,30.18862646157557,3.0,0.0,0.0,2.717286424892567,0.1,138.6023770636859,5.790549706654927,45.076158264333316,1838,27.342662155136928,58.58825314087922,808,12.968504152568068,0.27935928090102363,1.431538220714029,0.6850073610000942,Good,0
WS_000080,2023-01-01 19:45:00,18,Cu-ETP,Al-6061,271.6597967833287,491.3977858687163,tin_plated,3.682075215808723,Laser,1143.6049878060803,0.0,0.0,68.1140757071912,28.817578265041075,367.44983955477466,41.023299126488446,0.0,76.26558020146595,23.949796223808747,68.78792400453808,2.8471024698320515,1.8075429511869265,3.211050994603452,70.26762329787654,0.2743903289396715,101.81816655709538,33.21985479479435,4.151131830497041,0.0,0.0,1.737509911234381,2.9011026309204397,150.38057321435483,5.0,46.941628914284415,538,42.344356226982725,61.61317864873594,369,7.288936728215111,0.0,3.3041442916097665,0.6514496559159624,Good,0
WS_000083,2023-01-01 20:30:00,13,Cu-101,Al-3003,434.9890078475098,362.3185119598879,tin_plated,0.6175235217825064,Laser,2039.334583705363,0.0,0.0,82.93736853490388,51.21116069303241,738.0797818317625,43.660554607154346,0.0,45.16227612270932,20.006660869312316,61.734592348399744,1.7051187286639504,1.746729534253701,2.80731355497024,64.7144389015514,0.6097231797208567,85.20644746563212,35.68853242551103,9.5306469295721,0.0,0.0,3.4627115163454976,0.1258686784891096,143.32647797274987,10.070013250607541,60.0,1272,39.780711074564,64.08636659256108,648,11.98736728947163,0.36786363761032415,3.38232578671406,0.6712685362017973,Good,0
WS_000086,2023-01-01 21:15:00,27,Cu-C10100,Al-3003,301.9645805000557,344.9245155361587,nickel_plated,1.4000879433168694,Laser,1149.3383261668696,0.0,0.0,26.223439340441512,56.20546644265427,116.21944857139785,6.072150181817445,0.0,24.109543813248152,23.345031770520112,46.1341667974601,0.21606973720297415,2.4521585301308786,2.5021034205857484,37.679382892238536,0.2,99.54351308661644,40.51711504920952,3.4476085663617884,0.0,0.0,12.0,1.2334937070333698,169.5376173102161,11.320670987421131,41.91106531055503,266,42.48539428569774,62.225389711100576,505,1.7067868592774185,0.9177828294991476,2.1403960462931635,0.6723018241547263,Good,0
WS_000104,2023-01-02 01:45:00,15,Cu-ETP,Al-1100,232.97067686974606,235.10239485289165,anodized,2.584533529333623,Laser,2661.641519340034,0.0,0.0,44.98535963519334,33.74783884359279,583.5893108969972,20.42020203307003,0.0,79.57127500793189,25.00265597431028,64.14564054121647,1.210163538335547,2.1991151284695043,3.2111191473217398,54.846196426076226,0.2,87.50044110332487,25.34848867712231,6.497914429643361,0.0,0.0,3.250544724227212,2.49167708712632,187.57917066193892,8.480197485392013,48.08711012251199,1239,49.83216438697151,52.50849812481541,376,9.663056187440128,0.0,3.096449462598212,0.6134714350467977,Good,0
WS_000107,2023-01-02 02:30:00,29,Cu-110,Al-1060,246.71932825850735,204.48006850956517,nickel_plated,0.46672982520988493,Laser,2905.1461200690956,0.0,0.0,44.82397243954518,44.29898646333666,670.7988968115831,18.90134706382678,0.0,76.79875088694396,23.07753067928173,64.94061412236945,0.8533534770358764,1.6500534116002976,3.019642576038171,30.0,0.2,98.94820138832031,47.98459562568388,5.708591067881891,0.0,0.0,1.2592763641368332,0.1,180.67633236757882,18.91594591098822,50.41815196443254,1606,52.64447765340998,48.57536539022512,288,14.11956994563437,0.3168804710451707,2.9511820133604587,0.5851975033473834,Fair,0
WS_000109,2023-01-02 03:00:00,43,Cu-110,Al-1100,406.63837788482067,227.8472502032285,anodized,2.1662400695791826,Laser,645.0764047090513,0.0,0.0,25.869873944400904,73.6480785654129,391.2393308610477,35.09079587358751,0.0,53.34096107049154,26.420265601752295,59.80343722610996,0.9529317412516198,1.72401028401297,2.877239064197824,50.67349725334385,0.2,100.38163794575846,20.473706917245632,7.340180395809216,0.0,0.0,6.6025340444698575,1.5325725633661933,139.3287994572563,5.0,53.45423081539526,140,32.91420755882173,61.63535028627857,455,0.0,0.2845100729457601,2.7311557537187405,0.6850503977107971,Good,0
WS_000111,2023-01-02 03:30:00,8,Cu-ETP,Al-1060,488.02978266668276,205.1522807957304,nickel_plated,0.32212338003517094,Laser,583.3219874406399,0.0,0.0,62.3003102130033,83.5532929912492,418.1972003806793,21.289291162264977,0.0,52.75164235388557,24.56574123488914,60.38995782529271,0.5095978961474247,1.9787086562749314,3.0166368702416033,66.03033259022075,0.5953476411994133,91.97946517023321,34.176554923771896,3.0,0.0,0.0,0.9643269283517362,0.1,138.38239255321835,5.0,51.39948567470443,1032,32.82697704933479,64.40380078713132,418,6.3373584657142255,0.6444869871153429,2.234087097805302,0.6777531559372786,Good,0
WS_000113,2023-01-02 04:00:00,48,Cu-ETP,Al-3003,340.31685973584763,381.76944859099467,tin_plated,3.8067708605895914,Laser,1916.129374252593,0.0,0.0,90.06220770761,91.18173695405889,946.9404104032556,45.19464149555364,0.0,67.02764560062388,23.976222754430278,46.782620998356066,0.9913090714278575,2.016465675913863,2.982757641230416,30.0,0.29730839122566344,95.79169707420368,37.59900266070541,7.547616215430239,0.0,0.0,0.7905065831392649,3.6294363545038153,120.46745952579604,10.087039704783418,59.33897879648566,580,31.174415562649735,61.57919139185262,355,5.776986125685916,0.2326882909737905,1.5504688218182823,0.6700211728166625,Good,0
WS_000116,2023-01-02 04:45:00,48,Cu-ETP,Al-1100,352.3081680690483,168.6775972513965,tin_plated,1.910445745805293,Laser,563.8857116234487,0.0,0.0,31.563225350416644,49.79176680433421,769.0068022265646,24.34764907456102,0.0,68.06238381388846,20.05512796179716,42.57719462958704,0.977978916483905,2.1761883742915438,2.9464978178882637,51.530505163747556,0.2,89.80081713190023,20.88489837061565,7.1737554776435974,0.0,0.0,6.0213404455054125,1.9150838825732899,165.13946287749008,16.826775825614806,45.656708261875714,1753,47.8533781668644,51.38579533035292,320,17.607032623363878,0.0,1.5418134924846232,0.5950045682401117,Fair,0
WS_000119,2023-01-02 05:30:00,14,Cu-ETP,Al-3003,403.1106241500632,137.6841454449975,bare,4.758341490354704,Laser,1435.785395709196,0.0,0.0,82.71584822586458,97.51660252392857,271.34713865030494,19.175259347789833,0.0,61.60222389640739,18.44611487027716,51.32921330456412,0.39327168608206214,2.233173524003333,2.766492113829716,86.97011597190686,0.2,111.71224844916766,29.997462096090235,6.38470195972166,0.0,0.0,2.776477702656141,4.469283324828967,121.21718508971259,14.417309696241269,48.42065485413443,874,41.25779898228747,49.52208522013698,503,12.17809054944691,0.5742742816896259,2.4122709182318074,0.6226179281300316,Good,0
WS_000123,2023-01-02 06:30:00,16,Cu-110,Al-6061,122.4897179403889,456.26667035676286,tin_plated,4.7505757357492895,Laser,2741.211234202929,0.0,0.0,21.945625183928595,80.83504862611596,754.0950396213758,8.961061194097754,0.0,53.263641718788435,18.723924533401775,56.14356419565014,0.221712273237939,2.079738215079968,2.90646567021699,68.35427111269831,1.0888703906820099,78.83620903002256,28.907869416235677,5.776852507693199,0.0,0.0,4.222309479253583,4.880760221108433,160.47684230258702,5.0,44.321324419704595,1943,29.43122714248615,63.29796486529436,822,6.4782101206678995,0.5760995017952015,1.4476244327738463,0.7067514274732544,Good,0
WS_000125,2023-01-02 07:00:00,1,Cu-101,Al-6061,465.1203201631447,129.18733317027508,anodized,2.4724048122208093,Laser,2594.1522644401384,0.0,0.0,79.68810643619005,60.66723114137826,773.661072082441,5.643980948177179,0.0,74.92895640084035,27.801428373752273,42.544873181612985,0.18606357475008237,1.8833085678757528,2.6933571867713835,30.0,0.36798013796356893,95.66810913504116,18.807359228381205,6.66157728975124,0.0,0.0,2.3060965871931187,1.6296318319143643,168.7125561268087,20.172033093008274,52.018171253757146,1392,42.864742556300946,57.462565081429965,376,20.35744785060551,0.0,1.7174305579621203,0.6162557508159048,Good,0
WS_000130,2023-01-02 08:15:00,13,Cu-ETP,Al-6061,440.81936632187717,372.7332128131435,anodized,4.3825971851356815,Laser,2836.855907442456,0.0,0.0,70.79582576880503,51.40884321594267,462.5693423091441,26.305782782973896,0.0,63.52004883644538,23.607336415701184,59.931534630474744,1.0233952424284882,1.5920413697858706,3.2521862828020316,59.272898969420474,1.3171889484958683,59.00215509840872,20.252420708318546,4.37335106436623,0.0,0.0,2.6106330506625754,3.9850359996502527,148.1985012104337,19.148632972875134,45.97233908371031,317,13.409903751212877,83.06749374911506,742,5.953228767646758,0.0,1.5822233187299275,0.7758582414732973,Good,0
WS_000134,2023-01-02 09:15:00,23,Cu-101,Al-1100,106.41126258204925,284.12855602295934,bare,3.234048567714269,Laser,1552.0623821694855,0.0,0.0,34.36023995989867,34.677025115432286,598.8202259646799,48.1338497691531,0.0,55.11208776013865,20.032804789801602,36.661014150808036,2.7761233617316345,1.8543119489786133,2.6907466084780562,39.87424216468885,0.2,97.56951422279326,34.944129554641,7.178126615643935,0.0,0.0,8.395853336087647,3.3320715068937448,151.8611003234218,9.433513354518563,49.99969727780306,1606,47.307591559034556,56.14197715790189,524,18.07359410127958,0.3954611821483684,1.788660224419388,0.620438899949637,Good,0
WS_000136,2023-01-02 09:45:00,29,Cu-101,Al-3003,250.79446691473666,105.78825660114602,bare,2.3431188212016356,Laser,2527.1524237969784,0.0,0.0,71.68043766755248,40.706204914032014,627.1505190665715,22.279139892119883,0.0,27.65226058138205,19.69597504874557,42.68270789273889,1.0946311472254169,2.100471146978232,3.0430013276895607,37.22313293086478,0.2,100.80051607039609,41.81525497229269,3.3986517989616623,0.0,0.0,0.3452926260938658,1.9933374018845496,147.6919915197864,9.676217600421454,47.29115153654296,790,45.3934825021032,45.163259308553904,483,10.003919430978018,0.21762290810548146,1.4913409046385633,0.6082605755851461,Good,0
WS_000153,2023-01-02 14:00:00,49,Cu-101,Al-1060,463.5305990867449,212.0865627962284,anodized,2.882663686696486,Laser,1207.5345077023685,0.0,0.0,62.33257558912976,43.09998338038742,748.5312456194857,22.774796894288464,0.0,31.56712367354641,24.958150012971707,47.31446144649725,1.056835530226775,2.014944329249914,3.072592714116796,48.558646509784595,0.4230008963455526,100.25510578194951,35.93811467714655,3.0,0.0,0.0,3.0527058553884383,2.9282926855811726,210.51368537518874,7.348009660786762,43.17259703579734,1234,36.06143687063843,52.35286949401339,459,14.160527527845346,0.0,2.469781797193522,0.6308390293143658,Good,0
WS_000164,2023-01-02 16:45:00,26,Cu-ETP,Al-3003,287.42279783645387,256.66661715152355,anodized,4.952882470721273,Laser,1150.4579277050861,0.0,0.0,60.56906237443251,79.62761398595809,924.4774948269373,36.63182724935297,0.0,26.160394726852132,24.714825293075535,44.14103675916575,0.9200784857326706,1.5882142805035182,3.1434128457428367,34.98617984473914,0.8306243841398331,97.25385580595686,15.0,3.0,0.0,0.0,3.650870186034599,3.8434281345810613,123.5856572680805,26.171929327074665,58.488980019886625,1002,23.181144225847127,57.542430211352965,752,3.8289882877986425,0.0,1.0561467683377783,0.7020383394833226,Good,0
WS_000171,2023-01-02 18:30:00,13,Cu-ETP,Al-6061,270.2022637087371,307.5558126604326,nickel_plated,0.1917510975925143,Laser,2260.2075897515742,0.0,0.0,45.26798307861619,55.92765377901031,471.81579890154666,10.500899804785563,0.0,41.25412059175349,21.18387562467061,66.84097295931375,0.3755172654400374,1.8136035670179351,2.2424141625630174,95.60227043729716,1.2661581712954655,88.41383281572126,28.817002060606203,7.67162705533651,0.0,0.0,0.4820374241205927,1.0591971569811343,169.36788241372582,18.32177681305587,46.22576309650433,563,18.532468941309702,76.47150679666412,624,1.8183376520067838,0.029446090745735704,1.4082716209145318,0.751570680482183,Good,0
WS_000173,2023-01-02 19:00:00,15,Cu-C10100,Al-6061,108.4036627945443,305.25660060531084,anodized,3.5907320795696416,Laser,2759.281079075979,0.0,0.0,30.00694548120128,22.630273011325535,130.5254772133353,2.4523395756258397,0.0,30.960672903420168,18.368194409228288,51.25037679668863,0.2167308873736117,1.5626382724630676,3.117551472724837,42.37848478097247,0.2,105.0338248903281,52.634945801884236,4.59480414854647,0.0,0.0,4.101336107721964,3.4605780187555437,201.3181938940095,15.195436462487823,54.707816587533614,1942,46.92182009916623,39.850177158689064,515,18.855310289868157,0.0,3.2120882840134093,0.5782223392878038,Fair,0
WS_000175,2023-01-02 19:30:00,14,Cu-ETP,Al-6061,278.3302199308065,173.7325395952765,nickel_plated,2.894173267984424,Laser,2757.9597872828494,0.0,0.0,50.7636093812636,24.716885607771303,860.2672742515458,47.05294198579932,0.0,63.71338291343938,24.2097383622996,43.839679038131564,3.807352004817733,1.8308875243182774,3.1843930223433836,77.32373168912682,0.43997288056997624,102.42946892933112,30.515523185083808,7.857502303360128,0.0,0.0,1.8990142113955617,3.4926730880917654,161.3594531233264,25.351940303617972,50.31681328395794,1245,32.01243518362489,53.06729954702159,611,12.03188308246666,0.3221009541824838,2.214724093643862,0.652823148645825,Good,0
WS_000177,2023-01-02 20:00:00,28,Cu-C10100,Al-1100,454.0955514830261,405.06102350245635,nickel_plated,3.444007058932961,Laser,2706.2328185478664,0.0,0.0,54.21042297393907,88.7735446892198,994.7536988222416,33.87230437283312,0.0,36.64215469720199,24.020389163882918,35.394003471126624,0.7631170860961779,2.1838382798108564,3.216396389975204,45.911983921834945,1.1570826231068319,73.90140027801955,15.0,3.777524377607971,0.0,0.0,1.8401510037072668,4.008571204009056,128.22436940397586,6.007230706273871,54.92815988300779,408,18.5096525222088,74.77947040335509,532,0.0,0.5092065479786875,1.1679521170527565,0.7446508638917412,Good,0
WS_000179,2023-01-02 20:30:00,31,Cu-101,Al-6061,315.34524084040913,350.65747332470335,anodized,3.1698662056038724,Laser,758.8823553367739,0.0,0.0,71.74618603352629,36.71810659294916,977.091878618872,40.95174948075072,0.0,63.93607622662013,26.411276081053433,69.50782024959815,2.230602461871742,2.136897698134442,2.6781700492762877,57.29262695396312,0.25963179060245867,98.24997855547272,39.418582813047294,5.240681218969731,0.0,0.0,2.104525911803102,4.066987463653971,151.375536428985,5.688426049353697,51.64761938624111,1869,41.6665150016949,49.39381502548425,414,18.477306640710076,0.3960214935956433,3.230655365216455,0.6039398151098369,Good,0
WS_000181,2023-01-02 21:00:00,17,Cu-101,Al-6061,255.18910175915454,371.7266661254214,anodized,2.584314653431243,Laser,1839.227926607339,0.0,0.0,80.1417128925264,71.7671013169261,512.8321865240212,2.527481033568812,0.0,21.28076596570181,20.864931611976168,61.0882122664145,0.07043564494565177,1.9455905615045013,2.9833183773804604,30.125998923011288,1.5189549047007316,65.86993810607028,28.511194427873303,6.876352259853664,0.0,0.0,11.804796589054302,3.3072522143223724,144.0961713747462,25.05915572154084,47.48931191670711,821,11.312877590380296,76.1472991614557,589,3.2955621154757715,0.7877729094610486,1.1518409666776583,0.7564864192182184,Good,0
WS_000184,2023-01-02 21:45:00,46,Cu-C10100,Al-3003,474.1577958671195,250.3839638562655,nickel_plated,0.6826247866221676,Laser,1149.0320239839893,0.0,0.0,45.268100626274126,35.870103765152656,361.5235738028773,8.676922834590567,0.0,27.185124876356642,20.95635457338841,54.01154749277778,0.4837969185369397,2.302121296307761,2.7194301025417635,79.70751104580273,0.3320204118418017,111.05356014431932,43.77675220811777,6.0746611432410305,0.0,0.0,1.3700898419410574,0.1,199.35475597839047,15.191382281512773,43.03495004784676,423,42.16549116943184,63.25736033563703,311,4.369407533996966,1.0081882080715279,1.9699530252281083,0.6574358582920339,Good,0
WS_000185,2023-01-02 22:00:00,5,Cu-101,Al-1100,400.56932701252106,356.01951877202254,nickel_plated,2.9968054568687594,Laser,2138.5178080364662,0.0,0.0,86.28481353511219,14.587908712180838,404.6146809940836,14.384989747931126,0.0,52.614006457710225,19.926383407048277,58.95325556934074,1.9721798417781056,1.6051061577942107,3.6685947684382554,66.75194895888913,0.7765247831351136,95.07180761438136,20.43663837120022,3.4004417694926348,0.0,0.0,3.786105881033982,3.103417420708403,127.66086565574984,6.373972601230567,48.57220163266195,119,21.26826824205878,72.49672140029126,695,0.9704703594814387,0.4558942736196936,2.4824159897143208,0.7438531025469456,Good,0
WS_000193,2023-01-03 00:00:00,28,Cu-101,Al-1100,406.1265198101545,107.42828750603954,anodized,4.539495333304791,Laser,1433.0618580541195,0.0,0.0,34.6028944534181,28.54246347288484,445.38288229106433,44.830085698864785,0.0,28.478642779901737,23.868927622823424,56.850389502623344,3.1412905716041704,2.205139960138891,3.326714303312079,53.39875350141302,0.2,115.22433776677968,46.438488373527164,3.286602874554024,0.0,0.0,12.0,3.689413024261059,174.0316585227666,5.0,41.08910343223375,1805,47.778561032911874,45.30525618297148,501,18.349771541081836,0.08233646620344306,2.4519375604609284,0.5905894772685324,Fair,0
WS_000196,2023-01-03 00:45:00,21,Cu-110,Al-3003,419.1992140876896,471.71226067432366,bare,3.0429238475393054,Laser,847.3956609587956,0.0,0.0,80.73229269874979,25.103988471063182,168.3743411384756,14.337757824551709,0.0,48.08101400034556,25.945267729983716,65.96378993067032,1.142269312390621,1.8611481171243045,3.6874620406743075,69.71162151732635,0.8188099986687074,75.62080938492772,35.23707676650545,3.643952206375908,0.0,0.0,6.578901420982403,3.3386223616389237,185.57309769538261,6.970324202586086,51.78049933421543,1174,26.801600024290604,56.871875118877476,481,8.717724273293067,0.6370517172297222,2.2776991999800424,0.6676982214149999,Good,0
WS_000197,2023-01-03 01:00:00,50,Cu-110,Al-1100,395.4184213587854,386.97378035130146,anodized,0.711606578305029,Laser,1739.381571650887,0.0,0.0,29.469058089751226,39.812612229279644,576.010331763963,31.929296705590286,0.0,56.01727224164772,20.462372141871157,32.06469501053072,1.603978986443312,1.8374840242167862,3.083940596243087,65.30046812668361,0.7710100036344617,93.3346737540404,41.35002708242128,5.119175580763938,0.0,0.0,0.5604998185975636,0.3031143803089143,195.08908010628437,5.0,54.381986085151276,1524,39.491723334546194,60.36105789679014,517,17.463196716106623,0.05578085374871966,0.6841240108781477,0.6433882325641227,Good,0
WS_000198,2023-01-03 01:15:00,14,Cu-ETP,Al-1100,125.51782250143916,405.0613959645937,tin_plated,4.00332158289875,Laser,1270.0906873205872,0.0,0.0,85.96230756019709,23.531511332730723,636.3607662090888,32.95965927396992,0.0,29.35310217596057,24.69653595250974,53.66495225841139,2.8013210718110813,2.3848004023301304,3.9978404975752713,60.51613297094802,0.8920201947025637,81.81225225414158,25.25871612484512,6.578200588062988,0.0,0.0,1.6987005458737365,5.1449070758557625,129.3189242183241,12.644428290136045,52.855504470096534,179,22.656780546086654,78.71929886595031,503,7.3242650631435,0.15789288086233752,1.8372619997377015,0.732613412685685,Good,0
WS_000202,2023-01-03 02:15:00,9,Cu-ETP,Al-3003,493.1787518218803,168.83994105994486,tin_plated,0.6493568768571611,Laser,2737.827424538657,0.0,0.0,80.24203235204533,94.23403941207947,217.28166049592306,28.283662663475777,0.0,40.92867341526737,26.482311080905433,54.49274490669346,0.6002854773059896,1.9537930378309836,2.354243332535841,61.282388358796254,0.2660160557873358,109.51668817243203,27.282781828453587,4.7188556646185065,0.0,0.0,8.706252208779553,0.15244257911040293,158.4906236237026,5.0,48.696739926787565,418,37.906069631328734,62.02868123176893,535,0.0,0.0,2.0688758604070188,0.6838792652990958,Good,0
WS_000216,2023-01-03 05:45:00,25,Cu-101,Al-1100,343.28455070657867,413.6247119313915,tin_plated,1.8214461717405603,Laser,1816.6390404073877,0.0,0.0,99.51494836319085,55.83468625861901,446.1879610207709,35.10775466261429,0.0,51.96363576874943,18.396516986615158,39.36987809314905,1.2575607392150367,2.0277287613108173,3.553786048860474,47.168367041076884,0.3327462966539058,119.3096899429719,15.0,7.518460231882622,0.0,0.0,4.681317997645776,1.8734451049566048,144.4702105598012,11.972024042940978,43.96763695417388,1725,41.94324328894845,45.529216915644696,340,17.064803779029567,0.0,1.8769419219132872,0.5915783369366753,Fair,0
WS_000217,2023-01-03 06:00:00,34,Cu-ETP,Al-1100,277.82940042777136,349.0063473650864,anodized,1.7801577150206747,Laser,869.1010696313973,0.0,0.0,88.68771341338265,89.72767234680943,702.8542891220591,30.04367098275317,0.0,28.856056713164595,19.375048424877882,50.74569319670353,0.6696634426585897,1.6296520537475965,2.9298110067134098,67.01045720042431,0.2,100.43940404635038,15.0,6.420707800017938,0.0,0.0,5.634973306738851,2.4128516420223094,123.70846464263403,15.739599174289763,43.68097977703215,1383,43.92173371200651,43.35223967798736,511,15.397449910089582,0.02011870813473989,2.3999014820880484,0.5976944467122074,Fair,0
WS_000221,2023-01-03 07:00:00,37,Cu-C10100,Al-1100,219.9717589892265,371.578169712268,nickel_plated,4.511986060968829,Laser,2242.359064599259,0.0,0.0,25.927185935939598,67.37203529327165,564.5112393596107,1.5824340335218001,0.0,22.7120998386362,20.514643805462253,30.039165347076,0.046975990160707984,1.8927676433583878,3.916145224983095,44.54745212669614,0.2,108.94302577260493,46.049192872955864,6.061458849572773,0.0,0.0,1.5934822054938038,4.398276455652295,100.98675486400003,12.576772047479652,52.31036647430963,894,41.20235718249869,57.605532440583524,520,6.732190007913173,0.0,0.9820832843720936,0.6542541057295402,Good,0
WS_000224,2023-01-03 07:45:00,32,Cu-ETP,Al-1100,241.91891586255548,204.15894349802866,bare,4.209030565219981,Laser,853.3931078302599,0.0,0.0,47.53462451972927,16.029063326136693,770.6232100981554,20.426937916834948,0.0,47.56573418497696,18.83685863467945,60.94787106149251,2.5487375651610487,2.023780573901777,3.4133463275221807,30.0,0.2,93.63323928515972,39.616521566089425,4.524927254303186,0.0,0.0,1.4650522975024094,4.737755801752596,142.23837100657988,20.16454313589297,47.2188034416873,1330,43.03101349427723,54.82819094013561,511,14.623173027120313,0.0,2.0765609987984144,0.6291721743497393,Good,0
WS_000225,2023-01-03 08:00:00,26,Cu-110,Al-1060,259.9932073174274,107.38256761720906,tin_plated,3.734738321359546,Laser,2267.322837970463,0.0,0.0,94.64274307324723,85.98855172656911,558.086674328109,16.787526774838078,0.0,33.61242013721924,26.06718260188894,31.134578439198997,0.39045957718231916,2.2177607429000137,2.737870597313715,65.85337299903836,0.4028368226634717,85.47224953067852,24.663211804269018,3.0,0.0,0.0,4.680925749930846,3.4404064716185396,211.69381046453063,22.354655723061747,48.36622625918973,1436,40.584459881551915,53.80295088545015,511,11.944849087368805,0.0,1.7391177943287601,0.6353007620191476,Good,0
WS_000226,2023-01-03 08:15:00,50,Cu-110,Al-6061,122.95673747530941,318.24338577086024,anodized,4.661101454643561,Laser,697.0365978600855,0.0,0.0,7.203443340550062,78.98097213979288,620.145015669934,26.19956440256164,0.0,34.44565523201329,22.83292058708819,40.33252002706371,0.6634399069231397,2.1305528546822816,2.726777233511953,63.12617871234717,1.0151452816461493,87.09518019598035,23.16580497191194,3.0,0.0,0.0,10.785736890321225,5.4785086316523826,181.69772226473265,20.754198830525105,56.193101783932754,467,24.3838591651054,66.89521890446115,535,2.6708096428253167,0.5683829581145581,0.9939230373204992,0.711321157099864,Good,0
WS_000233,2023-01-03 10:00:00,26,Cu-ETP,Al-1060,380.439034945708,444.20459463497804,bare,0.9838608674878496,Laser,2890.2379078133713,0.0,0.0,83.51213385610312,53.70714173181106,978.5569506283465,12.341222103862107,0.0,23.406174954130606,27.468104575949372,68.6536340901748,0.4595747122603744,2.320496051553233,2.3210847519693107,63.25603755636027,0.2,104.47860706323726,26.988356910694353,5.6516386920203585,0.0,0.0,6.435208033300587,0.9053770019719345,163.2031851480463,7.7946350121901595,51.163711708317535,1598,46.943231616878556,46.02844757041095,303,19.550053289437802,0.0,2.7347172941162396,0.5781999215830137,Fair,0
WS_000235,2023-01-03 10:30:00,24,Cu-ETP,Al-3003,301.854915190974,419.8314576408012,nickel_plated,3.3246535486043727,Laser,1368.9128064897945,0.0,0.0,74.01972983178406,64.82450917355862,628.8955259480414,26.996307955291126,0.0,63.39577957326625,20.42236333112471,57.61171151354826,0.8329043535991074,1.7867922660609874,3.1204504017950465,58.71850394467595,0.2997592390896494,116.32598718305373,29.452083614486696,3.0,0.0,0.0,1.636944713709537,4.1905368131276495,140.45929920207791,10.847501646656077,52.134246640817686,726,43.43396240396606,61.071819608902274,345,9.965611521846,0.42264849200037563,2.3738555046114165,0.6418430838128454,Good,0
WS_000246,2023-01-03 13:15:00,49,Cu-110,Al-3003,332.82805244968944,486.794007211215,nickel_plated,0.32556236709442093,Laser,2978.071115221561,0.0,0.0,99.84656360077031,63.37966219153093,561.6099303290525,44.661981025374764,0.0,57.05514067456212,20.130302887527577,40.83894307662363,1.4093473988677299,1.9479190188159563,2.901040542186567,87.97061937583538,0.827477947777409,77.56927821058277,17.788889959280638,4.72249301087159,0.0,0.0,3.3961773229430277,0.49027400595734927,171.45974080872458,5.0,44.238603396393096,1399,18.828077541495496,64.73258434692693,635,9.406333405720074,0.6124687161645077,1.831963508896907,0.7082858027526823,Good,0
WS_000249,2023-01-03 14:00:00,35,Cu-101,Al-6061,282.75522869490675,493.665983793286,anodized,0.7204434962847878,Laser,739.6240844218726,0.0,0.0,99.20765684605642,48.121964702354845,570.1611636967715,19.284278310695047,0.0,29.803603439508613,21.578356254296683,52.77895941522349,0.8014751031040664,1.511984911052896,2.6912032904206766,59.96979673472038,0.34019874129185923,116.65898814119782,29.97016886418114,7.260502481182629,0.0,0.0,0.12067726616194817,0.1,170.32846461064403,30.16412110771485,51.604770068462486,285,31.258882238489004,70.18965347578366,454,0.46212174816425167,0.43867673404853885,2.341914277675616,0.7079859987205842,Good,0
WS_000262,2023-01-03 17:15:00,39,Cu-110,Al-1060,430.5858437968732,372.0438793733109,bare,4.085735530172258,Laser,2541.520878386791,0.0,0.0,99.80835020221001,36.917984551946205,615.7434393845125,14.850086776020152,0.0,50.02521759231107,24.65777069350182,48.59789659392362,0.8044906544193946,2.5711204252544158,3.238378579505541,67.40061650235384,0.2,95.8999386710881,33.01295630769889,4.88789171698955,0.0,0.0,1.0163208014954241,4.576256852458788,130.5021343042278,14.095318764326455,45.0222355714902,1274,50.17531551706841,51.50925805678255,372,13.528337335754031,0.0,2.2361471000912023,0.6029445393618148,Good,0
WS_000272,2023-01-03 19:45:00,18,Cu-ETP,Al-1060,151.6284987723526,272.9335599514661,nickel_plated,4.160846902069537,Laser,1527.2807328321337,0.0,0.0,5.0104720211731335,11.321131156096175,677.4673300051768,39.290921552657956,0.0,23.982350653906078,27.27263648251184,53.4641469356626,6.941165332494302,1.7080320453683928,2.9673386795147425,53.69382416230964,0.9508913296654671,74.90815253689799,27.321744287079923,5.422934941207057,0.0,0.0,8.714337951660545,3.4574377431934966,151.84784393285477,16.380109497272112,46.450908676106934,1460,23.124170423666055,65.99237288732493,472,11.731943935002237,0.0,1.7224504004358763,0.6897639483713507,Good,0
WS_000273,2023-01-03 20:00:00,42,Cu-ETP,Al-1060,219.1437593560845,491.704746243457,bare,1.4997274809561258,Laser,657.6463139406093,0.0,0.0,57.6890338672181,85.68536678243393,187.74597728623746,21.006019872043574,0.0,61.610009166549034,22.270023979524243,55.34253422215188,0.49030588677715614,1.7241154062304966,2.7519317008785014,62.259370956586885,0.6680805472780236,89.3579658350235,42.20727878334548,6.417427683568838,0.0,0.0,0.29510618030925917,1.7531573672483272,160.721451001395,19.982649425261073,50.07603271438295,1589,26.84246320820218,49.81686781944326,402,16.73544510067789,0.5668497866235167,1.7961286962429297,0.6296995151725338,Good,0
WS_000278,2023-01-03 21:15:00,40,Cu-110,Al-6061,233.09179060415164,432.07318664707753,nickel_plated,0.16435353117867527,Laser,1635.26330808892,0.0,0.0,88.23371324637509,90.15849022641372,631.5039389360202,19.214098597050235,0.0,37.70854983251632,18.661458721627564,32.03538936037484,0.42622937781673464,2.0836061760141056,3.303286699779233,51.09810310850107,1.184657312218438,78.20152626957133,27.297645951317758,3.378692329944484,0.0,0.0,11.382000826215403,0.19341148761514568,157.9758380980383,17.53623231641276,51.08696182221073,1845,25.80307676720297,55.21548890036256,580,10.002216541133897,0.1615649314086845,0.9510228386923186,0.6692466177521424,Good,0
WS_000294,2023-01-04 01:15:00,3,Cu-110,Al-3003,108.73868479448072,370.87628946906216,anodized,3.6469680877421147,Laser,2306.2902677406546,0.0,0.0,81.9367601165091,14.91312493460769,814.5840954347054,6.227632827102412,0.0,39.08758593529052,24.2602986487255,35.777513643489705,0.8351881787901401,2.255808043529544,3.994720612350467,52.437938832328896,0.2811579133176053,94.08083835125151,28.015330490751982,8.170172616914236,0.0,0.0,5.390839079677539,3.8073393242876326,154.04031514560347,27.74416100365486,45.77001564571266,1538,43.660933728869345,43.59306250364368,338,15.020032676590269,0.31974795540046536,1.3507231235849848,0.5878620277305318,Fair,0
WS_000297,2023-01-04 02:00:00,50,Cu-110,Al-1060,287.08824638846033,449.6415184264843,nickel_plated,2.296370348121443,Laser,1774.4584143539605,0.0,0.0,36.03021672669435,45.879318286084796,268.30663241967,47.20530928856724,0.0,46.91690292227061,20.731165408632872,47.86523272614775,2.057803430914736,1.872685011267717,3.8856690914406964,40.44754481820526,0.2,111.00349866121857,31.845947760199042,7.363826441869815,0.0,0.0,1.063094323382419,2.1636190362801004,168.7656702819797,15.357639417702952,47.73899105411809,1897,46.45861428769199,44.98046970275982,393,19.112285889907046,0.41500042316243446,2.2328590939263986,0.5831277167817859,Fair,0
WS_000301,2023-01-04 03:00:00,29,Cu-101,Al-1100,413.40060103516356,464.49372412586854,nickel_plated,4.860237644324342,Laser,1530.28086741192,0.0,0.0,16.855809238684877,16.720563717825627,104.65349883347608,37.28532317831528,0.0,37.457064097656705,23.831154757159666,62.34836657372529,4.459816523837144,2.1242831388369527,2.7023244972585796,32.88064572844574,0.30066713228509256,104.38623397281262,39.11684602997551,3.3006267647049388,0.0,0.0,2.252988911112059,5.365521477506619,120.55383857517522,11.00973425747794,59.508715234490374,1874,45.84691938589091,44.12549386433052,442,21.047628444394217,0.0,2.2039777269464342,0.5815457189154175,Fair,0
WS_000303,2023-01-04 03:30:00,44,Cu-C10100,Al-1100,404.7559577509936,151.17997636790594,tin_plated,1.4033144429617153,Laser,1396.305447007115,0.0,0.0,12.03189907430994,47.1163381062933,210.5207927438286,28.311206328183086,0.0,31.873561505774003,20.638925617987635,37.79677470346516,1.201757499248507,2.1226533602692026,2.953516383924632,30.0,0.3259591845946862,82.72049461560495,29.7377927954762,5.579837522205493,0.0,0.0,5.1659118591117945,1.851124820017968,150.50370535568106,30.91004324454731,43.737566293170765,1192,32.60048133760912,55.0927608343826,317,17.28214542332148,0.0,2.064254580853493,0.6275604907441484,Good,0
WS_000304,2023-01-04 03:45:00,17,Cu-110,Al-3003,457.3217975152491,499.1660537649151,nickel_plated,1.2090575643436816,Laser,1090.5787382747196,0.0,0.0,37.27537298255308,65.67507639008262,805.9317213927953,3.827323005061173,0.0,33.01033492583909,27.522385286524496,38.35459166227751,0.11655328673935504,2.064651128773813,2.934331414366811,57.6505459785716,0.2,89.31280305565797,34.1374582111734,6.2045046365210474,0.0,0.0,1.2859626929082164,1.6315221047282502,163.72970632151572,25.05791393128225,54.52904921757703,622,43.863670033747624,49.548184684036,344,2.950149394987655,0.3043066590934038,1.3923996107730616,0.6254767598772001,Good,0
WS_000306,2023-01-04 04:15:00,4,Cu-101,Al-1060,314.2169892391193,389.68196512334805,bare,2.347279588414183,Laser,797.9006629871856,0.0,0.0,72.81793930104718,68.15711525799134,619.6717037941553,25.554787749223237,0.0,62.965282085752726,19.156472396005523,65.63862018159047,0.7498787955591172,2.408151438266567,3.593800486916261,57.16418558244601,1.0899310774804813,60.451421253673416,27.232969839457983,6.98816374120258,0.0,0.0,2.0732403792592056,2.8568973790803565,141.5717155436022,5.0,56.37416734136096,1024,18.374454730150145,72.23503776256634,640,3.343918410298866,0.0,1.7429568087831886,0.7394227319585469,Good,0
WS_000313,2023-01-04 06:00:00,22,Cu-ETP,Al-1060,470.76302485834566,481.3743299031341,bare,0.4155254376845583,Laser,652.5692785810497,0.0,0.0,38.96856847646246,57.0417752049635,567.0582995857844,49.872732640208675,0.0,52.39756591268337,19.5333578091852,33.607228296835764,1.7486388690045183,2.0767779056054563,2.4686779084768125,54.37784424215011,0.2,121.51499219153607,28.969093742345347,9.918592526204918,0.0,0.0,12.0,0.36065235003946355,159.3687530637998,5.0,40.40599654454884,241,29.873435158045613,67.45761660466705,396,0.13708566356044694,0.11496468555737469,1.968893754838207,0.6999768531554234,Good,0
WS_000318,2023-01-04 07:15:00,36,Cu-101,Al-1060,483.548749276164,189.397725702336,bare,3.1739518410840675,Laser,2272.3773108353926,0.0,0.0,65.13907773019369,60.66252281080906,755.7634037463627,10.410438553405845,0.0,79.2092970199668,23.4767535201082,44.24682193874648,0.34322471506413765,2.0733193441969866,4.084245433397161,54.14379957375409,1.1791486180211184,72.54804599452304,23.72178969751085,5.1477163578184975,0.0,0.0,0.029534142674643073,2.9865453921201,133.01493206920884,24.404089578096837,45.99846758953466,528,18.972922804019582,69.58867645065092,798,5.360723080333493,0.5935737442793155,0.9599661436088385,0.7386609511449725,Good,0
WS_000327,2023-01-04 09:30:00,48,Cu-C10100,Al-1060,133.02886321411086,265.62713030712655,nickel_plated,1.1670368308901873,Laser,2555.6557565342778,0.0,0.0,47.475583710769335,72.58406806053856,798.0544523712741,9.843358108455243,0.0,70.23659539939513,23.08120427382579,55.103656004978454,0.271226410188126,1.758672641883058,3.2722870663474186,51.38518573128559,0.8174980945776764,80.74723533398044,28.176496354303456,3.638118201123358,0.0,0.0,5.9598091395603365,1.2022495821398709,186.4943242157628,5.0,56.70723248073934,944,27.925961730834356,67.0268199795374,510,6.35624451313353,0.7141866286157577,1.6081439452287716,0.6977601488904666,Good,0
WS_000332,2023-01-04 10:45:00,48,Cu-101,Al-1060,226.58285234976648,331.98479221404443,tin_plated,0.9999415400312401,Laser,741.5536738427331,0.0,0.0,10.595738945137908,70.94043746034336,665.7048884324769,44.83862031157866,0.0,41.637408488425535,20.355686518027234,58.39214572446747,1.2641202089187578,2.174894151052819,3.6284116128738786,50.048276587290715,0.5633961460130275,106.35928643965589,23.282168001676673,10.720500860201515,0.0,0.0,9.499780221573364,1.0134807504774594,160.28027196505383,21.324715315900058,46.33981880410042,1028,31.5392454591361,60.39010410961019,426,8.576116420972719,0.0,2.3099325548618475,0.6659861737959974,Good,0
WS_000333,2023-01-04 11:00:00,6,Cu-ETP,Al-6061,134.78680810237321,135.60127119307185,bare,0.14877276599548525,Laser,2544.682643759816,0.0,0.0,95.924530483623,86.30959755858095,975.8331245499234,28.736653648216603,0.0,34.65870499601831,27.196882503900536,69.72285377877795,0.6658970603752882,1.9207047897839546,3.468247273276066,51.00148003196668,0.5451854569117494,81.34185429391371,20.917972141346436,5.342925581524198,0.0,0.0,7.794114255236657,0.25985565396135135,120.92452843477969,9.691222757621071,54.74671910031863,643,39.80717677581406,66.83623848801875,621,8.132738992573232,0.0,2.312520362614242,0.683530945445251,Good,0
WS_000334,2023-01-04 11:15:00,5,Cu-C10100,Al-6061,221.2879135377002,377.59684335571023,tin_plated,2.4110511757984456,Laser,2640.223365975519,0.0,0.0,85.86342716679289,89.71544874132609,121.30919813626322,1.536421317737076,0.0,76.5548763333874,20.476597947973577,39.85427094530081,0.034250986631455066,2.0890519411586794,3.0787357193912173,48.30669061217468,0.480446472505487,90.37496668153496,33.419867430690225,3.3549899403971857,0.0,0.0,3.7026790990787424,2.4589359888191304,187.9237856340339,5.0,49.32544397215804,307,40.48343170361029,54.395381863837585,577,6.260709903377994,0.0,1.5804565371504775,0.6519911427020114,Good,0
WS_000336,2023-01-04 11:45:00,18,Cu-ETP,Al-6061,477.8829526689927,414.54695438467917,tin_plated,1.245951943823144,Laser,2427.9542402955703,0.0,0.0,71.05815466829183,46.96193545081947,826.5737022090364,6.473599989415603,0.0,26.84679591183609,22.5590677080261,63.71423624828756,0.27569562145474313,1.4818689329701482,3.20902448412308,44.36884299563595,0.7889532346767267,70.64453601093774,30.046026925772324,3.0,0.0,0.0,0.8379029248168153,0.9839780154344155,179.52130487924603,6.921854145384458,57.21304219926768,1340,37.96694849580572,61.30454734606587,493,7.46754118554602,0.0,1.6086245441319054,0.6651759725652239,Good,0
WS_000341,2023-01-04 13:00:00,7,Cu-C10100,Al-6061,424.27342813503674,150.61778348536325,bare,4.317894960314835,Laser,2668.4731799497176,0.0,0.0,31.45222655526617,69.43567273294443,571.5953126418409,17.70102644316454,0.0,27.485591361556807,26.0406857201281,33.45333056209431,0.5098539625660202,1.5783634532887736,3.1552497524565704,30.0,1.4122272280862191,63.2317256667845,30.221217720778558,5.7492274452536325,0.0,0.0,2.4574147398993835,3.988236799962747,100.0,23.069740232771423,50.69229871130757,1021,23.021093551537582,77.05323572426846,1009,4.287100451855208,0.660153318190966,0.42877782936445863,0.7673298023028029,Good,1
WS_000345,2023-01-04 14:00:00,4,Cu-C10100,Al-6061,484.29852110854216,462.03125111779246,anodized,4.952949200850627,Laser,2304.5244897142925,0.0,0.0,93.8745221191183,77.82027262652133,220.47622973657414,47.6972036052763,0.0,61.33955236601271,27.144906616130566,58.02385023215173,1.225829774053528,2.3533381631979746,3.047602480223793,48.850805903289526,0.8345549233969869,88.18439364857672,45.03588833147472,3.935711855559414,0.0,0.0,6.8554226746866185,5.172371862227601,152.3056463965407,5.0,40.75988467591456,1759,27.027283215988025,59.39146906809212,429,8.337085748080876,0.7063851494425435,1.8527892006382523,0.6709057120685966,Good,0
WS_000347,2023-01-04 14:30:00,34,Cu-C10100,Al-1100,105.67865378868947,295.23690410599033,tin_plated,2.4105282991333996,Laser,1201.3675582192973,0.0,0.0,27.80319051556137,39.90149793069545,599.666646195569,44.85717010207671,0.0,29.84463941818184,24.494268507767725,48.410464770271076,2.2483952948327266,1.8931226817183275,3.123846900489683,30.209245714381726,0.2,84.92884570614255,26.55549752327442,6.512006017382601,0.0,0.0,2.862668501408387,3.146680394110321,200.6640554872393,22.80550061697116,43.58644680729766,794,40.91050547850988,54.646016717248834,493,8.737909885538123,0.0,2.3622629459991162,0.6417323692066399,Good,0
WS_000349,2023-01-04 15:00:00,41,Cu-ETP,Al-6061,279.97746970754383,308.39655545974284,tin_plated,1.843227503472083,Laser,2259.6838327373744,0.0,0.0,12.777118379510334,64.0538544044503,595.731906376256,28.563059389133542,0.0,53.419243728898365,25.70590143426088,58.21454683144491,0.8918451404588402,2.2649385833144793,2.5296125905043017,53.39533110047581,0.7016970542026787,70.61895567085666,25.06658580430761,4.137882077897625,0.0,0.0,8.66530888073378,1.5788001618672638,100.0,26.096958317296227,52.45466033836185,1999,32.76438267724774,48.14608855713683,464,13.159901640084751,0.0,1.7378823261303742,0.6274771651351448,Good,0
WS_000356,2023-01-04 16:45:00,36,Cu-C10100,Al-1060,262.258103778895,128.9394039589942,bare,4.983150955617898,Laser,2183.82814974789,0.0,0.0,35.32283246176489,25.421521866578047,479.88997564938063,42.39756210716232,0.0,24.39598214132974,24.282603665388542,46.8916852673521,3.3355644347085973,2.0278578878586817,2.296776847285742,44.64380677428907,0.2929882175593133,86.02831572003805,36.78113197018568,4.4910027334385925,0.0,0.0,3.617606482749818,4.581687326562304,149.6927459974734,5.0,52.527360263572376,1299,34.40778062687704,56.79208862705533,342,9.573485157506193,0.7773882530897267,2.3872027217939964,0.6452182659569986,Good,0
WS_000372,2023-01-04 20:45:00,40,Cu-ETP,Al-1060,238.78358015103433,461.78957091251505,anodized,4.791708633567662,Laser,967.6790380014276,0.0,0.0,84.8221330570246,48.237585221217586,766.7956384981129,9.81579563392421,0.0,60.144670843243674,21.424498756182288,41.105487271870196,0.4069770735375317,2.190776915629081,3.0615461368125474,34.73189705943423,0.3664060330177406,82.05295145276676,40.962130786539745,5.769881303446005,0.0,0.0,0.15654974342669792,5.03279954782064,146.24394137990586,11.58629627591966,52.01931060206054,153,24.579482911112127,65.87361791900513,517,6.982270560797416,0.0,1.7469201074462268,0.699189729796016,Good,0
WS_000377,2023-01-04 22:00:00,25,Cu-ETP,Al-1060,330.59556125594634,171.3593007714324,tin_plated,1.263635805527558,Laser,2604.7332150016814,0.0,0.0,25.26225720514844,76.58347009493892,687.9394815115668,21.734429258173215,0.0,51.559340857771105,20.149550712064897,58.848050261102024,0.5676010562391467,2.429023032413622,3.124714772972226,33.42630415197627,0.7636813766292945,90.01658076516796,20.35063814050022,7.441744912522451,0.0,0.0,2.855953003312166,1.7758685310967735,108.59763406426812,38.41428912982712,48.762783136871136,836,28.57409543166426,72.2927774601649,592,4.005772791237825,0.5988926359656411,1.655722246855778,0.7198266431860115,Good,0
WS_000378,2023-01-04 22:15:00,14,Cu-101,Al-3003,236.82777386302214,305.2277691453752,bare,1.3846406035339158,Laser,1347.6752152973659,0.0,0.0,49.933808795615015,67.40597618989543,565.7502322887905,26.143005577467434,0.0,53.68284789022082,27.95214613915182,49.93328329596875,0.7756880637354061,1.6923871151986742,3.6142194200845323,33.149076889943785,0.8824788098932244,85.38643509939044,26.78228922525312,4.467229737103244,0.0,0.0,0.1945117117084716,1.5574269425778018,141.71682917761336,21.566549645724926,48.04187563334967,1756,29.243982861124692,64.2021925217494,573,8.222736744635792,1.2672726829858192,1.5518897418476596,0.6894218756164943,Good,0
WS_000380,2023-01-04 22:45:00,2,Cu-101,Al-1100,195.31586822123663,410.74413075931255,tin_plated,2.1542610133370648,Laser,2719.963247616667,0.0,0.0,66.08667982933022,75.03587874896861,617.6089770442377,32.008636339675974,0.0,49.147244490695655,23.676349401537106,62.89562033772204,0.8531555003643091,1.7707253131492866,3.292926980849938,33.1281803871343,0.7980817205155866,76.59203674758021,22.624402766669444,6.799129790196671,0.0,0.0,3.211833562710921,2.6669873621652176,128.78997035823693,8.897661987812416,41.548415214612014,1087,41.322522787870284,60.046583846471975,544,6.67587694994769,0.12244647027085359,2.1607723570144977,0.6618820728198892,Good,0
WS_000382,2023-01-04 23:15:00,16,Cu-110,Al-6061,301.8011696219343,383.2095135991647,bare,4.05680682189523,Laser,1487.8700205841342,0.0,0.0,45.46294903901731,18.723560539683923,803.8506040907595,6.150668236647737,0.0,34.685146938644735,27.163679666008214,58.272700429125734,0.656997714041794,2.262226796129336,4.265623089848654,40.841912702959696,0.8124514341226061,86.34590356151541,42.767178351742515,4.52927278502282,0.0,0.0,1.7258563544129948,4.049581236746309,199.21196036222892,5.0,45.45232652164509,392,19.722912519268576,65.73632899763103,717,0.07421862370726817,0.1900343133946151,2.437144722684929,0.7324172937957235,Good,0
WS_000386,2023-01-05 00:15:00,37,Cu-ETP,Al-1060,304.4375285889592,177.66107864741963,tin_plated,2.7141875463307854,Laser,1716.5817051122312,0.0,0.0,7.701915195015642,18.831393692820136,304.7903439838082,21.015899905890283,0.0,64.94932121252515,21.977939245863972,58.102445939079466,2.2320068550107406,2.533539497956909,3.794327209551251,43.21813000134211,1.5131040350506049,72.20353883077127,34.088393078488146,7.686863616908637,0.0,0.0,2.9804631011083034,2.7796810447615843,124.82423617708312,5.0,52.97707111877128,611,13.764712156312731,84.57204938813503,1036,4.231215425388049,0.0,1.1554773860852616,0.8019161929799324,Excellent,1
WS_000387,2023-01-05 00:30:00,38,Cu-C10100,Al-3003,278.20712579726444,152.18225462055756,nickel_plated,1.6580826422884456,Laser,2692.3857224573926,0.0,0.0,61.95343379507996,83.35166480832257,545.4767297828403,30.784626920529654,0.0,32.232398553926906,21.918229951729664,31.312502117803447,0.7386685554829097,2.117256756228794,2.8628299544630047,57.08712802770554,0.2,90.72885507550478,23.2029693720209,5.121149977263549,0.0,0.0,2.7178805902012284,1.4099189051942003,145.4636191357199,5.0,49.62918449092355,1044,43.91106036292489,47.4253409452093,485,15.479715477131265,0.3416386111561115,1.3002585424753765,0.6060056286323481,Good,0
WS_000392,2023-01-05 01:45:00,9,Cu-C10100,Al-1100,327.6825852517711,316.6747296134913,tin_plated,3.501957873690232,Laser,2834.731289444003,0.0,0.0,13.334793116184724,75.66139871713676,643.9998761661675,6.121689306651282,0.0,25.065463056139986,24.908131186921995,48.263415476852565,0.16181803166334444,1.58474698199199,2.570918324083384,48.94936015799482,0.4435668895128341,86.45099589449754,40.197816556673004,6.728038374186387,0.0,0.0,0.2607228818377334,3.910226848519302,179.18011936325837,22.532733643262027,54.67485439849399,264,35.446929991682225,67.07397131808095,417,7.833389344716158,0.876901247876797,2.138370770655752,0.6776269282863362,Good,0
WS_000394,2023-01-05 02:15:00,5,Cu-ETP,Al-1060,333.2423029119592,318.14514085345667,anodized,3.165779716632042,Laser,1692.782579193572,0.0,0.0,29.529417319519748,97.81395096555173,382.1054173950634,1.209481108364057,0.0,58.88602022169857,25.985198403535335,51.36016142204292,0.024730237280569806,1.4669533319897194,2.5817272799598454,49.76170255283947,0.25808999766068247,103.75327235247684,38.540927838235454,4.061083099987761,0.0,0.0,7.0789381205815305,3.8024097528721357,147.7838159737589,11.757194993325125,43.45255468149942,1951,51.00221353443087,51.64310231426711,408,15.928255710392008,0.04422394684923864,2.165407954205209,0.5999389560270364,Fair,0
WS_000400,2023-01-05 03:45:00,42,Cu-101,Al-1060,446.82407295157896,296.7245289289824,anodized,1.98718960792674,Laser,2226.0353522380324,0.0,0.0,31.17780246033108,32.01035958381604,615.3416154755165,6.0194957985379505,0.0,50.762754779851406,22.401983208295214,46.583060229093675,0.37609673098338564,2.2761146728586885,3.7066031932843435,73.25708169732516,0.2,116.70677140612891,17.102904053025895,4.584106689785277,0.0,0.0,1.0923549908873036,2.2853694752868217,209.72233302295632,5.0,49.44877978638396,732,27.278462033258744,58.72917161247384,309,7.4817545616713925,0.03581991298066684,2.5063963831034526,0.6624769461781626,Good,0
WS_000407,2023-01-05 05:30:00,13,Cu-110,Al-1060,486.648888358443,207.70816972208306,tin_plated,2.034720898848603,Laser,1036.550686678056,0.0,0.0,61.41338440245046,67.99859421780468,75.86699172000594,17.650491329292358,0.0,64.34571742460801,22.372731658894267,57.182463107419835,0.5191428302990055,2.2698231089202894,3.2259231088702833,54.52111804009392,0.64828283610228,97.65434027356687,22.66471211233965,4.179259284409534,0.0,0.0,9.998757268923882,1.5354059569845202,121.41272429242655,17.71658812261722,46.57100791658122,1898,47.78040707346702,60.74725593361477,557,16.249616924337197,0.07635325751611628,1.5089127748498106,0.6368628308240375,Good,0
WS_000408,2023-01-05 05:45:00,7,Cu-ETP,Al-1100,277.3756411344176,336.23586309543396,bare,2.198060868564537,Laser,1208.6055986343742,0.0,0.0,66.33577337748292,22.742321672174878,749.0210236253697,33.804733679595536,0.0,41.12420662790352,22.49265734061204,33.55180353948887,2.9728480818170353,2.7348407864836317,3.300723784034223,65.74328026697358,0.7628240751125951,85.70562135488647,25.930863517339215,3.0,0.0,0.0,5.838141322162286,1.5616757637410976,170.65163593833486,7.550010291669233,45.56479966988617,1872,31.48718605795949,52.485440973597974,581,14.433585266439685,0.0,1.1370347315086153,0.6456531843058146,Good,0
WS_000413,2023-01-05 07:00:00,21,Cu-110,Al-1100,394.5892698476291,194.92708168155644,bare,3.0880771240956384,Laser,1461.4348660131238,0.0,0.0,80.04740757973309,52.234466172663616,765.4292866895454,3.1169403532565267,0.0,68.72532546338226,24.202253929150245,35.851192342346955,0.11934420246407136,2.044716435915342,2.666056579419295,30.0,0.675097865151828,88.95986730975392,22.312765720039764,7.776508234155618,0.0,0.0,0.5413885761784609,2.7342921108281733,159.47937656187406,5.0,54.41026074306901,1520,34.197503528987625,50.92878461884204,435,11.971411185226131,0.11515162621250004,1.2868679895574935,0.6325793102813246,Good,0
WS_000414,2023-01-05 07:15:00,3,Cu-101,Al-1060,120.6629428458564,215.46652107018417,tin_plated,4.61195227633828,Laser,1747.4736664914324,0.0,0.0,26.813192869372894,44.32275776634098,935.4968619756462,5.697614060702701,0.0,79.39663546102156,24.451495567482286,35.69645679116279,0.2570965502976672,1.8265118625717038,3.0898978377310073,70.60601102777716,0.516415878073329,77.74721949831178,28.31889032649685,7.208173569130248,0.0,0.0,0.22513525849062607,3.747941273458894,127.8749241799611,5.0,46.64720546601006,974,37.08717716869453,62.94732422799342,475,3.7135325340521472,0.0758434562141341,1.1534457953644381,0.6764413379822607,Good,0
WS_000421,2023-01-05 09:00:00,32,Cu-110,Al-1060,176.90316738723678,174.96451519351078,bare,0.36929358578532545,Laser,554.2000291674044,0.0,0.0,64.34984420168146,27.311722545912062,451.45344026871646,34.65752727996409,0.0,36.893489661840235,20.857096211764098,41.03159067829465,2.5379232102042226,2.1123538919494163,3.323308954105965,57.62128967358472,0.2,89.27925414971838,31.2008611923479,6.506711839803,0.0,0.0,4.550128066510775,0.5906903009028883,176.32560050118076,20.744658509032973,49.16464509414208,1391,43.149015704681595,54.33384999825749,332,14.768876276210904,0.314813646017269,1.7732000509651185,0.6155527917540592,Good,0
WS_000425,2023-01-05 10:00:00,42,Cu-ETP,Al-6061,277.8851107433343,412.37792758019486,tin_plated,1.9016786604281306,Laser,2424.540398594234,0.0,0.0,91.83823400191817,98.3061957870078,220.42083496013782,13.221378188714189,0.0,37.583736156942436,25.180860196989972,34.7852031591911,0.2689836196562808,1.745204300346874,3.0358869483665494,30.0,0.2,102.57984879383933,40.8742706289518,3.0,0.0,0.0,0.9783543430222054,1.4754709997113804,183.26311765416693,9.52286335700837,55.53694722276785,1683,52.080792391098456,50.86833111570503,495,21.499050293893312,0.3734159918384464,1.4500874996829183,0.5917389199015649,Fair,0
WS_000428,2023-01-05 10:45:00,17,Cu-ETP,Al-6061,196.6405105743052,435.46286179698285,nickel_plated,0.3396679438645865,Laser,749.6445611800641,0.0,0.0,82.92101378544517,36.666368899254934,709.7524179458303,43.39205509045235,0.0,37.706019492754976,26.070020448385407,45.48145151846583,2.3668585896616605,1.5673751418564879,3.5223116436108595,41.48961812332996,0.9107884548122421,92.2083629911863,41.39543872693778,4.362009294784639,0.0,0.0,0.5898898781884951,0.9761662313517827,178.59058342031986,5.0,54.08337853725284,1603,27.98921839699329,59.44672805179194,770,10.468320798291616,0.0,1.919190645314399,0.6883382243705265,Good,0
WS_000434,2023-01-05 12:15:00,40,Cu-ETP,Al-1060,125.6378844144702,288.77494630211777,nickel_plated,0.7364748488639016,Laser,2573.33647908039,0.0,0.0,33.27399519484254,62.7527289918131,185.56534183788327,6.138967529101048,0.0,35.52553740379238,18.65200787396755,68.51437032509452,0.19565579466359004,2.10317720829955,3.412526821358377,30.0,0.2,122.67395970933748,24.30583965070595,6.507641161777449,0.0,0.0,1.3099671463751603,0.7939903548389483,169.1693726729095,21.680519566981527,50.1825604621992,399,35.96053290871212,56.40295984558934,501,0.0,0.0,3.4270180020870185,0.6704666002509051,Good,0
WS_000437,2023-01-05 13:00:00,2,Cu-ETP,Al-3003,184.38795624798018,214.86090537505146,anodized,3.31670493004602,Laser,1751.720085501909,0.0,0.0,59.760517965893,14.790455638797788,772.2543875077639,35.9782717224415,0.0,73.0727772122035,19.686501923470253,49.901351188239886,4.865066040029841,2.0340984267388458,3.885494554273111,97.49740441029198,0.2,89.66392095471883,30.341121395850013,5.017577189724907,0.0,0.0,7.732224641542317,2.4747802133255385,144.25104056900815,17.88305026717803,51.679282415765876,720,38.83550975926769,57.33945532743671,334,8.778411372840818,0.3656997522250619,2.5214732944454914,0.6409025190222803,Good,0
WS_000440,2023-01-05 13:45:00,1,Cu-C10100,Al-6061,437.5251454633224,237.7712184868753,anodized,4.407256662194708,Laser,2262.2995407544345,0.0,0.0,18.61189585665371,10.857102005256051,326.6867917575862,2.2427270808756807,0.0,36.23407568514422,18.81431767733169,36.450327038860564,0.41313549044486275,2.665627722397731,3.0141454056014583,30.0,0.736404171814531,87.0954249268732,49.812545360990256,3.3981106772605303,0.0,0.0,5.097954939781946,4.708820278062235,100.0,18.6904672457971,53.4764644636775,1952,29.908700473955427,61.4331212159041,591,15.725302053119126,0.0,1.5472726663007534,0.6686348109792287,Good,0
WS_000443,2023-01-05 14:30:00,16,Cu-101,Al-1060,153.5112579975872,441.19358761205467,nickel_plated,3.128309165539411,Laser,1782.8537831181654,0.0,0.0,89.09330573573962,64.3006566552004,962.5239086645224,25.45980806891483,0.0,43.57685382451199,22.52469477568383,53.83198709687259,0.7918988512182086,1.658001648646413,3.141617445419048,71.48225278395137,0.5630145839549334,95.62232584766481,28.017429273705336,6.693613930957005,0.0,0.0,2.635070675501077,2.873864047945074,165.34749051393055,13.846294675503952,51.72343550396372,625,31.013038740121,66.13582869736759,483,6.088972082888697,0.06967242197730393,1.8777591257785353,0.6896031909778212,Good,0
WS_000449,2023-01-05 16:00:00,34,Cu-C10100,Al-1100,317.9204341104394,290.3926761396881,anodized,2.197860739084363,Laser,2971.8852635335165,0.0,0.0,44.80052505025675,64.06200026736248,674.3176800098046,8.51627770381914,0.0,64.197149472722,23.79179747380392,30.466076551158157,0.2658761096524146,2.268605140281861,3.5712161973491536,51.83241454546387,0.2,95.04657124973623,35.17980641747045,3.0,0.0,0.0,6.828271074905967,1.9631236417790858,155.04893577544627,32.24835178945646,51.228193371215646,839,33.15370214213907,57.43001671977111,433,12.929099044346538,0.0,1.6815526181153957,0.6484690945447361,Good,0
WS_000451,2023-01-05 16:30:00,44,Cu-110,Al-6061,215.89119349528585,391.5608543163,anodized,3.828720257027963,Laser,1742.5023955867157,0.0,0.0,95.83753391026801,10.660386270082117,168.7201872442418,7.28912855924271,0.0,55.796561899916505,24.05063249585579,64.61319953434837,1.3675167812069462,1.5656225130152615,2.733395797005448,58.15696029987653,0.2,105.02909333975455,24.214968606683634,8.885756032218275,0.0,0.0,9.866406211049277,4.057899024465065,204.7361868472317,6.276780844636605,53.23140989103705,1062,41.674870952593935,58.429519293763164,423,12.502252886410071,0.4214672034393191,3.143765947078534,0.6383197676434981,Good,0
WS_000452,2023-01-05 16:45:00,14,Cu-110,Al-6061,195.50070843440963,480.9965201737298,anodized,2.7041907301913235,Laser,2410.2169574783265,0.0,0.0,9.207885008324709,13.213783873735467,696.2093836657073,48.38870004800214,0.0,44.141980581164106,24.173034963029924,39.20503970840675,7.323973285832609,1.7352865593243076,2.34770627583302,89.6938256584796,0.2,104.07526888946157,28.5501397330064,3.0,0.0,0.0,4.010819689103554,2.0996767588988643,138.48036145469695,5.0,50.83666283892021,1307,45.02950255228871,40.45634118225324,386,16.13094122235197,0.0,2.5412740422204987,0.5790844176686234,Fair,0
WS_000453,2023-01-05 17:00:00,36,Cu-110,Al-3003,185.41714179613655,433.9878197924743,anodized,0.4316082998054399,Laser,2455.141172172058,0.0,0.0,31.61141867713187,18.618882409584536,589.6443096981395,19.66655846402452,0.0,28.99309212826221,22.757375949605297,57.65599687597984,2.1125390913796913,1.8218094971831973,2.695128903494144,40.28351792025367,0.2,108.82808380608836,44.6806616837005,6.323051917324182,0.0,0.0,1.5746675716262328,0.7413459115356951,176.20534182507907,5.0,41.95997096838241,1254,41.200872119519445,57.86525239221623,406,13.801099122124327,0.5241797335576727,1.7746083069208298,0.6340514286139449,Good,0
WS_000455,2023-01-05 17:30:00,45,Cu-101,Al-1060,381.61258103666273,425.76767888587,nickel_plated,4.436075940338768,Laser,1466.7442748685135,0.0,0.0,8.539435015340965,82.41505309228067,599.4515218707911,23.800458249769946,0.0,38.61684976724537,20.886381846956954,59.84311041716268,0.5775755121608771,2.021702257607947,2.5229409620317544,53.81651983925503,0.6972271089864668,101.88625402877128,27.16257956366788,6.187554429872286,0.0,0.0,4.813298659448922,3.7753232105096464,145.9082590725854,12.541968832063901,44.5035196965325,736,25.35913762443449,59.607190940531424,616,3.8113548339588754,0.6204588545669371,2.9807221795839105,0.6948996472676706,Good,0
WS_000460,2023-01-05 18:45:00,10,Cu-C10100,Al-1060,481.86654275162755,309.5972669858669,tin_plated,4.810050049071726,Laser,1276.0824799457628,0.0,0.0,63.56551640360943,50.07430253634053,685.4682308725638,16.611617135978143,0.0,50.29785498217705,20.473159961879663,41.58497831220107,0.6634787224014776,1.4844453617733517,3.0975467804356165,85.1896234555883,1.0208910805442288,70.16590501612535,34.034851984162074,7.0109183821492005,0.0,0.0,12.0,4.430251791802738,181.03981557702804,9.31582439719853,60.0,287,20.05200483687646,74.80264490867023,491,0.0,0.37745172131809807,1.7651252570672988,0.7396619383496942,Good,0
WS_000466,2023-01-05 20:15:00,22,Cu-C10100,Al-6061,302.3703200585576,247.55300862235566,anodized,4.004187016792243,Laser,1632.5864208893297,0.0,0.0,60.47759196738536,64.17324573462746,972.1783517002679,35.82064716665459,0.0,53.358299527268834,18.045691696192844,39.68614088855371,1.1163732411099165,2.1172204649432924,3.32809065605312,48.90498849569664,0.6404669906864633,97.2855688821082,25.862378935088067,3.9388519146859204,0.0,0.0,3.6972997819871787,3.976968137418611,150.97529738170556,5.0,48.611696261780075,636,41.06269256398404,62.823942483707135,464,2.2869228314437713,0.0,1.449122511795971,0.672111170387668,Good,0
WS_000472,2023-01-05 21:45:00,41,Cu-ETP,Al-6061,225.13367900968802,441.2054235951702,tin_plated,3.2419534521516216,Laser,1232.2289730097218,0.0,0.0,38.16390450983384,48.70106210386876,564.6235736302231,5.5140077991576035,0.0,24.06694044277726,18.122846717609544,54.16072370156044,0.22644302037591812,2.169570045289146,3.5749398071112473,30.0,0.2,92.19925193688833,44.544998635268726,5.80816900972373,0.0,0.0,0.6832424117480879,3.7324793271020624,161.3661890452754,20.041277775027257,52.22704370983438,169,27.16181676507504,63.76922769410402,396,3.5165387116296953,0.0,2.8623917420373837,0.6884868340033417,Good,0
WS_000479,2023-01-05 23:30:00,9,Cu-101,Al-6061,406.49818910415155,294.8998241381804,bare,2.249812316801019,Laser,2130.035317922376,0.0,0.0,87.71651053534997,62.17020216798648,564.8007409286337,8.769696242773211,0.0,32.163216445544386,21.0128269633805,44.05080529237386,0.2821189552859142,1.9011010547985046,3.1272957801176564,30.0,0.6687169340998319,87.23311941246348,30.335011749455216,3.0,0.0,0.0,0.030954331548430122,2.18215736216601,172.13786128774737,5.0,45.99480086615383,548,28.597437342090938,70.42004407344879,467,7.056262840382211,0.0,1.5195373929018792,0.7010567946781022,Good,0
WS_000484,2023-01-06 00:45:00,1,Cu-110,Al-1100,390.8074108056536,197.91580761176994,nickel_plated,1.0151652397230435,Laser,1943.1712337308097,0.0,0.0,15.387948213327967,32.70442408430434,486.2507147039898,8.215468634013334,0.0,63.43720379865635,20.62752461938908,40.47836919670416,0.5024071735882448,1.8539016477484107,2.9585005302977243,57.535073898601674,0.6734975803700016,97.64033829995984,21.87461035895112,3.0,0.0,0.0,1.000353254477923,1.5561768490766066,130.0298133381173,18.60205469906476,47.30297349250287,508,28.934312404747896,69.29280080261954,647,5.910791198609185,0.0,2.058556150652074,0.7118811332353682,Good,0
WS_000485,2023-01-06 01:00:00,45,Cu-101,Al-6061,377.16809168991546,119.7789746717389,tin_plated,3.7188943844135367,Laser,2984.117419796417,0.0,0.0,99.47407714012013,80.3181365585744,838.3469027720638,9.103108491646056,0.0,22.63976180436759,20.629726144832013,58.48528440713187,0.2266762871174767,1.9647443502417463,2.2676422992904186,40.97589013861174,1.1108812905412953,79.71058717191856,40.89580906627747,4.562663657503704,0.0,0.0,5.436121150806901,3.6955485847046083,149.48714885445509,18.891375780236647,50.840174399769914,1938,35.0890736900464,59.619176645329745,539,13.658508610853875,0.019279005556100584,1.248659599300681,0.656737960766237,Good,0
WS_000488,2023-01-06 01:45:00,13,Cu-ETP,Al-1060,364.9271654158329,474.8449975685888,tin_plated,4.272031685501626,Laser,1953.515392141416,0.0,0.0,81.59159579211791,81.81124830047135,85.40528662536289,11.00218794849666,0.0,42.95125040496095,26.641451990074426,48.39794994635541,0.2689651649877899,1.7679326515705187,2.6562064949694895,46.22285198114482,0.7639454413759632,89.44959814329398,22.87937827500117,6.158211860232809,0.0,0.0,1.8251340987887754,3.897040147310389,214.00508110911204,5.0,59.81659481931487,1466,33.2725438134842,55.611342338011546,700,8.071545346320457,0.0,2.042900610076247,0.6706520592671185,Good,0
WS_000490,2023-01-06 02:15:00,7,Cu-101,Al-1060,466.039381796012,228.7386540805281,tin_plated,0.26126290507920236,Laser,1128.0637982808075,0.0,0.0,91.94858560441087,35.23643196628481,535.6151562818479,36.373754116279954,0.0,71.1165716131272,22.454349353094035,37.36290638055462,2.064553763620753,2.317080112521484,3.1547581614909728,30.0,0.44639561543062234,102.64379631109527,33.71289026614142,6.425584877251987,0.0,0.0,3.4466594474976167,0.1,165.3759702808001,25.841699294861314,43.499423807038426,1366,45.013544076642525,52.09243886977439,555,10.933187183178687,0.0,1.5569804742011386,0.629211055091012,Good,0
WS_000498,2023-01-06 04:15:00,25,Cu-ETP,Al-6061,455.60024432586636,336.0465689377883,tin_plated,3.655890059682255,Laser,1243.5478105727475,0.0,0.0,44.62793356698601,53.26160827126857,333.53988490820296,4.622846532318181,0.0,78.79631277714807,18.483826591889656,35.069214105950195,0.1735901968552432,2.3240645708870757,3.2500541749510727,36.749565657097754,0.2,116.11299370633633,37.070461287104266,3.2893651995326705,0.0,0.0,0.15427723982837005,3.095150744409483,157.92317414551493,15.907442701086495,52.10089604292777,618,41.83091705278518,58.412521981976475,482,4.048804505005586,0.5315237232311095,1.6645908513645482,0.6578267542622113,Good,0
WS_000512,2023-01-06 07:45:00,12,Cu-110,Al-1100,471.09829323016294,322.4229340765846,nickel_plated,4.95473456214296,Laser,588.3770526017355,0.0,0.0,38.274405006328,17.317726597298662,789.3287254451232,4.8122055527828405,0.0,28.322410022289105,23.516207711949335,34.52109000638957,0.555754882229574,2.053659126295247,3.137372685835257,41.593835020728335,0.7765335883919439,67.83440661660931,32.357377667017865,3.0,0.0,0.0,2.695273588100516,5.701589874610884,116.58283795075562,12.841806242053332,47.178952779270965,1295,22.03595963732922,66.03648894998823,438,6.552664735472125,0.0,1.4255997969693488,0.6989510365399664,Good,0
WS_000525,2023-01-06 11:00:00,4,Cu-110,Al-6061,311.482927953621,265.1052290995175,anodized,3.4857733406426634,Laser,2649.5187050404706,0.0,0.0,80.76603975527827,32.47447722715024,177.77704022187277,9.175076290439593,0.0,74.89449024057706,27.341540259571847,41.822236822259,0.5650638331303935,2.50967258138858,2.6146607939425754,30.0,1.5391131702954846,80.43910453085172,15.0,7.761636364038221,0.0,0.0,3.1884666344866748,3.4640567636263047,147.4284698757135,20.02091056610318,50.98392789947834,1209,14.361259023889916,72.75510097242022,786,3.6449628253473474,0.0,0.0,0.7559115585976893,Good,0
WS_000529,2023-01-06 12:00:00,14,Cu-110,Al-1100,274.00583773608935,456.84480627643256,tin_plated,4.230912839691347,Laser,2527.421496175099,0.0,0.0,27.583212471975266,72.86755213735657,480.1176787111698,25.58918567715472,0.0,28.451896205457746,23.223635314215723,49.576427242684176,0.7023478880947908,1.6671542001420496,3.4915842278690885,30.0,0.8614762169765598,97.10829154443373,35.975883511965705,3.0,0.0,0.0,5.949059109082268,4.32796407616488,130.60806393987002,5.0,47.54282806202304,1163,16.738724326304848,60.33051637253378,425,10.98432782314881,0.0,1.6303631608444942,0.6834559231068064,Good,0
WS_000531,2023-01-06 12:30:00,31,Cu-101,Al-1100,318.17118008468526,399.3585424838972,anodized,2.588108701740867,Laser,1323.3435298672516,0.0,0.0,23.91897606941106,94.00959903162335,886.8739956867649,11.490285960837546,0.0,69.27244216330496,20.864515819166673,49.66205079029881,0.24444920687242574,2.535924673615592,3.124013971867743,44.17815329992611,0.2,102.72498321210611,28.07646960391282,6.30801973579067,0.0,0.0,0.5736669718887698,2.3923914528853465,100.0,9.359197307187644,52.68097210470527,1159,34.77339627625494,44.21080674451858,413,12.613261150807205,1.6161345319921525,2.3864401347472097,0.6122503911224838,Good,0
WS_000534,2023-01-06 13:15:00,24,Cu-101,Al-1100,418.00461477138816,121.65376336092831,nickel_plated,1.340113575784992,Laser,2266.0216006887513,0.0,0.0,88.46609031570476,96.83253278640356,379.1739450443036,35.628279862409386,0.0,22.690918908193954,25.346077663370156,52.55867084786217,0.7358741703266078,1.8759719024350432,3.2886874638782393,56.29608394883345,0.8094221235147663,84.28598492142807,24.6241778396468,3.0,0.0,0.0,7.425492196818153,1.4549409116602852,145.36115696717673,5.0,47.969775730188545,949,31.32035973738132,67.39453036600275,571,7.563374031179769,0.18206771876394595,1.8419882558199863,0.6953911266671394,Good,0
WS_000537,2023-01-06 14:00:00,13,Cu-ETP,Al-1060,158.20619311494366,232.2531819438168,anodized,2.3796726443816865,Laser,2116.4792094756494,0.0,0.0,67.8064957279042,74.32996288911608,868.933199894113,2.411954651626679,0.0,22.217677042970102,27.542335679598004,38.50411936224391,0.06489858350191252,1.3642690188423827,2.197601191604943,57.303285177540204,0.43237124975024727,92.82488323350097,32.29795730661206,3.0,0.0,0.0,3.4681596019671366,2.5674918935248994,155.72351254375863,30.560074918997984,52.14546293971051,1384,35.30433180895382,64.9485983600112,369,12.4148874303279,0.0,1.8891830789728732,0.6607370842547324,Good,0
WS_000544,2023-01-06 15:45:00,33,Cu-110,Al-1100,431.2743477293812,406.9113204214593,nickel_plated,0.3994044867843576,Laser,961.7344418558152,0.0,0.0,93.01364654694599,53.8163717593126,626.8952950921965,16.105083146326216,0.0,64.89133589589889,22.176437844462026,58.91305036898495,0.5985198414472944,1.608248325377074,3.5209010932927196,63.14572131233228,0.4635221506414654,86.29155537173031,23.99529374803533,4.764137302374252,0.0,0.0,1.438216202611147,0.29146093524536226,135.44190943626236,5.0,53.32073482392384,926,37.357705360819736,60.087475037273265,562,7.46290392639791,0.6266002990253348,2.8656021765630415,0.6676558513566241,Good,0
WS_000549,2023-01-06 17:00:00,19,Cu-110,Al-1100,202.99168659698773,218.60062840957562,bare,0.25068940849761,Laser,2998.771989159436,0.0,0.0,41.99786195673275,86.83557741679448,113.3277251139755,30.64620526294413,0.0,65.25537436537985,21.471600852656074,65.54104367192484,0.7058444516548348,2.1576289873419605,3.6033694925354407,38.089955782781914,1.2128525608644205,59.56036052926696,29.21226988021436,3.7421637020543335,0.0,0.0,1.1488627981115611,0.49240007577776845,129.6832192519523,14.310605677034767,50.468624634990505,1505,23.335185859325332,73.72266781948659,648,5.3791781650178825,0.37415366787577253,1.7402346149901757,0.7324179317003199,Good,0
WS_000550,2023-01-06 17:15:00,10,Cu-C10100,Al-1100,154.2645868641511,163.7132149397834,anodized,4.678435247874257,Laser,2174.127805759025,0.0,0.0,25.523821324990074,54.00125547886006,470.54398081693444,6.215252216285375,0.0,32.33888634195414,25.844340473432208,40.801135591476225,0.23018917472089023,1.795477844023862,2.4611304048318976,67.95433842386791,0.3989854148855044,94.28088228186687,41.84829199654115,3.0,0.0,0.0,1.752364643927148,4.988223913537981,131.46793530289514,5.0,50.247818902745294,816,34.21513450614354,59.94918457952416,531,1.1385232865196402,0.0,1.4903357298786364,0.6818155285273707,Good,0
WS_000551,2023-01-06 17:30:00,11,Cu-101,Al-1060,204.01921610097355,274.1557584512054,nickel_plated,0.823868698667814,Laser,1250.6745896295056,0.0,0.0,55.939871251491674,35.97836374089424,252.75482726999047,48.38879937025414,0.0,71.6157419971864,21.030903143698325,34.72819054953083,2.689883270886707,2.305327614928176,2.8918513023283543,30.0,0.500889402146272,99.58967757068629,28.98157878623239,5.255555290277765,0.0,0.0,12.0,1.0333506743115846,181.68184316538472,5.0,50.92186334406146,923,35.25378958019019,65.907112374343,507,6.5608380882417,0.0,1.6994389542416277,0.683385525150119,Good,0
WS_000556,2023-01-06 18:45:00,21,Cu-ETP,Al-1100,384.1406002849329,303.9559792822441,anodized,3.3702532603479574,Laser,1542.3960599119355,0.0,0.0,72.75771944191898,46.583353028351105,490.2268142757,23.66976998862873,0.0,53.10573780061,24.271084959095777,48.15558001938727,1.0162329866732893,1.7167809563981462,3.6760225776722755,67.31610495846155,0.2,118.7405605478105,34.77497898249215,3.660110947507138,0.0,0.0,0.4788554083939104,3.463123001362662,168.9737388527288,5.487389616899252,50.40480532837755,1217,56.461773495293386,44.18858180106066,528,13.123223314572655,0.0,2.080460185948964,0.5863727505448878,Fair,0
WS_000562,2023-01-06 20:15:00,8,Cu-C10100,Al-6061,499.06890530586367,483.30046889300127,nickel_plated,4.47092528824687,Laser,1997.124840765292,0.0,0.0,53.18495988274785,88.9314905455904,316.70485529552525,48.40140106693169,0.0,65.71397630523288,22.409470100363205,43.77697301156841,1.0885098353798284,2.1273497940709944,2.8743184164893623,65.36048048142911,0.8648400448658831,85.42959461351289,15.0,3.495008076834614,0.0,0.0,5.932940664208449,4.727186307481364,114.59298275554922,13.54481726785291,50.80151813051824,1803,26.71752844740086,60.16259277884122,470,16.642736092819494,0.7019378203948334,1.3434516668787624,0.6604583924352985,Good,0
WS_000563,2023-01-06 20:30:00,37,Cu-C10100,Al-1060,205.42059179871114,136.4047227530068,tin_plated,4.358996033504501,Laser,641.0359316502282,0.0,0.0,29.480599859225876,79.73702812612811,167.14831166157734,12.79696632607255,0.0,30.86442218000979,26.048094470977233,62.32763033135581,0.32097926463550397,2.109257499801414,2.889239970354405,44.70350519625045,0.2,87.37004691968156,37.56208717655175,7.275970436748997,0.0,0.0,2.6594255338865356,5.189052663347879,118.64749431399328,13.960815914775026,54.5508961189366,1567,42.59647905855287,57.31121472495735,428,25.04592487790923,0.0,2.611546720901731,0.6109555424118176,Good,0
WS_000565,2023-01-06 21:00:00,49,Cu-ETP,Al-6061,472.26890222495933,118.63197683461664,tin_plated,2.967397393342226,Laser,2661.393725755392,0.0,0.0,47.20317247622059,20.852759450641145,540.7332601609698,37.730678642535345,0.0,42.782710134153206,19.99504835854356,40.106910296596176,3.618770813699217,2.1169373685015724,2.7990839172908077,44.641866129541654,0.5639455908719616,111.17154014008113,29.252864755277695,4.230199938128987,0.0,0.0,0.4742528201918356,3.2984664761255607,128.9317424913596,5.485435261835013,44.869393232685,1757,40.31431874285067,55.976278716838785,434,12.722964715527326,0.3327382208131675,1.6521807671796176,0.6345469931695406,Good,0
WS_000566,2023-01-06 21:15:00,48,Cu-110,Al-3003,109.85776185452907,382.045258655598,tin_plated,3.7808390186117906,Laser,1277.8789456759503,0.0,0.0,31.121730453425485,51.77252821368103,107.2827212896722,41.867980076260665,0.0,49.55765193802877,22.537633796148256,32.206090972399195,1.6173820951319484,1.6223952870104519,3.537644139723615,30.0,0.2920949270271461,102.7885869357162,35.82643792072286,9.533506222022286,0.0,0.0,0.7149328350882533,3.3582506246965327,157.04063539839663,16.647884752000145,48.94927119619956,1408,44.68456343061427,68.65618975113848,323,13.742979793820199,0.80944735931263,1.081692116338636,0.6503788754518453,Good,0
WS_000569,2023-01-06 22:00:00,43,Cu-C10100,Al-3003,434.55143096415975,471.4088300169719,nickel_plated,3.2836909589112144,Laser,2387.1888669428117,0.0,0.0,99.55752007783819,94.44568736373495,977.9924621178653,28.164850585743984,0.0,41.47139263832638,18.24006562207835,38.792126759611364,0.5964242809155236,2.2898912387094135,3.5055383453908027,76.36979543476988,0.2,95.07538235732142,17.026520652752392,4.413385322323553,0.0,0.0,2.6706514929654643,3.5215326155828723,154.66124191416532,5.0,54.37306337138631,1516,49.28884736287396,42.071734177165666,289,15.018868569308747,0.721521731257375,2.029429417309671,0.5723523524978159,Fair,0
WS_000570,2023-01-06 22:15:00,6,Cu-C10100,Al-3003,489.7757242553901,336.1196287022398,nickel_plated,4.515922805623901,Laser,2173.477775221612,0.0,0.0,91.37155838026969,46.40317257771592,866.612771685016,46.69840287103804,0.0,53.7006287255549,20.23050122429587,34.68067482284382,2.012724573641066,2.132389707137986,3.477847110667825,53.32449733201285,0.6295901176674015,90.25411886118103,28.109704822534955,5.997938629350768,0.0,0.0,4.076035504304931,5.563656677307678,118.52137633472856,5.0,45.765405667803975,1015,28.777895970488398,69.47647897290754,434,6.577464345165586,0.18094978355955812,1.739909489761203,0.6971249411626841,Good,0
WS_000576,2023-01-06 23:45:00,3,Cu-110,Al-6061,151.3399706458779,460.3853984155055,anodized,4.2452135682101835,Laser,1159.1590326744072,0.0,0.0,68.79492982053101,93.36880438821727,708.8068325395095,11.284005911770672,0.0,61.937623551043195,21.96658978681806,38.27130478464616,0.24170826617534932,1.9167312525847195,3.075814488218621,49.46543562145872,0.476387467331051,110.26660924601401,42.21285173051774,4.094172315937764,0.0,0.0,0.489984047777723,4.6048038671948754,166.59128131898348,5.0,51.70780681210461,1500,33.707070948047686,57.25995843698483,476,15.408351137112227,0.12747560425165208,2.2305198746719883,0.6454319646216384,Good,0
WS_000580,2023-01-07 00:45:00,17,Cu-110,Al-6061,275.6522643219402,429.4897144547949,anodized,3.420601496363429,Laser,2067.3197065687245,0.0,0.0,42.592722646012774,21.9937350595974,600.6869134376626,4.422010702368911,0.0,52.928103596064894,23.57578060282963,57.90794781362142,0.40211548337618797,1.755861503672744,2.965576109471892,80.69155703668739,1.3948593182449558,58.19845612067744,15.0,5.451487081434701,0.0,0.0,1.6138863552602798,3.353787022710431,166.1341633776864,6.078136750375636,52.02427419087855,1206,21.24669168284945,63.03232136825309,554,5.033552931090743,0.7869823870356586,0.7980029201725254,0.7032061874838967,Good,0
WS_000582,2023-01-07 01:15:00,36,Cu-101,Al-3003,244.91739600008194,496.32054237837514,bare,2.3921036984315704,Laser,2930.8291961557284,0.0,0.0,34.02143176303322,45.53449764900639,681.7319739761293,8.234124070952765,0.0,60.78741080795235,21.939994055328484,34.16802171883116,0.36166530855018414,2.2704102845798833,2.8199472231922313,31.253000191461805,0.7271944590231071,84.24056694711001,23.57855100414394,3.2911913961508397,0.0,0.0,1.2050098921553256,1.8924745849616866,169.11614957871114,16.32188943640717,45.112729615757175,1533,27.069718901392463,59.63493740158662,486,10.806921798771873,0.0,1.1555741569865823,0.6706197867791805,Good,0
WS_000588,2023-01-07 02:45:00,48,Cu-C10100,Al-1060,287.6099758871534,458.2604921607674,nickel_plated,1.2749207203358328,Laser,2996.042409123137,0.0,0.0,12.006159640354948,15.292844912141367,791.4446381471942,29.34318946298977,0.0,44.80091842979289,18.16117829213234,38.33257203485386,3.8375056611858382,1.7660490502190729,2.585847102305346,48.859438352852685,1.2388074632323023,81.15387016978973,33.58418964047753,3.397419273788225,0.0,0.0,0.5530686373412128,0.5529556351994267,135.12340026448538,5.0,57.489032002495584,893,16.21842159983217,73.18992387905183,884,0.0,0.040964305253236376,1.158682208608539,0.7675805106312146,Good,1
WS_000599,2023-01-07 05:30:00,28,Cu-ETP,Al-6061,364.8928633318372,136.42647283287238,tin_plated,1.449340839227229,Laser,1330.4332194712142,0.0,0.0,52.45586278568382,96.90174817540645,255.61512210072186,26.275464126130025,0.0,47.309995168419704,19.634332594200142,51.24671737705059,0.5423114571383699,2.2133399459322605,3.00260314723079,33.72758866186203,0.8260453709734967,72.79379076263245,41.731217588824165,3.0,0.0,0.0,8.406827025290067,0.3788751889249702,154.61286577543945,10.314351003295661,47.60283731528798,1563,29.30749916872469,54.05051837243916,419,8.655147369156188,0.0,1.8792362530583617,0.6528699791941762,Good,0
WS_000603,2023-01-07 06:30:00,27,Cu-ETP,Al-3003,150.10049243848317,364.5215849147467,anodized,0.7751490513079746,Laser,1581.815689833599,0.0,0.0,42.40133024047674,22.059180168153688,356.77643286514035,2.2608740261461637,0.0,26.607171435402346,20.36286560472329,67.00850826787192,0.20498259762256565,1.8644604390900152,2.696572934725545,41.18594726784179,0.3785850785080754,84.58180185562816,30.282367224475216,3.843503856277993,0.0,0.0,1.1198763428516356,0.1,146.18919848476804,5.0,51.08173105088407,1469,44.10418455509748,48.72315836785817,355,12.413330488719607,0.0,2.701246661519548,0.6060432910873165,Good,0
WS_000635,2023-01-07 14:30:00,12,Cu-110,Al-1060,173.69946062906968,245.61098768582653,bare,1.897788743140338,Laser,970.0331644350125,0.0,0.0,73.54160961905689,92.91472448040037,636.3523291420629,24.865170674028196,0.0,72.3422859731321,23.30277972160753,59.65482951326569,0.535225623561383,2.0623888603136535,3.0380161714917664,52.016756306311756,1.5780883636077059,50.832628908650356,30.645855308287178,7.546573359770424,0.0,0.0,7.652751449718902,1.8707963885052554,187.0920006175474,6.302102993845173,53.09422103869386,1013,16.515526429099438,78.06654078304517,889,2.222920554345447,0.0,1.1168956534651826,0.7754917529412327,Good,1
WS_000640,2023-01-07 15:45:00,33,Cu-ETP,Al-6061,119.60185798850942,206.21767392129655,anodized,4.489954779784305,Laser,1459.259748909274,0.0,0.0,95.96382661055358,13.995690325266992,201.4284236388093,8.159095979207628,0.0,30.680510568235913,24.039517859328047,55.75726727572754,1.1659440570041306,1.663278132493751,2.0,37.981867040054816,0.6777304268080017,93.88642664908087,34.47762198221848,6.877056693420281,0.0,0.0,10.403046416869232,3.909499435371966,141.91253871456433,19.436477580866757,41.44568299899094,1142,24.773737721120355,55.617710889627254,443,8.860926287196449,0.6681651771503273,2.3040638417514483,0.6648027671872276,Good,0
WS_000642,2023-01-07 16:15:00,7,Cu-110,Al-6061,427.79827415442094,457.72115732745925,bare,1.6156075608779588,Laser,2047.7760942040097,0.0,0.0,18.630338208294823,35.43866366552849,609.532751409736,36.556614225752696,0.0,65.02581060769761,22.30465377299811,38.52226663404544,2.0630921397474506,2.194270029287809,2.0228454750016422,73.62227718534919,0.2,107.69933073225029,31.691899050836714,5.273656795687066,0.0,0.0,2.5237821857930767,1.4778214860323928,122.25265946768283,16.208677176330674,44.856764958897685,1647,57.01764930516005,46.291436626241435,298,18.290228449201912,0.20698200479185175,2.0983913827982876,0.5657746059322766,Fair,0
WS_000657,2023-01-07 20:00:00,6,Cu-C10100,Al-1060,370.4782985426157,272.84687024635775,bare,3.5980681997077544,Laser,723.6206210621144,0.0,0.0,13.612556897621245,67.10333463271107,780.9939109027407,33.395622198999135,0.0,65.76376557643545,25.104166851470644,38.31206932613137,0.9953491099001113,2.593616642148669,3.15641135596988,79.41361915477917,0.2,97.9318198727012,19.64069658194597,6.466441691113381,0.0,0.0,4.4672366342266345,3.8519253308896975,139.20426226650085,6.1048307814031215,51.433328570284225,278,36.51171404894886,69.66151831260788,325,0.8659169897709535,0.3764164229591149,2.246881008511296,0.6894292970189425,Good,0
WS_000663,2023-01-07 21:30:00,24,Cu-101,Al-1060,425.1403886147031,452.8192744030795,bare,4.077872770252054,Laser,523.0489855272567,0.0,0.0,83.45847435855322,19.856574274812324,353.04408546441846,10.640285599185638,0.0,60.13435992123664,23.274965714507587,51.52933684059764,1.0717141287238687,1.9576697188956784,2.8169076038283363,41.56173331012705,0.519933872208069,92.82546810003961,33.98591188532622,5.953687148486693,0.0,0.0,11.81481952259066,2.8795456774248027,134.14720786306196,5.0,48.533758154108796,140,25.44506258795116,74.15749479861003,401,0.0,0.0,2.259985873269585,0.7239594764479316,Good,0
WS_000668,2023-01-07 22:45:00,7,Cu-ETP,Al-1100,433.78330114243863,198.1160374574572,nickel_plated,2.888458658391362,Laser,779.4607477623551,0.0,0.0,85.06613143526258,70.8739152089421,397.84215535004216,33.38242216168557,0.0,34.39485819331894,18.024138313409896,54.26321514146648,0.9420228038276554,2.176442644127638,3.1339826506172654,39.288216916627384,0.5804620358407145,78.31020664228028,33.418738964648576,3.0,0.0,0.0,1.3340681958015341,2.259583165507732,167.53362145137316,5.0,50.830078656963906,678,31.89320024330999,60.920627217021156,658,8.217065864468731,0.9595680315068242,2.0650397103841,0.6829214358483756,Good,0
WS_000669,2023-01-07 23:00:00,24,Cu-101,Al-6061,122.48556218395139,381.8344128533401,nickel_plated,1.093569125907312,Laser,2945.513009499792,0.0,0.0,72.7401676224973,61.93618441354255,55.07901255374221,11.076615949020374,0.0,57.862122355080295,25.319420077000686,46.30300846536642,0.3576783443766173,1.5851029947024666,3.480083080906618,77.25192840903877,0.9503851078758863,76.05698575175853,18.64824391026518,6.165085386671699,0.0,0.0,1.4138569499279485,2.1210547058842923,155.45338707616935,24.908940691578913,47.71401766994889,718,22.158566944645226,74.8648897636392,512,6.331131839356401,0.5705820104825406,1.2546348980927045,0.7261868351266703,Good,0
WS_000677,2023-01-08 01:00:00,2,Cu-ETP,Al-1060,331.91713753318203,450.0138124981034,tin_plated,1.4542587920479075,Laser,855.7474918967321,0.0,0.0,42.17334191839153,39.58386394487063,62.02393170126939,44.67133884426015,0.0,64.42841031184612,23.946887667349845,67.53112994927892,2.2570479176300204,1.8672181731449717,3.394693478069173,46.95255454758075,1.7967361196719576,60.195917824262004,25.637942651266634,6.563757296306473,0.0,0.0,2.323694322372232,1.812775578063218,184.82977277853152,5.0,51.87141152590074,1176,8.03482395564222,82.2239898276246,1092,0.0,0.0,1.1314304605001237,0.8163077386355981,Excellent,1
WS_000685,2023-01-08 03:00:00,23,Cu-101,Al-3003,157.6960084472414,275.77928931716815,tin_plated,1.5018301132043483,Laser,1031.691073737191,0.0,0.0,88.89990442289515,95.91055708134142,391.8014063877829,30.595399937780684,0.0,77.3465974544923,24.099807644471934,36.429998198878344,0.6379985867839935,1.2188021571126013,2.6665497264220455,92.44102613912489,0.2,117.10526313384628,27.32360816281518,4.9907844554543335,0.0,0.0,8.32041817707965,2.8120073558507106,163.6618723399557,26.723951454242684,55.79890911343389,1618,49.24770192948798,43.854292149473316,332,17.36195505751577,0.0,1.623446643137597,0.5753438450799425,Fair,0
WS_000686,2023-01-08 03:15:00,4,Cu-110,Al-3003,403.59073274161227,219.13893934400872,anodized,0.6533402973154878,Laser,871.9407821181242,0.0,0.0,48.97001441826119,41.54376555082689,410.74085101367837,46.87017502320823,0.0,28.93353208024365,21.791343614819944,57.71104846827282,2.2564240098006874,1.9226121057872134,2.9011774058639785,30.0,0.5804045779475865,84.00285363180429,44.211725541650694,8.496927723050023,0.0,0.0,6.216336780599457,0.6707030516077761,143.336658679741,33.15792545146492,44.34562562827697,1219,29.075752565537858,49.78991194604558,396,6.673785264002213,0.10326844571343355,2.1296334871222773,0.644747803646803,Good,0
WS_000689,2023-01-08 04:00:00,36,Cu-C10100,Al-3003,158.64582286393693,419.474948372145,nickel_plated,0.9049551729210611,Laser,1896.8181718143985,0.0,0.0,27.345018800147884,73.89098179550858,731.1759314071769,28.35668860119392,0.0,30.591738599096743,21.107116500089123,52.19344538500803,0.7675277256342414,2.1497285284949883,2.58569970983124,56.539377092504935,0.48221159215053566,129.99577912502383,27.893855092029877,3.19852385981846,0.0,0.0,0.21312671275399814,1.3625471418103663,208.8120382086869,25.227833410498878,51.580401542522814,1241,35.635574900290706,59.75341003979893,342,9.81461757886515,0.48381951977361537,2.240671124377962,0.6503277547886891,Good,0
WS_000694,2023-01-08 05:15:00,34,Cu-ETP,Al-1060,337.4738479634933,177.20599416227944,tin_plated,1.2775815656101477,Laser,1452.7690923627924,0.0,0.0,44.90978798354591,56.686279221009485,641.1994897674994,13.679312159044297,0.0,59.850939166138225,25.433750895352865,31.106982194685386,0.4826322117813077,1.9016050814254337,2.6412361482651123,30.0,0.4810069672217841,82.27604777558955,28.28920629661577,5.586060755582113,0.0,0.0,3.8879490688949314,0.7583296053904669,180.5552812585357,14.888271774521215,50.928278769452746,1876,44.31125238524327,50.06345595929287,617,15.325630321072156,0.0,1.3338316829457375,0.6210895378016903,Good,0
WS_000696,2023-01-08 05:45:00,26,Cu-ETP,Al-1060,223.78503057847294,423.78928384617376,nickel_plated,2.8471503332153323,Laser,1057.634886765476,0.0,0.0,97.74445677315501,72.795296711524,258.7646316029594,23.081704514972913,0.0,64.77565206786633,26.890996909054294,36.69451169932639,0.6341537312895908,1.9095633649574228,3.4185280562826352,64.12124924337218,0.2,112.49271356882666,41.8494558284092,4.669769704504356,0.0,0.0,3.7834130616121513,2.1623780221659357,141.41831461968246,19.43244303581209,49.8511151434059,311,37.65973630774647,55.23709025669429,473,0.0,0.6383748031179274,2.4204828862085694,0.6631364545134493,Good,0
WS_000699,2023-01-08 06:30:00,35,Cu-110,Al-3003,493.63578558660566,390.9589175383806,nickel_plated,3.3863700468519395,Laser,1289.5994094935118,0.0,0.0,92.17036448283491,83.70786862149399,753.8687381753218,34.917128130625734,0.0,33.32577247576121,26.10550103825723,31.84083174936375,0.8342615504526162,1.7183951634957828,2.4019272789728707,31.268353713412917,0.9595012273715532,72.67736840874824,37.14523836798597,6.665266320392617,0.0,0.0,1.6560517332905123,3.3550346979521017,177.19075267620752,8.210014796875516,49.79552439348157,931,29.232170323214206,66.6118711697868,740,0.0,0.0,1.2541956252062199,0.722014755772979,Good,0
WS_000700,2023-01-08 06:45:00,36,Cu-C10100,Al-1100,216.89958269575516,248.2842628151136,tin_plated,2.300739772878106,Laser,2660.686900851771,0.0,0.0,65.44145740600484,26.4350271318531,339.52371116536506,49.73596419048889,0.0,27.293718121504604,21.859429939896614,48.41978180990472,3.7628835364847526,2.1584813169762223,2.6526277664806788,42.88956128189019,0.2,99.82364655572114,29.966306813078234,8.639551016098876,0.0,0.0,0.7618558188986213,2.970914171443963,171.61878416008773,8.61353588454531,49.59224006524395,1655,38.871074294076564,50.52693363695183,476,24.10678205295961,0.0,2.3550526348759577,0.6045438396352988,Good,0
WS_000703,2023-01-08 07:30:00,22,Cu-101,Al-1100,325.83763251612856,166.29960615538195,nickel_plated,4.95197260326555,Laser,548.2843874052188,0.0,0.0,13.883741311017753,72.992689735458,916.0099182890939,12.627652768585678,0.0,65.8922251575008,21.36637306233272,48.488790819694195,0.34599773797488886,1.1160003822907034,3.1522257942231153,45.62909422046604,0.7734106263718268,89.86204627176082,18.247655086603885,6.369771296118398,0.0,0.0,7.324561132730732,5.431722385201884,112.36876719373137,10.134204553299138,58.07230232017516,1150,23.06594835656963,60.63097711056721,648,6.845805957582743,0.0,2.2263677487275144,0.6973426340710959,Good,0
WS_000704,2023-01-08 07:45:00,31,Cu-ETP,Al-1060,200.9290977054981,492.81784911455355,nickel_plated,4.114912107878357,Laser,1883.1479679048248,0.0,0.0,72.94860047054843,34.87427389956417,591.4021872117869,35.08103117707979,0.0,26.284742536338896,22.257425621493134,64.78107576068294,2.0118572950428195,2.2867363139941217,2.307943318853964,41.01071120778381,1.1613931383500744,71.89382909997465,21.791413994962934,4.618879778826412,0.0,0.0,0.10504074543055335,3.932451894101515,117.6763879751644,5.0,58.758982102660426,355,19.314839670843444,78.18859372770362,656,8.706030599318302,0.914857917687082,0.8044275868275671,0.7439087507726053,Good,0
WS_000707,2023-01-08 08:30:00,9,Cu-ETP,Al-1060,458.3262926240779,350.58554210162237,anodized,2.902191010707664,Laser,1397.1818295643156,0.0,0.0,66.55230948021298,35.469265389872476,669.6116832210668,2.7581044076536028,0.0,63.9145166607107,18.098638353798886,64.64526718561132,0.15552080807634225,1.6133400921184475,3.446433534161432,44.459726255350866,1.0980502666193266,81.64973572816837,19.39073759207702,3.0,0.0,0.0,2.75403475306919,2.915326262878921,199.1022372465763,5.042765708855956,42.2879598716485,258,14.309513613372562,77.01517438261016,790,0.0,0.48836000207040053,1.8067906226381942,0.7737403322031332,Good,0
WS_000712,2023-01-08 09:45:00,22,Cu-110,Al-3003,487.330784039702,214.88502845094462,nickel_plated,1.0011690510408429,Laser,618.6186871501254,0.0,0.0,40.430337460876196,84.89330086093413,868.891082518987,12.810109289327219,0.0,46.0193810463019,22.889202103870367,40.10000435327598,0.30179317235671593,1.970741454218879,2.795511235820073,35.48029637408369,0.40939873543382677,110.48884785998929,15.0,5.6392986250811825,0.0,0.0,1.8442404432375379,0.1,100.0,5.0,49.568105316813494,1592,41.70383565700128,44.23778719376625,591,15.55028974745425,0.10905739565006767,1.5196563076024419,0.608281921222437,Good,0
WS_000722,2023-01-08 12:15:00,2,Cu-C10100,Al-6061,269.1774174966231,192.43556885382742,tin_plated,3.389536752404728,Laser,2564.5422918859113,0.0,0.0,10.547276140308199,68.11550342204609,920.6291832269708,36.07746379514868,0.0,72.98467765506035,26.957219067341608,55.16037644004708,1.0593025664542601,2.210299627096022,3.2327535827861245,31.92538525401966,0.2,93.42229296084625,30.44458845220549,3.0,0.0,0.0,2.7200130166278464,2.722182856077288,122.51224380498286,5.0,46.20885507371426,1107,38.150994609506505,49.05465278740093,288,8.878174535626757,0.929070180131702,2.662645058295241,0.6179635627999424,Good,0
WS_000723,2023-01-08 12:30:00,16,Cu-ETP,Al-1060,418.23135050303455,303.60137819304725,anodized,4.175433489371598,Laser,918.7077149406018,0.0,0.0,24.613215979057074,43.52064791534809,447.14902281487133,21.305935927856076,0.0,20.722236950162966,26.95436009281981,40.04294922927092,0.9791185080377572,1.9745780112948186,3.3913444623594637,59.15580631151178,0.7651238670659675,80.22514887116738,24.235616932485954,8.513485340210366,0.0,0.0,5.631855171533386,4.607246504713651,139.49725462430263,5.327077940062755,59.739295938742984,890,17.787651822324626,63.21098816231118,631,14.858798064370134,0.5546422694450277,1.9885508705622414,0.6955524129682636,Good,0
WS_000729,2023-01-08 14:00:00,9,Cu-101,Al-3003,166.73943128223107,170.81657642396254,anodized,3.9449123055715005,Laser,567.43654963966,0.0,0.0,82.81153835660866,50.24380817741571,973.9300648945734,33.45598766414735,0.0,48.50453412763659,19.493854451431393,52.55488837646156,1.3317456967438077,2.76199053831512,3.4923264509670036,44.471877013557624,1.3940932467134903,60.15395384324838,23.37257913928596,3.0,0.0,0.0,1.923831699763709,4.385386333902453,220.11211296268928,17.767503635443223,45.28700155291178,727,17.40326504156323,80.6127689590255,754,0.0,0.1257826361070326,0.887034543586523,0.7756936915018856,Good,0
WS_000736,2023-01-08 15:45:00,28,Cu-C10100,Al-3003,373.06846098510374,183.97273266939376,bare,3.6120572762593803,Laser,2050.285030421563,0.0,0.0,11.487168454009915,35.98001449013496,818.8515068442795,20.78329902857284,0.0,59.42265644436206,24.957796528720664,54.282540136437234,1.1552690749622254,2.108985710231651,3.250258534353152,30.0,1.304454611601344,61.925965600826544,34.7703109997199,6.809957197575892,0.0,0.0,0.05385834974294605,3.0924705218659483,134.7815126421647,11.204007362102287,49.366087043880185,1553,18.035515125747004,61.988720047630906,645,6.340323308512528,0.0,1.549025569556528,0.7090304212269958,Good,0
WS_000737,2023-01-08 16:00:00,13,Cu-ETP,Al-3003,351.4936060239972,410.46074564224915,nickel_plated,1.5685193737620222,Laser,1200.7296528319794,0.0,0.0,23.50824793226854,11.25011214696412,385.7108925855912,2.9166633613945674,0.0,76.1550682453063,20.171290353153964,52.56802458267052,0.5185127620584011,2.516892293168647,2.842857194022529,73.34346833885581,0.2,94.85134532496217,24.6934386510042,3.0589834166449976,0.0,0.0,0.9630336847410843,0.7067239804814053,153.35013273590616,19.93398081487028,56.038428488454095,1765,50.63370635254735,48.6253040128753,521,18.309199113953202,1.581137619598727,2.8311080905385526,0.5960162854980383,Fair,0
WS_000742,2023-01-08 17:15:00,26,Cu-110,Al-3003,327.7989034074304,410.864478482238,tin_plated,1.8561709695997015,Laser,1018.1766650461311,0.0,0.0,55.15729343179476,84.77015795082269,869.3242951324422,8.11779460436671,0.0,45.730366377244465,27.761611520809254,34.42474272597398,0.19152481959691633,1.9668466345151432,2.954396723943029,95.17815298484723,0.2,77.43061618443393,23.089490833240372,5.297619696877025,0.0,0.0,9.891653421768709,2.250576314896577,100.0,5.0,43.70277621102127,714,34.24701972279037,49.097718912758204,375,8.01523630107817,0.3789425027827473,1.4238929044566844,0.6313451996331884,Good,0
WS_000750,2023-01-08 19:15:00,25,Cu-110,Al-3003,374.67144468965176,106.14650029388932,anodized,1.1369151040119694,Laser,1587.0080112125563,0.0,0.0,20.31935301487357,55.350838396256194,415.26890233695394,41.54760979928126,0.0,35.745912731923056,26.054645015753152,34.21885611874375,1.5012459071294373,2.5955459859278127,2.6485996100098044,72.85290493378753,0.23339008639109698,107.5371159346063,22.519548706669024,3.173056757418835,0.0,0.0,0.5465960911927301,1.7390045600539796,150.41259628219396,28.625696201078412,54.73036826934273,393,38.73353176894863,54.858199225189,354,3.6855144653326093,0.0,1.529111827001481,0.6457348607870509,Good,0
WS_000752,2023-01-08 19:45:00,5,Cu-101,Al-6061,419.42233525223963,342.47741496965614,bare,0.4294203142969715,Laser,1562.6768637210248,0.0,0.0,74.50321783476981,92.70231372963966,620.4425225174338,40.757924955811795,0.0,46.79276912586138,18.812588081586036,35.031238896877426,0.8793291842678203,1.9412413954350163,4.47902407097326,55.71487151357733,0.5954231532546096,86.40354049495365,29.16876986434954,3.6024991751206414,0.0,0.0,1.2473953537499112,1.194114874565524,134.39973391236225,5.0,47.35230396121941,915,22.642380465793337,59.97400540462953,618,11.027511749648847,0.6759872122842547,1.327748819207989,0.6864948582822922,Good,0
WS_000759,2023-01-08 21:30:00,20,Cu-101,Al-1060,275.10602199525135,235.635045305072,anodized,3.8527433360001604,Laser,923.1488105101145,0.0,0.0,78.01614108313164,11.76963309782936,499.2653993539097,15.399681308367674,0.0,62.98792264375787,19.13187822221856,30.81652372900637,2.6168498508603117,2.3339511823362256,3.724567445533106,61.83230617384564,1.4834869074240769,53.36410899615316,24.18406803203782,5.128379929122202,0.0,0.0,2.85096331785536,5.079720108070373,159.79825168562252,8.197614993213916,49.73396702220699,1776,13.618780231274338,68.08077601827796,952,4.6561633745997,0.8645333208590257,0.40886696878634465,0.7545101300380755,Good,0
WS_000762,2023-01-08 22:15:00,42,Cu-110,Al-6061,474.4706256666021,263.1440102363654,bare,1.5778574748561065,Laser,2121.990411841015,0.0,0.0,86.05042724476883,65.44955860325919,199.0470437252206,40.279840377680905,0.0,27.4466916496914,21.151480674507717,45.897768621426664,1.2308666777066726,2.133740965790592,3.7575617290790078,45.958679868251224,1.605193751757462,61.90520752661513,28.78371834467249,7.2335315999160255,0.0,0.0,4.713766252097297,1.9481834270638825,167.84181351042955,5.0,43.58653865022244,1143,18.475811304663857,72.83939739239506,1025,1.9235455055237392,0.3899039785993332,1.0454382665723412,0.7691114620344681,Good,1
WS_000763,2023-01-08 22:30:00,2,Cu-101,Al-3003,476.30034369378444,382.0138089053331,anodized,0.49309902982504683,Laser,2068.131970046752,0.0,0.0,12.082532610944975,79.66964083384367,332.971262863834,40.5728752527152,0.0,57.097026817726906,25.859456564753263,37.339041959056935,1.0185278815887377,1.7684752781444453,3.698751323890466,79.36246900709746,0.44325408652715625,93.41595682517254,33.382154284348815,3.3213869361981936,0.0,0.0,12.0,0.19515360978085067,186.62523662118218,5.0,48.28797902557009,504,32.355386263625945,61.096711142758316,441,3.331171366418957,0.0,2.0073383903424227,0.6773627521494213,Good,0
WS_000764,2023-01-08 22:45:00,15,Cu-110,Al-1100,169.91251394997352,190.74820653259764,anodized,4.703224752191318,Laser,941.2610227239622,0.0,0.0,91.14700747322188,31.907118887212278,486.55565937469333,5.550254381349287,0.0,74.11178066740194,21.605612653890468,42.24062378952149,0.34790069269298496,1.8580422080899308,2.5089115867622036,54.491071215378796,0.47005474322669677,110.13553999059629,33.762456856164306,3.0,0.0,0.0,5.42503502851371,4.182134183843243,202.9335394326319,9.304140303430765,57.50068677423975,438,33.593327593468366,66.52771065513498,481,6.069466776837146,0.0,1.9379824304491724,0.686615701707732,Good,0
WS_000770,2023-01-09 00:15:00,27,Cu-101,Al-1100,464.8832947126102,338.93972039114124,nickel_plated,3.2493943718244918,Laser,1693.410060960508,0.0,0.0,89.42089799711748,79.64207184599094,968.1575760849066,34.07049646742531,0.0,72.36837159733065,26.666829639064453,36.235396727868974,0.8555904103878574,1.5627605465958148,2.445844833586357,67.49296647303493,0.8413879557934386,89.86798308022101,29.37898595782295,3.0,0.0,0.0,12.0,3.250829409928442,145.76721491410626,34.021187442556,54.03026941411945,107,18.786147730265036,76.37026692930917,647,0.0,0.07208508909864916,1.4503050928752172,0.7558797790612087,Good,0
WS_000771,2023-01-09 00:30:00,49,Cu-101,Al-3003,353.2714699583089,288.9848455659562,tin_plated,0.8613147440904775,Laser,2486.3355064153116,0.0,0.0,20.72789999934733,61.67399908891305,164.57838218432045,35.04311831900427,0.0,22.432737224489088,18.37080102706711,43.196617156497766,1.136398444617932,2.1833264970178305,2.963587227266559,31.067775838063884,0.2,102.3867003358177,29.452571470399175,4.026520039179665,0.0,0.0,9.662073049774182,0.71740075765605,114.07296913336765,18.738988374719497,46.56846968817438,671,36.66672682852059,59.867196244028406,440,6.455119379701035,0.004569239542858539,2.4743412677335015,0.661897884863684,Good,0
WS_000772,2023-01-09 00:45:00,35,Cu-101,Al-3003,388.42186435914874,379.325329576224,bare,2.1304775298457557,Laser,2550.6989016772486,0.0,0.0,7.473101733242537,65.30130333760266,466.8981260803457,40.36233269815381,0.0,71.46138000843456,24.0515456037533,53.648305194208845,1.2361876604356175,1.7940310379007305,2.6607341433877987,33.20456120967758,0.441342779868917,94.64089899193172,15.0,3.0,0.0,0.0,2.0597875605181657,2.4049193355173775,131.0588735529562,7.732609332994967,50.541183098466504,428,38.35512133583972,64.08983166902911,503,0.0,0.0,2.2762920745252564,0.6862252305021465,Good,0
WS_000777,2023-01-09 02:00:00,16,Cu-101,Al-6061,350.70133941693246,220.38308622346898,anodized,0.8303068249585167,Laser,1889.6867295667864,0.0,0.0,79.68886479932769,67.26815560686268,940.5681661397293,12.084082524378683,0.0,78.93594975717355,18.784723122516155,38.707001270356486,0.3592809232053887,1.7938824644371716,3.499189233078676,58.23462740230785,0.2,106.47941339783377,24.97546896162998,3.9426630313718816,0.0,0.0,3.784185201554653,0.3226164942697669,188.61113353123002,17.838296614519678,50.7900821731165,1122,36.71570246322511,57.33626690399144,437,13.095834406270317,0.6902036849462942,1.896786213205122,0.6428457573867173,Good,0
WS_000778,2023-01-09 02:15:00,48,Cu-ETP,Al-3003,158.4386262165281,399.56705619140786,anodized,1.796029846350781,Laser,1182.909226047638,0.0,0.0,13.799355969392636,16.23593827812808,321.5744438639635,15.546072623334348,0.0,26.942889700620512,21.88372238529702,59.03062142514281,1.9150199214882369,1.9608039848337078,2.865047888051003,45.2322244490475,0.8376074475030247,79.49037872754653,27.188802067990125,3.0,0.0,0.0,2.1868930604587553,1.5337714684366375,177.60899339072773,5.221195016974489,50.92089958850028,468,29.6271088060027,71.9726796157533,562,0.874521471031263,0.054172364147572497,1.9644937581062971,0.7213179747388622,Good,0
WS_000782,2023-01-09 03:15:00,31,Cu-C10100,Al-6061,262.07885703013187,300.9611173920507,bare,1.3941409118774715,Laser,2708.256659334282,0.0,0.0,90.02180597116714,77.19986554901367,188.70984875514057,23.287244322787576,0.0,30.4696314743818,23.85284044040142,58.46868741516797,0.603297535745128,1.6728886040965043,3.4039436426278287,52.51981390055248,0.7993985738696598,86.35715168853933,37.91556658501437,3.0,0.0,0.0,8.829302669270618,0.6325864057481341,197.13230760728175,5.0,45.17608906547073,630,28.101477264977824,77.89068712124846,579,6.849094244570612,0.0,1.9457298225089112,0.7283324501970845,Good,0
WS_000783,2023-01-09 03:30:00,8,Cu-ETP,Al-1100,338.41743819105886,466.7914996074011,anodized,0.5297138748953157,Laser,881.4868455377307,0.0,0.0,57.47899243797498,19.581742322890882,344.19552644450965,10.412957849370075,0.0,23.803295087545127,19.80765015484305,44.07641171536429,1.0635374194662361,2.4158110612819343,2.0,30.0,0.2,118.17258375562152,27.467002013699506,5.579065034713137,0.0,0.0,8.389429180428998,0.7828359490634901,163.78124628267867,8.198072180097636,55.42842719304091,1261,48.82712312823158,43.88989552816523,373,13.141815926941403,0.49411358084141954,1.861413774557669,0.5867098159317172,Fair,0
WS_000785,2023-01-09 04:00:00,28,Cu-110,Al-6061,106.76511996864294,388.9733692089652,bare,4.297821293325087,Laser,2058.270077348019,0.0,0.0,68.5723875687674,76.28066068778205,590.8265706225834,41.31363384112001,0.0,27.58133108086159,25.304301490510383,57.83447031209171,1.0832007344618413,2.1565560338769085,2.722999627176117,40.027975917591206,0.914743937328168,89.38244927553197,26.3677660190346,3.0,0.0,0.0,0.5447507646312968,4.290767924922208,123.65989901576191,17.510920886398345,46.02085962630701,275,34.270310063789566,77.03599756400091,693,1.4388277849099727,0.3607208871010405,1.6458470908979597,0.7346867267176117,Good,0
WS_000789,2023-01-09 05:00:00,39,Cu-ETP,Al-3003,499.7401201888801,386.451056190695,tin_plated,4.160384558816744,Laser,2825.7398518160726,0.0,0.0,54.52029266343216,52.3711700237994,227.872147634563,14.983547361054436,0.0,79.90467567414687,20.58826731216295,50.51018971009779,0.5722059428592241,1.8914203688411573,2.3094901984796765,51.59269356342405,0.5756595558800888,94.36850387023586,24.927994721350284,3.0,0.0,0.0,0.011965425329654023,4.666030334265657,119.03317173747405,25.98490332134687,46.62864992505759,1522,38.803173679157986,57.42969643060935,470,11.994619146060302,0.2790422200289435,2.3873727369233264,0.6442129029922566,Good,0
WS_000790,2023-01-09 05:15:00,12,Cu-C10100,Al-1100,184.57250319956447,237.775315371404,anodized,0.7448109775523998,Laser,2643.5104236589777,0.0,0.0,11.930999522883544,82.97128649465454,915.7460030668448,15.897933632637645,0.0,40.84206639175318,26.931226014794092,55.1241350814894,0.3832153098810123,1.7593444064393655,3.1262219355928726,59.66638681458819,0.3668769861639636,105.68064758087988,36.96702493783642,5.66862862711978,0.0,0.0,1.0399561882657902,0.5190851505123363,161.14234508966598,16.52080475021978,50.51189069265986,1884,45.58810310276258,48.44187909237326,572,16.811848244840558,0.4704910777395687,1.8319397696808895,0.6093336609510466,Good,0
WS_000797,2023-01-09 07:00:00,20,Cu-101,Al-3003,154.29834123996042,263.3949555529093,bare,0.39031741675866494,Laser,1951.0250579449316,0.0,0.0,65.13574029054364,48.26510856880932,247.13889398771872,14.304589051360765,0.0,54.193098629253306,18.065597438948522,49.07528596924294,0.5927507251316912,2.028504837118828,3.5496509127316296,34.231699814753696,0.2,101.63921072392121,37.96110957570657,6.089500623265469,0.0,0.0,1.9550733779485236,0.29046210424429303,201.78999444044288,5.0,59.623171947906904,153,27.18243366733115,65.35027010195127,413,0.0,0.6826959132223875,2.3717800605690846,0.7001353580872147,Good,0
WS_000798,2023-01-09 07:15:00,10,Cu-C10100,Al-1060,490.9752736816049,239.48112433719135,tin_plated,4.792261418469238,Laser,1563.9609003533767,0.0,0.0,22.406457356008666,12.534849461508948,497.5776025478511,1.7897479199004493,0.0,41.60234786582063,26.225813142344315,57.950142516876326,0.2855635283688519,1.9430419917581854,2.924635457087629,30.0,0.8758065042091004,91.09952199318568,24.194613488765903,7.30710220285421,0.0,0.0,1.3239807325838375,4.582789847976394,128.58250372477906,8.475954891293203,51.25246298671248,1567,33.92871574662965,63.186931019429615,775,9.298707590827549,0.0,1.5348467367699055,0.6913058438624945,Good,0
WS_000799,2023-01-09 07:30:00,6,Cu-101,Al-1060,485.7412936143946,405.45881300928795,nickel_plated,0.8241422540437571,Laser,1962.6051203618558,0.0,0.0,55.22993280554909,68.89778519857504,954.775415360754,21.001397306829045,0.0,69.86234070915347,20.347324491422814,51.25582572186672,0.6096392575261883,2.167872958949934,2.3842137439959616,65.16760223678615,0.2,107.98977070417129,15.0,3.0,0.0,0.0,1.5493830434138176,0.5964457986821179,161.83634481221375,7.5520146279471785,53.75042227148021,1117,44.889473496500116,50.81401046857218,409,13.641114127624876,0.0,2.4763179962050446,0.6113903936040502,Good,0
WS_000804,2023-01-09 08:45:00,48,Cu-101,Al-1060,426.3823157660826,476.93740306854295,nickel_plated,4.364605209152991,Laser,1859.9240894942639,0.0,0.0,82.38572125300745,84.31718340406043,484.1759872694085,28.744390200619566,0.0,54.02693505453599,20.67740695887719,42.00757128085789,0.6818157115821147,2.232479692217055,2.455290750310075,37.94786096881858,1.4906200718760831,59.12212353505845,31.484377212331125,4.194074222421859,0.0,0.0,10.36262361781409,3.8429244670008984,160.06570409723514,5.0,56.67405259269852,320,13.009169911558006,88.12893628490195,573,4.3836564130292155,0.46030886027824136,1.0245818420318349,0.7807892300704881,Good,0
WS_000812,2023-01-09 10:45:00,20,Cu-C10100,Al-1060,494.4707189134779,403.0039291274024,nickel_plated,4.309480702806679,Laser,1220.8013010431887,0.0,0.0,37.030676221404725,77.25420893650906,920.7104165719238,23.302999199412223,0.0,77.19474845173244,25.83316798213653,37.64312500510086,0.6032810255959947,2.6027430583109394,2.8536032579642896,53.30608397558916,0.2,111.23145204917532,37.776669186701575,3.0,0.0,0.0,9.123878200140553,3.8603386606438357,192.11714942400613,36.819219259716625,49.82849057040485,412,32.103055735268356,63.35537796195744,509,3.977858822735296,0.14470854718804874,2.1655921515177616,0.6867087093426957,Good,0
WS_000819,2023-01-09 12:30:00,23,Cu-ETP,Al-1060,471.50536848219696,180.67998505241016,tin_plated,3.5051408125565016,Laser,2860.968494315807,0.0,0.0,72.81009279670307,74.09192360253294,439.3478748845687,2.1341709224117413,0.0,59.93381297477491,21.555499131992477,61.17237221807781,0.05760873300740653,1.9695868460606862,2.4106479609280616,58.71293008596476,0.2,90.96818422961385,48.75764954291493,4.01281475977047,0.0,0.0,0.9550534857100899,3.2603997939487863,172.34557788993544,9.857440320914312,46.91982574597829,1622,51.792355748308516,53.394874636378965,477,16.343176086924245,0.0,2.5380848772733597,0.6069551978055017,Good,0
WS_000821,2023-01-09 13:00:00,30,Cu-C10100,Al-3003,437.1781929824789,297.6171467742933,tin_plated,1.2621216383631229,Laser,917.4658823562308,0.0,0.0,28.463954552139555,31.559621418381212,501.0007342379358,36.695357521935506,0.0,47.34184556677723,26.552219120014804,30.019892602124926,2.3254624658179894,1.8926165055353048,2.8298199891442066,59.56689221357307,0.49422136802734035,110.98233815254403,15.0,3.0,0.0,0.0,6.968315746354321,1.3207592801062913,168.98381831176883,5.0,59.16561000329383,1476,40.434571161137875,54.74238782304908,482,11.205963140129342,0.0,1.4578784725095144,0.6373262652615067,Good,0
WS_000823,2023-01-09 13:30:00,41,Cu-110,Al-3003,383.43341830713007,481.8550053440223,bare,3.920829170867698,Laser,2562.1369360343474,0.0,0.0,16.651745869869707,73.96035391371441,356.9876972136112,5.616989973060091,0.0,57.66171482880717,18.65415393973499,30.27747700778653,0.1518919171104328,2.095895996646035,2.9714311966250597,99.78519633865756,1.1924906452828523,70.31305504409008,42.827585990937635,6.013094843852968,0.0,0.0,0.558348902542193,3.816954547142261,194.90055259683862,5.0,48.81344457227952,1090,20.039873350429446,76.63006461659567,505,6.046276400089564,0.10185416373942653,1.4599673166230582,0.7338452499323437,Good,0
WS_000826,2023-01-09 14:15:00,43,Cu-ETP,Al-6061,244.4864235903247,302.4924144363521,tin_plated,1.6048914048730982,Laser,1972.3544601923918,0.0,0.0,95.5485222785094,33.33346554269744,849.6723878026272,36.7644465616146,0.0,59.22604319036024,22.78843544685559,65.78482557378103,2.205858044644194,2.1408899389763105,3.8726208088857312,94.50330625577064,0.35645522489475084,88.05635082722638,42.76821457779583,4.831130418505673,0.0,0.0,12.0,2.3620977313563802,140.2535962669186,26.596824720070984,60.0,676,35.58237762670913,53.02914478315356,556,4.774365832330439,0.4463908647271214,2.462746716524157,0.6573140262488673,Good,0
WS_000828,2023-01-09 14:45:00,40,Cu-110,Al-6061,128.27864327374647,469.89899034574466,nickel_plated,0.941899273676257,Laser,673.6675735305265,0.0,0.0,26.75746164697083,17.873802066431352,989.4351632922628,16.97946412928843,0.0,34.787885874151094,18.013081995250968,60.573159276503205,1.899927510238846,2.2880557530800534,2.6622099839178106,52.35160936137465,0.6684119870759706,85.33576499554344,34.94044892027857,3.825418762976624,0.0,0.0,2.6247439446402367,0.41304382385002336,181.92631959503044,8.650147472693956,48.530291483383564,1140,34.173589206170206,73.70505907486923,657,6.114617996242507,0.40885731997596486,2.2983179647194922,0.715337355134963,Good,0
WS_000830,2023-01-09 15:15:00,40,Cu-ETP,Al-3003,313.919786512477,309.7031711615342,anodized,3.4264340365190167,Laser,2463.175164775186,0.0,0.0,69.48669764564663,90.56353600812523,848.4006079137547,6.429768538995139,0.0,34.51750763220164,27.693828444028597,52.29015527321016,0.14199464425545993,1.7249635407487038,2.4231574299229677,38.068184091756116,0.663966921234076,96.50219175260115,21.45041520452152,8.882993846579575,0.0,0.0,4.879840050296346,3.3194277560340133,100.0,22.25935065385261,51.62933769240642,1955,40.388381823518536,49.91269310533774,494,18.35762874645963,0.6164870022106794,1.5890794593801256,0.612711939461788,Good,0
WS_000831,2023-01-09 15:30:00,14,Cu-101,Al-3003,498.4897972178555,191.5769344557781,tin_plated,3.917579904986534,Laser,668.5365678571196,0.0,0.0,19.81354914926191,87.34254361219683,165.8757125874654,11.219882388117487,0.0,60.968484669120016,27.641326817709157,54.33736940418529,0.2569167767298845,1.6801977929422307,2.5747634538888717,30.0,1.1408871516808055,66.27406549565116,19.060231538728072,5.786427423229801,0.0,0.0,1.3843607925288794,3.799771650482875,188.40011159993819,14.374434670128796,54.8942119345203,1606,29.118909145834444,55.15932420008335,576,11.384398993333633,0.0,1.5962799298884234,0.6612741986689561,Good,0
WS_000835,2023-01-09 16:30:00,24,Cu-101,Al-1060,418.5562890478836,302.6764804025195,anodized,2.0031983859725644,Laser,1591.2333173581194,0.0,0.0,85.53047346464132,30.905891920750708,78.90472679257556,20.8970318775678,0.0,47.639756904268104,26.000763902993363,30.211560215083285,1.352300844845523,2.4960833290625617,2.6967300120123046,30.0,0.6690498322310936,94.89841156413137,23.367893309544755,3.6044333925515515,0.0,0.0,0.17969718744790092,2.5438624845910773,195.15043050392006,26.16394754554815,54.89195348923065,136,30.44859927865187,75.59860608417063,653,0.0,0.6631218589564164,1.1656825388164642,0.7368569496257821,Good,0
WS_000837,2023-01-09 17:00:00,37,Cu-C10100,Al-3003,454.63817660095935,329.9813972918565,bare,3.8636405355737873,Laser,1492.8672562996658,0.0,0.0,68.20173235937315,94.0639413382744,697.9729771485858,14.145404751086481,0.0,32.77793528549492,27.802787390513323,50.640094233561484,0.30076147245875073,1.8934409056730959,3.2734967779623148,96.49345601796357,0.2,115.34257962861912,27.151703617651634,6.360981814441809,0.0,0.0,5.9683059076447655,3.4998145994815864,186.75394156387551,5.0,43.10748985430399,1464,48.902239246561805,41.686439382561105,351,17.282359748294915,0.15508350756658978,2.601465121089883,0.5718583150585071,Fair,0
WS_000839,2023-01-09 17:30:00,16,Cu-ETP,Al-1100,341.72176792859153,360.3515349983109,nickel_plated,1.9825268450645026,Laser,1207.9581794525402,0.0,0.0,81.72422599267075,48.717455914113906,56.260654688227376,30.37935434122735,0.0,40.3054409873357,25.697460239843018,61.74238500367727,1.2471650570089055,2.0699894697403063,2.261716293473971,30.0,0.6766856320775911,85.63153872887466,48.111211432213494,5.5150342562228944,0.0,0.0,4.745148196164384,2.736422524370181,132.1551082679088,17.458777210522257,48.682606420938974,853,25.209541835591466,64.12380472046877,545,8.541546074788293,1.0008373525524386,2.255745382416447,0.6928131334908899,Good,0
WS_000840,2023-01-09 17:45:00,25,Cu-101,Al-1100,352.0074722475309,290.0986106348802,anodized,2.765660227679238,Laser,807.0758722992521,0.0,0.0,50.34966392431176,40.260357377633404,374.98458914064366,25.987770794128092,0.0,71.0733161956681,25.341536040820042,32.79063842946569,1.290985599077944,2.1548763343333093,3.6422273895676596,58.47310263814722,0.5837011043697665,74.38518383088937,30.015106010439577,5.6364673216751555,0.0,0.0,2.4048992417249395,2.3134344715052815,163.5892192482189,16.141249140160802,47.29310820294407,1459,39.954391178956115,58.338927023289976,362,11.46416414196361,0.4338905271163298,1.1640119889308886,0.6385537563569422,Good,0
WS_000845,2023-01-09 19:00:00,27,Cu-101,Al-3003,449.41370569808583,151.52522950519526,nickel_plated,2.5752738012780174,Laser,2788.292981598256,0.0,0.0,34.25441965685609,12.485473849443665,964.8239944555808,29.79122290452035,0.0,73.14709114116134,26.793357247992716,45.68856031585965,4.772141332200668,1.9347598406137165,3.323494804298309,68.56721439487654,0.2,103.39447281466414,37.354330343028515,4.005063187207146,0.0,0.0,2.8024909341935498,3.0055935957208093,128.50658679290882,10.102592209327081,49.08456383037359,1752,38.723262706300986,52.18552312078252,525,15.992318278127422,0.03774128878159762,2.379245193247792,0.6273933169710157,Good,0
WS_000846,2023-01-09 19:15:00,35,Cu-101,Al-3003,194.5899648954778,442.12578574517534,nickel_plated,4.286703995230479,Laser,1624.9373989446335,0.0,0.0,17.575431143237747,75.55791682303997,511.3962096835617,14.929165956733055,0.0,37.57582853343322,24.140350146014217,40.80136763599824,0.3951714548112233,2.130558574682728,2.470684374401749,62.174779988723486,0.763401612762175,91.98767668663302,38.880908762519326,8.15199251525162,0.0,0.0,0.15422191040135869,4.639011355843316,116.28798689500316,16.66553369765289,56.828196415638374,388,30.159233281817016,70.49936896646317,713,0.0,0.0,1.9156203475651157,0.7285429058267656,Good,0
WS_000857,2023-01-09 22:00:00,39,Cu-C10100,Al-6061,157.55046215591207,383.49143196195985,anodized,0.8086788568048925,Laser,740.4992345057416,0.0,0.0,54.32843437531421,99.28569605852155,134.0238395921334,24.405518470490442,0.0,69.29594146021265,24.73862205596182,66.0463329610184,0.49162204505481233,1.4382359910273135,2.8677969269550356,30.0,0.9528300552946718,76.42539719991404,41.81607321411379,3.789593771210716,0.0,0.0,0.9660256532749721,0.1,145.15126936700935,9.461628984668895,49.292130889791665,1957,26.971628387727016,52.76932653529863,664,12.28195460206667,0.009585356741289408,2.1514647021123805,0.6627038755444478,Good,0
WS_000859,2023-01-09 22:30:00,17,Cu-110,Al-1060,107.98917303121125,425.62676238050676,anodized,0.8631599660818768,Laser,2630.5219632772164,0.0,0.0,80.00730715007784,56.471874639984634,60.381979019361125,20.097623319009386,0.0,79.7343619241189,21.309357534856346,58.9787030246017,0.7117746115968094,1.987911454503431,3.5630640675419456,57.44064585480442,1.2752025091610197,91.0951432450793,26.91153299670176,3.0,0.0,0.0,1.6441728150959198,0.5703856201016311,207.697946098249,5.0,53.556268694219725,1156,19.92532097812769,72.80934816926526,829,0.5835993879041466,0.0,1.4295648046600422,0.7563078067703181,Good,1
WS_000860,2023-01-09 22:45:00,35,Cu-C10100,Al-1100,334.6406949618242,342.44383994118925,nickel_plated,0.7275846940259084,Laser,1148.7192684396323,0.0,0.0,19.70897522837744,33.90747997422855,60.24907144936762,41.011196177985305,0.0,30.329265462360617,21.539445635598693,54.43587177303431,2.4190058482173225,1.684908993171132,2.9348281591770222,45.84419391510529,0.602175857240961,83.63060354673095,41.9079146720916,5.902296920016616,0.0,0.0,3.0982887880556875,1.7058837815364252,150.17965121560232,12.053494004899019,60.0,1522,41.06590623224578,58.21295309811545,464,14.907797070158463,0.47062313976990977,2.673990528160129,0.6369147372237061,Good,0
WS_000862,2023-01-09 23:15:00,39,Cu-101,Al-6061,307.2061395634079,235.81156765227732,bare,3.1881701806762317,Laser,796.8970090643763,0.0,0.0,25.305386971485415,13.388053700508673,535.914158715856,16.20679298880397,0.0,68.57841297937607,21.623752523846637,51.699493070008266,2.421082758009583,2.0242173069569627,2.2826885973151803,32.16471858035533,0.2,104.62537007025871,25.69540834590595,8.989771041117768,0.0,0.0,12.0,4.204667870821182,152.546672066071,5.0,47.071934908330405,623,35.62439263520133,57.28764034527608,290,9.838348835289342,0.016648088127086562,2.5598984757267327,0.6406689411775539,Good,0
WS_000863,2023-01-09 23:30:00,18,Cu-110,Al-1060,102.98525616688777,143.25837693487946,tin_plated,1.8592108217814218,Laser,1798.2766034921806,0.0,0.0,10.889994142120262,48.68715061157431,618.0210154811823,7.897446716261789,0.0,32.94149614360545,22.54117537463903,55.181627104619075,0.32441605709348464,1.977596398615525,3.564528511022826,64.05272800918982,0.2,112.37612572182088,24.04145140682589,3.7699527963679746,0.0,0.0,4.93461907687059,2.0740855787687753,219.5078287251168,8.624691280939738,50.605319739501745,712,46.57567732879504,56.198020061235425,343,7.277116689904975,0.5857071905911069,2.284512157163188,0.6298536070329908,Good,0
WS_000869,2023-01-10 01:00:00,17,Cu-C10100,Al-1100,425.25680179269017,310.0409592568976,bare,1.7363722641180106,Laser,1420.5754729020796,0.0,0.0,36.86712361752245,16.675295390574583,405.9856246827209,43.39784922745847,0.0,71.65678058616521,21.551520738464436,37.9948816825065,5.205047132417017,1.8579226509249482,2.468175331633257,78.29196147670004,0.9874888908862456,75.53066584706181,40.54005705853992,5.0341945567546045,0.0,0.0,10.11442853454135,1.7822841904067719,161.54789380925578,26.872123318122853,54.11682264639025,272,21.36133342645337,83.68416974167148,535,4.262906117196991,0.2654675626391394,1.1679606517595904,0.754842141911421,Good,0
WS_000874,2023-01-10 02:15:00,7,Cu-101,Al-1100,431.97583728497733,212.35330922703992,tin_plated,4.73636179134797,Laser,1777.2931582965482,0.0,0.0,36.03922560581309,50.95106073009289,208.1745735462946,17.441858345809155,0.0,25.68433809575777,21.589264963014646,63.73613719332676,0.6846514320165109,2.2329694097643746,3.5202253287701017,48.70950634153367,0.9055553526826271,82.94454025622107,36.51864668750254,3.3984850310877417,0.0,0.0,5.810120616267469,4.781030989264811,143.70136561251118,18.92074794700501,43.72914375952915,1905,32.400117061684526,52.84439091593765,778,13.45176141228821,0.09431715766667399,1.6472917454902196,0.6601554157159436,Good,0
WS_000880,2023-01-10 03:45:00,19,Cu-101,Al-1100,295.16007811172074,472.8646876854529,nickel_plated,3.2792467948530093,Laser,1783.5168350260828,0.0,0.0,25.625929827623143,68.41932713781398,474.229299182372,6.581380063239109,0.0,46.07020292171744,26.83332343524787,33.24679081789363,0.19238365352475714,1.8512824828911802,4.095114839466442,69.13985730826548,0.5427468229527669,95.90169916883673,27.945437058758166,7.138456317549583,0.0,0.0,0.298643727990893,3.493301153310205,149.4277183329592,19.631270641804598,46.917411796558305,1259,35.808270716236244,62.1344068136908,360,11.409766513177166,0.11757603447622669,1.6625628098375125,0.6542302987476655,Good,0
WS_000890,2023-01-10 06:15:00,19,Cu-101,Al-1060,280.4520279191366,131.95747511654434,tin_plated,3.687866044259021,Laser,545.0606329111006,0.0,0.0,76.22789595582958,62.95318824197575,409.7725133105183,30.156511813734145,0.0,61.66610643145299,23.638461173250544,46.40328635090668,0.9580614629975633,2.586952642090843,3.539789379765948,30.0,1.1088778017822303,61.663474249674685,26.795021643489775,6.215068493640299,0.0,0.0,0.23214346509790987,3.5469867497052876,137.37302012712112,19.122042840590858,49.21442897474746,1263,28.207732771216364,66.57847584048781,560,4.991122334598153,0.0,1.462849250540945,0.7021095694003567,Good,0
WS_000894,2023-01-10 07:15:00,46,Cu-101,Al-3003,176.92630911374022,244.31536043149066,tin_plated,2.3429719001727767,Laser,2059.5166485638406,0.0,0.0,17.72398639290881,19.34443774100074,374.9321478769348,47.37607244987769,0.0,59.91576416854054,27.19686726200676,66.76628771420216,4.898159676097859,1.659228136204941,3.1630470113836413,30.0,0.2,94.39536119984763,31.665221914166676,5.410012306184285,0.0,0.0,3.6054567748220974,3.0671369097333656,154.86832096313066,7.167581874990442,51.99489104087417,319,37.89244613229071,63.65126834862451,478,4.3217071178005515,0.5374697835804311,2.8019753334077278,0.6760529674939159,Good,0
WS_000896,2023-01-10 07:45:00,2,Cu-ETP,Al-3003,198.32743480902985,161.15484625919927,tin_plated,3.0560833653078836,Laser,817.7974225992714,0.0,0.0,33.994689948899165,55.57386921267705,710.0496472492841,29.82004139393013,0.0,56.1015806229631,24.940364744863313,34.06754406206149,1.0731677249180205,2.282104696715373,2.447980277187279,30.0,0.8979991058748171,82.37538977049829,24.253004689376404,3.98291904757138,0.0,0.0,2.0512146427505273,3.5213566028179364,122.34311416131979,10.881787427308632,56.595427131881245,977,26.098972891147927,58.42416145207471,510,6.602457021682526,0.0,1.366088731025883,0.6785323373778102,Good,0
WS_000899,2023-01-10 08:30:00,13,Cu-C10100,Al-1060,480.9056058133489,151.1415271634782,nickel_plated,4.152186698382642,Laser,1158.972952183376,0.0,0.0,94.63303045986332,11.463856670569895,360.5668438897726,45.3589621877743,0.0,59.85146485290846,26.98343127105926,37.26656296805788,7.913386130205239,2.052965279562839,3.277499120246456,76.82140233427036,0.9511268798424053,80.96466317881463,28.46564952248048,7.217431960943201,0.0,0.0,9.627111887215955,3.8117199611296537,125.21014982092416,20.185309084879528,48.05440348732419,671,24.26173595254689,70.69187374043487,611,0.0,0.14581687505070556,0.9493789570764544,0.7310704137556001,Good,0
WS_000900,2023-01-10 08:45:00,40,Cu-C10100,Al-3003,313.22211603788446,224.96235907185272,tin_plated,0.1468523929673434,Laser,2135.082517453935,0.0,0.0,24.39891094631373,28.318124612838467,841.7060355416678,27.103234492881654,0.0,67.35986327059547,22.348020509222565,68.50444131442666,1.914196993157801,2.55325836621631,3.2934715239761525,52.8847704132919,1.207844572721295,80.26054396897875,35.524270665467846,3.310299883916463,0.0,0.0,7.097325936387573,0.1,177.93854452105847,5.0,51.83115202926343,1456,14.354897635846758,65.53161457603252,590,4.073782884326409,0.07277186994018726,1.4539666686078156,0.7239916804115324,Good,0
WS_000913,2023-01-10 12:00:00,6,Cu-101,Al-3003,384.1687260049647,180.98487345553255,bare,4.754808414296769,Laser,2982.3013763348426,0.0,0.0,58.51646911487556,18.96596028546935,466.38868638198613,8.10610089623939,0.0,75.01392179709708,24.5036724915346,41.6007456100684,0.8548052167387303,1.6000082117833958,2.674671097129002,56.868460827256825,0.6396618380057444,79.36621019773655,32.91809335720153,3.0,0.0,0.0,8.092611087017223,4.3806097002364215,136.50365246416084,12.737609838809117,54.16484372514814,597,27.519089676312557,62.6764869440186,670,5.732856513543261,0.29076936610341453,1.210566871380851,0.6993301435493507,Good,0
WS_000917,2023-01-10 13:00:00,7,Cu-110,Al-1060,493.8303585504452,142.55536216563092,nickel_plated,1.1646660159589686,Laser,2934.408625031792,0.0,0.0,33.22816885895688,34.5333750385236,483.2359715737318,34.97438764505634,0.0,39.83060490825159,26.620126558834414,54.56206552978716,2.0255412398029886,1.7796191767161373,3.2867983462682218,116.06156552136767,0.7757301438057427,88.54875329973675,34.04803389407189,5.778407165231803,0.0,0.0,2.7124074523748227,0.949719441846631,131.20048798171888,5.0,56.31379393272716,1997,35.03641967657191,50.6695951504763,653,16.98745853126726,0.0,2.1401754046954626,0.63580120694854,Good,0
WS_000923,2023-01-10 14:30:00,47,Cu-101,Al-1060,169.91399515334638,229.92964389942188,bare,3.02725456681705,Laser,1933.3144733767256,0.0,0.0,44.8124603543115,19.294991675297545,487.1666429683881,48.30440983008917,0.0,34.37362640037061,25.31211549006555,46.28064483151958,5.00693761811061,1.6000771292692566,3.30522250804016,50.86697510962904,0.5022955377107322,97.00858638155285,39.40539836165748,6.8963065580241,0.0,0.0,4.242048022036592,2.6899510803917135,131.68503096594893,5.0,57.319703659301425,1040,32.48413685529994,56.05513583934131,412,13.178282372176717,0.33918077199868546,1.6235114031056466,0.6441690215342386,Good,0
WS_000929,2023-01-10 16:00:00,2,Cu-110,Al-3003,345.799784102077,330.8309770527062,tin_plated,1.9372438144694535,Laser,715.0454689092013,0.0,0.0,44.70408215796195,64.58300626436989,364.50826026515034,2.4909982475678327,0.0,48.261240705878606,25.091975047317582,56.690926662949025,0.07714098155700454,2.2444695060864905,3.7095477010097935,66.02366267965581,0.701535462216351,70.90173541133608,37.340971896036166,6.153734079523999,0.0,0.0,12.0,1.090748213499543,143.00397225957727,7.383568910846974,51.97679088209205,1286,36.015533348382306,62.05215998261248,629,3.7995764757902464,1.2885539870213774,2.159571993513127,0.6859162273751843,Good,0
WS_000932,2023-01-10 16:45:00,5,Cu-ETP,Al-1060,232.36590631207807,248.60783009742931,nickel_plated,3.7774224840259736,Laser,2929.8144916776964,0.0,0.0,74.35750751702652,19.7137769736432,533.0930800319564,41.51136651719896,0.0,79.37199342053822,24.141929620416153,56.61412616981506,4.21140673070397,2.095872424823585,3.3203714456885294,76.53521871573543,0.26650002160079733,82.93900389361167,31.340883798760153,6.426106393632624,0.0,0.0,3.0309308199815748,3.5795278064027154,147.21798163916336,10.394166552817104,58.708794943154764,1875,52.32107979943626,51.56269133790864,485,16.154877201889455,0.5136126144396916,2.025549954790932,0.6024680472254077,Good,0
WS_000933,2023-01-10 17:00:00,9,Cu-101,Al-6061,199.31499185233838,183.55555708593727,tin_plated,0.10609285044389985,Laser,2245.981962498031,0.0,0.0,49.1628821723404,51.170918939923176,217.12678286376797,38.28125076781904,0.0,37.5756115809848,21.310197250308345,58.137022097928885,1.4962111902959119,1.7585250357449917,3.1908563991320453,57.389703546786286,0.2,113.02945051409401,31.437792464559372,3.0,0.0,0.0,0.8346087709940833,0.1,100.0,5.0,46.99683659187349,1027,32.68712549313597,48.21881631875407,440,10.14843057588401,0.0,2.1441866400509872,0.631821378560732,Good,0
WS_000937,2023-01-10 18:00:00,22,Cu-110,Al-3003,373.89006555240184,461.77013692686006,bare,1.9110610583074465,Laser,1631.9165231951893,0.0,0.0,15.667998533940283,35.62293655895539,678.2655526646873,46.02835769813334,0.0,55.307547369329946,19.82945403316423,37.15141132056419,2.5841978311898655,1.8180209533905234,3.516292243848052,37.3683823218327,0.3824488961771544,112.42815198944962,35.23636493032926,8.06495640192242,0.0,0.0,8.056728713514815,2.502507592449682,137.04161494617063,8.182952510392644,46.678200917800794,158,31.626179315413367,72.10580430267433,385,4.134560239147605,0.20707916070674753,2.025350642780044,0.7007396080018305,Good,0
WS_000939,2023-01-10 18:30:00,49,Cu-110,Al-1060,195.59907208462053,110.32286727649243,tin_plated,2.318478194104376,Laser,1974.4276141360315,0.0,0.0,69.12604462817272,19.2431522225234,547.0711114787905,8.518414431243956,0.0,71.25257654520453,27.913827717657348,57.871058188334715,0.885345013409338,2.0437731194121134,3.418588062303514,70.10285909547261,0.7327674515269418,74.42573800702002,33.065194162897804,3.265204765072693,0.0,0.0,11.607467849328678,2.0012532954917757,194.02625974892806,5.0,48.1205475921522,1390,30.188861906216225,47.76697681883773,553,13.610484442899839,0.2990935953055367,2.0662293889022187,0.6354811575239994,Good,0
WS_000945,2023-01-10 20:00:00,26,Cu-101,Al-6061,486.2439325523536,235.7975660239771,nickel_plated,3.6166923216525286,Laser,2173.2335623669724,0.0,0.0,16.010473328061607,73.91420031405077,245.3111806335429,39.087640499949636,0.0,43.205252024985796,20.77998913460997,62.1686576334035,1.057649012879038,2.055090141426327,2.4119420692507565,38.08587591751888,0.7263090733576829,98.04796904140031,26.732030529601705,4.753870414078346,0.0,0.0,1.5419023749217313,4.095260494559821,172.21279889604702,7.733157032692679,52.51381776080684,1595,39.46804684201093,56.003191971916415,689,14.98206072694818,0.0,1.948727907273973,0.6486478791370801,Good,0
WS_000949,2023-01-10 21:00:00,32,Cu-110,Al-1100,372.10027533214964,189.0084176709786,nickel_plated,1.0419368221826133,Laser,644.2330537221553,0.0,0.0,52.29069571820703,60.63584510926993,710.5375751475178,25.934764277457532,0.0,29.007677156716746,23.9838297193207,66.35925770026748,0.8554268265156135,2.3303946475828683,2.252622343009589,30.0,0.7655712324684183,81.62721881992478,31.89256264801642,3.708769215960224,0.0,0.0,9.146344402261388,0.963308540499815,140.0622660983622,7.95484853874486,54.895507376505684,1868,27.169152152636066,61.66806436423909,455,10.17931214943165,0.0,2.1994828888115996,0.6746635557347925,Good,0
WS_000956,2023-01-10 22:45:00,9,Cu-C10100,Al-1100,349.0187961849127,443.50050367635674,anodized,1.0071903367059742,Laser,2303.987927121272,0.0,0.0,98.27047478343923,68.69786159728507,569.2471152518818,10.463234947313271,0.0,29.791427563197935,21.135211700211748,69.80197230905651,0.3046160303693289,1.6700527387817181,2.389869185206148,63.65991677625203,0.5760576285500432,94.21745453164966,22.106251732361997,6.698701395256377,0.0,0.0,4.81278971375126,0.2928424233515847,210.48645502523615,9.360795991403096,54.88697247553133,1813,39.84084305043501,34.6057930168719,523,17.172891801593344,0.0,2.537347601089585,0.5794207125052063,Fair,0
WS_000962,2023-01-11 00:15:00,15,Cu-101,Al-3003,478.8611744025419,309.46895999959406,anodized,4.048105527194401,Laser,1081.0471108609422,0.0,0.0,49.30063407640206,83.61769095061457,596.110647287393,44.564475348920034,0.0,71.58364075944405,26.73202219340554,54.43394026693795,1.0659102121162434,1.524154168635473,2.8139862778923317,30.0,0.33958573729379726,107.34288606580569,32.45480872779851,4.51263046705043,0.0,0.0,0.6363691781646182,4.854687759559055,159.41530441251626,23.563758265300145,54.47166593425062,917,39.15460434231158,51.862977733176336,479,4.921803084023403,0.7029244155511009,2.399935170083183,0.6436304903702629,Good,0
WS_000965,2023-01-11 01:00:00,28,Cu-C10100,Al-3003,293.55090582570364,456.58202582254887,bare,1.9325968984254207,Laser,2576.665287058603,0.0,0.0,71.46254602553594,25.717497826371535,123.82683890335032,24.879784011805768,0.0,27.051009769026983,24.108369897930338,41.396163773585855,1.9348526190050457,1.6418806557463792,2.889977917618134,30.0,0.5387437190262586,93.58890340116729,15.0,3.181310619704723,0.0,0.0,4.9484749103710595,1.8067336826513734,102.31115435571904,5.0,58.99174401482794,1159,30.047759689539365,65.14965988697608,486,8.734490662456592,0.19153788769448507,1.387830472542123,0.683825340191025,Good,0
WS_000968,2023-01-11 01:45:00,7,Cu-110,Al-1100,134.96672314843354,330.7638141291005,nickel_plated,0.6323790177513593,Laser,2904.3406757666603,0.0,0.0,8.021699872404561,78.5886103523548,595.1757560618454,12.826681887506492,0.0,73.8254456451677,26.819382457691884,40.95670140583891,0.3264259752144137,2.0830984982067466,3.4694153187243644,50.4551662185426,0.3674929587747625,89.83963672678809,32.62867024250922,3.0,0.0,0.0,2.7760272290291175,0.1,181.09285069605522,5.0,47.292117505129575,891,37.20276857250656,58.959046595178506,547,7.38817368458509,0.0,1.533105338239271,0.664207304637256,Good,0
WS_000971,2023-01-11 02:30:00,17,Cu-ETP,Al-1060,416.52428572506676,256.28697690184964,nickel_plated,2.6355812129032596,Laser,899.84827359891,0.0,0.0,55.467140794011534,47.55753271355755,807.0982854405748,42.013140567324996,0.0,74.77794255115074,22.3677715019534,45.16906031612727,1.7668343234024848,1.91760560218375,2.6089925550474455,44.631034083972466,0.2,107.72058910728121,40.257451434322455,4.796753009098046,0.0,0.0,0.5382353526423338,3.5033345659623087,125.5076380658862,11.218147509467473,59.26053438908636,472,40.684782706230436,59.30464448842301,493,7.006816020515083,0.5639334879416342,2.3610427697620615,0.6569633237899127,Good,0
WS_000973,2023-01-11 03:00:00,19,Cu-101,Al-3003,422.04768350186595,198.6469690762696,bare,2.2377089605416574,Laser,2505.081827665921,0.0,0.0,90.41425263346555,67.26797339853309,717.4577037243855,5.932446083208834,0.0,48.77572939133481,26.144837569072543,36.94141608593158,0.17638248288116862,1.837306661570288,2.0489526517590755,45.090476107791986,0.5574992470111235,99.99166249429436,21.339564741928925,4.54821825089235,0.0,0.0,0.5278803827470555,2.314396688724219,144.85260580282437,17.761969809711168,59.53295509919033,1030,38.07243138665659,60.00501720404279,524,4.89113899386042,0.7263729242374359,1.5309364755650088,0.6686663436499671,Good,0
WS_000976,2023-01-11 03:45:00,8,Cu-110,Al-1060,480.9040313449295,279.2514797860638,nickel_plated,2.923308521285635,Laser,2592.4711536191157,0.0,0.0,12.672787558239953,44.41070172619904,837.0622523201492,37.73791818395254,0.0,43.697006670882686,20.562267214892316,39.92659533962327,1.6994965950601022,2.044267116484388,2.724582671332736,46.45373259787997,0.2,107.94923056743221,36.302550040522036,5.624825923493806,0.0,0.0,2.2168405638514987,1.824075303962409,151.93157000572236,5.0,50.2085317457688,1363,42.81443365393022,49.41796656540292,473,12.05097515844209,0.1505393349892991,2.454580055346186,0.6182610208438664,Good,0
WS_000981,2023-01-11 05:00:00,46,Cu-ETP,Al-1060,358.06003332036136,377.0453773700403,bare,2.0445722046751333,Laser,1049.0949785872617,0.0,0.0,88.86161178336461,20.98717098535861,641.0886563913161,41.468917195312706,0.0,79.32292466164412,25.740092249801656,30.57743916137283,3.951834882771278,2.2063043033897083,3.352863606628145,88.4717304116139,0.32685332703793646,105.06465915354217,32.056461931068604,8.61348347531542,0.0,0.0,9.763853780713966,2.3844473252476135,180.68971713700108,11.430443714575373,50.69244060791656,138,29.502322900796646,65.83256989602661,317,5.175780639756088,1.2548150719077582,1.5249596376054606,0.6817566850226622,Good,0
WS_000987,2023-01-11 06:30:00,19,Cu-ETP,Al-6061,326.74337331763786,115.11318722583806,anodized,1.005997236593677,Laser,2891.316873943165,0.0,0.0,44.480546570737545,58.45065389293983,425.890879460795,9.53743860333648,0.0,64.8370552854237,19.695062543330536,58.02197571502191,0.3263415537080413,2.3670021791946017,2.729315232965952,30.0,0.2,85.7187725141245,34.05341001601646,5.300502955174351,0.0,0.0,7.343738965244758,1.4951885119469046,113.89799713053205,5.0,57.27414790073166,836,35.23853430294617,63.34985033699467,313,5.751100989237095,0.06464465248257223,2.488546121547006,0.6656001766999144,Good,0
WS_000994,2023-01-11 08:15:00,46,Cu-ETP,Al-3003,299.5871776883172,292.106770266251,bare,3.270131851704413,Laser,639.300579946783,0.0,0.0,84.20989147337099,59.00078939021059,219.45913718646142,11.075775992067749,0.0,74.7589767760886,23.156342963206683,60.68902888801168,0.3754450103647407,1.7305193884395154,3.8486008285593187,65.3196480164443,1.0832256754971734,78.2503249890952,53.62373525744701,6.577859094235748,0.0,0.0,9.600758654908763,1.9493229029968788,119.38379572011522,9.369841434602492,52.100557319709054,1052,26.29290201044563,66.54380699926455,778,3.416798358472297,0.0,1.9212380794303996,0.722380334227024,Good,0
WS_000996,2023-01-11 08:45:00,10,Cu-101,Al-6061,373.774144427723,243.77801047289566,bare,4.457211768766437,Laser,2322.2309403743734,0.0,0.0,72.03072510612891,70.01602836115595,165.92064219961605,18.40879362699647,0.0,29.664039854768287,19.11616814368097,32.55421045570235,0.5258451259771669,2.430434263171008,3.247867827968161,58.83892280441884,1.4450375251654857,81.45788147150502,25.998568867480813,6.417331819123275,0.0,0.0,9.556495248353722,3.8284863019216053,100.0,5.0,46.73146879348892,1862,18.79254358964994,62.08330659254595,613,7.933642965639114,0.4575147242399864,0.36967554126520924,0.7030105372029832,Good,0
WS_000998,2023-01-11 09:15:00,29,Cu-ETP,Al-1100,406.05953994450556,379.46279203249605,bare,0.6675898258727118,Laser,1576.4097623532532,0.0,0.0,51.03104755541248,82.62281381866244,500.0978772409135,15.24822906171963,0.0,41.383581057978446,18.844857473482143,38.686674003126825,0.36910456947607456,1.8200944123655367,3.4201683355110863,43.51812535966509,0.3886832032251183,102.51187389074042,38.38813817134867,5.439401385534281,0.0,0.0,4.885119909341471,0.1,170.27048120039316,22.63482796785133,49.79516374897726,1428,30.630422464827753,57.3702749184292,349,17.85371528552944,0.028443392388066036,1.8452746411513017,0.6372710041051303,Good,0
WS_001003,2023-01-11 10:30:00,33,Cu-101,Al-1060,448.95782534192597,336.49716230024563,bare,3.69324184020294,Laser,1907.450151504871,0.0,0.0,89.89198277479106,55.520008754145564,639.7199496942242,19.022996302970764,0.0,55.55748412316751,25.684445423850143,58.45992634853967,0.6852663293771674,1.8990463366919557,2.9453420157063506,56.65717642152745,0.2,92.66294419759109,28.510141816111073,3.0,0.0,0.0,2.419853198658228,3.8984553742255628,189.8541699500556,5.0,51.59515830963274,1795,54.190806796935156,47.313330645715766,413,15.245721430982991,0.0,2.4337714641525263,0.585944722069127,Fair,0
WS_001004,2023-01-11 10:45:00,34,Cu-101,Al-6061,345.2464956276966,225.91424948678318,nickel_plated,2.086810217146196,Laser,980.7316695682018,0.0,0.0,20.475755862833914,66.44907271408172,424.42430633399516,5.263322765746957,0.0,71.97306968566734,21.346760216332036,43.867103746305595,0.1584167408443479,1.4156069675484662,3.0982510268693795,45.874544748279504,0.2,104.29543883325061,20.762801088323563,7.7027275116558105,0.0,0.0,0.368436861079649,2.584252025177876,189.21993673025116,23.407267007896415,42.9403158306031,624,32.68731643306118,60.15978963169398,372,9.186787672304812,0.0,2.0554701298719937,0.6589432725440716,Good,0
WS_001007,2023-01-11 11:30:00,41,Cu-ETP,Al-6061,307.3461853341282,356.5961476257151,nickel_plated,2.786257962209111,Laser,2072.1226127931945,0.0,0.0,48.08797482299504,54.4677438908045,508.447374534957,12.968489594834839,0.0,68.58398607375705,27.56120239424638,46.608745712004236,0.4761897104030498,2.187144530520386,3.271526450397893,34.07511904178847,0.2,110.28565135341688,27.677992602291656,7.811018947701042,0.0,0.0,4.116921561451182,2.6955954175748174,121.34381303300296,5.0,51.20823198674007,159,29.589377280960836,61.648327398492846,378,2.249723833757022,0.11439151729024644,1.8272868130225381,0.6807185203864964,Good,0
WS_001010,2023-01-11 12:15:00,27,Cu-ETP,Al-1100,201.2795628051241,242.79347685604517,bare,2.1128305402562306,Laser,1198.8375612668533,0.0,0.0,91.86411733594505,60.1239851926342,94.04976037296763,17.299176098544837,0.0,41.02594554745724,21.17934595154278,34.15775102695523,0.5754500817974442,2.1057567109780853,2.485948637694309,70.30631711172109,0.7195954421250496,86.30099072911442,49.050418482394576,9.712445816044106,0.0,0.0,1.905701205646491,2.289763032457708,144.58698888023912,25.543147210279827,43.95015461117227,1645,41.0185640105247,53.72089415384519,687,13.416589895264025,0.2933529286656896,1.263879488922165,0.6434182833152058,Good,0
WS_001015,2023-01-11 13:30:00,50,Cu-101,Al-1100,281.98275189109484,449.99082344964705,bare,4.127395164884932,Laser,1434.8375654284737,0.0,0.0,61.428269954270874,60.16704918822053,895.0177284283839,11.96443699997722,0.0,50.313970971353456,27.052217470402177,36.91281021721277,0.39770728867054395,1.8363609233235079,2.6254499741326156,84.09388748216327,0.2,108.80980240220904,22.811860845116463,5.6144116562511135,0.0,0.0,1.7619267540406607,4.956344813155582,131.43837367073843,5.0,50.771877729350564,341,25.660605737273237,60.86654591600683,317,7.092478450817104,0.0,1.9211505329014567,0.6715103924221584,Good,0
WS_001017,2023-01-11 14:00:00,22,Cu-110,Al-6061,152.98826253677063,368.1662058635826,nickel_plated,3.6147658432689185,Laser,2121.663681156603,0.0,0.0,18.641135336899154,68.05378110167133,260.57194119026093,33.85125835907435,0.0,56.050270088965085,20.638354940639477,54.71708014262111,0.9948384295797195,2.102656992742251,3.3551405813596986,61.54807365440594,0.2,108.6570850749079,25.91574454590689,7.41234285548903,0.0,0.0,2.3690800986041975,3.5689914080304663,217.67385696367563,13.668155965533497,50.13790023959278,324,41.082501398295484,48.6415072517554,500,0.0,0.6051126359907835,2.4030655609330682,0.6433133493652786,Good,0
WS_001023,2023-01-11 15:30:00,1,Cu-110,Al-1100,442.46144879786414,462.7491327276211,bare,2.357636864579741,Laser,1199.8087149980502,0.0,0.0,41.3313330731485,38.46235976337468,478.1158337958785,32.351075120327806,0.0,33.33199622561877,19.445290640648242,62.528013132906544,1.6822199843876313,1.3380840606043898,3.32684099744202,30.1398928620577,0.2,97.53057146499215,33.83370144578744,4.891443068328364,0.0,0.0,0.5532008263419786,2.552207048215992,100.72080223390472,28.74179516756545,58.99231582697769,1565,49.54565863410515,38.71729406176385,407,15.885366753909658,0.4872993360114165,3.095686889247553,0.5698230178730046,Fair,0
WS_001031,2023-01-11 17:30:00,18,Cu-C10100,Al-1060,349.25514149913016,209.16686412974852,nickel_plated,0.317228028931179,Laser,1678.4476523694827,0.0,0.0,67.83328429003657,45.262069383219554,273.319740035881,45.86556527227246,0.0,62.22589491204806,24.700258314433484,38.943742777656325,2.0266667387186077,1.8496098848514624,2.706923273933296,44.156261485182895,1.2181022941174,72.38771709697505,24.82955569942188,5.632557963366585,0.0,0.0,8.742013038735143,0.1,164.25582003552032,11.38755264331022,50.57814214013618,1055,17.559225964598895,77.4341890260496,761,8.228638047195314,0.4629909245774338,1.1408040783861346,0.7525512706130678,Good,0
WS_001040,2023-01-11 19:45:00,8,Cu-C10100,Al-1060,446.6382754382014,410.12630155215044,tin_plated,3.682542433925675,Laser,1767.3302584899618,0.0,0.0,42.84346895630935,49.96430585541943,547.6666792878718,34.97105675530714,0.0,44.31614048120944,20.552346479283727,45.14483494159826,1.3998415931766204,1.9318115173891153,3.4827776181483427,38.738255603215,1.0583223829189423,78.19168492870824,31.39517702259393,5.655047797870269,0.0,0.0,5.86328773476813,3.5649412593193555,177.15725314946397,5.0,49.60715912342274,1528,25.396528002479528,64.526072622173,688,12.63643218806941,0.07944732711003026,0.92654582346423,0.6953937458657496,Good,0
WS_001041,2023-01-11 20:00:00,29,Cu-101,Al-1100,337.4301017657192,329.7713932012578,bare,3.921587317616509,Laser,2293.4272334267243,0.0,0.0,6.309831931732337,85.67604452193423,796.7240084469954,43.95393755684652,0.0,41.96043133036527,27.32691536575539,62.86220715632772,1.0260496455480905,2.0268770771552287,3.0737495894689655,30.0,1.0524027334991617,74.11764604470514,30.813901819397525,3.8140085427151487,0.0,0.0,7.1590779202396595,3.586259925454626,133.15930008805512,15.420566684801027,55.10015315515868,1339,28.395552928186504,63.79345864012318,660,4.248398833690095,0.0,1.4598886969416585,0.7029245693948593,Good,0
WS_001043,2023-01-11 20:30:00,11,Cu-C10100,Al-6061,271.0167421438848,469.72654200297166,anodized,2.542686585968097,Laser,992.4202577234413,0.0,0.0,44.51258411279584,77.44589148942224,658.264998013314,22.542641819812125,0.0,39.093737127959926,26.057147105482198,39.719116204838386,0.58215203895977,2.270784246093771,2.5553894049207577,61.328669320699525,0.2,135.6717661872624,31.435735812223108,9.572475671890619,0.0,0.0,12.0,2.5041063421258283,138.52686662789117,13.39847002243827,51.13379926907142,1395,49.363857432213365,46.18367167560055,392,14.740735167606463,0.06738499698640107,1.98962967013179,0.5899078479347525,Fair,0
WS_001049,2023-01-11 22:00:00,47,Cu-101,Al-1100,425.8500224103669,262.5292127382317,tin_plated,4.291790892668916,Laser,1480.3602991608855,0.0,0.0,41.482335287747546,42.31872127531434,855.9582817389858,2.5939530747138635,0.0,46.99295138313445,22.979535527191835,69.30302580994001,0.12259127858983711,1.7918033411201504,2.6231930234291343,30.0,1.1712816087179303,78.41508052050709,31.976091545976303,3.8242293573225252,0.0,0.0,5.7699719788419985,4.013972804715101,114.31261276563473,9.046555328784565,48.97889509679006,1025,20.18983500846833,66.94052718018627,588,3.0454880576037855,0.07177239850243233,1.6281248389436251,0.720556275329756,Good,0
WS_001050,2023-01-11 22:15:00,30,Cu-101,Al-1100,474.4652166203986,166.73529376833386,bare,0.3458273331435745,Laser,1653.9624976553662,0.0,0.0,63.311372933881074,34.671948293203,108.77817284716097,14.319886777220333,0.0,66.40961281272841,24.856253676896877,68.83315894388252,0.8260214658907741,1.7466268265647094,3.173845207506881,94.28472562354074,0.4984329799963364,91.74345002400224,41.61198521337314,3.0,0.0,0.0,0.7391801430862284,0.3676972975303796,100.0,24.51964360034728,50.16449200705453,403,35.479953390697446,62.35816906633361,443,0.0,0.5832423291467085,2.9195883295509457,0.6822088259131212,Good,0
WS_001060,2023-01-12 00:45:00,5,Cu-ETP,Al-3003,432.77661667522085,387.05823453709706,nickel_plated,4.678217040263028,Laser,1659.9930609173878,0.0,0.0,89.55921836240066,62.60475375808005,101.11106599233072,38.067548418851565,0.0,48.21751336228735,23.602567496152048,31.049163141879834,1.2161232537054232,1.7580910614181722,2.2767767755952613,73.93421188666721,0.3558450714884403,110.543453085229,41.03244962909344,3.0,0.0,0.0,9.548797835841874,4.252401143190949,166.04264211836193,5.0,47.207082139312995,152,19.49973832920478,76.26034085450092,350,4.856430513633848,0.4111737961334355,2.0496533453710084,0.7256287707627149,Good,0
WS_001062,2023-01-12 01:15:00,6,Cu-101,Al-3003,233.31994394821,135.59021434773535,tin_plated,3.25485129377658,Laser,2301.100784605277,0.0,0.0,38.149587089776894,73.01459123319435,919.9651340474877,35.49444997341363,0.0,35.843344322734666,19.674027113094862,45.43253043764109,0.9722563496945777,2.3258426202231455,3.2224540263176555,64.79127912901721,0.2,106.69332782342936,21.23958936577118,3.4965578365243424,0.0,0.0,11.643271544943552,2.978663566019527,167.6937938184562,17.030659577332173,41.34442618781487,622,30.255522906717516,56.1686114657545,498,4.667319820429569,0.23275418764207254,1.8962939394049692,0.6694870196410045,Good,0
WS_001067,2023-01-12 02:30:00,22,Cu-101,Al-6061,294.59310629296914,119.65075755674093,bare,3.773143662261851,Laser,2765.2622233874404,0.0,0.0,5.766944007695076,16.124414950446756,249.05293154138965,23.912572211403802,0.0,53.53357407012865,25.57500864629054,64.13501485951502,2.9660080424488533,1.7286510516835047,2.758984015481065,30.0,0.7308193026214094,78.3865730398847,39.991293508538035,4.8253432049528,0.0,0.0,0.028642057078784075,3.7209001698395188,122.78560110147214,5.0,47.220283952448696,870,26.71232588842975,66.68830957872056,564,0.0,0.19329128584687805,1.8636308170386857,0.7142522851141567,Good,0
WS_001091,2023-01-12 08:30:00,33,Cu-ETP,Al-1100,267.5731911935784,481.1215392996693,bare,0.8721925785666963,Laser,995.0823136555707,0.0,0.0,94.01205029121678,53.90501254730591,382.080206885477,20.26638143533418,0.0,77.16991980956718,26.590596035467115,30.214639648692796,0.7519293838415797,1.224212425222274,3.2302526906288924,42.88444832877033,0.2,97.98064348810688,26.341310762984307,5.013319006615437,0.0,0.0,5.114858206963188,0.700391493230515,118.90996523405968,21.553829696689345,40.95695516056075,304,43.31499868128341,76.82417572546817,349,0.0,0.2647615320033364,2.0033256491068743,0.700354607958412,Good,0
WS_001098,2023-01-12 10:15:00,35,Cu-110,Al-3003,441.0170579502001,430.5076599450324,anodized,0.15662577696950944,Laser,2617.7830587273,0.0,0.0,20.338614011486683,48.322927866992934,935.3563459358398,46.94795089899576,0.0,72.79509483960271,22.68424958339677,68.56423421206964,1.9430921498886926,1.9810789242040334,2.549921735077596,55.363323655274904,0.733352935725924,94.6809870369025,18.210442111310144,3.9152755285398593,0.0,0.0,1.4756491194917203,0.28742704066632796,113.04694042146895,11.779658189323895,48.49322036662334,1581,33.94042035149257,50.327494822417066,697,17.04473051256576,0.7463445543226352,2.7839930179784043,0.6394159034844097,Good,0
WS_001100,2023-01-12 10:45:00,28,Cu-C10100,Al-3003,449.7592126833323,495.7333147313101,nickel_plated,1.468508729391412,Laser,1719.9759264389045,0.0,0.0,59.10923579330476,84.42283291511713,870.7707938167802,39.37734661357352,0.0,37.61317265213577,18.333618310615467,53.96949001991104,0.9328601103250218,1.1147964039133484,3.6464330409577514,43.09553684693685,0.7370589413070119,88.45920588984752,27.577146281754963,3.0,0.0,0.0,4.115885798253037,1.714490129801216,147.38805614792136,5.0,49.36810534532673,1691,30.046684668690332,59.28148839432707,503,13.417398203901337,0.0,2.0738201569311925,0.6615094056838005,Good,0
WS_001102,2023-01-12 11:15:00,34,Cu-110,Al-1100,389.07342978979466,449.9957980097686,tin_plated,2.7793299269811103,Laser,2396.7995056791133,0.0,0.0,64.27470059561622,16.62233384248973,382.6580390148127,21.84632934281492,0.0,57.45618807180305,26.51420037253616,48.16811451235226,2.6285513875279896,2.2163448315502148,3.1491417486348645,30.0,0.5575479827414692,95.44917800097481,16.440603352883787,6.301073791886495,0.0,0.0,0.23718752637641916,2.4887093928851476,115.71437594310407,7.960014504574453,54.63223768010191,936,37.13069837346767,65.74791392105664,600,12.24941478456084,0.10160680836675781,1.7643340231164706,0.6757060845213885,Good,0
WS_001103,2023-01-12 11:30:00,2,Cu-ETP,Al-1060,227.69011911447538,406.64906606979446,bare,0.6018243033213128,Laser,980.8309240986921,0.0,0.0,75.62517531825738,36.37724901322939,80.50588916393029,8.270882811482362,0.0,48.96803148814688,21.131184223042645,37.170918444899456,0.4547283280533101,2.1124632562528665,2.3642407848110243,65.791693768678,0.26116057178366625,98.05717566267452,15.0,5.642442914668918,0.0,0.0,3.328462526880805,1.3371133052289834,139.51175732756036,5.0,53.06544732813835,1845,45.64416234912037,47.22518900709202,551,14.91061543685549,0.5174563098774816,1.6883113362273168,0.6083726583832787,Good,0
WS_001106,2023-01-12 12:15:00,46,Cu-ETP,Al-1100,171.4079157090395,141.6303825672988,tin_plated,3.2003041090748594,Laser,2863.0808121739587,0.0,0.0,25.71642537933354,94.47328570437381,310.50191145214353,19.877452660705988,0.0,28.15481306288383,23.925381507299452,49.27190641696527,0.42080578678943364,1.9633512441631893,2.856452529566653,30.0,0.2027319119508768,109.21785328768122,23.060234915927957,4.814711895418215,0.0,0.0,7.6646316198402324,2.683730376712803,113.49396467576054,5.0,46.78148423332208,111,34.92487179178703,56.419466530660934,414,2.4404433499151774,0.1416795652679462,2.2936170417772015,0.6616855273578808,Good,0
WS_001108,2023-01-12 12:45:00,5,Cu-110,Al-6061,132.77537561525844,312.932241034841,nickel_plated,0.9384455333534054,Laser,2949.587556582253,0.0,0.0,67.80311938105382,86.68253258445466,854.5435122684264,47.77093155631026,0.0,35.525617257732506,25.657650342514934,37.27380521316075,1.1022043341838705,1.7842701496159152,2.32758388444035,74.29079765965841,0.9436445920627501,85.20219296445069,26.81051999163835,6.0016274346401755,0.0,0.0,4.2342277188950455,0.423285657638762,100.0,21.833756164099732,39.95516626084143,703,28.62339281638262,72.02254605357084,567,4.210827078121459,0.0,1.1457513863820528,0.7170259751378754,Good,0
WS_001111,2023-01-12 13:30:00,42,Cu-101,Al-1100,490.5958644591549,356.6479994857636,anodized,4.622346049352445,Laser,2597.554895835515,0.0,0.0,19.581412927326983,74.55733639345398,980.9817660563323,24.223526276615576,0.0,61.038247168873035,23.35496910048961,58.64459709519463,0.6497959140810283,1.8144356592241464,3.9021653269729666,37.93823850623982,0.3432254808850678,107.12848646191611,20.917555491912303,6.938902005924643,0.0,0.0,10.744193922856828,3.573553094883965,136.85192191185706,9.39987355329285,44.63733167406845,202,34.50874751846725,68.4969720425086,398,3.3566420765350564,0.0,2.265044677303999,0.6897189382684007,Good,0
WS_001120,2023-01-12 15:45:00,9,Cu-110,Al-6061,368.8238010646942,275.7213089311988,bare,1.1779030040010894,Laser,1660.8261034906566,0.0,0.0,42.88271174883636,82.16671675515433,250.59855866364637,28.195121146443356,0.0,25.147218824036095,19.80196393415853,50.19166180861657,0.6862905628920526,2.350702919738084,3.8849854536149633,84.13219546514344,0.9147572376048447,97.49877720252577,39.61018620453268,7.4817367798911665,0.0,0.0,7.728876888667235,1.6565711515438095,125.3449488419363,5.0,51.16183737365429,973,31.552869927625395,62.7330885965668,676,8.854944879172432,0.6996507547457642,1.3452339428901903,0.6879670616181973,Good,0
WS_001126,2023-01-12 17:15:00,22,Cu-ETP,Al-3003,414.68920589341633,388.9845241355816,tin_plated,3.6901598878443265,Laser,1661.8594607486627,0.0,0.0,87.97804768880235,39.92494354116745,189.64909480518608,40.27008990602054,0.0,45.19340991686582,23.067543544778218,60.57684919204242,2.0172897609484255,2.0623745498223203,2.465180378386189,39.9451504586734,1.1186158850458552,57.90560057131013,30.71456374956545,3.0,0.0,0.0,11.573556999198019,2.7539612858346545,101.92744612118521,5.0,53.037589337738254,170,16.52531807948289,81.36648563515274,804,0.2287392734580389,0.0,1.3180810769769256,0.7817993508309237,Good,1
WS_001129,2023-01-12 18:00:00,14,Cu-110,Al-3003,160.50571378507038,279.1769668708657,nickel_plated,4.880325508734239,Laser,1852.5978679215107,0.0,0.0,10.66988485366003,72.00420769077064,50.32714958531402,15.33595903439636,0.0,60.124177048113815,18.31337776406993,55.12852199408068,0.42597396808414834,1.9754059741880738,2.405022357363172,86.12710654730377,0.6801945918139922,69.26517264620986,22.99757042117626,4.827093959972529,0.0,0.0,3.4637671131024,4.569894178036779,138.28851138269093,5.0,48.19987811574637,902,32.541597964827396,64.00430671373945,468,5.885970450705628,0.0,2.1968064099502205,0.6813621752420345,Good,0
WS_001134,2023-01-12 19:15:00,44,Cu-C10100,Al-1100,130.99345062219308,371.5512929562386,tin_plated,3.5986132717652066,Laser,1378.0635109353875,0.0,0.0,80.1569310699508,77.41347897822752,156.94029960517997,27.338369110329122,0.0,79.40989360021861,23.265455742419764,37.1367430647584,0.7062948073427373,2.4745002113660974,2.76077667191707,30.0,0.7152850711932393,84.32722707779725,33.219040169687304,7.114528304928671,0.0,0.0,3.19301024122093,3.5304856848920494,193.5503752867646,5.0,53.23035479901401,946,31.97421849289641,77.7758023912042,629,6.8973676977687965,0.03778284575311263,1.7545798853140337,0.7254789471386827,Good,0
WS_001141,2023-01-12 21:00:00,33,Cu-110,Al-1060,286.5498378018194,406.80501199230775,anodized,4.267942686677628,Laser,614.1059988182758,0.0,0.0,8.313394107846582,43.609623521350315,912.2371996345632,31.97910809281002,0.0,77.85453239223006,20.099925323912334,31.70992776371557,1.4666078498546886,1.7628379240753982,3.190317608184613,68.01812338691867,0.3740513377771022,99.39922328697706,36.962842157186174,4.272589554530471,0.0,0.0,5.207391233612382,4.561556442079766,122.55844461378646,5.0,55.074741912551026,262,30.98401904674468,72.53994805925001,558,6.784729429799702,0.0,1.4556493843857077,0.7093524738971336,Good,0
WS_001143,2023-01-12 21:30:00,14,Cu-ETP,Al-6061,143.36014908664907,186.47542954819016,tin_plated,2.491609038266009,Laser,569.3555669315965,0.0,0.0,87.52961568250845,29.934536709595644,716.3231279717688,36.08562851212505,0.0,34.10861059391887,24.517053785272914,44.32796482173893,2.4109695675067955,2.3464656632628693,3.201537869328752,33.187798238614775,0.31472218727624757,97.35348248179308,25.25445685844567,3.0,0.0,0.0,11.474324750132515,2.5442968038461142,150.967450766135,16.425300233614603,60.0,721,44.2781209372019,67.10164337974614,523,3.203825488874739,0.321850965355138,2.5125326009349793,0.680196420918589,Good,0
WS_001144,2023-01-12 21:45:00,8,Cu-C10100,Al-1100,450.373208874482,408.5939499267703,anodized,1.9690476609301355,Laser,752.0786971556885,0.0,0.0,7.8136965306885475,12.166990149384535,91.63835317221876,12.699554421340059,0.0,78.48009844445767,27.85181258397041,67.4269518125381,2.0875424842819426,2.0255182732667585,3.2628114768039693,54.9842074194149,1.710098430838821,69.51233513846508,28.681918003608637,3.4279323681820077,0.0,0.0,9.76791522784264,2.2934829515022592,156.746239889614,14.96778458903448,55.505355966339906,225,13.214159460841127,91.79729782110307,724,2.8194980736633615,0.900439037494984,0.40482848730360355,0.8026521131400439,Excellent,0
WS_001150,2023-01-12 23:15:00,46,Cu-101,Al-1100,478.4747575965045,441.70707706301226,anodized,3.4889845039341147,Laser,532.0183315760675,0.0,0.0,39.04282332392157,64.91538258777865,826.1939416830113,9.894609039243939,0.0,78.32109038908669,18.99463198154299,42.57611750749153,0.30484635982432784,2.4071267048198064,2.8544582440196975,34.11001178546049,0.2,94.43425766287969,30.195568875727908,3.0169350634575975,0.0,0.0,3.3605601982317754,2.6752267865898784,105.20576777055935,9.907628893288972,49.23297282290289,1224,46.27328870245234,50.758596958046745,519,16.955892307488437,0.4668913772920347,2.4011285874360166,0.6102942612648975,Good,0
WS_001151,2023-01-12 23:30:00,44,Cu-101,Al-1060,331.90857670499184,108.92068195945743,bare,1.7460142799571412,Laser,2133.608646527,0.0,0.0,82.32082986588688,15.808609403383187,640.6626870841442,28.300664561391578,0.0,31.086357868355275,25.9460764288713,35.88738946396734,3.580411640170574,1.6530758162877255,2.9929969596867156,30.0,0.8602360969883659,86.11470559302884,22.11836057441205,7.0798789629113115,0.0,0.0,0.451625741390002,1.884997034025114,191.53894104583324,5.0,47.66771646837484,964,28.58924966867254,65.81299312481133,742,7.287916203090155,0.2652549954041648,1.3979264035325392,0.7074504320948921,Good,0
WS_001154,2023-01-13 00:15:00,34,Cu-110,Al-3003,125.16299040720958,266.26440060017967,tin_plated,3.9067168792157076,Laser,1153.4177312210059,0.0,0.0,57.509527706006224,54.342602335085466,391.24905586503877,18.697006711283866,0.0,78.65722539652641,26.615570385815133,52.918262363962334,0.6881159866432245,1.9552882014332718,2.2749816726471384,30.0,0.3632109074679805,110.06757705831839,36.09987723843351,3.962740004220561,0.0,0.0,2.305640604935978,4.517527765136105,145.43546314501728,13.455177871587379,48.91109531821744,1718,42.95808193620056,48.51556949353837,386,12.764308283931527,0.0,2.117250740674519,0.6086520561305068,Good,0
WS_001156,2023-01-13 00:45:00,37,Cu-101,Al-1060,112.98830867669932,223.9359086110713,anodized,3.1562376494679993,Laser,1060.1676172880311,0.0,0.0,39.73669738826146,68.38208060948998,586.3948246527453,25.885983576925504,0.0,43.812263062686654,18.865540251500253,53.01955786592816,0.757098448780837,1.8994856949905126,2.854488240023778,89.93602021864339,0.9437548744893405,80.11154809449596,43.881081394661464,4.7047936669800805,0.0,0.0,7.287531791370348,3.3892764744695016,177.00931590755312,17.34878404134892,57.95410072847801,782,26.213945621857793,67.14339561133602,764,4.310194302225643,0.5784941716435068,1.7681729641414956,0.7213892896122136,Good,0
WS_001172,2023-01-13 04:45:00,47,Cu-C10100,Al-1060,350.33647799295034,387.20248404305914,bare,4.957205843850713,Laser,774.8124332479215,0.0,0.0,14.230175628433052,13.969914354515716,455.90831117818504,4.31095627144779,0.0,57.02883086003135,22.115435688957064,33.0507592734605,0.6171771940826954,1.988772496185022,3.119731625340722,37.43916954552475,1.3442715454780032,81.68367346308978,25.952504413340662,4.360330448692727,0.0,0.0,3.2666542265783955,5.122616848255882,146.81311239271125,5.0,47.028226652077294,916,21.66505579355688,74.15955856821478,552,0.34485079420374154,0.0,0.7765679968928878,0.7390547174910695,Good,0
WS_001173,2023-01-13 05:00:00,13,Cu-C10100,Al-6061,121.80371096548782,477.45346825939794,bare,2.3318429428160434,Laser,2361.620602388938,0.0,0.0,9.022152466122687,33.419703909237136,647.3344632888289,45.04483387069388,0.0,46.177033470089775,24.259830067575315,33.28352062922276,2.695705144068831,1.9392084024068292,2.1884618559600746,71.99011181224282,0.2,117.22080361102053,26.361824693969467,4.695998370112106,0.0,0.0,3.642477692735453,1.897603196065758,117.1990169733353,5.0,48.366359863262566,1183,43.721536346509424,50.35891820747643,337,7.025882740460824,0.0,1.7583778382887842,0.6196081275272296,Good,0
WS_001174,2023-01-13 05:15:00,13,Cu-C10100,Al-1060,434.5758949504493,377.38676238561084,nickel_plated,4.273997667933313,Laser,1466.4111792319886,0.0,0.0,17.371654904060946,30.575718679632296,662.4873151472641,15.354163557958689,0.0,53.86789520904276,23.515653034433534,32.24857684027179,1.0043370505097373,1.6514425956512042,3.530670295159166,30.0,0.8521901698644856,75.21562171405235,37.19948508159372,3.0,0.0,0.0,0.37103479152457863,4.495656342640494,115.97685432963874,5.0,44.72398454309689,1077,38.36620911505393,58.73360099970917,532,4.884242737521646,0.0,1.0770421445461704,0.6655934003605055,Good,0
WS_001175,2023-01-13 05:30:00,3,Cu-101,Al-1060,304.77545227277113,476.16054890487425,anodized,1.159967848192963,Laser,2651.776308242471,0.0,0.0,94.5254227927389,73.96616608192522,938.5770932247848,33.576959412068,0.0,47.42795869475796,23.974859347684774,40.71157598682319,0.9079004953393968,2.0674666082691124,2.7110035308398897,40.79283239447198,0.7797855099924217,89.90596807031264,28.00295124663694,5.84721176571937,0.0,0.0,2.2188127822641492,0.9007913715080074,122.0449066047469,34.297703316313,39.80985038633952,380,23.00993005656877,71.76998027199923,656,0.5107219202934714,0.0,2.173637752802644,0.737685785327928,Good,0
WS_001176,2023-01-13 05:45:00,13,Cu-C10100,Al-1060,310.8030498326135,321.805022276386,anodized,2.578582580317352,Laser,1879.1308095480895,0.0,0.0,56.129844263082234,40.184344740421906,729.7930296923449,25.27361104701304,0.0,74.34866494299719,20.82031235927048,42.98355316599935,1.2578834474108032,1.70351091234297,3.8917937258287116,39.928537982284375,0.9318118042909131,84.86291331390012,35.11604130209541,5.259864390731274,0.0,0.0,0.7037951479204696,2.796695958055274,166.48291047321098,5.0,51.999216227043696,244,27.597529098356407,84.44121623500283,798,3.1000209164769443,0.41958083129012314,0.7823634282466355,0.7670942077215781,Good,0
WS_001177,2023-01-13 06:00:00,12,Cu-C10100,Al-6061,324.63780308487765,340.08744442478775,bare,4.833459271025267,Laser,2832.1876993503115,0.0,0.0,81.56985318288717,37.92274176254416,350.2859250489703,12.692671486917662,0.0,47.481312162037455,24.832344483065327,34.451434564020424,0.6693962987377702,1.8124704658131177,3.215473531886981,63.63538762872593,0.9177183896823975,84.58669621888309,35.16919425033268,6.453163817765505,0.0,0.0,5.4859158108772,5.063147592983181,100.0,11.582031012041538,43.88907846786259,1146,30.48292290100205,66.70024916963088,688,5.689207947653143,0.0,1.1540877674539336,0.7062256403373911,Good,0
WS_001180,2023-01-13 06:45:00,32,Cu-C10100,Al-1060,227.52692914920186,112.31462754429865,anodized,4.009290180509994,Laser,662.7617312622831,0.0,0.0,55.509578966032066,96.3314114215061,979.9686070034556,25.9832442937887,0.0,57.37886276901914,22.436324385968295,55.45295983281194,0.539455280689221,2.310987283249611,2.8454052227929463,51.74975694416333,0.5867392969862593,95.84665173620776,26.217138148659078,3.0,0.0,0.0,2.2101554002809616,3.056586366525334,182.38846311147705,28.303048465729322,56.11669104886116,606,37.436397484745186,62.84153437249967,507,10.104378277382722,0.0,1.9205537309755165,0.6658035304340388,Good,0
WS_001185,2023-01-13 08:00:00,16,Cu-ETP,Al-6061,108.79272592384916,368.52140523740655,bare,0.6544791322894137,Laser,1334.00294791048,0.0,0.0,56.40450491410471,91.71302836752288,272.8851590789714,33.31537703248452,0.0,49.44626094484995,24.52531309739996,31.580813536016933,0.7265135090508483,1.8402869215151312,2.3075109518157677,30.0,0.2,90.6606002953944,32.66021421028809,5.079560948932309,0.0,0.0,0.3710445878383595,0.8217469465256322,164.24710943777535,15.527346224468765,49.00259114390031,476,43.475965400444885,55.39528455045259,362,2.1818898644682276,0.31906226935258286,1.570318329715148,0.6433165531129195,Good,0
WS_001188,2023-01-13 08:45:00,43,Cu-101,Al-1100,218.8856455380384,366.8979314532958,bare,0.794404520413105,Laser,2941.176682120498,0.0,0.0,93.47304660152602,94.152769600222,244.9916254993946,11.527576966493127,0.0,78.27410039682452,20.399196527539544,66.96688195261314,0.24486963082317967,2.0410869223120307,3.5809561286715894,62.39508995220766,0.23513908645738002,105.60311452264337,24.508243338909203,3.509609245205575,0.0,0.0,2.0337448936747187,0.4824177699509948,100.0,16.11328941088746,46.98899972082437,1758,44.68013957019683,42.71100494287042,399,16.38561469181649,0.8511653910893022,2.4498838952795188,0.5856342754547249,Fair,0
WS_001195,2023-01-13 10:30:00,6,Cu-110,Al-1060,376.7709453066368,151.29197892150967,bare,2.3752408806908893,Laser,2004.2607116389245,0.0,0.0,39.44474367105579,89.6050866938643,695.9772666530164,9.190196874662373,0.0,43.82455728122163,20.249342653410807,37.08363055374779,0.20512667782043834,1.7874650004708759,3.1928771474819007,39.925675078901136,0.9279980637563332,80.8395895957486,29.926875876810833,7.246131059208384,0.0,0.0,0.6964167905534392,2.0883285798650553,164.1865324274016,5.0,53.78576394763303,950,34.77518132671702,72.00092659458663,501,2.552991088541929,0.0,1.4451340457980248,0.7064526862053749,Good,0
WS_001198,2023-01-13 11:15:00,18,Cu-C10100,Al-3003,436.8774923492458,230.83660240065544,tin_plated,1.7211738438759607,Laser,2083.7948923845615,0.0,0.0,80.31700335534023,23.382307560394302,73.38235532325496,34.0293268068678,0.0,33.8185746251782,24.965742349920703,42.43627233569633,2.9106902061717603,2.1256307767397105,3.4601145560770665,46.591131033354486,0.8719224669354197,90.75054095580367,25.078904876923907,8.805131342447945,0.0,0.0,2.9707523327552696,1.1943068310611875,109.21489301132397,5.0,57.345330042922754,602,19.770597043116005,69.94021991250904,757,7.042465553052871,0.0,1.3271040988996772,0.7324566979712911,Good,0
WS_001199,2023-01-13 11:30:00,22,Cu-C10100,Al-1100,183.72243033368343,295.22406250786514,nickel_plated,1.370892523720725,Laser,505.14255182140573,0.0,0.0,84.66307106088337,54.51249682411028,827.7100791115112,17.851741370005648,0.0,64.93734286684341,20.29253332793528,50.6771191629673,0.6549595931225083,2.050539531128771,3.7054453591073564,76.9813311720982,0.2,113.56436012348603,15.0,5.895544503927944,0.0,0.0,5.406287120544746,0.9768962437833797,151.45678535902604,19.368823514409463,58.182761670434786,712,42.11281620524349,54.6675817052029,400,10.952316040520984,0.27140674185531016,2.327713848276941,0.6296308040458317,Good,0
WS_001210,2023-01-13 14:15:00,5,Cu-101,Al-6061,120.4897185617253,253.5095721422495,nickel_plated,2.358318255795511,Laser,2976.079245709894,0.0,0.0,88.6346189048344,81.40996383838306,63.76425185132423,31.926021175182342,0.0,76.07823240930942,25.3315476899806,35.149086065329854,0.7843271184486119,1.5386631860708433,3.715789107147069,51.05714637480341,0.2,107.9246260028843,26.0596089007968,6.192631327389527,0.0,0.0,0.2883511201967828,3.5101460890513687,136.74723074289895,20.2387347729965,54.39113217473003,213,35.05132415759879,67.73512360294094,289,0.0,0.18696698168822182,1.852106772285914,0.6860274894376208,Good,0
WS_001224,2023-01-13 17:45:00,3,Cu-C10100,Al-1100,246.6887634375196,466.0705348746391,bare,4.052071600658604,Laser,2284.232617864197,0.0,0.0,30.25358735100921,19.041724779373524,694.572337598364,41.54087868902588,0.0,59.40775401727353,25.228235931977032,66.10389780583928,4.363142432772057,1.7558850217515918,3.0512570199984492,54.93654782231424,1.6144621604887135,47.45946825630425,24.228781774775634,7.959081480828382,0.0,0.0,2.662976360655658,4.440650952841686,159.313039898619,23.822821295761685,59.9598761044183,1539,1.6938900094089,65.71535074319178,992,1.891603618626302,1.1974244774861451,0.9534948911433405,0.7743341183922752,Good,0
WS_001235,2023-01-13 20:30:00,31,Cu-110,Al-3003,251.48134223246373,174.69851383893075,bare,2.55030540029202,Laser,1371.6685255293696,0.0,0.0,18.76754747212297,22.99379481846354,770.8038464017267,7.338461944405407,0.0,36.64136504177669,25.640861015968987,47.74356214125333,0.6382993326976001,2.181941156662461,2.7666614048989535,55.4208895117303,0.8075305033780728,88.58755596070418,20.75644872609839,6.385271010614078,0.0,0.0,2.9453188570986506,2.1565164675732773,134.122783448821,22.791044728175628,45.102154019881105,495,28.668281077565265,56.951072091527664,505,1.2114726697087743,0.0,1.6379062387489014,0.680770414023434,Good,0
WS_001238,2023-01-13 21:15:00,42,Cu-ETP,Al-1060,360.2897537335201,450.4813448899939,nickel_plated,1.4584025363672233,Laser,2030.2189225586883,0.0,0.0,53.48192431696017,77.4332303811336,544.6555831668486,32.45562697431093,0.0,55.43427721462365,19.349693360647926,69.44333245785283,0.8382867875861901,2.291403962881007,3.2140164453485713,89.74864954723262,0.2,104.9406033742699,29.043352066597826,4.432856732368846,0.0,0.0,1.8453481605457176,1.6402413105420623,131.47823796150615,26.22747153217805,51.16913252525707,789,40.82010194330733,50.49596166880245,451,8.77270736111121,0.0,3.0400864681286577,0.6286275916216283,Good,0
WS_001243,2023-01-13 22:30:00,37,Cu-C10100,Al-6061,317.6504007852403,168.40434176729136,anodized,3.3479042414245765,Laser,1459.2932763467497,0.0,0.0,87.78336018548548,82.01182247946358,316.6400247473181,21.630023833594016,0.0,56.02151765021642,26.949257271374506,39.72620773841031,0.5274855058613128,1.934050486658501,2.452071153050134,74.56175879428878,0.2,107.84625628706958,15.0,3.0,0.0,0.0,3.1332016123261726,2.947243900483479,100.0,17.994953711916622,45.575656167368855,126,40.17434525698353,66.62891944392162,343,3.8418781294088507,0.5822600032346122,2.349761508972696,0.6719739258983538,Good,0
WS_001244,2023-01-13 22:45:00,15,Cu-C10100,Al-1100,396.2038084873274,270.34742435325745,nickel_plated,4.975653002529574,Laser,2740.858260336733,0.0,0.0,54.8996158059262,79.55719423372885,632.300151936764,32.8803459157076,0.0,20.11180312024181,22.612530249150193,52.88643480903004,0.8265838490761591,1.6529746854437048,2.304873236275175,30.0,0.48893130368905247,96.2829983938101,26.304559954401043,7.391449856439751,0.0,0.0,0.15495763910601376,5.029487805982053,154.63148331593297,5.0,53.14366796584986,1052,32.3394187353146,58.27980320473542,521,9.41451865526871,0.24517205341071935,1.7779107696524208,0.6642714907635711,Good,0
WS_001246,2023-01-13 23:15:00,40,Cu-ETP,Al-3003,342.6864807880015,409.32161604575015,tin_plated,4.509255229434797,Laser,2036.5640209486128,0.0,0.0,85.74647343772514,91.79326389036827,440.47318063212305,10.07398846695604,0.0,35.22571114811825,27.768571255832857,58.734564106470614,0.2194929788963107,2.8414445840935465,3.156282150954407,60.031500074946706,0.9893507770078356,78.00725604967502,25.970061244765677,4.042999657742863,0.0,0.0,2.9707603563215708,4.582635416997249,102.7539812824782,7.495742107858286,52.311735878126136,1470,30.486420336980316,66.2439778716791,586,12.654088039659332,0.026223996906275082,1.6312882697568487,0.6852205657660327,Good,0
WS_001248,2023-01-13 23:45:00,47,Cu-110,Al-1100,418.9682215766657,240.4574762227248,tin_plated,1.8847166176164345,Laser,1725.7845474082535,0.0,0.0,45.632461159534856,45.00126765023484,657.7566855091786,47.36070896843887,0.0,71.97492385309575,18.666666796456006,46.85078703957612,2.1048611046489807,2.264259289479007,3.3383189920186203,61.05492653990536,0.2,100.93146003292192,35.37725170389126,3.3096307387832065,0.0,0.0,1.8396939905391962,1.2995113652357726,100.0,5.0,55.17877962008308,649,33.80599094146823,55.45011478222153,301,4.5184421740555525,0.05391781608001754,2.256412759994763,0.649510888133664,Good,0
WS_001265,2023-01-14 04:00:00,8,Cu-110,Al-3003,437.0152917594548,390.69393454133706,bare,4.4324362267033415,Laser,2595.0890046204363,0.0,0.0,67.73499701555178,91.1092023778903,534.3176768054352,24.63361042331226,0.0,40.685834588774405,27.498511993337186,52.00224798742437,0.5407491182096038,2.0804690956771412,2.5725315743904527,61.58721518536088,0.2,102.34788986232479,31.10562864894619,5.517847276731129,0.0,0.0,0.2792833094816641,4.917146477646294,148.03673151310102,23.508712209106555,52.5474898874166,1612,47.185606113905486,45.539039042919285,525,11.36081421800936,0.0,2.51290472853362,0.6067676617776724,Good,0
WS_001270,2023-01-14 05:15:00,44,Cu-110,Al-3003,355.2897660162446,205.7971493389914,tin_plated,4.233826262944393,Laser,1909.976958604033,0.0,0.0,79.6101473125535,88.63617726580951,816.7287738124894,3.3971558507749746,0.0,27.888843762783747,27.1177592438027,34.2745952654018,0.07665393421892062,1.9187002159237765,3.8393583026169735,30.0,0.28356109779254113,90.20230769210252,19.985045629184732,5.619432561873143,0.0,0.0,2.2755842015486976,4.0973708466168866,122.31239169038358,21.968394181834555,53.06312011670022,1813,39.92769005769878,47.44034977292663,473,20.335535644196675,0.0,1.6690363932301808,0.6021135433462329,Good,0
WS_001280,2023-01-14 07:45:00,47,Cu-ETP,Al-1100,177.97710758806392,404.53986248115694,tin_plated,4.128509909894828,Laser,1068.8785689157262,0.0,0.0,48.32278384187423,14.628919963372564,943.4496949083664,13.952839469270565,0.0,79.50016479400382,27.54481110548206,45.97291504232623,1.907569322165307,1.475640463456429,3.5366568211658636,74.4806587626324,0.45255417211017496,89.67518110460072,32.89990738256994,4.895092799222095,0.0,0.0,6.860117034359275,3.8775208258041927,100.0,5.0,58.814175586484566,1303,37.474230150245575,51.68624597173243,461,9.025144730810387,0.18464777550621347,2.2598557128882795,0.6368154566670265,Good,0
WS_001281,2023-01-14 08:00:00,39,Cu-110,Al-1100,430.74713886934484,204.99378188659068,anodized,2.4172882577944423,Laser,2187.1310367983733,0.0,0.0,58.392012318897784,88.70518830544098,681.6789881140888,34.684595645679195,0.0,77.86404210443496,24.12704833669632,52.38554008168025,0.7820195483098189,1.6248257917489808,2.8996581895632425,33.92989039519779,0.45165583764426803,100.1950428607763,47.45028772988526,3.0,0.0,0.0,2.6591343020778,2.440135236142805,147.4560949420672,31.060685497033845,51.12203642928861,1328,44.25571184634214,67.48482829101233,396,8.578491844178753,0.46308998864631956,1.9511786730252871,0.6626438307501824,Good,0
WS_001283,2023-01-14 08:30:00,34,Cu-101,Al-1060,404.87500447763284,486.316612042787,anodized,0.5886456403237368,Laser,774.1675974418824,0.0,0.0,63.48674033753678,43.6648145070283,523.100227845858,4.6675936737925925,0.0,74.52385232098001,21.602502326728224,47.118308618817295,0.2137919845298459,1.9896854492043505,3.729821548216324,55.5838714997199,0.4990605925759676,108.31960283245017,29.493408700549097,3.0,0.0,0.0,1.6453795212773175,0.9792124060817056,156.0883470978803,5.0,55.45017454466975,532,38.388876716372955,59.63987526830508,419,3.99586512378416,0.0,1.8434229716295372,0.6619574593224412,Good,0
WS_001286,2023-01-14 09:15:00,34,Cu-110,Al-3003,327.52509457354915,179.891407648962,anodized,3.289107958300843,Laser,2917.940445724259,0.0,0.0,35.51554839515441,55.65517880943061,99.0279364430018,7.091106663312348,0.0,41.2044787838566,26.225272385157474,59.9598033865826,0.25482288674673276,1.8746636453202397,2.9095198434131118,31.616188718885542,0.2,104.40677103117834,23.419483376024658,7.813646539052621,0.0,0.0,0.4944372496470827,3.0484253380726023,244.00132635369602,8.301211028133661,46.26520616355911,204,36.54567766444667,57.0822913694129,458,0.24749276136421194,0.221182392133054,2.853615165020677,0.6679564963326377,Good,0
WS_001290,2023-01-14 10:15:00,34,Cu-101,Al-6061,280.88604004068725,382.8482455777524,bare,2.2235551886811176,Laser,2493.5820541344,0.0,0.0,75.1540237677558,29.282306404786603,684.7429105103976,45.17201340404766,0.0,69.00430514511147,18.14374450136209,49.78068174877482,3.0852770119681328,2.0024317061300887,2.7027854458381864,73.52566112645212,1.3540672492820942,95.15779055954383,37.15591478653091,8.71531912080351,0.0,0.0,1.391779161801404,3.0020247693045183,100.0,18.247221659739303,59.22869946379588,1548,26.08811054275527,61.13019141489948,924,7.551573677772769,0.0,0.41955027696091307,0.7111341120772918,Good,0
WS_001297,2023-01-14 12:00:00,11,Cu-C10100,Al-6061,240.07460973278444,283.2267756291565,tin_plated,3.490463956398152,Laser,1199.8482764094983,0.0,0.0,55.04327191495523,11.615812389931515,379.2531411027369,12.863917270822828,0.0,29.185843678774503,25.41096003551838,44.94201955780497,2.214897561874047,2.476660491480669,3.7844417533141717,31.144119506143358,0.2,111.96297086022223,42.44437635486367,5.3722138344062635,0.0,0.0,8.13031738469144,3.620252046723083,100.0,18.327002947357837,51.844176714282725,1038,41.006570681720106,62.54970263442293,312,7.796027503478427,0.9848165588676661,2.5425752117509086,0.6510468489944551,Good,0
WS_001300,2023-01-14 12:45:00,45,Cu-110,Al-1100,224.6049196055944,185.6209824909737,bare,4.892198988450321,Laser,1455.7269713019298,0.0,0.0,87.10243614346219,29.572906582937502,337.2610178727334,12.818718937891168,0.0,65.67388012439841,23.153959971781845,47.29722571040989,0.8669231684711779,2.284894106980066,3.4285969108389263,30.0,1.004998488102844,68.94542494985475,19.610748141894987,7.7663240607074115,0.0,0.0,1.9911828871592623,4.590717602463315,159.54262236262133,20.190851486805677,47.496762767377966,873,25.197226549785373,76.04524687584667,706,7.1599353752674,1.4511818248947377,1.6215094279289597,0.7359590652029789,Good,0
WS_001304,2023-01-14 13:45:00,25,Cu-110,Al-3003,411.16376269941475,146.42138375382757,bare,2.1693380014945585,Laser,1157.563082211418,0.0,0.0,26.453028680804938,45.398513000683465,161.99176297360486,18.986938306045317,0.0,48.59321490748633,26.046945392605807,59.91710148257265,0.8364563969643443,1.8767724441824163,3.2165447386311175,49.30642554658914,0.5658315299899789,87.3070210840923,41.44033624012423,5.9383857047189235,0.0,0.0,8.180881534735969,2.8080063608260564,160.62283281437746,5.0,49.27346466982726,757,42.38881065211292,66.31842048690513,596,5.299885556047674,0.1523333789268821,1.7821770825846286,0.6820088831548373,Good,0
WS_001305,2023-01-14 14:00:00,31,Cu-110,Al-6061,252.94533242465116,109.2427411149921,anodized,1.3414069859170095,Laser,1154.1181301590218,0.0,0.0,71.82849509541866,39.348973053072754,118.61049411773186,4.314108933861064,0.0,38.58581170352487,26.911085139125348,42.92636813734306,0.21927428337417187,1.6152390902319542,2.6208538225762776,50.77892539250728,0.7449135585031211,84.39455842179908,21.550464080202715,6.077589232337933,0.0,0.0,2.0773774055166503,0.9528746541020119,142.8519390867954,24.881060090756307,45.76247550193127,961,24.450882745432068,60.833609087538676,641,10.330611038428252,0.4625825349472513,1.1649299783760232,0.6887711362369789,Good,0
WS_001310,2023-01-14 15:15:00,12,Cu-ETP,Al-1100,423.5197778004603,127.1704816891305,nickel_plated,4.096157943353136,Laser,2080.4129120998105,0.0,0.0,78.54837073211152,97.98661884724686,796.4554824663965,28.170243051594444,0.0,24.939641574305032,18.873436762094308,59.26029478665443,0.5749814287501757,1.8818875567930269,3.0828424677971547,36.098180886947496,0.4880692359967841,104.66579732166362,28.83033279845742,7.09808715645879,0.0,0.0,7.6671999395879435,3.9908042742777248,151.54684385169904,5.0,50.74224009009493,1475,35.57124828099435,58.249045012742215,452,8.66340346980097,0.0,2.2719769915861376,0.6561551919378205,Good,0
WS_001320,2023-01-14 17:45:00,47,Cu-C10100,Al-6061,111.71977724136735,478.8350187902222,anodized,0.6201087988248201,Laser,1071.7840128391147,0.0,0.0,60.09921691833613,26.283773326788054,684.3166692285107,14.845596737239141,0.0,76.97497093674511,25.99063547591341,40.968245291610025,1.1296396870162257,2.4834456570331724,2.9772753125457503,30.0,0.4406572716052783,79.44160998704254,16.488663861100246,8.408905468368436,0.0,0.0,11.374849824127498,0.5473222516395543,142.5995465074002,19.09299341838764,49.36730172451768,1065,31.385471944733286,59.107539325410535,549,8.384097833769527,0.0,1.532842212916453,0.6715704569581085,Good,0
WS_001321,2023-01-14 18:00:00,12,Cu-ETP,Al-3003,347.24118622467876,341.1635245698742,bare,4.774139397193698,Laser,2121.104732458571,0.0,0.0,59.257987398829215,79.27600623166398,173.1283039064565,17.84251146757986,0.0,26.369832654962483,27.30101287596626,65.21248786999269,0.45013648683158064,1.9814720665946468,3.761951909845645,46.19250669211702,1.284891933358805,79.77496888273386,35.3121609208449,3.8667144444259476,0.0,0.0,0.6540496442702936,4.588345160506595,153.24286045184087,5.0,53.2901282591046,1780,18.189346060431838,58.74226540397022,540,7.049350561449083,0.4644273621097685,1.588781840351982,0.6923541121165607,Good,0
WS_001324,2023-01-14 18:45:00,10,Cu-110,Al-1060,243.76953073232684,118.67912715404523,nickel_plated,4.503197857407689,Laser,1187.1672459709057,0.0,0.0,42.28291044191534,49.349811489238114,944.1213888818035,46.048545210402374,0.0,56.02133304698997,26.350889317638632,45.815628090044825,1.866209568822541,1.674999372371794,2.783341958316705,57.47739408038764,1.0339053778415654,79.3388759514952,33.82087125744613,4.772938769418025,0.0,0.0,0.5518353417357116,4.943749161081387,124.18524116923714,5.0,42.63272454919686,264,14.196616174452501,76.66508166269091,572,0.0,1.386618535053653,1.4312178429314288,0.7585011132283819,Good,0
WS_001328,2023-01-14 19:45:00,2,Cu-101,Al-3003,263.4798249083736,145.85597743428275,bare,4.161229059816371,Laser,1944.6946331251359,0.0,0.0,16.135955878485262,84.39106460037067,912.1079066048588,42.51766243886383,0.0,54.29627565723612,19.81534467078607,47.92753503689413,1.007634223841207,2.091804067715099,2.8139739544768156,30.0,0.2,106.38300492579123,29.612287339216177,3.0,0.0,0.0,3.788790704501836,5.442695915691525,162.90368016471427,5.941497507608268,51.75545540462655,1951,50.326668339521,37.67570132857455,330,16.701258198927533,0.0,2.0138168628790467,0.5593843916891658,Fair,0
WS_001330,2023-01-14 20:15:00,44,Cu-101,Al-3003,121.0839159413756,111.05273314237225,anodized,3.24893438625863,Laser,660.8132087061203,0.0,0.0,74.87030475623767,41.627137701697016,819.0818323029193,16.75496522318802,0.0,50.016381850096934,23.851167586812654,58.02658668283487,0.8050020322442188,1.8590433057112261,3.1367962545961903,33.7842206587909,0.8997195212034396,71.29689163616318,33.605689229096185,7.5426434200981305,0.0,0.0,9.126310042100314,3.374494789757115,140.41915826007215,5.0,54.03401868178846,192,25.512587634459187,67.90602654359296,701,0.0,0.0,1.832476724799495,0.7282295182406269,Good,0
WS_001335,2023-01-14 21:30:00,15,Cu-ETP,Al-3003,197.24981216906747,165.86810500292205,nickel_plated,2.753216854324127,Laser,753.2709170572853,0.0,0.0,29.2106601751444,48.19520876251843,850.1603975014601,11.61081106311323,0.0,57.77716694236584,21.59393415926394,41.9197674075941,0.4818242875687259,2.079371557458103,2.6727441943184065,65.04865716138947,1.1297269935636884,83.18769431440809,29.372189497630004,7.516974902259644,0.0,0.0,7.535527634614733,3.6299265086112076,178.6186562957212,20.048297134884493,55.02463527633288,1468,18.717218717139982,64.5785083542792,762,5.369211582208333,0.08465725959930642,1.304318676283399,0.7241031710933474,Good,0
WS_001337,2023-01-14 22:00:00,17,Cu-C10100,Al-3003,167.29463164339677,225.0625257420878,nickel_plated,0.296822288357848,Laser,805.2655105769859,0.0,0.0,26.199984198278024,31.911866450603345,647.424215530294,34.32969714197001,0.0,50.916506018464695,19.323321098087156,58.415005359173264,2.1515317629640527,2.5213194199747804,3.7334957661948693,36.239232464141914,1.1184304623328694,78.4396166092516,26.387616520375417,3.0,0.0,0.0,7.313988558686865,0.155372270895338,167.1401374282267,5.561985124648263,41.7488213333142,1872,33.8333183682945,55.365830466416774,686,9.913991367034422,0.03698700472352624,1.6127882968428173,0.664809198133744,Good,0
WS_001343,2023-01-14 23:30:00,42,Cu-C10100,Al-1060,360.3886980874178,253.22627043431146,tin_plated,4.422497339706719,Laser,548.6396570363664,0.0,0.0,48.63278308574834,33.165818117234664,656.2373399535652,20.649237281685455,0.0,30.234434570106085,22.254333140290477,54.39256955629461,1.2452119955970602,2.3285203469566014,2.7055291587484493,50.1758504351602,0.7790422399597513,85.22393905771295,46.510880313798765,3.6538962941182733,0.0,0.0,5.3113124707273265,4.659970411083614,159.27722383254402,9.160789825875751,52.541529571449885,1733,39.16890328140738,57.666873029168926,666,17.9791142817178,0.0,1.5890712383878391,0.6461029883725903,Good,0
WS_001354,2023-01-15 02:15:00,11,Cu-110,Al-1100,327.69208483657917,339.051597278224,anodized,2.312148345402404,Laser,1347.23355869659,0.0,0.0,8.133485743187244,23.100602295576124,88.66003372967702,48.5890528983295,0.0,70.22961223042672,21.08857918200866,37.00098891591014,4.206734722898072,2.1902406046807954,3.244045705464144,40.30286723357488,0.6601989324171327,101.33781292352509,27.54389422607163,6.008357493331723,0.0,0.0,2.807532433995231,2.625177509504864,100.0,6.069808333932759,45.971474961647345,542,35.12975867556564,69.12290955849527,528,4.903254390256498,0.32428485152180675,1.3130261630396594,0.6961190339011588,Good,0
WS_001358,2023-01-15 03:15:00,48,Cu-C10100,Al-3003,283.2819221008864,468.83706142893266,nickel_plated,4.882866377646294,Laser,1412.1016344188083,0.0,0.0,7.570762134475956,61.82448820426209,974.7318583781571,49.15303461128915,0.0,26.473671289658967,25.583013378008665,69.51284290529051,1.5900830249946367,2.331387133631985,3.301263388758367,72.74919450784958,0.28943887265558155,116.69860276351535,15.0,4.654128288483146,0.0,0.0,0.15427055132186762,5.479583443908434,167.17758467079543,22.184952481533152,48.42659197638539,533,40.17719686598259,55.67579655312318,382,4.8697026382383655,0.28094338146304404,3.2747044960155236,0.6452596703038038,Good,0
WS_001367,2023-01-15 05:30:00,33,Cu-C10100,Al-6061,242.7081961397005,267.8689168629073,nickel_plated,1.2540208126276482,Laser,2810.639316095002,0.0,0.0,16.88200092329639,49.517521842698514,529.1182286218307,38.21903741568868,0.0,48.85576817380578,18.132331664707518,68.13967148448955,1.543657113419305,1.3864640028916977,2.641189486211582,51.54670859917458,0.6880957503701224,91.14939757169498,25.69707839978335,7.197962899499352,0.0,0.0,0.9326665267306852,1.548898988901645,222.47041980473352,12.145002838499163,53.29566893396431,1297,33.63213897315903,57.222222310390514,546,7.404439792246738,0.0,2.162702121460862,0.665124022705775,Good,0
WS_001369,2023-01-15 06:00:00,42,Cu-101,Al-6061,301.4877738359825,239.7940729232404,anodized,0.5571757739505426,Laser,2399.3153048315303,0.0,0.0,92.8154711547817,33.9260980428777,684.0097075637839,34.548911424240295,0.0,65.13294381949622,25.750766572878195,61.92546167121189,2.0367158864291115,2.454506813158976,2.542995528878507,30.0,0.30233754933930346,93.14605038370874,26.928932581777676,7.521097069597879,0.0,0.0,3.832337694226489,0.1,192.93352454158276,20.004733510141,48.39779136760877,618,36.21463997312226,60.96729666967121,328,3.4589662115008784,0.0,3.1983403871158123,0.6634773867345971,Good,0
WS_001379,2023-01-15 08:30:00,3,Cu-110,Al-1060,487.14582638054213,191.1203022851425,tin_plated,1.557894811637896,Laser,2540.580426848637,0.0,0.0,22.366197627481675,37.843512621681924,831.7376962637481,38.53359034490498,0.0,40.46576495944825,25.180665107553082,65.51591254203625,2.036470067148454,2.3089248361318457,2.642396480492833,46.9170785844255,1.0016308605863635,89.89880406564089,22.05256980207563,3.015124143476983,0.0,0.0,0.5472715220782607,1.5559159844712613,176.8129490699817,5.0,51.479356382133176,1595,25.360708483973372,70.30311463681485,616,9.051328083313077,0.12665152382923883,1.6023465087122402,0.7118121503765317,Good,0
WS_001380,2023-01-15 08:45:00,24,Cu-110,Al-1060,455.93455763532427,179.7400515778745,nickel_plated,0.5120981885448697,Laser,811.0230146375707,0.0,0.0,92.17369861690106,94.53793267050183,342.61035282001,3.2028603409848806,0.0,36.54231171699478,24.660308648859996,55.27017424480122,0.06775820563261062,2.589509719832828,3.4714375095623633,60.396212906996425,0.5726000661275723,88.31966781787006,34.18661192430685,6.134015976859008,0.0,0.0,11.796189588783847,0.6179274840454807,125.73304334426845,5.0,47.042969005957026,1438,40.1595384250281,56.4916188629293,613,8.892215091046204,0.0,2.047654835758826,0.6551835028907361,Good,0
WS_001386,2023-01-15 10:15:00,43,Cu-ETP,Al-1060,351.40156003342713,292.57413838304217,anodized,3.6113707502687458,Laser,2597.3301839066653,0.0,0.0,52.39389027793684,82.7603128143207,804.2623286125258,10.482345514903676,0.0,66.2829036056068,27.18599777596716,64.7782448754212,0.253318170471918,1.9075353968230337,2.429870237949401,30.0,0.34783149890374493,71.33985595251498,31.893410029218156,6.3006540368601645,0.0,0.0,9.47291991796067,4.157710264241189,100.0,19.95407805848263,47.48638828733335,1109,34.41585787902299,54.187905418617625,506,10.695954767964032,1.3730186609173796,2.430118466227402,0.6475243948714103,Good,0
WS_001392,2023-01-15 11:45:00,47,Cu-110,Al-1100,265.46620943328276,167.91705582037895,anodized,2.3702971016717975,Laser,1031.0461050613503,0.0,0.0,14.105311735059018,60.63371976207906,489.45581748731183,31.30397504239158,0.0,72.03150066929753,26.32169139901326,31.817039449193917,1.0325599407466801,2.331391234840169,2.858545886555813,41.609697132667776,0.4652042240238301,96.59892796982874,19.115082250632256,3.0,0.0,0.0,5.435376240539517,1.6031780581930453,108.8449190784604,9.506945464449998,47.703262322821395,1012,38.22992179064274,51.7575327375999,468,6.626321564698458,0.6235763639301618,1.7563269799025667,0.640824596224226,Good,0
WS_001394,2023-01-15 12:15:00,16,Cu-110,Al-6061,377.3603413716176,344.83172728154364,nickel_plated,2.7567586599417613,Laser,2057.6784887073686,0.0,0.0,78.31913346707147,15.382762781709651,387.7899372130053,20.533573700648436,0.0,47.30734092232798,21.041956297327108,60.80908511698011,2.669686062514489,1.836360866860183,3.0902620670497187,34.90739578644839,0.2,89.22518680591247,36.907840468158426,3.0,0.0,0.0,12.0,3.0046304458673516,126.31506700229988,5.0,52.49689700292287,1302,49.092911122293025,45.033873598427576,519,13.787881831332136,0.0,2.006183627434468,0.5976930388788816,Fair,0
WS_001396,2023-01-15 12:45:00,17,Cu-110,Al-1060,211.1564503951024,201.55360438442727,nickel_plated,3.369572265313511,Laser,2718.888252365888,0.0,0.0,73.20725514039773,83.16134691852018,545.4514466266525,32.66736318277978,0.0,22.005978461229706,20.997047801748717,51.153386796112045,0.7856381454424158,1.7510648355347396,2.7777292051477214,30.0,0.8641583602589928,90.90289055112254,34.49579016395375,3.0,0.0,0.0,1.8496717664224018,2.882112132182857,100.01057822693713,11.246090759338792,51.45751774453651,1174,40.51146621287211,56.88755487924756,739,6.601709401513195,1.0864244862836998,1.7376664974331995,0.6683401494176401,Good,0
WS_001399,2023-01-15 13:30:00,35,Cu-ETP,Al-1060,276.2412456236699,229.12579908553732,bare,0.6574324363832954,Laser,598.4413260945885,0.0,0.0,67.86975867916769,86.31775709901088,215.49193196103977,33.23476671376327,0.0,49.000325364278694,20.8422704800164,34.1081055708412,0.7700563089386416,2.2071950886045024,2.641642846874638,47.35021437516746,0.9432900229888247,69.93079888269489,42.3173397429949,8.385350570053749,0.0,0.0,1.9493695586014095,1.1587083549966404,170.02401322614128,19.319550147732635,53.73226352375828,376,20.474496925820652,78.35499027843471,544,3.143921443983391,0.0,1.1094784958587662,0.7455475442665536,Good,0
WS_001401,2023-01-15 14:00:00,7,Cu-C10100,Al-3003,373.68363007539466,158.90952339933068,tin_plated,1.8455117486979407,Laser,1923.7942962480486,0.0,0.0,14.544325033914324,13.527045373342208,143.73849318114276,26.439216755343544,0.0,28.275664190136546,24.502636993146176,50.354835807762676,3.9090896830208606,2.074110377684794,2.8063995579148764,84.60611198562137,0.2,96.79023927389498,26.286376172165532,6.384952752598324,0.0,0.0,0.3040890581249933,2.496606475805677,127.46994942497422,13.22579914483023,43.84555287256001,637,37.68391228890691,59.79818531876754,430,3.0505603166103215,0.26737827515897017,2.847610037253401,0.6659164609365807,Good,0
WS_001407,2023-01-15 15:30:00,17,Cu-110,Al-1100,231.62951178429117,176.7506852409427,tin_plated,4.1211760822419725,Laser,629.4184523551628,0.0,0.0,11.311530438072854,34.5825888044545,68.70922606987946,33.75762038676237,0.0,70.14708531455776,21.6286809280883,36.436973621514554,1.952289955945353,1.9479642045076175,2.4617536399521533,39.92797841705021,0.48907934872799513,93.75926344481036,52.42995435396129,7.360557819116199,0.0,0.0,7.465823436998445,3.7022140168794784,160.34715107253987,17.96472366305929,50.631510903453965,568,35.93247613055405,70.97530130291429,396,3.4223033941287953,0.3962625842357984,1.5742325798634316,0.6935227201974631,Good,0
WS_001408,2023-01-15 15:45:00,48,Cu-101,Al-1060,225.8350533656266,332.44249787915857,anodized,3.9222985237690247,Laser,2893.214022415064,0.0,0.0,94.61038293954566,88.12680657590431,961.693372365793,17.9577871894125,0.0,59.53532354723987,23.693505243246637,38.611453179830306,0.407544262345313,2.1169318144304974,2.0,63.39041789274779,0.5507356298113855,86.13133535079405,24.707694224224213,8.388430258502014,0.0,0.0,1.7825412084069383,4.0154172526605345,118.13184799814115,5.234130719446179,47.051954247571075,149,28.71814568499713,75.65205832924326,390,5.846595429466406,0.0,1.8918869959163302,0.7110905608653629,Good,0
WS_001413,2023-01-15 17:00:00,4,Cu-101,Al-3003,442.62879547333426,129.10495049585086,bare,4.999370047543255,Laser,1656.9676747221758,0.0,0.0,67.30358722305007,22.460140846021538,473.9078776530778,47.76468012197669,0.0,61.765834297210475,21.865285717851098,44.3141572560006,4.25328411334851,1.8433538791972568,2.213086485541115,30.0,0.2,102.61552726880709,15.0,3.0,0.0,0.0,4.439862579228737,5.694520681497927,187.40931908409377,5.0,46.688186372160324,1980,48.28757095663137,47.007254273720946,339,23.731472980718713,0.3453635541971401,2.237289021894932,0.5731902674105077,Fair,0
WS_001415,2023-01-15 17:30:00,11,Cu-110,Al-3003,179.6627590388268,266.3666131730864,tin_plated,3.5018981573068064,Laser,1359.7580014577243,0.0,0.0,41.530038117520576,55.470209529069564,278.22679167392755,43.71206400359478,0.0,21.764304630827162,19.76534348260048,43.9835024596686,1.5760554854470907,2.426324377752878,2.408902772605359,66.78445303922427,0.5527684587014099,90.77871547371997,20.7371540067303,4.8774215097317555,0.0,0.0,8.841219309124249,3.705289998843564,150.2403683756192,10.691292592329658,50.87711596005759,976,25.502104380941155,64.52491308297576,445,11.025327650020458,0.33907602192593145,2.089128552717335,0.6820533034589059,Good,0
WS_001418,2023-01-15 18:15:00,18,Cu-C10100,Al-3003,466.16648058668136,250.2823221521082,tin_plated,4.08346961987131,Laser,690.3822334440056,0.0,0.0,47.13438864520369,64.55515839803053,345.99498808990995,2.554934722016234,0.0,50.743234105701376,22.159657565304286,51.92045901264754,0.07915509110095162,1.5843703798796678,3.4655017384848743,31.708446101412893,0.7009195936578384,77.47132605200262,31.62082683881763,5.036785801792048,0.0,0.0,5.345132196460217,4.533453796141631,162.4696857286643,9.896478996849897,60.0,1910,36.761214370848315,58.39942251120859,432,16.385415069092073,0.2307805503614841,1.5480611046786352,0.6389340814672013,Good,0
WS_001421,2023-01-15 19:00:00,37,Cu-101,Al-1060,495.3482266886284,381.6342674569342,bare,2.3398908139134162,Laser,1436.190008665791,0.0,0.0,90.1944509311979,25.042452560043063,920.528560915218,20.520129060528316,0.0,56.41590983462144,27.819419427951473,58.527677134440026,1.6388274280506836,2.183727461708606,2.5495797187233387,62.964400267130685,0.2,120.12003059450578,22.03266406947782,4.560213933804259,0.0,0.0,1.0842125751228375,1.737481301275897,123.56374070903917,5.0,45.61539447961133,1205,48.46641437524866,54.36938951055193,402,16.0547267284652,0.3723831846009101,2.9046704691734497,0.6099212395976346,Good,0
WS_001431,2023-01-15 21:30:00,50,Cu-101,Al-3003,388.5796628438288,177.1207610665837,anodized,2.1160375633906456,Laser,517.7693677196492,0.0,0.0,98.25648747417611,91.51953199483366,661.2732449193576,14.013674670036202,0.0,48.50408300515798,20.214634652802644,46.16205191937928,0.30624445655660226,1.9265367151152935,2.5186817095647402,62.94978484340871,1.9535229724075274,64.60806946845055,23.91517132849984,5.256469150613018,0.0,0.0,4.211965141859716,1.6543948296529982,182.55506649063594,14.66536948917621,48.872391421235804,1139,5.359818930081415,80.43349320600326,946,1.2498017905506993,0.0,0.6602571732552831,0.8037672929292701,Excellent,1
WS_001433,2023-01-15 22:00:00,3,Cu-110,Al-1060,452.6541396701643,491.7679492551409,bare,2.547855324587154,Laser,1316.3945454182763,0.0,0.0,34.569407674236125,49.91191441811001,660.1832172009026,13.34758497734415,0.0,21.507643144613674,27.653062746143974,54.049878307833,0.534845642887267,2.2859523353042706,3.6847599890969454,42.92358591890173,0.2,114.0940303302165,37.779161132636624,4.37346695589006,0.0,0.0,0.3418495589959829,2.78002363737005,119.19477073883063,5.0,46.99568397526095,829,36.47248647571454,52.40830828107998,382,13.993270348490132,0.0,2.2467271000381692,0.6255413257523758,Good,0
WS_001436,2023-01-15 22:45:00,35,Cu-110,Al-1060,324.85790153103403,303.1136747804484,anodized,3.828770466205101,Laser,2808.1920996293743,0.0,0.0,54.602282890554626,36.33293460162537,387.67045781738676,26.018191736244013,0.0,61.71078479153353,26.19391497796827,54.11371626302332,1.432209757979752,2.165666936687453,3.2450175282403917,49.48916846343038,1.027796572410721,73.88090535290343,20.76213818785818,6.355542854917823,0.0,0.0,0.2586407193366498,3.88838088474158,166.73818915618313,5.0,55.94211735774894,1501,30.42204882690202,60.70296731054008,616,9.51020637767899,0.0,1.6950233912624781,0.6793593747445157,Good,0
WS_001444,2023-01-16 00:45:00,41,Cu-C10100,Al-1100,112.99463867606599,277.56667921861595,tin_plated,4.716518355024357,Laser,1814.8421875351078,0.0,0.0,80.00225079860984,74.66826960961983,253.12749079191184,24.0592587298644,0.0,63.13627915003154,23.02712760199264,38.926070550129616,0.6444305956372329,2.0187041819446963,2.0945866185585715,65.3214143387403,0.3223128595831879,104.7473567838217,18.326561604386068,3.7474292019299016,0.0,0.0,4.566272178648077,4.796067696460628,172.77080384763735,5.0,48.74572708187616,1696,45.885914748726805,47.769823345666246,466,18.009277167601162,0.2803227249608709,2.0856240714110506,0.5978949582184899,Fair,0
WS_001445,2023-01-16 01:00:00,30,Cu-C10100,Al-1060,338.11073644162184,293.68522630391624,bare,2.2360790053665287,Laser,1573.664566415508,0.0,0.0,89.60440975315933,20.73807221652708,206.66140665436512,7.237475286184261,0.0,57.18023709125165,24.564122744889872,33.85677234698464,0.6979892065778804,2.0777210127397967,3.7723470615613452,32.07025681176238,0.2,101.28275106661143,32.55997454776315,3.2931654903926235,0.0,0.0,6.224382010839886,2.3749219175677436,152.30743541845212,5.0,48.61915468737351,348,39.131821665363184,56.466209116545414,506,4.430830184081871,1.1465382228046856,1.6383422224097153,0.6578933170314986,Good,0
WS_001456,2023-01-16 03:45:00,49,Cu-101,Al-3003,176.49685163044853,140.27744044152124,tin_plated,4.5181788135982375,Laser,2105.4099717642684,0.0,0.0,89.30565567731874,81.20698018987596,733.6989954285548,40.41763113189986,0.0,42.504501410253866,27.528614201751182,58.28810487288243,0.9954225865164903,2.2695151413670405,2.045506205478318,80.68392668290815,0.2,113.00523473796771,22.40969901818061,3.875993739377334,0.0,0.0,10.587688573211597,5.226258466785516,221.86363382158453,5.0,48.43024537162269,970,28.102157301600208,50.82032367663266,521,11.073642823340473,0.0,2.0681288718933684,0.6488678262787512,Good,0
WS_001461,2023-01-16 05:00:00,5,Cu-101,Al-1060,206.09140900106985,195.07950412249153,nickel_plated,3.2194826803807386,Laser,2727.0134342530855,0.0,0.0,32.080510363209996,80.21856322656592,95.58067815107233,11.7057075343431,0.0,34.61367495343026,22.777431528506856,34.61514438415616,0.29184535507777654,1.8828567551429831,2.8513167336524496,75.22217804025469,0.59172520112282,95.54302475049103,23.126253884889696,5.067790565420643,0.0,0.0,0.47534993559630306,4.060880310529364,185.26041914711357,5.0,45.55235957480445,1105,30.770037014952244,53.08947481029163,387,11.53556187400045,0.0,1.4578422626839391,0.6407394529895498,Good,0
WS_001462,2023-01-16 05:15:00,27,Cu-101,Al-1100,374.43646157739477,132.47511482017245,nickel_plated,0.7911285045602631,Laser,2059.167270641562,0.0,0.0,25.36282820604903,10.935926990937062,359.89818261005684,38.39577081176089,0.0,71.61112660613115,27.22972895910881,38.32501201257543,7.0219508311605665,1.623143147014884,2.93098686796219,57.18369830710064,0.632092138380232,107.40859026649608,37.21567782961385,3.0,0.0,0.0,0.7962871559056763,1.186003365161013,163.48523562903932,15.636582120449035,56.56255773935423,545,38.676935474435155,63.17061392847023,659,8.492888320039619,0.7227845869320861,1.4922927608944356,0.6779202993427819,Good,0
WS_001463,2023-01-16 05:30:00,8,Cu-101,Al-6061,479.51619907676724,350.855357624447,nickel_plated,3.2833495010006852,Laser,2996.951014371809,0.0,0.0,61.87367446316156,46.51043075917694,121.86997188165077,33.878129386876516,0.0,52.32976367389565,23.502419530301136,52.88854015714888,1.456797059665677,1.6744077466538358,2.6116621196434675,30.0,0.5301952202074599,100.32757363422338,38.95436280794333,8.356737114424783,0.0,0.0,5.520334226351157,3.4160352880393985,136.63435080334594,7.102685844227152,49.90378380130038,1739,37.98138484361373,53.605758954578704,495,9.351408598026971,0.12051350275419237,2.4043573167703363,0.6425084289997255,Good,0
WS_001464,2023-01-16 05:45:00,9,Cu-C10100,Al-3003,207.21887495145512,234.5474847534839,nickel_plated,1.037589337239176,Laser,2104.2536773401607,0.0,0.0,46.7492452348252,35.971916762742715,982.3566764560916,41.00389044765362,0.0,74.00348946038818,25.99609938265092,39.803668717571966,2.2797723411904856,2.083675159055442,3.5638273570548136,30.0,0.2,105.480374608849,37.681461360181814,6.5456563494473015,0.0,0.0,7.676407831612139,1.0440831975977412,157.6448934259799,5.0,48.37549995563836,435,42.89136916189383,64.8306876274959,408,4.50663606186562,0.0,2.3521047841618072,0.6664897227099009,Good,0
WS_001468,2023-01-16 06:45:00,28,Cu-110,Al-3003,128.22002548395784,374.54889310905736,nickel_plated,1.138244043304792,Laser,1064.785959690646,0.0,0.0,56.809889003591316,44.60148903284105,922.2639160818705,5.90487612951541,0.0,57.09971160814314,26.216999537743888,52.33912269862309,0.2647838113730921,1.8414790630055915,2.842909899960788,72.32624553628142,0.2,111.17075023768479,18.13618932696732,4.583024884142872,0.0,0.0,2.097063793676911,1.5882271416909166,154.78196746713786,8.580971357316095,42.104815231273975,1949,52.17478951918771,34.77973704971713,344,19.77589238442387,0.0,2.374033526119608,0.5445406934580499,Fair,0
WS_001473,2023-01-16 08:00:00,19,Cu-101,Al-3003,359.00791822806525,499.42409939402745,nickel_plated,3.4572898830095125,Laser,1681.352635097795,0.0,0.0,6.570917928354861,74.20672573398272,692.9107188097163,28.460703412177548,0.0,66.88988651511875,26.47162932706395,32.69394828362981,0.7670653335171764,2.0992773907338,2.9650795707239688,32.363686131592544,1.2062091673309543,76.76645401007391,33.89617994627628,8.427544411281884,0.0,0.0,1.1971321689242596,4.02956193055048,188.65278359755743,12.273128839139911,52.88826674001499,1424,23.553458841234118,61.894587208128996,818,7.1695482369137915,0.0,1.913950985097904,0.7104967101475912,Good,0
WS_001482,2023-01-16 10:15:00,26,Cu-101,Al-1060,292.99722421106515,255.64920384601209,nickel_plated,4.129879484441061,Laser,1792.4261685671968,0.0,0.0,18.620179611055505,58.8594189068137,949.181956346929,18.002565578349866,0.0,67.18209016066453,18.07534815711571,55.923151832447864,0.6117140098461233,1.806114210778206,3.3893232955346075,67.87264491113267,0.8927156831740908,101.66658815814122,60.181369948083784,7.72637318186985,0.0,0.0,1.4531693547210933,3.864616828600508,198.6448150299171,5.0,48.74222819172588,1920,35.05366532946093,50.324313363638005,655,13.755033004691372,0.03520984881126822,1.7295850397751489,0.6411062651977739,Good,0
WS_001491,2023-01-16 12:30:00,15,Cu-101,Al-1060,341.5171029144472,476.1264612957057,bare,2.009016717349278,Laser,1131.8794311530123,0.0,0.0,48.55894455742253,18.29966281109691,945.744356253584,45.67111161902586,0.0,72.93231880150756,21.163254231506183,33.60523266574051,4.9914702899695955,2.1574373773582476,3.332511961925018,66.90202429696652,0.2,100.52994815781057,32.47810085169659,6.732337570886894,0.0,0.0,8.40916183594542,2.096877366316048,197.91585042340236,5.0,49.31048075950439,824,41.879953593678245,66.41327602998268,314,7.126066503770191,0.0,1.6192538697119452,0.6607852183232036,Good,0
WS_001493,2023-01-16 13:00:00,49,Cu-C10100,Al-1100,264.3265582269711,266.2814313139716,bare,4.501538019039622,Laser,1741.6670499004128,0.0,0.0,44.80224028636397,80.45443179626041,200.14615347151815,37.135220109287644,0.0,66.34523828144248,25.98597648072569,43.327600027971904,0.9231367192630828,1.7690393346652107,3.062616785101552,32.301963019822864,1.1882661643863055,68.13705251959097,43.38712021905687,3.0,0.0,0.0,4.272482281249161,5.046111231058843,100.0,5.0,34.483795146857155,1956,26.77571613428081,72.6583747431382,537,10.118471767824392,0.0,1.4805241737246946,0.7083102280917535,Good,0
WS_001497,2023-01-16 14:00:00,18,Cu-ETP,Al-1100,248.73471382656777,121.3360652020734,nickel_plated,1.2145447413173114,Laser,2402.206085077946,0.0,0.0,55.74297881795162,75.38062991215928,106.06203238939736,36.08096321931817,0.0,42.26019231285517,18.819311026264653,56.4437919721985,0.9573006556555221,2.4533967690077496,3.3268306155559317,70.31516823639235,1.2619924886632332,68.99171423965885,26.07556220160076,4.55814193836382,0.0,0.0,2.7782183750317024,0.9080604247558868,130.70145860125356,10.106635553625464,51.71365670542125,809,23.054464345081044,68.29492751598733,741,6.396769202681631,0.0,0.9765275575458863,0.7235616800173187,Good,0
WS_001501,2023-01-16 15:00:00,42,Cu-C10100,Al-6061,180.4700929155518,223.3420282529241,bare,1.9941335812843142,Laser,2386.772446608915,0.0,0.0,19.557037153156543,83.03006890832424,798.3039821384424,33.79037805157431,0.0,50.40467479027326,24.04692265401752,38.58432445454659,0.813931109436587,2.4813251996285217,3.1926708317114625,59.1692375848406,1.2189026851383808,91.21798400829121,32.64352749236007,6.771382163371665,0.0,0.0,7.8742881383288434,1.986878671674014,214.77292375550823,7.884531670633687,48.46104791030984,324,17.128420752061366,76.72716673862685,705,2.736763909025834,1.090038218569525,1.1059685869937281,0.7579938533890516,Good,0
WS_001502,2023-01-16 15:15:00,38,Cu-110,Al-3003,132.02536101158626,453.79861391754537,anodized,1.1028022952670025,Laser,1084.3388295213658,0.0,0.0,52.056857959247004,83.66487032953094,820.2046187327294,14.0208472817008,0.0,56.39286433286982,27.46184480383284,64.60713716175904,0.33516689206537625,1.9910879069190266,3.064525188646123,49.034838328605154,0.7046351478973875,91.3110663504772,26.391072355044606,4.181585242358289,0.0,0.0,0.15369089236532055,1.4453980115355243,131.01329571633158,5.0,50.57572063423589,870,36.089215851065845,62.53433443904967,510,3.927269105056169,0.0,2.5349631609339625,0.6788383827490451,Good,0
WS_001510,2023-01-16 17:15:00,25,Cu-ETP,Al-3003,373.2702252959272,234.08927208542866,bare,0.8001508775421093,Laser,1961.0760913914298,0.0,0.0,54.59992303613065,89.54522262381944,228.7374534602409,8.414506628986231,0.0,77.39372745545954,19.048286752640596,38.832265543026814,0.18793870588352157,2.1959118296862834,3.395387446931617,44.11869408926553,0.7775038400734116,95.72266073025014,17.429261851598874,3.0,0.0,0.0,4.357880594509702,0.907917478819942,121.98631505758851,23.131084478759533,51.18466969110841,164,31.525867612707444,73.34497009464056,620,3.1487515962545363,0.5745970310200794,1.849844214622085,0.7215030479078962,Good,0
WS_001511,2023-01-16 17:30:00,40,Cu-C10100,Al-6061,120.93314292026514,116.81791843037787,tin_plated,3.8011758756272567,Laser,1780.0331144219872,0.0,0.0,47.208645917631614,39.469066274623515,879.8574910120495,30.593335876352874,0.0,53.67748769574715,20.42905386864729,63.6155039968382,1.5502437105294655,1.6941234776985532,2.8695762922856445,53.82912868527461,0.31292864126681874,109.78832186856732,40.39001748592424,3.0,0.0,0.0,1.5404562739947283,3.2814867300037562,132.46768587558174,20.94617334199178,60.0,1436,45.42710732389237,52.73732447516035,395,12.282170600843592,0.10133901503963555,3.1070324684132404,0.6170069136588139,Good,0
WS_001515,2023-01-16 18:30:00,25,Cu-ETP,Al-3003,303.3916141232104,396.0143779936708,anodized,0.1592803063224158,Laser,553.9344410157919,0.0,0.0,25.73715952822044,64.76623604568795,664.2493664349261,33.97171973907096,0.0,62.825856067806725,25.314841478100327,32.815823949348676,1.0490564779804818,1.788640742392631,2.276064894545241,64.85574292279506,0.26514404419417714,104.85288404821318,32.948071950731105,3.0,0.0,0.0,0.5536135255505652,0.1,168.55473077453075,19.318598896767803,54.25732427620219,335,32.06183997881413,65.84290492373037,524,2.134600423633397,0.0,1.6771588150448107,0.6974454598801254,Good,0
WS_001520,2023-01-16 19:45:00,8,Cu-101,Al-3003,162.27703910237318,441.8260675764962,tin_plated,0.6949372500285755,Laser,2870.6052114521162,0.0,0.0,69.66765145827114,94.91146428518884,841.6302229443863,5.4011280662368275,0.0,60.86097564362075,23.67732648541383,33.28000591638318,0.11381402883022818,1.5835916086213813,2.726710731847196,41.53831344488163,0.8812001251479696,64.63263310028589,34.923782723753284,4.5066288860098815,0.0,0.0,0.6706858132331351,1.1208321163626889,104.74401328462403,13.579727642329697,47.881954949009746,349,21.764691551528824,75.4650737321975,525,8.396336094336814,0.28880879640487034,1.2308762739113956,0.7252725168263189,Good,0
WS_001521,2023-01-16 20:00:00,42,Cu-110,Al-3003,190.265833220822,374.34179696059675,nickel_plated,0.6109610133745766,Laser,2780.754138913709,0.0,0.0,28.257095042759637,25.868329676822377,289.544962455875,7.821720882351467,0.0,43.15341733114522,27.067230569068514,39.139200590959774,0.6047333538786316,1.632299271415441,2.9138633086230428,30.0,0.33667538309309436,113.91627534444395,28.34855364475746,5.042927765772887,0.0,0.0,0.6854547073723924,0.43929771886840574,100.0,5.0,54.09613599681839,451,38.014922541152615,65.64595791476134,559,3.2934368861672176,0.0,1.7341109070894214,0.6881839834802775,Good,0
WS_001523,2023-01-16 20:30:00,21,Cu-101,Al-1060,417.0159070485347,186.4931577563965,nickel_plated,2.9688031422121575,Laser,1115.9628197314912,0.0,0.0,45.44009771625121,98.6652397946382,541.7718815742039,30.72486255458338,0.0,28.936823813355176,26.006501972603665,42.843418784966126,0.6228102747945294,2.2453257643054068,3.051505095007549,82.89780899670464,0.2,106.73004272747337,24.81310149476077,6.884146366818308,0.0,0.0,1.2461987434262831,2.8072292089853144,137.01974907471765,9.795199981768834,51.84918460042638,1667,50.0459329064115,40.79696047796357,319,21.884651475847825,0.6072121272363925,1.831542831285974,0.5571564469847436,Fair,0
WS_001524,2023-01-16 20:45:00,35,Cu-101,Al-3003,174.76291858004726,127.79199395341277,nickel_plated,4.678832865137629,Laser,1420.6088628627904,0.0,0.0,44.70219916886433,16.478283848565425,961.7819887371154,39.462511725113025,0.0,74.243201345967,23.08096761357075,64.25311979918757,4.789638543403119,2.303290286697825,4.371666811326659,36.70551910123597,0.2,119.29008669270547,30.946424323408284,3.0,0.0,0.0,1.1132138550285438,5.176655608568622,131.6729765675256,7.317280707300203,51.72240808558055,1395,45.38633497911735,57.80602138185155,290,18.82358251437264,0.0,2.658032302844132,0.6104746671048374,Good,0
WS_001526,2023-01-16 21:15:00,12,Cu-C10100,Al-1060,499.42432263425144,402.591071536165,bare,3.4180101929128996,Laser,2104.8353494143025,0.0,0.0,41.88662193115481,77.36814785859147,368.77953003990126,1.906861367669665,0.0,48.324643311747536,27.374845661876613,48.72872494309178,0.0492931890047285,2.2952530669371334,3.4562466983723654,39.07772805639664,0.5275811895759437,104.57645322034007,36.51354979073665,3.0,0.0,0.0,5.426336930907814,3.0248901617873862,172.23489420657285,18.418278684243724,54.80657710813642,1214,33.45844610560215,57.35532909411521,519,8.50668674098853,0.0,1.9392945466562785,0.6618506159375314,Good,0
WS_001527,2023-01-16 21:30:00,28,Cu-C10100,Al-1060,109.92688457805966,144.2316748274638,anodized,1.1029892056467732,Laser,896.8553224434716,0.0,0.0,94.17962626412064,77.00973365833896,309.36056218841503,26.64944610938007,0.0,34.191107287388206,25.219646380655572,65.13037967146465,0.6921059155356356,2.209683529296042,2.9666273972725627,61.36506098984172,1.3388210817062705,80.93690486911956,19.21751814009609,6.610042413251527,0.0,0.0,0.6871872354054566,0.624931380541381,137.62060085559185,15.791516054393526,47.937779876454414,392,21.12142281765346,77.79039795650833,791,6.8582938412119425,0.1363417772383395,1.1906902102689583,0.7526678930458516,Good,0
WS_001534,2023-01-16 23:15:00,20,Cu-101,Al-3003,103.6392725123104,150.4410783949637,anodized,1.735774466140153,Laser,2449.3519294687967,0.0,0.0,77.3406700834294,45.40235918348337,953.2296705663791,13.08961335525877,0.0,47.442745673371675,24.372792393587147,50.94385705076467,0.5766049866422164,2.3684031640513927,2.474659098650963,59.98006706690012,0.2,99.08304337141749,35.62373316917682,3.0,0.0,0.0,7.332654237979946,1.535895027416382,200.58215998778383,18.758319739620536,42.590647781819044,319,41.00668941904175,58.37342808843796,388,5.215864381201788,0.42086486169052684,2.134253876486745,0.6505104570444455,Good,0
WS_001539,2023-01-17 00:30:00,12,Cu-110,Al-6061,283.9767805175851,337.64185531017006,anodized,4.634239044785678,Laser,2490.692527396126,0.0,0.0,30.011203439907455,75.6824445923941,341.9925522311048,33.53326774434729,0.0,65.22714191897494,22.54391274759766,67.56075316938816,0.8861570982530683,2.6445542855747894,3.0612910721786895,30.0,1.0189367257013797,70.32547380129749,31.563228636751234,5.568864328831331,0.0,0.0,1.651126816189331,4.939745105129411,154.42225135327024,16.966303219722274,45.12726697365035,238,25.326737148050825,75.1416629969758,722,0.7328745876648202,0.4205165389865413,1.841472321468936,0.746623245251825,Good,0
WS_001543,2023-01-17 01:30:00,8,Cu-ETP,Al-1060,486.9312445413879,424.0277232916911,tin_plated,0.9831448939104598,Laser,773.9844364171839,0.0,0.0,59.09722148561553,41.313752294182564,493.3705906755177,2.9293930982964023,0.0,66.4075931007828,23.785130611603787,45.05863619444644,0.14181200862304116,1.7303587357798649,3.72511093886067,46.84659628380215,0.5104578431635062,83.15443865365292,34.214117606728536,5.349778642189122,0.0,0.0,3.106381372280315,1.2473733298053657,114.7656062327029,20.48417086144007,47.663261052405105,463,29.118440250909394,66.94249217826379,597,0.17953201164878685,0.0,1.7422290146536776,0.7131419475474539,Good,0
WS_001546,2023-01-17 02:15:00,18,Cu-ETP,Al-1060,134.44644420254951,269.5599007987993,bare,0.7713540405732993,Laser,2888.8266073571863,0.0,0.0,77.31534811190565,79.84864124551436,79.71792923309549,1.2015449178657707,0.0,54.365847108324836,27.62225195066872,31.829855885745808,0.030095563283821555,1.861667231701568,3.546625195397509,56.88935779890653,0.2,100.48821910478914,27.20294572180819,5.00860393467613,0.0,0.0,12.0,0.30071071652006437,127.50257868910697,5.205489272041021,49.804408280125806,646,33.430986061040414,61.27765550849541,299,7.942951803253266,0.13471024842329593,1.7958473880872325,0.6580879583819114,Good,0
WS_001547,2023-01-17 02:30:00,46,Cu-ETP,Al-6061,323.65466258518734,303.68463409841706,tin_plated,1.0892906750511604,Laser,2844.8473496201354,0.0,0.0,51.713176194269316,31.68683660977459,264.96519488623926,20.073754569221293,0.0,20.48451972634925,27.963670790472783,68.10094551854499,1.2670090622444177,1.584893517284517,2.631559009366439,50.06957710326995,0.2,82.52152874647211,15.0,4.55144878761974,0.0,0.0,4.17565367549486,1.3701751322853764,181.6611880078499,18.48707467261579,50.63846180771835,199,28.595669394019346,57.57430246744266,529,0.0,0.7686635185604846,2.694208003102392,0.6863089187442443,Good,0
WS_001558,2023-01-17 05:15:00,2,Cu-C10100,Al-1100,121.1743742275273,428.6586388658,nickel_plated,0.4374019342769536,Laser,2833.985429780201,0.0,0.0,72.5570575469597,66.59861232521638,61.47955823870737,17.761599380985274,0.0,62.36882754436171,25.867048194872304,68.1809203918428,0.5333924765354355,2.0055685049831062,2.951662106859509,30.0,0.2,116.76765175828531,37.18225220604025,3.0,0.0,0.0,5.494488519867052,0.8118243372110804,140.3246881029045,5.0,52.68313326509935,1002,40.45516778550356,45.44514493970573,487,8.318210856431207,0.0,2.3826164901436173,0.6198001319818671,Good,0
WS_001568,2023-01-17 07:45:00,5,Cu-ETP,Al-3003,324.0463932037394,298.18367716117774,tin_plated,1.024825243922686,Laser,1522.0765412886972,0.0,0.0,15.494927975200682,18.91500678072736,767.756857622373,36.574703361430295,0.0,62.4164596435693,21.532825525747203,57.59939378907781,3.8672683320099606,2.64465793805594,2.9347135716187847,47.80258766736376,0.8539403066624522,79.0263816981757,25.94409570642428,6.747205193275057,0.0,0.0,2.329379433964073,0.592457444510958,124.81762989788015,5.0,46.727758556646805,638,29.36189643105481,70.57366164752656,553,2.919850547793751,0.23731587130656284,2.1951909417194413,0.7137832563617875,Good,0
WS_001573,2023-01-17 09:00:00,6,Cu-110,Al-1100,131.40394738144394,134.8134260366217,tin_plated,1.766837656903599,Laser,1809.700062253441,0.0,0.0,20.602458628928062,64.66315153111337,560.3703137109796,11.205008487392503,0.0,66.41704498720142,20.835253450919854,49.5455221887656,0.34656549277531246,1.9490377100350305,2.9257796729510988,30.0,0.5723004708285258,95.22699275363091,34.851705788117364,6.307217652453931,0.0,0.0,0.9529995654689756,1.6471941340188154,164.65123883963076,6.80205090324649,49.8611093490196,937,33.44090607794699,69.06365176127976,628,7.93621402931773,0.678420615986663,1.8948287530990098,0.6994840356479748,Good,0
WS_001574,2023-01-17 09:15:00,39,Cu-110,Al-1060,452.50322710520464,214.66369937890107,tin_plated,2.391524808521401,Laser,1095.297503373048,0.0,0.0,25.945060920892956,15.96552148805074,63.08699665480524,4.278277821610401,0.0,36.24130403705624,20.623368762985272,69.77241016267033,0.5359396277550272,2.0193926618693867,3.058326817337665,62.83358489033683,0.799785238191725,86.06861076542127,23.28075882342953,4.1639039942917,0.0,0.0,0.20274130250114236,3.15412953034372,186.1843727094858,8.39499215093732,50.32474877821152,1471,33.247309482977506,57.03861451861459,594,7.821897627765132,0.0,1.888046495415322,0.6676595140200106,Good,0
WS_001575,2023-01-17 09:30:00,30,Cu-ETP,Al-6061,131.1515956365163,412.5960973034288,anodized,2.2029429360194044,Laser,2199.1530684926392,0.0,0.0,59.669713427359895,40.8460842880639,175.31012359267248,16.494554018975457,0.0,68.70877504378247,19.594876132061106,47.11861254139443,0.8076443216759223,1.9009799521554638,2.2529172162610345,52.6188183399933,0.5281895888012735,89.73159894709514,27.793607612723363,6.0937958220351,0.0,0.0,6.109537847052318,2.187455881817833,176.01876573195904,14.471985523475615,49.471328065284595,1123,41.06204500619657,61.499738247475634,584,9.343880643392279,0.5807838303070804,1.859873458038701,0.663569835236367,Good,0
WS_001580,2023-01-17 10:45:00,44,Cu-C10100,Al-1100,327.56856233788653,424.40867571689074,tin_plated,4.27874994434542,Laser,738.6682519851176,0.0,0.0,62.433871334861095,87.4374950423211,873.3827917486262,27.643536595857267,0.0,43.908884169138744,27.617330095030937,62.050911885578685,0.6323039465501011,1.9986626102560099,2.864037976919012,82.67348956867669,0.29044719053949164,94.35771499678187,38.32898398301877,7.005848304342846,0.0,0.0,2.4460212163141892,4.12953548709583,113.38570234752328,21.2833727265838,42.653087860793114,611,33.505412724445506,61.946966385209926,326,4.231519506560559,0.23606084991555903,2.372288743243229,0.6684085311348887,Good,0
WS_001589,2023-01-17 13:00:00,35,Cu-C10100,Al-6061,176.42485573854327,413.7766168282916,anodized,3.98318986411335,Laser,648.9164384393305,0.0,0.0,99.2089872057048,44.48391029517411,354.2707511581544,35.58646644816331,0.0,39.48399865853099,25.85499631443292,36.78174923306999,1.5999702459621201,2.060077196113617,2.879098633484151,30.0,0.2787842128098334,115.23069460409974,43.766512637153056,4.206293556902487,0.0,0.0,1.6706974007697595,3.8672267571738077,168.4306644964017,5.0,55.65262863807148,870,45.0659451311338,61.793046062887214,372,3.867136141183826,0.6157781405396408,2.176683270631297,0.6544328171957976,Good,0
WS_001594,2023-01-17 14:15:00,35,Cu-ETP,Al-1060,441.75980533027206,217.72869769249436,nickel_plated,1.1896922633647533,Laser,2922.9181659764636,0.0,0.0,5.139174341573073,40.17660885648229,511.90231422173645,2.5822598392037963,0.0,41.483713585707605,21.477140323170865,48.13437804607875,0.1285454354013834,1.9936068556559525,3.3365181311981935,62.950739253273625,0.685545229233785,91.90066473582222,34.35088973072031,3.9995273798956186,0.0,0.0,5.229975029106528,1.0667363538013699,159.3085021422214,5.0,51.73763363723177,294,28.036408614433967,72.80500803301976,424,0.7301810584867559,0.28523955128529077,1.599781985396888,0.7168554843429024,Good,0
WS_001595,2023-01-17 14:30:00,7,Cu-ETP,Al-1060,399.5996069619828,449.11853003177714,tin_plated,2.9279606908593623,Laser,2747.8177525165293,0.0,0.0,31.40840670773516,33.19343488984998,829.3098855860547,15.025975610395776,0.0,59.2534033608434,18.50476894557178,40.944581995123315,0.9053582830615988,2.241519461019166,2.9817616217751657,73.4719795286486,0.49426343845420284,94.99575008731088,41.14824230606127,4.0839411407340105,0.0,0.0,10.23499462959893,2.842756068837172,193.26070667106072,5.0,50.02082674316267,1935,45.45722494211598,37.24531518576702,579,14.336729263465159,0.22990378777745107,1.496442317247407,0.5866460831822464,Fair,0
WS_001596,2023-01-17 14:45:00,47,Cu-ETP,Al-1100,208.92615887243312,418.7950619035942,nickel_plated,1.3984057872927271,Laser,2144.056484755056,0.0,0.0,13.420569137197312,81.32291629393352,792.8532005546325,41.253654051196,0.0,69.04943906877968,24.280930046150303,59.63124002125772,1.014564059707077,1.9528191079325263,2.2421779604188297,62.52787310707137,0.5692155132693846,97.32058843653647,30.27228492594821,4.717227982400512,0.0,0.0,4.742898709696401,1.4803729339704792,163.24764546692393,5.0,51.386505926255516,127,26.910065096663274,60.45506893906827,420,2.339634049436285,0.0,1.9638524036715206,0.6843857608599827,Good,0
WS_001599,2023-01-17 15:30:00,11,Cu-ETP,Al-1060,468.3025804218935,186.028588586021,bare,0.6299330302649869,Laser,1246.9713466742262,0.0,0.0,66.68983470809242,40.12702892731484,235.44768761214317,24.801946146530923,0.0,46.77473138418327,26.92344635286865,37.838443311051584,1.2361715686180796,1.6264568608220604,2.1735080583102433,58.58779382098348,0.2,97.98033813402844,21.00725176672634,5.398178486229318,0.0,0.0,5.967828438156938,0.45773874644303847,178.51155428266645,10.407726401444895,45.22587574380634,878,32.278886312154874,57.39615608776908,529,10.627951425087174,1.3744080430272545,2.323019436309894,0.6604113184958186,Good,0
WS_001601,2023-01-17 16:00:00,12,Cu-ETP,Al-3003,313.3920834979132,254.01649513616468,bare,4.627379058142157,Laser,2261.1547609197887,0.0,0.0,82.19345748713297,15.100809880282526,154.29027938526295,34.687406248178085,0.0,25.297830180001718,24.09337303052524,62.24696641766021,4.594112040768121,2.2117713358287396,3.6307866873730426,108.64278716667779,1.1230775826804948,54.76874773618417,39.0809307176263,3.0,0.0,0.0,1.8767967524521483,5.0604320395960105,193.99010934419164,5.0,49.97690921848844,893,21.42533082416646,68.33223382606543,760,5.543934663334681,1.0110662424490193,1.6220860388104263,0.7289643775018281,Good,0
WS_001604,2023-01-17 16:45:00,32,Cu-101,Al-1060,422.8428081278051,422.2547701099673,bare,1.7751403224898012,Laser,1622.5874156604755,0.0,0.0,39.360770200377814,71.01369156844888,741.8562474268024,8.431897279902724,0.0,70.25671000004357,26.677905954385864,68.45615220353632,0.23747243929081938,1.578799123182732,3.0399200517587244,70.85270474101117,0.2509153554734158,108.9846867423856,34.82511538801026,5.5283673606099795,0.0,0.0,5.723013754360431,1.7536616258885895,178.17069984616288,5.0,56.46832337644671,646,39.960620293061766,58.41397909107638,360,6.285231737651994,0.0,2.6353496611989446,0.6483092077800008,Good,0
WS_001611,2023-01-17 18:30:00,4,Cu-101,Al-1100,447.81646754368734,461.42372147891274,nickel_plated,2.553457393420038,Laser,2471.9495790426527,0.0,0.0,40.934311597501704,55.94052112086196,935.8611554283026,22.453096533675357,0.0,26.056633391587564,26.76753271769134,36.86027422838674,0.8027489227411541,2.1128376592423197,3.8356792825022663,48.234322727211136,0.2,108.37239334068823,23.126663197795725,4.222772139995147,0.0,0.0,4.415219706299714,2.426004146286085,131.36814712294245,11.75007726689273,44.81049119886562,943,42.65281786405617,58.894256659017046,433,11.837271728381472,0.0,1.7257345444778123,0.6399281970274097,Good,0
WS_001612,2023-01-17 18:45:00,17,Cu-110,Al-1100,405.6382346315517,195.59463510227062,tin_plated,1.9802052125516012,Laser,604.867682660518,0.0,0.0,12.177370328041402,61.58417605457665,824.1321642261461,38.374964888263875,0.0,47.66200183064062,19.836318343324123,34.457072546501536,1.2462605606432247,1.9189782091054093,2.6893982393528653,61.62419937389859,0.2,105.05469333141473,25.010124090311404,5.1392937365327676,0.0,0.0,9.734024255714221,1.6935008386632389,128.18223152240404,5.0,53.07423895348226,1214,47.555821707241435,50.51421864972253,288,11.578195873438224,0.0,1.5410593904527252,0.6024426968007474,Good,0
WS_001617,2023-01-17 20:00:00,39,Cu-C10100,Al-1100,179.86789521625866,228.54798229634815,bare,1.4523168649888352,Laser,2638.258303867658,0.0,0.0,91.7433769149342,42.0343954019669,649.8053759706535,3.2033588896139435,0.0,47.92773404483027,26.966263353065038,31.660233595036754,0.152416080163915,1.817229825014203,3.737659183701883,30.0,0.8410210124788597,83.23852787220514,25.590491568553823,5.496828995704359,0.0,0.0,6.398061149337646,1.5562541208535015,184.38161619194503,5.0,57.81679840815827,1003,25.261457386560373,67.9177433378264,606,5.2833137676009585,0.39172526332799407,0.9341018365797492,0.7123959589504736,Good,0
WS_001624,2023-01-17 21:45:00,34,Cu-ETP,Al-3003,316.3308255886159,119.96899426535164,bare,4.9006311529236735,Laser,992.9896613259791,0.0,0.0,55.11757263385426,25.634269288686042,110.21565148453297,37.77402193008066,0.0,72.29444215601839,22.239356533659027,47.34329400135999,2.9471502779876486,1.8805242049432949,2.7383890751323827,45.02518669426213,0.2,111.95396584895012,35.19707087349509,6.223572815676158,0.0,0.0,9.050517140254048,5.42917348878138,100.0,31.885954201157254,46.870271068193,1213,42.900140023905905,48.16608016632237,347,12.176367448537786,0.9019941833925328,2.4853310451272717,0.6063676347472721,Good,0
WS_001632,2023-01-17 23:45:00,37,Cu-C10100,Al-6061,155.35903438724984,464.3007250952589,tin_plated,3.2264361856203543,Laser,897.1438399627789,0.0,0.0,56.46439078672444,59.20443513502523,229.88799911147987,29.06555646296543,0.0,54.00194356048176,24.010148669588325,52.27827965687544,0.9818709154703277,1.6605470504235837,3.315416692273904,81.36030975000433,0.9326870739812252,88.94720116582427,48.46743011404318,7.25729347289364,0.0,0.0,8.344633102051041,3.0312449184216663,100.0,5.0,52.762073954889296,991,29.61585821304778,68.5619201386376,727,3.618225471472492,0.0,1.6791880736500782,0.7186635069346781,Good,0
WS_001636,2023-01-18 00:45:00,37,Cu-C10100,Al-3003,235.199512411396,252.44373040331314,bare,3.1277994585061566,Laser,1402.0464613583258,0.0,0.0,80.44709666346995,47.9346820154767,321.03497700513776,22.31097612613453,0.0,55.53531822208618,25.20990616923509,31.705876593178182,0.9308907533351727,1.9181896010078654,2.615994360184037,83.67353054621637,0.2421849536446523,109.47400367604718,23.687961134298924,7.204955527878689,0.0,0.0,4.631035065601032,3.464534186837627,170.1801172948818,19.61312135104211,45.13285671212531,398,38.36327151042475,58.3407644561512,358,0.0,0.7517708379716429,1.5543025380007112,0.6621736705414074,Good,0
WS_001637,2023-01-18 01:00:00,21,Cu-101,Al-6061,462.7466309359344,345.4848727416912,tin_plated,1.4511566768666784,Laser,2044.3208318674897,0.0,0.0,98.0193603623665,85.4925701520822,227.73381959554692,4.138526285971421,0.0,35.839504831919434,26.28130390391274,39.75831750191695,0.09681604561915551,2.5985443758081876,3.5849552609802147,50.803675497530605,0.3035977818842227,114.69262180983145,30.56030015538334,6.700604122554763,0.0,0.0,3.3742534528060437,1.9718178077514146,172.03629734134864,9.081585773651762,48.16333405011756,519,43.99864891579641,66.43673030434776,563,1.627930836373292,0.25854891529088453,1.648545512402364,0.6845748154023081,Good,0
WS_001644,2023-01-18 02:45:00,2,Cu-110,Al-6061,457.8990283325204,390.9169908958274,anodized,2.8391150433666708,Laser,2513.080692124605,0.0,0.0,77.68092778259242,34.71529013340698,955.1217121705714,25.94847437683264,0.0,29.67092391967392,22.720315707880054,60.3194012561819,1.4949305782619446,1.9466210534348103,3.554791353657062,30.0,0.9928070420112458,78.34210960600765,21.91690304749716,5.261480437985956,0.0,0.0,10.347846758131816,2.1395928933005606,111.3436643205223,5.0,50.026609387300006,421,27.596562885961102,72.77627516981393,785,1.686309898368691,0.0,1.6264471984886721,0.7397173458694852,Good,0
WS_001646,2023-01-18 03:15:00,4,Cu-C10100,Al-1060,264.23947889530666,140.06773049493194,anodized,1.0272530236514232,Laser,2218.891852672007,0.0,0.0,45.262905212861554,36.254739148963665,913.8706951012668,2.8775117360252103,0.0,33.15935041892255,19.855620714266195,51.31442823739422,0.15873851549184093,1.5931015887973001,3.5167200005654458,30.0,0.9206238279545207,76.1871104479511,29.660540519951436,7.263646723573309,0.0,0.0,3.762595386343359,0.8013375289193106,124.64780455244629,12.126479714296485,54.75982734459465,1864,36.48673441929839,57.063323892772466,499,12.788384999019641,0.0,1.7875823954668664,0.6472166528964883,Good,0
WS_001651,2023-01-18 04:30:00,47,Cu-C10100,Al-1060,135.50930678249307,243.6773609556726,tin_plated,2.6616500919519446,Laser,2344.3148365871148,0.0,0.0,38.64710634581897,93.3582714906267,983.7712602296269,2.244637190738073,0.0,56.631964442847774,23.760185160907866,46.23278748867023,0.048086519917272405,2.120761135913431,2.187167652547309,49.4044290491689,0.45791898366129874,89.908440178236,41.43543868615732,3.0,0.0,0.0,4.282854342367733,3.302178201476982,184.3215121367083,17.560021823202028,58.797926272678694,612,27.41721148543438,67.90111181042491,464,8.883843266107704,0.14610857156785345,2.008615310098064,0.6929030895072921,Good,0
WS_001663,2023-01-18 07:30:00,15,Cu-ETP,Al-1060,238.68750449436448,351.8564936929829,nickel_plated,2.8134035980557033,Laser,1498.7714832179163,0.0,0.0,18.775387252466878,97.85397611127534,626.8519725643974,41.944215750269784,0.0,46.49705025463812,20.785090656063453,60.10858223049334,0.8572817869469631,2.156272627875016,3.3792472449291595,30.0,0.8654258679243265,92.2134529369774,28.775505233435727,4.041127038272844,0.0,0.0,0.9674432237555384,3.543267713717336,131.21836530690763,17.86646543395741,43.51477657553518,1223,43.25131593171175,52.594866736463885,660,6.976192472520382,0.30691305613657943,2.0289408348515146,0.6475298320576163,Good,0
WS_001664,2023-01-18 07:45:00,35,Cu-C10100,Al-3003,398.5808515428456,418.0562890046089,anodized,0.699587660953519,Laser,1449.1930197635268,0.0,0.0,64.84430749768907,64.24533314566773,830.4900759251083,1.464684398350383,0.0,29.755691236823253,26.931369254605926,34.11534182832797,0.04559660061313423,1.832254775261914,2.9923053150374987,62.0547209970961,0.5203340818699363,94.14822544620148,28.54587029192668,4.392037176770423,0.0,0.0,0.06561790110827638,0.1,113.17353349395515,7.662129203638658,51.046112684422404,1383,41.1108994417617,59.34114453252816,635,12.270423168059342,0.0,1.4733821117345165,0.6560128020618999,Good,0
WS_001668,2023-01-18 08:45:00,27,Cu-101,Al-3003,397.77686713502146,433.22277650568543,tin_plated,1.9792239631004946,Laser,1153.7362217996792,0.0,0.0,52.120135856808204,26.557458466945032,544.0975104977856,21.38581283393361,0.0,39.083604229153124,20.8785046849927,36.19130871443967,1.6105315846056312,2.20622584857013,3.8358722287684537,41.390928790751516,0.9219046655191672,75.35656880262212,37.724548009481495,6.695219968497613,0.0,0.0,3.885001546443937,1.6518643005441258,175.70040226122023,5.0,52.943835585259215,948,27.09541444717616,66.81460857129596,683,6.005671748138527,0.7966548237707498,1.071334703069831,0.7106660985630492,Good,0
WS_001675,2023-01-18 10:30:00,37,Cu-101,Al-3003,152.68381408254203,114.75731556430726,bare,1.003990598105549,Laser,2226.16485945346,0.0,0.0,37.8575827262975,22.69270677562853,942.5634284790874,30.520677639595135,0.0,70.47235990149062,26.72222269205298,34.659165994322876,2.689910722538721,2.1875469219364203,4.079411057474724,55.00673890740195,0.36546000914494986,105.53094970910172,40.86939615043191,3.875641870530661,0.0,0.0,1.0551072407833408,0.8658652003967524,128.49448289056875,5.0,48.77736222134688,1363,42.686183872493174,57.99939589973726,443,12.02469940792681,0.0,1.2467928969397288,0.6379562358840739,Good,0
WS_001677,2023-01-18 11:00:00,20,Cu-C10100,Al-3003,353.51331389891504,223.82774089529258,bare,2.658991932677732,Laser,2049.943515949857,0.0,0.0,98.29459790412149,66.62211456978739,56.4035354096138,17.991446071535727,0.0,46.08805094355502,25.2157637222433,33.811300503378476,0.5401043238484871,1.7415453269507495,4.039732679857151,30.004493816775014,0.49997027533461885,86.13073712651156,32.4268506033613,4.11323673599561,0.0,0.0,3.3103718238435804,1.573385679902434,191.51547076843028,5.210357189659661,51.360865085297014,1220,41.04038205564106,58.97223512805603,594,12.88413598218302,0.0,1.1983852357586897,0.6513122597700853,Good,0
WS_001678,2023-01-18 11:15:00,29,Cu-C10100,Al-1060,201.28046534799068,346.7536287865579,tin_plated,0.361320870209086,Laser,926.290896361704,0.0,0.0,15.612666799729764,74.4205872951564,213.02793226010226,33.30721834854188,0.0,35.18781221666071,20.638495376149724,53.90235896300483,0.8951076458572816,1.8751165664151435,3.879128386193519,69.48792810931562,0.8061712029235897,87.85247546378987,40.21700692372903,4.050291765729597,0.0,0.0,2.928103906307976,0.5389869918121288,136.0142569406195,13.951831873394676,46.743060515210416,888,26.49531518222514,72.16567493735616,582,5.1062204654874375,0.5836548670247398,1.7094734569087546,0.7198970511972637,Good,0
WS_001680,2023-01-18 11:45:00,16,Cu-110,Al-1100,311.0318489701401,187.30779314135444,tin_plated,2.762137465818269,Laser,1552.083009315168,0.0,0.0,21.204297554588262,14.260310992824243,868.1865149456871,27.35178813125279,0.0,52.911854561445296,24.0497981299161,55.11280563104688,3.8360717581848176,1.9317047026944554,3.1818016327533853,45.470587015237484,0.9762469374274239,75.10030172848701,35.30427024587172,5.246215540681953,0.0,0.0,0.18587926812304476,3.333368499017407,132.78802431032125,6.822259986904494,46.21651974291043,1039,28.126026278463566,71.28019317268937,774,0.3332573585062706,0.0,1.3905593777816667,0.7369865859668288,Good,0
WS_001698,2023-01-18 16:15:00,28,Cu-C10100,Al-1060,242.21191886080305,470.86993509439554,anodized,1.6973898008244532,Laser,2862.981048648272,0.0,0.0,12.218269327707674,67.61143774484918,758.1430469427771,37.01689350949521,0.0,28.916861761208125,18.502033882154045,54.72540046913111,1.0949890948685013,2.135612988828607,2.0692754008364096,57.36098127643228,0.2,110.97392745758114,31.634295948811975,3.0,0.0,0.0,4.014765912722777,2.0934831539019942,136.75895760511042,24.986132661723396,53.06669185452037,155,30.547108704029146,61.89714586851447,299,1.9878808840955722,0.0,2.554220665616789,0.6751282582908966,Good,0
WS_001701,2023-01-18 17:00:00,50,Cu-101,Al-3003,328.4851671006069,152.77193030152432,nickel_plated,0.20888113364769795,Laser,1945.2423273200645,0.0,0.0,16.070617956252,16.266028440274038,611.4764061611688,19.04483292116232,0.0,74.96296037597125,18.690562607784848,42.87413599164658,2.3416696941225155,2.251663302036061,3.161627111101856,57.4524308272256,0.647545480312047,66.27164195782927,22.468382421009476,9.37220909892946,0.0,0.0,3.6427583611453054,0.5326537775382776,131.61397584271447,10.301703841688386,40.48945287163698,1946,41.86314516434053,51.38480036884053,444,15.05479130435156,0.0,1.6027775763300216,0.6170395494799313,Good,0
WS_001702,2023-01-18 17:15:00,35,Cu-110,Al-1100,398.1590956566158,298.2036709322553,bare,1.7512172999621283,Laser,2358.050626006516,0.0,0.0,79.75195875534422,58.957863216385704,192.1227161838146,40.33514674044725,0.0,69.04876836572745,21.388548019879476,30.304555333610736,1.3682703049264247,2.1178149900737546,2.0,51.87734523527398,0.6022476475147241,98.48122437103835,29.742826537306513,6.250555028310533,0.0,0.0,4.17274351841462,2.124097617923429,184.803316659221,6.013261651279264,48.30688724093625,685,40.104992764473145,65.2733181840336,408,6.967452471404876,0.37067366944301366,1.6322098404270766,0.66716183292949,Good,0
WS_001705,2023-01-18 18:00:00,31,Cu-C10100,Al-6061,283.7384040691291,159.35415128699105,tin_plated,2.2017523891828956,Laser,708.809262544867,0.0,0.0,17.95543319315501,27.1533395303358,350.7896490367941,35.2294902316271,0.0,36.27886476257214,21.92286262471538,46.91221629274546,2.594855059523607,1.8631812750228667,2.5650511334882027,34.43331622731781,0.355605759191025,96.52650886503856,38.04696841884505,5.13090897412385,0.0,0.0,1.1437365798811927,1.9620185906958965,151.45670626077376,10.888538575433367,53.28477630445537,282,29.899826232971744,62.50689900062784,397,6.179014830856168,0.04972901000654731,1.8376645173277502,0.6762985220109233,Good,0
WS_001709,2023-01-18 19:00:00,17,Cu-ETP,Al-3003,364.58648212946076,250.09645299876593,anodized,2.1676499649828345,Laser,2353.0345242623416,0.0,0.0,33.51186816881902,92.0818003733173,558.0426388325418,12.206551720356243,0.0,23.19225211146197,27.8322728343059,49.91125117893121,0.26512408903536944,1.5951014438057427,3.2588363451733287,72.76316853071907,0.2,100.03408895334266,18.749675907899746,6.805779953478652,0.0,0.0,2.5776101758134917,2.206891540941445,150.16769106864405,25.782869414262333,39.11788761817539,172,43.17952941093325,58.371891094582736,446,0.0,0.0,2.2321155675473237,0.6608937669533902,Good,0
WS_001711,2023-01-18 19:30:00,46,Cu-101,Al-1060,139.41874056517696,442.5070614096325,tin_plated,0.2735529690762324,Laser,2957.473024312462,0.0,0.0,53.96461141052526,20.227050077520634,300.0484074366279,33.67301585634361,0.0,23.490128470407388,23.050704798386406,52.69313706626804,3.329503385544704,2.566824481460408,3.6389362961309386,61.94462344064551,1.0548382649561157,84.46723160919248,19.831061340994697,6.633213359249631,0.0,0.0,2.542952484054256,0.2813356746662812,207.50913602628282,5.0,46.04901427831636,1534,19.68524714078915,52.85302914285847,597,10.74301785915144,0.39720179232193004,1.0128298027247011,0.6722615436600535,Good,0
WS_001717,2023-01-18 21:00:00,23,Cu-ETP,Al-1100,135.73596091674673,130.38411478596674,anodized,4.370826039662648,Laser,2006.0684798854697,0.0,0.0,18.00235149896036,95.61554166567782,477.43146817914993,35.75409303133558,0.0,23.715214592984545,27.96458426252046,44.4420517366943,0.747871996716824,1.8457585082771983,3.516063730831355,66.62082703371115,1.1047699952540322,65.93182464069022,28.45150394122917,3.0,0.0,0.0,0.10865152618305637,4.901723645725465,184.35597713191765,5.0,51.374754499012106,590,17.688925466348692,81.9875351466543,670,7.648369617783002,0.0,1.054815120620635,0.7587614233004362,Good,0
WS_001738,2023-01-19 02:15:00,37,Cu-C10100,Al-1060,101.53211620012902,357.75846491274626,anodized,0.7808350861194672,Laser,2754.5203436059346,0.0,0.0,94.64219909266882,83.38971218391728,577.9012656510864,26.632829375138165,0.0,21.328607909964393,19.803717067771547,34.1384827968681,0.6387557572185656,2.1405247073872755,2.0,30.0,0.5332730163208824,94.28552432221535,31.078559603636908,5.39416874946349,0.0,0.0,0.23965409555608794,0.13983113635522249,105.59576995236037,18.856995535046266,52.310559261881465,814,23.330004944695062,61.09636211492057,384,7.81361005184551,1.2807798486520883,1.3593131587141536,0.6786953790230484,Good,0
WS_001739,2023-01-19 02:30:00,46,Cu-C10100,Al-1100,195.24993730159952,385.62173226218295,nickel_plated,4.5819855310703375,Laser,2772.835188892113,0.0,0.0,69.1143297586,38.64466228927145,621.5853479783298,24.661514058509695,0.0,21.12137847309414,24.435415049232855,54.397276968481385,1.2763218823809588,2.053815381460899,3.273279983689039,60.41933149184263,0.2,112.44504307006386,24.802083802454185,6.076865351844541,0.0,0.0,2.0476401411599827,4.052185285173098,159.93879749037794,10.706031803243167,47.38169241506801,188,37.89562453115647,51.25390475867179,335,8.073413330609615,0.6391669796600594,2.2023359786549888,0.628487008438385,Good,0
WS_001740,2023-01-19 02:45:00,31,Cu-C10100,Al-1100,475.37905616416305,217.04509096938614,tin_plated,4.650748570161018,Laser,1745.8877307515788,0.0,0.0,70.20575394981303,26.499566960639452,367.69123909283076,41.291877833659626,0.0,67.51896993349402,19.923870225856383,55.444706277585055,3.1164190641297354,1.9953473116236555,2.5948738786201972,30.0,0.9709338448496667,76.4218851748533,23.293556516499454,5.188360341145192,0.0,0.0,5.023735084141563,4.515721417722975,176.26273602509252,11.991016298530765,42.43114774131785,844,27.19216145996883,65.35962554171871,653,5.554736045508237,0.0,1.7865133301456688,0.7057290249123488,Good,0
WS_001741,2023-01-19 03:00:00,24,Cu-ETP,Al-1060,168.43438674286483,228.93332472018946,nickel_plated,3.4487902930482184,Laser,1116.7096634688933,0.0,0.0,95.16043729090694,96.73601919654634,644.5821740522455,22.55239248949806,0.0,30.06681990438922,27.48670151197794,43.59529700972644,0.46626670555207683,2.201975163092129,3.064225673931025,33.788976373332204,1.2408500446445956,75.67006770277676,38.597649188631955,8.511505271580653,0.0,0.0,9.786378279958932,3.1826314205583026,155.8987276335429,5.0,52.1502748531863,107,21.685838395430018,84.91500127630724,713,0.0,0.0,1.393573157228327,0.7772920789309564,Good,0
WS_001745,2023-01-19 04:00:00,21,Cu-110,Al-1100,290.84392707757047,425.62077056857186,anodized,4.973805692494739,Laser,1777.3720330490753,0.0,0.0,50.950735739018256,21.657986109322287,820.490794736137,2.0462927494711938,0.0,45.06581504519171,21.03638523969889,58.695020704188494,0.18896426834352842,1.3187030041345038,2.822033048239462,65.2492165741153,0.2,113.8389809737607,27.778146909037826,5.160576834414374,0.0,0.0,1.3318646893578827,5.755046802041966,149.7428632568752,7.3706839328279,51.60730942847284,1890,51.37222311372305,49.83552672315181,480,18.567441129255897,0.0,2.8437214102547355,0.5947165300199401,Fair,0
WS_001750,2023-01-19 05:15:00,14,Cu-C10100,Al-3003,263.15769471207614,145.7165143347426,anodized,3.1020401110447957,Laser,1918.5101050164972,0.0,0.0,49.9626200436792,46.11650937659197,657.5268067230303,27.20798661356602,0.0,33.390205871002955,26.906905241422045,45.8010032908175,1.1799673037429141,2.2795647877506147,2.366603285457092,67.84545759107195,0.32084890933827503,86.29408914643162,48.96090049745651,3.0,0.0,0.0,7.369904431132054,4.19748825235246,181.82396515151436,15.500231629083183,36.56052038319872,164,32.160561559565096,72.04298979232412,456,0.0,0.35106529378606693,2.4949540965859995,0.7122666321414626,Good,0
WS_001754,2023-01-19 06:15:00,5,Cu-C10100,Al-3003,134.58300284806091,186.24362523287618,anodized,2.3698963128706594,Laser,1948.916239884723,0.0,0.0,56.29756544967178,24.702086054226378,378.28081523357264,16.33186470567683,0.0,64.18840071495532,18.37515246925696,63.883592783903225,1.3223065185527152,1.901269010931808,3.498596946101609,47.671435453490076,1.3909863817046784,71.6578713803421,25.880967028212247,4.4958954172046495,0.0,0.0,1.2494549325567426,2.441519854927491,134.03168094800398,20.37088385144042,55.96518564704385,1170,22.538000375958994,73.10407693677043,802,3.9705806634438825,0.0,1.253715804612223,0.7449750197006969,Good,1
WS_001756,2023-01-19 06:45:00,9,Cu-ETP,Al-6061,279.8333411681049,303.15768381251104,anodized,1.8496240798911998,Laser,582.3929871635781,0.0,0.0,54.770142077310666,81.03779112219519,283.12236193730666,28.536128113289053,0.0,37.9536470083698,22.03264183139867,49.93227284930659,0.7042671750581163,1.7471618435281013,4.001514764711272,75.98790518243251,1.1519605528909964,58.79281923395165,33.187556746145916,5.698311768656722,0.0,0.0,0.9481347363131647,0.6212649494277862,188.00771647768426,22.735718147620375,60.0,377,14.426213869139087,81.01303858201172,794,1.7985900954276373,1.1978610675080024,2.052439678881436,0.7804542525557271,Good,0
WS_001757,2023-01-19 07:00:00,43,Cu-101,Al-6061,434.7453688906369,424.08233980133423,bare,4.302325748864565,Laser,1514.9797060234475,0.0,0.0,39.70228972659476,65.32636454882405,994.0075666364894,10.630766946685744,0.0,74.31028511132743,20.0458347050203,69.97597635970504,0.3254663571165192,1.6419522845370529,3.2366291920630887,31.04705070607451,0.2,102.31119679347043,27.555420803691877,7.594301208118649,0.0,0.0,0.9260543183463638,4.72766503928879,156.8283656862364,5.0,49.12488875492284,1947,37.39055657086492,47.181893225891294,468,16.634494403549517,0.5187300264321191,3.048032922943329,0.6118792212017755,Good,0
WS_001766,2023-01-19 09:15:00,44,Cu-ETP,Al-1060,462.30271625457914,353.62020332268776,bare,4.422047533133232,Laser,2638.034065590003,0.0,0.0,97.49887782975871,96.09027751727024,179.44572930678171,25.795207578068446,0.0,51.991374972643484,27.90177847909871,56.48329898494304,0.5368952665046116,1.8029879009001184,3.7199015149256396,44.410959288408066,1.804097893963059,54.08416735196505,31.977296008054594,3.0,0.0,0.0,0.6164415281879801,4.95023156952985,116.97995304319602,15.531899123721637,58.14207054808747,993,7.626556731259296,84.18960064937468,1181,1.4147266380026668,0.0,1.0954615413185207,0.825114887413626,Excellent,1
WS_001767,2023-01-19 09:30:00,17,Cu-110,Al-3003,490.03486788307254,202.79437514151243,tin_plated,0.2579778129831168,Laser,1602.4465695737701,0.0,0.0,81.4536259288455,51.282119534636735,553.5780274145493,47.693981130886826,0.0,62.79584375718914,26.82101423687918,31.4203614148688,1.860062788499745,1.9619300511527213,2.830960015983262,40.8486245752696,0.3886736696601542,103.77915160488784,40.28610334531749,6.317076642584087,0.0,0.0,2.146080359884123,0.3475899938862354,138.47411113434313,6.381245190699047,52.729348545129355,1904,36.05702966268713,42.11955214105034,422,13.22067232051732,0.0,1.922347294116736,0.6045579085909585,Good,0
WS_001769,2023-01-19 10:00:00,44,Cu-C10100,Al-1100,452.5190182456367,104.09354256350301,bare,3.3117819372345054,Laser,2481.0959184990143,0.0,0.0,87.2681882529431,10.882980724872414,608.452841630028,47.4631883311767,0.0,57.02027333967541,19.509832534610343,35.01705520083137,8.722461158587254,2.4758064589023268,4.20379235538842,45.23368180859318,0.2,100.98656252521498,43.458388011437954,7.103080474116999,0.0,0.0,3.20779548556739,3.071922323162181,188.99170948219432,30.40227635438837,51.43647062605026,1480,36.464462191176295,50.74921982868959,320,22.471393020919457,0.07141282452803252,1.941271757550033,0.6013758277040688,Good,0
WS_001771,2023-01-19 10:30:00,50,Cu-C10100,Al-1060,145.13621780675376,103.33989500550787,bare,2.5230620285000187,Laser,2377.3775396326446,0.0,0.0,82.46089761036352,96.82713022275264,870.5004249969941,36.13385266687354,0.0,26.71336057908641,19.80182204065303,64.87100959404236,0.7463580214294677,1.6999295610303375,3.010091755752165,83.59864107458499,0.2,96.62081497413641,38.03705710230934,3.0,0.0,0.0,0.45301776035150637,2.0070824130519123,134.10322546869966,10.626065668969572,42.96973816379518,1592,41.81816792699958,52.051068730397205,461,16.667389409502068,0.0,3.0033757266517482,0.6168823981260106,Good,0
WS_001774,2023-01-19 11:15:00,1,Cu-ETP,Al-3003,165.8923584324247,188.48860567291968,nickel_plated,1.2484207733786483,Laser,2427.5729514512977,0.0,0.0,40.391164611718665,92.16132835099086,409.92334518694037,43.992650437727285,0.0,63.58195167195458,18.477791361950935,31.597638775502105,0.9546878549793452,1.5579735804188717,2.795487897348881,38.88302478752382,0.2,100.63596948785526,21.679543021733274,8.32085961635949,0.0,0.0,2.455079615873531,1.0409133197589646,127.88552552795728,12.362476679212332,53.6633257131552,920,42.36790146695091,60.08509135096161,341,6.679595349067534,0.0,1.4195412505081773,0.6468699682308093,Good,0
WS_001775,2023-01-19 11:30:00,9,Cu-C10100,Al-1060,271.93250300520106,494.7186376719587,tin_plated,2.043075336170714,Laser,1516.7686774294775,0.0,0.0,6.932673978353353,69.95769467564887,390.4070990253931,19.41466400165094,0.0,51.67549674692156,20.91292302726504,58.88028179434086,0.5550401308009044,2.3956001165999856,2.823713677847336,49.89403642115213,0.40210848651737097,90.0083710669011,30.20077151903686,3.722848765191676,0.0,0.0,11.7788784115562,2.065280229271758,195.92376719913932,8.956919664454212,50.97512979964232,769,33.21526157452879,57.36695806684918,483,3.9263695737714213,0.0,1.8245862646001831,0.6684325598545083,Good,0
WS_001779,2023-01-19 12:30:00,32,Cu-ETP,Al-1100,495.711978042554,443.18298215900336,bare,0.32104387804993006,Laser,2798.1893943780033,0.0,0.0,43.26551936788218,24.989360480702473,318.6574187840256,19.32602046852949,0.0,76.46837710703727,18.855435141941395,36.507741737174236,1.5467399002430346,2.333397254467248,3.216159510717677,30.0,1.5673587105151894,55.92657081930139,29.231573285067125,8.242883808663588,0.0,0.0,7.251252896234409,0.11826837322635111,104.5369937476118,23.755825752322057,44.49160972823694,1669,8.419388888095014,68.98957375677927,878,0.0,0.0,0.7774285692100856,0.768378184393139,Good,0
WS_001786,2023-01-19 14:15:00,50,Cu-ETP,Al-6061,449.89882939558987,448.3241699102472,tin_plated,3.8731926468424045,Laser,2251.8039182754824,0.0,0.0,16.497889167859377,70.24706876504342,886.0209269901309,32.730742136192035,0.0,22.34583319587708,25.91244391188706,34.381929480074604,0.9318749582467878,1.771247589528743,3.3679489712284094,66.94480689583688,0.7110987373595283,76.35028991384898,27.295084939484788,7.249334541683369,0.0,0.0,0.8815291195604081,2.7521418266301962,122.28461470401396,9.259222314028953,50.933637629470276,618,27.165661449414834,60.36017223008549,481,4.176530930638732,0.21153930979623353,1.140848747466781,0.6843876095728104,Good,0
WS_001787,2023-01-19 14:30:00,28,Cu-ETP,Al-6061,475.4877207911452,448.04218333764175,bare,3.2117502439921974,Laser,1805.404240546926,0.0,0.0,6.6258856578555765,67.2506598631748,475.89841394230416,36.54840676602194,0.0,54.50471268232353,18.636904746555143,35.992662918790415,1.0869308000956928,1.8460028410421618,3.2704096461151955,30.0,0.2,96.41358184777552,33.508209173231805,5.629948553344575,0.0,0.0,0.1279981325636767,3.131672720110343,134.19839466366014,14.925288572596962,55.819604599676595,436,32.695067377262184,68.51129652191449,407,3.0010033143332127,0.0,2.177747689766705,0.6937420923578514,Good,0
WS_001788,2023-01-19 14:45:00,41,Cu-ETP,Al-3003,422.0373507198105,331.5746237628013,bare,1.2622523205562841,Laser,651.1306641197116,0.0,0.0,45.477819740947794,40.89049775518272,161.77078003378955,6.828125015837995,0.0,64.83227377764632,21.571720674148693,64.72580612311555,0.3339712349171663,2.632506018259967,3.9665067940753795,60.32816549040086,0.2,112.72633764029248,30.041909376827277,6.35463162161879,0.0,0.0,0.05918738659099261,1.757061500191588,142.13778990355905,5.0,50.86129675079244,276,31.741314552918176,64.70306003304083,495,3.395263443746316,0.33549551035508596,2.986925096609745,0.6907795592962005,Good,0
WS_001789,2023-01-19 15:00:00,13,Cu-101,Al-1060,440.23207892263974,271.9425476444849,bare,4.382824980271704,Laser,946.6049764639486,0.0,0.0,53.576517704985676,88.43388550409941,420.165132569767,39.1791436787841,0.0,76.5021880823801,27.77485184519707,66.9073349259741,0.8860663184807802,2.303058593121656,3.0263936445971003,30.0,0.7861067079108983,90.58618725606557,29.000883706078135,7.850036244713662,0.0,0.0,9.886153794036009,4.524280211206106,180.49517895662115,5.0,50.696649595262706,1931,31.754167220245844,50.986108653733616,670,18.417409045978324,0.0,1.8740220633314673,0.6399680455094225,Good,0
WS_001791,2023-01-19 15:30:00,28,Cu-101,Al-6061,430.35529057072586,427.2848005481853,anodized,3.735165376975084,Laser,855.3274842301365,0.0,0.0,97.36117943673811,54.74827024056688,71.57840568718476,43.24909460923822,0.0,67.652040695443,23.311794334059552,63.389275379128726,1.5799255179825533,1.319216424470552,3.1815090288648324,64.47046276795747,0.9462174127140713,75.63585594698546,32.475780540065166,6.6568674618157235,0.0,0.0,1.9917572010257638,3.766413421696814,100.0,14.188092554435395,49.807274361136905,830,21.165723848336178,70.57194233726051,492,0.0,0.7288916174650495,2.3561162887906386,0.7274812700706469,Good,0
WS_001797,2023-01-19 17:00:00,1,Cu-C10100,Al-3003,484.64457690177875,190.01615961767976,anodized,2.538864144742533,Laser,1245.0921519927451,0.0,0.0,36.77320744543053,19.104718710375703,504.1944040633319,32.55224404265893,0.0,34.68149327780846,26.806092255155882,42.93017257431811,3.4077700421707777,2.0376702213220987,3.407135127295134,31.499077656257718,0.6200791901957907,93.71255345472086,39.37235287925832,6.3132658406392,0.0,0.0,1.7184631016127883,2.1046701436929203,124.77086598784226,7.947950124195483,50.63110663406632,862,26.774309618594984,69.26367439472448,426,8.386522743815908,0.0,1.56538028681321,0.6956729914142638,Good,0
WS_001798,2023-01-19 17:15:00,39,Cu-110,Al-1060,225.13785120226726,290.7180895601533,anodized,2.9447784155948598,Laser,2710.3449082207867,0.0,0.0,13.414877693345739,84.67255584395693,209.29645270341368,4.597192585145226,0.0,58.63677432203885,26.18317640416751,53.368475554062655,0.10858754738943734,1.7810592369381646,2.3351602727185097,46.41527654522523,0.45484744380286657,87.14356851521609,29.13569592839358,3.3148778946731703,0.0,0.0,8.703550453833397,3.2583054696392333,150.54306325271838,5.0,45.19630183473981,1544,40.93330763497145,52.597674196192976,477,15.777058714221184,0.0,2.0746802207644905,0.6223122389488606,Good,0
WS_001800,2023-01-19 17:45:00,22,Cu-101,Al-1060,310.7268664201654,258.030530155277,tin_plated,4.2130763850830775,Laser,2970.5373822894535,0.0,0.0,37.26260935340804,51.50155143875152,416.7668126524687,2.6820402442886833,0.0,54.93992557167417,21.81711298980922,52.996581556524546,0.10415376505611926,1.9468323261052476,2.77573168887984,46.38571120756701,0.5306327845578769,96.12488496150755,32.29125810251132,4.89899034946509,0.0,0.0,0.6516735056495815,4.980935560312013,167.5955209685537,6.084713028422285,49.464756855986124,1563,29.95704633351318,61.48876433534424,533,10.347337493288656,0.09027811247452157,2.2119637359066164,0.674918416871508,Good,0
WS_001801,2023-01-19 18:00:00,28,Cu-C10100,Al-6061,122.83963137807055,170.854181917201,anodized,3.835856146064045,Laser,1329.6590260834023,0.0,0.0,29.02865198656446,11.707853518756364,786.1705680111314,44.85562507469665,0.0,73.09898923274427,22.40410423622046,58.26905370883864,7.662484844525339,1.888162069767915,2.0,31.94900037923179,0.9079830076680943,73.16530769360796,37.85296172999287,3.1631158877234777,0.0,0.0,0.4517942328261618,3.7824884629896283,171.1670870225843,12.380651627181066,50.3708837976933,1020,36.775381631736806,59.20288339065957,604,11.412813356654608,0.0,1.4849728451442776,0.661711777651983,Good,0
WS_001803,2023-01-19 18:30:00,8,Cu-C10100,Al-6061,187.75575567849853,249.38568671708882,nickel_plated,4.986032254815018,Laser,733.8971545884947,0.0,0.0,17.789627014804125,36.83180116743799,830.7186002428881,6.602211592642305,0.0,35.144865772444376,24.53911704180426,33.4877713569951,0.3585060400727371,2.184032618949225,3.6743028731062464,53.07792215663991,0.28140050617694723,93.29721411263442,34.47508822340384,3.0,0.0,0.0,0.7988621007524057,4.504389857580121,165.34589247166886,5.0,55.231539425823904,1494,38.896746997507954,51.86186331714905,380,20.269231668760312,0.7576266335561124,1.75597018168734,0.6086380617510184,Good,0
WS_001805,2023-01-19 19:00:00,20,Cu-101,Al-6061,273.3003729236111,497.9252117215089,anodized,3.7037405332095648,Laser,929.3082832434388,0.0,0.0,59.08221541913275,25.897106730692045,589.2388301706559,49.306378055415,0.0,69.76209107709782,26.801680559214994,65.59440749661026,3.807867694886501,1.9378723372346873,2.1956746032405343,100.14499431935133,1.0107934273167671,77.68013617573449,45.25960550001467,6.743922641022973,0.0,0.0,4.143453330691605,3.722553407375361,133.86033766205182,10.657438350998257,53.555794834816325,1432,28.439133021156614,56.06297587094586,748,3.6338726425868746,0.5768807778439141,2.01190415472661,0.690551895607446,Good,0
WS_001809,2023-01-19 20:00:00,48,Cu-ETP,Al-3003,233.48168303025196,112.07680613487545,nickel_plated,4.489830801630981,Laser,928.3925475365711,0.0,0.0,85.59631887892236,47.63844474536056,179.96188166798487,42.58624194625735,0.0,68.81494598107608,25.763309917067787,39.961691425821705,1.7878938816702141,1.6174045724455046,2.118658910388488,70.80097425853494,0.2468970268500424,100.68205408115821,45.27736677803253,3.0,0.0,0.0,8.805137922505416,4.088971013827089,129.02526050397688,11.617956719729616,58.99817739282482,279,39.273473690084785,56.2110381650419,316,0.8162882755569827,0.11354622540762085,2.1285900406550198,0.6511535110274749,Good,0
WS_001810,2023-01-19 20:15:00,5,Cu-110,Al-3003,226.58751362459944,142.13355769798574,bare,3.017731865268442,Laser,2924.0508529785716,0.0,0.0,82.34238462377668,37.31825888578619,421.0186838879365,15.27226507591557,0.0,36.59261767375845,26.257798389116463,46.367994575049224,0.8184875464129695,2.097728767985598,3.7092800938348054,57.19480037756894,0.8241031007637392,82.33468337081466,24.668940438966214,5.8322034117402435,0.0,0.0,1.5635095675286337,2.941480339930137,173.66513479920226,20.59970770283376,50.76609937348901,1915,32.99298552164593,53.162766915044614,675,12.254436313106599,0.0,2.1305085871248854,0.6554403709180677,Good,0
WS_001820,2023-01-19 22:45:00,49,Cu-C10100,Al-6061,383.91402008958903,223.8212677610603,nickel_plated,4.981138873597669,Laser,942.4004200760976,0.0,0.0,9.749393662967066,96.20196323949875,646.8111206764371,27.64180290469062,0.0,69.62370441953755,27.336643819747223,55.1284747016967,0.5746619294218605,2.140539806014144,3.6549566510623643,30.0,0.43451641209100844,100.7851773739155,30.15749701564759,5.400828416394961,0.0,0.0,1.2532298128218111,4.547898954841762,151.01021514132515,5.85551341834424,50.925622863303644,322,27.61574441217482,55.679048588269794,487,1.673473831446724,0.0,1.4914895891329145,0.6771029080851163,Good,0
WS_001821,2023-01-19 23:00:00,9,Cu-C10100,Al-1060,292.8900921349306,468.85253021176413,anodized,2.43528207670621,Laser,2971.905344341567,0.0,0.0,32.96426534140886,74.62621924273947,555.9035371109861,8.686450152794414,0.0,22.485432005443972,24.499793229697815,46.8313207170603,0.23279888063308357,1.6746765067385243,3.5532099399158605,35.64569788323883,0.26369415370500865,94.83463676508472,31.61071230006317,5.013002410366715,0.0,0.0,0.003103045587681614,2.705306001262138,181.1793898964124,5.0,46.15156695124508,1082,27.28557378857382,49.92258822006876,469,8.858175594284129,0.0,1.7019804072647977,0.6485356972946951,Good,0
WS_001824,2023-01-19 23:45:00,22,Cu-ETP,Al-3003,486.30817755371487,415.9648006811382,bare,0.2288427592750949,Laser,1596.9060571672842,0.0,0.0,62.431416528111896,42.85127564732851,549.7051334281645,20.960494197443392,0.0,27.843341248138337,24.300125101230698,62.03479886027204,0.9782903253546498,1.5628806986665067,2.737773571849012,32.74052704470901,0.9109280509829574,65.05020619189031,30.750660822444335,4.841354208031437,0.0,0.0,3.6582757775468444,0.713144124207457,157.73245219466165,5.0,53.37533981601608,1148,24.4982824763777,78.37659664645335,677,12.167402441041425,0.0,2.023879271955397,0.7315135216579475,Good,0
WS_001827,2023-01-20 00:30:00,47,Cu-110,Al-3003,178.89706646680673,235.88581753443373,bare,0.1674469973434599,Laser,755.3027483205891,0.0,0.0,64.44590288850031,82.10812689342556,224.03771545856176,10.246250842971294,0.0,38.938796764593135,18.725244475239823,39.385368569813096,0.24957945652007602,1.5733639960335528,2.9036530107247605,77.39653282584464,1.1698063242638295,93.38061147586431,21.764949489863945,7.643538568147484,0.0,0.0,7.133797867959679,0.5788208812011296,128.68831922781203,9.341687172252094,49.41005524411182,239,16.133780841524423,78.34229000918558,650,1.2772450393325856,0.0,1.0625517835268095,0.762593552645262,Good,0
WS_001829,2023-01-20 01:00:00,39,Cu-110,Al-3003,370.4372136658307,165.89641534530875,nickel_plated,0.4704477855839274,Laser,1301.7276142315936,0.0,0.0,78.84825597398097,41.649482180797634,737.3357910783229,41.34944574625767,0.0,70.16016249678393,22.058877663504486,42.599353018696775,1.9855923090117893,1.5659431367827792,3.7340214400771514,30.0,0.2,94.81095429453154,20.59221388613257,7.5389513901387035,0.0,0.0,1.4340770264925498,1.4173206386434885,183.94486720116,25.8760350681587,42.03399744544285,704,40.32397983235949,51.86919039503633,416,4.773253245087146,0.0,2.2130785612476713,0.6379704897378464,Good,0
WS_001841,2023-01-20 04:00:00,4,Cu-110,Al-1100,465.89973149106413,104.91626446226836,anodized,4.245200890572762,Laser,749.7327063438893,0.0,0.0,56.44017968519996,39.36350759203596,318.0939525242179,23.043988521020236,0.0,22.6599488012048,22.359216609905488,61.97816474748673,1.170830036786788,1.9280645991204004,2.5025783638192944,46.00918079353231,0.5092424107845444,85.29520514483166,18.45913835948832,3.0,0.0,0.0,12.0,4.506655443787438,105.44998659450266,7.893641581317379,46.25277356813475,146,31.660941312997558,56.97884305897692,556,0.0,0.0,1.8753576348241265,0.6820223623446127,Good,0
WS_001846,2023-01-20 05:15:00,11,Cu-C10100,Al-6061,177.4495239181843,125.21346099990463,anodized,3.2858013093364544,Laser,550.0581716722015,0.0,0.0,96.61196963606729,57.32409156380582,141.2355577745293,2.360194391814226,0.0,69.32392464652095,27.462872805663636,37.513126354118015,0.08234563609916645,2.1295733812348216,3.1992864770799336,30.0,0.2,115.97292830687347,25.28815178566063,3.0,0.0,0.0,0.7654278732404511,3.0088911901185007,151.2812634017406,11.25018731923751,50.06206274650228,1541,48.87187388050109,47.99450421385265,409,20.665834177912792,0.0,2.1383824829268328,0.5851966772969601,Fair,0
WS_001848,2023-01-20 05:45:00,1,Cu-ETP,Al-3003,279.5405462608012,425.6273149546723,bare,2.9582703433944775,Laser,1429.3074947651098,0.0,0.0,46.39821155137621,25.2012586605807,598.6360606573361,24.56311195560628,0.0,25.234082130130705,22.981750058913295,65.14310832294905,1.949355965623051,2.0974358893132576,3.6006973748143727,62.31843278050046,1.0774501347619854,78.98874539660738,26.908296179415373,3.2508708449469133,0.0,0.0,9.728365906332424,3.07596444497268,141.90402954240028,15.643032477411234,51.83788133357772,997,28.53268520044557,65.35886451471485,513,8.879243377657605,0.3225070336995471,1.6446203573712028,0.6881495521530107,Good,0
WS_001856,2023-01-20 07:45:00,23,Cu-110,Al-1060,230.80270739844084,148.0010998467552,tin_plated,4.235876030656964,Laser,952.1450414501332,0.0,0.0,95.95912815850816,45.37842507058812,144.12309047739583,7.993969437295178,0.0,23.72975795868896,27.815468332841476,66.38303148128283,0.35232467521119165,1.7029248506902566,3.4509702778596414,46.800970103240736,1.7747580070988094,69.54845166382509,25.3828545305154,8.647823117594472,0.0,0.0,12.0,4.619827624634462,106.3323726392972,5.0,43.3056373262087,1822,6.953898624516004,63.703094785552636,689,4.102922119270611,0.7362379227319406,1.2758050814564097,0.7370672433868085,Good,0
WS_001860,2023-01-20 08:45:00,16,Cu-101,Al-3003,353.55578473297675,403.25168259873794,bare,0.5319577568362658,Laser,1038.3235125086717,0.0,0.0,85.42636894351905,97.8958991216223,828.9114584836818,22.91472612302919,0.0,71.77350936373634,25.209541426341094,44.54924973635893,0.468144760477878,1.780213128948681,2.763492368252708,38.20842165683678,0.2988196279815219,89.056758106406,38.989308686355784,6.820109991468469,0.0,0.0,4.0150526531170305,0.9187164905903877,158.24358140557467,5.2907763675965676,56.59314315804831,1398,40.201946956066955,49.975200212248204,527,12.328154837849619,0.8581951713505337,2.1933502784357235,0.6266531231088853,Good,0
WS_001862,2023-01-20 09:15:00,24,Cu-110,Al-6061,463.6022355342812,105.93206497268315,tin_plated,4.275450326134993,Laser,1397.4022865857182,0.0,0.0,31.795859440513368,35.16599526891805,610.5070331383436,49.92386510206969,0.0,78.95303493714349,20.51431963164405,57.584706568569565,2.8393261570046096,2.1228583575598647,3.018928943243914,46.13301652287044,1.4193733976609577,69.14096215695781,17.922280106121992,6.3327859848936265,0.0,0.0,1.8775757128748527,4.518761672235002,173.4201561801198,5.0,51.39683413082659,694,17.155173117023413,85.91288302120854,981,0.0,0.18511289593547262,0.8916133627543051,0.8044494478774862,Excellent,1
WS_001863,2023-01-20 09:30:00,14,Cu-C10100,Al-1060,483.10666327048904,423.64128672921845,anodized,3.6791378423330876,Laser,780.1776264001828,0.0,0.0,58.074455283174316,41.801380377952576,604.0583041472183,28.811704927340156,0.0,23.229199827654988,27.796708469272623,48.71683004298674,1.3785049520774388,1.9728984353458705,3.3300441194874284,37.59208819555595,0.2,110.99380906030589,45.98205315471703,4.202514794776174,0.0,0.0,2.065844917367924,3.4575628973612758,206.3988259641541,18.33011776179168,49.32111215566003,1830,49.00876217519518,39.05446165358537,309,22.111936743035944,0.6960382381245869,2.179534609314636,0.5532631294779783,Fair,0
WS_001864,2023-01-20 09:45:00,17,Cu-110,Al-1060,131.08496735669019,475.3848212498675,anodized,3.523214999454493,Laser,1855.641822858904,0.0,0.0,34.938632076740404,49.61626969153214,821.4037424288522,7.041754980279942,0.0,58.4958263631408,23.657102377839003,34.170096595337185,0.28384862562457963,1.871210648894548,3.5851903810723456,47.00281636655701,0.2,96.25406795930357,15.0,5.3200173856126245,0.0,0.0,1.0163509063138185,3.7159482806027198,146.96827421173072,21.021699364936612,48.611285001199434,1172,43.98522368483329,49.44847491856393,414,16.10516139217587,0.07741542756279055,1.2532409137320677,0.6050461741588301,Good,0
WS_001867,2023-01-20 10:30:00,17,Cu-110,Al-3003,257.1356305925609,132.5116419363551,tin_plated,4.794756291606665,Laser,2580.164938705225,0.0,0.0,50.48049595106193,51.94522164869539,769.6681143115164,37.928653049359596,0.0,55.08649871999164,25.555259946501128,65.90006054406952,1.460332706090674,2.0074406642261455,3.1239600472987172,47.96665556287327,0.7279239170326506,75.41704991679651,33.46146268466185,3.0,0.0,0.0,0.14854024898424978,4.620029809742518,154.23934073096345,9.65056045214397,45.0129139585064,446,28.521335806976108,70.13441329289581,564,1.7633199832773827,0.02436543124867266,2.062905277078922,0.7168478045531302,Good,0
WS_001868,2023-01-20 10:45:00,42,Cu-101,Al-1100,171.86048718213675,108.33809592308032,bare,0.41264324607988156,Laser,2341.5588358179075,0.0,0.0,86.63755453844277,90.14874266175372,481.84964547808187,44.125398083654275,0.0,43.63531452168031,27.033899761835436,33.83249390582582,0.9789465006565157,2.2747716700575955,2.968651811964293,62.55241289170049,0.8546853022839878,73.1094993743969,22.505253306409383,6.4856089143734685,0.0,0.0,1.0907320691025264,0.46306358022811084,145.63483417283305,8.143846185822758,48.77677458499929,1259,29.656806304810935,52.873238541854306,472,10.86145993539968,0.0,1.3553236623524465,0.6487993161852116,Good,0
WS_001872,2023-01-20 11:45:00,8,Cu-101,Al-1060,133.16583255779247,259.21726964163827,nickel_plated,3.738593542638035,Laser,2344.0974400488094,0.0,0.0,82.44860127203552,99.44144169734095,679.78822764283,19.536286069034293,0.0,25.59572269077945,27.46384585496021,36.78815166046439,0.3929204109589391,1.7052127227393403,2.8725068436072063,53.08951086261058,0.3885680324877373,97.68042334765978,30.87695823082269,6.739715856440562,0.0,0.0,2.7317845735344206,4.279816693773776,100.0,21.414440257703582,45.288625296443044,1590,33.992352619764645,52.992469930108676,357,16.004270223949142,0.8341222739682159,1.8004109305462408,0.62528463922572,Good,0
WS_001877,2023-01-20 13:00:00,25,Cu-101,Al-6061,177.13584357689825,421.24966647161546,bare,3.9091283331316893,Laser,1113.8856250484796,0.0,0.0,80.93549006088631,10.716451116903228,263.15669581622967,2.306228521718344,0.0,72.67024778964173,19.583461895103426,51.19268755768342,0.4304090032344184,2.469034321851933,3.36704570889078,39.55524302987766,0.2,73.23616281379668,31.97348931056881,3.0,0.0,0.0,12.0,4.582529939654954,170.05184103189248,12.62914810749879,53.05065115692747,609,28.50200121713132,52.92292352615521,307,7.917834103261483,0.0,2.314617579974592,0.6451750347127424,Good,0
WS_001883,2023-01-20 14:30:00,46,Cu-101,Al-1060,228.67454748052376,167.88937589914917,anodized,4.518056471074516,Laser,1254.483107338351,0.0,0.0,76.15306516291359,80.41055119644257,100.13319847772286,2.249872299731945,0.0,37.10016379706178,22.780481071451963,56.775098602216374,0.055959628836159035,1.7499118530038058,3.1560784736759375,30.0,0.46198458019585936,100.92701382251042,35.73159406628943,4.856319534965229,0.0,0.0,0.9083031883652524,4.4478662520221075,147.57414941378843,9.537296285305835,51.47385227938007,823,36.1238590831477,63.89013981357753,378,3.808131376505562,0.0,2.280086276614061,0.6735993145782743,Good,0
WS_001891,2023-01-20 16:30:00,33,Cu-110,Al-6061,284.2330202778667,369.86959680926475,nickel_plated,4.486221078961466,Laser,2201.5909811168317,0.0,0.0,46.300500808107564,68.24774550647027,294.67481642812606,21.269623059641084,0.0,41.78210298240286,26.79297994870258,65.14992452731077,0.6233062470209981,1.869818954677482,3.5511565273184704,41.12365958354479,0.7118439156320188,87.62126369895533,26.780022361063356,3.900227215101813,0.0,0.0,4.742918558981916,4.306626628906076,198.89321366498493,17.88986732313539,42.022595264561815,1322,26.65530848347261,61.481495192873936,677,9.518973630025837,0.0,1.8583092106025383,0.6910060330340108,Good,0
WS_001896,2023-01-20 17:45:00,26,Cu-C10100,Al-1100,458.49449965845326,218.32534510054387,nickel_plated,3.0181984360391807,Laser,2158.786856983338,0.0,0.0,95.55701115460072,31.23520992034811,558.7180115969527,7.406358299020883,0.0,26.39164002576343,27.254153604245822,45.268972911200265,0.47423137657199005,2.0042694583175793,2.7014986344585505,49.865494492328175,0.7942483153310547,73.61817326141933,28.707209826416108,3.103313809098417,0.0,0.0,0.536925255990024,3.653495321817392,160.2995577051261,5.0,51.56376126042023,1920,39.23319495726044,46.72358260260413,675,13.161425936894167,0.3544937421206815,1.4700815172662312,0.6282814904389431,Good,0
WS_001901,2023-01-20 19:00:00,33,Cu-ETP,Al-3003,191.88651347329267,126.01838309485625,tin_plated,3.647974466772976,Laser,2348.5144267956275,0.0,0.0,92.04114624282876,47.493379871485466,730.8730771460873,41.15391061585761,0.0,75.46869630766318,24.523816875228377,54.11663627000294,1.733037771883908,2.281803871863719,3.041165870052606,34.95381737330183,0.2,113.89631898862596,22.902978749360383,6.191554637926372,0.0,0.0,0.12318307791868126,3.0528913116373486,161.03196013304446,17.492775580963187,40.42247253803506,1258,37.96905436027462,51.764175692237586,459,16.057255105172317,0.01325331841525805,2.5353588670479077,0.6229495043679839,Good,0
WS_001908,2023-01-20 20:45:00,36,Cu-101,Al-6061,420.7655811344506,291.15092226122306,anodized,1.529793768946254,Laser,2088.300976713991,0.0,0.0,81.0468869265371,25.79038206207982,923.2794638783824,32.95734847143275,0.0,34.96972275351832,25.954293316705847,51.7100911099906,2.55578598192934,1.5983415142491346,3.4720837582517357,44.546613392728446,0.7005575517638809,84.23504980250334,31.676956498421834,3.0,0.0,0.0,5.84923629190333,2.1478722176485596,168.03872125332248,21.672094376324885,44.39074656433994,212,30.09384263166416,71.86501666119783,426,3.599982665490601,0.030452809587727905,1.5750732493292605,0.7061718102077034,Good,0
WS_001911,2023-01-20 21:30:00,2,Cu-ETP,Al-1060,266.42826816347446,470.6228460567352,nickel_plated,2.88497751835321,Laser,1570.0778263730426,0.0,0.0,14.777701483665911,87.52149919887658,257.2585266914262,23.967554626094802,0.0,67.6719155932283,18.139684521388943,52.194464921447036,0.5476952484927828,2.283730997871828,3.455612475549953,81.67942094085262,0.2,102.63113602857834,30.523628237281972,3.712784490140603,0.0,0.0,0.11355522254310542,2.9931805753217233,104.2824168885916,5.0,49.61335943878358,1548,30.404976900537186,49.12635976406167,294,16.710184841055597,1.0860004017348324,2.8623241335731646,0.615476837482369,Good,0
WS_001913,2023-01-20 22:00:00,13,Cu-110,Al-1060,180.22586383522795,181.26157487598724,nickel_plated,2.5977770169074597,Laser,1566.6230514276338,0.0,0.0,13.800463958724496,42.50949569811853,296.72552609733464,11.762675112048907,0.0,45.71515676851156,19.539666359756705,41.572089912878724,0.5534140040419028,2.2430479317865513,3.1860048671850247,95.06468014751138,1.7496328633708236,52.57682152040832,34.84764372044308,4.775959446012393,0.0,0.0,12.0,2.3759701455837496,154.18827222875288,8.476777426334436,47.883386180102804,1957,13.021789564208543,70.98489901543377,1090,0.1815476991711238,0.21089413500206292,0.8148604266362921,0.7802558279229924,Good,1
WS_001914,2023-01-20 22:15:00,36,Cu-110,Al-3003,186.1437131418434,467.8413677685746,anodized,1.903126043994769,Laser,1900.868007310504,0.0,0.0,71.03996349653136,96.97378131949596,374.26399564821793,2.3239024839347984,0.0,42.37394001187633,22.952571194177743,32.15661356311455,0.047928469990838496,1.8764117913798957,2.953482455709418,80.40464600063589,1.3822044188193878,56.10051510435481,45.927406718785875,8.146534674484696,0.0,0.0,3.357004459529345,2.0289563341504206,133.94631588273324,19.196108617744546,53.749430967282116,1369,16.799003128530973,61.67420360017403,824,6.7280426504917115,0.0,0.36800960761451074,0.7213052576712999,Good,0
WS_001916,2023-01-20 22:45:00,13,Cu-110,Al-3003,169.10292731243493,495.67366574643836,anodized,2.1704134389363863,Laser,2581.052138561774,0.0,0.0,25.615045622376403,99.32452092064655,69.65424869998489,12.824544456769063,0.0,66.82155451114104,19.136885314420613,37.04988668600957,0.2582352139813489,2.162071963336573,2.0,62.44772313945739,0.7281999633352644,91.02726322177035,38.352874339215035,3.7657213073241196,0.0,0.0,1.1894367022019374,2.3263688521033434,122.28011341944567,15.70373732766429,52.35493161756554,1268,32.78021622742762,64.02805688219887,634,12.204018156726072,0.594298250473626,1.0561615307340295,0.680283950487161,Good,0
WS_001919,2023-01-20 23:30:00,32,Cu-C10100,Al-1060,346.1391362514297,197.87447524930903,anodized,1.005348443264649,Laser,1529.0557417041964,0.0,0.0,48.50651502474466,56.252966777625275,667.332082095918,11.688273944044903,0.0,52.003599149057024,22.644684814730585,42.7085553423424,0.41556115574312913,1.850019478486085,2.3652062477704314,58.535942182059806,1.3643777421282675,52.58712817565055,20.358825528029197,4.35480984177559,0.0,0.0,12.0,0.6941355355834692,157.58897312014778,36.5916528983198,49.659989857155445,131,9.826851495245771,88.70061520421415,610,3.5409984787988504,0.04987737046250893,0.4141124710525039,0.7910385552865854,Good,0
WS_001920,2023-01-20 23:45:00,35,Cu-101,Al-1100,264.7786194449055,436.8998340796936,bare,3.4386913203447427,Laser,1917.431109916979,0.0,0.0,52.48395949095154,57.22857586191248,954.9658883492335,21.40405019863224,0.0,46.66314127039662,27.92494425788923,63.44277225172388,0.748019669414047,1.7248316551748069,3.2131712651466,32.07283840441603,0.8544396259835201,96.41296534230445,30.244241069824522,3.0,0.0,0.0,3.0818251219027464,3.3512050173647987,132.4910496972073,12.866340745579272,55.50831658046636,918,23.83810683108918,67.61789470088445,439,2.0090433974931283,0.0,2.1069586846461803,0.7087872868019444,Good,0
WS_001921,2023-01-21 00:00:00,41,Cu-C10100,Al-1100,473.7643178284859,429.2113235183058,nickel_plated,4.630759091653829,Laser,1132.9490820231506,0.0,0.0,10.399988953469089,40.38260120033944,825.3968122803212,38.17858445411596,0.0,62.34726398358333,20.293466591130155,38.47010754592537,1.8908432502755692,1.936767747697858,3.8891770885706647,81.0073305833341,0.8923661140888659,89.41237626321828,41.72474229754018,6.274422907286718,0.0,0.0,4.316295573988475,4.657983005183463,168.64758384257334,12.487980031871405,51.161738760095474,1056,18.488961522486058,65.96664962251477,463,10.473064963351685,0.0,0.9720915386236284,0.69841285163294,Good,0
WS_001940,2023-01-21 04:45:00,5,Cu-C10100,Al-1100,224.01360960498002,293.73716090884994,nickel_plated,4.435665506213791,Laser,1473.5874161961347,0.0,0.0,24.526480598817596,70.48225199079087,135.74012359905652,19.076879878123734,0.0,72.51670698745501,18.972049953544445,38.71931685222353,0.5413243572471633,2.0861099120577813,2.8746528422016953,43.144234957529356,1.1625722940229255,79.6793149574206,37.00002481221029,6.19427593998628,0.0,0.0,12.0,4.045993725542167,173.8590599470612,11.297905411912996,55.103075582503465,1932,19.535229874735627,62.77241988497563,550,17.004171742291277,0.0,1.3373652116068533,0.6824120495502062,Good,0
WS_001942,2023-01-21 05:15:00,16,Cu-ETP,Al-1100,446.8608604004488,151.57492216792687,anodized,2.9474317563226764,Laser,2017.6506698083858,0.0,0.0,9.981284254126045,69.42731022722104,501.42873108183824,36.87624037283522,0.0,65.96512184299245,23.738384485335736,38.328590557496284,1.0622978263783232,2.123174326997952,3.7906537592029004,58.93757988873411,0.2196548613543981,103.80610697187421,18.60445525161804,4.691453134050824,0.0,0.0,1.4817746643681513,2.2802644002026167,138.61589152132316,24.428744145757385,44.56765676268416,1993,47.420521659339414,45.141669499946076,521,22.662423681603634,0.0,1.345822848009401,0.5839646801911825,Fair,0
WS_001945,2023-01-21 06:00:00,18,Cu-101,Al-3003,326.5291520666128,469.84501293318874,anodized,1.2523341717105978,Laser,1289.4907469100576,0.0,0.0,73.92255523075603,65.14824167579022,632.3433318374883,2.480087483543664,0.0,64.96283960158107,18.900915824331562,62.21703956236461,0.07613674351752431,2.6294997243369593,2.913236021686549,70.46017769923125,0.2,85.05774043902784,25.288180557709776,3.0,0.0,0.0,3.2011381596360855,1.3464825557071731,152.0418542113131,5.0,50.70940853622554,381,40.52766382877827,54.01797550780532,481,0.0,0.0,3.2592778689693316,0.6563201096930126,Good,0
WS_001951,2023-01-21 07:30:00,18,Cu-ETP,Al-1100,401.0908551303904,497.34911526406995,bare,1.9816736456632031,Laser,2919.5655871089507,0.0,0.0,67.52888588688562,29.31061777304132,104.3575633200499,11.925692065911385,0.0,38.72823882631393,22.844438097364808,49.63270161059329,0.8137455278667062,1.3521205523488957,3.6338596948106847,51.937987455976106,1.3111078288039848,70.17689341624106,24.001818364450394,6.475428233776148,0.0,0.0,2.464157553117653,3.485778572110707,161.35172252164833,5.0,53.279979862736525,1158,21.167131689315646,64.8504699069645,524,1.8655823486281635,0.0,0.9717111217808657,0.7118108436630933,Good,0
WS_001952,2023-01-21 07:45:00,44,Cu-C10100,Al-6061,289.50931700576916,152.6282847515705,anodized,3.1539689808947173,Laser,1872.6054520556547,0.0,0.0,36.49076533808184,42.80850416063685,219.73004506464363,6.450720988485348,0.0,52.14421294791987,21.55509099762977,34.54506979157592,0.3013756782661374,1.4505673191623778,2.9716778766536445,31.138345773269652,0.5388358899335681,84.6014850388207,41.02362347262717,6.190992945704171,0.0,0.0,2.3944263431217685,2.3865889400563285,145.1675301517321,11.357181916857641,52.27260440629675,355,31.43220845372021,70.14928597335623,597,4.079695247332119,0.6121286299791823,1.44207889756136,0.7103754736640624,Good,0
WS_001955,2023-01-21 08:30:00,9,Cu-C10100,Al-3003,427.7592923865971,432.8903134015622,anodized,2.8671701419550746,Laser,2985.046729535973,0.0,0.0,71.95634686723723,56.61216484370937,814.4701567977285,36.94557979011025,0.0,78.51013713103615,25.489224227793436,60.221878100862,1.3052169932772169,2.0399441381646075,3.7988269569415105,30.257987955289536,0.2688490234173331,100.62280207618782,36.52147442243711,3.073215934378408,0.0,0.0,0.3542740976337649,3.6928832002299714,175.335605452447,7.497008495802538,40.655353751631004,1736,45.08071821518687,47.750811029338074,318,18.274973864409066,0.4141619268824486,2.410073795072494,0.5886903742547979,Fair,0
WS_001959,2023-01-21 09:30:00,24,Cu-101,Al-1100,381.0518305751663,304.40190541783477,anodized,1.3311699009889228,Laser,2224.0432894611768,0.0,0.0,41.590232075276866,72.03797273449533,982.7694223799546,29.044200076646945,0.0,49.38627544117574,26.99405661976335,56.00413961270445,0.8063580629536276,1.887489723376479,4.093551353486565,73.7266140955734,0.8195403855730904,95.73856324461991,30.018765323597936,3.029149167669955,0.0,0.0,1.7396525955685234,1.401446574270926,140.95316474441796,9.901469162770471,45.192640200589516,1277,34.92859485565711,63.361147230611245,582,5.76756159670118,0.46832651970516714,1.4344861840551526,0.6839957977992277,Good,0
WS_001960,2023-01-21 09:45:00,30,Cu-C10100,Al-1060,482.3920235304289,465.52591933448497,bare,0.5488009673078967,Laser,2281.3139671914096,0.0,0.0,90.71531041523107,86.88599188721433,865.1271765455333,18.616921214498884,0.0,32.298285905816016,24.311555395195846,32.36805276077622,0.4285367712361571,2.186873696857331,2.727879373304821,49.97308421014753,0.6545056227092807,86.74069602549679,37.26202707761191,7.435577524309834,0.0,0.0,1.28213284572561,0.5302437212054532,183.10964237225076,5.0,51.80672134343437,286,22.050836680864055,74.42604620620456,500,2.3997481112004704,0.0,1.8769205963448332,0.7318226661190478,Good,0
WS_001962,2023-01-21 10:15:00,35,Cu-101,Al-1100,259.88782038977104,438.8629828012431,bare,3.887374347762803,Laser,1634.965494725392,0.0,0.0,30.62812313295209,33.031363854668996,737.2741674428169,25.277032491285592,0.0,44.383644450278034,22.308445941220697,52.263475549225674,1.5304867581307984,2.4547093468109282,2.7988944226741825,65.02360040516243,0.5854497725804627,88.36771234256375,38.6840298539072,4.733820421212209,0.0,0.0,0.43076332614289903,4.4188743415160525,118.22209338412732,5.0,52.985544492558006,382,36.024109841454816,78.71535309844342,378,10.296927329939352,0.43346598828989813,1.8853585513766573,0.69864547924029,Good,0
WS_001964,2023-01-21 10:45:00,20,Cu-110,Al-1060,356.84409401020844,178.4862604681181,tin_plated,3.0935453516613416,Laser,2055.594396060763,0.0,0.0,61.81616867582864,17.022620080462914,853.9456815814008,30.66141845269941,0.0,45.53497124216074,21.442645793973718,57.27656268807054,3.602432329191195,1.7284077045658033,2.0876888307414756,65.53800748526412,0.5004967681009309,99.92357467339423,30.413280261429414,7.2002227719112195,0.0,0.0,5.722424069646626,2.900537578798763,100.0,11.139316144437364,48.80942997366085,1182,41.63784072952082,52.91506081575125,444,10.949400737137376,0.0,2.3732541557267908,0.6289007645629643,Good,0
WS_001965,2023-01-21 11:00:00,17,Cu-101,Al-1100,219.26014251062225,319.2480259927274,bare,4.277251195009446,Laser,2674.6488717679213,0.0,0.0,85.59874088727831,59.132682133752795,915.242384445866,43.514143333165556,0.0,55.17142128775556,19.42818923869716,55.393856374603374,1.471745970688104,1.8669449674736804,3.829776986817069,45.02585221317335,0.2,100.15691011107009,40.12000022048686,4.3270088075062425,0.0,0.0,3.9002499032218183,3.8664869730019196,142.63063214935997,5.0,49.049359710284556,513,44.91951665060962,53.76458606076215,403,10.626075029224122,0.0,2.6639621080181257,0.6239749661628623,Good,0
WS_001981,2023-01-21 15:00:00,24,Cu-101,Al-1100,177.6515081783889,156.73153147506994,tin_plated,1.7632668081131841,Laser,2222.5187771126975,0.0,0.0,98.34442901522688,97.96004045962255,367.9507035479619,24.37695090143443,0.0,44.46457664365469,24.22000153312951,45.38264929940974,0.4976917279139384,2.142014019854205,2.4587176775677255,30.0,0.556151750462179,99.88484565003293,26.285280130228564,5.686853579665455,0.0,0.0,2.7981648833172965,1.4799951052560638,164.67713317864187,10.112365227324887,54.256450953324816,1529,42.31469113935606,50.12168151653401,355,13.841897763477213,0.0,1.8477806029566468,0.6095452754424479,Good,0
WS_001988,2023-01-21 16:45:00,33,Cu-ETP,Al-1100,288.282378926375,170.08971694644612,anodized,0.976003808997387,Laser,2455.87111057126,0.0,0.0,86.73259081021202,58.97163064637664,445.9509861555896,48.814416590262795,0.0,76.14189245633756,20.778250860402323,52.434405005879725,1.6555220215285693,1.977142445379246,3.0919976673935143,88.88319935151382,0.6871742385895104,90.90163984920298,23.411957100351334,3.0,0.0,0.0,2.163884507480379,0.6929375661026219,175.31577970998143,18.72082279378798,53.487683230638595,1716,23.096996449784026,58.26952876114752,596,12.893343367219147,0.4190261372082198,1.7724471365300758,0.6765866417479901,Good,0
WS_001993,2023-01-21 18:00:00,39,Cu-C10100,Al-1060,195.97956148945252,484.00506290108746,tin_plated,4.092019445988075,Laser,2130.68138598506,0.0,0.0,61.10733150477819,35.84426458902139,655.2606263716834,42.195725040479886,0.0,57.200900043653604,19.84234991031226,66.00235191008649,2.3543920079980585,2.0370370943889258,2.832673035730665,60.65168770710873,0.2,93.82313493877598,25.490829608328063,3.0,0.0,0.0,5.352727522920535,3.1821531591000607,151.66301512104195,15.408922698785425,53.29086065024152,426,38.968419979443404,47.88395127934209,387,4.932953169103406,0.0,2.574326077488615,0.6278079610371211,Good,0
WS_001997,2023-01-21 19:00:00,1,Cu-110,Al-6061,366.81474285014156,449.46746226053256,bare,4.4647140383440584,Laser,1497.0389746484852,0.0,0.0,30.250474981439726,92.4176565087526,274.67165558954645,41.899031962337816,0.0,74.3283328609365,24.091638053915897,63.329399028616436,0.9067321883101349,1.6925319312404374,2.508265475642018,30.0,1.6312784009536019,53.75943224942141,35.50394268001553,5.856537881261472,0.0,0.0,2.2364750294313116,4.350109821769253,109.87018489688658,13.480084743804666,51.377508234772755,893,17.936998246859325,86.236652938316,873,6.101647280537016,0.6761947645848939,0.922996611063811,0.785445546324494,Good,1
WS_002001,2023-01-21 20:00:00,1,Cu-C10100,Al-6061,115.51978189155498,361.7225286136224,bare,0.9112105808959999,Laser,2420.7064990710405,0.0,0.0,15.03134124210716,78.59994644528794,93.47908049275586,4.645700828696046,0.0,44.04855730047696,21.814920718950063,30.806222094401537,0.11821129755933962,1.897712178108571,3.334434611061761,43.16512800047743,0.4033273319519466,108.40472695989467,17.75347616827215,5.9196334598155484,0.0,0.0,3.8174335240643678,0.8356394293590923,185.8080650544318,7.547852050345936,44.027169635980634,263,25.659340409420317,68.2114083040981,511,2.670355804417736,0.0,1.5393617604403589,0.7110992596794982,Good,0
WS_002008,2023-01-21 21:45:00,28,Cu-C10100,Al-1060,100.09640187405383,447.92494632556924,bare,4.457754298905097,Laser,2805.8096164626877,0.0,0.0,78.2430368209576,94.47592139329471,76.74518243905193,4.2338041470907335,0.0,40.54691025136141,22.13143600990584,53.1224672580922,0.08962715757945963,2.1271917309105177,2.316683977677667,35.77544185527009,0.2,110.26504425270532,45.23180348065819,4.537573826104485,0.0,0.0,1.3026464967305187,5.241764018856451,136.19301040803614,10.051312694323492,49.79138245925174,1849,50.82802326288201,46.9701628273611,481,22.209852658780555,0.31745460967085876,2.166272553310922,0.5816065651055329,Fair,0
WS_002011,2023-01-21 22:30:00,34,Cu-C10100,Al-3003,200.1931786999054,483.9337525595507,bare,2.789082330612435,Laser,1383.3584909064884,0.0,0.0,10.226302924253947,71.39606734597064,314.52428015196847,3.9372171951463306,0.0,49.37714264785647,25.85480229954028,68.70580864568754,0.11029227075119942,1.923245172755448,2.2273629603232905,36.324759885099525,0.2,84.05667279819288,35.21337952485365,3.7113707833583245,0.0,0.0,0.16292744259964267,1.7042592840287658,100.0,8.599519371846258,50.60577186470597,1404,44.93131923663773,52.83165847272879,289,23.137458580919283,0.47924221446418586,3.229837886079586,0.5905660991543084,Fair,0
WS_002012,2023-01-21 22:45:00,34,Cu-101,Al-3003,422.36233701337653,231.65468222243214,tin_plated,1.419494147062676,Laser,2164.6293227465553,0.0,0.0,71.4241832783647,11.076593473155153,155.37783715102972,24.80026988315416,0.0,43.79053977665737,23.316231587714913,65.67146485169994,4.477959752384022,1.0480086521737695,3.4880058827529528,91.1368604244559,1.0683553659656617,92.7264507505735,38.3246169014607,3.0,0.0,0.0,12.0,1.2222983495003912,192.73748454051457,13.866152568608586,54.69765908511682,664,18.524755640976053,73.22895258355,716,6.65766861812658,0.06186003377537439,1.2315698824559351,0.7405354526717569,Good,0
WS_002014,2023-01-21 23:15:00,22,Cu-ETP,Al-1060,176.60852882005926,439.0445496862597,tin_plated,2.9897889872073176,Laser,721.6661760910615,0.0,0.0,43.579342458580456,57.19845110077214,341.3080307603327,38.2281115302352,0.0,26.393559285864143,23.604377184691128,59.877180443790266,1.3366834518957507,1.8787601229838757,4.224503670342506,69.43952404759413,0.3214433815041118,100.56222378532622,16.69992982408987,4.558379638242791,0.0,0.0,3.9804550976168396,2.963769614785169,110.33211837814473,5.0,59.384490883892006,1410,44.60891612614608,55.54267552730775,560,15.504575197889995,0.0,2.364106245219617,0.6302055694663399,Good,0
WS_002016,2023-01-21 23:45:00,20,Cu-ETP,Al-3003,446.25801454909276,349.7161603133079,tin_plated,3.443790193581057,Laser,2070.427864881368,0.0,0.0,44.778963277979784,81.36034399039892,649.6001744574385,32.91145510957716,0.0,58.27256642589002,26.734529449979952,32.55323178029471,0.8090293992233106,2.1682610977277768,4.123110277014027,60.87876121074007,0.8004379671494041,95.73462582605916,37.628874252099735,5.413659160472986,0.0,0.0,7.8535756164215815,2.1983596665149916,195.5239462136935,5.253817219412028,40.44903963467064,717,24.762410156798122,69.25831253684386,607,5.860904085450036,0.8343511402103981,0.9818035792639884,0.7154796376133602,Good,0
WS_002017,2023-01-22 00:00:00,19,Cu-101,Al-3003,196.53988153499995,129.07292623592593,nickel_plated,4.241733799210189,Laser,1474.8189043365892,0.0,0.0,28.398344873124728,80.14990718406176,773.0530196668907,6.859523231477935,0.0,26.007376781429315,18.27155356890943,32.20276056263903,0.1711673406115182,2.1141538880148993,3.37439413972704,59.57582484116831,0.2,125.85276671881402,20.810191939673274,5.304042437867141,0.0,0.0,5.486523038603823,3.7273001286496164,110.49470039161321,14.413520111075854,50.838337026565185,1256,46.224834523867585,48.88814195123697,468,11.239608289048025,0.0,1.6226414174249308,0.613008837550326,Good,0
WS_002020,2023-01-22 00:45:00,31,Cu-ETP,Al-1100,399.06072982599113,128.3258805543058,nickel_plated,3.3611166008330686,Laser,2983.5898784039905,0.0,0.0,9.15768281452847,59.21837987514439,556.3812406921228,36.11039322324431,0.0,57.407427476065465,25.14086306362082,64.01089655739983,1.2195670769574987,1.5693153031291973,3.1689615797610906,38.07052490641203,0.7459968397850727,90.47975499088666,17.043073453906846,3.352158488917577,0.0,0.0,1.3781853503299635,3.3003750290598175,153.86919589423644,35.690250657757296,38.206199621176964,127,21.953771180548802,76.20615922165165,565,7.654638838181145,0.0,2.3115047611978086,0.730898960128383,Good,0
WS_002022,2023-01-22 01:15:00,12,Cu-C10100,Al-6061,426.71734782973897,330.76885543985736,tin_plated,3.458160031414646,Laser,747.529124203875,0.0,0.0,24.74136807768863,26.551858228802672,543.5995608461578,11.183860940722472,0.0,21.98507806732951,24.60852478804474,62.43600162767115,0.8424164398852168,1.741488606547778,2.558769623966119,58.73261332456087,0.24269455978408228,92.68130291856683,33.77058287794229,5.814819135168626,0.0,0.0,2.4702167248197258,3.2884872692182974,219.3184945455776,12.324129305499262,49.636643087153715,1680,38.75371384246884,47.75964716062991,522,21.435176686332856,0.22034059121568259,2.6725871096055767,0.6058775908509973,Good,0
WS_002035,2023-01-22 04:30:00,16,Cu-101,Al-3003,278.29192836114765,450.73910966164476,bare,0.3455244467058452,Laser,2787.403205026892,0.0,0.0,96.29271609610798,55.28423381223696,138.22676954176472,7.734678867001751,0.0,58.524199975923764,24.29520975120391,68.34499847071167,0.2798149972837177,2.449280609259167,2.4652264735498566,30.0,0.2,101.47065778938143,26.70235125430623,3.6143231003363017,0.0,0.0,6.166604228861717,1.4763949825729143,155.16841759048253,6.483145850716092,50.26211342042401,581,38.525077509954095,59.60042373098729,514,8.495944334645856,0.7517979707879152,3.1989844279930373,0.6595502141017427,Good,0
WS_002037,2023-01-22 05:00:00,44,Cu-110,Al-1100,205.9868246221772,195.304965335972,bare,2.4603568512356446,Laser,2919.626387804912,0.0,0.0,82.57748393585236,20.89045303293024,511.56283001364017,35.183980705467576,0.0,64.38512665930551,25.697273036447548,55.94633561978513,3.368426778491211,2.4114080650991916,3.363387347148461,36.8916250124193,0.2,111.56244043015812,45.90178373116072,5.175626244721127,0.0,0.0,12.0,1.7811644873875765,121.4200962652273,11.258589990868105,46.36228268792695,1926,49.93981068962883,47.12013563052554,437,17.777118556960275,0.31345837870957155,2.5311402970964596,0.5886918590809034,Fair,0
WS_002042,2023-01-22 06:15:00,28,Cu-C10100,Al-3003,257.9229131513024,243.08670597697102,nickel_plated,2.901377294596478,Laser,2610.270524967914,0.0,0.0,91.5616922690356,24.237625379002758,278.55856736041164,33.74727307212136,0.0,42.160973729651026,22.270337910725722,49.246068834107255,2.7847012687436687,1.637660049721799,3.8181824186734503,102.15746640821678,0.2,101.60117297961911,22.777200501326785,5.810256075319024,0.0,0.0,12.0,3.973360101166893,226.0181937641506,13.705476077514472,44.97038117851749,1477,37.44549040063058,48.03074259464142,502,22.85272545342468,0.0,2.213469078964571,0.604526427327153,Good,0
WS_002052,2023-01-22 08:45:00,17,Cu-C10100,Al-6061,310.90205998027085,231.92632354254442,nickel_plated,0.15262101081011423,Laser,1112.9660730388218,0.0,0.0,61.852668649595806,54.24604575504838,503.33957294496906,23.359479554926036,0.0,25.03709665218923,21.693234627495436,63.31695016395675,0.861241745081561,2.478911535821166,2.330583409083384,52.96621425807195,0.5861604524312406,96.2239373835683,19.750841250561272,6.818119084856105,0.0,0.0,0.8624858597312267,0.19855367145730707,147.05429439266024,5.0,55.19583220701601,1581,32.88375301557572,51.284116284288054,611,17.798211991913185,0.7815598864491892,1.9642142214635785,0.6362463470358526,Good,0
WS_002056,2023-01-22 09:45:00,23,Cu-C10100,Al-1060,147.89871540021275,303.9496225225611,tin_plated,2.528141162985586,Laser,1982.3077195192752,0.0,0.0,25.781955951660947,68.0653062419077,870.1023043173749,33.91355561751606,0.0,53.92983831242574,18.10205025148866,67.43312505352924,0.996500493128922,2.0932622895826256,2.435885561160192,58.329687176412854,0.6021017636275093,77.30321710187494,31.86334636260495,3.0,0.0,0.0,0.03209430126831976,2.6234708826492574,150.43528640005832,19.176844546517625,42.85819483196583,1858,35.61004437350706,52.59442884019755,452,14.837998558090154,0.0,1.960964061317289,0.6303830915771476,Good,0
WS_002057,2023-01-22 10:00:00,38,Cu-110,Al-6061,421.0624976608879,424.3282151352605,tin_plated,3.5016999969953555,Laser,2091.8654079928388,0.0,0.0,25.542543398746496,59.314122090926006,604.7604823651877,5.95460443311861,0.0,58.4507739737865,25.22219771900903,43.09555891834672,0.20078201356467712,1.703755492615429,3.9184201438023396,30.0,0.48378268471171143,104.30354390986614,15.788895543338555,4.178149658425845,0.0,0.0,7.626308179123173,3.8594010304854063,187.3102491315267,11.253180258977899,49.455330641741625,332,27.856878844064276,64.53421181705592,451,0.0,0.18488809537351336,1.717457914508222,0.69961687794321,Good,0
WS_002058,2023-01-22 10:15:00,37,Cu-C10100,Al-6061,198.78616498682499,274.83123310299004,anodized,0.4395339823865466,Laser,1479.2328249780921,0.0,0.0,93.60964176508793,23.35681483776671,462.78088773504817,41.53245158960632,0.0,66.92021486012443,27.56066759936394,44.507623801565686,3.5563454930036595,2.4685823814215255,2.7753120417955794,63.81117833788646,0.5109608381805385,91.67642662201224,33.95610102168198,5.696238615005644,0.0,0.0,12.0,1.0182708158499059,136.18628785333894,5.0,46.418667427275324,1994,41.10370838532248,45.80727163518733,525,15.128178394786085,0.0,2.5206887822610047,0.6094972820197606,Good,0
WS_002062,2023-01-22 11:15:00,9,Cu-110,Al-3003,308.092195641236,417.19746055700455,nickel_plated,0.6814136390760107,Laser,1554.6556385743436,0.0,0.0,68.30673550888946,99.6946999426576,791.6898574096322,46.37051562975895,0.0,23.531996453676534,24.885022494762417,41.8390699578833,0.9302503675005861,2.273416463254866,2.307479489426878,44.59880523652892,0.32124159031464805,114.49248493715112,32.08022452194,3.0404560410742727,0.0,0.0,0.3699335094654805,0.29508977319529284,160.87724382775224,8.062416917953193,42.75761224862317,1581,43.53228063697873,47.195692287204835,511,18.411412139914663,0.0,1.6706564576691854,0.6022360786668707,Good,0
WS_002066,2023-01-22 12:15:00,24,Cu-ETP,Al-6061,340.3828779989989,271.33711777398423,anodized,4.470652572600467,Laser,1653.3688154756164,0.0,0.0,42.173547656269555,82.13721662049025,245.4617923196984,47.5996132019428,0.0,52.93486719489258,24.69599012749428,51.40964750508867,1.1590266911983094,2.1994912977752805,2.3266730271489346,52.160672254655196,0.2,92.1837222406271,27.766953817383104,3.4032815290573217,0.0,0.0,2.7015637983348473,4.031483122961998,144.01106798752286,16.41959506284413,55.38489802874699,1019,41.17598178306938,55.03050874980569,493,10.978559774640765,0.48623465723804865,2.6564219824450372,0.6380941662891254,Good,0
WS_002067,2023-01-22 12:30:00,24,Cu-ETP,Al-6061,113.71916052132467,232.55765557705496,anodized,1.9044751673273945,Laser,2819.4802380513443,0.0,0.0,59.23862318788843,32.85552176784424,299.1115135783016,7.061253877601759,0.0,38.437113640142215,24.531763668355126,69.51042496999534,0.42983666048564306,1.8924567648411998,2.33993231938262,54.82705515067879,0.5925180035928326,96.93991814636061,34.636303841287415,6.565147027316712,0.0,0.0,2.9484735576651095,2.516219110314366,150.21384629204147,19.91691552777924,49.64445854202851,1672,36.3147130827429,56.143879110662674,488,15.450043391451501,0.29943803030446564,2.543603739283617,0.639452130126904,Good,0
WS_002079,2023-01-22 15:30:00,41,Cu-C10100,Al-6061,322.68370262114155,109.58455404970793,anodized,1.8056362580332472,Laser,1363.1123278935333,0.0,0.0,85.6074067791144,90.72304669204982,798.5224414440469,40.55503356668021,0.0,33.64618334688579,26.139731787612433,35.46924266884636,0.8940403799343326,1.7824094404054718,2.5981046464150994,45.7800311004435,0.2,100.72917002863969,27.490412130681072,7.615365018064516,0.0,0.0,6.060900425101223,1.529116490994789,146.96021576220383,12.146683530466468,53.346517034954665,1849,44.90202864204461,46.46777033391035,445,17.22522462382569,0.0,1.5561046469729964,0.5961857533687025,Fair,0
WS_002080,2023-01-22 15:45:00,8,Cu-ETP,Al-6061,395.31820419132305,405.68819353692345,tin_plated,1.2067246899486348,Laser,754.7020698440899,0.0,0.0,70.02149259761447,66.18706559877523,875.7566555578896,46.27916917462025,0.0,71.00661348293843,26.357272379215587,43.87900953769207,1.3984354422105285,2.0433412461549336,3.2886624246421645,30.0,0.31253138027001737,87.0668324326889,23.199630601011087,6.491060889391561,0.0,0.0,0.4188774272386797,1.827626475956862,182.49150383785843,5.0,53.378750786168936,1618,46.06024779288599,51.70685608327564,387,22.909052112816617,0.0,2.3066575495188473,0.593022295807329,Fair,0
WS_002081,2023-01-22 16:00:00,13,Cu-101,Al-1060,234.24369769636053,332.36555929851136,nickel_plated,3.622658095093534,Laser,1004.6191713592759,0.0,0.0,43.85510840265441,18.185161575082688,710.9368787072507,30.86819998063815,0.0,45.67100904227735,20.1359738990179,50.96341041950774,3.3948777252475737,1.742600181392411,3.7758081047668015,59.66893209201212,0.4661905135618301,102.85708671883074,53.337573778468894,3.627904686093611,0.0,0.0,10.720518691868925,5.172786180952416,133.48354708147122,5.0,45.699669816969426,1876,36.68897831225576,44.63173417431935,623,20.958014325958054,0.0,1.628672306585631,0.6087829244395767,Good,0
WS_002084,2023-01-22 16:45:00,49,Cu-110,Al-6061,293.67379932903873,184.41533208344617,bare,2.6249476443940836,Laser,2137.698700730613,0.0,0.0,76.04599951986107,91.05096117866087,887.0719764893798,6.198598047488908,0.0,56.419080465281915,22.994961536748967,37.02600080764124,0.13615667461930409,1.705558239101618,2.3472934266358143,59.51311534065853,0.8295062047038118,95.15822932827383,25.500657237733783,6.786799250849333,0.0,0.0,1.2021411810556606,2.653286417982267,128.38805510915822,9.877174920883412,45.66459649268056,1479,35.354456147693604,58.4024686022234,557,12.102245195933587,0.0,1.3335404663810828,0.657416110874976,Good,0
WS_002095,2023-01-22 19:30:00,18,Cu-C10100,Al-1100,242.68926772356255,346.5917434164978,tin_plated,1.6675768121874774,Laser,956.2433871071597,0.0,0.0,63.068834373388135,15.842825937724166,579.2491275852757,17.985378325227007,0.0,60.15298535885565,26.439023783904528,55.97493912185192,2.270476037030881,1.7050400887707056,2.729941152820529,42.10897559773561,0.2,107.93115876558608,28.004518169659214,5.302300901940048,0.0,0.0,1.0401790855254744,1.8825571103167693,184.42618826985512,5.0,55.13682647212713,1903,44.51158774309661,47.42385796517083,360,15.133257250677602,0.8941624716046819,2.9840140366534613,0.5974174059532616,Fair,0
WS_002096,2023-01-22 19:45:00,27,Cu-C10100,Al-3003,336.9931975606386,174.6044050016239,tin_plated,2.4201920799312164,Laser,2663.7911586554173,0.0,0.0,19.827902309988353,35.684015921549246,180.10600473036675,41.13668392659624,0.0,29.46039872477008,19.32809609550516,67.13798516950378,2.305608427988296,2.3850279076265046,3.502752249985962,63.73391217680629,0.5948249943975032,87.41451466328903,42.71295759520782,8.75037840839697,0.0,0.0,0.7278602192990029,2.9754390598955163,194.8312970821981,15.00481850329907,51.56732991772096,1499,28.841226037734938,57.901341600111856,530,11.957407282835565,0.44531965136272667,2.6555733739774086,0.6644047096216937,Good,0
WS_002100,2023-01-22 20:45:00,16,Cu-C10100,Al-1100,455.89959611815203,363.75963196214855,nickel_plated,3.49764542873542,Laser,1140.1569385657888,0.0,0.0,52.969644908694356,74.52730415446587,402.40067374865856,29.88077704692478,0.0,28.26944580633608,27.16940197255066,63.49297851857088,0.8018746253049392,2.014273478565251,3.336852446435319,69.14655811502303,0.2,95.14142237373423,33.49606432498848,6.6572771945075955,0.0,0.0,2.1810637885625144,3.272992715860832,160.09881509259273,5.0,50.52204749962637,1272,38.82276894481294,49.536998042770776,505,19.155209629795053,0.5596478763211122,3.3661926829433746,0.6133589903005084,Good,0
WS_002102,2023-01-22 21:15:00,13,Cu-101,Al-1100,180.55964111755497,204.790225711407,nickel_plated,0.3866850421022384,Laser,1371.0316545730702,0.0,0.0,14.775284731537804,11.692921884615519,686.9496348130293,35.4369431526443,0.0,74.6810901529311,19.971440412335387,66.28418242190097,6.061263985568739,1.4294618527583212,2.8639145923266764,39.68642190921236,0.2,118.83390085266359,30.029730904689014,6.908373849816859,0.0,0.0,0.6997332535588463,0.1186002691857932,166.14437269957705,16.041212573449705,47.20146215998312,1407,46.65673119958589,60.58222291288637,444,15.351357428361302,0.0,2.9239770990175544,0.6322866653046596,Good,0
WS_002104,2023-01-22 21:45:00,16,Cu-110,Al-6061,345.3607386088685,418.89583000912006,bare,3.5314974023409333,Laser,2737.3398272316467,0.0,0.0,35.722769753558865,57.70219829744504,721.666943797723,26.463092834231613,0.0,71.14022658486323,20.818805633809767,47.70456632326041,0.9172299709560063,1.84872322791387,2.8302035461298556,60.670617520606,0.4944144563379445,91.64580100515688,24.262166781302362,5.647141554842039,0.0,0.0,12.0,3.0694468883471524,117.81642443991966,18.23253780452474,47.77899117567702,1664,34.09872567880352,49.09711168557155,452,13.282064588938617,0.5312389278734753,1.5683257837485587,0.626824152924797,Good,0
WS_002112,2023-01-22 23:45:00,2,Cu-101,Al-6061,467.3140141519831,389.1048131358787,bare,0.4841032921542666,Laser,2863.9850348745226,0.0,0.0,67.15009620657767,73.22007199601043,227.77620721036706,27.854327639088634,0.0,27.661262706630012,23.464877742595945,51.8633959937472,0.76083857553722,1.5736805109441228,3.626913592278194,49.660972308790505,0.5937366407560613,87.2552399627982,23.51292260768433,5.875261378540381,0.0,0.0,1.2058967737739383,0.24670779509914784,100.0,5.0,51.717118472754315,1509,38.615537517385704,49.29596935571949,407,14.223995192372971,0.0,2.3091961886565406,0.6157799594608542,Good,0
WS_002116,2023-01-23 00:45:00,23,Cu-110,Al-3003,463.2334748239418,130.64792557185947,tin_plated,0.9465014305545413,Laser,798.4176747885023,0.0,0.0,35.26048951983405,45.42658157903958,376.20238988637,29.105301128324808,0.0,61.06697040662094,24.342164399919383,30.98397863113536,1.2814215869483068,2.0044948252587567,3.7465551481715664,30.0,0.5326054940791826,109.87448115302834,19.749900241786268,3.0,0.0,0.0,1.9094451763654468,1.2808035609502335,161.5890481684984,9.405776588709658,53.75788820631803,1848,35.32996562178023,52.225383854188856,430,14.252860484751126,0.7191131119593375,1.2785302752655268,0.62951106446056,Good,0
WS_002118,2023-01-23 01:15:00,46,Cu-ETP,Al-1060,126.33193734526151,420.8250237243212,nickel_plated,1.5152561221522818,Laser,1295.5576881347988,0.0,0.0,38.4507460338182,98.02260756578525,353.5577506163832,48.91897731475195,0.0,22.832498989753006,20.495719402026168,30.02489882260688,0.9981162209324269,1.5658968176358854,2.720372708805138,46.16518491363409,0.29903698441812615,95.31538539998631,31.23445249411561,5.543118379987021,0.0,0.0,0.9741760034691822,1.4237827518652866,166.36682012094806,20.733791865963127,55.24371173605046,378,45.214288971098654,52.243382545879896,502,7.281325938261535,1.2046487378550852,2.064953680444084,0.632601203440478,Good,0
WS_002120,2023-01-23 01:45:00,30,Cu-ETP,Al-3003,328.7590089835815,403.9988633323874,anodized,4.012141130114656,Laser,2151.0304174715284,0.0,0.0,71.5199399163458,68.83448484989509,414.49744621140974,17.372303549886684,0.0,31.630797405929652,26.115315405311417,30.791606305338274,0.5047558237058023,2.331094272313234,2.322399495799367,76.34897474633897,0.74396409470419,90.86592443141453,16.187635160026677,3.7436633418286043,0.0,0.0,5.682453902930044,3.826608766919468,148.0473772340907,27.441357164581056,45.92427818109853,1905,36.246966632874006,49.18884173480448,639,15.531012088444813,0.0,0.8102858856609674,0.6320810067218662,Good,0
WS_002121,2023-01-23 02:00:00,32,Cu-ETP,Al-3003,462.9852705385702,239.59797412076438,bare,3.8995311233354757,Laser,2169.4986772241264,0.0,0.0,16.033138466761677,73.42659916397477,487.91739242041444,25.931825040129034,0.0,63.11336304425465,25.607132104066977,44.103651774240916,0.7063332725574997,2.439036238614372,2.8410752588506987,71.83121192289624,0.8927823608267389,79.8185455688279,19.400527339620364,7.2540434517394505,0.0,0.0,12.0,3.42124673426431,184.71775093020514,10.18130195866269,52.02741468456719,286,29.425687581331577,75.59639910120819,652,2.588834709496364,1.1678133162077171,2.028260536804079,0.7334650679673841,Good,0
WS_002127,2023-01-23 03:30:00,13,Cu-101,Al-6061,128.1842710667833,207.74276727219765,nickel_plated,1.001343760187046,Laser,2092.7914369115324,0.0,0.0,61.09904829925,74.47356756450176,833.3490230677711,22.55827177763755,0.0,69.02607921050956,19.15870188285855,44.977481838774786,0.6058061273377233,2.864418931980221,3.7414905294655187,30.0,0.2,92.53147810076266,40.94131718525095,5.915816424515311,0.0,0.0,2.49669567864072,0.7357753720911748,154.03815955357533,5.0,47.60895337232232,822,44.59202523979914,48.21902043207321,321,8.574208907039564,0.0,2.16560172847467,0.608982871519785,Good,0
WS_002130,2023-01-23 04:15:00,1,Cu-ETP,Al-1100,478.04897949795475,285.40459214342036,bare,3.29729896465509,Laser,2023.6688573745873,0.0,0.0,74.66915858858684,84.06692561596805,75.8678503957577,39.29030831631624,0.0,70.90851490563205,19.48362811020846,58.64978922177862,0.9347387936083454,2.0932521038566003,3.052497131657438,30.0,0.5689777839474406,91.61873781085087,28.80863105958745,5.288979899853466,0.0,0.0,4.5925305827875995,3.691936384832832,122.10143088675449,5.0,53.218416075048104,1884,42.817313898498675,53.26064468620237,419,12.455988852091071,0.0,2.2848263146617493,0.6235039951034205,Good,0
WS_002131,2023-01-23 04:30:00,47,Cu-101,Al-1060,213.0669442164636,345.3561712254419,bare,2.1364471876368727,Laser,2459.5381115755945,0.0,0.0,46.993672885146076,74.23260933907865,89.33271622505598,35.32104253345361,0.0,77.86260345291095,25.450411784616524,51.2050010801527,0.951631441974905,2.099770428810734,2.9181044301601684,30.0,0.6562351435888305,87.43006089223739,20.09575302066615,8.85785335261749,0.0,0.0,1.4384454043589,2.668494716885323,114.1943728125097,20.217767940068356,52.745437746034845,340,34.63521198867688,68.84589201881509,378,1.176539940431241,0.0,2.2953017221900756,0.6931558996757138,Good,0
WS_002133,2023-01-23 05:00:00,11,Cu-110,Al-6061,368.5217694257119,209.66954300458664,tin_plated,4.564730964123604,Laser,1947.9873508819876,0.0,0.0,6.775662884890021,77.71668785732672,637.9456111310751,40.4121817379786,0.0,32.4256605299484,26.774530309594294,51.532682000344856,1.039987237031197,2.1170973380035862,3.7255254029317753,44.70234632096273,0.2,126.25490096179698,28.606223179150156,4.685423529682489,0.0,0.0,1.6420392399269983,3.8151894141606326,157.43492251343497,19.25708886495994,60.0,651,41.17066375102637,61.14119848421452,378,3.284811760310096,0.0,2.4580501409200033,0.6601379785334153,Good,0
WS_002136,2023-01-23 05:45:00,48,Cu-101,Al-6061,395.41561579036306,239.06869658756455,tin_plated,2.985241976916637,Laser,1946.700013199964,0.0,0.0,58.551017303457805,91.73785055122165,823.8387120675517,46.775372217584575,0.0,72.40596038521252,24.100575543246237,56.324386493127605,1.0197616782282823,1.6849278225699211,3.580976850975227,69.03072377747786,0.2,107.04532865591953,33.070943362946124,3.0,0.0,0.0,3.5787600170022236,3.2143748530013467,145.25853193985932,7.297287308046803,52.49280931165902,944,43.02413987238798,52.762232919004376,373,9.940189401325638,0.0,3.248227196653284,0.6235981840281101,Good,0
WS_002147,2023-01-23 08:30:00,28,Cu-101,Al-1060,401.52548519134757,111.30588041999107,nickel_plated,0.649772965905764,Laser,1549.796303855071,0.0,0.0,35.08906915210089,38.68526619444839,662.3635048604501,48.015186244572284,0.0,43.839287837434995,24.83016100532783,63.655239228395224,2.4823500504418297,1.4369230307340695,2.620960587651405,68.5263132063152,0.2,109.67650086891618,32.55668884723259,4.18920674125137,0.0,0.0,0.7551436750125098,0.20053539064220155,144.97824901635855,18.81286171645514,54.405841572693205,716,33.40611970360634,52.507173792650846,389,8.391714097103428,0.7103078075753314,2.9411632077865546,0.641357624327482,Good,0
WS_002152,2023-01-23 09:45:00,19,Cu-C10100,Al-1100,141.58375036495585,294.97618950391535,anodized,2.463570940677224,Laser,2087.842620289566,0.0,0.0,77.41944309982735,32.7312756148534,666.0074316869787,11.456788033526035,0.0,48.414711220153926,18.908008004245026,37.364228244715704,0.7000514228860034,1.923327733150772,3.054157866903434,30.54436771309015,0.2,113.134538056733,43.190356884425945,3.0,0.0,0.0,8.074439714439661,1.4371056814097547,131.1120825793357,8.126139466524492,48.73720468173585,917,40.52255729609365,53.569283391760784,506,10.032254884743512,0.4668302867534668,1.8189114820305388,0.6380622279597007,Good,0
WS_002153,2023-01-23 10:00:00,37,Cu-101,Al-3003,484.94612658181137,155.21104357515873,tin_plated,3.486768008429373,Laser,1655.2929413157037,0.0,0.0,73.46785257668797,91.92444003390452,179.01742429659058,17.41988514211056,0.0,35.3974416651785,23.51924141893393,37.980346359756055,0.37900443311236004,1.4704864314182233,2.401663663033653,72.41801989120826,0.9369556755256851,76.47306228313215,33.72582333386909,5.42255784069218,0.0,0.0,4.2912740973440195,3.3720666831825543,143.30505502484826,18.855079274332716,43.69147488713079,1797,20.803674121365532,63.57795912526799,520,8.508888166065184,0.0,1.3284797765183576,0.6964518879864161,Good,0
WS_002155,2023-01-23 10:30:00,2,Cu-ETP,Al-1100,208.13943619823374,338.45522467861394,nickel_plated,2.7209061957911906,Laser,2320.4757524519805,0.0,0.0,7.926824039320076,41.80683018090783,421.5554245398996,15.77669428106962,0.0,26.7828708891831,18.879879650539692,62.25054689659946,0.7547424290624385,2.1703819914580844,2.6208687423229953,45.50330855809707,0.8345225304749508,87.87826876735059,32.93376486030885,8.63732469072242,0.0,0.0,2.5876643959630834,3.8746390741403642,159.4858023088061,5.0,51.32766391693729,820,29.62711096905219,65.97215353487522,579,6.639819968384748,0.0,1.7692761416188796,0.6966400549428883,Good,0
WS_002161,2023-01-23 12:00:00,44,Cu-101,Al-6061,391.9556470814391,250.72784245918834,bare,4.867335981003608,Laser,1259.9240107352457,0.0,0.0,67.99356108156067,58.510454034317554,457.68071140751516,24.703953432119224,0.0,46.91666804352795,27.479162324714245,30.962598104339154,0.8444287038904146,2.6710712417709717,3.527411479166476,33.62701165867574,0.2,89.68192444766734,24.570103978422903,3.0,0.0,0.0,2.9781576509971432,5.699270468105317,137.7227338024603,5.790716516184015,46.236525121412676,1681,36.02160429436419,51.118336363878704,423,11.578430597997619,0.17419072510421338,1.986385752510463,0.630253877096905,Good,0
WS_002163,2023-01-23 12:30:00,8,Cu-C10100,Al-3003,351.68767720331687,318.89497115171343,nickel_plated,0.11647565378238944,Laser,2068.430301675237,0.0,0.0,39.71999384679723,35.34172496940556,441.1032432883259,30.957518994346458,0.0,27.931453927635513,22.409073819907363,42.20377044603947,1.7518963220468498,2.029689609075712,3.994803684820777,30.0,0.3943377702805046,105.05918615518792,43.27260017407045,7.242506957467073,0.0,0.0,1.9284389803024116,0.40744508952868863,157.00403312880076,15.553627284454091,44.788792304842644,157,39.40702813540868,66.75222395026245,355,6.935302252470912,0.0,1.8317146196292307,0.6684329926158268,Good,0
WS_002170,2023-01-23 14:15:00,18,Cu-ETP,Al-6061,196.70580299187264,244.91719932659447,tin_plated,4.275525120874845,Laser,645.7891608562534,0.0,0.0,33.87540757537667,11.714517578515963,935.980856473187,14.465381572900004,0.0,26.344185850170796,21.577693114964656,36.76298002391055,2.4696504104324424,2.229576544509854,3.133448010631584,73.32232427642428,0.5625152285811309,83.53598396334039,28.637205493370654,6.7563803437808385,0.0,0.0,2.013132950292939,4.472415556798729,120.83036152158151,18.102117261054097,59.143653910308686,1964,45.62891923423317,50.895519961299954,448,15.192438853988536,0.5126477794077249,1.3329038507145359,0.6101762648673382,Good,0
WS_002172,2023-01-23 14:45:00,3,Cu-110,Al-3003,454.73261578758365,451.76692410575845,bare,3.402102835517529,Laser,1300.914800822839,0.0,0.0,55.60736127940549,97.4459079718775,580.1874383487919,31.155527589990754,0.0,40.641119009233364,24.95002630626535,62.22770264285468,0.6394425017617387,2.2357870038616356,2.0792401293206106,61.362176770148395,0.6810412619644874,92.06772828283778,26.335124275860334,5.193882196130416,0.0,0.0,4.844999615272531,3.0257506192167765,186.4243411770662,12.276899037686366,50.82465144551922,196,25.636713448440847,68.75541137092289,592,0.34025651412603386,0.6045930824280341,2.168747260509477,0.7222621439573262,Good,0
WS_002174,2023-01-23 15:15:00,12,Cu-110,Al-3003,399.89029871341734,495.1930577681044,nickel_plated,3.028642427336257,Laser,2765.580685258698,0.0,0.0,99.52352566490384,25.16199447106319,479.1220224061358,27.394914542479178,0.0,50.48991631126067,26.693754415711226,59.91448980994427,2.1774835515510422,2.4373217315751554,2.7593147152262247,54.082705204716014,0.2,108.33328097890873,34.915404633929896,4.701059041593995,0.0,0.0,1.7360173353689523,3.4264765347813086,167.98181175019832,8.916046816072399,59.643975622188975,1612,53.36964569618523,47.21708333549028,337,18.615129549545937,0.0,2.3583340425331976,0.575551538555716,Fair,0
WS_002180,2023-01-23 16:45:00,39,Cu-ETP,Al-1060,300.5765894791643,142.3115627576268,anodized,4.772428352928482,Laser,518.5303161903286,0.0,0.0,43.5119561137002,31.416415100586566,940.2605286463119,20.406053880318353,0.0,43.68374829629529,27.751201418012574,54.659924197454,1.2990695351448522,1.9284219012496808,2.0,72.73780498747112,1.5582451676649571,77.34971486939226,34.95512234584976,4.526569927342573,0.0,0.0,2.5909042662969495,5.071924600970247,135.08415989155586,5.0,48.48717653171203,588,5.7683781329215,90.04812246588395,683,0.0,0.0,0.9945397341914997,0.8120010722986609,Excellent,0
WS_002184,2023-01-23 17:45:00,50,Cu-110,Al-1100,408.4899261161615,265.3666300695635,nickel_plated,4.6238729802681195,Laser,2826.709241789139,0.0,0.0,18.16724243085053,49.421397002467835,227.34028308595398,15.213728081980562,0.0,55.97443426038597,26.697482332191488,35.777803440457774,0.6156737366700044,2.2347712294442617,2.702439901271004,86.71892135094629,0.29248199956988097,88.57876654167661,42.93281628055576,3.986441184832823,0.0,0.0,3.328713738805444,4.8151589396776,170.79831523253668,5.0,53.64887126251395,1505,43.25743649062519,52.13350460588405,551,15.47775577885045,0.0,1.4920796586212859,0.623160148026761,Good,0
WS_002185,2023-01-23 18:00:00,28,Cu-101,Al-3003,191.24015116095404,129.07286233632436,anodized,0.5704539593568918,Laser,1021.6724215967628,0.0,0.0,35.72375545975724,92.71257862510973,359.8892209013808,28.128719114481676,0.0,25.14760673077674,25.784322423611787,66.41770090113549,0.6067940193578751,1.7654724134928406,2.7899038687379996,63.67273590236481,1.4049054433011836,75.05527530046298,32.203602312519116,3.169240816812195,0.0,0.0,0.8703142801398847,0.41892471491682903,124.96260188521732,19.65687714874293,60.0,903,9.173436714136335,71.93818878126459,980,6.061083507299444,0.1520759524263556,1.2183015143997882,0.7700541186391038,Good,1
WS_002187,2023-01-23 18:30:00,40,Cu-101,Al-1060,337.0272731059307,381.140329358413,tin_plated,2.3355908266468433,Laser,1444.6201066056547,0.0,0.0,58.57106424441395,58.005035557336974,792.9644053739477,25.031670373453885,0.0,74.21365655411016,26.210334700101612,56.572579127549346,0.8630861142636663,2.508628054002381,3.1970938254756898,31.446721560207305,1.699019159223588,56.687323115913905,15.0,4.531387671317558,0.0,0.0,2.503462346885361,2.589437393523857,153.93229803129148,11.56180717284385,48.03344155534371,1255,16.989280480523078,78.3244977212408,892,0.0,0.8811343347131076,1.0489079182699468,0.779793990248984,Good,1
WS_002189,2023-01-23 19:00:00,13,Cu-110,Al-1100,300.7742323123442,304.1050584882597,anodized,4.194384183575332,Laser,2503.907486597768,0.0,0.0,54.29495232831962,83.93760858911928,611.0679042095303,2.125295304156871,0.0,39.49564995803463,23.522262327393552,63.26916845202559,0.05063988216677334,1.7575309425888697,2.70662606976001,106.31794932544668,0.2,107.6085859597898,26.56569214483482,3.810198933583317,0.0,0.0,12.0,3.701293409966198,108.74613869096993,11.672619008564217,46.1978576034622,1952,44.88199884887795,38.533499406456684,517,18.684830388792548,0.6110189371788176,2.7566474368404017,0.5784433599305054,Fair,0
WS_002191,2023-01-23 19:30:00,29,Cu-110,Al-3003,323.95621273831415,337.3084371951969,tin_plated,0.4119503328809372,Laser,2319.9530329851978,0.0,0.0,27.409825886889312,81.67182846995675,71.88749493728854,1.7775441209250462,0.0,32.1783426610435,19.30265217010578,58.21479209262846,0.04352894147775623,2.2899810254734505,4.012752646514708,30.0,0.7745958097690251,87.7113008292897,33.26987988070239,5.522322564254102,0.0,0.0,0.9291384769594828,0.4804811219881639,146.8119212659445,16.432589743439344,51.55557639902562,965,24.667544816542943,66.26904361321807,451,4.590779849602429,0.0,1.5860103714837095,0.7001302462568928,Good,0
WS_002197,2023-01-23 21:00:00,44,Cu-C10100,Al-1060,152.43194468188125,422.27391555075695,anodized,3.2676957501145925,Laser,1987.0638534459642,0.0,0.0,56.34563633429141,68.23486494153815,131.4373466107719,47.69470680430407,0.0,66.06801040089866,24.318319710473958,53.31779967765662,1.3979570955454415,1.8950461202745263,2.6299920624867856,61.11950051321988,0.3629600323244082,93.93931110824253,36.41954792348973,5.3724727456634485,0.0,0.0,2.0206142414016117,2.4313116277114224,139.48338829985664,5.0,47.758954014340816,373,30.697688613153485,63.93431181916516,523,2.0859339596586204,0.0,1.9595124521288656,0.6947447871204894,Good,0
WS_002198,2023-01-23 21:15:00,9,Cu-ETP,Al-1060,406.46284063311117,164.64642429211898,tin_plated,3.4667335133081507,Laser,2773.7173403443185,0.0,0.0,89.92117512486087,25.02209915540189,823.8334782974856,1.3187973261206238,0.0,73.9039956842505,18.347101427867113,44.20399052265843,0.10541060667453359,1.6695688619098912,3.0532693878074744,30.0,0.2,83.49230350059158,23.436025571513255,6.13581904245268,0.0,0.0,10.927965487664736,3.233185939758036,115.15306864721617,19.520216893069616,42.773273858519374,1735,43.27041281165007,46.415837795390395,366,18.137636830247775,0.0,2.2411675064082788,0.5915259062142862,Fair,0
WS_002201,2023-01-23 22:00:00,27,Cu-101,Al-1100,247.6070929644691,226.19568259288957,anodized,3.4558548661315527,Laser,2794.065112748458,0.0,0.0,68.80340252178732,13.866705352687225,394.31981875691037,18.720430835238616,0.0,72.85508155711065,20.725325653152574,54.86356237392877,2.700054606930952,1.8671356874768543,3.014458249442602,69.85748408845112,0.7196766539651744,100.42803588989017,22.02870584722787,4.824576292771689,0.0,0.0,7.728270944013507,3.1716081315967575,165.20575949034082,14.78740036450187,50.91831093558387,1841,35.47516011895761,48.98463550710417,525,14.750156178395295,0.7283929017576313,1.7293855547585368,0.6265923057548327,Good,0
WS_002205,2023-01-23 23:00:00,22,Cu-101,Al-6061,473.5949674050469,127.34068594022649,anodized,4.891450727907479,Laser,726.3959844973873,0.0,0.0,56.32423056452522,44.714330884259006,917.1350795275818,35.818771080460024,0.0,42.79902472344567,19.463584506026965,68.2859183213822,1.6021159378712506,1.8816662037549785,3.1099000583299947,55.962109095548406,0.30746724438606,98.29052706986775,39.186607143913264,4.996657895482396,0.0,0.0,0.12634993446568688,5.317831240843744,116.59004858134386,5.0,52.88761962432842,1764,45.15561865055185,43.61454006349858,354,15.712512973599942,0.4843730548609604,3.308396019595929,0.5854419603574188,Fair,0
WS_002206,2023-01-23 23:15:00,8,Cu-101,Al-1060,173.4318509420584,105.03704506699792,tin_plated,2.1915229059079926,Laser,1371.0810455517565,0.0,0.0,60.305877863980605,21.829407800738423,614.0996959096988,18.100555422496434,0.0,67.96260189119911,25.696167191060017,58.292682880972166,1.6583643118238092,1.6663707131302852,3.377665022236382,102.23526705570617,0.7779512641975002,70.8126629561801,46.262470520993794,3.0,0.0,0.0,1.7807395923922325,2.937672972136729,163.94128191144753,5.0,52.028496935679485,978,30.83478579175114,65.19400532075635,520,6.24203348749693,0.0,1.538301139667557,0.689695688491874,Good,0
WS_002213,2023-01-24 01:00:00,33,Cu-110,Al-1100,206.88395819442962,496.6391102119941,anodized,2.3846580314751296,Laser,986.1562193307036,0.0,0.0,38.02291601605968,27.949832846956113,750.1092750862139,45.98242114621107,0.0,25.164264572460624,25.163190541153373,64.47076536820506,3.290353927910435,1.9536559706827734,2.0,39.09872236333141,0.2,95.29199749184875,26.125850229856425,3.7107584843054804,0.0,0.0,2.281329615125127,2.0428775505563403,103.56186738871338,10.852089479683755,51.38280101701682,1226,31.40468412272385,53.89703989326207,467,11.861753863865898,0.2453607715501234,2.3199276632432086,0.6465281183876541,Good,0
WS_002228,2023-01-24 04:45:00,48,Cu-101,Al-1100,144.00708845101744,132.94119613470326,anodized,0.360056632639699,Laser,2942.75465710305,0.0,0.0,23.20879305582761,75.23465729619382,677.5379724222797,4.861879802110167,0.0,23.80204378745086,24.349971911656638,53.33810758132644,0.12924574861740304,2.1933939085224603,2.8637236080354977,68.41506668583878,1.089664104326825,87.97142985605129,16.990622213480144,5.0762077932137215,0.0,0.0,10.464828214921567,0.1,125.99061077968447,5.0,50.728629750946155,1699,25.273240871966465,58.23036258057216,802,10.280266269738734,0.0,1.0726452882926485,0.6918572125543873,Good,0
WS_002231,2023-01-24 05:30:00,13,Cu-110,Al-3003,103.72411630494148,345.97367116685894,bare,2.54277800831735,Laser,1863.149767198405,0.0,0.0,98.59196359748678,22.52982010273214,537.5581346471479,2.9753716603728675,0.0,76.72694563022003,27.70854586675819,38.91429239730916,0.2641274228383254,1.788875773161044,3.283073597924994,50.77070592137827,0.5281825598391438,81.29875199339992,24.550740054419947,4.909219479242245,0.0,0.0,0.7237189407191443,2.764853434623741,123.66801665068883,5.321383752674261,57.217917346259945,1176,40.698779455714416,61.356059577295426,349,13.600702006470762,0.0,2.142568261535077,0.640107330164201,Good,0
WS_002238,2023-01-24 07:15:00,6,Cu-C10100,Al-1060,447.5204383271281,459.291677265132,bare,3.4903213390097427,Laser,2206.996125396966,0.0,0.0,62.92185005235442,62.897561242509575,245.2551833245175,20.922864472919546,0.0,48.13462911090882,23.75692195716067,35.33539002068323,0.665299705095044,2.1786945147107306,3.283399511772609,37.36328473260372,0.2,101.34549337551834,23.7734383485849,5.8402153220915265,0.0,0.0,7.328225943617568,3.2883400011567887,141.4431295840211,14.374901514869645,45.193914122666214,1859,52.988900913727896,52.996549848257054,350,19.30165581649834,0.5260935123611894,1.3633834979096522,0.5901507519274497,Fair,0
WS_002242,2023-01-24 08:15:00,18,Cu-C10100,Al-3003,462.2328550292529,121.18916241844033,bare,1.931116131707493,Laser,2833.0295068537625,0.0,0.0,73.60700075990518,12.555146640094879,123.82753814597245,34.10658715799182,0.0,27.08730229196768,20.607769174542472,40.70942619359931,5.433084636235531,2.6151674715789746,3.716479462844461,53.87658975435825,1.1582656501780977,78.06128041915659,33.024264605507376,4.836483336076823,0.0,0.0,6.700707449738934,1.0503988640094382,152.78346679091788,24.615898842376204,55.36851070750979,1039,13.601081127687664,71.04621228645779,623,7.82077559545654,0.3404351644348498,1.3401298454563106,0.7340832881164653,Good,0
WS_002244,2023-01-24 08:45:00,41,Cu-110,Al-3003,312.7731910211166,470.9059480827945,tin_plated,2.321432335779557,Laser,2382.45607533153,0.0,0.0,89.30345620450804,33.23754699904396,969.445914847008,13.061960541571283,0.0,28.00399102170509,21.952835805005137,53.84259606632213,0.785976205882281,2.0641777662806104,2.1280345809076264,30.0,0.2,103.90899435984963,15.651329384829548,3.434749545551722,0.0,0.0,4.548405332892795,2.3864467516583154,157.30715828864032,5.526851269277179,43.14246674954886,647,34.911634375907646,51.830395421032804,307,7.175981942581054,0.0,1.8060618189402238,0.6342202375130477,Good,0
WS_002245,2023-01-24 09:00:00,11,Cu-ETP,Al-1100,213.80478389697765,136.2341430184407,nickel_plated,4.459022669367348,Laser,1295.84328607718,0.0,0.0,22.213625115307806,24.55646767592909,236.99904626023618,41.378669993781415,0.0,68.53407803361843,26.614941720435258,46.72742087837971,3.3700832334564064,2.290907864093718,2.695835852577937,63.85149517783474,0.7693406984208122,78.74278412464282,18.263441236615314,3.0,0.0,0.0,2.965172224736035,4.504857510388108,214.12412435177754,5.0,47.10453839067893,1648,33.8794049206338,57.878664454068215,441,10.401364888437266,0.0,1.598631902530209,0.6537749945883999,Good,0
WS_002246,2023-01-24 09:15:00,49,Cu-110,Al-1060,118.82447915077896,145.3709706983366,tin_plated,3.512170207890716,Laser,719.3019375337879,0.0,0.0,85.62222810912144,62.092620838411776,296.00828786924166,42.879227691906415,0.0,59.337184125958395,21.546343644933696,45.752340658203394,1.3811376331978062,1.44201051251341,2.6665660797427924,65.24844857005385,0.9024709017477114,78.09674891039774,35.11144408722602,5.559456140413793,0.0,0.0,10.077390665514901,3.846112256038692,150.9446396149252,13.788549784924982,46.04799841314659,1549,26.804826903379826,60.37050752387764,637,8.915607099264697,0.0,0.9579152436078336,0.6864689318101697,Good,0
WS_002255,2023-01-24 11:30:00,48,Cu-ETP,Al-3003,228.2651018945729,418.99559108520685,nickel_plated,4.919116708418897,Laser,623.7087178659308,0.0,0.0,99.35904176255544,39.1593250419045,528.6888742209962,5.866732174306564,0.0,59.19310120326979,25.972399218728,49.644522093753324,0.29963397826844856,1.989181062097057,3.081744823966714,42.82785859590375,0.7404858691028594,87.58955886638367,28.97955054971654,5.228763983989433,0.0,0.0,7.1567485549189325,4.817879935357571,194.4444399161496,20.33589715565237,52.90612478781947,1618,32.26216681711258,52.00208289760133,435,14.69992502938617,0.4125464514381,1.9541940388397756,0.6330495975882353,Good,0
WS_002256,2023-01-24 11:45:00,30,Cu-ETP,Al-1100,320.93520538220116,338.32301295598785,bare,2.1462657117817443,Laser,1588.6087294864979,0.0,0.0,93.61856514841429,72.56415224692725,221.69727192540645,26.707658434077462,0.0,35.50810746530454,20.686049819467804,53.52102431408447,0.7361116365886685,2.361375756792931,3.5691992338989307,34.44472653611567,1.054509267729812,102.77575619354062,35.249698403653596,4.941488651585121,0.0,0.0,0.458565590314323,1.9031785928689762,132.99510503126865,6.2296886476264675,49.05086377008407,381,15.75774573209893,80.22308790202447,613,3.528313780385125,0.0,1.9930700305990299,0.7611721794853573,Good,0
WS_002270,2023-01-24 15:15:00,13,Cu-ETP,Al-6061,241.99804632557672,147.70006707258662,tin_plated,1.8901623916924324,Laser,834.8144062144373,0.0,0.0,85.36960627960529,63.13020928103732,319.81855353178145,21.0860233984874,0.0,29.893305341750768,21.05962149310329,41.24580967624796,0.6680169015318344,1.704942054312209,3.161515468830992,30.0,0.2,99.61461190249925,26.64675862676199,3.9063938148189568,0.0,0.0,0.6863461913873274,2.110813307358072,161.95651125812108,17.389158387899315,54.47204787206153,1036,41.26833323259947,53.517105174461605,350,8.012790463430814,1.7148608627572672,1.3265123868662934,0.6301996143016554,Good,0
WS_002272,2023-01-24 15:45:00,3,Cu-101,Al-6061,485.56640482927537,131.06896530913542,tin_plated,4.6420090532885325,Laser,2474.4422684869596,0.0,0.0,92.07694194558972,41.78319333947731,424.5196573620198,10.341491212363898,0.0,58.31847200092254,19.648990315461283,47.25383991341275,0.495007221125587,2.0284397323659293,2.826932923806561,73.38688870185044,1.334753481817213,54.10950363843287,26.23395166117068,5.614959928969666,0.0,0.0,2.636424595276579,4.955657226725914,164.53703970627706,15.054911875641622,57.495964438208794,196,19.508456927606055,80.59986196501538,696,0.0,0.0,1.4292493177097143,0.7686369695211294,Good,0
WS_002275,2023-01-24 16:30:00,24,Cu-ETP,Al-1060,272.07036337772524,231.88487016568143,tin_plated,3.5791113843509046,Laser,2594.598530772139,0.0,0.0,5.8517069231260335,43.88834973444897,362.8710335091747,16.426070045703213,0.0,50.942596311627696,26.95640760791126,60.9939128474651,0.7485389696851606,1.9363381128377306,2.968103452269505,50.65772311699077,0.9653449725995348,66.3330183086041,19.865433684271977,6.403602083532162,0.0,0.0,9.051578612718165,4.508712123011039,135.19540899977233,5.7634371249328975,45.08884101104488,242,28.852984271778435,83.0822981904998,810,2.4995031427174137,0.0,1.971790080883384,0.7637397006759867,Good,1
WS_002291,2023-01-24 20:30:00,23,Cu-110,Al-6061,388.9494030531194,270.9802132969942,nickel_plated,0.666995167887951,Laser,1810.8881053604523,0.0,0.0,28.346437242262823,64.134417118822,571.2288959734772,28.538090017160656,0.0,31.827063332588985,25.276574100690407,53.09982185425471,0.8899461879972516,1.9698342626461818,3.603546959832853,51.615931321914054,1.1800020497905295,79.73538199626006,17.135430009389573,7.061758219304785,0.0,0.0,12.0,0.1,103.5885278172788,10.961372895828054,47.579557736970344,1299,16.110460335093432,61.12701256549553,689,8.33975072361748,0.22103231886435692,1.4173073752757999,0.7089481416376492,Good,0
WS_002295,2023-01-24 21:30:00,50,Cu-ETP,Al-1100,164.28533967639427,202.56734783016827,bare,3.073612547654443,Laser,1393.6939733953668,0.0,0.0,58.75643923541282,89.95088958857897,656.0382446465129,31.725421452484625,0.0,45.30360774123892,25.32151052281558,42.674796985609234,0.7053942789802667,1.8773391160879849,3.010618966801672,42.35385925275542,1.249049539759381,73.01355570218942,17.547062325275668,5.527481671548612,0.0,0.0,4.526672638053209,3.9976432788326477,146.61409967731328,6.849692737205325,43.81750367083831,1654,24.72377269088556,68.29671408838014,714,9.107229935835765,0.0,0.2084512545377678,0.7141800700549299,Good,0
WS_002297,2023-01-24 22:00:00,2,Cu-101,Al-1060,163.40809361096376,296.4271798614314,anodized,3.7701394658175436,Laser,626.0601959034549,0.0,0.0,5.987306741699811,62.76629982210785,856.4295601929608,44.37136548853706,0.0,26.885261804163182,18.869312437324563,57.19790503434185,1.413859526984841,2.9266040456588094,3.4503756228886857,30.0,0.6698025801875065,88.6424478938436,35.377604344572404,7.120345285777278,0.0,0.0,0.3063283754870473,4.094597157776855,100.0,16.61323445507393,50.70177152914071,1017,42.89600299316193,60.896827544493384,574,12.053634520380795,0.7158570669198291,1.8076975452988702,0.6535641663124432,Good,0
WS_002300,2023-01-24 22:45:00,24,Cu-ETP,Al-1060,355.7545685816392,253.16656293190962,nickel_plated,1.7784566117308196,Laser,1786.5344111188795,0.0,0.0,12.7195493852746,60.439315856321116,751.1031189002018,14.584293186532497,0.0,64.7083737462994,24.690016658462383,59.48490099095643,0.4826094729861897,2.0757931893462094,3.2798321903191257,82.46519831127077,0.2,98.68110234577753,27.839015140048758,3.0,0.0,0.0,2.7908644501078315,2.316327081029888,145.1624850194074,7.709346084579854,50.08970737847062,261,31.270577203585862,58.302212754391995,455,8.816733629878653,0.0,2.826621962660125,0.662651623857912,Good,0
WS_002303,2023-01-24 23:30:00,14,Cu-C10100,Al-1060,209.88201312285747,237.80074205698466,tin_plated,2.4824225737472294,Laser,1854.1488729134137,0.0,0.0,58.827007603598595,27.329238799154616,79.16356244648586,19.38668067521952,0.0,61.09545368893565,23.2998774276614,67.19480581440484,1.4187501391966477,1.744606798449285,2.0,79.50539801388103,0.46022139476354346,88.07810271608521,37.82872162252611,7.677505767522553,0.0,0.0,1.4438161063184403,2.7925472085293976,177.18964640821034,10.574135312449345,49.19399891630213,996,34.10509107947067,51.73015789442353,448,10.002979216739565,0.0,2.367793285818288,0.6392788387521328,Good,0
WS_002330,2023-01-25 06:15:00,41,Cu-110,Al-1060,329.39670555639066,177.85185888128984,tin_plated,3.424796242641018,Laser,2376.730146438751,0.0,0.0,84.13133583657181,19.51616228554951,238.23763704197683,42.295865211848124,0.0,21.495952079901773,26.714426817966704,41.9190322976946,4.33444491729458,1.5808402602179294,2.7050777543551914,42.11882865342214,0.6507693997480423,88.54315148816791,46.704802436557664,6.77102034794731,0.0,0.0,1.4037768968177007,2.6023190218363723,168.8710131862149,11.237160540734582,50.254000110870514,1366,40.94225340756977,61.68001626532006,414,6.4045086284404125,0.0,1.390989648848307,0.6583782068736197,Good,0
WS_002336,2023-01-25 07:45:00,39,Cu-ETP,Al-6061,193.62311000699964,142.23025688778534,nickel_plated,0.8863347339535053,Laser,898.4785974032909,0.0,0.0,88.1233224453589,84.91109743302671,937.2213811288133,44.845971752985825,0.0,27.461493282089826,24.64068697450598,52.03195709039531,1.0563041371207786,1.3139619209050688,3.206028758695554,37.90905723024067,0.35637598577974483,103.36344968494154,27.185054753530466,4.68727476197401,0.0,0.0,12.0,0.5990356998299927,117.88534489874877,14.120030000823393,44.92239144426734,469,31.995460535904357,75.88055452550729,535,1.710886526379066,0.13928008295198627,2.297873376225956,0.7241669499396176,Good,0
WS_002338,2023-01-25 08:15:00,44,Cu-110,Al-3003,207.40003047899816,300.1979580306455,nickel_plated,2.0003233347518936,Laser,1742.1378957700185,0.0,0.0,17.18635244396151,80.3965055781889,265.6116467777079,29.85594229422146,0.0,39.19315809040029,21.000246669565005,58.11293207320022,0.7427174123926402,1.31990679734629,3.250479472822021,46.82621756782922,1.0649595864800052,91.11341340061121,25.80213416908994,3.0,0.0,0.0,1.7367419471831678,1.9405220557003535,103.10870946744238,33.74511635783799,60.0,1100,22.34518497308777,68.77018337675003,780,4.86446416598425,0.5942148962807894,1.1174974452127844,0.731286810671023,Good,0
WS_002343,2023-01-25 09:30:00,35,Cu-101,Al-3003,377.54533693135784,236.4808289568614,bare,3.895916165029925,Laser,1953.7743168024483,0.0,0.0,37.870156864759,59.989327994103576,623.392784665688,44.90034043688837,0.0,55.360084945877816,22.562148098260018,58.140242425781736,1.4969442711977596,2.2957960512164757,2.504804560070494,30.38063217185887,0.2,114.78610014550968,39.5044698614577,4.333819989293554,0.0,0.0,0.7699369051600515,3.897589712979406,172.08456981131098,10.750844751631051,50.913312017364966,1410,42.39056832303537,44.42539826957112,351,16.360456951271903,0.0,2.5657646946363157,0.59020178640574,Fair,0
WS_002344,2023-01-25 09:45:00,43,Cu-101,Al-6061,295.72909899004856,364.76709206317054,anodized,4.309288010776868,Laser,546.8528966388307,0.0,0.0,99.97999032219656,89.94789698328202,147.44381678366437,2.059121169809602,0.0,64.44514382171438,22.335055581536277,64.63632558721505,0.04578475403804753,1.9327128838264631,3.595584760159647,59.46446797648163,0.2851517022002039,117.79894247663898,16.41356903391077,6.727235605954227,0.0,0.0,1.140445141925655,4.093160035630218,166.4754109980783,28.260391788212722,40.07948947476037,256,23.150642722309307,62.97886479947355,486,0.0,0.0,2.12349956171332,0.7051211979152199,Good,0
WS_002347,2023-01-25 10:30:00,27,Cu-C10100,Al-1100,281.9803107367999,162.36740386513083,nickel_plated,0.8724077354124072,Laser,1004.5102064385973,0.0,0.0,99.90212550888386,33.164835724823305,319.0002547605647,41.22581043804436,0.0,53.71226397502457,23.1874251314023,69.66802387105572,2.486115763099502,1.7737958531475797,4.0618056676012575,30.0,0.6062540064295021,81.18975990619273,30.350370298132315,4.426940584035581,0.0,0.0,5.594625494339281,0.45257107699214366,192.2059388991869,5.0,49.034830960213284,1832,32.48295864146576,53.3478502492141,567,11.93840700073871,0.2092696220539801,2.051355828579502,0.6500606745344516,Good,0
WS_002351,2023-01-25 11:30:00,39,Cu-ETP,Al-6061,231.72851099300172,362.4598858012662,nickel_plated,2.022544206359643,Laser,608.1075624481634,0.0,0.0,67.15729691091278,41.16204117512563,282.5774298989309,19.321885333709773,0.0,33.06268963185943,24.95656801093779,47.61748201820991,0.9388205629309782,2.1546136405908722,2.48377077824023,60.1845917112564,0.37433552191566216,81.44203776407065,27.837132936272813,5.560072840707926,0.0,0.0,3.286980719386336,1.7355347660479439,145.08540030726513,6.0273796014136245,49.011166728906595,1929,55.7512719145695,55.27643198120107,386,20.91329300336584,0.0,2.0148939712036436,0.5910850810331708,Fair,0
WS_002355,2023-01-25 12:30:00,33,Cu-110,Al-1060,167.37622045276612,314.84829931469596,anodized,1.4392646677899943,Laser,2038.4809617151832,0.0,0.0,74.63863029616611,16.69618854440399,515.8523288739204,49.122152262821324,0.0,35.59217075779474,20.413075599629753,55.724350487523296,5.884235450765251,1.921856874390104,4.070890199322967,68.40906493573465,0.3663947219547966,97.96766679439759,31.842388346418357,3.0,0.0,0.0,1.3359367246024234,1.565428363313553,150.9230504918804,6.458342158104539,49.39893709919738,647,34.4209531598288,72.79901107883146,474,4.9565838513404845,0.0,2.420814604031571,0.702672503236072,Good,0
WS_002360,2023-01-25 13:45:00,2,Cu-101,Al-3003,450.1452959603043,285.5318927266528,anodized,3.6090618094524913,Laser,1719.9242145289716,0.0,0.0,22.2775960800583,27.65723443678753,393.19999800502745,23.488043385823847,0.0,27.83720057285862,18.010271335695997,40.873407988878164,1.6985099099121679,2.206179840827586,3.69599406905677,42.727721734224076,0.2883434813149662,91.08360916850637,34.801667058914234,5.619276533610705,0.0,0.0,0.23779925625317125,2.937607019335764,188.24794580094456,20.977454110952294,32.592506659863474,801,38.776654131113965,59.08592193900847,492,10.095736679351871,0.0,1.9068431246813868,0.6534203173770654,Good,0
WS_002362,2023-01-25 14:15:00,3,Cu-110,Al-3003,281.5386255227646,234.9318124413659,tin_plated,4.674455326853392,Laser,1199.0187526693803,0.0,0.0,68.93507917399478,58.64094630292081,452.26670007008397,33.19212760024303,0.0,31.872378082738035,23.13463971263022,36.18310422688626,1.132046110879005,2.4658536519085406,3.04771826218104,38.56323138341814,1.161911444620711,77.03158094953955,21.125030785510752,3.0,0.0,0.0,5.222704246305587,4.850185381939099,174.93549107184262,5.0,52.54018085049253,1531,15.99093019408472,69.09115937766292,851,11.743191438322885,0.024110018592270646,1.618148963757373,0.733456352539508,Good,0
WS_002368,2023-01-25 15:45:00,50,Cu-101,Al-1100,331.65192161401967,242.17978543219138,anodized,2.774309678487492,Laser,1520.4309718275917,0.0,0.0,58.05414103146493,21.241835403654896,231.94684469951235,38.37973061998241,0.0,20.210500973206162,25.695540205077393,57.149834790601666,3.6135983440845934,1.757174038928117,3.596917585416062,39.577356134190524,0.769611269193786,89.13079931386763,30.201672861462903,5.997188467793778,0.0,0.0,6.022736980193368,2.7747216758941176,102.28385188321892,5.0,54.8069780540911,1033,22.129160489729614,70.42147818468035,703,6.648541758929568,0.0,2.3157084015651312,0.7272606055957802,Good,0
WS_002378,2023-01-25 18:15:00,32,Cu-ETP,Al-1100,261.114213618598,385.87497977398164,bare,1.8952786220572673,Laser,1280.9708512382886,0.0,0.0,63.932088608087724,12.085847532731057,802.1442441904732,27.214713080314787,0.0,46.749255918339614,24.860985893150875,56.62823034995767,4.50356716922194,2.592800332177003,2.545617094637301,30.0,0.734951833740463,90.54496670363145,33.66323886593741,7.767451684911057,0.0,0.0,1.8414776398554011,1.5154959188611903,172.91194220839105,12.241863783055802,53.066771485534964,1387,31.407166809563247,48.4009202475784,424,13.931503734843437,0.5420047432938172,1.9204822807191313,0.6260366475684364,Good,0
WS_002379,2023-01-25 18:30:00,38,Cu-101,Al-1060,335.5241080624893,310.9196532515176,anodized,2.517864332756573,Laser,980.5926674822392,0.0,0.0,57.090051643837185,33.624362665433985,597.7035993657838,11.553295428460231,0.0,46.31590841614357,27.550792411450075,48.24284520287645,0.6871978834761425,2.2386824602277366,3.670811811079658,100.11508412890414,0.25746244046569383,87.09685554144417,36.41390270905603,8.095948405033528,0.0,0.0,12.0,2.5987772601838937,219.9048767344891,5.0,50.32595905175955,1309,45.561662530115996,45.496280300927054,377,16.741098900346017,0.7887800049056389,2.255850986461351,0.5891419798523282,Fair,0
WS_002389,2023-01-25 21:00:00,27,Cu-C10100,Al-3003,214.50361415327328,483.4065100010423,anodized,2.921233230209533,Laser,1862.455702124476,0.0,0.0,69.15900731093066,70.99632070901959,726.3723317180579,15.924721060315623,0.0,46.218210196595905,24.232227625406104,56.26454283246471,0.44860693909994404,2.1314098767238017,3.6189515172791222,90.5964136162928,0.2,96.12154520457631,18.880291981754848,10.205366016525243,0.0,0.0,2.4921422065463403,2.3890683258883114,128.43425439871615,7.302694597989966,50.863051767664395,599,32.215518921153866,55.288489914928824,370,3.2728821683358906,0.0,3.1850923989529267,0.6584279590066281,Good,0
WS_002394,2023-01-25 22:15:00,25,Cu-C10100,Al-1100,314.6312760114481,448.50916304695784,bare,0.5817261551624636,Laser,2138.1074966773194,0.0,0.0,92.70244870261489,54.22832470728608,702.7363206695752,34.17976594836101,0.0,44.67272008776826,19.08415716413369,66.68103036069562,1.2605871980319039,1.79755308067694,2.0,30.0,1.0061563088278034,89.94970030097842,27.97999648686725,6.151827089418836,0.0,0.0,2.2832909153050496,0.384932361123081,127.05733980149982,6.480677933613496,47.511784740305956,1041,22.87812315899714,66.44472847649388,812,7.222769834156874,0.3470605613617497,1.9893477720617012,0.7223852763470282,Good,0
WS_002395,2023-01-25 22:30:00,3,Cu-101,Al-3003,211.28687482752886,430.99238390280243,anodized,0.6656248359191951,Laser,2334.63706242057,0.0,0.0,30.05517623758215,50.37510824668646,551.8761951187593,48.10350542024833,0.0,39.281016836356116,25.617542943987395,30.489264940296966,1.9098124885284968,1.8931051740375293,2.5073696876923908,60.375178087115714,0.4598637367764476,96.72645514652537,20.69848601956057,3.8428448890336115,0.0,0.0,7.391969544992992,0.9957346132125146,121.88948005778153,13.478613011558885,41.541706911125296,1666,43.71993125939832,55.898167034392856,384,12.520537415216221,0.0,1.4560562191853883,0.6262895130433542,Good,0
WS_002397,2023-01-25 23:00:00,11,Cu-ETP,Al-3003,164.9993661897766,340.0495759757986,bare,1.4256207362565467,Laser,1466.2792828201386,0.0,0.0,45.217191858004256,43.123408666166334,921.1278200650005,45.96817516547341,0.0,33.564690513741795,27.882346113645742,47.904431287772056,2.131936068474059,2.8790640845818896,2.8801820186034517,69.6996120036012,0.8042125935985801,64.7618115512161,28.204821851310243,5.885075886299521,0.0,0.0,1.4269402491133225,0.9268575672805717,151.3315340017555,5.0,48.22179709591027,170,25.362850002785855,82.22144696066205,471,1.7238450041141675,0.0,2.2185823173887105,0.7456771330147622,Good,0
WS_002399,2023-01-25 23:30:00,3,Cu-C10100,Al-6061,374.40968957435643,314.2103530782398,tin_plated,4.595293937854468,Laser,1560.9526974455086,0.0,0.0,36.92005293472279,36.06748569927161,227.1312252455017,13.735789042191994,0.0,25.75282250953348,26.891844116211185,52.076714802530816,0.7616715596268687,1.8112675222893873,2.0,59.85752229674916,0.2,113.38169184046399,15.525437535385269,3.0,0.0,0.0,12.0,4.998538781076236,191.56685210628882,10.862726656591839,55.9803494225183,823,42.5746109281672,54.26867509704242,288,10.708342442805986,0.0,2.468844274390384,0.6209316292700939,Good,0
WS_002402,2023-01-26 00:15:00,24,Cu-ETP,Al-1100,376.24612495465453,311.2233687568498,anodized,0.6221581303311534,Laser,1480.53821444829,0.0,0.0,40.755612996673214,29.566431976821658,222.95134622246778,36.61479008874329,0.0,70.06703240268396,19.272822518804578,33.5208052362176,2.476781108890456,2.0154558543548546,2.7879064456894564,54.07347991339456,0.4412546578553493,99.27138519170619,19.476014140129912,3.0492226838620504,0.0,0.0,1.277101714934512,0.4900345087698983,140.93607033182656,5.0,42.54164312109005,202,36.01506286687858,71.4257734573011,540,1.2108884901788977,0.0,1.4419932759029335,0.7082714234238494,Good,0
WS_002405,2023-01-26 01:00:00,27,Cu-C10100,Al-1100,245.44457967602554,499.47939273651474,tin_plated,0.5294476562657267,Laser,1805.198697046599,0.0,0.0,9.45177179902435,22.069654099394977,168.57656054687988,26.26296014571701,0.0,66.84400899217125,26.64829608737944,63.83782135942957,2.380006503721052,2.078284605920713,2.668917146402091,43.767658631050615,1.248029114073749,65.92464422561173,34.79696436987209,3.0,0.0,0.0,2.299433743731454,0.5714268061988556,150.35658003686595,5.0,58.67259427693213,871,25.293713799384065,79.01771894344763,533,2.0435222172765837,0.2340863924084987,1.319090265331362,0.7413054558354827,Good,0
WS_002406,2023-01-26 01:15:00,14,Cu-101,Al-6061,186.72571037164332,128.68420835397308,anodized,2.2168224851648546,Laser,2627.149815138501,0.0,0.0,13.536974049816482,20.41165181961745,252.466250121656,47.439462765340764,0.0,72.13505420533775,18.907800866452366,34.02555567687921,4.648272779153242,1.6287653030408515,2.387594337190587,60.53609911023238,0.5078430550734789,87.30830221182855,28.992049879513033,9.732797184523204,0.0,0.0,9.059563109385111,2.6306164289058778,142.5211655948605,5.0,45.07021703302132,1728,39.95579769707035,54.62502975388935,418,16.600437755096234,0.0974649482427279,1.2469828812953279,0.623369723714979,Good,0
WS_002408,2023-01-26 01:45:00,17,Cu-C10100,Al-1100,488.2672111175482,186.90296019754584,anodized,3.5621479901826905,Laser,1406.674211032349,0.0,0.0,95.34515025924291,71.42148807804341,529.171054091893,25.620724209655833,0.0,37.09563384538825,24.346139931328068,61.683645833824365,0.7174514253094154,2.193049327065388,2.5983949284472776,33.57975938685797,0.4460247314460386,87.50525169239879,42.01567920498776,5.090938173684381,0.0,0.0,8.299758124155028,3.053353910062336,137.41881379706547,5.0,60.0,475,37.38333255669144,72.58257492960315,414,3.143059219097217,0.5914297268992451,2.908862063846625,0.6970882024531634,Good,0
WS_002425,2023-01-26 06:00:00,47,Cu-C10100,Al-1060,287.67099843710866,371.61486616897594,anodized,0.40943108934363104,Laser,2785.1603613311413,0.0,0.0,72.5444805152272,50.04567379624755,52.88270650777671,28.016229629906448,0.0,26.551007763653484,27.131356037168565,63.16934672479527,1.1196264334044044,1.540592419180193,3.089778186602153,54.293190834988685,0.7886428212400081,82.45751663266532,49.74455298379421,3.0,0.0,0.0,7.333145796621523,0.1,120.89704620388385,5.0,48.29757964519731,905,32.955715751749366,62.690116420829725,587,2.1039413524102137,0.7552992276034014,2.0305683497384153,0.6924801607220145,Good,0
WS_002426,2023-01-26 06:15:00,24,Cu-C10100,Al-6061,247.08340325101727,432.8903122017515,tin_plated,3.0073839202235115,Laser,1912.3862601242276,0.0,0.0,86.11283082701259,63.480891271711975,993.2132891980934,46.939663128817955,0.0,74.72963297605685,24.20970306260621,69.40081488771239,1.478859612348731,2.310595180794271,3.643875013771728,44.35551138277003,0.3337142698372135,105.49996549250116,32.9096608987232,3.0,0.0,0.0,8.661323931781748,3.5951926230130016,109.28892427064012,12.054561522439897,52.69929297205793,1375,37.33819484517154,60.956221037624545,358,8.139096615476559,0.48156920796761715,2.9843322177095413,0.6549891208389521,Good,0
WS_002430,2023-01-26 07:15:00,35,Cu-C10100,Al-3003,366.31376058754836,358.3666105622056,nickel_plated,4.7558248697391585,Laser,1754.4589939255218,0.0,0.0,7.746448730985872,55.58117909007059,799.2640400757984,46.62576204109524,0.0,27.704881747726372,27.644299883251573,65.0821769368128,1.6777536138820341,1.4814869004394229,2.2080465029345238,30.0,0.2,100.80940141037301,23.77723675040632,7.271215700864597,0.0,0.0,0.06252589970456485,4.458148412697379,153.00374048428736,22.02793787234718,60.0,1710,44.70424017879878,44.14482367329426,514,13.189453372821102,0.29297655231723774,2.5996351322782676,0.6028421405076646,Good,0
WS_002435,2023-01-26 08:30:00,44,Cu-110,Al-6061,109.21883536264296,200.83946382491996,anodized,4.007357859315247,Laser,1531.2878844190684,0.0,0.0,69.04556755192104,89.67363166487371,355.33475016735076,28.780874063445214,0.0,57.165022082187605,20.730576337101297,30.518028704519182,0.6419027205456439,2.2282599543057846,2.8728566303827514,41.53884944670122,0.2,106.32519013552456,45.97682798953111,5.147893779658526,0.0,0.0,1.5569789894772095,4.516398663953828,139.63744215969325,16.835987209667586,57.79158005566224,1723,41.52099897973073,47.452126309520175,417,18.703946804651466,0.0,1.9086144717218816,0.5990789170454829,Fair,0
WS_002437,2023-01-26 09:00:00,46,Cu-110,Al-3003,184.28266602996248,293.3417212235596,nickel_plated,3.6077607635578515,Laser,1757.2738547556833,0.0,0.0,52.704536776645654,33.98161886129925,974.7502451593997,18.48328477653178,0.0,57.69179662275687,25.541093361033212,58.38585573022192,1.0878401557014632,2.1603174406871686,2.480019904983725,63.02270222110008,0.4465536373682453,89.44354440019272,30.04550040180373,3.0,0.0,0.0,0.34877930935323953,4.290104741687202,111.75350153647197,16.07358681857058,54.9651567485183,307,30.385895177794254,65.65621246026602,382,6.420493843302642,0.0,1.903122750769366,0.6819899290944479,Good,0
WS_002438,2023-01-26 09:15:00,8,Cu-C10100,Al-6061,191.01355077458533,232.67610066935424,bare,4.0793122404340405,Laser,2641.1942346085593,0.0,0.0,81.82575483796852,94.54984884092175,804.7098628405706,10.570553116624598,0.0,25.725555238554602,22.853946330124376,58.88121390551554,0.2235974619993173,1.853917692100063,2.295804666652991,53.31332086268236,0.8014660479205539,85.90837620188383,27.61006925976617,4.170241881590762,0.0,0.0,9.068986371302685,4.517314533997236,159.9792099404179,15.423530238444329,51.24418113323686,1701,29.72161032375688,50.7177060669373,679,13.385755534043307,0.0,2.1169199743954974,0.6523802247220434,Good,0
WS_002441,2023-01-26 10:00:00,14,Cu-101,Al-1100,355.7051532725451,433.13961663657705,bare,0.5506263798558165,Laser,2843.7416312606524,0.0,0.0,57.1158233822119,26.807555192941535,827.494091068315,30.051482813482494,0.0,72.08142326143904,20.98778425272976,55.55329562920769,2.2420159240328705,1.7647435221440217,3.016902804941403,48.08773230064718,0.7520948477302484,81.53399428235224,26.721062829355237,4.519465525738222,0.0,0.0,0.07184668943988064,0.5777007782611487,140.78208243285553,21.65405068297663,48.426326674677476,1959,28.057231213557543,43.41708864723428,496,14.620687884110083,0.0,2.0208978476578054,0.6221097516817097,Good,0
WS_002466,2023-01-26 16:15:00,19,Cu-C10100,Al-3003,253.41380497359077,197.92358456485334,nickel_plated,0.5229595400822061,Laser,2131.546495493135,0.0,0.0,17.55702644723185,18.319889079148666,316.19626192672587,43.742935862790034,0.0,53.228264741812026,21.07355524835991,64.28714540746225,4.775458592986502,1.749747977402834,3.4256692716236357,63.0424859289657,0.2,116.23436910365643,29.50330601350646,3.0,0.0,0.0,1.209853851999467,0.6454675503304863,142.22377427748637,13.456107941447737,45.27800156344521,638,41.64889298848977,69.77325032843424,381,8.903927617926753,0.0,2.972076757392144,0.6706649220547383,Good,0
WS_002467,2023-01-26 16:30:00,47,Cu-ETP,Al-1100,434.64808414706323,187.0663504263753,tin_plated,3.717272637147677,Laser,2832.737805679804,0.0,0.0,17.00496962935693,91.90592609815621,329.6866446408815,21.905130907617597,0.0,47.96045292649984,19.81193006550353,45.10203714656977,0.47668592957156547,2.351106783646482,3.1525345493830614,63.152327812148435,0.2,102.41765704116384,29.658192503160056,3.2630530753441747,0.0,0.0,5.493384763205241,3.831124833805346,153.8312354753728,5.0,44.36382671637311,1428,46.88199556216915,50.60841254426138,386,14.830545977898531,0.7084902074906235,2.4254724973048263,0.6041240976421732,Good,0
WS_002469,2023-01-26 17:00:00,8,Cu-101,Al-1100,345.66754012755706,320.5322198769205,nickel_plated,3.156926453924914,Laser,2787.0216481337106,0.0,0.0,31.026477336408522,72.41866185733902,748.9276829581587,12.967370924218507,0.0,68.53481782996694,26.958780317725218,46.143785573034904,0.3581223566313211,2.079087084739603,2.799149887402077,45.81242661419062,1.8655263394603234,47.363895363341435,34.490032269309935,5.077044112454639,0.0,0.0,0.1837708322544116,3.3318690960484294,186.03518681363627,7.230604206501224,53.4288186486359,322,3.774772848216421,94.06481009523382,971,0.0,0.3638676402979304,0.8980302694656634,0.8442331992990932,Excellent,1
WS_002480,2023-01-26 19:45:00,13,Cu-101,Al-3003,278.69581012455717,135.32508848743112,tin_plated,2.266206784227811,Laser,684.0687724857285,0.0,0.0,91.84867092088358,25.699474588279205,847.5477898209232,32.50460582500105,0.0,40.924941814407845,24.67533251394671,51.560728880551494,2.529593024429026,2.5201407971026555,2.875595469424719,43.35389353702401,1.2453960201159242,64.3606865970158,35.72620346084489,7.296020246735916,0.0,0.0,5.281043695505575,2.3557057709318348,180.30642361681345,22.595909324749865,47.67793601566775,497,15.402772031912566,78.43499373378384,529,1.463983819064497,0.9480308068525933,1.7239877434048698,0.7555050232925113,Good,0
WS_002483,2023-01-26 20:30:00,34,Cu-101,Al-1060,275.7861497433769,187.90012006675178,tin_plated,4.263593918443931,Laser,1493.3938619639473,0.0,0.0,28.330112622244844,47.003000756545354,724.5316975148735,19.27498815593312,0.0,21.707410981519015,19.73054191124636,57.323359877796705,0.8201598981209302,1.8633601539963778,2.9988121998800357,30.0,0.2426081800465455,92.50516292407461,28.540495392489586,6.718982787428169,0.0,0.0,5.84698243454424,4.449709312179259,138.3057257576548,5.0,59.02259885086205,739,32.64475522013522,52.47334434276272,303,9.756984686370009,0.0,2.5162463399994195,0.6341218817397601,Good,0
WS_002488,2023-01-26 21:45:00,28,Cu-110,Al-1060,484.5670311386293,125.6541008949533,bare,3.969850890193866,Laser,1385.074303154811,0.0,0.0,66.53663811743138,53.64535957680041,246.14270203150875,1.8265325619250579,0.0,69.43605747309006,26.63931773080585,47.610653716471205,0.06809657261445458,1.7642490224475207,2.853330944277694,60.98593071113369,1.1224880029578126,68.64371012755285,24.509983253977325,3.0,0.0,0.0,7.367041307178877,3.4840252981348234,117.7380711318441,5.0,53.43936394900257,1791,23.143926204855276,45.95574011063529,779,5.70533032145774,0.0,2.060863350474465,0.6714092999499053,Good,0
WS_002496,2023-01-26 23:45:00,39,Cu-ETP,Al-3003,131.33528710480266,496.8686857793638,tin_plated,4.3974892823121925,Laser,591.5730559093117,0.0,0.0,22.617858176995068,84.25215577460648,398.2324508411321,44.109349533703096,0.0,62.50560182511519,21.006443161582325,44.568222271486846,1.0470794278951283,1.436431532431262,2.4947036676147323,36.56465214883251,0.9497996847951613,92.0139444296045,19.53736347037495,3.272579173614445,0.0,0.0,1.1089953338747418,4.874282285974894,128.9449746532583,5.0,50.537107295084255,1839,29.077945911797336,57.99768002041808,532,13.634787080818864,1.3173715874500826,1.2514442111476034,0.6612787220734805,Good,0
WS_002497,2023-01-27 00:00:00,33,Cu-ETP,Al-1100,129.0299192178843,362.2375804979357,bare,0.32938839044771495,Laser,2188.8341076211773,0.0,0.0,61.80141915623247,48.13792799849276,131.5692054630296,4.8592842781463235,0.0,20.493701032817707,20.117212142091013,41.441673958361925,0.20189004721177328,2.0837389777906568,2.8181473213827664,37.312108134657194,0.7498981240459806,83.63072912523477,30.910560712000642,3.0,0.0,0.0,9.161755584564174,0.4433080232184734,113.1864013498712,22.095928711190243,47.0718257250649,1900,37.74557969480492,53.15008604072874,471,12.507886400350811,0.0,0.9661379827531283,0.6342045585589566,Good,0
WS_002499,2023-01-27 00:30:00,42,Cu-C10100,Al-3003,185.14003441534297,406.19940016211984,tin_plated,2.2722680317474926,Laser,937.5183232440297,0.0,0.0,66.00979010026023,38.196311332330296,491.94634562001175,5.968302992733155,0.0,78.99197856630468,18.08635392161345,35.92147214006344,0.31250677275119165,2.274785531098583,3.189868688542475,30.0,0.2,97.99744966231847,19.41042847299711,3.0,0.0,0.0,10.798629360105199,2.601362866560502,144.2740562148521,5.0,46.424725023777064,103,33.716880749434075,56.303004549465335,429,3.101872740117387,1.2938242763973182,1.9041853244660372,0.6629661788617921,Good,0
WS_002502,2023-01-27 01:15:00,31,Cu-C10100,Al-6061,433.1574379548918,106.61577971595064,tin_plated,1.0041087784336868,Laser,2461.46870507807,0.0,0.0,13.303179159830467,43.47377248050569,911.4909746142434,49.18052833736847,0.0,52.909780682368186,23.215915003083936,56.42438759181129,2.2625378719742706,1.8726937517677378,3.655417305596965,77.17113138226776,0.2,100.72430156328689,34.31697158775466,6.828306311958547,0.0,0.0,7.091720983127809,1.0973836222707498,172.0083891595996,5.0,54.470728716343515,447,35.664615633279624,63.07533740506076,327,7.236742272155261,0.3858665808816362,3.2159981264155366,0.6624225283024413,Good,0
WS_002514,2023-01-27 04:15:00,44,Cu-ETP,Al-3003,145.1432578851049,306.53592753533064,bare,1.6669087163396086,Laser,2628.092915054616,0.0,0.0,29.572098155086923,33.96606531308326,640.6725210443755,43.99726864088486,0.0,26.774650224266843,19.87390509288949,30.512252066049975,2.5906603096554557,1.995513696737341,2.001638159104357,40.99823831868103,0.6255255252729104,86.95096348792663,22.117724801056823,6.158420172600012,0.0,0.0,10.076877434225796,1.5813300728873312,204.21894341335164,11.964673241215698,49.96512764734549,1714,33.694725950419816,53.57230808038265,496,12.26910800499883,0.600028402178888,1.4353903427714525,0.6434507704326208,Good,0
WS_002516,2023-01-27 04:45:00,2,Cu-ETP,Al-1060,428.23057573353987,273.05699224161435,anodized,4.5079675606642695,Laser,874.853857963893,0.0,0.0,68.57050306061261,19.436604790313556,348.0807320084231,1.6061879604796656,0.0,70.5419385713478,22.812474627313026,39.302678047456354,0.16527454026128338,2.317826371842302,2.0,37.223497608641445,0.2,96.7455406368795,22.74055811060954,3.562990423598088,0.0,0.0,1.0538101950884857,4.530991327707627,100.36405544649702,15.582188185176069,45.911878753851305,899,41.49482339647165,47.883238756158725,518,5.076651200530279,0.0,1.6426532391598219,0.6324804741280283,Good,0
WS_002519,2023-01-27 05:30:00,47,Cu-110,Al-1060,414.79031975248034,270.12326012046134,tin_plated,3.035450400642679,Laser,685.3377863828546,0.0,0.0,88.15047936723357,87.36557136405607,704.0033143258327,15.443758357093285,0.0,72.38289654721831,23.211757882794224,56.56590528299047,0.3535433493072113,1.9489834993024369,2.27812608220704,30.0,0.860370212671564,90.5419751549784,31.965396956594265,3.9277746697372296,0.0,0.0,4.475479320170987,2.6117896238561165,149.7845046090284,29.482270891351526,45.586829214596285,293,22.977865450599182,65.91684951514458,718,1.8595562419000133,0.0,2.389830345889701,0.7247053243250668,Good,0
WS_002523,2023-01-27 06:30:00,2,Cu-ETP,Al-1100,324.13946974012936,359.2672195918174,tin_plated,1.699822205549933,Laser,600.4174173274638,0.0,0.0,43.04308375731438,34.86942360735057,338.9926292562246,4.89624990405628,0.0,77.13825641439561,21.550053454922537,36.597655223793474,0.28083342926403504,2.5744555785362864,3.5651941478105047,79.23422792329427,0.2,106.32846219724905,23.050083688604747,6.892724993916886,0.0,0.0,0.3625247742824457,1.2557512077463464,149.95519147858616,13.580063627369185,53.97500934955945,669,33.67491486246638,65.28247861233056,467,9.954113893460136,0.20987170497227417,1.6042314000741893,0.6751631940202224,Good,0
WS_002525,2023-01-27 07:00:00,17,Cu-C10100,Al-1060,241.93828937226328,106.4678159818079,anodized,2.7009588476430397,Laser,894.3515395106442,0.0,0.0,85.96512055112231,61.4567936973247,196.3044702080068,31.702863531939467,0.0,44.93806561714213,24.346572115041287,37.25071450209757,1.031712252613645,2.1829365691048546,3.110872556975755,68.05175433181255,0.24712700388453834,96.35690969011361,26.0189727526632,8.140242889463746,0.0,0.0,8.707480640867864,3.1401865680018046,124.2721317528752,5.0,53.119239392998445,379,52.49322358716734,63.77118854760313,432,2.9857307300396623,0.8907124752034696,1.9304036480701334,0.6538898908694324,Good,0
WS_002526,2023-01-27 07:15:00,37,Cu-ETP,Al-6061,345.0737378698429,336.6675282374016,tin_plated,1.9885784726245574,Laser,1322.6485352530185,0.0,0.0,57.95822996589951,47.841407275112964,356.56677720198894,18.981400078679822,0.0,57.7733085164023,27.42917111525436,52.3440354377504,0.7935134503685021,2.3996186449886827,2.117475837416445,30.0,0.6544343294431892,69.40095813060412,17.748093411749156,7.2533826530977965,0.0,0.0,2.1773416280372784,2.397516362857245,100.0,18.392206095882234,49.58460241114382,1092,34.18710002929463,60.10886876136024,593,6.566371333107391,0.5507718070716877,1.3661113101645423,0.6762129089432155,Good,0
WS_002529,2023-01-27 08:00:00,23,Cu-ETP,Al-3003,356.1933172568849,346.43942485974185,tin_plated,1.172289920179694,Laser,1089.858808503329,0.0,0.0,10.718433828622723,76.34829262836278,71.12794851769517,37.86415134997546,0.0,35.788945013256125,26.933041306354866,48.56919970496784,0.9918794526102926,1.886762000974933,2.820554515745,32.66486459830453,0.5253887488079146,100.74957610265237,37.14786576958834,9.109407372064364,0.0,0.0,2.4266356041896344,2.15954217739063,138.42884166168054,5.0,45.219706850394424,585,32.80010903631337,69.67592984897816,417,10.766630138982029,0.34707979393589766,2.1316267042785286,0.6826022295573839,Good,0
WS_002530,2023-01-27 08:15:00,3,Cu-101,Al-1100,203.77966842723052,175.6068269338217,nickel_plated,0.6266098794465382,Laser,2805.941136862349,0.0,0.0,82.1802965664603,55.54784735006773,518.6895219804196,44.55251551465469,0.0,37.012833590682135,25.3551330808424,34.19934245770014,1.6041131255323207,1.78860794584106,2.095293280419863,67.18978185873573,1.1056097070244855,83.81358973837168,34.560396903156686,4.264885292224455,0.0,0.0,1.759711215078902,0.5584646954073283,165.23612797173192,5.0,60.0,1071,29.14836085527557,66.00068717079348,761,5.53971628789279,0.7606142825968876,1.0548685444469306,0.7116255419376046,Good,0
WS_002532,2023-01-27 08:45:00,42,Cu-110,Al-1100,147.70866881589737,361.3086263330975,tin_plated,0.6512399932880384,Laser,2358.327573289057,0.0,0.0,84.8805913109726,63.34529947515447,578.8918044547797,2.475036774287532,0.0,41.49195341443559,25.128024155789625,43.553335132534244,0.07814429151947731,1.8879610463651038,3.9542975641210854,35.52277700228822,0.8819454356093083,72.29255131653535,33.82039132447172,4.9944410987454715,0.0,0.0,2.762605193826121,0.7342444867482514,161.93433963904252,28.21502084845251,52.51260136877045,1420,32.52813350803317,63.561897540877005,444,10.310299732303365,0.5310349416075837,1.3041791316839455,0.670380731592074,Good,0
WS_002533,2023-01-27 09:00:00,23,Cu-ETP,Al-6061,189.83295306156043,121.47887517574972,nickel_plated,3.6487183628034976,Laser,2192.0907438875693,0.0,0.0,18.056242706422246,89.8545989478303,437.75580085473194,44.12785756138624,0.0,48.88341981794946,20.893554574062264,60.77707676188538,0.9822058765630224,2.2603340194564487,3.2035522202813613,34.6086786099484,1.4793055615170703,58.377789737233236,21.397993547378583,5.073393927854081,0.0,0.0,2.949004348835035,3.8022070506220595,148.30123699251897,8.511811399571865,50.871328211275326,124,15.864720774700924,87.33027264832624,577,4.267995521181977,0.06272457858255406,1.047773774332537,0.7749927755232147,Good,0
WS_002534,2023-01-27 09:15:00,28,Cu-110,Al-3003,300.07917420911406,225.36222458982252,anodized,1.9897275799028051,Laser,2075.70913955547,0.0,0.0,15.924955032683274,16.745800977528468,580.027109430431,43.81355882201701,0.0,56.02126647121179,22.913966573301096,43.307204207187866,5.232781505144044,2.4720042944471197,2.8005096695341045,47.406100375385684,0.5542282914792191,82.32522729562692,20.750595667687648,3.465299452347737,0.0,0.0,1.5140637044382736,1.9460505820845295,114.29204962449437,18.210675706038458,53.14723496095521,1560,35.768210980372885,58.534480420119294,612,11.437873180836586,1.1466533247663608,1.8249626283287756,0.6620378723656702,Good,0
WS_002535,2023-01-27 09:30:00,25,Cu-110,Al-1100,436.17710021840804,159.77276085680762,bare,0.4595541097445023,Laser,567.4899793880049,0.0,0.0,86.62616637067073,71.36646506849475,620.6251427465439,34.302132343100844,0.0,38.292160176158575,21.00231314091419,49.77200739687327,0.9612955415454303,2.3955190604504937,2.9282855606661706,48.57529050894605,1.2731965183941711,95.36996858124625,29.40388330825529,7.656206213978672,0.0,0.0,2.1884897675464865,0.1,172.37228258358397,25.246261091249977,51.46503419613603,531,20.69212477050214,77.97013162286059,536,6.89355705752989,0.46451422384697877,0.9276273840305138,0.7366950557518631,Good,0
WS_002536,2023-01-27 09:45:00,31,Cu-C10100,Al-1060,380.51733683535366,332.07054791861356,tin_plated,4.08237724221477,Laser,702.1910994836959,0.0,0.0,30.940016839632538,87.80818941815025,528.1128838919499,6.157752823239208,0.0,67.53489405860549,18.840592379410296,60.90343720002001,0.1402546360206894,2.2988293215044577,3.193456147203485,40.65708638084443,0.5628997930799136,83.13463575878524,30.840356704527565,3.17137703840166,0.0,0.0,4.170653067779066,4.2734908857214196,185.959013816377,7.7983799580346425,50.58816332990854,1094,28.117024279414327,54.56809200771774,406,11.56483862744337,0.9696014838166392,1.9208861832267716,0.6496272878403831,Good,0
WS_002539,2023-01-27 10:30:00,4,Cu-ETP,Al-1060,261.86149665942,202.09248676742618,nickel_plated,4.483937754230073,Laser,2037.1571216380385,0.0,0.0,25.762162718824857,57.174563391599094,701.5674478986368,12.473974832013086,0.0,36.68861653871197,20.319790013607207,63.27179187847865,0.43634700790197695,2.0519615031115452,2.6354794841754314,79.47226277755813,0.2495206097691583,103.3673759470532,35.57000845349715,5.5196488579983995,0.0,0.0,0.08312888431411469,4.248584578312751,174.82946651058396,5.0,56.20339642671772,1209,49.92038273255852,52.5317673352463,347,15.092113463929078,0.1905103118405563,2.5996342042507727,0.6012844648277442,Good,0
WS_002542,2023-01-27 11:15:00,9,Cu-101,Al-1100,124.4866632574288,270.4606193802895,nickel_plated,3.7850299462487196,Laser,2697.733225895973,0.0,0.0,37.433917375314515,54.90268392310064,250.34872252107968,34.04173387214881,0.0,71.74092496694942,26.11469319103381,44.82597314641745,1.2400754003148302,1.9412207636430703,3.0454814436219606,30.0,0.35644777133525096,97.99006679988857,32.86313590190271,5.192626377344337,0.0,0.0,2.8009860165890306,3.2080710096424916,137.5407051011797,7.222115860659324,52.34330624387426,1056,39.2729952675597,63.640187195120895,516,22.647105387772292,0.1405998104955059,2.4817721417753504,0.6421276524843896,Good,0
WS_002543,2023-01-27 11:30:00,6,Cu-101,Al-1060,336.36643713089074,478.33776362508604,anodized,3.575951858518457,Laser,1935.8262457183978,0.0,0.0,50.28529743562373,53.356967190837004,438.5256744311213,8.610317101328754,0.0,29.59709473629767,18.772680720467545,58.08021082300844,0.3227438722494484,1.9866550233471774,2.744189115479005,70.6655325971302,0.85748784053129,106.9591710970958,21.704906346631695,7.173420930435341,0.0,0.0,7.481894088590758,3.6108415017418882,172.7912358764497,5.0,47.0199590558385,1191,23.15795531693351,63.166110315301644,719,9.544450869322477,0.3374604817560939,2.066708721442537,0.7032158307662074,Good,0
WS_002544,2023-01-27 11:45:00,34,Cu-ETP,Al-3003,495.68667336823444,187.09161369880985,anodized,1.5174312992499426,Laser,763.9020532007486,0.0,0.0,45.485642501622735,96.76998574716892,980.3993470385302,6.2183572652064,0.0,42.83979601585992,26.087113532963134,32.326044690831324,0.12851830486889004,2.304386648753574,3.0293124800511695,69.89415445534438,0.2,85.66090007201912,24.170298140644068,3.6367971901768383,0.0,0.0,5.019727081725187,1.519976689181459,162.81777675588765,20.10234319767351,45.005402610651906,886,34.97536980851937,57.18871762496141,344,4.65988667764865,0.0,1.556851764889624,0.6547047851623666,Good,0
WS_002550,2023-01-27 13:15:00,48,Cu-C10100,Al-3003,381.5746668138062,444.4520972179125,nickel_plated,4.560113276483992,Laser,2901.4164820449587,0.0,0.0,7.305606963991733,51.09328559945965,850.7427610953921,28.90039058073025,0.0,39.8226998428555,20.592835707494228,40.7802106119857,1.131279393824534,2.1138381726748667,3.3393031819957075,46.73106544633228,0.2,86.77573812642689,37.88266158043998,4.840252168439922,0.0,0.0,4.949883792195693,5.436773716158396,155.9449851718275,7.389801687287955,43.990440149163334,209,38.67131129116639,65.94998400783011,291,1.6026557155720143,0.0,1.8103188578655494,0.6732630136161282,Good,0
WS_002552,2023-01-27 13:45:00,9,Cu-101,Al-1060,263.57089430266876,153.7828163068258,nickel_plated,3.85244003135135,Laser,1540.341745510815,0.0,0.0,65.26177468096202,41.63124588808484,652.1530899735716,44.55374102849584,0.0,21.180962371658087,18.55667789227931,48.27904495557301,2.1403991198470207,1.6971245519404388,2.384106895354047,78.79222171347942,0.7223492625822625,97.2651833690167,28.96731797416495,7.475654577917154,0.0,0.0,3.046608448309888,4.666751202457325,126.72496072942414,5.0,60.0,1935,38.740042055807784,49.86033130368383,638,9.732839697228407,0.9824750264388158,1.1512685095041926,0.640825024076528,Good,0
WS_002555,2023-01-27 14:30:00,6,Cu-101,Al-1100,352.2354789234174,345.24878949662394,tin_plated,3.7459941761147943,Laser,730.4934205946024,0.0,0.0,37.27927636230522,19.013422448122398,635.7296029987547,44.836683260234295,0.0,54.994238231732126,26.740409764859546,38.788550155723016,4.716319051193436,1.5780574973526698,3.1386839137978764,50.224050779983706,0.6423161052509608,88.03643168890689,33.00924271557188,5.044067317872484,0.0,0.0,3.2025796707094387,2.553448789251494,176.38062054057485,10.450251309984358,44.10143761301102,1459,27.62441127520559,63.09668966601528,657,11.00919779760272,0.6580539254834663,1.4405655967841648,0.6894628613817247,Good,0
WS_002565,2023-01-27 17:00:00,39,Cu-110,Al-1060,300.1220625418059,254.2929311599333,bare,4.607481486012927,Laser,1952.6367973390752,0.0,0.0,86.09225250620756,11.280643387565277,804.7471143992054,45.71379862114104,0.0,67.54008180895784,19.326941882877787,57.95935956287032,8.104821161447518,1.9457695178482877,2.7477508240441737,76.51976093917784,0.2,111.37839486192489,33.09150583131631,4.876137717057226,0.0,0.0,4.531124658018983,4.2563517121079055,154.9232726681513,22.92018105648662,50.537414211230995,1999,48.134030907685094,36.61827057311057,388,22.213316899279953,0.09715232263417745,2.2551508097698294,0.5535613275517656,Fair,0
WS_002566,2023-01-27 17:15:00,47,Cu-ETP,Al-6061,457.6398144424637,411.64167493545864,tin_plated,2.1915296655885514,Laser,2077.484594859239,0.0,0.0,25.493136797578455,63.09216935931696,278.5100574004118,46.76898896872475,0.0,50.07072380038494,21.41451637720104,68.35765042188066,1.482560813604938,2.164443786482428,2.5316629047328365,82.74282617015349,0.2,120.00958814747298,32.28803017958958,5.299438570754262,0.0,0.0,1.5900077772174024,2.3598669557516456,146.4612236678532,5.0,50.3907439916805,1754,43.005279557651015,47.69291501462443,443,20.155480906152377,0.0,2.900753327345029,0.5964661748343822,Fair,0
WS_002579,2023-01-27 20:30:00,4,Cu-ETP,Al-1060,466.6572410775665,255.13803987433877,bare,3.952840251324322,Laser,1318.190752458185,0.0,0.0,51.90156620037197,73.53336400239121,900.6125409329945,24.27636713734176,0.0,26.650211941545116,26.249728508613035,39.90274799726585,0.6602816957089662,1.689602904243396,2.658100375450725,30.0,0.6575388184565095,83.13690760806806,29.316414480184932,3.605550990813409,0.0,0.0,12.0,4.347985814615212,120.0255414209185,5.0,51.29770960922946,1881,35.57592608268116,51.19260864195412,403,11.935135340021327,0.2578202825763281,1.1438037215607428,0.6291059203849901,Good,0
WS_002589,2023-01-27 23:00:00,23,Cu-110,Al-6061,308.7449181328715,479.16683157379885,bare,2.56437629170792,Laser,2587.468094272677,0.0,0.0,60.01501309113687,85.70243644349365,817.5557267186759,14.154903838456825,0.0,27.811620938386096,19.344633099539426,37.08215062720565,0.33032675442756176,2.3216495146342337,3.746675360320432,62.49871294185606,1.268196060672921,65.31659693583836,27.377793892011297,4.835940100710534,0.0,0.0,0.21451234770996397,2.488943512811654,120.6126328516462,5.0,48.40669578635385,968,27.424335550701525,76.9517611424938,849,6.8382124574848095,0.0,1.5208686477749116,0.745021251172398,Good,1
WS_002591,2023-01-27 23:30:00,43,Cu-110,Al-1100,176.80650038717954,452.5867059518224,bare,3.5638144182110323,Laser,875.009651818681,0.0,0.0,61.81915234529156,41.94137767126896,742.4470942232407,20.093307128692096,0.0,21.585342505638557,18.371531510345864,61.48506453342341,0.9581615218355874,2.5864332327422526,3.4330358130708802,30.0,0.2,105.38506182624037,33.476091525457385,9.382268102657536,0.0,0.0,4.1610535257311225,3.413809941133957,135.3584644019721,5.0,36.15354140243896,1580,38.675203095677546,49.41583859263674,336,13.66095930827533,0.532300031884442,2.4533612832952136,0.6123124931350593,Good,0
WS_002597,2023-01-28 01:00:00,5,Cu-C10100,Al-1100,183.76268557997344,378.19024167563094,tin_plated,2.165652604972906,Laser,744.7490933733102,0.0,0.0,18.459174816701257,42.13884071402093,83.55077816513943,12.52528636926904,0.0,22.339607174111865,19.68982864353243,32.798886888650635,0.5944770267541546,2.217650030099371,3.5132508560013314,77.3215461580668,0.2,114.66693518821924,26.68916750487049,5.001507033180533,0.0,0.0,1.2554913825549405,1.2387274138438809,140.55209019974518,8.136524077015885,43.62809745909189,687,34.83494466335364,55.841423401535984,354,9.077675309173157,0.0,1.1715154757308865,0.6439305003041097,Good,0
WS_002607,2023-01-28 03:30:00,14,Cu-ETP,Al-1100,175.1614355193666,341.4578098023951,tin_plated,4.4235032980147935,Laser,1810.6589686392922,0.0,0.0,81.75227665698684,66.07445500720115,467.28914179512793,9.084135118557512,0.0,20.32845319902248,27.02383712157703,57.793244375687486,0.27496663022245055,2.158418677234533,3.0828963864388426,55.598259525381074,0.2,105.01737011407461,26.35785257688134,4.010231841136096,0.0,0.0,8.114173393258142,4.186131723497382,153.0213678734554,13.592464739152934,52.04430124953832,1063,35.869498147644975,53.14500881950844,529,7.874777718044659,0.0,2.568079354813113,0.6495597332726365,Good,0
WS_002609,2023-01-28 04:00:00,43,Cu-110,Al-1060,234.58014072700405,446.49344914356897,anodized,3.2951225164578615,Laser,2256.2358962354683,0.0,0.0,52.79305557000052,81.32473293009683,260.9042889121794,5.2635745645597884,0.0,26.908982669954707,27.019282991242335,30.37680456339298,0.12944584937239514,1.8194764745263825,3.0681257843409737,38.83961441203863,0.4752087579036538,100.79674491154175,20.341734966671627,3.0,0.0,0.0,8.191733523653392,3.051320570127875,118.09717985849356,26.565784386526104,49.379885736097265,1417,32.980208584475015,57.44895097386079,596,10.156095211385615,0.0,1.5192925261522157,0.6648427193699248,Good,0
WS_002612,2023-01-28 04:45:00,14,Cu-ETP,Al-1100,171.53642740311975,113.99299532322513,tin_plated,4.170658118130724,Laser,1409.5729391170785,0.0,0.0,59.027773904792355,39.92342836833467,560.2932186219012,46.23757838431175,0.0,69.04282373120212,24.085004668564387,40.89428951673328,2.316313015892451,2.0922499781856527,2.7539802586585957,49.30406798302014,0.2,93.06962549288161,21.988321705614865,4.828457844925557,0.0,0.0,0.7842082093645313,4.982812314958944,167.61733768119183,10.198397854897452,51.23840798898863,940,41.31967731250616,54.46315980975317,423,8.938824199968641,0.6864163038708874,2.0800102456330882,0.6356180881806824,Good,0
WS_002616,2023-01-28 05:45:00,49,Cu-ETP,Al-1100,279.36313640637314,359.69709313518825,tin_plated,2.9809169681024965,Laser,2685.2484769105367,0.0,0.0,67.73188684094981,83.02869034140295,295.89505078760664,20.21880043069362,0.0,28.80128465182777,18.321979759453054,33.12299561900832,0.4870316597204315,1.5795035089550316,2.9686427271972495,69.23959717497046,0.5685450311376733,87.8107212469982,20.349927797891667,3.8383769254048796,0.0,0.0,5.221206264358664,1.7170367580489172,157.06161944354346,12.4540537093524,55.183140491839005,494,38.421916582840154,66.70421659293042,444,7.562414260522311,0.4016364954967593,1.422347701967629,0.6745481398695865,Good,0
WS_002618,2023-01-28 06:15:00,49,Cu-C10100,Al-3003,397.7677015253304,154.15143840444046,nickel_plated,2.3642145626619944,Laser,1298.4562164061895,0.0,0.0,74.95572643285831,66.74421449685363,350.7173114631516,2.5236360774085496,0.0,35.32763692050111,27.565826751228613,42.417496062126524,0.07562111851739646,1.9237032900019595,3.1361300302306367,48.43166050130263,0.2,103.00710400905211,24.31190658734983,3.724074264155884,0.0,0.0,1.0691862638799217,2.3622618612516435,154.978851532364,10.322479431316225,54.952683638219284,1193,33.58067626240337,58.292906253722016,509,11.14026277993089,0.0,1.7084986664125548,0.6584065918616628,Good,0
WS_002620,2023-01-28 06:45:00,17,Cu-C10100,Al-1060,275.2134626790587,352.16869926756925,bare,1.8510085891565033,Laser,1456.6289057351157,0.0,0.0,73.49804804188899,99.47231322234913,320.21760179214414,7.418934968980683,0.0,48.76694923621916,21.03324244475452,59.22416713759602,0.14916582772931475,1.8428462427317178,2.2477401270192816,42.95311674325411,0.5214060272172694,103.91618484029219,33.53359923148063,4.393091786554633,0.0,0.0,2.9563229970261293,1.5291590158774921,159.47664523172335,8.183160584841962,49.05857522860298,1843,35.21784124017593,57.93661252700378,446,16.228954830665074,0.4409919638532859,2.2072155794031083,0.6413188124830819,Good,0
WS_002625,2023-01-28 08:00:00,42,Cu-ETP,Al-6061,305.37379885032806,223.90899388961964,nickel_plated,3.0724490338669526,Laser,1723.8167167167016,0.0,0.0,60.63640107359407,71.98408546085116,85.58345403012842,26.989998047264578,0.0,75.05290306932582,27.128216497716245,39.90550998086716,0.7498879196553299,1.9211287621942919,3.0526169891913804,33.21287257167505,0.9566004800581214,93.43677629100256,32.72790568569665,3.7028023259584635,0.0,0.0,1.196405025919137,2.4694117614122555,186.71953394697465,14.905647504428941,53.1674434134704,317,10.44255018464466,67.36455991832067,608,1.65227289357505,0.10721575732951275,1.3310810846155738,0.7401828961767148,Good,0
WS_002626,2023-01-28 08:15:00,41,Cu-110,Al-1060,360.24260930084137,196.12915229793225,tin_plated,1.010033808954741,Laser,507.745091445458,0.0,0.0,17.026032520525867,54.971582978483305,915.7172705543362,13.99373999717034,0.0,72.96096904054151,19.797719693556374,69.8265321120953,0.5091263245101637,1.9575042221454557,3.467624900652263,61.849739696533845,1.1726888218748912,73.4952999343356,15.0,7.5081959969226775,0.0,0.0,1.1195853679461205,1.625227384252057,131.6728521218071,36.40629775004982,41.65670946253972,828,17.563675740346582,78.58885496762818,619,2.837293125997093,0.0,1.9455426333243324,0.7560733658639727,Good,0
WS_002637,2023-01-28 11:00:00,45,Cu-C10100,Al-1060,230.6487622992035,388.7638295969216,nickel_plated,1.3336181140648928,Laser,817.0013571346849,0.0,0.0,67.62261986905312,50.13288565618394,938.6005653288157,18.97594402241778,0.0,75.57441569792809,27.14796585466914,66.42752402404307,0.7570258034838289,2.2497336853623366,2.5402434620963907,30.0,0.9446722380550836,84.11300286718065,40.88363303185725,4.839521782528286,0.0,0.0,7.521617156587251,2.049192510438021,179.72349766289247,21.068245926028712,48.46888213748335,1351,35.911690568906906,61.37637083481744,671,10.293006604694147,0.8182254341895766,2.10690502654237,0.675007337183215,Good,0
WS_002652,2023-01-28 14:45:00,16,Cu-101,Al-1100,158.98120370647183,171.9377787342165,nickel_plated,0.37385251444006873,Laser,2867.583280480977,0.0,0.0,60.466966297215684,23.915191961785048,205.66540140528372,30.46588882544697,0.0,76.59515027951267,27.73900285345444,41.42561398654512,2.5478272450523933,1.4596456079718148,2.562210244453043,30.0,0.2,92.58782232529052,38.742164573251344,4.27935109934358,0.0,0.0,2.915512966248674,1.0692270451726413,138.23863068147563,17.63797793241932,45.915208282305954,1841,39.07418953080568,47.867847867807484,288,21.062767425498162,0.0,2.1273799888829323,0.5907656464505011,Fair,0
WS_002653,2023-01-28 15:00:00,49,Cu-ETP,Al-1060,129.29824164295604,214.03979975319763,tin_plated,1.243181209035628,Laser,1333.6713494620196,0.0,0.0,5.552967459585744,65.04781004523751,692.6679827521923,45.6021213870035,0.0,57.68762517039705,18.303802151682927,32.64002914568847,1.4021108890611227,1.9527540531104979,2.917186271081594,30.0,1.0153017304270338,75.42411664052989,29.537127387937517,6.879069049869556,0.0,0.0,7.2295613635378135,1.418270468343387,152.88469433512861,17.92060828796152,50.19256657647571,791,33.085424845182615,71.69641999374818,690,5.252030760912671,0.1408681470246158,1.1130838649669337,0.7157653550398853,Good,0
WS_002665,2023-01-28 18:00:00,47,Cu-110,Al-1100,243.00533137089477,278.3398536794871,bare,1.8973694643017973,Laser,2320.776105119565,0.0,0.0,74.55659153817389,45.35734987302739,721.3003296656633,43.432888535104276,0.0,78.24817930511249,22.701392092120738,69.96650448611447,1.91514224956659,1.723068918574755,2.2548471011682607,66.16637592161138,0.6451599727251481,87.14947866305005,43.85358745267648,5.0306747346811855,0.0,0.0,1.0670723915924138,1.0082053714415402,143.91806686139012,5.0,47.31496880787179,243,27.117530633837667,65.14480689373458,450,5.2113893098449955,0.3251986362671665,1.7685536832122786,0.6924143663276205,Good,0
WS_002670,2023-01-28 19:15:00,3,Cu-C10100,Al-3003,236.9336329843963,141.20767777688243,tin_plated,4.248954503070319,Laser,2334.1527414475513,0.0,0.0,49.93951292384683,17.727453156364035,342.313054292878,31.30133271762007,0.0,24.503282666565056,20.219507089713584,56.303257358184915,3.5313964664329807,2.001388420919958,2.622316485734912,57.68135524603897,0.36332736763236717,107.03793334183324,15.63650979022364,3.90370596786494,0.0,0.0,7.408401173461037,4.165552455300633,100.0,5.0,46.999677334388316,256,28.647468084407564,62.756422524128226,587,0.0,0.3681906222593768,2.143730544397011,0.7030531875170425,Good,0
WS_002682,2023-01-28 22:15:00,28,Cu-C10100,Al-1100,311.95025020728247,399.1106553088403,tin_plated,3.380456923961137,Laser,1433.7787268865723,0.0,0.0,34.89764792782084,27.62767043429644,779.4734625381687,23.649474469573857,0.0,25.575640400930258,19.83452927729614,35.91119487129888,1.7120136513729272,2.338128659651533,2.5742851440825203,30.0,0.2,109.87113012642914,15.0,3.0,0.0,0.0,0.013263621662632116,3.317867288118719,144.77844697918903,29.460112440071917,47.8947097537918,1946,50.73914170492412,49.17987984361276,358,23.79804409382174,1.0810892943298767,1.8657473960039928,0.5760863210423967,Fair,0
WS_002683,2023-01-28 22:30:00,35,Cu-ETP,Al-1100,345.9612058267744,258.98157026681076,bare,4.568948256611735,Laser,1356.795447567247,0.0,0.0,55.318357051303934,49.096321490713045,490.39779587673837,13.35554414290552,0.0,68.22633808113774,26.221398904218674,39.82644226314922,0.5440547779300259,2.0780537289573253,3.189035472623834,57.57312636041296,0.594092445348954,93.68820728586194,17.67587132991308,3.274882485295426,0.0,0.0,8.95101916592343,4.525853469497569,107.50471912173268,5.0,47.48353170181513,458,32.36793703366512,62.7597732225091,538,4.329150063510868,0.0,1.2172636382062698,0.6860970378033588,Good,0
WS_002698,2023-01-29 02:15:00,45,Cu-ETP,Al-1100,375.8136835621661,434.3796443646273,nickel_plated,0.6167815870461553,Laser,2695.9691656316154,0.0,0.0,10.827166893528936,33.4304725509108,515.0627009896882,7.746620454277144,0.0,42.98904532355077,24.37842214909972,48.314272311606416,0.4634466618729319,1.9026846369423427,2.29826400291946,41.975083830828495,0.35607208545194036,98.82416017313435,29.896732074927005,3.035734961047533,0.0,0.0,5.999170784842776,0.5881909325961018,160.56683626084202,5.0,47.14092310168369,167,36.10887551300792,70.66466424439557,441,6.431768074062693,0.0,2.23155717757013,0.6898387822026094,Good,0
WS_002700,2023-01-29 02:45:00,41,Cu-110,Al-3003,210.90336653967444,154.78604952371794,bare,4.770032152725245,Laser,2771.034233192501,0.0,0.0,40.86687518786709,22.794269005965706,219.2022731605138,23.832768055642145,0.0,64.7629348524186,19.57810674544916,59.70584980156561,2.091119311560695,1.7859910120763873,3.0231350838314737,75.14726879411333,0.2927595508515459,107.29414626967852,20.736024786919522,5.280215942270584,0.0,0.0,1.939133373321546,4.748603507691903,184.7447703939967,11.66009783348068,52.763291645156244,1784,41.500493313482764,51.897742391596466,510,20.855257759615853,0.0,2.874141076408479,0.6123900077094874,Good,0
WS_002701,2023-01-29 03:00:00,3,Cu-101,Al-6061,498.67331117387187,295.2964517733722,nickel_plated,0.3941779337115575,Laser,1025.1854877169535,0.0,0.0,32.67319200791808,70.63997351679974,602.37620590306,5.065804125128514,0.0,61.98018638812063,27.818393277600183,43.069759661374135,0.1434259916284865,2.3710915771837087,3.063975689455007,58.97057067335635,0.2,103.2937846526709,21.305778295264734,4.829406957240367,0.0,0.0,0.6952899179525303,0.1,206.75239867675026,23.849625291334025,59.440240860285726,1415,58.370730966738904,44.51143766832107,477,13.890387609307421,0.0,1.9701523895206403,0.579478020953243,Fair,0
WS_002702,2023-01-29 03:15:00,6,Cu-C10100,Al-6061,400.3160924719151,203.5554967882018,bare,2.0176215596328415,Laser,2447.3709563807606,0.0,0.0,92.25459300962898,54.19017731914856,141.7059277362992,39.02149549758589,0.0,25.695831779937365,24.83807363634921,31.397806706217615,1.4401685850840467,1.6791256627323898,2.6777642098409236,30.0,0.9537927703903939,79.39434990450145,25.22867901324153,3.0,0.0,0.0,1.7292868050735897,2.175778785875196,159.28681217770026,5.0,49.339326512221135,819,32.29725538394846,70.64113618167835,483,9.25007739285062,0.0,0.8365187317321019,0.6930130622666782,Good,0
WS_002707,2023-01-29 04:30:00,9,Cu-101,Al-3003,321.67250217951954,172.3892255912009,bare,3.936741845696985,Laser,1188.0563979482151,0.0,0.0,78.44932047944836,27.559713855305972,718.9340415763612,32.92153304542598,0.0,30.675345245926337,25.902917269389235,38.58985941684474,2.3891055776754895,1.7889752386054067,3.0442049432987752,40.896806290426426,0.2,104.07569745067016,35.43980760949404,7.330557584386315,0.0,0.0,6.392493027477902,4.424359619312746,168.16917663544757,15.07438911257022,43.28374220556936,982,41.26793417469037,59.12849481363518,398,8.368657981668793,0.3173744490255017,2.338684836369467,0.6467614353897567,Good,0
WS_002709,2023-01-29 05:00:00,36,Cu-ETP,Al-6061,314.951676177542,282.79214385120196,anodized,3.030424530088415,Laser,2773.257077790386,0.0,0.0,76.08852644670783,63.18503805985407,99.32654820482381,30.696349514426814,0.0,20.47150260214449,19.62397150106375,54.553034207258904,0.97163348973055,1.715767662086639,2.2458553907667804,49.53634089442916,0.6627165786832024,100.57878943480587,30.698841547051977,4.141374487763859,0.0,0.0,10.687420604627029,2.5973259765183925,192.04807008158855,23.939879884085556,50.77684730619731,525,25.167090769025734,66.64987030560376,694,4.804510714363908,0.07593684098623811,1.4850175619567838,0.7161322486877051,Good,0
WS_002710,2023-01-29 05:15:00,31,Cu-ETP,Al-3003,436.31402877564585,231.30891742326048,nickel_plated,1.0414999586131166,Laser,1695.6826316201455,0.0,0.0,30.046209761439847,82.82629931019454,547.6065547036646,36.33754519992157,0.0,61.54886805379265,18.241374218425396,56.70225968272133,0.877439786699465,2.0070144532122898,2.150121875293332,71.72021113069566,0.4023770418270779,110.90146187113194,29.036285731959683,9.119959172545908,0.0,0.0,7.4803627439899465,0.75430793199598,175.9348934712891,5.0,49.59050915568749,618,29.562801954390345,62.355478135634705,351,7.529679761799667,0.3870425855324072,2.19676225367588,0.6708263428541268,Good,0
WS_002715,2023-01-29 06:30:00,47,Cu-110,Al-6061,128.95055727764898,148.83416866049308,tin_plated,4.182411988925884,Laser,838.6154889295706,0.0,0.0,17.366011734125188,74.64587393457188,210.61038979285016,23.717476647627425,0.0,64.54036351480316,26.037978957268745,56.52099294941109,0.6354665140210192,1.9439833104666637,3.299618735688885,36.55505268574154,0.6501660302312389,101.85126306689381,27.83466955359036,8.061065202216952,0.0,0.0,5.158966682934892,4.287533926617043,160.579637240209,21.67301305958225,56.96930968648942,1781,37.65709979913716,61.218544083725945,562,16.342790830761995,0.1136905447582274,2.1796294346382954,0.6533846443695971,Good,0
WS_002717,2023-01-29 07:00:00,38,Cu-110,Al-6061,189.30216042774435,128.92422990911658,nickel_plated,3.797646735551472,Laser,627.7943193192943,0.0,0.0,31.163606105675875,58.71847434778483,665.0517540107012,34.35002779130578,0.0,23.268514461501294,26.110523260529817,36.67498538634648,1.1699904731125441,2.549568775440473,3.423298552301329,51.48790674086391,0.2,100.88159074796282,49.113725055983956,7.339494962607599,0.0,0.0,2.2058004759986765,4.509773465270548,168.3783035095331,5.568448015006079,51.45658313789601,1330,44.308030958827736,54.378807169639906,408,14.738343648923747,0.0,2.457224651609902,0.619050577144126,Good,0
WS_002728,2023-01-29 09:45:00,28,Cu-101,Al-1100,269.82904287438225,431.41543037081976,nickel_plated,0.44317260412270865,Laser,1793.185724416036,0.0,0.0,75.51465713956796,61.22557250266117,836.8625744697296,26.067800351072254,0.0,57.4905926560222,21.974448856349245,64.30240393349193,0.8515330861116641,1.7577094473555377,3.5030163419846945,42.68243094818541,0.818270323713904,95.95721947545158,24.828820312249803,9.43696223598352,0.0,0.0,8.073490447123008,0.1646888491763422,136.3032862401633,5.0,45.51444563845635,1771,33.65308061700832,52.07555161757718,656,6.942213477793788,0.0,2.387851054075127,0.6604259411809005,Good,0
WS_002729,2023-01-29 10:00:00,12,Cu-C10100,Al-1060,473.47156245317404,327.8831402279733,nickel_plated,2.7240399858575137,Laser,2640.612484864708,0.0,0.0,27.07040571678796,66.21841531164316,861.8432165511806,25.856855811277395,0.0,36.38894231851608,22.35841117300342,58.34816012416277,0.7809566474699673,2.068393343480779,3.022930491003074,30.18723945891495,0.2,91.0990526311472,26.500814923374357,5.745315654588502,0.0,0.0,0.8597672937045456,1.7609994245964127,132.66199164741687,22.197361355852138,47.665765833314055,938,46.63515516205062,59.99904750648979,527,11.0256320702471,0.16938302611127776,2.4372473639416103,0.6445051592247686,Good,0
WS_002740,2023-01-29 12:45:00,42,Cu-110,Al-3003,131.47943068300378,399.23574628125056,bare,1.5465241043039761,Laser,2104.724523062096,0.0,0.0,60.83857656604794,92.21974403948231,268.856761006674,40.92444216426375,0.0,21.535247075116963,22.103354945974374,65.94052608531052,0.8875418727413221,1.758821251814891,2.522906717606372,43.84828101711985,0.2,95.98839342422224,35.26026135708684,3.582735253698581,0.0,0.0,1.5482970414892643,1.1655724230118394,134.32682110311188,12.312762692585025,49.015104760529226,1244,44.13225085570165,53.98715137226483,490,7.837662425624174,0.0,3.127016189545502,0.6367405517657309,Good,0
WS_002755,2023-01-29 16:30:00,18,Cu-ETP,Al-1060,198.88242949555072,362.6627826491381,bare,2.2566502526265824,Laser,1772.516629109355,0.0,0.0,11.357690939712745,89.51427236779729,65.03908563043922,28.293934755539368,0.0,65.57917510723067,20.022784973308035,52.36613550308051,0.6321658883464956,1.7204751623387033,3.4310758285254885,30.882549924399065,0.5740976760290134,89.35463175691584,33.065828327494586,7.052719742635709,0.0,0.0,3.6111570511037447,2.9241369824363606,151.67765641474224,5.0,57.57752797648931,616,40.4890433192451,66.04211825972644,385,4.770272471214457,0.0,1.7795350882998486,0.671094136453588,Good,0
WS_002757,2023-01-29 17:00:00,29,Cu-101,Al-3003,204.81400180274983,249.3261625463764,bare,0.44440930874660156,Laser,2084.698670470802,0.0,0.0,95.55793426527102,23.446580039802527,188.40046631727637,11.329293243520294,0.0,53.819868841746384,26.028511552536013,65.35584117278377,0.9663919620079238,1.480233979708367,4.030323751348275,67.82143458760905,0.2,110.72189019752022,26.151281183473138,3.0,0.0,0.0,6.798128057753113,1.3392788078389402,192.2221854159455,14.974437552487256,51.93248219503927,987,42.9850515545032,44.18236102165845,361,11.9400233722358,0.0,3.093242614797661,0.5976574480661159,Fair,0
WS_002758,2023-01-29 17:15:00,42,Cu-ETP,Al-3003,452.68692255815847,449.8305906872803,nickel_plated,4.746214602895776,Laser,2233.761321561854,0.0,0.0,13.49355871392473,39.023818462458486,461.39103801335017,29.686012594788885,0.0,36.21340064281314,22.21892267721182,44.11862574475922,1.5214304373287963,1.8944551966276553,3.4595217474844167,81.52612217469277,0.6638715654695727,92.5583926210717,36.966719415614946,8.526206183826996,0.0,0.0,2.578500894427209,4.535431768345669,162.9686368164313,37.10809313636696,48.83560113937622,1795,34.11418682515626,51.52250867449407,404,12.321998751890199,0.0,1.4562985298039337,0.63146457712204,Good,0
WS_002773,2023-01-29 21:00:00,14,Cu-ETP,Al-3003,199.5774099187491,171.41316181588593,anodized,3.008033379286093,Laser,1165.2602076351643,0.0,0.0,6.542704235186486,43.631248697029044,746.3108413659367,39.64977404197195,0.0,27.685703180873922,26.35086456328058,68.19249328826825,1.817494352146369,1.763866503243428,2.8105744701265998,33.44337292674338,0.2,105.47891004632916,39.93691141698717,4.347641014526194,0.0,0.0,3.45344754921416,2.846893471288926,141.75147494556452,8.942328418958018,48.57285087121297,442,39.05358348240777,59.47274133277018,509,6.912236021563868,0.0,2.9567979867629925,0.6610743689012147,Good,0
WS_002781,2023-01-29 23:00:00,23,Cu-C10100,Al-1100,282.20067808768806,372.02441132273464,tin_plated,1.227888266469163,Laser,2983.6806906440715,0.0,0.0,84.00440879810614,14.514088664427597,358.4150488970973,2.3111864181437234,0.0,63.604200136418875,26.31093461389831,42.97291105058854,0.3184748931303117,2.0845795562871987,3.779542225363961,68.86720677049486,1.07564118664782,83.38327400652724,23.647253252905323,5.296217450164526,0.0,0.0,4.291062073257628,1.1417217231827665,117.11028803664775,5.0,50.061776486665245,1519,31.93102846601961,64.00312141189912,709,13.776630884632375,0.0,1.3474554117552706,0.6835467445886994,Good,0
WS_002784,2023-01-29 23:45:00,6,Cu-110,Al-1100,105.20408537034909,200.14922028279108,nickel_plated,1.2115507679551767,Laser,2463.4779375429425,0.0,0.0,94.97273774086534,22.04194041993904,482.7331215803287,42.66637577414188,0.0,72.12993098002256,19.541169813555996,64.66300770360762,3.8713810999639646,1.4942691300485782,3.0406402197172047,51.072599837345464,0.7149175324191671,86.1495456217537,39.55626523146485,3.0,0.0,0.0,0.49669786147390127,1.3527243742483417,157.7644250692414,28.983048912233176,55.693386503314485,824,39.74557128929571,67.2852713690021,492,7.429231436137981,0.0,2.088847432299738,0.6774650125458029,Good,0
WS_002787,2023-01-30 00:30:00,20,Cu-110,Al-1060,236.77379742989064,114.50195817661096,bare,4.479411790557528,Laser,767.0291931143843,0.0,0.0,89.89333948769125,14.200817752736175,235.5490035467863,8.24489137691586,0.0,36.13430457991346,19.87515084872225,67.27344430549469,1.1611854360045226,1.866625101335472,3.136874872452846,58.126728730107416,0.2,102.20930430315,24.457883283592828,3.0,0.0,0.0,12.0,5.389460475494405,137.05898310608754,28.40171028206379,56.48793114990381,679,40.893504662338415,58.710742357984174,520,5.589282557999198,0.0,2.5829859719476596,0.6596233607718709,Good,0
WS_002789,2023-01-30 01:00:00,1,Cu-110,Al-6061,109.7563972440387,281.9626411529589,bare,2.160500754575008,Laser,1466.3482303458693,0.0,0.0,50.704488714754234,93.30531256088477,539.0882924801203,11.626195507004079,0.0,41.50506772594627,22.489342837224328,60.55749941708606,0.2492075786020781,1.6988747383600284,3.0482304473395003,52.90450093427953,0.8435603708657194,100.64120697912381,42.193418870880826,9.416188878689972,0.0,0.0,8.05316356510712,2.2520413727437174,181.09723963112944,10.250516402040743,43.20719771103736,1885,31.18767935274535,60.109422907131915,542,13.367190286110647,0.0,1.6526738708137507,0.6645618897855876,Good,0
WS_002795,2023-01-30 02:30:00,30,Cu-ETP,Al-1060,390.852478752771,265.45790193815924,bare,1.697162565376733,Laser,1064.6449070142166,0.0,0.0,92.0770071993219,82.02867117393252,446.2732047142359,10.190081673077046,0.0,47.354614365635584,22.798874650401324,51.670287811559284,0.2484517066348699,1.770407014799383,3.616613622694943,89.05421448195312,1.3578554597810228,77.50911180156197,39.14370119710159,5.860998715079383,0.0,0.0,8.230109164698703,1.7238497062293778,134.99687273435433,10.388419050132995,51.193838040043445,918,19.826051086201556,68.5233298260138,821,2.068595088630347,0.25476864924437836,1.9533704887345982,0.7424239654778836,Good,0
WS_002798,2023-01-30 03:15:00,17,Cu-ETP,Al-6061,165.81014895712497,292.42045099052734,tin_plated,2.7428366384337926,Laser,2850.066305077638,0.0,0.0,44.904396137438695,36.12784436578006,214.26327670195275,33.21205784261508,0.0,24.716788673962004,23.586867335319177,46.650991889021824,1.8385850817090665,2.4390496695716046,2.3651858085235453,30.0,0.7030308987847831,91.89302131763948,25.59090618333998,6.75434289043604,0.0,0.0,1.4199390024858234,2.3160568204114087,180.6061581096742,18.862939645840864,49.9499865714306,970,27.9422608712966,54.041146628429864,411,5.286422429681313,0.0,1.5480561897639968,0.6606774332084772,Good,0
WS_002812,2023-01-30 06:45:00,42,Cu-101,Al-1100,122.60627631870292,336.99456185277,tin_plated,1.33709955785427,Laser,1264.9698243495855,0.0,0.0,37.111157832811465,66.11049057750913,606.9213396949432,8.608073695448855,0.0,76.14370963443618,25.459597536354803,58.04227599658162,0.26041475778663586,2.2759824716445634,4.040717240295166,33.409546597883576,1.197955259616133,79.06273394804056,19.063590948361274,3.065087442654693,0.0,0.0,2.037693793323985,0.4332055718437987,162.81290671707757,9.137165357189001,54.62101381159572,1695,21.05885655441446,66.15724745164081,867,8.874514788469495,0.5909809992466499,1.2916850047002526,0.7249651185691001,Good,0
WS_002815,2023-01-30 07:30:00,47,Cu-ETP,Al-1060,191.96734834465303,101.01101993276357,nickel_plated,1.8604568872463425,Laser,1764.1239222588276,0.0,0.0,45.050480550110436,28.38921952933249,734.9935444860245,26.780056977160072,0.0,20.705357883656013,24.169791596660392,30.55506448068749,1.8866356610818562,2.5212297312768834,2.6471432221805378,35.45442410097899,0.3567351641987524,87.34808247596973,41.37902034679044,3.0,0.0,0.0,6.488944272346279,1.8228453254374937,166.0722618234953,17.164442427620692,36.440497930539735,1685,47.29830931848681,47.125178426227485,419,16.709767195758623,1.0041384014804835,1.3760945354623002,0.5934680019291244,Fair,0
WS_002816,2023-01-30 07:45:00,12,Cu-ETP,Al-1100,306.37835141016933,140.46042316737143,nickel_plated,0.11766077545260717,Laser,2356.1171470442778,0.0,0.0,82.09915741709491,19.766546849251732,214.40100339658932,21.043713684318647,0.0,71.90428948278698,18.464251216635905,57.752679120231505,2.1292250836534214,2.3956269178802025,3.076861203859212,30.0,0.8648234739308969,66.30216468565507,18.085899024645823,6.99261306790061,0.0,0.0,0.026034703783488898,0.8578663880318815,139.33253807776208,5.0,51.73280496386071,1653,23.204369234653754,58.7709078963115,443,12.334775691267556,1.0598318854022306,1.4848186782031565,0.6685263448010048,Good,0
WS_002820,2023-01-30 08:45:00,33,Cu-110,Al-6061,326.7224420041864,305.0735813799771,bare,4.9260308207610715,Laser,2676.605093537411,0.0,0.0,17.80076204709748,28.683925123886162,971.9416750857337,6.349828765323279,0.0,23.208707603114004,25.823871397495825,69.10281762206401,0.44274475950542364,1.6062901756312966,2.9015379545938087,57.44262101595196,1.0596017830504927,67.55854420929138,26.449915557116714,4.007865069661703,0.0,0.0,11.145228068762584,4.833421822924347,154.39471389177297,5.0,48.93432544951166,540,24.707276957420092,73.413248746841,672,5.341220487874731,0.877625731710408,1.5506234229860176,0.7312574180162073,Good,0
WS_002827,2023-01-30 10:30:00,42,Cu-110,Al-1060,477.6379143721458,405.8254872228408,tin_plated,0.6998129527641778,Laser,725.4345589551147,0.0,0.0,67.96663237319363,69.35108307708555,608.8975302523959,3.3010058628030485,0.0,42.80411310874613,27.799054932004886,31.782573435496197,0.09519695198224645,2.451738592807363,2.420954165194455,59.37460612553605,0.9936554228443322,76.5881183156853,39.34152853698273,6.619118265299803,0.0,0.0,2.463061042212293,1.1848275232222785,149.09116458888272,5.0,53.48762679997598,134,22.84903796701236,80.09474289669305,557,1.6125908739287889,0.0,0.9354897147305845,0.7500730257359308,Good,0
WS_002829,2023-01-30 11:00:00,49,Cu-C10100,Al-6061,324.277792550272,250.1988965286484,bare,3.0181914739886815,Laser,2796.867336999062,0.0,0.0,46.34627000376207,81.15927950904388,436.9923359994524,24.79677809269567,0.0,25.54369479150556,24.353311871158297,30.14392406702615,0.6110645201066003,2.191617097744912,3.019825782721652,78.32324135241072,0.8941141042380409,73.82421494607186,29.361100295777973,3.1107527019805907,0.0,0.0,6.1997688688574275,2.3943448467627,169.6169351781964,18.792587070979987,50.726019484389184,445,29.62269067951144,71.62525079809394,772,3.4073118888168787,0.0,1.3545537924995488,0.7297070478511026,Good,0
WS_002832,2023-01-30 11:45:00,43,Cu-110,Al-1060,265.38630668406404,169.4147678555534,nickel_plated,3.2907251067227112,Laser,2773.5655883853055,0.0,0.0,27.056075395227865,81.90928796800112,80.08233231450444,19.119609428544944,0.0,76.58240686948966,23.96058589421475,36.170694569215854,0.46684838564374426,2.3283440623294536,2.3772978048230526,52.497285585615266,0.2,112.79633732243637,28.74763672022556,3.0,0.0,0.0,0.46796161927758395,3.7813763510614025,120.65062130946524,7.063373754481166,49.42529295541775,1263,41.180828465799145,52.36589097051777,471,13.690258021613198,0.0,2.0458604308234745,0.6248742509370709,Good,0
WS_002836,2023-01-30 12:45:00,50,Cu-C10100,Al-6061,282.2643286212368,362.64877978925165,anodized,1.809073883806903,Laser,1512.948111669813,0.0,0.0,33.41099433058463,50.203165414978024,931.2752259057752,48.36371049631482,0.0,71.37334440148693,22.78665864220239,52.495912289546084,1.9267195642562251,2.133646521354419,2.4937338751435587,82.72040987784564,0.9688106212899892,83.82913395836164,45.376952985727435,4.013388006582656,0.0,0.0,0.4454548809561896,1.4654472743410831,131.26592372463844,10.84167037778087,47.063443871650136,1186,31.395367270025645,68.4400600007356,650,6.547064817288988,0.0,1.1655629478287308,0.7050646858977171,Good,0
WS_002838,2023-01-30 13:15:00,37,Cu-101,Al-6061,376.74556326433776,260.23814964210897,anodized,0.265277526542823,Laser,1120.3125726056721,0.0,0.0,61.177360165084615,54.68733592091132,56.6913758428671,39.885628270438815,0.0,30.809607981237903,22.11025191040126,64.64965192955412,1.45867878179772,2.260671975515387,3.284724703621673,30.0,0.2,104.47577967415236,32.276177437466174,5.423307952317471,0.0,0.0,6.187522448295262,0.1,137.38991845995488,18.28869611577121,49.68745715726251,1340,45.22516840996319,52.05242643331644,424,12.901988751429911,0.4796864494194398,3.0125005851490547,0.6163687512260819,Good,0
WS_002840,2023-01-30 13:45:00,43,Cu-C10100,Al-3003,447.63962748989144,208.28910327839333,tin_plated,4.850680147135445,Laser,2517.946639126807,0.0,0.0,39.131069137725895,16.890725319841213,941.1349669594351,48.83755908260973,0.0,75.23876211070971,26.015713740947035,68.05205317702212,5.782766359386732,2.23267893200721,3.0756073706940916,30.0,1.1819858907584568,65.94208582122158,37.248423031042684,5.3764866262293385,0.0,0.0,1.117606752215885,5.300914046343645,138.85738570072868,8.200706948327893,50.45264804607768,850,17.081510467565536,79.98095313847013,540,6.96273306005962,0.9995360564244705,1.9589744782950524,0.7472749926572152,Good,0
WS_002842,2023-01-30 14:15:00,38,Cu-101,Al-1060,275.80311217902073,328.65588930805916,tin_plated,1.4805876338745292,Laser,569.9943570515671,0.0,0.0,48.79825271992939,57.317014460668965,173.138068852667,4.20668261392764,0.0,35.08664313247584,25.830712747887546,48.28467788788317,0.14678652241436171,2.0052036362154655,3.3610497091791367,48.805520826313476,0.5684558694920107,79.06712813922493,25.4926905909144,7.423826012169069,0.0,0.0,1.9216955683023258,2.249585753268164,202.5972970482565,17.55448210979499,45.895927705716744,1043,26.37123881864477,63.19484887229752,498,6.084068684835104,0.3767204388239357,1.4296837576140913,0.6902226351687107,Good,0
WS_002849,2023-01-30 16:00:00,5,Cu-101,Al-3003,147.38468203779274,133.5610167312792,tin_plated,4.739159698934757,Laser,2263.974158447946,0.0,0.0,70.33237292092656,92.75430506638598,136.47416358286762,26.09518737133482,0.0,76.76037345575702,19.82300266589123,33.691225903676006,0.5626733412030419,2.226980605985466,3.5995057298410047,30.0,0.8242007102019475,84.97417715106681,42.467508790346386,8.595405149830501,0.0,0.0,2.165701595341603,4.928650322720584,138.29301291544178,15.289189676941797,47.461162549276025,353,30.587861494180718,72.35489643041782,607,5.591420835899821,0.2330585089686879,1.7675409905056894,0.7149882014341279,Good,0
WS_002850,2023-01-30 16:15:00,48,Cu-110,Al-1100,105.45593833435242,306.6613957044972,anodized,2.6980733343228693,Laser,2180.992193925099,0.0,0.0,21.37737720029737,43.439668033928726,340.1660712265542,47.58070082322234,0.0,27.23430660334035,20.86281094393845,57.70322334442919,2.1906567419465195,2.035046805512901,2.494517310585648,53.26735702017127,0.6218641219322615,96.05439242491609,26.387956741436327,3.0,0.0,0.0,2.4929594301040474,3.7892956242376172,159.4977725705729,5.0,49.94173703441796,1594,41.570058323145695,52.347011930445326,375,12.236847115912136,1.0900322356475223,1.7618904979219585,0.6205683539990595,Good,0
WS_002853,2023-01-30 17:00:00,35,Cu-C10100,Al-6061,416.10396157667753,450.7391993005826,tin_plated,1.4264161865185239,Laser,2816.7385407699903,0.0,0.0,91.01274483616699,37.76425452866371,284.6384251352737,43.75858344909011,0.0,74.85773809115763,20.011242947670443,41.882127221076566,2.317460466001075,1.8326558983051764,2.7571554868616377,39.28276767380115,0.2,104.5105313197242,18.0990338685092,3.0,0.0,0.0,12.0,1.7909193645455836,145.7793122979921,5.0,59.45560924825726,673,48.08010474414046,53.584870210083636,339,3.8212053595888045,0.1683638277604949,2.2366964351255465,0.6272772583597693,Good,0
WS_002854,2023-01-30 17:15:00,21,Cu-110,Al-6061,218.30113384813177,311.00580795541794,bare,3.0488680633992056,Laser,504.42987830238997,0.0,0.0,5.281861161965219,92.44033848511035,533.1296144610351,30.428298871575986,0.0,29.449318312133038,25.533665623418415,42.96046463531369,0.6583337830697616,2.134567728805006,3.6494997661770396,76.70663092865698,0.9513696224418402,85.59959477863865,27.659293404119158,6.881082495515823,0.0,0.0,2.554424055968142,3.213869555087765,130.19525752436132,23.206757334815116,45.96746651873976,841,24.401522993862088,70.66692851625223,680,8.793611093041363,0.0,1.5135619589867135,0.7189103493337182,Good,0
WS_002857,2023-01-30 18:00:00,33,Cu-110,Al-1060,264.2091137405712,420.1299437625957,tin_plated,2.35586628958729,Laser,1081.2093793321314,0.0,0.0,81.72197752271624,33.74002284015714,292.5010450961205,30.38553116662179,0.0,21.23812549500797,23.27138285130853,56.25685883662027,1.801156526216523,2.0045444548194693,3.816519303388728,30.0,0.6084447205997704,106.59979385975097,35.12134215986396,5.67485710425507,0.0,0.0,4.388343248017788,1.4891185675729104,136.87897285614713,21.121657078837593,57.83497622587471,1604,42.11889992523017,50.490300418606914,454,19.649301919202813,0.8490794939114129,2.2640029137491413,0.6064716267268334,Good,0
WS_002861,2023-01-30 19:00:00,10,Cu-C10100,Al-1060,122.13295486533843,233.69854966285254,bare,4.918734064805497,Laser,1455.9033074114195,0.0,0.0,43.60979975197704,15.901359431857557,330.55908256446287,31.20538854897866,0.0,33.748352326008764,21.850784531114208,39.36863372412293,3.9248705348374515,2.0175099696850456,2.0673323119406213,48.66145194431325,0.8945974677527586,77.10361242538006,40.47370213073158,7.352778407225141,0.0,0.0,12.0,5.2180939143076985,171.24107674510722,5.0,51.11438332616763,1394,26.082097072893134,65.04570562172891,492,11.80747409983953,0.5352086852484887,0.7960527361291698,0.6841521045077834,Good,0
WS_002862,2023-01-30 19:15:00,19,Cu-ETP,Al-1060,179.2522967294308,483.9373706954074,bare,1.5890490830570272,Laser,1833.60170713484,0.0,0.0,90.89234846337395,74.63186903385943,499.75534164563805,24.837623260687092,0.0,42.63539004942115,18.50499344345333,58.1830752599941,0.665603677952072,1.8378123989225676,3.7866136439293765,67.39346750390634,1.5009531482943927,75.45383384436126,31.562948880339068,4.978318996401916,0.0,0.0,10.06161258023438,1.441596093068145,191.20580889895473,10.304893880258708,51.792956258089085,207,2.177155652842755,85.75175453211988,1039,3.6455794161228408,0.0,0.8443626988486481,0.8235448581124719,Excellent,1
WS_002868,2023-01-30 20:45:00,9,Cu-110,Al-1060,238.33142812383755,171.48244837304355,bare,2.6077954719495517,Laser,2364.4593629904707,0.0,0.0,22.81651755047542,37.08272997992843,380.825084417724,10.080763817007742,0.0,52.168570364540486,23.106687579575286,50.354259573294286,0.5436904900186207,1.9554482120310532,4.198629717153117,30.0,1.1005020660714906,86.5503668880858,37.183073631703,6.400169299274698,0.0,0.0,0.8479498993949366,2.7060658784573404,162.51970709839037,7.448135625577592,45.03660841956669,839,25.924248993524305,75.64351101480398,719,3.9571809202897015,0.5105630446359875,1.8106053058589098,0.7407360231545136,Good,0
WS_002870,2023-01-30 21:15:00,33,Cu-C10100,Al-6061,103.38059842498421,366.0816413924269,bare,1.9377888261542209,Laser,1864.8011284811778,0.0,0.0,38.670639386981954,64.75100010665183,752.8424190794522,17.74124332237186,0.0,67.2283003121018,24.43566885886031,69.71063883998892,0.5479836077635908,1.6507739800445749,3.2466406027009107,54.76964044110818,0.2,106.62362537130818,24.53579586871905,5.589641409495574,0.0,0.0,7.533878666220598,1.0272880142673406,159.25208206376314,5.0,44.079953512326824,1545,43.02287311058619,48.63654608592409,388,20.247551812436075,0.0,3.2215544372667706,0.5949595625672799,Fair,0
WS_002872,2023-01-30 21:45:00,19,Cu-110,Al-3003,112.79778405772988,452.79503630645183,nickel_plated,2.1393195385751094,Laser,1583.809119001969,0.0,0.0,45.10007453877396,66.91683598682886,593.8420815067568,21.70743027939931,0.0,70.17771368219044,22.402852734112443,69.41178900393544,0.6487883044461921,2.492553135451733,3.9222432770926505,46.14529854551041,0.7434879337545327,85.27069839447837,20.377877232459845,5.734958518815628,0.0,0.0,1.2477880537402721,1.5948425861804263,148.5799778489056,17.735736816003357,60.0,610,33.709222901094115,76.95180635606165,586,0.1132567723633322,0.4244704825257717,2.387854638132634,0.7306699917569983,Good,0
WS_002877,2023-01-30 23:00:00,35,Cu-110,Al-1060,361.51116918246254,349.3030038692525,nickel_plated,2.9502838652636334,Laser,2882.9320425606215,0.0,0.0,81.60078698141027,21.648931406865803,169.0532950124586,12.684251697007028,0.0,66.2123974069226,25.67324928956526,63.82870646195257,1.1718131910182235,1.475425465735503,2.4937961145007614,38.88375369609085,0.2,109.37475224491473,24.756100509014704,5.544633863438383,0.0,0.0,6.706707586602657,2.681981229873821,172.44318100642428,26.214996387273644,54.11628141772675,513,33.06635131510507,61.37616079709227,422,2.4821245004552352,0.0,2.5276784613183785,0.6773202249150528,Good,0
WS_002879,2023-01-30 23:30:00,19,Cu-C10100,Al-6061,358.8889133591422,318.60548348048144,tin_plated,1.6109416522218625,Laser,1186.5409945865354,0.0,0.0,86.58680317870964,58.65130599588179,232.4075718895838,49.095561682710255,0.0,54.64656089091657,18.123997278318868,39.56161837383564,1.6741506723194708,2.3652983281020354,2.0,68.27725686064574,0.6189485415582977,72.91665454067586,15.102887951327455,5.07797146683723,0.0,0.0,9.02875189973495,1.7620893454251254,181.43002153428858,8.353552816286072,51.98485317817613,771,27.705397972893643,63.2056905654717,487,7.114595960841817,0.0,1.7765175610603576,0.6855829286944269,Good,0
WS_002886,2023-01-31 01:15:00,11,Cu-101,Al-1100,429.05917087755574,133.58066459991352,nickel_plated,1.230977483663751,Laser,2843.7281742368386,0.0,0.0,32.0513526307287,10.50251776101901,877.0850489529475,28.398422762023507,0.0,56.60819294185717,20.90918919700042,32.56012436566961,5.407926634016592,2.4213812080727957,3.095737233057156,58.35357679082588,0.25774511165827996,100.25055516744648,47.278579748159686,3.0,0.0,0.0,0.6520171511867685,1.350750461099517,116.37030591952808,5.0,41.22353259753954,1143,36.91087122680449,56.69306430953885,415,12.832892956403128,0.6245472764982581,1.7581889995131172,0.6399713463070512,Good,0
WS_002891,2023-01-31 02:30:00,12,Cu-110,Al-1060,160.19819922903423,363.96971810362396,bare,1.7787957152612197,Laser,1518.7549530825438,0.0,0.0,16.914448965823823,41.39609760515367,714.121853145213,22.223625387817012,0.0,66.78215912322801,21.799288219754217,69.92465258401124,1.073706299554683,2.3884830211277093,2.857288643529774,55.58698899820631,0.2,99.10982275663497,29.05833729735758,6.222926663869093,0.0,0.0,0.4244036940641349,2.222341406206614,153.49460204965027,7.410366644532089,51.272174129181074,1616,49.19224137290574,50.43084768834257,380,19.786889003744797,0.7398256944356923,3.7863227298487105,0.5905216736128096,Fair,0
WS_002894,2023-01-31 03:15:00,36,Cu-101,Al-3003,276.6136041515588,491.38266887371356,anodized,4.323831714116082,Laser,2909.0565263189415,0.0,0.0,29.571658288213644,17.445258118380142,919.3780198325111,13.431572321183085,0.0,71.01440165574867,24.46103428092617,32.63083169120614,1.5398536645361205,1.7689219790269715,2.8482830125131704,30.0,1.189105866344565,65.3952368941138,15.0,7.951169754447822,0.0,0.0,4.09517452598611,4.7479659442900735,130.9429542437713,5.0,48.28719223956669,871,25.78808856190756,73.32526855784117,675,4.272433233012714,0.0,1.3418891317998642,0.7316202262398427,Good,0
WS_002903,2023-01-31 05:30:00,40,Cu-101,Al-1060,207.64790105520416,115.58894558736922,nickel_plated,4.727548705549693,Laser,2096.5603553462865,0.0,0.0,58.73269420578891,16.052331312965702,150.70354552663377,42.70427507462594,0.0,56.348352455577114,25.126036701895046,59.45549123495259,5.32063215517276,2.1520461060211096,3.058589851871335,30.0,1.261270084702277,88.95507396837759,46.31510680992759,3.4334601811192886,0.0,0.0,3.68893996257125,4.1447012333358835,167.2330724117832,20.358055382492076,44.430707483878415,278,18.209337541020975,78.64049029978221,820,6.9298353114386,0.0,1.557853396254486,0.7609604448956433,Good,1
WS_002907,2023-01-31 06:30:00,48,Cu-ETP,Al-3003,152.1406718859167,329.7735029185434,anodized,4.601552471922158,Laser,2714.946628242564,0.0,0.0,30.44647649924714,86.72029010712941,497.6168106412898,19.474919554237264,0.0,20.580461678169797,18.099792100586573,35.13874420982069,0.44914332113462796,2.0265573982156573,2.740408191557025,71.53027179404272,0.2,106.89895715257295,40.755070534910274,7.043817602039838,0.0,0.0,12.0,4.399980359381255,216.77483511075758,5.658050241513177,55.55948994120019,1821,42.03520027505864,51.69581467863466,471,22.579420376756968,0.30171513358298246,1.6508045985674507,0.6052503230775793,Good,0
WS_002908,2023-01-31 06:45:00,9,Cu-101,Al-1060,418.42741015877493,425.24810904856776,bare,2.92438299783342,Laser,1150.6470775669823,0.0,0.0,30.789032091360887,17.11092431861612,933.5533848590832,28.815726333867993,0.0,30.17351307840726,24.946807875504998,47.43511157598476,3.3681086769248854,2.0385427601160098,3.5230213091471794,49.85666586610403,0.2,105.9291225293222,26.162287163969374,6.926218979643142,0.0,0.0,10.836112215263052,3.0534604587263887,165.68884035133445,5.0,53.0280021398979,1708,40.444621509645565,48.42871006207614,428,21.551829277581273,0.9845020480135349,2.073990616163023,0.5985284963285905,Fair,0
WS_002910,2023-01-31 07:15:00,49,Cu-C10100,Al-1100,296.88647331498674,456.0421893770816,tin_plated,2.1434726001145368,Laser,1976.3822525855587,0.0,0.0,36.43425930573473,13.690969610588244,932.2228624966543,40.672582469658664,0.0,70.90145255778015,24.22142707924111,62.25937289868143,5.941519647841966,2.2751762162298177,3.009192975260716,49.731496961584035,0.21628160583852757,109.73884235504102,20.47353128959535,3.0,0.0,0.0,1.2674426637343525,3.0896093629288,139.4072443378757,9.054457873104736,46.51206626931212,573,35.54375969557175,64.76123881272638,362,5.7202672574010585,0.2303514357369932,2.497126214871166,0.6719952897141646,Good,0
WS_002914,2023-01-31 08:15:00,26,Cu-ETP,Al-1060,119.71986496366797,146.61784399945304,anodized,2.5565801140814193,Laser,2331.309368218805,0.0,0.0,37.40880794685424,33.40843421569884,356.2703303048013,49.57539707701745,0.0,33.27982721167861,23.155405606191753,50.76252257586276,2.967837208828042,2.261590922709158,4.059058068942072,63.91840275913553,0.8474410386311019,83.93435017677605,21.103713292901816,3.1397360368351155,0.0,0.0,11.040604015656447,2.40838815097773,131.01735123403873,19.26262272899634,48.86453607711441,1365,29.57013220890582,62.7565591336651,538,10.742238645701422,0.495289143330858,1.4964280564744188,0.6782611687267804,Good,0
WS_002917,2023-01-31 09:00:00,14,Cu-C10100,Al-1100,372.2332371675069,255.02653531993283,anodized,3.9902996620065863,Laser,2870.803299996766,0.0,0.0,25.375975997680616,25.161387357518045,93.19192848334221,38.28997815739967,0.0,65.58690764282386,22.911342846703644,56.71529470971581,3.043550628853452,2.7726698881011633,3.4184252098676273,52.419898265197105,0.6497274372928367,84.67254880829451,27.77398075394539,10.012760936753098,0.0,0.0,5.294220204522029,3.6700012684759464,146.41241944803906,5.0,49.50770361379059,317,27.339561355224788,66.61559931931376,394,4.730317798520682,0.15582159048224287,1.7739091557151956,0.6929269770598876,Good,0
WS_002920,2023-01-31 09:45:00,50,Cu-110,Al-6061,264.3842432143613,302.58444750683196,tin_plated,1.6750351520043842,Laser,875.6989115732954,0.0,0.0,49.5022809742431,40.69923973496547,445.25687155554607,45.424036726315414,0.0,20.64021195557928,22.710082277451875,38.68138282781482,2.2321810934119632,1.9560847171515023,2.0,32.98798605679856,0.4853862987693527,87.341828857042,30.28796442848483,6.140730833565215,0.0,0.0,1.7776747828772688,1.336640832095597,114.00700740724331,5.0,47.2154593093845,1537,41.78563752315268,49.683097215717474,479,11.65963428310965,0.4474128576338732,2.0533487957227314,0.6216008058070673,Good,0
WS_002921,2023-01-31 10:00:00,44,Cu-101,Al-1060,359.1348154432906,448.35622801066665,anodized,2.089428289082172,Laser,2067.26013300639,0.0,0.0,29.227679198048683,63.99629227497099,930.3800717883869,49.743405135784094,0.0,36.839662818840495,18.793926013341064,36.409691207048866,1.5545714717988057,1.7386705630761758,2.0,76.15761481353361,0.24556962420226536,124.0899016961989,24.896687294315214,6.460238999337106,0.0,0.0,12.0,1.989456696667403,125.78718024454729,10.658814956829966,51.99406610556816,1568,40.0358301135075,48.26654867519993,423,22.96361178797889,0.5077744366514725,1.8423383304434484,0.5957558544152781,Fair,0
WS_002924,2023-01-31 10:45:00,27,Cu-101,Al-3003,131.83525894881697,475.7923550859502,anodized,2.7847807740155814,Laser,1668.606247706628,0.0,0.0,98.21470477826335,58.88740670293025,643.9259578231415,1.8440410410283756,0.0,59.26305704883959,23.652658703937135,41.12361188726621,0.0626293852718298,1.76649277741595,2.926519604771036,51.08554797032857,0.2,113.9943185477578,19.983864642356693,9.066162801108746,0.0,0.0,6.651473981541651,2.7109428389740087,170.92474370367165,5.0,60.0,1849,46.74316601791713,41.490865682239466,362,18.81996815556469,0.0,1.8806979895340548,0.5724583082203725,Fair,0
WS_002928,2023-01-31 11:45:00,1,Cu-110,Al-6061,445.39658018512733,307.78110660702254,anodized,0.3058910972051623,Laser,502.2043172703018,0.0,0.0,63.09287460206647,11.141053935018652,56.65939786757341,43.27426213923421,0.0,37.97933594682279,24.692171616291404,30.01549651881778,7.768432392776449,1.8082786503807733,3.438857570838235,47.54379709828375,0.41645220230033486,89.75040259423271,24.735646729235427,6.097947554203276,0.0,0.0,1.0489887978250123,0.1,131.33606939706706,8.528169488789022,43.73246793266033,1732,45.91513877359233,57.32289998617371,500,13.49521807946839,0.35037321503250013,1.7407389854506852,0.6324643412393758,Good,0
WS_002929,2023-01-31 12:00:00,6,Cu-110,Al-1100,409.00903670501776,352.7965376525875,nickel_plated,0.44014309709167443,Laser,2933.8023144752074,0.0,0.0,64.48065716017827,32.68170213305065,236.8334705903014,42.94074073334496,0.0,56.90208652811999,25.365267373224512,35.03127999216045,2.627815439876949,2.090115053472238,3.601991577462005,31.5893182034323,0.2,125.13433421998698,31.74210116691969,4.715570510885693,0.0,0.0,5.348341429004493,0.1,153.68462923015045,14.84640256595122,50.7024343395731,588,32.32068274566902,54.45099233801176,445,9.245462547368987,0.09718221311083855,1.7148592392585114,0.6499778811168756,Good,0
WS_002935,2023-01-31 13:30:00,23,Cu-101,Al-6061,205.00344170661765,363.18033124776565,anodized,3.085306920841312,Laser,608.3494690231577,0.0,0.0,84.00364422501606,59.70109422061615,267.8302389723977,32.55124991235432,0.0,33.46162999030591,24.33526586393291,65.92608169012495,1.09047414749439,2.0403045416467305,3.2704781899948063,30.0,0.4764353825598054,98.87643081184994,32.80941727400771,8.645008918547344,0.0,0.0,5.8121108920836,2.833153331110697,106.39913013068366,21.52749013461849,50.92688283245728,656,33.437883145887206,68.6817148448358,577,4.220394576327612,0.0,2.206210105323847,0.702100889229311,Good,0
WS_002941,2023-01-31 15:00:00,17,Cu-101,Al-3003,245.40578294770668,213.05024238059724,anodized,1.0388564518408083,Laser,2952.381261849832,0.0,0.0,16.197646558586356,87.4568765910156,55.70727732136329,39.14149163217244,0.0,67.93939319776092,21.082023301589984,56.71057425414456,0.8951038079078489,1.7554613497383107,2.7502251789596937,30.0,0.592586272432197,83.1854567692675,26.49488263917647,4.494760536362254,0.0,0.0,5.2745963929117945,0.1503087738252149,100.0,22.75545769787568,45.639296646596776,316,37.84975525627249,64.97381389436295,524,1.638419375842951,0.0,2.1450893882255757,0.6875211988551264,Good,0
WS_002942,2023-01-31 15:15:00,29,Cu-C10100,Al-1100,356.4024229282805,369.3683200987482,tin_plated,1.4119123719953672,Laser,1897.550848237156,0.0,0.0,18.884184020738623,69.46416379433833,405.42985905117376,48.9155753549142,0.0,62.72999203424758,27.60118372886491,60.86058671679706,1.408368651776704,2.697427784921246,3.9120326118934883,70.01355854741794,0.2,104.84387125154112,31.86788167653519,10.167332571185955,0.0,0.0,4.738153296954447,1.2973592945319636,116.632969101132,5.0,46.874626016891355,1483,44.919348149066025,45.34821728977275,447,17.657092353654697,0.12621580162501703,2.647442456415631,0.5926844728377302,Fair,0
WS_002944,2023-01-31 15:45:00,38,Cu-C10100,Al-1100,165.56810481877795,402.27271081980797,tin_plated,3.3855166332319615,Laser,579.5482275622767,0.0,0.0,91.73755639270483,94.73962921208252,894.3756375042897,42.75670198162029,0.0,60.59229591101098,24.43917265079218,33.20219202626846,0.9026149318339818,2.3766387867944103,3.0515091922960504,35.35222031290302,0.6663918080782396,89.46284747760666,38.63711839514896,5.749786336565984,0.0,0.0,0.6830340879880447,2.8053290626454443,100.0,14.37996454523045,40.419740732996516,918,32.389378908723174,63.75540887901138,509,11.64879801952317,0.5588973333616404,0.9030762060518644,0.672896290881171,Good,0
WS_002947,2023-01-31 16:30:00,21,Cu-101,Al-3003,349.9775081631328,311.1639311775697,anodized,0.5465476488456188,Laser,600.1899921070682,0.0,0.0,54.918526488631095,82.95459512761352,553.3347421931037,47.220528937712274,0.0,55.41105922369819,21.45891489126776,38.937007546244956,1.1384668652790215,2.0343478354935467,3.224947474713524,36.005685486414784,0.3742812237795694,87.11738874136327,30.842336903444576,3.0,0.0,0.0,1.9188542685877201,0.1,144.6758269019767,8.576587026786852,50.48646498272785,1443,40.26441887337409,56.858114004191144,520,15.50780887289497,0.0,1.761016316810403,0.6373381817304052,Good,0
WS_002953,2023-01-31 18:00:00,30,Cu-110,Al-3003,341.2055453458353,346.3375577684943,tin_plated,3.2873474198630377,Laser,2016.6022130641431,0.0,0.0,35.12212798075386,95.51922466550741,54.1896272812948,45.91302590285538,0.0,60.899447175570295,23.832298243089618,48.532739427426094,0.9613358161906199,2.041278633988734,2.8594869951537114,45.43433734918573,0.2,100.88204357248347,34.38058563866535,3.6553059828941272,0.0,0.0,1.6724896247245822,2.4157646487132864,165.5494827918589,21.128427801068803,51.9629291856364,1004,36.10516891423242,44.271474904946615,430,13.848980094895033,0.0,2.307870015845107,0.6092207628797564,Good,0
WS_002955,2023-01-31 18:30:00,35,Cu-110,Al-1100,457.50967510477795,268.3040831105843,nickel_plated,3.162612694764311,Laser,2633.308207094845,0.0,0.0,67.0155442493053,42.3084644222307,482.6616027479992,22.688684777124816,0.0,21.94054707906108,26.71761165327469,50.6246512870351,1.0725364338774346,1.806059579541868,3.098773859215083,75.9908998680361,0.2,114.87070132216927,27.254607629822587,5.537457264140821,0.0,0.0,0.6721729250278712,3.2484909028301603,136.21155393950514,8.09342317338346,54.91589011241575,293,40.017354134260586,57.890427260153906,466,0.7985321385906685,0.0,2.237569533522392,0.664269455855803,Good,0
WS_002958,2023-01-31 19:15:00,21,Cu-C10100,Al-6061,432.629570364181,457.2554873517734,tin_plated,2.764320885203251,Laser,2695.4219280493526,0.0,0.0,33.768104361578764,32.63492233506149,354.9681254609626,6.091905328333168,0.0,76.67240263970248,25.74301976818723,64.80249407807251,0.37333659113925943,2.1578207974032577,2.754613781823817,30.0,0.2598011375195057,92.1979615080765,43.664163572634024,7.741447352785032,0.0,0.0,0.8351154028379141,2.8611934486294532,138.40802785844278,5.0,40.7957138231163,1386,47.399338768802025,39.50242008159426,425,14.066736396170201,0.7324836048965109,2.02719592378774,0.5796152446412968,Fair,0
WS_002966,2023-01-31 21:15:00,20,Cu-C10100,Al-1060,112.38824136900405,194.85922929460088,anodized,0.6807873412186181,Laser,605.1703556498917,0.0,0.0,60.601984339893484,77.15703632178823,897.1103601619882,23.303201880243908,0.0,64.96582995652612,20.083828081457725,69.08688656787598,0.6040460595986723,2.8513072287495342,3.3300460616407874,65.63671541159223,0.32797893769976155,84.37916104968672,24.402733142211744,3.0,0.0,0.0,6.64215197979402,0.5038025921040037,123.50167638807139,5.0,52.18221255800971,1122,38.39526343764972,56.644381459010894,341,13.222630249882922,0.0,2.622048790761372,0.6319589601058555,Good,0
WS_002967,2023-01-31 21:30:00,41,Cu-101,Al-6061,209.9582633028351,270.4400615923441,bare,1.3667712188702772,Laser,2308.230309606115,0.0,0.0,74.12753160036797,54.66143612952455,743.1455136845277,18.839453072381687,0.0,24.86084868115244,19.896611290687503,41.403106714794625,0.689314237106399,2.0448672814647564,3.3033625188839837,83.88361361584808,0.33435555164014985,87.76409887461618,38.299462713883365,3.425873137508194,0.0,0.0,10.73913737807532,1.7670319646758075,160.3709254918532,27.045009477631165,53.944112974904485,1775,44.11404184563226,48.11746663294089,337,20.41429992870577,0.4186998474578993,2.1226194255243183,0.5883124581142471,Fair,0
WS_002969,2023-01-31 22:00:00,42,Cu-C10100,Al-1060,268.1341556781996,349.7342106204822,nickel_plated,2.4652792265717953,Laser,2079.994012358084,0.0,0.0,54.67400770662911,80.61582631468241,159.4617515001742,32.48615665864289,0.0,51.23510719327499,18.075005504305164,49.8269050878595,0.8059498523734973,1.8800868199658267,2.422153264324921,43.91493040698863,0.7789561516785568,76.62496808237431,28.315227696133896,4.063312987071093,0.0,0.0,5.593256137113997,2.979035760123858,202.30592698628809,8.982747594450348,44.8545344117286,853,23.13644576553998,63.35165496742344,508,10.537668572349801,0.0,1.5500825891235923,0.6877830068637594,Good,0
WS_002971,2023-01-31 22:30:00,43,Cu-ETP,Al-1060,493.0609645974277,301.30817924023376,anodized,1.98272963639281,Laser,1052.7985614132585,0.0,0.0,62.226022446291864,24.00868097718765,600.8037876630103,28.2413126696588,0.0,64.37212582957895,22.349580822579714,57.2524376403869,2.3525917726586374,2.1964695283571563,3.8203936011725492,42.78140889478409,0.33403051360934877,119.80109635631939,21.914242197244146,3.521752210337338,0.0,0.0,4.031218375692885,2.669953320452993,159.3047716271718,12.739401138587453,41.3270925539186,1891,43.07157622288372,55.25260848533544,440,23.715819488839145,0.085648696382837,2.8856717119375404,0.6083903286707729,Good,0
WS_002977,2023-02-01 00:00:00,32,Cu-ETP,Al-1060,468.69066778066457,124.97974226671272,anodized,2.9712489756294884,Laser,2224.857019074543,0.0,0.0,6.095327533423633,23.026518843465706,119.62374688846457,43.030421443200446,0.0,44.6771557498856,21.85186290154628,53.177028759435615,3.737466504226825,2.022348486894865,2.614501216438909,80.51028005115816,0.5839162750203938,84.24762178929372,39.36829786769613,4.532029572071805,0.0,0.0,3.4579131469863804,3.941322441133061,156.67801056366105,5.734249641227132,45.06971920483279,1016,47.23191118097606,61.66463804596,375,8.93205130759736,0.2711727576273735,1.9598945530363763,0.6415661321416909,Good,0
WS_002986,2023-02-01 02:15:00,35,Cu-110,Al-3003,412.80073023757654,463.2528226242523,anodized,1.6582314550325619,Laser,880.5773918848357,0.0,0.0,93.91206093442715,77.16216512113913,444.04753820987224,49.372856591815676,0.0,69.74915960446532,23.092205616700667,36.26633640089138,1.2797167242340541,2.2860649690866,2.9048132683762407,85.45469670322291,0.2,113.16538569683193,26.211356812502682,3.8822448059139045,0.0,0.0,0.6279489394757474,1.453690542751638,132.42445870461273,29.822879711503305,45.84371706427083,1202,42.027187583939096,61.72931696386253,430,9.34228955897568,0.008239988860252005,1.3452416875193716,0.6524323847773349,Good,0
WS_002987,2023-02-01 02:30:00,11,Cu-110,Al-1060,413.5810072391364,477.9502567642177,tin_plated,1.7603304627568022,Laser,727.7934359154932,0.0,0.0,92.128253943362,71.42059167657268,219.07344595990133,5.2953996049013305,0.0,31.86983030244673,20.116642974336,34.30350855719533,0.14828775513038273,1.7119386936333678,2.7395725847914694,52.849733355987986,0.2,103.36823683725315,33.83289544867962,3.4267893458400387,0.0,0.0,5.579044750215634,1.4956456413305192,196.10030484198512,17.948776363611376,53.212725834622475,765,31.07789735713073,57.15036935268,518,9.211165338815706,0.0,1.795254746862953,0.6635214756690576,Good,0
WS_002988,2023-02-01 02:45:00,50,Cu-C10100,Al-6061,281.30470901034386,102.45145892547231,bare,3.7828638547834,Laser,2600.897935747177,0.0,0.0,57.12059601006192,89.99556240424332,90.74330265696196,16.011993980958138,0.0,34.379828032662104,25.213275272242278,68.18727935114453,0.3558396337151657,2.200844578564932,2.6222902006531057,30.0,0.6179428984966098,104.38970762832699,27.10610156688864,4.837600731240299,0.0,0.0,0.2470219600940463,3.963005759337855,136.5889465141242,7.060038259475505,60.0,693,29.89313641004327,65.452783122041,463,6.997443939211224,0.3255427184412771,2.711708005702062,0.6865387124706831,Good,0
WS_002993,2023-02-01 04:00:00,8,Cu-110,Al-3003,209.60471215421902,129.97760507939873,tin_plated,0.43566451920044136,Laser,2496.0706640851513,0.0,0.0,52.56035311508323,48.08554562994309,515.9014127860712,10.495914150607808,0.0,38.897752772636835,21.903964275874955,52.6761272852268,0.43655173350354803,2.3719942989079716,3.7381469962154723,41.99928936711753,0.7842000884191229,89.56305349741159,26.098197626992278,4.0449604327833395,0.0,0.0,1.5975722059689572,0.1,170.69927783822436,5.234418157744244,52.980522444985304,1599,32.7536386797176,54.115489004028845,534,8.01711505663099,1.5376224432693022,1.224083945315697,0.6567261737593126,Good,0
WS_002994,2023-02-01 04:15:00,30,Cu-110,Al-3003,225.93646216349413,144.11069131062675,bare,3.017970654901904,Laser,1791.184670251762,0.0,0.0,24.82835222699501,56.43239697647517,507.6271161838665,12.02242949379831,0.0,66.29275049763802,23.59634090532057,49.51620722291081,0.4260825390355143,1.8086549489312125,2.665039679455961,42.68784887284082,0.2,113.62795096349204,15.0,7.156683554886421,0.0,0.0,9.287235603526462,3.1919087555750867,141.33842376183114,16.53581782966565,52.52730489454818,1057,43.308115175364485,60.98706449174345,438,8.34812545794245,0.2236500407748518,2.1682066625016634,0.6510527532326698,Good,0
WS_002996,2023-02-01 04:45:00,46,Cu-101,Al-3003,209.26384814797805,476.0936771491558,anodized,4.808342033202372,Laser,899.7425767293913,0.0,0.0,52.10509481232387,83.92956684646475,86.79966425422941,28.836511131087693,0.0,20.532397399245397,24.230762184988848,43.985827696804435,0.687159774906007,2.379838931814966,3.460407289824255,69.43264681748349,0.44623415752005446,103.63444650164831,32.1633931142287,5.537336332496523,0.0,0.0,2.356665269110129,3.930046065519851,168.78308088641262,6.642512315371966,38.72202005148499,763,31.172469000706187,72.43518764855759,473,6.349988485559439,0.0,2.542363532171805,0.703956370543244,Good,0
WS_002999,2023-02-01 05:30:00,40,Cu-110,Al-3003,463.37501914890595,246.58265853599187,tin_plated,3.0541920632873945,Laser,1116.6406007141995,0.0,0.0,74.66729766800486,90.65500205364386,579.0329599454248,30.93135154218942,0.0,72.35462364402738,24.97782706009612,62.97250243002311,0.6823970181785715,2.2780302531544,3.5237405871184877,54.525128390451044,0.7140277312649854,94.65601206064906,37.70859188947382,7.474236287244594,0.0,0.0,1.3465809902509682,2.8241079709807217,111.2406377279492,5.0,48.7731828914132,1820,37.9056313695043,58.01648153249169,551,11.245657436579535,0.0,1.7956401810227771,0.6538304824167195,Good,0
WS_003001,2023-02-01 06:00:00,10,Cu-ETP,Al-1100,388.10716957895823,489.72705488176564,nickel_plated,2.221440893857471,Laser,2531.012512628493,0.0,0.0,78.83021943774814,97.97427945010837,828.8314584083686,33.31311793974703,0.0,78.97412457007886,18.262521486095082,68.18825969435504,0.6800380288933103,2.1207007299535077,3.136309428902325,91.32868776858109,2.0222013979564113,50.938824430602686,34.935401051059316,3.2232874165264587,0.0,0.0,5.044761365628428,1.4580619090840652,197.95396982941418,17.570024307429275,55.14046099732951,764,0.0,81.11627966889316,1269,3.302381033372743,0.0,0.06330956394232018,0.8311987347346589,Excellent,1
WS_003003,2023-02-01 06:30:00,9,Cu-110,Al-6061,138.30167946534306,479.0606612324356,tin_plated,0.41611179261636577,Laser,1911.1572959864768,0.0,0.0,24.87166463711798,86.27120364016717,75.71509179527041,23.656929603691594,0.0,73.4076868083824,24.038743737535995,51.24405128176654,0.5484316575056366,2.1835211845424967,2.542343680420095,30.0,1.16720532985049,80.97662931739616,28.700556659867964,7.093800522183273,0.0,0.0,0.11699072072794732,0.5075762728816816,129.2626152789999,12.331494311496435,47.912533109178064,630,19.824290912370856,71.50747910932624,781,11.945160612216101,0.0,0.7409751962844154,0.7287017519235207,Good,0
WS_003005,2023-02-01 07:00:00,38,Cu-101,Al-3003,327.38888086272783,104.03616200875261,anodized,2.1889663673411426,Laser,1378.1258259412157,0.0,0.0,26.64812643193248,60.416262655016354,956.8744676413145,37.78628747977286,0.0,48.51376095276251,21.857686637991172,42.11949621375755,1.2508647777680921,2.299111477662877,2.4380703759017264,78.4642197534455,0.2,103.75256620776119,43.675999542888974,4.363034568955875,0.0,0.0,1.6801626093821476,2.2189843586092177,159.22975351153102,12.688543813589899,51.67816059456345,1674,38.39352937966351,52.3526708014667,317,13.677888976195005,0.0,2.0784459176948364,0.6187786744371392,Good,0
WS_003010,2023-02-01 08:15:00,33,Cu-101,Al-1060,115.88448302889888,172.499122426462,anodized,1.3299302759944291,Laser,2004.5103459163822,0.0,0.0,8.337749298510461,89.70784746862553,642.8171200977154,41.12906464423743,0.0,43.27148840122132,27.27375531605287,52.25987673293594,0.9169557804543673,1.8172132381687478,2.787801379056447,30.0,0.4853856050114647,107.55599024770802,25.506367760700474,4.984458653601455,0.0,0.0,0.2788445247363682,1.083948315719447,220.1798636200303,22.115549652199444,43.148491241740324,1034,33.12517883455413,64.45803404188553,442,8.640334510275979,0.0,2.181833518243357,0.6747233563127818,Good,0
WS_003024,2023-02-01 11:45:00,24,Cu-ETP,Al-3003,264.2019285393426,370.1418508034637,anodized,3.85138236445404,Laser,959.6381910082575,0.0,0.0,76.48895572863869,59.54274052553444,579.3456151479465,36.16885434295844,0.0,40.415479975852605,25.645353210400472,35.08075761116268,1.2148871222159385,2.0440592507770425,2.699815838700612,60.20868164659835,0.6058050542107095,86.38818947390016,19.651998411324072,3.0,0.0,0.0,5.268730675693547,4.689200926629647,187.5040974370344,12.357484478339327,46.33605320027957,551,32.04452769497867,71.94502678960659,670,5.056688457782213,0.03163993710368334,1.3187199234130418,0.7169811512398735,Good,0
WS_003026,2023-02-01 12:15:00,11,Cu-C10100,Al-1100,262.43285302390836,101.40434036426025,tin_plated,0.7120293286731201,Laser,2572.386773730193,0.0,0.0,27.118209118389093,35.86684495046649,148.9461637676369,43.76691438855513,0.0,33.48591977674713,24.98540263608399,43.34951337458965,2.4405221283889866,2.2565016634235526,2.50206960555172,67.68681423903601,0.6403365884250916,98.51144087004334,24.71615524512302,3.0,0.0,0.0,2.8316823231317834,0.23948683501107493,103.29074890104843,7.05611780438975,53.2637385487884,1244,25.829731947232077,46.82544625085205,423,12.919346244521826,0.08491362567088526,1.618597011560995,0.6322952434978035,Good,0
WS_003034,2023-02-01 14:15:00,34,Cu-101,Al-6061,143.71177814726397,139.54653538240586,nickel_plated,1.109148359114266,Laser,962.0740591327487,0.0,0.0,42.92228906779488,96.8225034340274,163.5306925921642,35.05548459800055,0.0,25.160992552220627,25.959892601266382,56.63379873054195,0.7241185334953983,2.0692679096930506,4.122415678611044,64.54839324324671,1.8978121832303978,45.44703567544918,29.97684378917034,4.6439207863265555,0.0,0.0,1.7454252675743103,1.1259521262349217,130.59140783278093,13.397165848383183,52.31920458726736,1238,9.058920681421387,76.98120339618329,1078,1.2328460821570149,0.06905551463437398,0.8276132750308356,0.7984197077309484,Good,1
WS_003040,2023-02-01 15:45:00,29,Cu-C10100,Al-3003,489.21813980566446,431.0717628814162,bare,3.772527976762211,Laser,2557.89307018184,0.0,0.0,99.05076064190531,45.00803093973103,154.52814293818142,41.40447502529847,0.0,55.77401626237387,23.25988955417744,43.91576054230076,1.8398705369156017,1.6867754257103733,2.5947733562833406,59.958738139269684,0.40425006329818847,110.08539211867915,37.60442996819545,8.168441526459558,0.0,0.0,2.8108658128825983,3.508272467457074,146.07514057373652,14.56301823698647,44.75557191450947,445,35.82531675997655,64.96113251735159,353,1.590508126817359,0.0,1.6371581242949342,0.6792159867489649,Good,0
WS_003041,2023-02-01 16:00:00,18,Cu-C10100,Al-3003,491.89373390954387,271.07716364648184,tin_plated,3.2393872113218345,Laser,2138.982576322047,0.0,0.0,28.482620217193112,53.52899641161926,425.4333499398923,49.12758905703744,0.0,37.23334203469491,23.59031997108766,61.10999665769974,1.8355505371056637,2.370990058802276,3.0504551502225095,63.350496836046545,0.2,122.21482643720863,27.57583272952404,3.0,0.0,0.0,3.1985906021982946,3.684806481018217,100.0,15.757778405572655,42.63831314126046,1851,45.90315684378858,45.63752325867104,509,18.08739005032749,0.0,2.7706322677051194,0.595258549869964,Fair,0
WS_003043,2023-02-01 16:30:00,10,Cu-101,Al-1100,116.39128889995618,481.4288895340635,bare,4.8272140420496426,Laser,1442.6262326272886,0.0,0.0,43.21383439010292,67.1147304833056,396.05518415293113,13.80774266803396,0.0,67.23515422446931,20.508031470055787,57.84912256573433,0.4114668290731959,1.7861554175003624,2.724260216737906,50.88221788345744,0.2,87.96306022217819,32.78274155324765,7.4824890581146,0.0,0.0,6.978875544824579,4.9580974482229205,142.1543278824679,28.853717714438986,58.46138442161286,392,43.75520820443259,61.327071362096525,402,2.8569274753306058,0.0,3.137498556007393,0.6591281270823475,Good,0
WS_003045,2023-02-01 17:00:00,6,Cu-110,Al-3003,280.3946010593375,270.4003242009638,tin_plated,2.9908071677328345,Laser,1034.5121472385545,0.0,0.0,59.855293970935676,38.191845356551994,205.0496875664619,36.138773210019274,0.0,73.30562720040217,27.45421422057665,61.02946505393118,1.8924863605114852,1.734675742115353,2.7274902591920624,35.11965933274403,0.4336543940825786,101.64796244308263,42.470266685424406,6.836438526619565,0.0,0.0,1.641903840726295,3.815799793438411,126.65513020327326,20.968024541399537,51.07144469041307,1039,33.62969169641456,52.75568575666771,389,10.41322954008357,0.8957170912947169,2.6376884691298845,0.637853204792724,Good,0
WS_003048,2023-02-01 17:45:00,17,Cu-110,Al-6061,112.46996364476848,324.20887395803595,anodized,0.2679971644066986,Laser,2469.1129605781434,0.0,0.0,43.90315876697926,23.698220277561333,681.4603127280343,10.458701530513336,0.0,55.03316453153647,24.835798706143287,46.31597004279674,0.8826571285115583,1.9713094925615295,2.8239082240504354,56.46730920586099,0.9559922053446654,67.47262859514025,47.66518947625262,7.978208563335957,0.0,0.0,8.900678017463735,0.9554251687208858,107.7017549063768,21.15222618669966,50.734022115433774,221,27.07910915914992,61.3710235819519,488,2.371695141390936,0.0,1.660752470791999,0.69089530015938,Good,0
WS_003068,2023-02-01 22:45:00,50,Cu-101,Al-1060,233.3471352466251,324.1893928694007,nickel_plated,1.7642620830528726,Laser,2203.468926532859,0.0,0.0,99.88958731919982,12.264444089761799,738.916120885976,44.126736100821034,0.0,65.16224866873785,19.9458403283381,31.290772355392583,7.195880347753792,1.945563343655457,3.264589444599431,33.93640669394256,0.5253143765275716,108.45406711036459,32.4968866672986,7.575607029490505,0.0,0.0,1.097019016058232,1.5894947185270407,167.9059652718665,15.75813623336609,52.167570276205225,1728,44.007755092831324,54.92651639321575,631,15.525847571957634,0.0,1.7966498234431296,0.6342603608130385,Good,0
WS_003069,2023-02-01 23:00:00,4,Cu-ETP,Al-1100,279.64936557210035,465.8782974084859,bare,1.8735749510763218,Laser,2099.1061714333737,0.0,0.0,76.1968804450443,88.69606474206537,576.4702841014969,21.31926844432654,0.0,48.367020548403225,23.890433096512144,66.13797434623743,0.48072636607553054,2.1607436472065857,3.58885929717481,39.715995300164536,0.6350738190740504,109.2556502240182,31.237346864347273,3.0,0.0,0.0,0.4223365230679956,2.206559615182681,152.20300880802975,13.985869019210547,45.998866987062094,1898,36.64305496331646,54.23828256186817,384,17.054535730847224,0.0,2.758696881657386,0.6242538694643571,Good,0
WS_003073,2023-02-02 00:00:00,41,Cu-C10100,Al-3003,393.08936616532264,172.42515964638577,anodized,0.16382387353332947,Laser,2375.093843851651,0.0,0.0,50.12038925812362,54.01192108153559,293.075208547177,29.085672745959304,0.0,38.30902266072346,22.34162720563576,47.91454814922369,1.0770093773206846,2.2018439829032235,3.360996795849038,94.02918024254168,0.43457567301953404,109.99102876575901,25.949371026340305,6.789039326047272,0.0,0.0,3.421231182084616,0.30511061458867483,100.88084287977364,5.0,51.620224685285045,809,39.819755266719845,59.4274412879158,520,5.507958497815517,0.5129452227983577,2.3752272702786192,0.6631782148029722,Good,0
WS_003078,2023-02-02 01:15:00,37,Cu-C10100,Al-3003,334.07791415714155,361.42429021807715,tin_plated,3.396674476383548,Laser,743.3302211283558,0.0,0.0,25.038261477632325,33.71291044576057,282.8220684183931,12.881413555731237,0.0,24.88337093999563,27.46915189928917,38.71244757504303,0.7641828240522667,1.9406877819335049,2.5802254950519585,55.46756983497006,0.2,103.38631269355544,25.90074716928627,10.491714198445742,0.0,0.0,3.261012131790766,3.6249915447968837,148.0962287388439,13.090851949764925,45.424298871246606,1876,53.24063124204622,44.6737311720988,366,21.36031975176207,0.02691853082248831,1.6715292662988115,0.5661727815326237,Fair,0
WS_003080,2023-02-02 01:45:00,32,Cu-C10100,Al-1060,294.4230167610724,477.79515193809743,anodized,3.620122768740846,Laser,2610.08087438127,0.0,0.0,37.736316972150895,36.409449231015174,727.9316779572531,31.572271181623762,0.0,65.60345212911892,23.313783384763145,37.620548916034004,1.734289963097223,1.9977446326193147,3.453273937543146,59.66188710898108,1.0979429986857432,87.10982348255042,31.748761203388728,4.5979246197383175,0.0,0.0,0.7530908025901863,4.140917913749192,166.35773560589016,13.912250283051085,50.964474800211484,807,21.411887084952944,75.28236530438704,747,1.864656870246411,0.9414753165304082,0.840674559471442,0.752391851001826,Good,0
WS_003081,2023-02-02 02:00:00,47,Cu-C10100,Al-1060,225.5128573222915,209.1686910130947,nickel_plated,4.138110206890587,Laser,1966.3890358554327,0.0,0.0,35.461979357046324,37.143493769443,933.9997006729164,49.63906746940227,0.0,26.032661671100392,24.052603455461885,57.4676651751149,2.672827051624264,1.8172411030053817,2.704147055900199,30.0,0.921041521456219,82.40907545836737,30.703263784332094,3.182988884216602,0.0,0.0,5.598377541947354,4.611251124771257,117.62656549265972,14.433328558995342,50.43666932383263,1475,26.253259055817143,56.455401819040446,490,6.448516590249277,0.36655292710870846,1.3420865523181804,0.6723343140238246,Good,0
WS_003082,2023-02-02 02:15:00,49,Cu-C10100,Al-3003,156.73775904679408,167.86443250268755,bare,1.2011850564413205,Laser,1850.7167609370586,0.0,0.0,64.57661888652306,80.48436061095425,108.03806450789506,23.539205690352958,0.0,60.32605188339515,23.815397646821694,50.60461798689,0.5849386268752733,2.2529712586357733,2.3988732476341146,54.376029888088425,0.6954291013348499,84.96176532980962,22.761926422268346,8.504445381157852,0.0,0.0,1.4049274571828896,0.7580856099661801,166.6568362719556,5.0,47.850314609970034,1046,23.937709548832853,68.10056966815063,497,8.296160747811069,0.0,1.7336679610043142,0.7019228917783148,Good,0
WS_003083,2023-02-02 02:30:00,12,Cu-ETP,Al-3003,185.52048426509313,293.596300133016,tin_plated,1.7470393543674134,Laser,2401.667360872057,0.0,0.0,69.56887515958205,19.476334588402484,282.56476281057246,24.135097717723845,0.0,73.38579559483429,22.659723953519638,35.91217816043936,2.478402453826759,1.8606272154574146,3.0819157273624778,54.06750646006392,0.2,96.09912185825051,21.5856001040221,4.327683852452977,0.0,0.0,2.433394242672251,1.4802949238732799,184.40700179399255,5.0,47.179602313239045,1138,36.0311104988931,47.890212196385455,428,15.161105159988049,0.0,2.2300821949181877,0.6157851259009798,Good,0
WS_003085,2023-02-02 03:00:00,25,Cu-110,Al-1060,373.22783007604966,190.87650127288646,bare,2.315647482393161,Laser,1530.5332850921786,0.0,0.0,82.26382793864019,68.99729931743713,985.4640040913555,17.502700580754084,0.0,71.73225945717223,18.654586867655805,35.47813978963975,0.5073445121447172,2.0808973948177876,3.121091964996196,51.46159008104885,0.2,110.61433505411505,29.441500866320727,4.600872434403998,0.0,0.0,4.232272742169383,2.9870450191345426,159.75690610293285,16.983888279120876,46.17598505851852,677,41.658283822098966,48.53729158073743,506,7.653289409225433,0.1409014298271968,1.8377371413413675,0.6282392189097307,Good,0
WS_003088,2023-02-02 03:45:00,5,Cu-ETP,Al-3003,391.8713654588965,487.5437341871154,anodized,1.9348877567397118,Laser,2197.0349226105336,0.0,0.0,39.59986889412432,93.96183338462959,252.11139785608324,25.47027252892451,0.0,67.46233522255237,26.866517450816595,63.33082596765002,0.5421408163602516,2.182974396787486,3.008365457874317,47.3061417986762,1.107136375720282,92.80224875359022,30.547812724388493,4.971861214791153,0.0,0.0,2.39843062091165,1.021473700938118,100.0,10.213501556151067,54.01122216997976,405,19.91608351718807,77.1179361682424,529,5.344348245131326,0.3198777738725097,1.2747114658752638,0.7381667288518693,Good,0
WS_003090,2023-02-02 04:15:00,10,Cu-ETP,Al-1100,453.6980695715817,260.53017757648956,anodized,2.625334220648909,Laser,1468.063863607636,0.0,0.0,16.324601414857558,45.14261264676905,243.88709480362786,47.08494004448032,0.0,32.22372168881081,24.184067039775915,35.12355755049482,2.086052945712715,1.9556138856898795,2.6542414527895226,52.19724178442674,0.5072792576482136,80.62884421249927,39.88107867625963,7.045860033426261,0.0,0.0,8.21586669342771,2.334421416054125,198.10714499542016,17.705857962380133,57.70621859359315,528,33.54195922487332,64.07481258288823,620,2.4062018275432777,0.0,1.4639178527118784,0.6966957975266003,Good,0
WS_003095,2023-02-02 05:30:00,6,Cu-101,Al-1060,312.9217455392665,462.69694902902154,bare,0.5196588627828975,Laser,1765.3656309502235,0.0,0.0,15.966114069059817,55.09468002119171,793.3816668016078,38.50610047202337,0.0,47.66343172886275,24.577529908820342,46.48352834564173,1.3978155588602137,2.4700553367593145,3.0483477559814696,95.8496883948465,1.03772247332836,108.92577006000522,27.016783410438723,4.157420229868401,0.0,0.0,9.750419530982064,1.1779648449122009,182.7129558471512,5.0,55.45054697940556,411,27.530313784229744,81.5811748617873,569,5.638402735705465,0.0,1.534403529605591,0.7400187946820093,Good,0
WS_003097,2023-02-02 06:00:00,13,Cu-ETP,Al-6061,133.2155031240746,165.64577583831613,bare,2.0814433835096033,Laser,2398.3255770967535,0.0,0.0,86.25176940808285,12.788979242561178,701.0178394015569,7.927022421021432,0.0,52.084917335990525,25.579868538980747,38.54062173448625,1.23966460038353,1.8709444032135363,3.171147960542911,30.0,0.6341138687113738,88.61956024060511,30.687899573731144,3.0,0.0,0.0,0.8988037720349478,1.798667435007715,164.54238020931984,9.398466226348122,50.260396129414595,1080,42.973231774149866,63.27951035399651,451,8.4908405489951,0.29074126832552816,1.3210137986856705,0.6578852688610672,Good,0
WS_003098,2023-02-02 06:15:00,11,Cu-101,Al-6061,176.42074748347312,121.8090235513119,nickel_plated,2.524711432317387,Laser,2385.2692387754555,0.0,0.0,29.303726931968757,62.53911075028021,769.4974345942642,10.93715005013883,0.0,32.217419825385925,22.734342029192778,41.489905211472724,0.34976992537713136,2.522256395833334,3.9166869056815,32.180810340132126,0.34406209594901654,98.67028478045548,37.516751815158116,5.463867023174895,0.0,0.0,0.581587028463568,2.730027055465599,174.05630557406607,14.349671859397342,57.97275403035298,795,30.264407262781987,53.66670742166455,353,10.25494174440946,0.7192835828565024,1.6158396245647288,0.6430754752225539,Good,0
WS_003102,2023-02-02 07:15:00,26,Cu-101,Al-3003,495.30484605727474,220.56996471942338,tin_plated,1.6464342928993154,Laser,1453.8225443454614,0.0,0.0,6.458095602449045,18.769629683837316,593.1591493961002,26.962640649170215,0.0,48.7092404766986,26.19986559006329,63.54982020254033,2.873007204014043,2.3356385442921614,2.625981851751977,50.072607043050226,0.8746160508284334,86.46612361360631,38.87168184265478,3.9052022855738926,0.0,0.0,1.3886682119089562,1.072630160448914,160.69405784964823,9.978907917783744,53.19251478114061,704,21.676647881911087,67.69293535763511,450,4.486770904080103,0.5112598071608162,1.9695382680528744,0.708304671126071,Good,0
WS_003110,2023-02-02 09:15:00,30,Cu-110,Al-3003,408.1647148274575,169.4557250501648,tin_plated,3.263310820678539,Laser,1583.0785527376102,0.0,0.0,67.06111664610118,96.87856711848777,340.4387348694371,13.275712256350749,0.0,49.448161665508124,21.212676367798448,64.72839991896706,0.27406912903890973,2.3195997920951013,3.2179310515680912,60.36848647507119,0.2,98.7647625778945,37.26525491986642,5.142434398740282,0.0,0.0,6.870412214673012,3.831247770625423,152.43747874631995,12.13735580194307,44.32630161076063,911,42.424157182984885,48.08272252773208,484,6.348796908943342,0.0,2.9980920337557895,0.6269332430072507,Good,0
WS_003124,2023-02-02 12:45:00,46,Cu-C10100,Al-1060,361.97644182692864,320.731289689434,anodized,3.4990174786144186,Laser,2974.4938004041155,0.0,0.0,8.343539280890628,13.063684214678357,245.16223823170768,37.68916727777526,0.0,59.51911135139165,21.13481283811433,67.41286903454184,5.7700671048719485,2.0925470761307183,2.983938236570382,45.76293566464618,0.4105128010534014,104.15313267846908,19.77795548637657,4.995713239853144,0.0,0.0,8.359619348439065,2.648044048441837,100.0,5.0,55.88512770931578,1336,42.58971759473307,46.9880715603463,430,14.203038650374886,0.13974683566407153,3.0425452265490938,0.6056215717059799,Good,0
WS_003131,2023-02-02 14:30:00,15,Cu-ETP,Al-6061,411.34876181819646,367.3037748832698,nickel_plated,4.094685511240849,Laser,740.0920297034614,0.0,0.0,20.816613237541397,88.18097240892594,112.3222295620902,47.70580122283699,0.0,52.44727243179995,27.97136518284381,62.58673332829462,1.0819976219270648,2.0296358376091974,3.2803493304473292,59.738119723994075,0.7655552764947895,84.73906894822449,17.557366676188813,3.8477478297774605,0.0,0.0,5.720381281460524,4.456233798638358,167.86711954551615,21.347945148489973,43.684028955517604,1152,32.59405041119909,73.30337154885548,632,7.185245118754025,0.16187956388606645,1.7573095017028015,0.7130283519910096,Good,0
WS_003133,2023-02-02 15:00:00,39,Cu-110,Al-1100,488.3618845799478,345.3829706525029,anodized,4.2380985995097,Laser,2388.9764521776865,0.0,0.0,45.28852241210124,10.549127007142852,809.4750216428259,14.391284132643056,0.0,21.625273417827792,18.88278163400428,52.67097619881313,2.7284312953856116,2.075145656773106,3.6491914084725736,30.0,1.2989138433862557,67.04395504609145,51.94559706215658,5.649544879472694,0.0,0.0,3.6542903210154467,4.725905700218447,138.028557919285,5.0,47.867206535712846,263,18.460605239986158,77.08964591679101,646,1.8469600677999263,0.055613324391766576,1.2956775801119431,0.75463682347154,Good,0
WS_003134,2023-02-02 15:15:00,14,Cu-101,Al-3003,249.44226381362364,264.78387195831954,tin_plated,3.0426765711050776,Laser,2105.9442796444428,0.0,0.0,47.78083587393262,22.858593342235388,691.5460121964585,15.061766445643578,0.0,60.81839434428035,25.12959936004507,66.82251988690842,1.3178209367602896,2.1805034608737297,2.068421670357285,30.0,0.9723578015725998,83.89921806549854,38.97028641759716,4.2546516106095265,0.0,0.0,0.4428749790639543,3.28969790223508,151.41135795717608,17.136150710233782,51.92451479219465,129,18.872797678934738,81.94808141956695,549,8.047438281898573,0.6391111745889285,1.874790126526716,0.7480720602519554,Good,0
WS_003141,2023-02-02 17:00:00,36,Cu-110,Al-6061,148.10838525144274,481.218634463938,anodized,1.7375008276398012,Laser,1858.7706208993798,0.0,0.0,25.06319809460368,51.80599046228723,218.75704370844284,5.428253580452111,0.0,55.74393574593422,24.344540801861044,58.9850460863189,0.20956084545487733,2.16846433030755,3.3957731295118485,56.24109204118408,1.3576592452051852,76.33361563072522,32.5230409547364,4.665328806583542,0.0,0.0,1.0875655015422308,1.7152429743987276,115.19327703438657,5.0,48.161276745969815,1378,19.351459207637298,70.7375020891191,699,3.600585629657188,0.0,1.1907332539739284,0.7376654683557345,Good,0
WS_003143,2023-02-02 17:30:00,32,Cu-C10100,Al-1100,357.9424173718907,252.81393216450837,nickel_plated,0.3528524612340028,Laser,1537.4324412133,0.0,0.0,87.5941189760367,35.262245802155164,530.0879877036313,6.814886555428021,0.0,46.30835039929841,26.222465950492577,58.178377883674045,0.3865259515042861,2.111146200777496,3.98461703205145,59.87853991315373,0.6693887135681712,86.70356368230576,40.2258187691283,7.845389929180522,0.0,0.0,4.858696956220035,0.1,258.374150611281,26.230164727949486,47.46566922407524,870,26.597928298065977,62.54445814542449,615,5.806044850455822,0.0,2.270465083611951,0.6965779188218576,Good,0
WS_003144,2023-02-02 17:45:00,33,Cu-101,Al-3003,249.57548544150984,136.65528207029115,bare,0.6835622179150994,Laser,2920.636537033326,0.0,0.0,36.94186290295686,41.56178414476612,708.7807810096598,32.23607581617176,0.0,24.76923004216765,25.98869817759548,41.74613078982158,1.5512363811855874,2.3445135251126725,2.2386336794293036,60.70009476803095,0.9270889297588945,88.4345247164325,21.502212300991705,3.0,0.0,0.0,4.473887476800537,0.6815033365495373,153.3058699040767,8.93326408487921,53.398238174189586,1019,33.77214459614048,66.96490808893716,576,7.955411067515667,0.6527805598008986,1.5150710559680067,0.6902376575765403,Good,0
WS_003152,2023-02-02 19:45:00,50,Cu-110,Al-1100,429.5206999682152,118.09185236808597,tin_plated,3.2604130840603953,Laser,1053.6306275420975,0.0,0.0,98.9571582396434,87.5626791367936,635.1562630229066,10.721156622878027,0.0,61.47231980804329,18.306525549726825,43.717862459361285,0.24487959319127378,1.968780289458057,2.165459647130649,75.3654037249496,0.5886754376953826,95.02956982822496,37.992036884331085,6.794025273159564,0.0,0.0,4.02336995660279,3.2193406730976557,120.22915282382002,5.0,56.29112779322566,1443,36.68089321916353,61.406409368197586,612,9.96218495211758,0.34350949788241897,1.3689182902290893,0.6706155868065282,Good,0
WS_003154,2023-02-02 20:15:00,30,Cu-101,Al-6061,477.20828385829446,240.25971318160745,bare,1.1205123242110884,Laser,2700.3305942972743,0.0,0.0,78.66309335167277,41.8114897906753,185.6921818916561,13.50952948210752,0.0,28.632764951827774,27.602300589707152,65.68836370279192,0.6462113428505666,1.8668094762963872,3.224181034712213,65.23127500538034,0.2,96.0781497471155,23.507756208199787,3.0689583399540155,0.0,0.0,0.8470903327508055,1.5917666184578103,100.0,12.34162782011348,43.18489172723076,615,37.74117441116701,57.05775317053946,308,9.643799017160381,0.0,2.694385725563123,0.6384838314857557,Good,0
WS_003158,2023-02-02 21:15:00,32,Cu-C10100,Al-6061,253.98348905502286,149.79955930717912,nickel_plated,2.485464196893365,Laser,2882.0979741412552,0.0,0.0,40.89743543783411,83.4413344068594,897.4495456528858,5.183828226472901,0.0,29.684250805645746,24.691194148861662,60.8850507610524,0.12425084673733976,1.5650212170192979,3.2782174938074204,33.090442263291045,1.3573871007741782,76.24176885747349,22.346039961485964,4.198566859217916,0.0,0.0,8.569018515696891,2.048343287251272,162.73436052125882,5.0,54.50621263339397,1541,16.732885709617822,70.58993836156291,955,4.370638158622545,0.16359846431033437,1.489091344766363,0.75684723745873,Good,1
WS_003159,2023-02-02 21:30:00,37,Cu-ETP,Al-1060,260.91787123052745,465.95135224694815,tin_plated,1.3187068416964265,Laser,1234.735999579606,0.0,0.0,83.90384422624794,73.23711405492006,790.9783046829477,34.191508684613,0.0,37.72707296730806,23.79008723839856,49.341714132259284,0.9337208087957425,2.181925742545194,3.7425591953220225,79.62090394854533,0.7368591963089451,84.38867312739735,48.18609265545534,3.862489726811757,0.0,0.0,12.0,1.399918267011297,100.0,11.26460942798171,57.11618970259641,1045,30.882777545626677,60.718200420673554,420,8.967921933323833,0.19188072290738684,1.912261808538484,0.6666564811082617,Good,0
WS_003160,2023-02-02 21:45:00,31,Cu-C10100,Al-1100,413.3160369755466,156.1068853836676,anodized,0.9237236199100552,Laser,1170.98864003085,0.0,0.0,63.22425706869647,22.141515185620797,535.194764966946,34.6611184924458,0.0,33.007246858144384,18.829819809254623,45.31825155271831,3.1308714152458292,2.115384152482563,3.249000549072093,63.197061078581186,0.474128667009647,103.11537868753734,52.35708772812637,9.638884835572357,0.0,0.0,7.779663557793536,1.51295042780629,164.2639625187763,12.967369115813508,45.26893295859716,868,32.96109535820499,66.65986937636161,573,9.768915113948164,0.0,1.6736966815460843,0.6870913145649438,Good,0
WS_003174,2023-02-03 01:15:00,50,Cu-110,Al-1060,219.3802644591042,436.6767072388015,tin_plated,1.5070069267638442,Laser,2323.5847252853537,0.0,0.0,79.50346538388854,30.385948822254846,204.91391362187105,33.718427155717755,0.0,57.89111609446391,18.120303016430377,69.25875946722275,2.2193433782803047,2.1596436874645124,2.2119623495403853,67.66019454061986,0.5283379729522555,90.79531881741217,30.9997168944627,3.537322778613257,0.0,0.0,0.08125099204131189,1.7594270100896139,120.11667965036382,11.208621449102264,41.70630705696763,638,25.40667632496684,69.70686633469958,408,8.433548350969549,0.379066228483083,2.690748432214357,0.6975442481912307,Good,0
WS_003177,2023-02-03 02:00:00,7,Cu-110,Al-6061,194.4031721294848,402.9929298960476,nickel_plated,1.8989325382409077,Laser,2772.2118755027163,0.0,0.0,7.605764684865941,83.4008694169554,236.90851090577988,8.917859430509948,0.0,66.26986209091953,22.61710647809857,38.04981248389967,0.2138553109302946,2.0536378254091208,2.9046424327460802,64.48936518685689,0.774465904435945,105.14906360068325,29.572465334093383,5.523959557740567,0.0,0.0,0.28057541970170286,1.8042644177878264,146.1520088089627,5.0,47.88100656781922,586,13.331294667931466,72.47521533920488,436,6.801601713215257,0.6161013618086164,1.7941994345424508,0.727504759800503,Good,0
WS_003179,2023-02-03 02:30:00,27,Cu-C10100,Al-3003,116.13009588838028,218.92023969025576,bare,2.0836774565276044,Laser,2950.760946820398,0.0,0.0,42.23683998375375,91.16309558940388,999.1284565783508,33.656838679009645,0.0,20.97046864977181,18.050060566762625,45.667475082717154,0.7383873586434392,2.0345332788953834,3.402985406775081,55.38226568056827,0.2,94.31136043383965,40.48734761875988,3.0,0.0,0.0,5.791742729862219,1.8026661359878184,132.4906770006598,10.534961881784085,48.08158068007165,1347,44.12422340259023,56.01897275596025,295,9.306314564726826,0.0,2.0156686605997365,0.6260784236438192,Good,0
WS_003182,2023-02-03 03:15:00,27,Cu-C10100,Al-6061,161.17727459017047,118.37201289163599,anodized,2.06360275005705,Laser,1604.6490595265598,0.0,0.0,41.16137586449769,87.85429829988327,94.55751949306143,5.176913716874182,0.0,23.045762528812563,27.2621243602685,52.58183946535139,0.11785225804668593,1.7085088475525578,2.5240093917122977,60.501966526024155,0.6877775344678373,83.58281596965985,26.24180067642007,7.7059829442514856,0.0,0.0,4.55611316376157,2.358206969587265,154.17187574408663,23.426842629926004,53.76290905438424,1145,37.17023459518581,57.58027955078967,428,9.941003552982945,0.0,1.9540884381825923,0.6480892986556858,Good,0
WS_003195,2023-02-03 06:30:00,42,Cu-110,Al-6061,251.1187295637646,323.47257757489353,tin_plated,3.491945985762562,Laser,1204.5130577847344,0.0,0.0,56.75599614830798,40.82815622334691,692.1491471101909,30.7230977323973,0.0,48.11591052373012,27.664603373291147,38.29643777509264,1.5049955998174025,2.0260980314854478,3.4171414244537957,62.75989043405164,1.1561832573837343,80.9690425470595,16.887757149466097,4.816642409074533,0.0,0.0,4.443679393720018,3.5865618631607457,135.32257337427305,5.0,48.2119312383402,1580,14.337010816631869,62.54156251341244,868,3.398644034379176,0.3475627851854695,0.9465733389435141,0.736342599160789,Good,0
WS_003201,2023-02-03 08:00:00,25,Cu-C10100,Al-6061,176.51566267860574,101.9199299269483,tin_plated,4.419913210850207,Laser,1734.6092853660145,0.0,0.0,89.42569878520631,11.380797234089172,336.3824461737159,33.215470512594166,0.0,66.83976670044467,21.800646543812036,64.28058882082067,5.837107863252863,2.458213903566145,3.276818214896704,30.0,0.5836749053795309,82.04438191851746,29.801665737754025,8.857295021877093,0.0,0.0,2.3733952079988514,4.702347896322909,164.46245078457423,5.0,60.0,506,23.213883703525294,63.83403902802484,599,3.621260227826671,0.0,2.7664945922858664,0.7079077424209324,Good,0
WS_003202,2023-02-03 08:15:00,10,Cu-101,Al-1100,262.9621086445395,303.6454769955517,tin_plated,1.7126068121340665,Laser,2397.3976527900472,0.0,0.0,58.818171097838686,91.01437364019569,511.909487547178,27.30094777260684,0.0,49.40530526820987,23.386857625703456,49.33216232824961,0.5999260705904506,2.1736394633816927,3.2140499398236533,65.52565383614821,0.2,124.06873207061884,42.15634524361463,6.9039941734799015,0.0,0.0,6.113982382530221,0.9897525191356952,139.77420755053308,11.503400685687934,48.7570370557049,1694,44.84540871440244,52.85836319391555,371,21.97028654167529,1.0186336467012103,2.012759589532601,0.5984168409808773,Fair,0
WS_003207,2023-02-03 09:30:00,42,Cu-101,Al-6061,150.8134303892927,351.23339062857417,tin_plated,3.8963446276879856,Laser,2377.5667340333202,0.0,0.0,13.409803108349365,65.74170225631596,156.06826634689813,48.82243771417428,0.0,50.364760832835614,27.846264128356868,65.74435543404931,1.485280606937244,2.1145803997824975,3.262356284402641,64.85301358070431,0.9229524295088005,81.51344664792397,29.929629404009706,5.265228332645969,0.0,0.0,3.521148650104518,3.7848301079551834,148.9686698337861,8.415843433699301,50.36620823129252,494,24.17121327024887,71.29229175139275,475,0.0,1.190412795389223,2.169049374940997,0.7236405761397752,Good,0
WS_003211,2023-02-03 10:30:00,13,Cu-101,Al-3003,169.6041792064497,370.05754177753937,tin_plated,2.803069006880435,Laser,2713.1305636596176,0.0,0.0,51.08558893881838,61.87380859081145,689.5963418844381,37.09914891608441,0.0,49.03768655504749,20.285797814729282,59.98423527120211,1.1991874998816157,2.044450768568961,3.5175427234787944,30.0,0.3803169128044481,106.85797164347227,29.002783572525743,3.1139735552196717,0.0,0.0,3.9941150005328403,3.5473864718536916,180.70683648336183,11.448738720865414,51.7670739075219,201,34.810392015477504,69.61600475370886,387,1.971498102886964,0.0,2.620234247733979,0.6939278649181428,Good,0
WS_003212,2023-02-03 10:45:00,12,Cu-ETP,Al-1060,404.30372335478,168.09321297533222,bare,1.3514471334057816,Laser,1067.2456077940565,0.0,0.0,99.06034680655236,57.93603698506828,614.6023955898733,44.228141665824836,0.0,63.17635097663978,21.504059541071605,39.330834389768086,1.5267920958150332,1.732030302487229,2.4417390890567274,30.0,0.8802107769869858,76.04527216044808,40.40559574390115,8.718233997967484,0.0,0.0,0.04497978884982336,1.189585922980295,175.86373640534214,5.0,54.54146197290774,1564,28.365479712710446,54.54019696175727,493,12.417746641875018,0.0,1.5582960253714047,0.6533856645484785,Good,0
WS_003213,2023-02-03 11:00:00,7,Cu-110,Al-1100,106.33522837794969,175.90542325840434,bare,2.2345370825727526,Laser,2962.539195681601,0.0,0.0,94.04286160483447,13.056153581571957,426.34016114260123,29.729238264996926,0.0,48.62511770976633,20.19026073558121,63.24707954118129,4.5540576831078505,1.6977410152034833,3.252574125554668,38.43561814543351,0.2,106.56226569133413,34.80616104067709,3.0,0.0,0.0,12.0,1.8695944363739787,205.34102990846003,10.826183429442787,52.650399954180266,1506,40.57409891719347,51.3322963641382,493,18.987335931440413,0.05816842833186599,2.50423289366567,0.6147350043297711,Good,0
WS_003215,2023-02-03 11:30:00,23,Cu-101,Al-1060,251.78455223738592,112.88614418014915,bare,0.5739271844005349,Laser,1920.285452512968,0.0,0.0,63.821264949744474,32.981762203093005,951.1767741128449,26.257018648560017,0.0,67.78520109556152,25.322757973155767,48.55649847841987,1.5922144175848587,2.1061927565104606,3.876983704429694,42.52039415748448,0.7654992618274382,93.33607450002647,27.728356496562135,5.370330468149216,0.0,0.0,11.978996663627534,0.1,124.03381052243961,13.594324844189394,54.60808049197453,1974,37.112797217951346,55.320741102160845,644,9.268988713991398,0.34464825481196015,1.3535668481517291,0.6581866364230745,Good,0
WS_003217,2023-02-03 12:00:00,32,Cu-C10100,Al-6061,325.1320948858412,225.39011597364063,tin_plated,0.6358342734393677,Laser,1244.241781740784,0.0,0.0,18.7653682697795,24.91065081618617,301.2798353716062,44.10070390099788,0.0,24.313349939952218,18.92709396905057,62.2295980637673,3.540710696514007,1.3523016121932026,3.134562751137795,61.87323731010641,0.6036240851959515,95.10471598143234,30.827516734527073,6.893348383319232,0.0,0.0,3.798308863757149,0.1,100.92423156727911,26.157057131342405,55.883049948542045,204,30.361864162562156,70.4210516016544,518,0.27018464645587703,0.8962839183144863,1.8971042066231647,0.7145365698815213,Good,0
WS_003219,2023-02-03 12:30:00,32,Cu-101,Al-6061,218.04354407371412,435.85175502759677,tin_plated,4.042649963547983,Laser,735.8235331541703,0.0,0.0,75.80784115874599,34.445511917020184,638.1732002485936,11.437107400517126,0.0,50.47226285785284,18.605561142075064,44.53891959311111,0.6640695268555921,1.6992961345749658,2.9350283113231903,30.0,0.4723500747563523,100.80203538894231,24.323570074401708,6.934142546843741,0.0,0.0,1.6548313308560787,3.91404763104848,170.64734664395192,16.156186252446258,55.79963886127966,913,37.02709292975933,51.87300986472795,518,8.718732610291188,0.0,2.303697181817738,0.6423275949562182,Good,0
WS_003220,2023-02-03 12:45:00,9,Cu-ETP,Al-6061,393.3607397339623,244.15124862262783,anodized,2.391094771905155,Laser,2379.834187135114,0.0,0.0,54.17719477953833,68.66654129195187,649.2000353987478,1.4231631150027284,0.0,38.98986484666599,19.795583173065623,36.04341078630329,0.04145142854805566,1.9420009137369094,3.8100670685092806,30.0,0.2,115.80219284623973,35.60196130474492,6.099941970300301,0.0,0.0,1.681693657231898,1.7012454939510229,191.18444633037583,5.0,49.70760122317841,1580,49.99174060163524,48.001750237873196,291,19.63434680180015,0.0,2.0339454235242758,0.5776023644388548,Fair,0
WS_003222,2023-02-03 13:15:00,1,Cu-ETP,Al-3003,177.03265298341114,492.76711380056565,anodized,1.7752184780749636,Laser,1075.0306802665032,0.0,0.0,62.71926838952122,49.56831254108493,253.35451860260258,16.194663553813033,0.0,26.88400164493212,26.772778068079596,49.72617548437454,0.6534280762690886,1.5717324557732293,2.6507340030645272,56.73521994974599,0.48043821376945944,84.20396127732377,27.707574723887188,7.349843282680242,0.0,0.0,1.8510826239266853,2.5970284027955244,207.23307931860649,21.001986336547546,51.73695963735115,1855,42.10476298322668,51.60130435535576,546,12.861713768958301,0.005641466487425056,1.7740375265538573,0.6281304030967525,Good,0
WS_003225,2023-02-03 14:00:00,27,Cu-110,Al-1100,239.95818545895946,275.5048882606519,bare,0.28749431044757645,Laser,2324.607150794978,0.0,0.0,98.82962643914917,42.96464911757709,150.487267022472,13.02769964295261,0.0,37.362063112248975,26.683310754629645,64.99211622088144,0.6064380792358387,2.2913708257524608,2.7842790185597526,86.25134103152652,0.4730968261608171,92.9766030996363,34.86048836219692,5.9674107935104,0.0,0.0,8.675731201154978,0.1421583007760335,170.61453957426022,5.0,48.41884481835046,915,33.36156895087378,61.09166321464314,373,12.893581806860167,0.17144185011727975,2.443098111680904,0.653378005389101,Good,0
WS_003229,2023-02-03 15:00:00,19,Cu-C10100,Al-1100,335.7326579790912,143.77216193439173,nickel_plated,4.925233874969702,Laser,2822.8825964009793,0.0,0.0,88.46618370815588,94.40804976866444,803.9084896638527,41.63208283647836,0.0,63.03613213894978,23.250389021723688,68.7317875685066,0.8819604459258034,2.1729734900135513,3.041834998025766,44.87123490570253,0.2,95.06153292756085,33.30100241132775,3.231553680422822,0.0,0.0,7.401110888266768,5.607549361035956,175.77347628484404,5.0,53.15618421724557,1297,41.38528168621503,48.780215141486124,339,13.191345264220757,0.23336110519385767,2.426471229958988,0.6077388429539788,Good,0
WS_003234,2023-02-03 16:15:00,5,Cu-ETP,Al-1100,336.1704412431566,109.86547531920432,anodized,2.300778832007879,Laser,1741.7587058946378,0.0,0.0,65.93199452107115,19.3073538492504,818.7216713663147,49.42780830588578,0.0,49.944238867981525,18.786479854527514,58.6567373700195,5.120101769700025,2.3249344450175777,3.24725296764988,66.23773706018454,0.2,107.50155497136375,46.31958802865166,3.0,0.0,0.0,1.982508941042288,1.5104225575733912,178.76400120547788,24.567763513870254,35.00122216031649,1444,50.48523527358781,50.430978025274506,468,18.39466096310093,0.0,2.994466376071926,0.5970596028469903,Fair,0
WS_003238,2023-02-03 17:15:00,6,Cu-C10100,Al-1100,417.08136231230054,377.4539362910593,tin_plated,0.2800596954554153,Laser,1689.4187725062752,0.0,0.0,15.551325726390337,53.78822630379016,577.8175802644699,38.13727324361685,0.0,31.9419592725025,25.6612586324122,54.40046969493717,1.4180528291905967,1.9054879000262908,2.6236733209158425,30.302585814922093,1.1439882000276551,79.75842846546084,38.492250656866396,5.980818349896746,0.0,0.0,3.43790340353521,0.5311120845407913,145.2554836704444,18.502191829357745,47.18365686598567,487,14.406871089216416,71.77144155477042,831,5.4319435788905075,0.418849474229285,1.55097332304511,0.7530334030426816,Good,1
WS_003239,2023-02-03 17:30:00,17,Cu-110,Al-6061,351.64703145370675,490.04076044008013,anodized,1.3761326437751624,Laser,2441.395711690081,0.0,0.0,25.869737804447873,37.68054325125576,362.1491739103818,38.148200077778185,0.0,28.14193747500506,18.55743962848516,45.43968028880393,2.0248221913046245,2.1175881767338223,4.152315395439253,32.64080352046163,0.2,105.66527387226468,35.46083643728272,3.0764826604737108,0.0,0.0,2.1424825266997507,2.0500952730924373,154.3914012431213,5.0,51.322186916403155,112,39.42092488465306,59.82154286946349,387,0.0,0.04332336316777779,2.007842201522642,0.6662224698466791,Good,0
WS_003243,2023-02-03 18:30:00,8,Cu-ETP,Al-1100,109.7707531762533,159.31301515836637,bare,3.8420471922036645,Laser,1612.3644554203656,0.0,0.0,29.781375747979084,69.31915708181623,665.7916338884492,30.1092919957723,0.0,47.60472507606951,27.67938206839141,31.26066508517994,0.8687148910433176,2.3967211428812205,3.530144295098822,30.0,0.7143481502077019,75.9089651067518,32.92590833308422,3.5940639362254303,0.0,0.0,5.069521928063592,3.9643144000475634,186.01075472728118,18.064686586474206,51.64221996284363,434,31.32684975298954,66.56799770887591,667,0.0,0.0,1.2807711559733586,0.7138963863093721,Good,0
WS_003245,2023-02-03 19:00:00,41,Cu-ETP,Al-6061,233.1800987849493,390.30355018131024,tin_plated,3.2557924353794094,Laser,2747.8854666212624,0.0,0.0,82.55845438431051,14.585179637173018,54.708762266251654,46.25388791472033,0.0,58.03996990132372,27.888626607835867,30.18056191711498,6.342587347616038,1.9468348467078784,3.0426408241728837,59.031527245828116,0.8204978506068773,86.89950005909486,30.595462383950387,5.539553406575048,0.0,0.0,4.4407509555323665,3.661078401480726,185.06005653877634,9.057895204532095,47.35508060268225,843,25.284161716658435,61.38028838173186,559,4.173669109568278,0.5421011043308017,1.2178171641537419,0.6949655154655681,Good,0
WS_003254,2023-02-03 21:15:00,31,Cu-C10100,Al-6061,349.096510550991,217.39143094360577,anodized,3.7389079860508527,Laser,909.6223669411439,0.0,0.0,59.223550554203726,88.09875227037821,558.7473352176046,3.6140046623242523,0.0,65.67438990426245,18.273967578381676,63.17786707422372,0.0820444006115488,2.376768179415325,3.024962765299563,32.62466502616833,1.3741172281686194,77.54159428102119,35.67783092589119,6.911929567655219,0.0,0.0,9.444613620494174,4.225235992164028,101.03213808772028,16.41686137341112,44.707690544168855,1944,19.86704526607201,70.3384078564108,557,3.9654706503310186,0.0,1.389860454530374,0.7257435276058817,Good,0
WS_003256,2023-02-03 21:45:00,25,Cu-110,Al-1100,443.9417961340487,206.29855047466458,nickel_plated,0.8944465318483339,Laser,1673.6987789440752,0.0,0.0,38.55903444709113,56.76588441066928,945.7882253704573,44.95094981587849,0.0,54.69781152532224,25.667263364525255,54.91153369794799,1.5837311541095218,2.644578719153448,2.746761046329258,72.64373893030783,0.21103136771329822,104.57812294105767,33.25384848061094,5.721584659539845,0.0,0.0,7.33329679405803,0.1,143.44569817042162,5.0,43.831022145517494,163,36.116487431242895,66.01393010525399,322,5.551706875940099,0.5505381240680153,2.4401030108973996,0.6719173103905497,Good,0
WS_003259,2023-02-03 22:30:00,40,Cu-101,Al-6061,345.4831878174989,114.62792494518328,tin_plated,4.228850825631518,Laser,1503.9689636733024,0.0,0.0,13.53696610616346,75.99100581108499,71.75548693054263,32.16669310919605,0.0,64.57814249804969,21.412772496423358,51.617415743548534,0.8465921135236197,2.1147392299701453,2.51801365029245,30.0,0.2,98.71984208484822,21.63021553889717,5.388603027385227,0.0,0.0,5.707772939682743,4.2014597823073645,107.49688914053428,19.647655958699886,53.88719084920617,1583,42.9226884927122,51.052033988760314,447,20.039916045300476,0.0,2.9106909472287983,0.605471209647894,Good,0
WS_003260,2023-02-03 22:45:00,46,Cu-C10100,Al-1060,417.41496089153236,174.56553886653072,anodized,2.9753688659131226,Laser,736.213601017698,0.0,0.0,38.35440832495795,48.42913953045826,813.4674043279267,12.364756457903402,0.0,49.770374835119,18.226096684818973,38.34237319542649,0.5106329196754325,1.3629216782267175,2.7246787691077854,66.87166783621532,0.38659885256396037,98.31750549587431,32.48646289997875,3.6847370828399533,0.0,0.0,5.345143910714685,3.210787762572756,145.92516100304385,7.8862945275540355,38.841439066970125,501,36.995164274953225,67.0321370375039,425,0.0,0.09685936019155941,2.063965289695695,0.6904209295146633,Good,0
WS_003261,2023-02-03 23:00:00,35,Cu-ETP,Al-3003,134.23982112910733,398.70817784777165,bare,1.947707552036442,Laser,543.6944709515119,0.0,0.0,96.31917928289491,99.69657358821597,381.5699458721731,24.684730794634717,0.0,24.26131261670271,26.95779547257129,55.0129609937828,0.49519717491178505,2.861750277933932,4.133948736191612,54.26970434730568,0.2,95.0853964313848,24.302414224948873,6.141817052717587,0.0,0.0,11.303986522665983,2.0028148783365936,124.40762723315561,13.170783224778026,47.9526448757329,745,38.53303617447889,59.42782993005496,370,7.740309442125715,0.05844108505015861,2.5547674011147206,0.6509236070261,Good,0
WS_003263,2023-02-03 23:30:00,38,Cu-101,Al-3003,403.3614692136813,367.2948067909375,bare,2.4012797243249566,Laser,1753.0311224267657,0.0,0.0,69.86877119177548,87.72025105260009,288.53063225798286,38.490968369828416,0.0,21.447779993608624,24.011754486640765,49.24343387313418,0.8775845465090587,1.7527580082520058,3.307503608377916,67.14391252286275,0.6296495921483135,104.49923263718617,35.93551582051117,3.173702642569063,0.0,0.0,2.68636445124576,2.018815949751139,176.35137752359896,13.433055245977258,52.69460026105466,1520,26.35733149979808,55.64660822279637,491,10.136727108256531,0.0,1.4200799434308549,0.663307493312646,Good,0
WS_003264,2023-02-03 23:45:00,39,Cu-ETP,Al-1060,108.79460881572945,386.75367023891096,nickel_plated,3.7851892438949384,Laser,2019.0030915843902,0.0,0.0,59.547682090888635,48.70935105488944,99.276909175127,43.21521643041442,0.0,40.90456144159648,19.94556075181022,58.795122359571685,1.774411503931399,1.6588074141539413,3.66331930251223,45.352829978862886,0.9064155329387065,92.44007001178987,22.527494952692688,3.0,0.0,0.0,2.573472792415894,4.658245275630639,133.5309440645851,10.759556354102855,57.39398221574666,160,28.01252185257318,75.5197592459999,477,0.0,0.018530609782978658,1.7200300537346076,0.7285806153361399,Good,0
WS_003273,2023-02-04 02:00:00,32,Cu-ETP,Al-1100,127.85834709930626,168.98073595058617,bare,3.119853667774442,Laser,2269.42837227186,0.0,0.0,96.00960300034163,71.38031357508964,150.50263255195955,38.05687283839303,0.0,72.95465654653938,19.8946914953434,60.306451789517816,1.066312851045646,1.8847209074523459,2.704485558318873,58.62442561844516,0.2,94.32151557093417,26.261618943273376,3.0,0.0,0.0,3.6982799556768926,4.169731423580352,136.68018438755897,25.96486367464103,54.53057777544277,1241,37.075455903708274,58.46895051903232,308,10.714263079137293,0.2175861997837113,2.372797481911018,0.6410032825019693,Good,0
WS_003276,2023-02-04 02:45:00,29,Cu-110,Al-1060,396.880403648453,226.82950774522328,anodized,4.965528508914678,Laser,1846.385626641052,0.0,0.0,47.984320233037394,58.255044882230436,281.41425825435215,7.204198678435397,0.0,53.604167125192916,26.814741260602414,48.52835818890733,0.24733304018560276,1.9087473365951064,2.8107240465407752,33.3950700926248,0.2,120.22682116280953,22.56785496313021,3.798352237351958,0.0,0.0,3.171143746295087,4.700341417244091,140.19090914503943,5.0,50.82409391147792,938,36.73483072569579,53.34288287613272,314,8.356466491782916,0.0019403030993805498,2.1064609542547914,0.6335199197630285,Good,0
WS_003280,2023-02-04 03:45:00,41,Cu-ETP,Al-1060,110.57876103906699,441.6062121821837,tin_plated,4.692049730996253,Laser,1281.346582500822,0.0,0.0,20.838741340609374,82.0807891899776,412.1278259136483,48.47654529331411,0.0,39.27729706003862,24.242189554636973,54.97850455483978,1.181191013675909,1.700741585390332,3.147819472220778,76.84364590972372,0.6542999417398297,85.96196489677043,30.065716795877716,3.789842281731814,0.0,0.0,1.4826650116232236,4.265539113109377,122.69603613783823,25.84703999985647,48.6594833265317,204,23.240234639161567,62.27727647517351,614,5.730593977649137,0.0,2.279537246642554,0.7010213088544326,Good,0
WS_003283,2023-02-04 04:30:00,47,Cu-101,Al-6061,449.42223049083555,348.4501196363316,tin_plated,0.9284518325281487,Laser,1261.5795557405845,0.0,0.0,77.79309774987534,63.415642623283,922.9898664190022,32.52833234302821,0.0,74.84184639212674,25.698907741138985,31.833578986370394,1.025877244081903,2.346331345150435,2.882012595892733,73.11998307680076,0.41742621933625473,95.52319083582753,29.832780498145613,4.877312897302154,0.0,0.0,3.1366712227281335,0.42433907194826126,158.91064241145457,13.405397912932091,52.139486913482074,196,32.388642999333975,70.16826593283734,387,4.737697764160036,0.0,1.1947917262057604,0.6937545170252923,Good,0
WS_003284,2023-02-04 04:45:00,9,Cu-110,Al-3003,231.75122681368708,194.13022038389983,anodized,3.7975262729331827,Laser,1850.912181434817,0.0,0.0,84.88955194929635,63.34575681998969,857.2005938776434,46.45072625014307,0.0,70.43315294409737,24.353446232148272,67.58994511665975,1.466577355201315,1.8313491297682702,3.0020786803644657,52.45512594031439,0.7878677108608698,84.97373419780388,34.128664806396706,3.7822155473039007,0.0,0.0,2.1065138965816317,4.5244084590928075,187.64804073234157,14.861009329042243,49.15263985209136,896,32.213292060397166,66.8521147932372,546,6.251527855971961,0.058092629479270685,1.740331855113845,0.6934887341625497,Good,0
WS_003286,2023-02-04 05:15:00,14,Cu-ETP,Al-1060,438.9186982141976,482.7553770531865,nickel_plated,0.752771110796604,Laser,1670.9814779276228,0.0,0.0,35.251125254609185,51.391954325818254,845.5933549512239,25.03657678976895,0.0,35.75403505610982,21.9991784959354,66.58041354075266,0.9743383811030161,2.4671563886027417,3.590443541532433,30.0,0.725496937554449,78.31781243665347,28.11228899074091,6.747274132140868,0.0,0.0,1.080220141441161,1.1684386737455796,143.73037222281803,5.0,46.24679729570883,559,21.08578303580773,76.43028125618713,710,6.056234360296008,0.03920853458288692,2.2937454758700278,0.7454249224945345,Good,0
WS_003295,2023-02-04 07:30:00,16,Cu-ETP,Al-6061,408.52925728674,229.53985229833793,anodized,3.632569486875366,Laser,532.731239247118,0.0,0.0,65.11412944922057,66.74433140821617,891.2835425469834,9.696139674786568,0.0,58.78568690983395,22.67014309857609,39.06637308578755,0.29054571287811215,1.7242206881491182,2.9596325783703685,52.44299555380854,1.8655771082077068,49.06915658705482,17.498524594623518,8.740560032956802,0.0,0.0,1.4891612619674095,4.043661877701352,207.46401798663973,26.19143026170489,48.16191835325801,1568,0.8737097409700425,79.30989619725443,1148,1.21445270996574,0.15088495403275792,0.8038485352491085,0.8212204103838285,Excellent,1
WS_003298,2023-02-04 08:15:00,10,Cu-ETP,Al-6061,357.76926785192666,390.8969278279916,bare,1.902095893555892,Laser,1953.7148541579254,0.0,0.0,42.60336109364208,60.27733498915547,189.73504241331,21.77939554471848,0.0,50.89431767016502,24.932449918335774,31.904106730465035,0.7226396305887386,2.0741924361496706,2.6978686089289083,56.43738664064094,1.0865705657720195,54.366904552812265,27.118805276179042,4.321578507957069,0.0,0.0,7.442509327139284,2.038009539070227,121.86239382960632,5.0,58.00515448978041,336,20.664106154024722,83.68664639876155,816,3.6867572168669533,0.0,1.1666435318528705,0.7757077869842413,Good,1
WS_003299,2023-02-04 08:30:00,41,Cu-110,Al-3003,111.33498015335385,239.86135218489508,anodized,3.4614820063017797,Laser,1435.6966431421351,0.0,0.0,65.04528126690377,73.5768562571259,913.4157504947664,37.08333151198761,0.0,39.76694415633459,19.11800603138894,32.79946040979437,1.008016199615653,2.523862798547581,2.3198519032506604,64.5988894533275,0.33440339809762987,87.74126056995557,21.53997998809212,5.470696029523269,0.0,0.0,2.948008684166868,3.041614330377041,103.45272967449434,5.0,44.995830435243995,1082,34.89754597001018,62.426276119450854,555,9.955242799636608,0.0,1.796501146408528,0.6720532910942931,Good,0
WS_003305,2023-02-04 10:00:00,3,Cu-110,Al-3003,116.13206442060519,346.31702084055416,bare,2.737558473769668,Laser,773.4869289350484,0.0,0.0,74.90287805941048,72.14146979123657,346.86657662251736,35.83587438564551,0.0,46.56418675377985,22.92836176092414,46.90020719760535,0.9934888903524584,1.8414751378421879,3.0187392186125632,44.63751029091765,0.24363878584961834,103.50962780644471,25.82655278558547,6.847556625866401,0.0,0.0,5.669318747682729,1.3959887265571893,176.043021086148,5.0,47.7596573457313,884,41.65019624870068,49.82676445281078,321,9.963852194091405,0.11444669189519971,2.1851938928184365,0.6148093938950545,Good,0
WS_003308,2023-02-04 10:45:00,40,Cu-101,Al-6061,235.0991986939389,470.90625305256367,bare,3.2732160763037754,Laser,2992.5435528288754,0.0,0.0,61.972709790224016,68.98448339833544,930.5759043462441,11.323429458668173,0.0,75.59044520462228,20.9577077706751,65.7898763885733,0.3282891717339845,2.0501484110766275,2.337368301037296,30.0,0.2,102.21517354985252,30.179183252733353,5.853871019510157,0.0,0.0,5.699236505492002,2.876961562769223,165.1554139414506,5.0,60.0,734,37.97203541417968,52.8752989344183,321,9.396706520013321,0.5143286609230265,2.8221537616416716,0.6290113694897511,Good,0
WS_003314,2023-02-04 12:15:00,15,Cu-101,Al-6061,342.0406488948603,354.5377261272357,bare,1.8919325979558606,Laser,630.6278928065516,0.0,0.0,48.202056652924554,10.122573019465577,942.2106590841358,46.453396241414495,0.0,67.2965865268981,22.70360947296294,67.4462992582778,9.178179530458356,2.060904134245525,2.1154341092109448,70.07117224423428,0.2,92.87168629812999,38.746572835684184,5.157274326742733,0.0,0.0,0.2524284147468071,2.1460291979734043,157.30974336921366,5.0,44.84262866407171,1355,44.015958449718816,60.37739296055835,308,10.933371523325455,0.0,2.9749247211320973,0.6349528064539157,Good,0
WS_003315,2023-02-04 12:30:00,44,Cu-C10100,Al-6061,258.29793193894176,300.0369343128933,anodized,0.7800733145197518,Laser,755.3065628795489,0.0,0.0,70.6790008829133,90.62707831490997,466.169176005239,34.03390699481818,0.0,37.09686988737987,22.663653855450995,64.079904999742,0.7510758953644636,1.7960606548948896,2.9403752561939935,30.0,0.891437332364196,102.56439944254032,47.69151025098165,5.065632781328598,0.0,0.0,0.05283107967248135,1.0933168806449547,173.3226091082729,5.0,55.01749785968147,1804,27.933081285059718,48.02947150397558,740,9.490552197211072,0.0,1.9425002874625588,0.659712604795912,Good,0
WS_003316,2023-02-04 12:45:00,11,Cu-C10100,Al-1060,219.4688629550199,141.32019112531196,tin_plated,3.4794745352452265,Laser,2948.406800473235,0.0,0.0,45.502071999065194,83.84045112304193,330.4752538798178,12.794340361937248,0.0,64.74660930161573,24.252366231409034,68.18134917238686,0.30520685875510445,2.1045147267099384,3.408423150478257,56.779245454887324,0.2,97.22950895263851,18.428616411674795,8.585553717060815,0.0,0.0,2.4734504976896075,3.3710582077070415,144.8341028697069,12.205976277813043,52.74418813164528,1770,47.50733363120737,48.98835074321671,469,15.681758117729093,0.0,2.882436348575644,0.6030732466071552,Good,0
WS_003319,2023-02-04 13:30:00,50,Cu-C10100,Al-3003,443.1062193489769,455.03559628754334,tin_plated,2.392378462921538,Laser,1959.464046176232,0.0,0.0,25.604924417710492,95.26638843421709,422.3713325540444,15.358559650022547,0.0,28.96111520886608,21.524424885176348,51.71531355486221,0.322433964432857,2.7483382082093586,3.1538021162606453,30.0,0.836941531055029,84.5093968766118,33.211292146787756,6.660021947546616,0.0,0.0,0.40696571524217157,2.9564247840329765,131.42974158444687,8.20175711394986,48.57516137058162,1510,32.662154770181814,63.21898129898688,490,10.769413246495413,0.0,2.1677854321858985,0.6715282379216823,Good,0
WS_003322,2023-02-04 14:15:00,11,Cu-110,Al-1060,378.488574448509,235.61141989756388,tin_plated,0.3644658994994737,Laser,2827.2531989557797,0.0,0.0,11.728222837827943,65.40131807000643,375.07928043158813,5.3872197590190956,0.0,41.55863654324742,26.25067355243756,35.61605960207849,0.16474346138567253,2.245059596681205,3.8930577807528293,63.55838077311061,0.43927679594468594,88.69374795083311,23.47799771161397,4.507154506381037,0.0,0.0,4.572186057663462,0.5952916662561882,118.70902606877911,5.0,60.0,1287,44.69248764304666,52.473347596257575,574,10.596174264812422,0.0,1.8181613295305523,0.6325434774462173,Good,0
WS_003326,2023-02-04 15:15:00,46,Cu-110,Al-3003,430.12336096919296,120.23022643160415,tin_plated,1.5827675424526488,Laser,1526.4616408094778,0.0,0.0,53.57104963229127,91.95485946786147,803.8651618836436,8.290415192966904,0.0,57.318777527809985,22.49921743369953,33.264916347986656,0.1803148901742258,1.79786404270897,3.003600550989731,30.0,0.7568492621983673,90.64311228415984,20.851475550206686,6.93571804324886,0.0,0.0,1.930607585217909,1.3780162429618459,182.74441508158267,12.082357325125688,47.68708603869506,1675,29.834555938791226,60.55579384322787,521,17.316735310831774,0.006159875091574674,1.0666600385757947,0.6589021053254066,Good,0
WS_003331,2023-02-04 16:30:00,7,Cu-101,Al-6061,397.74728172159627,173.0779250845531,anodized,4.417362542278885,Laser,1762.6290746088982,0.0,0.0,61.01676215050146,50.733102298559565,485.1337766132923,28.659801078119074,0.0,59.316822513697474,23.91387043629907,54.45832689190401,1.1298264754029361,2.700994903460613,3.431519257362781,51.4352609347722,0.2,92.4887433295843,28.614702473724314,5.1806339739421645,0.0,0.0,4.790146227079681,4.338235342359895,100.0,9.53748843838462,49.20487000665262,1625,53.355934027931454,49.01749718984609,435,15.26394616715762,0.5141816948449082,2.3416837891236457,0.5928899428692975,Fair,0
WS_003347,2023-02-04 20:30:00,43,Cu-110,Al-1060,424.46504155165286,315.97929088855375,tin_plated,4.074525259913471,Laser,2177.2765199532623,0.0,0.0,58.141306531379406,65.12232533105885,103.61123670713064,48.36373182086821,0.0,47.806613359734655,22.25249042494127,59.28297474302035,1.4853195605348586,1.6682650576670917,4.009775022889636,47.19018729090867,0.4665707498765175,97.73172162107029,25.071085488821467,7.69783508114973,0.0,0.0,7.678586202945395,4.178242566748813,137.81417003770287,16.761600165008087,48.99383481450825,864,43.87252930780082,61.369972599767934,569,10.887780040891176,0.0,2.2358979248458777,0.655134883294381,Good,0
WS_003348,2023-02-04 20:45:00,37,Cu-C10100,Al-1100,113.13019952769605,179.0338343313273,anodized,1.1810053252493589,Laser,1193.010464142357,0.0,0.0,52.77827536524084,51.3626640265026,785.8707090693443,19.104398871237404,0.0,47.58848798599223,27.145266196292457,55.43157623864121,0.7439021800496849,1.8688188319882406,2.6341088393016348,65.54450838025608,1.192532300585578,61.4932523860793,20.197360010283518,7.3137694030927225,0.0,0.0,11.633559098832004,0.321635394578879,128.40497476599637,5.0,53.833391133142975,198,25.47343833477714,81.20265190592133,741,3.0886018334002765,0.2675725952826108,1.5185511859778553,0.758405343825012,Good,0
WS_003349,2023-02-04 21:00:00,11,Cu-ETP,Al-1100,287.1437850536639,272.28664864320416,tin_plated,2.7099004457410323,Laser,1686.700727062697,0.0,0.0,29.794412463781658,58.58850176674327,285.9713117135498,15.796634749350456,0.0,53.214345876775496,26.631955417569937,60.901872900483596,0.5392400990979817,1.8083734933316185,3.176195643403613,54.90121106937663,0.2,124.23277391255084,27.24200137749285,4.291425365578952,0.0,0.0,0.32147258205371654,2.8459842069607992,196.66674437792747,30.56078491388326,53.41223397429395,498,38.229635224706634,56.0369740164605,289,9.656759593414947,0.0,2.5002334510436635,0.6339082246331048,Good,0
WS_003357,2023-02-04 23:00:00,20,Cu-110,Al-1100,212.7718207006243,114.22075101962204,nickel_plated,2.6255699952338745,Laser,1873.818939754299,0.0,0.0,37.93890861892552,25.82889317091886,157.3740369508841,4.13178481189974,0.0,23.53978631222615,19.888537688557275,54.025224098813275,0.31993510403703856,2.0614049025437473,3.1482189306079755,62.061009266822,0.2,103.23473137961194,19.803457678008343,3.0,0.0,0.0,12.0,2.5118606842015243,161.58955609682647,7.4281858484477254,57.529361382724964,1401,39.90434050306513,48.2058526303847,355,10.894229299255136,0.7890143918286782,2.627087292391913,0.6138981075519273,Good,0
WS_003380,2023-02-05 04:45:00,31,Cu-110,Al-6061,269.375521959917,405.6222359409754,bare,1.325656390031297,Laser,2974.0072464425043,0.0,0.0,17.620988643803074,84.83485159884088,802.3648958418202,2.2539838552256573,0.0,49.32040944039753,25.303984367751397,30.459736859733706,0.053138157555436896,1.9712586127879657,2.429978785298319,32.270477856444614,0.7855160187166749,112.48106850565512,34.81853308468398,5.143462031812365,0.0,0.0,1.1188078468745015,1.5811865501808853,145.18998123176408,5.0,48.54181882845633,821,28.51833967090284,75.97040562307204,571,5.116275213973969,0.3158748104027007,1.2398461223422368,0.7256221551917913,Good,0
WS_003382,2023-02-05 05:15:00,22,Cu-ETP,Al-3003,168.27097412089347,164.28623395660225,nickel_plated,3.1791967325489128,Laser,2763.7410806271046,0.0,0.0,62.81143670642619,52.58105046120308,669.7553930765847,5.57388169937601,0.0,29.236961279006383,22.856421601683284,43.724438884089054,0.21201104392118214,2.098471267517403,2.773114317418705,30.0,1.0103614301330812,69.42844262981991,20.273443768299188,4.654046862607193,0.0,0.0,4.776016561146522,3.113023800659174,127.3099806391196,14.701830444897187,50.48623392777233,1242,30.923532096534714,69.39437393103191,727,9.142838408416452,1.0251834196856984,1.4981798143269445,0.7084244813336634,Good,0
WS_003384,2023-02-05 05:45:00,21,Cu-C10100,Al-3003,441.0154963423868,272.54618255520074,anodized,2.5568000632239323,Laser,2211.1555649433058,0.0,0.0,98.78626518993403,84.95640552446044,477.20506013572134,13.547858230050732,0.0,27.551362218428345,20.96154109940726,61.651796417956916,0.31893670986704037,2.247592129260768,2.812594321990035,54.6634234687011,0.7956784986681704,87.03814457491293,17.49463526125294,6.3431651917820995,0.0,0.0,2.238457062122717,2.2059476652365757,143.90460370867876,11.004981426201065,52.010229715169636,1669,29.12877158819151,53.53750977359084,723,8.8697624909333,0.40754909742976825,1.8149619900355412,0.6717198123811898,Good,0
WS_003388,2023-02-05 06:45:00,28,Cu-101,Al-3003,233.29669622029107,174.06601816648106,tin_plated,1.0619082194874994,Laser,2688.3929643211964,0.0,0.0,45.40491246485898,49.112527146312694,259.92102732135885,18.702323839336778,0.0,35.67384923133272,22.719299551571957,52.098353965370436,0.7616111377702104,2.2702563643193026,2.8590806550795804,61.43454947495343,0.3449557181912949,102.6891267877398,18.09956593227761,4.76880471014423,0.0,0.0,0.8192003698880562,0.8288347817459578,146.44994778524176,5.0,54.45543497788596,1495,38.2130439185657,54.95062921094845,547,13.64243331840155,0.0,2.159144407781717,0.6409441113441863,Good,0
WS_003391,2023-02-05 07:30:00,16,Cu-ETP,Al-1060,342.40600099177726,125.53041388388544,nickel_plated,4.180509573768084,Laser,2836.1848256165786,0.0,0.0,12.875686591785714,25.61162466861488,309.1273762495276,26.57484772176405,0.0,26.842998204986674,23.061564717244323,42.77376960110783,2.075217645550579,2.371265823667996,3.065540645537463,30.0,1.5864036834113673,72.01279589444988,28.681022977228427,6.131441720397095,0.0,0.0,10.28389112596412,4.964320791039738,230.95620698547086,5.0,44.42797412607629,1386,18.65829110588633,73.25055905700158,978,0.0,0.0,0.4564448566348302,0.7703389609836745,Good,1
WS_003394,2023-02-05 08:15:00,27,Cu-ETP,Al-1060,386.26506082892456,455.59665542253293,anodized,4.598433092419097,Laser,1058.843465146763,0.0,0.0,71.22649853625644,82.23189388711891,649.0898468730651,48.51220413106406,0.0,62.4869506784057,23.26863777857352,50.003616904684456,1.179887798708797,2.475220632814153,2.9440958704468834,61.294096137822834,0.2,109.44723651930114,24.101026195730697,3.031254250758943,0.0,0.0,8.663798347090836,4.44128902883455,116.37916462211169,5.0,49.750186282464156,1678,36.7783670846808,41.071690239631025,408,15.406250302143306,0.3825132714942215,2.220617325759789,0.5958249556555376,Fair,0
WS_003396,2023-02-05 08:45:00,50,Cu-C10100,Al-6061,381.6417443086547,170.64547702964916,tin_plated,1.2962865816054956,Laser,662.1653167534535,0.0,0.0,15.333979372098307,69.18410295326333,760.7651033291842,33.663732096219796,0.0,25.616065317149186,21.534474434913292,57.44261172963196,0.9731637951267796,1.978425566483155,3.080423467497591,45.13611226093743,0.3242999970461228,92.9209466516082,24.297930725741683,5.2494938952962835,0.0,0.0,0.8973880574197954,1.2860032090416889,100.0,10.331084913781496,47.33379925899414,177,34.12735469962177,60.69257562946491,369,2.64970848034968,0.8646454408794371,2.6661737275546256,0.6701722036235739,Good,0
WS_003397,2023-02-05 09:00:00,21,Cu-ETP,Al-6061,335.8916144305863,319.4878422332198,nickel_plated,4.089476593523164,Laser,2862.255686887929,0.0,0.0,96.29255037897951,68.45999689190938,83.10976420922373,28.006762281621594,0.0,56.557322523336985,20.52554981387973,31.63134719824434,0.8181935014061165,2.442500866209616,2.365264250763616,43.36890229729034,0.4270501508538339,81.04964945276716,39.86840568697586,4.002954530121109,0.0,0.0,5.5321841838995045,4.592033618227095,165.2236513840867,5.0,51.5608134645855,1325,41.45511758618843,54.561544226517846,514,15.03049462084105,0.19201805266642938,1.588352495803661,0.6303056734396016,Good,0
WS_003405,2023-02-05 11:00:00,44,Cu-101,Al-6061,281.7930931821427,206.62004818171476,bare,4.3169166011081614,Laser,2946.7447119775725,0.0,0.0,80.09161974189416,56.99505202963951,785.19848202956,2.224647041734422,0.0,37.58202478078715,25.090787073462977,52.07965225247068,0.07806456744973315,2.0504411132407574,3.4336695366442194,30.0,0.501958706399996,97.68451307416376,22.081464942557663,3.0,0.0,0.0,1.1510968999367592,3.8924372602241046,120.68216556085555,5.0,45.79344583544957,1218,30.95668107114516,62.50854121533297,477,8.694934918913592,0.4324754390200735,2.117946572045061,0.6753333284586517,Good,0
WS_003411,2023-02-05 12:30:00,24,Cu-ETP,Al-1100,279.3940912010535,148.62265180730762,bare,3.5777122433750543,Laser,1708.0513792450415,0.0,0.0,94.98443602607702,48.26345621719426,248.36585193242678,21.816846723924645,0.0,44.361712534821066,20.6919731301725,69.31196637283671,0.9040731200743228,1.6880773712732131,2.2958459247371517,45.96837438709797,0.6407647005874835,82.2377002023714,23.66801520923909,5.331419985576422,0.0,0.0,7.460631986986479,3.7161733590619455,178.895296270007,10.569275079352783,50.30402552835809,1106,28.83425175172449,55.980142803032194,524,11.596429319073337,0.0,2.2160694535076706,0.6598890077400645,Good,0
WS_003414,2023-02-05 13:15:00,11,Cu-ETP,Al-1060,280.8731757440431,156.32474483719977,nickel_plated,0.18188435931485877,Laser,2109.2455924607684,0.0,0.0,81.2150166238953,51.187801497078866,494.79294174417174,7.241459467114707,0.0,66.62275851104313,27.78252213183724,53.91398722730692,0.2829369207242845,1.8070043606764623,3.3929298641772108,30.0,0.2,122.0879003603892,15.0,9.30043999413503,0.0,0.0,0.4443760055251076,0.8538304826515657,110.08971977564184,21.682863808736805,53.623824534157855,1588,38.006757237649055,42.44867057791871,425,12.963843658536968,0.0,3.165639594022811,0.6031376670618996,Good,0
WS_003424,2023-02-05 15:45:00,7,Cu-101,Al-3003,104.6104056211941,375.99647854172247,tin_plated,1.6793769781243373,Laser,906.7967232762101,0.0,0.0,11.279914379382566,47.66752420910129,969.8248516711589,33.62980231740478,0.0,74.50029927755153,25.47687553903704,69.99036745964972,1.4110152719441533,2.1372679372247494,2.164392486606636,75.45428339932336,0.4046339039858326,93.95541921502924,15.0,8.356981527533952,0.0,0.0,11.42612643742305,1.3579589127229919,183.53555917262918,11.246048488807086,43.8043784598987,888,44.15806764633807,59.96967255542189,600,10.829906811502237,0.0,2.4259232483356223,0.653381004647481,Good,0
WS_003428,2023-02-05 16:45:00,27,Cu-101,Al-3003,494.343376164375,409.7594148069022,nickel_plated,0.28770538775810983,Laser,2484.583914370938,0.0,0.0,17.71611985757726,73.36630311103039,508.443355992937,5.120392937548035,0.0,60.70229608467577,26.500664616534436,41.03886299929965,0.13958432469464854,1.8809643878046451,3.749789890716339,57.85512277095531,0.6996542420707561,99.73794607192639,30.938626022365142,5.18894319502619,0.0,0.0,3.8618120621867016,0.2243700025493907,104.18364242812189,5.0,53.07982890711,1360,30.931338222675542,55.955861223106865,500,11.271381560114937,0.03601289909484292,1.2829281729199227,0.6556921386318716,Good,0
WS_003434,2023-02-05 18:15:00,7,Cu-C10100,Al-1100,444.97365205646275,308.24898606858073,anodized,3.614686562467323,Laser,829.1724206999081,0.0,0.0,44.79683648811634,97.78858854990752,379.58041772170935,15.099761495676919,0.0,57.670941064052634,21.15089077798206,30.1767723559572,0.3088246127608353,1.3613318100498226,2.54595382130188,44.10653792396304,0.4786058396372959,96.16300461351523,36.526333740663034,3.346715426810208,0.0,0.0,2.9522100600649464,3.5819659587134,144.21350900202512,5.0,48.60316234511632,1237,37.486409778436276,54.3809054678602,531,11.587209941729103,0.0,0.8356010024379873,0.643396630361254,Good,0
WS_003436,2023-02-05 18:45:00,8,Cu-C10100,Al-3003,198.69896826695236,483.9712482334006,tin_plated,0.61491941634497,Laser,757.8501572379027,0.0,0.0,95.9978718099586,79.96898913265781,739.8425849610906,48.45928017692892,0.0,43.002500362961385,27.136901735367495,64.65133610536846,1.2119518003795569,1.8530602839675236,2.5933918111529124,30.841148899866518,1.0406473951215078,80.04817999402381,26.12832693424666,5.8959539107279095,0.0,0.0,4.101467206552566,1.2596951426133454,132.0113632357452,5.0,43.83474910970206,977,23.027349278001594,74.52149132283998,559,7.470514954029936,0.0,1.5845693172995252,0.7250221555179581,Good,0
WS_003437,2023-02-05 19:00:00,11,Cu-101,Al-6061,280.03810743634375,234.01966837539297,bare,1.8614689139533422,Laser,1518.7002112928444,0.0,0.0,6.337513757822269,28.5587107646906,712.264520079514,36.20814347432997,0.0,59.13157549724818,27.927827989313823,38.52232215681058,2.535698741632061,2.187749156923904,3.8489579385067128,34.92007141667899,0.7744828109612751,86.55786595865965,29.192077048707514,3.750119785617624,0.0,0.0,8.168605545790719,1.5079030932258508,175.1422485342418,5.0,50.601811497544425,1483,34.385463839851475,61.85456138367431,549,7.861882138259288,0.0,1.2312686764267151,0.6749171786901723,Good,0
WS_003438,2023-02-05 19:15:00,11,Cu-C10100,Al-1100,108.85378041179882,411.4183285690756,anodized,0.8588139878557506,Laser,815.7634511015353,0.0,0.0,54.66521616117537,11.088342532540734,488.86756267789826,21.837687011539575,0.0,30.731699673353038,24.177459015498393,32.59373718595793,3.938855053846498,2.175718832017745,3.27979983891899,44.4431813618943,0.2,110.87657632000705,33.53946310338309,9.657022255916708,0.0,0.0,2.2999072047549314,0.8051168863493052,154.59840317294766,14.37479388583561,52.210657298718644,673,37.669015133793614,68.20459484300238,367,8.10376902642752,0.33895004852128663,1.3803760541639791,0.6732800641489306,Good,0
WS_003439,2023-02-05 19:30:00,5,Cu-C10100,Al-1100,356.2840898908886,442.166461852472,anodized,0.46906820846831543,Laser,2054.016493967705,0.0,0.0,67.52783268395073,26.29107218144911,632.6192021813354,5.918947172687202,0.0,71.12053361433462,23.167687510533245,39.9892313779782,0.45026289775002715,1.9960182971845113,3.1051954278640603,53.50114781631915,0.4036557878538073,82.57182443449827,30.865513239230157,3.9582358893029523,0.0,0.0,4.0376607732338385,0.7121565325172914,126.94383492007563,5.0,54.836342961422964,1985,38.82498725779783,52.3828770604048,516,18.251158497675927,0.8494237791295585,1.765030250778037,0.6228987895811728,Good,0
WS_003446,2023-02-05 21:15:00,7,Cu-110,Al-3003,375.64363259472964,455.32309897508213,nickel_plated,1.4317159936206767,Laser,2056.9736187579333,0.0,0.0,59.897034826644294,85.4786258451368,317.3082076770102,30.311431610540847,0.0,38.22786180836552,27.28054201595772,43.4483604886558,0.7092166330669991,1.7797465257880822,3.4760592634317407,47.929312897479065,0.3857493222855144,106.09078292410986,15.80761003437078,3.0,0.0,0.0,10.171573009262154,1.7039576939632253,129.19397534687954,30.3627230418957,44.013612482763044,389,39.03403411009222,67.08122062366526,491,4.147100426342927,0.0,1.7120075366911716,0.6841095204279651,Good,0
WS_003452,2023-02-05 22:45:00,9,Cu-101,Al-3003,146.00437473123912,338.46511916427096,nickel_plated,4.94261408783414,Laser,1864.3352154266054,0.0,0.0,67.26709689728337,88.85234390788696,428.7619781147321,23.176421710186112,0.0,77.80797460777667,20.21569538603776,43.06916663650438,0.5216839689499483,2.113397855784187,3.2566957033970625,61.6268610874163,1.0344789562323722,71.11491366353938,27.87332491028441,6.419704408134048,0.0,0.0,3.8810115328359824,5.639020463888858,174.13534204607683,24.63566996500002,60.0,1391,24.506689024594888,64.67733946128428,624,4.161637673230054,0.394207834524406,1.8338368813794266,0.708730244479012,Good,0
WS_003453,2023-02-05 23:00:00,19,Cu-ETP,Al-6061,377.9282919486883,457.33665673104326,nickel_plated,3.994979373561838,Laser,2038.4056410023159,0.0,0.0,45.682585350861785,17.820094380944333,70.3447617371514,19.235893891107082,0.0,28.407060239752614,21.17075190995955,38.75650758719406,2.158899215671575,2.164841737472123,3.459342898955039,30.0,0.8282730685961271,105.16238062805655,33.654036877122365,3.0,0.0,0.0,0.3577224838221815,3.961923862383946,157.8850447714075,19.25220399834046,46.127888130021674,584,31.30521403803221,71.86436646789544,590,6.065076384795265,1.1538225366709445,1.2469827977516037,0.7106644102245324,Good,0
WS_003456,2023-02-05 23:45:00,20,Cu-ETP,Al-3003,156.64454024715974,433.137237146735,anodized,4.856042143865544,Laser,782.6075842152682,0.0,0.0,79.81469838857362,11.140877580264162,259.1931223471762,16.63856853494945,0.0,69.2886063431346,26.842470140905327,53.145276725240464,2.9869403761198017,2.241690859949067,3.851319228655735,68.25655520225888,1.0646190671332372,89.3308690090025,35.088335026213734,4.1377086608345515,0.0,0.0,4.825740190357031,4.8987024428542725,155.7173679359817,8.420566765894026,46.869051749122306,1855,30.866074889729266,56.87206449440616,817,11.094515396655181,0.6232587449594077,1.9834831221845428,0.6795454991993596,Good,0
WS_003457,2023-02-06 00:00:00,44,Cu-101,Al-1060,357.1333563262952,107.69268138270407,nickel_plated,3.508551734005413,Laser,1086.5429810757773,0.0,0.0,10.702465196388257,95.41725039950852,641.3466105340384,6.4257460409362785,0.0,42.90192324039235,23.115101958591982,36.59132663020959,0.1346873026424869,1.7525663083892429,3.510994105273806,97.9422340104181,0.2,104.76771550859853,33.32550652782381,3.0,0.0,0.0,1.897785667262275,3.0847597889385394,100.0,8.898932894687647,51.26038291415989,1985,42.84514771063349,48.29828188097688,524,22.851012860901857,0.28404586890890743,1.7819387679979235,0.5985656673556342,Fair,0
WS_003460,2023-02-06 00:45:00,7,Cu-ETP,Al-6061,231.98995811611059,212.15767143614022,bare,1.7354964821208718,Laser,1930.0270262025433,0.0,0.0,43.2500099905147,32.51398707283295,177.01314018677743,22.57594450924368,0.0,43.8923454179133,18.372446302634323,31.654287689353914,1.3886912397838163,2.2473342053064473,3.9902198807047666,50.6577335653263,0.8600361267890619,75.79050155543895,26.962122079357655,7.228821571379438,0.0,0.0,10.113170147398623,2.175754666051493,123.07919774419919,5.0,46.251820970417114,1284,31.67172016092995,66.42632402565505,747,9.08567744739916,0.0,1.364711883270223,0.7013225846088692,Good,0
WS_003462,2023-02-06 01:15:00,4,Cu-101,Al-1100,460.5943404402996,173.01262040346955,anodized,0.8342891108679424,Laser,1019.5318005050195,0.0,0.0,50.9377502130942,14.054617734914581,605.5430929526298,21.029600659551456,0.0,63.782481908704426,20.17070432614825,61.20450860466575,2.9925539144774564,2.162064625205543,3.1109553694440253,46.71667613057727,1.007416227617115,71.347490817534,35.26114372821063,7.533260165371759,0.0,0.0,4.7881333059982,0.45369826808615804,140.85146373325657,13.354312237711516,57.0432483939531,195,24.991806362833955,78.75229460125954,504,1.7434976837518805,0.0,1.7096747415600644,0.7397239688018631,Good,0
WS_003465,2023-02-06 02:00:00,5,Cu-ETP,Al-3003,498.24168072140236,363.1113628952714,bare,4.639428005060119,Laser,1590.0208327145833,0.0,0.0,89.40794577718343,22.821467163436015,939.019831333861,39.765140526042806,0.0,38.169773652807166,21.814985239551394,44.50678323523114,3.484889051283567,2.525978404447486,2.9425476619119766,65.91037879286901,0.6422066862129212,85.73475808601904,26.308942697335503,3.0,0.0,0.0,0.13991230212917938,5.042336850360142,151.98396397284031,20.195257995049126,49.37185950199077,242,32.43391334695842,69.07810222350011,636,1.282416848691804,0.11490511352620822,1.435922795545885,0.7140398539470155,Good,0
WS_003469,2023-02-06 03:00:00,43,Cu-C10100,Al-1100,217.97245432154574,193.9794251333571,tin_plated,3.171337788202818,Laser,1612.369945679971,0.0,0.0,75.92097546233303,38.7855108828787,201.49587805478325,28.638267030012273,0.0,69.135105220475,23.39970229711396,63.76752661479452,1.4767507957542063,1.9280387817867592,3.621981533160944,55.90598477356829,0.34670071940114344,111.37471017188857,26.648153303548398,6.884578984331984,0.0,0.0,2.7071245338403447,4.536765012773119,154.46951938965572,5.0,53.15759648781417,1913,48.812993178161236,54.41508517686018,376,19.824430675101297,0.15248221175424181,2.1425217685964837,0.6007140823257603,Good,0
WS_003473,2023-02-06 04:00:00,30,Cu-110,Al-1060,277.43988052727485,200.21776970852807,bare,1.3314629462689458,Laser,603.4658424774643,0.0,0.0,60.7305521372147,14.15790438479229,495.17370463255827,9.51131303466937,0.0,26.09675327592583,27.46178877778268,37.330042455630476,1.3436046431964812,2.2931337189223275,2.2258985741219797,62.44051607077087,0.2,104.24717954191881,30.96166433587257,8.488588742211087,0.0,0.0,1.6173116016973619,1.9044888534270807,120.99047102503931,13.64104872488824,58.33485138454019,1147,41.973426988943615,52.967265515795894,416,7.4861741441765,0.0,1.6370758534271497,0.6331547801190767,Good,0
WS_003474,2023-02-06 04:15:00,1,Cu-ETP,Al-1060,168.44099136536073,233.53682573735432,bare,4.557416917334915,Laser,611.6880192136318,0.0,0.0,64.66087199699334,53.69725241293158,809.2209355909273,5.433628855358709,0.0,65.70513596216102,20.44526042948673,34.89587814165714,0.20238014465150403,2.4130613610275757,3.082452393405279,83.75940616163615,0.48305385248646104,94.97806703652896,25.483319019173237,4.566901980797125,0.0,0.0,2.6709319077190896,4.146915325040443,192.65967569021208,5.0,45.790219860674284,673,36.92679650187391,65.37237739443981,378,3.4437845737392307,0.0,1.5094075727395775,0.6767836526575276,Good,0
WS_003475,2023-02-06 04:30:00,28,Cu-101,Al-1060,449.30174267666905,288.50028664941124,bare,1.5407457169600116,Laser,761.7755502596735,0.0,0.0,63.521690228729405,92.5705211310772,358.7089864569879,44.48957141823324,0.0,25.917081179345175,21.418212683351726,43.42331308913924,0.9612038665146388,2.4126108657412435,2.614892857579881,55.31606665993385,0.2,116.69081129474536,31.684317025744914,6.357950515787375,0.0,0.0,9.564671384869328,1.364929480306289,162.66512539787416,6.793744592014464,55.79997064871939,1582,47.60136832375292,47.1655429982019,500,11.988091280795436,0.39635413662857527,2.079486132832481,0.6073674671917172,Good,0
WS_003480,2023-02-06 05:45:00,39,Cu-110,Al-6061,482.48846945745106,445.9160887999582,nickel_plated,1.3686963278637736,Laser,1647.3125326937802,0.0,0.0,43.633073277134386,46.55453438838175,639.2012097186293,23.88729942313702,0.0,51.61058215684574,18.177113928671492,44.24243458879544,1.0262072099725859,1.7202572458861118,3.1315759123772016,49.63872155263466,0.6290706323280515,94.96333867412301,34.148476648238436,5.633890495364218,0.0,0.0,2.796986587526659,2.031753944695295,180.4361804496205,5.0,48.692701021045885,173,23.079521196124965,68.55625460520754,614,0.0,0.0,2.1301973393274642,0.7277046880521647,Good,0
WS_003484,2023-02-06 06:45:00,47,Cu-101,Al-6061,472.85356615931323,137.48994642388658,bare,3.8696900691280356,Laser,2397.7718602507593,0.0,0.0,72.76945865462183,70.1011373409118,628.8457571877092,6.108390420506103,0.0,68.29124569368904,25.76079719244276,55.61612552993469,0.17427364668279577,2.1428452753611382,2.4465995666298066,30.0,1.3038923718609459,71.33397145785734,16.546894506946746,6.624860979217681,0.0,0.0,0.3881127643142003,4.050182798615668,220.681462524317,16.91466183971274,51.06470230152111,673,12.86297349840246,75.23464252106074,722,2.787073077906777,0.0,1.1946411308132396,0.7616997173673062,Good,0
WS_003492,2023-02-06 08:45:00,46,Cu-101,Al-1060,154.015254672219,166.9691790985005,nickel_plated,0.26707952216709074,Laser,1172.4835165872746,0.0,0.0,53.295023503766885,44.771996949177776,216.1405561500895,23.730589768942927,0.0,74.69303800707551,20.791506970721667,69.56828479289116,1.0600639411228554,1.3785091159009326,3.9194309854407288,61.00067863681724,0.6379565502348427,86.19352529099821,27.274297239399726,3.0,0.0,0.0,2.4774286484244747,0.1,148.119322322585,17.683291455355,47.74931292725466,1668,46.35141342039905,57.590862046182785,406,12.557693571553088,0.00885287374286356,2.5651798807403496,0.627971026204863,Good,0
WS_003495,2023-02-06 09:30:00,6,Cu-C10100,Al-3003,174.332822226137,384.89955673760556,anodized,2.330969253961983,Laser,2430.5161292289085,0.0,0.0,86.43412795292626,30.163567899431587,596.7549403934579,7.0412007759963755,0.0,32.3462982362894,24.931118381459704,50.194082245086534,0.4668678983515781,1.8448042608850859,2.4430397956593497,66.81821346135906,0.5447190547974013,83.76988305778256,24.149493587015805,4.90811286444723,0.0,0.0,7.270805498541966,2.5901951796232754,160.2520274014437,9.773393310506053,50.21466257426512,709,22.509025101451716,62.555151885341154,403,3.452313350934608,0.0,2.2647895971765903,0.6930179211948395,Good,0
WS_003496,2023-02-06 09:45:00,9,Cu-101,Al-1100,491.19736949529386,250.35358191826953,bare,0.8397284663384449,Laser,2730.2866079211753,0.0,0.0,90.41366186450276,13.905815147598464,829.83522542294,41.76358815049144,0.0,64.46198613244168,19.248036195434654,39.200371175434356,6.006636462114055,1.7805328524166208,3.5436216247018364,48.365217202842615,0.232781395502124,86.23012027389726,43.118152771846155,6.674591174099058,0.0,0.0,1.552475361396353,0.1,178.72252842214854,20.37633241503,53.13312935567699,1512,45.05917251569478,53.198940679323115,392,12.782947606365592,0.9324814377868398,2.2946624111609197,0.6175738994961634,Good,0
WS_003503,2023-02-06 11:30:00,34,Cu-101,Al-1100,212.2542319506063,165.68678329093837,tin_plated,3.965895841550696,Laser,2876.4411322471383,0.0,0.0,13.378872078136194,17.074839117368022,574.3392448843263,23.908331960255534,0.0,26.912335098005183,24.61246548941596,36.7800398072499,2.8004166593800215,1.4116697964161253,2.9160771514777455,56.24898594734181,0.6430628990326017,90.89262727464033,29.78191022048849,5.342940535417173,0.0,0.0,3.665821247114068,3.831355958724759,160.1295884357593,9.593330868635102,56.511005374737096,285,26.425021748138587,73.60210506039833,630,2.8585627251955055,0.6043179292429388,1.9422262229673517,0.7310079249190463,Good,0
WS_003505,2023-02-06 12:00:00,1,Cu-101,Al-3003,161.34593096629825,148.40628669945954,tin_plated,1.038810442724676,Laser,2196.6755002810905,0.0,0.0,11.554385910476512,30.009402208397276,541.9292837205473,25.937292431104428,0.0,26.23386547178528,22.780799211579286,45.80847049495377,1.728611070023022,2.3650184134203185,2.0,30.0,0.2,115.95323211534924,33.88106200185573,7.47166685811621,0.0,0.0,1.6620795624132465,1.3626810688166342,187.1202052990971,9.560916953216218,55.17134074841014,1354,47.82440162803,52.8168303050808,294,16.319562374141576,0.804058274022098,2.171473882965389,0.5993062938691416,Fair,0
WS_003508,2023-02-06 12:45:00,47,Cu-101,Al-1100,338.47306776095076,418.53831019185964,tin_plated,0.46631344893672355,Laser,2287.4894532234584,0.0,0.0,96.05682702558009,88.71277737870442,650.5831421786323,22.067356888881868,0.0,51.82141427213843,18.703566960129386,60.0385394460728,0.4975012064987869,2.5518792272186057,3.0456230907779753,88.88206665797179,0.5658475788293609,90.5265900042887,27.508575181562826,6.494797616462897,0.0,0.0,2.222815493089808,0.7234471747355052,114.5765902382017,14.369617171084368,52.38833859841658,152,23.603697830620845,65.46768409220196,521,1.8641257530274167,0.3563819761941237,2.231783069861995,0.7095017610309805,Good,0
WS_003512,2023-02-06 13:45:00,33,Cu-101,Al-6061,360.6719179513708,478.2951837609176,anodized,2.0550652916842114,Laser,1612.746432243464,0.0,0.0,79.78266959456701,59.815291001397995,978.575818752872,8.13628904016504,0.0,45.655284418839315,24.404062269084587,56.4446303662221,0.27204712721283525,2.1901584120259696,2.7127788602565333,71.69579704562838,0.204847556203835,105.09082605790822,38.5292833701601,4.331816335013583,0.0,0.0,0.29104129138179247,1.8303902327305919,143.7975842510075,23.032587762159274,52.28741810811358,1261,50.94731543128687,52.89615472035604,364,18.727254346361097,0.38478697533745193,2.5167772781169884,0.5949724784211994,Fair,0
WS_003521,2023-02-06 16:00:00,35,Cu-C10100,Al-3003,280.9293910537184,264.5384995526002,anodized,1.7711162624320251,Laser,864.5679604895199,0.0,0.0,58.20024136067928,81.79772050863104,837.5662772633825,8.708611104102243,0.0,49.52697829172235,22.705745946444022,47.122114382288295,0.21293041052857548,1.879656747021135,3.0929264837045207,42.46175519597823,1.1967623907593505,77.89737697905925,21.03695354606502,3.9578964850152154,0.0,0.0,1.305014730305846,1.8328417951423241,183.14919017555954,23.96313980834562,53.482373141919076,452,16.622844547571255,73.10600596087097,582,1.1528947674525951,0.2753949264854179,1.2702423077437444,0.7444690703918468,Good,0
WS_003532,2023-02-06 18:45:00,13,Cu-ETP,Al-1100,107.21280393009201,261.7050860260613,nickel_plated,4.235985798472951,Laser,1963.7568941612167,0.0,0.0,35.33849846782687,30.056021810736173,554.4927195762103,39.193153972895495,0.0,51.91164334658469,23.011578935994997,50.28827736440454,2.608006756163285,1.7292743124354637,3.3777337173930553,34.47750547218044,0.6754709431595429,95.01531783936811,38.86809313322785,4.43661695521908,0.0,0.0,2.1190157359393553,3.569471759423976,129.45047836442208,5.0,51.110379800861196,1015,32.50158755911953,65.20208603930077,438,10.251213277865805,0.0,1.7459137807876262,0.6742318088635743,Good,0
WS_003533,2023-02-06 19:00:00,12,Cu-ETP,Al-6061,322.81903447689365,257.4704735556086,anodized,1.1651870109586442,Laser,736.2808624412871,0.0,0.0,15.05386884584445,22.28243235626357,634.1548564595961,6.14889283227359,0.0,36.72600801671768,19.00066495817928,64.04541502022809,0.5519049925934268,2.0866409252873592,3.5245720615686076,61.58092144868089,0.21356248355650598,105.46134459084038,44.42561480572899,7.332494590003902,0.0,0.0,2.899812894697153,0.4949964751958069,183.42612346378633,11.64016267837485,52.513086911761995,967,45.93406354331659,63.0938672584315,372,10.952283758300759,0.11619299782824632,2.72859675727605,0.6430980407842899,Good,0
WS_003534,2023-02-06 19:15:00,2,Cu-110,Al-1100,414.93953936388283,221.10214824718128,bare,0.1725367718104743,Laser,1925.2596064754339,0.0,0.0,98.63084488374263,91.3506859109702,645.0577665092385,29.826555840885728,0.0,72.19448272768835,21.410547861852056,30.17791912395317,0.6530121923759719,1.7484458364470934,2.9181947827501453,46.19072777317549,0.8107912058757745,87.17176121442596,33.61583404523155,4.5934299474968485,0.0,0.0,3.556778958845678,0.1,132.48053955109341,5.0,44.65798587340861,1983,40.1041260819195,59.21226407205498,419,14.898224813008229,0.5140600892474209,1.2454967747102574,0.637873632866201,Good,0
WS_003542,2023-02-06 21:15:00,25,Cu-110,Al-1060,369.6768466460003,449.5279105120209,tin_plated,2.934507522767248,Laser,1622.815363547567,0.0,0.0,50.574759865390234,10.955730922926396,989.7118807287395,46.023949337361735,0.0,60.02278498290373,26.48185290854566,50.10348406978002,8.40180352386169,2.039774271640395,2.386385397358061,38.39605836675902,0.2,95.71092974725354,26.0753033536067,3.254486799149669,0.0,0.0,4.936579820472511,2.6392347602417336,100.0,20.992758102064034,47.37083781834009,1281,45.98772464597924,45.525874038141026,532,9.592181309949444,0.3741031661185801,1.933195426481697,0.6123144248368951,Good,0
WS_003543,2023-02-06 21:30:00,48,Cu-101,Al-1100,421.70446175138,121.06933273187886,anodized,4.932624296712233,Laser,2063.8491180839937,0.0,0.0,67.96703894372766,86.72740027259489,583.8885478624635,18.64257523448006,0.0,63.7140466539101,27.413483788590895,59.40520755956238,0.42991200418516295,1.8969249256296086,2.8375811849858206,30.0,0.2,104.83260678203793,36.7041608251741,4.897601999716477,0.0,0.0,1.5755050837567603,5.673068502735735,192.31882790986106,7.554201255784369,47.49565392835029,1384,32.90874182700078,63.66841282872784,331,18.178701684238906,0.3422940197743915,2.6275063287119402,0.6477895203400371,Good,0
WS_003547,2023-02-06 22:30:00,40,Cu-101,Al-1100,421.2182098703519,333.02067855384007,nickel_plated,1.9936364286028114,Laser,2266.708519396681,0.0,0.0,44.02985837061353,24.377944799618625,946.9371655301858,41.294568590846495,0.0,39.57452614994821,22.381108202946002,44.313857023629325,3.3878629991394944,2.30346137721411,2.42743930329174,59.000128155522404,0.3008308465910644,100.48799399065346,22.548119891874784,3.605690103485015,0.0,0.0,2.3662515254981917,1.713096131364223,141.7370396671421,15.633692882752515,46.94433730699049,1035,41.228080468398986,53.93397590358971,512,15.112539226432474,0.2813387537167216,1.7068921295364228,0.6287901413401483,Good,0
WS_003550,2023-02-06 23:15:00,50,Cu-ETP,Al-6061,138.27604642320046,140.6288574578645,tin_plated,0.2145501194376764,Laser,618.2571650088043,0.0,0.0,53.02852049624571,29.518632570141506,600.2315605470715,3.2058731091035293,0.0,27.044962679903335,19.456689032352315,48.27725283805846,0.21721013678298318,1.875541308654353,3.469364543320509,43.86949194305406,0.5321071564714281,86.286973572571,23.81247117462624,3.1764851940298,0.0,0.0,0.17925831667058537,0.24778424950721262,175.78532423024268,27.252131789311846,51.03387064582635,1727,37.307342826348155,40.98499935177571,595,13.553050180906077,0.0,1.9437326865173998,0.6107561817173848,Good,0
WS_003568,2023-02-07 03:45:00,43,Cu-C10100,Al-6061,459.9638173418687,282.35303536964113,nickel_plated,1.8239077855586914,Laser,1365.1827294370141,0.0,0.0,86.50994596214004,58.55710793736494,564.4472125152217,36.016835170130655,0.0,75.45776581033118,22.69319207904713,48.92062751142319,1.230143920654542,2.452467502356697,2.8433312499701815,75.63430835821697,1.3359521874033318,57.690804967463166,38.219990324956726,6.295999641027439,0.0,0.0,8.596266215898543,1.492566437982561,157.1847952498564,8.426748660529862,43.40090845706413,1388,21.316057154511206,66.43176362496797,606,6.25964484975408,0.0,0.9955608516672991,0.7127684892373641,Good,0
WS_003570,2023-02-07 04:15:00,46,Cu-ETP,Al-3003,209.7650526542727,440.18116711351615,nickel_plated,3.0969276254953995,Laser,936.9573561607626,0.0,0.0,81.79138912853182,54.852020323931995,504.46403775590187,23.31839150517414,0.0,36.7784827417491,27.581176277382625,42.789665260736975,0.8502290842694923,2.341379436204723,2.8407476107519183,30.0,1.7887887687088568,48.26395074990063,21.599021761286348,4.219132014199762,0.0,0.0,2.0614576649680343,4.16126351125183,168.99960418166333,22.45455031983193,51.82159274222585,835,10.480280315030488,82.079033159722,949,5.070099370024779,0.0,1.346227000126437,0.7932373927746295,Good,1
WS_003573,2023-02-07 05:00:00,11,Cu-ETP,Al-1060,214.7467499931176,473.40972508665226,tin_plated,0.30642591106967654,Laser,794.0240297994058,0.0,0.0,6.88809944714707,48.136077746363824,555.9848355739138,4.119267426964413,0.0,33.1983799632912,20.14564900896423,60.85701151296492,0.17115093791685512,2.031909901063371,3.6505025132079303,48.64909209998346,0.3489588189386118,79.63232527950916,33.719775579633904,7.162020808641665,0.0,0.0,2.1921384009386315,1.2598720608582588,148.86951715028977,5.0,56.163486190476924,519,33.45092452464524,60.69993123519031,443,4.204396160466326,0.27569613658330056,2.6182944162763473,0.6732235318334668,Good,0
WS_003581,2023-02-07 07:00:00,50,Cu-C10100,Al-1100,207.98945474218482,161.49801279831436,tin_plated,4.574233055905792,Laser,1230.9982840596895,0.0,0.0,52.48531886962612,65.40528626237779,449.64896790108355,49.05216225886312,0.0,36.13521658781247,26.310370798894454,60.05053318304097,1.4999448840293126,1.9988299163159429,3.8189662846905725,44.15374442267143,1.0049434174277843,82.69461586952842,36.57612763451922,3.110650803116261,0.0,0.0,1.532171226536753,4.419186806552967,184.92867078964173,20.933135756047584,52.976828132404464,1166,25.357035224448875,65.8738518759835,673,6.760946727919762,0.06826548762730585,1.592079111335032,0.7088389684051025,Good,0
WS_003583,2023-02-07 07:30:00,29,Cu-ETP,Al-3003,454.00612981890345,181.70590333320217,anodized,1.5966437612448006,Laser,1780.0100911007912,0.0,0.0,94.6791612859969,60.95025572602281,119.04215196531365,18.598506373868616,0.0,25.73659635156445,20.067199301847673,38.1942573410779,0.6102847691885221,2.343491486856094,3.0927763005902613,58.784681584671915,0.2,88.85188693840061,20.76965426382774,3.8697917414415715,0.0,0.0,1.3303783983181328,0.9708066948706975,108.88172049977507,14.81574566343332,57.35731659458958,1000,45.24195922864449,57.21134355630389,448,14.668833014373902,0.0,1.5893103325066953,0.6275280248125085,Good,0
WS_003584,2023-02-07 07:45:00,16,Cu-ETP,Al-3003,188.61086076094682,406.684669768287,anodized,4.63154684803907,Laser,1234.2792194605545,0.0,0.0,21.967427914169715,25.255384531669364,140.70021875839103,4.5171607429279454,0.0,79.53054771791611,27.581998611642426,43.36509748709898,0.35771862727044085,2.1797053375570647,3.051834360337806,34.029590210681796,1.1355319748827686,57.14176995275025,27.726108672639437,6.023612109014064,0.0,0.0,12.0,4.989181033960271,171.51582876929007,5.0,45.84540449752643,438,19.431039868733116,75.35355882990171,659,1.3100956423025336,0.3089907161313057,1.3598549226708563,0.7507142412756708,Good,0
WS_003586,2023-02-07 08:15:00,8,Cu-C10100,Al-6061,288.1296191748826,108.55553867003192,anodized,0.45532593205405625,Laser,1589.8165548541097,0.0,0.0,19.99260288582481,36.62395653933779,804.9837656014743,46.50910710652358,0.0,69.05373517256749,26.07059287817753,51.44478507844018,2.539818823592593,1.9877207150447747,3.691951283306941,37.3178741603852,1.5344806831396909,56.77864949601,30.350458384729475,6.691866059549967,0.0,0.0,0.5732816949817986,0.5873940060311258,205.26848018633115,6.628870490692792,60.0,1584,13.137311595111122,72.61993672039969,1005,3.9398268283136786,0.6435084308243562,1.2545496395390658,0.7714566991052444,Good,1
WS_003588,2023-02-07 08:45:00,27,Cu-ETP,Al-1060,405.1196211503222,167.88536655796426,nickel_plated,4.363110383226942,Laser,2757.5701844856503,0.0,0.0,11.27246311434753,63.754530952945565,624.0179263420439,3.4868622650504117,0.0,78.16148347087483,22.244386480358294,30.761460867592465,0.10938398300267985,1.9965653335758826,3.3978330979202767,74.34517193867683,0.2,103.87668464795156,34.37795198409148,4.671391552681359,0.0,0.0,2.003399680273519,4.7825922647329016,161.55934400908012,9.590976899782264,58.78212631311188,683,37.29509036697717,55.54505826059756,338,2.79225121708381,0.0,1.3053290342215487,0.6502178724023293,Good,0
WS_003593,2023-02-07 10:00:00,40,Cu-C10100,Al-6061,261.15601242001947,468.15593260001475,nickel_plated,1.0802383024527984,Laser,534.844196775296,0.0,0.0,68.59123243708225,15.664465129505308,87.28901159279425,19.351216265268867,0.0,44.58471316997491,27.971848029319737,60.12049347097967,2.4707152277825637,1.9790969493570367,3.069952903852236,35.10213672638042,1.317944510385166,69.04969722702742,16.92169302606428,4.012467465064427,0.0,0.0,1.0245297094375325,1.3606716059228345,161.3140337283278,12.42341641357551,53.093385953237316,1378,17.105130372818905,64.96517042036044,539,9.836711682538816,0.16771951060098333,1.6210102637469743,0.7042447294202457,Good,0
WS_003602,2023-02-07 12:15:00,30,Cu-ETP,Al-3003,385.6612585568696,179.36029169828657,bare,0.38654839171796584,Laser,587.9727113503994,0.0,0.0,82.18933735474624,94.62550123740145,960.6827787669839,15.575676094661857,0.0,21.56180169218478,22.513351232404794,60.76718866866841,0.3292067337236033,2.1155189852690137,3.615530695765439,67.12962364285846,0.6030737447703642,93.75147098904851,26.330505207604332,4.846462141112301,0.0,0.0,4.407772294102764,0.7420939057773585,157.23380244735876,5.0,37.26071709427175,1813,29.81412485691468,57.447367957411394,519,12.174059613819367,0.0,2.088987214284884,0.6606708708322452,Good,0
WS_003604,2023-02-07 12:45:00,31,Cu-ETP,Al-1100,161.87393927394447,296.64533793613225,bare,2.9608025764613912,Laser,2116.2625180154537,0.0,0.0,79.3908580396041,72.24821160027763,759.3477913691486,21.804104893034598,0.0,29.333612027094574,20.367264428988086,63.83384200429435,0.6035887784646786,1.8629699778353495,3.5600062671084425,30.0,1.2638820386416811,58.952458728344965,32.72530432077556,5.207417178613939,0.0,0.0,0.8497258707383603,2.4122468004037465,100.0,5.0,50.951621410390096,903,20.460673405557166,74.45410160826776,738,2.219806563144851,0.09835948228138783,1.6979214499695847,0.750482106606437,Good,0
WS_003609,2023-02-07 14:00:00,39,Cu-C10100,Al-6061,356.1003659809105,191.36738273277433,anodized,0.8929604402146237,Laser,1373.831352197706,0.0,0.0,45.99811176125295,47.98419181483873,821.0173755921888,32.551845220165006,0.0,43.79377402553657,20.100343385108825,62.837254871966984,1.3567737202191912,1.8511805268887371,3.1390644256301545,54.55915250392251,0.2,98.60353293393402,29.974785566170016,3.0,0.0,0.0,0.4369637609988361,1.9490383847256672,194.1578056030008,36.457955525407755,53.77342333896113,775,47.79330821710096,57.80991541070544,296,2.986652835505682,0.0,2.7160169571395345,0.6369681854678723,Good,0
WS_003610,2023-02-07 14:15:00,24,Cu-ETP,Al-1100,450.99569669259523,269.2057784967051,bare,2.7226727508821944,Laser,1930.87295609566,0.0,0.0,42.71509811353548,73.36368886947886,671.9974985174284,16.73258680116271,0.0,53.78845213711499,22.7397469933911,41.578940768974064,0.4561544562169334,2.567464877185765,3.450136421686465,55.58804448080605,1.0443486643735167,88.68171780310323,27.502279936697292,5.659128562596056,0.0,0.0,0.7916379112804237,3.4751243250633155,128.06224894895735,6.561848180385711,48.04849556477271,1293,22.691806784332808,69.69350362097718,504,4.223695996861537,0.07654695382069711,1.0364739262893043,0.7158766188818284,Good,0
WS_003612,2023-02-07 14:45:00,49,Cu-C10100,Al-1100,464.406279991688,455.4369978493168,anodized,0.17637916539928325,Laser,831.6075600665039,0.0,0.0,96.35999401971803,58.86925955272816,549.2817104151661,40.156714298932464,0.0,65.57638071607664,25.47811747578441,57.076754108587124,1.3642676875514224,2.087439917651824,3.346569169667985,39.58978919074087,0.23026191047716393,89.35246646309835,28.39567745355943,5.240133131871529,0.0,0.0,12.0,0.1,208.70309756465912,21.055119413719993,46.26018859591817,1016,37.2008334565375,58.44884333164695,325,12.975927350460488,0.06994910520498293,2.399301581135212,0.6376576610288643,Good,0
WS_003617,2023-02-07 16:00:00,38,Cu-C10100,Al-1100,483.3310745925547,143.9439028210934,tin_plated,2.1722424960842046,Laser,2598.0220365722275,0.0,0.0,68.2711201712377,37.743500701242255,866.6152087420504,46.71356055673132,0.0,27.478804935015503,19.492697919570787,34.14033859210433,2.47531679302836,2.371815625313427,2.5898559904780165,48.670436928610535,0.6472529219397497,104.43738202815562,37.25089055545193,3.0,0.0,0.0,1.0654747759882204,1.0533471252530304,131.23640926552224,5.0,52.12980441733477,451,26.582053319033452,71.82906970515457,439,0.0,0.0,1.5322826803616525,0.7189662609510029,Good,0
WS_003618,2023-02-07 16:15:00,22,Cu-110,Al-6061,139.0829101547034,269.87339667878416,anodized,4.03148559501157,Laser,2894.426059729499,0.0,0.0,93.19902353363625,34.2704351475573,719.0787762580903,14.33163364514738,0.0,50.44852390317027,22.204318184421574,32.78682267252897,0.8363846903863371,1.8678040346841285,2.965944108352595,46.77525954649749,0.2,92.22648058224286,36.42185144577788,4.845145430365888,0.0,0.0,2.387050967740441,3.3944661182110814,180.41834568587598,8.677214023011327,52.499315235661065,1043,44.42719279022516,61.54244506514974,287,8.513235829154873,0.0,1.6800664052749155,0.6403863396312045,Good,0
WS_003623,2023-02-07 17:30:00,34,Cu-ETP,Al-3003,301.01904268880924,438.0429196021649,bare,2.6198108599860075,Laser,2985.137968424375,0.0,0.0,34.94744432326559,34.868465659031756,673.2754670205744,5.5858016992643655,0.0,44.6327290185427,26.236465089353082,38.070853674373026,0.3203927441996583,1.9745880364941486,3.454507871272182,65.7532664968209,0.2,102.92367274504066,23.972152745178775,5.707618905627205,0.0,0.0,1.1283289452189775,2.9281832352960975,154.14061754434655,19.891672166952166,48.62722620192373,813,34.044924975031755,51.10395434864545,299,11.263968518452817,0.6757403563940132,1.6646929378273978,0.6255058907703003,Good,0
WS_003626,2023-02-07 18:15:00,40,Cu-110,Al-3003,341.7955929033838,263.17414842171854,bare,4.24794570619846,Laser,1890.324833617863,0.0,0.0,10.640685983453995,87.14036350225956,598.4483251336749,9.490141622423494,0.0,75.91718736273847,18.320748949320294,41.83628360272874,0.21781276187073545,1.7697326846263866,2.9321126064086953,65.02844821811165,0.3453893587436853,105.25870726569808,25.76355070552375,3.9702476485003526,0.0,0.0,4.928012711040815,4.133112608120616,141.8378748021424,11.050419728040918,44.22949724694791,1006,45.45425349089271,57.44678613109747,544,11.838499978581353,0.12936745820440754,2.241212796675284,0.6395050642982313,Good,0
WS_003627,2023-02-07 18:30:00,39,Cu-110,Al-1100,210.8101795478497,298.8981920758253,bare,1.7589332815193992,Laser,1252.1891590607975,0.0,0.0,91.38941799485988,40.194848637444544,537.5178351642579,31.200545694570213,0.0,50.28503187594839,19.346189765401018,63.4890532031378,1.552464893001465,2.010090895847689,4.281307186231066,33.759838893348046,0.939905097802696,74.0115760998107,30.445671048073994,8.11476831138255,0.0,0.0,0.18045754882842877,2.2549598178493095,171.16692548010354,8.912222377055276,49.91799601516894,551,27.51863875523607,74.02177273203213,751,9.253291619655865,0.6144773478769452,1.7548658189298652,0.7264932185770382,Good,0
WS_003632,2023-02-07 19:45:00,33,Cu-101,Al-1100,188.597419543856,148.15318590984788,tin_plated,0.16734478998569025,Laser,624.4760573040099,0.0,0.0,84.2208753319114,39.28603444512631,153.09628338209217,41.419943553231164,0.0,31.363488972289694,24.621953571879217,60.823580326507994,2.1086344874581546,2.338833393452406,3.4490413498277515,65.04532462028878,0.2,90.7917039013159,44.96163087630686,3.0,0.0,0.0,11.064025216261058,0.3115678983434279,175.0323310703955,5.0,46.38064335601414,450,38.771683027969,60.16606558595591,486,0.0,1.0651179419393133,2.223574676515084,0.6746576394229362,Good,0
WS_003635,2023-02-07 20:30:00,42,Cu-ETP,Al-6061,215.6772607863479,364.5763353803099,anodized,3.53870127538901,Laser,717.0770753435405,0.0,0.0,21.953727536090614,11.304911604084209,471.5751364339071,27.239962577007184,0.0,37.96456957204869,26.970370627234807,30.702299193158208,4.819137651136697,2.086071353724478,2.92966485366578,78.41474106076562,0.8449063089182192,89.30597925149982,29.440302255399995,5.434918582770465,0.0,0.0,3.967209697703341,2.7623803078859672,195.18826716105312,29.80286845287804,53.42188485423515,1897,19.868105179940223,44.47936532200174,679,7.928461194138322,0.0,1.7730449870828089,0.6617970574627513,Good,0
WS_003637,2023-02-07 21:00:00,33,Cu-101,Al-1100,420.1456753821381,400.7305553705013,anodized,4.863698048669105,Laser,1353.3497180005381,0.0,0.0,60.04068684477005,74.69332504536575,538.1686262575488,49.5467859091356,0.0,75.05892957415061,23.07872968730071,61.03631791410028,1.3266723868308943,2.1756451344574477,3.2083355624835233,64.69508313017943,1.5145383205506109,68.80639293400269,42.33024519688007,6.540930454894637,0.0,0.0,8.425019674710569,4.252719731977382,136.48248091522393,19.24241975892545,52.258235379962805,1885,18.36476600722017,65.55844590396477,991,0.5837270920764945,0.0,1.1470987863089737,0.7513211441181048,Good,0
WS_003638,2023-02-07 21:15:00,5,Cu-101,Al-3003,282.80958087705017,279.8758693477359,tin_plated,3.114800303057768,Laser,2050.4565787970273,0.0,0.0,39.6245415905898,17.22381314727228,666.7298837888192,2.2041945481012544,0.0,77.39186354094818,23.093873098950425,42.07119799370373,0.25594733631331,1.5073593808962549,3.229994307552867,30.0,0.7712041871261043,108.43878584509655,26.614038890582975,6.687531975169344,0.0,0.0,2.486496397094434,2.973893576608549,133.2878505702774,11.172526420700072,50.245278012728384,795,27.795705778272456,62.296850381921615,671,4.0627255620048155,0.4759142162527684,1.5899502159327243,0.7011642901919697,Good,0
WS_003642,2023-02-07 22:15:00,44,Cu-C10100,Al-1100,270.000965649279,290.2603937806547,anodized,0.49055322328274953,Laser,2446.9938896178237,0.0,0.0,23.04864161267429,45.68763725481107,959.9341156815517,11.776187056457703,0.0,29.030470969908443,20.426157881649864,58.02347099665328,0.5155086918055771,2.1945255166587354,2.1926237977463288,56.37367493376213,0.2,107.08064625558217,37.95175959857798,3.732746267797957,0.0,0.0,6.036001214169185,0.2187738797761259,131.95448432209042,5.0,49.34181150380471,422,45.08489091708645,73.20831097261275,505,3.1122331833720116,0.513066594492746,2.415641205869755,0.6932246705037464,Good,0
WS_003643,2023-02-07 22:30:00,45,Cu-101,Al-1060,210.17867191620363,358.03897825706133,bare,0.791149513244159,Laser,1234.4339876046677,0.0,0.0,9.414407366412721,11.844594672232207,306.3384287895868,10.386779290013536,0.0,29.515501574216714,18.92174978547774,58.58795529610259,1.7538429262360002,1.899698919807533,2.988647040230155,49.78553114695049,0.25940360962160336,114.26359618289857,24.35172271889399,5.405117180301103,0.0,0.0,0.3194924865222336,1.3117555799556833,159.4977495302422,10.033100744739095,49.451599902403096,1031,40.77480218017641,64.11276043320052,452,9.86932865452691,0.0,2.4961392856335216,0.660748039918832,Good,0
WS_003647,2023-02-07 23:30:00,42,Cu-110,Al-1060,276.0483083939745,387.67862420546186,nickel_plated,2.0282186620517417,Laser,2593.5940570542834,0.0,0.0,75.95939962301648,31.26791499164126,702.1410796670611,47.3072735030538,0.0,70.5072949895222,22.245587258838604,65.2041817695664,3.0259307993961406,1.6800797818328561,3.1332315810374087,51.294012603206106,0.9737534309133266,81.53891393078467,25.632841388218566,6.363555570749677,0.0,0.0,1.542014008798035,2.209288424700979,151.0120537623378,18.70915459259008,48.87929201015726,1083,26.55473616731985,67.15078767139687,739,6.00393811934214,0.1138470268081964,1.4365156015333005,0.7160541476204125,Good,0
WS_003649,2023-02-08 00:00:00,23,Cu-101,Al-1060,387.4414962760782,307.8969945749069,anodized,4.874357138117855,Laser,653.9263091179869,0.0,0.0,56.50755700924214,66.27366075495425,920.3136042620464,28.448109036719394,0.0,63.24040195140516,25.73202183037058,65.05556101696361,0.8585042296639023,2.3696361441694864,2.449083881433183,57.594859198655456,0.8643566471488372,92.95358588584548,36.65637164786954,3.0,0.0,0.0,10.28546855462514,4.5856752164920564,178.7752355040317,11.66728206447943,46.01010642964114,652,33.65476382241542,62.407931175829574,682,8.82248835118886,0.0,2.127769655366817,0.6844621832141383,Good,0
WS_003653,2023-02-08 01:00:00,46,Cu-110,Al-3003,191.11133664712057,100.56728805356619,anodized,3.4628051368235093,Laser,1782.254132234033,0.0,0.0,5.332305854988624,82.52186355166593,474.5772792576581,17.325831906565416,0.0,63.877198249675345,22.29523514064064,63.85757478842449,0.41990888622426525,2.2213875001818164,2.9237690892556687,62.636468289855806,0.2,108.97411034199713,24.396093868348224,6.913890946467319,0.0,0.0,3.671568837355007,3.591448205001446,172.36364318447718,6.645246753320683,45.61285290284687,1262,50.774376330515715,50.43733996817358,416,11.982762323965568,0.11527359878888452,3.0849147090977174,0.6051974394005583,Good,0
WS_003654,2023-02-08 01:15:00,4,Cu-C10100,Al-3003,333.54330692320616,323.9856588583373,anodized,3.437436543356872,Laser,2861.119080095814,0.0,0.0,20.425523479269472,84.75179698570072,825.5946148772093,13.528454282656888,0.0,25.810770350633078,25.00215822259774,64.85460178228726,0.31924878914223853,1.8667181928283476,3.3770467442642276,70.02860918172645,0.20631381903333706,97.39468835478095,33.46443228121123,3.0,0.0,0.0,7.906914168222255,2.4781664910576264,119.59733288128089,5.0,41.202415981297534,730,42.27615529908053,55.38141370980986,405,9.474414928046588,1.0386834078672456,2.3077141307486855,0.6342747733358165,Good,0
WS_003657,2023-02-08 02:00:00,21,Cu-101,Al-1060,314.8677286416115,244.59133363771022,anodized,2.856361933662443,Laser,1767.8088773375223,0.0,0.0,71.10190547014224,70.82460381890422,771.1808594624612,27.312332834307973,0.0,40.10853592763473,18.531648261938063,36.98287484233839,0.7712668016935063,1.7147164829275137,2.4973458567428928,44.83608278721911,0.481365896953006,106.62327731299246,15.0,3.696994541430559,0.0,0.0,11.247575098659116,3.1895871983096735,152.94271415940548,6.596953278971583,58.427650159089744,995,38.73254532733567,64.09895170956524,485,10.237127430813512,0.0,1.228318431044824,0.6652872806834675,Good,0
WS_003659,2023-02-08 02:30:00,32,Cu-ETP,Al-3003,162.30064914621192,180.71983253687608,anodized,4.984425104491295,Laser,1400.238393553313,0.0,0.0,78.06123713561507,49.62515710733414,961.7282364768788,48.14350549308047,0.0,45.314678727459395,18.274525480613605,49.51309231404854,1.9402862700847874,1.8765248381768114,2.1437009891492846,71.25808591037033,0.5103648483259614,72.62419045438835,29.324588554514516,6.093881979829227,0.0,0.0,12.0,5.151931175998018,237.42554539702297,5.2914102459340615,54.05594406356109,951,25.857080191327384,63.916742876882566,495,1.8298612834846963,0.3886324347441055,1.4666416895211576,0.7005752469986816,Good,0
WS_003660,2023-02-08 02:45:00,9,Cu-C10100,Al-1060,452.16876114944193,128.21371809492877,nickel_plated,0.2648547304644342,Laser,2296.1596551717475,0.0,0.0,32.89514097806055,49.90403208300419,550.2207781424866,25.086621884169517,0.0,37.45524502599572,20.80026871560183,68.40351018837018,1.0053945878538846,1.743492636138889,3.4427448992667204,52.14677735645627,0.9719206186347165,88.90930212367546,31.02844706229618,5.695211259431602,0.0,0.0,12.0,0.1,100.0,5.0,48.05441638498792,1778,26.854920676674798,52.87117171807766,743,6.682380098567222,0.03515380267170175,1.7850611990587122,0.6788994189287016,Good,0
WS_003665,2023-02-08 04:00:00,39,Cu-101,Al-3003,321.6678886444,288.49467491665905,nickel_plated,3.150014185002692,Laser,1069.657687514853,0.0,0.0,78.99645595702975,79.12073247782992,67.7552962853793,12.559435376638033,0.0,58.86003180169013,23.19802366145629,36.48255960718192,0.3174752048752142,1.6700001942691594,3.3531389224926134,61.324187028559095,0.2,107.57019938519191,15.209176386666206,4.49204885562908,0.0,0.0,4.7686783834454545,2.5692594991450513,147.30414772096125,16.20233037134626,55.37067793073338,1722,44.39243994694132,41.77752174337009,466,21.043385639723414,0.0,1.950676990888405,0.5794654630301985,Fair,0
WS_003669,2023-02-08 05:00:00,10,Cu-ETP,Al-1060,200.8892536922475,458.40620918464896,anodized,4.343922150392256,Laser,2513.7377449165015,0.0,0.0,91.25029289715543,47.76875292208148,577.0349786881317,13.826559368731449,0.0,65.60157173250158,19.6794767840869,61.466180394378725,0.578895555062314,1.7749438073677772,2.6537368406814315,78.58142683738765,1.1866216253574788,74.40517513554323,35.5675569578111,4.8420571813085544,0.0,0.0,3.6672540079213105,3.8317293723580286,204.92942921238028,19.320426770132578,48.14389769491868,286,22.98552941208019,73.81578786524403,640,0.0,0.008367442100039243,1.6542116187014406,0.7427278422116564,Good,0
WS_003675,2023-02-08 06:30:00,6,Cu-C10100,Al-3003,124.02926734199298,488.9039206966843,bare,4.946462484202451,Laser,1255.361532122101,0.0,0.0,47.721988763949334,93.50113343175337,427.97092368828544,8.941365383554466,0.0,68.77120639362582,19.501502977222444,68.54919114389847,0.19125683412342337,1.9796471532313633,3.346082886539113,71.65384864100433,0.2,107.71681527528104,24.985716679520788,6.232330580623819,0.0,0.0,1.8036230647332059,5.706968620480042,123.26248099753893,12.373022768425317,47.42925456767226,373,32.11807623302404,65.3340289426165,326,6.437558444070925,0.0,2.716276220329247,0.6748208692577055,Good,0
WS_003681,2023-02-08 08:00:00,32,Cu-101,Al-1060,103.69663536220574,476.48781149826294,nickel_plated,0.854897889279618,Laser,2936.218358752127,0.0,0.0,25.2181361369544,50.42270404447468,836.1558635425965,31.914110799434624,0.0,60.36375071545083,25.193013195588485,52.20449485010141,1.2658627260959747,2.1598199924429986,3.3107121724095543,41.715142012198484,0.2,115.19602088343416,24.486228061840006,3.0,0.0,0.0,0.8285229906090594,1.4296556181845848,100.0,14.079795458659252,56.10605655782882,1565,52.80233374385516,54.34315514925018,314,17.885659386825544,0.0,2.4348532291516314,0.5940521092403782,Fair,0
WS_003686,2023-02-08 09:15:00,41,Cu-110,Al-3003,334.1943753260142,171.74134370582075,nickel_plated,0.8884358914211518,Laser,2544.861496891101,0.0,0.0,70.6159398760543,82.29340134137881,849.044106813694,9.279438679284182,0.0,53.56825042750715,26.37832513562536,59.03839600895281,0.22552084439407633,1.4386119447343373,3.7017688940040836,42.22199836869261,0.7184459482927447,69.57068419417519,36.18848929801837,3.7915812456072224,0.0,0.0,4.4403509490106945,1.45320045942717,133.43177568201895,5.0,51.596722625949084,135,23.434232835753946,70.59796137405952,571,0.0,0.23064042151959407,1.2580794202830266,0.7294102208481846,Good,0
WS_003687,2023-02-08 09:30:00,10,Cu-101,Al-6061,226.26145079292962,329.28918302249747,anodized,2.5901059281056646,Laser,2143.0836479181608,0.0,0.0,16.66792356705841,67.75258484075084,750.6962235446449,22.60297304154241,0.0,26.835503383267984,22.65547499251823,41.21336845361675,0.6672209804148314,2.047173278104253,3.775502901391264,76.17335943213465,0.5114996430730142,93.66813656316441,23.53365351247192,4.702201305150187,0.0,0.0,5.162524268003596,3.411911550721618,112.49986677849488,5.0,48.72070453454396,1300,28.335961690459854,45.96537067642619,349,13.579347936385185,0.018574407542778115,1.332600874388609,0.6202148734413201,Good,0
WS_003693,2023-02-08 11:00:00,40,Cu-101,Al-1060,205.52242997854302,405.207759126267,anodized,2.418508736346951,Laser,1732.1750821194732,0.0,0.0,35.19110646238417,30.573018036668383,926.9179588321265,22.11349330905512,0.0,27.94034073757743,25.517636373542693,47.37386031003092,1.4466019208527494,1.6034428244130476,3.438476076603321,41.01152955882557,0.31785311680713835,95.16378212056767,15.0,3.0,0.0,0.0,5.59400426072468,2.1825942489214274,174.3012247502233,5.273798625507601,47.50507839339373,591,43.66444743322595,58.0107288652257,547,6.590869289067049,0.3855254454539405,1.9527659483259434,0.6536389377628912,Good,0
WS_003697,2023-02-08 12:00:00,40,Cu-110,Al-6061,485.14819760072385,478.74695899838594,nickel_plated,4.37155724824353,Laser,1740.3918112364006,0.0,0.0,79.50429053914893,73.1172956047733,288.743287728984,38.654526685015895,0.0,76.05360490636158,24.99623077234397,41.68057213347815,1.0573292232786689,2.233683641689307,2.9903315875402297,80.32861169764706,0.661579614491848,98.70570509474302,24.362632663544954,3.0,0.0,0.0,5.87064836933472,3.9550034304459447,128.28964418154692,20.83532350174753,48.97804018071471,900,30.56626317972337,62.69264452619706,478,0.31409758872492066,0.9388060841219928,1.5169009393994572,0.692159950233715,Good,0
WS_003698,2023-02-08 12:15:00,8,Cu-101,Al-3003,335.78832123729876,216.68955487214436,bare,3.8119918500050582,Laser,2618.65466728704,0.0,0.0,61.562611152953906,93.49009383237185,793.8007165978228,30.321119297946083,0.0,48.38170396358386,23.37621107632222,54.98562347819081,0.6486488151848897,1.7964927633796612,3.6124127636720362,52.41015065191685,0.8037754813927508,87.59945333165385,26.061101393930183,3.3582118655160196,0.0,0.0,6.308356326801428,4.277734704602176,140.09748705743638,12.273496561339881,53.87190188221817,461,29.66207277659405,69.85936088455493,536,3.8409495626048296,0.0330828218963095,1.5512810351140205,0.7086868459499455,Good,0
WS_003701,2023-02-08 13:00:00,11,Cu-C10100,Al-1060,471.1602519448108,478.4008773356191,tin_plated,0.20603938087546497,Laser,1683.756785543641,0.0,0.0,53.05058430411248,59.927419609279916,669.295338960981,27.33325326187607,0.0,69.37510342604931,24.652786726685147,33.81233583930219,0.9122119203558514,2.3494931038119073,3.5949217087108636,31.527042195160664,0.9218586900200056,73.26473473567057,36.510038241799236,7.026360002341416,0.0,0.0,0.5612446234653661,0.1,138.67909433656942,5.47785981681188,50.1872195549261,240,31.722065336964924,77.8670590577508,537,3.897323058432719,0.0,1.5384489940568862,0.7255770689043682,Good,0
WS_003710,2023-02-08 15:15:00,30,Cu-C10100,Al-3003,389.4322801759924,418.63237600605896,bare,0.23813254593302777,Laser,2222.009160176289,0.0,0.0,32.93088006359825,47.285386725106555,584.6978261582996,17.988335119563985,0.0,54.27883029897402,20.80665072217367,62.13632062721735,0.7608411970547735,2.428516507597085,3.505168866546076,30.0,1.4561250043562624,67.65318335406597,31.261670689663415,4.78087004704594,0.0,0.0,1.036094819484473,0.1,155.574901649846,5.0,47.10396309477047,167,19.23347977223098,84.61405620902038,711,0.0,0.6390121750426132,1.1610730271483543,0.7800849208642044,Good,0
WS_003716,2023-02-08 16:45:00,35,Cu-110,Al-1060,438.09022326429596,184.60820709769098,bare,0.6433149821325767,Laser,1151.20928799137,0.0,0.0,86.15439625216946,20.32134207910724,938.3604291299198,27.070560758777056,0.0,67.7579701160208,25.31126857560897,43.33549839067805,2.6642493053260314,2.46422646141605,3.048385426084136,47.8047987418655,0.833038099386233,82.5883304145333,21.256927496107508,9.551527599699767,0.0,0.0,9.670279366082433,0.39284683154921685,132.18089480650082,18.087453065528642,52.086327970960625,479,37.073118875634485,76.15325811400844,417,1.244067816535206,0.16901821744163978,1.299065397523785,0.7102408398155658,Good,0
WS_003717,2023-02-08 17:00:00,6,Cu-ETP,Al-1060,310.1727993238569,322.75625530923776,tin_plated,3.444650193497833,Laser,2929.110884582455,0.0,0.0,90.70005713723374,86.62622023803847,813.5473716694149,3.082502209336039,0.0,29.67713848818891,25.253651111894502,69.13850181287546,0.07116787967582315,1.8347906662868507,3.29041513190601,45.81533650309497,0.8414472208529995,95.25073636169682,20.900193012654363,5.206888769256604,0.0,0.0,6.715975875354975,3.929293351455076,189.22813469076112,21.505688981995586,52.933901614729876,779,25.998226663621594,64.13602473968196,445,1.7670546785211156,0.30138752871121266,2.212929911909362,0.6976961609982121,Good,0
WS_003719,2023-02-08 17:30:00,30,Cu-ETP,Al-1060,453.33988040884157,225.72595148987688,nickel_plated,4.537364464527279,Laser,689.694473709972,0.0,0.0,14.514205036415538,92.33099769683872,108.11088191902643,6.8080798065298245,0.0,56.794714067937136,21.992449926074098,53.896961297639535,0.1474711630190242,1.9008998860946371,3.177740600056534,59.52207665134748,0.4115445677368864,88.00760716875516,40.53898048468824,9.793041709778574,0.0,0.0,6.900512925509055,3.9949814346837904,113.57384202931438,5.0,56.39469683946599,1685,49.4311344881622,51.63158541622698,569,15.974198508524319,0.5521584012306772,2.778912365105297,0.6129139729381744,Good,0
WS_003725,2023-02-08 19:00:00,45,Cu-C10100,Al-1100,446.2908948427175,478.89081093868435,anodized,1.3277526071831047,Laser,691.9468092161675,0.0,0.0,68.96760087899159,62.67801375552063,514.9008590053451,39.71256115611098,0.0,73.11710708072134,23.185385836448358,38.206272585024365,1.267192713253876,2.5214900076280338,2.0,30.0,0.21585496949050653,92.13809995545452,31.57242887628398,3.4246722982607287,0.0,0.0,2.5948719931902553,0.848790041028941,137.18228656036158,5.0,50.36415692695979,1048,36.701590078791185,70.34697443783108,381,12.438119745109656,0.0,2.066911622569136,0.6728935764543102,Good,0
WS_003727,2023-02-08 19:30:00,39,Cu-110,Al-6061,261.5244020989997,496.1862928246306,nickel_plated,2.309015116147512,Laser,2033.7859202778134,0.0,0.0,21.3373790426698,65.24704624786072,554.6207887516318,33.32042439485947,0.0,24.86005696292825,27.755738762371728,66.233273695814,1.021361925512512,2.127127802429328,3.2327392563697313,46.4235581068099,0.5946154981662807,91.40549592200074,27.96334071011499,5.026384981336463,0.0,0.0,12.0,3.506649170612616,132.5570514864315,18.497817840304716,55.030882481889115,1778,40.05002688658432,55.30795407626887,507,13.549885696844157,0.9696831141283684,2.6957048187397885,0.6365888091792129,Good,0
WS_003732,2023-02-08 20:45:00,29,Cu-ETP,Al-1100,397.33316542626267,227.25301253339634,anodized,0.5629709883769217,Laser,1593.6222985620873,0.0,0.0,65.77510975094557,50.82139174807045,806.470089012183,33.94273129519885,0.0,32.79091547958995,21.68105227837688,68.81484005559311,1.3357655163580822,2.101087054328967,2.2130243468227095,51.582337339854895,0.6156628492861168,81.66913048721402,24.623137360108963,6.011191822483768,0.0,0.0,1.0916960754612952,0.4782365126585615,125.5443306030932,17.385180885658684,42.114510081209275,817,36.82086274914009,57.87051582754804,598,2.071443578773997,0.0,2.5441703827687694,0.6754277054016253,Good,0
WS_003734,2023-02-08 21:15:00,15,Cu-101,Al-3003,281.66698806710554,415.62959315267744,nickel_plated,4.016693319567237,Laser,2716.3762030731664,0.0,0.0,75.97856504488479,61.666841426271404,962.3817279177777,5.155015047095919,0.0,22.7668993404359,20.397938412174867,43.08407046699344,0.16718920339901733,2.0309600290905907,3.421883369047025,47.080867449899934,0.2,102.06311201825827,31.12300989904874,4.554026697418323,0.0,0.0,7.28049678024322,3.305160106874183,112.2783558470069,5.0,44.39016656890066,1065,50.583785722387205,53.42383247231652,421,14.641020730435883,0.2668287977448548,1.5172686929581587,0.6082986553943098,Good,0
WS_003736,2023-02-08 21:45:00,48,Cu-110,Al-3003,492.83095145425233,174.38528962325273,tin_plated,1.0910783006516633,Laser,2340.594886678402,0.0,0.0,93.71749549452649,57.58239919162893,164.90126644086956,39.248188388948485,0.0,76.67982505603666,25.882303018238733,35.41722199598266,1.3632008717918864,2.4967020934863724,3.8538359510025044,54.17470761424776,1.0461637466803375,80.27168765091666,25.259068917536528,4.320246469463965,0.0,0.0,12.0,1.4719136413976732,130.0772695674034,5.0,53.963678720569284,223,18.913828535964626,84.580802246877,475,7.901029877086891,0.0,1.1929177193026892,0.7499334984603742,Good,0
WS_003742,2023-02-08 23:15:00,29,Cu-110,Al-1060,267.503596193062,132.34789833284242,tin_plated,2.012932428040081,Laser,1751.6276004045687,0.0,0.0,94.97062625231864,44.89234227502374,589.3644656718103,15.259491441136849,0.0,24.216443266162486,22.516069714520217,53.3967611857937,0.6798260312483897,2.4392253617550024,3.0212863974077058,53.62138500993982,0.44607647754153223,96.3643495088457,26.97874502157645,4.856411368284437,0.0,0.0,11.178403181598686,1.577989919942532,158.5092426195512,29.68785117910204,51.4112983656963,1194,43.54816202685958,54.75106363358554,357,10.729772967161741,0.0,2.572378978768695,0.6252370917302462,Good,0
WS_003745,2023-02-09 00:00:00,40,Cu-C10100,Al-1100,306.61860415570493,137.97280382624723,tin_plated,2.5447280819605074,Laser,2370.1127208798907,0.0,0.0,91.15795239370446,45.224046423193805,771.4286248130036,9.518518332660182,0.0,44.9230040415647,19.255048103646356,55.86150295892295,0.42094943223738035,1.8147181781682262,2.7594855966478913,102.03503887653756,0.611279887962535,85.05418230369591,15.0,7.79126673249244,0.0,0.0,12.0,2.908586258493402,142.56989842023475,5.0,43.107549924918935,787,27.593877373609732,63.163858532891695,534,5.822847578782755,0.5300622552699829,1.9685126599900935,0.6912009910615969,Good,0
WS_003752,2023-02-09 01:45:00,22,Cu-101,Al-3003,178.59306096116745,210.76067589637506,anodized,0.1295079978051912,Laser,827.4562329830683,0.0,0.0,41.95789670056569,18.53024570608705,53.87562650693444,46.56692295912289,0.0,70.71673335072543,22.56313926489051,30.87115679767404,5.0260448455711515,1.94069274317363,3.3964184967079185,91.27269443116383,1.3114042845868057,66.8331590281408,39.19163197289613,3.0,0.0,0.0,7.313594676500931,0.39860518034988307,167.9856759424714,11.099473472099161,53.60488906314078,687,19.729976413231668,71.41186126931788,521,5.039081621832304,0.0,0.9496877983228996,0.724219743845845,Good,0
WS_003760,2023-02-09 03:45:00,33,Cu-C10100,Al-3003,296.75038378432953,285.8508283474178,tin_plated,4.89824460976796,Laser,1041.5291454526396,0.0,0.0,46.80728947490341,39.08326417933091,927.827986876447,24.7231368717164,0.0,52.331550666063634,26.400810903989644,66.564435175037,1.265152099797804,2.0201612217330736,4.3106963332914425,57.973892229891106,1.007862619878837,70.92042774403234,28.455245487368597,6.296627900442093,0.0,0.0,8.780257967847163,4.996147157673115,170.46030442504252,19.94370620559308,51.98811095660524,242,23.67058770491852,71.03118092907854,610,0.0,1.2132312910794056,1.5000123078402292,0.7327387374319853,Good,0
WS_003761,2023-02-09 04:00:00,40,Cu-101,Al-1060,107.84421298970143,105.46313457043199,anodized,0.7090927203931003,Laser,1525.3738866814585,0.0,0.0,77.99788807146278,17.300320412601103,768.8962994756957,31.667244375316507,0.0,43.71154386684844,23.43358137496722,66.34544113919276,3.660885303864189,1.9567473700638653,3.3282216526877186,51.670971451395445,0.9342205703610471,86.50526074137021,24.25779381684506,4.799737649671669,0.0,0.0,8.103209461001605,1.7121080856252067,123.09272480105182,8.107636508192623,59.1250261860644,1000,31.66087525322948,63.79104479850463,553,7.570512875658199,0.032958518697565026,1.1968828033990415,0.6846582541412248,Good,0
WS_003762,2023-02-09 04:15:00,40,Cu-110,Al-3003,368.5472035587183,292.6729289820768,tin_plated,1.9263608536870624,Laser,1685.064586819169,0.0,0.0,92.81277077279462,62.140519971617294,710.4746315327412,47.82919910902098,0.0,26.454078309740936,27.183487451581936,48.23438164195038,1.5393884419012582,2.1868154893826475,2.7698245980307954,47.83413358896085,0.2405322081826512,96.19042664134595,41.484130904933295,6.2580391198817695,0.0,0.0,4.937506451304078,2.146221792254312,178.3050091967278,13.798826589045719,45.22108602178747,1962,40.77701412217683,44.57365750762513,326,20.993264317871095,0.0,1.8871763898150222,0.5826395853231227,Fair,0
WS_003766,2023-02-09 05:15:00,37,Cu-101,Al-6061,421.6436984244527,296.0445906545822,bare,3.524870996146709,Laser,2718.0293068296337,0.0,0.0,68.82155048829401,58.716814024783794,166.25982786682755,44.43178012423777,0.0,24.96468576224387,18.18710467164204,62.86901887093249,1.513426123749955,1.7604354423208295,2.734556667446917,56.31261123456003,1.4782323593668427,90.63351532716774,23.583391625860163,4.5043802797495704,0.0,0.0,2.2752412675252662,3.6931973371766413,180.7175342484711,16.98597757637551,46.91815620817462,1191,21.897101215198735,75.92158065408833,614,3.898023587468003,0.17569436283263637,1.215422269775329,0.7405828389192536,Good,0
WS_003768,2023-02-09 05:45:00,19,Cu-101,Al-3003,150.87247568675477,336.9781763161657,bare,3.5914511721637146,Laser,1972.6633457437533,0.0,0.0,99.8550181700719,84.78922732637525,809.948819897994,16.58539693078138,0.0,25.690387003034164,21.318660521981563,32.83218303714361,0.3912147204016844,2.109135287916221,3.1763020786569984,71.45662073711634,0.51790615944095,88.89732625467886,29.044138567394718,5.57238890500503,0.0,0.0,0.13994134701894714,3.338609139350263,178.81273362808483,22.279969242025874,52.64623592680274,1933,48.00718659895506,52.34063530656273,401,16.994766249544796,0.5216911796686471,1.9705676944964088,0.603708954983411,Good,0
WS_003775,2023-02-09 07:30:00,41,Cu-101,Al-1060,479.09312160252216,451.7293699478879,nickel_plated,3.2944719914311777,Laser,2820.4404904305234,0.0,0.0,47.92323395166623,16.208775317821406,852.9424085152568,42.38578548511922,0.0,64.026554495277,23.47145149819034,48.52516740026729,5.229980014408174,2.029828602133145,2.0,90.45341517910458,0.39069253206920873,109.54533044236192,28.181983128649577,4.752547823851054,0.0,0.0,0.5275648603632223,3.298939041632285,229.91491711398993,9.918264948354416,53.81667564770374,1781,42.899769853891925,48.41469115824771,413,17.427543606062404,0.0577374628386841,1.6547208734741699,0.6015437621867478,Good,0
WS_003778,2023-02-09 08:15:00,13,Cu-C10100,Al-3003,192.2554560857056,327.5076410091509,tin_plated,3.0151807331371283,Laser,2684.5575406581247,0.0,0.0,80.0159806559353,16.071098315538364,532.6461226299014,27.74416001660463,0.0,32.89736111663838,19.500363708244496,69.12439145399833,3.4526775297964734,1.6707733469268353,3.886937936148617,68.51342336838576,0.4890131293729899,78.63560841998464,20.953339178688413,8.595189720860454,0.0,0.0,5.750185879805006,2.497747980745341,178.30534272694214,13.309881737657797,46.945628474350386,264,33.8712356776498,74.06483401556174,572,4.352373448350139,0.0,2.6566573431517346,0.7143278646401064,Good,0
WS_003780,2023-02-09 08:45:00,30,Cu-ETP,Al-1100,235.58797046912855,378.85592557831325,nickel_plated,1.1208310016938268,Laser,2145.5099752352826,0.0,0.0,60.24597313064656,80.73428567045053,136.15875298366808,36.76443881892088,0.0,25.722721910371117,21.2425139056379,63.965122351414735,0.9107515726091818,1.9466555559094252,3.3018645729758345,43.951505910347876,0.2,91.75541369193571,25.336791118410723,3.00676996966319,0.0,0.0,2.110523794789524,1.3633091654194816,175.4703758698998,16.704246081817683,49.99555006365016,1135,50.3434831656304,58.308370790673635,375,13.74358609383626,0.05958729435764827,2.6076795873025107,0.6194864783022954,Good,0
WS_003783,2023-02-09 09:30:00,22,Cu-ETP,Al-6061,223.5443596945853,242.05328612631627,anodized,3.0707037113086213,Laser,621.5759097864192,0.0,0.0,15.69238779559013,78.93368579522878,71.0450011114547,23.64576401272857,0.0,71.96716580179198,20.8683389221221,53.67468010028301,0.5991298588050441,2.015161718003063,2.8067015442203496,38.25388310804059,1.0208249834406786,72.87087030748755,27.536348700741016,4.119776711445961,0.0,0.0,6.555593343734534,3.436320333591341,135.99661364798618,15.400314090534685,50.823598447368425,1263,23.992093759323453,62.46933590535702,766,15.34248860044903,0.16928389072095662,1.5460744575859733,0.6924846996652321,Good,0
WS_003784,2023-02-09 09:45:00,42,Cu-ETP,Al-1060,363.54216169073686,212.411170508081,anodized,4.244236965977242,Laser,2300.4666989939196,0.0,0.0,81.35803441325346,74.37228526438138,268.5987571332816,30.085468542972766,0.0,23.964427430669296,22.912707964547145,47.61264300440265,0.8090505337041566,2.1339917028755693,3.03644440254817,103.676058980672,0.7154683631689865,85.9583015462395,26.458540355759318,7.047542346467669,0.0,0.0,6.055563634431181,4.803318328265704,136.99650068564156,5.0,51.930086938395704,177,28.370837602065045,70.93957487858324,682,0.7333719871779006,0.0,1.60731571854829,0.7288842749840686,Good,0
WS_003786,2023-02-09 10:15:00,40,Cu-110,Al-6061,288.7025237563497,189.0119129995543,tin_plated,4.569133493452759,Laser,1012.5789583995532,0.0,0.0,61.734311813949525,30.151759706990067,137.90333614538574,38.8945361989051,0.0,69.37160516361597,20.03806127910143,33.90768461044471,2.579918159130739,2.055672127737493,3.150698729969499,81.0836423672803,0.2,100.28969030442815,40.44376967042972,8.80375322793904,0.0,0.0,10.003062779375494,3.8834225204955772,134.06653437798465,12.148299094822068,41.09726073958515,1732,47.05101157242528,50.235844255511914,446,26.42716754855804,0.8058497725074765,1.2816041832103955,0.5851954874599289,Fair,0
WS_003787,2023-02-09 10:30:00,9,Cu-C10100,Al-1060,298.32778905941564,383.6495363260916,nickel_plated,3.7441601937184563,Laser,1869.8412904043319,0.0,0.0,51.9085224540223,65.64749467267822,525.1874785712785,30.786802520181357,0.0,26.04569567380323,25.831460754122023,47.44373189309569,0.9379429534572777,2.114046683860926,2.882232096278041,64.6733211586754,0.2,92.08848377648034,23.725278342867767,3.0,0.0,0.0,2.7505240333705743,3.5360873405843876,167.6273605212054,5.0,56.143525499331375,1687,41.48573377843097,44.326890931450265,503,18.482283921619207,0.24604069219096666,2.1958005390723825,0.5974676776412765,Fair,0
WS_003796,2023-02-09 12:45:00,37,Cu-110,Al-1100,261.41944832547534,440.8558255417903,tin_plated,1.4506567281871592,Laser,2932.4050007339097,0.0,0.0,35.27404347784048,62.61823532039202,758.5504137006757,24.763078497016398,0.0,39.65329618161491,27.591295447855405,51.146632129277734,0.7909222727313795,2.456921897342409,2.397805728284711,35.91929183332071,0.400612049405741,104.23268737555719,20.59655038975174,6.158933650193584,0.0,0.0,1.0783249158975274,0.33374913337073764,143.4173669900244,21.105722421732708,57.178266588782435,1419,35.27364562392723,47.41424910984705,362,10.480381859876253,0.5498247741705312,2.2064204521578814,0.6201077716847921,Good,0
WS_003802,2023-02-09 14:15:00,32,Cu-ETP,Al-1100,203.3057431548654,104.65064051414666,bare,4.091113110120376,Laser,1336.109689677725,0.0,0.0,18.24092768819619,36.44015018952939,108.05864423863959,26.282657217278267,0.0,63.31102641048439,23.581016862290944,31.167058810575597,1.4425109161504088,2.4618303566850352,3.0558392698873744,50.34451762096249,0.965229039495669,66.18274769743738,28.86618749834061,3.0720267955451237,0.0,0.0,0.9408467500353348,4.47960507854067,137.8130232571803,22.583227914705127,46.58067708423684,1031,31.30877149761527,71.58545586565461,643,6.89449839864966,0.33345151536530593,1.2184204503393201,0.7119399645869121,Good,0
WS_003811,2023-02-09 16:30:00,22,Cu-110,Al-3003,181.22823716802486,422.3055330172028,nickel_plated,2.8068112876532427,Laser,1816.8223611394508,0.0,0.0,69.64840887738181,29.794909359968724,58.69110893973538,36.34365814937211,0.0,77.25334630446419,26.185712907232663,54.75337053934768,2.4395884350769013,2.4577052929540364,2.4950428094952306,59.117114210231776,1.1714839014546365,71.08005130977426,40.08306811024114,8.685425527630274,0.0,0.0,4.43150877335731,2.71963396296765,109.73877662248691,27.968901784634365,50.32374396568062,126,14.120391240716835,86.60954923463925,883,0.3772868933404454,0.0,1.3594247208683095,0.8035025399671761,Excellent,1
WS_003821,2023-02-09 19:00:00,12,Cu-C10100,Al-1100,133.54949542080482,170.20458098619847,anodized,0.7618447458990767,Laser,564.3909793514449,0.0,0.0,87.507891110902,39.32917844995768,988.0770819175888,23.386851577561142,0.0,67.96019677793373,18.970457268491206,35.03830540356717,1.1892875721936829,2.4049353417566817,3.0805984777080413,30.0,0.5497023599900642,110.25053277364572,26.891084823136712,3.0,0.0,0.0,1.5230528625979685,1.0301795885365599,118.61736547076708,10.692831252781597,54.595694404655084,1051,41.44440589756051,61.78959832759743,462,6.689272107110912,0.8898458654078357,1.227880081035228,0.6605650017718198,Good,0
WS_003823,2023-02-09 19:30:00,29,Cu-ETP,Al-6061,150.87298145300437,489.4992856471842,anodized,1.8573206525854196,Laser,1167.174118656888,0.0,0.0,11.898275979998385,45.362625518746896,212.7748159465932,28.47182392447972,0.0,24.697457068297087,18.4932986079345,52.4625772325086,1.2552987662812085,1.8334941379080014,3.184715461210823,83.49049965846068,0.2,102.14542586426755,19.297053198701803,5.535924819490901,0.0,0.0,12.0,1.645614631905437,160.98079202850852,5.0,57.923419236564534,207,37.485747088351175,62.189520350851524,453,0.6180507613159403,0.9825166760355625,2.1480232011180553,0.6782863350671346,Good,0
WS_003827,2023-02-09 20:30:00,47,Cu-ETP,Al-3003,360.11878962940307,296.1838100629952,tin_plated,4.847478379544764,Laser,759.3858893241949,0.0,0.0,45.1171324242665,97.88126346814617,958.6512735325746,2.342588805060167,0.0,58.48624801616112,24.745385800503286,68.1125123684781,0.04786592902578385,1.7408006360157275,3.3051171066775247,56.22530318247963,0.3931886697266816,85.06751930041166,36.602280631229185,4.147115868193731,0.0,0.0,6.799290301967462,3.798899983348782,191.9480070163164,25.63160508144582,53.37082996307289,1625,32.749061062683744,45.607464408925594,347,19.227153429029784,0.3013092040974785,2.6711758146566997,0.6019774900821908,Good,0
WS_003832,2023-02-09 21:45:00,35,Cu-110,Al-1060,264.28016023461726,154.75212787673107,nickel_plated,1.2290612602474609,Laser,2407.5149325655834,0.0,0.0,49.68803986623018,41.902163982483586,476.99935969348735,43.418020235367784,0.0,29.576520289043835,27.604611210891825,55.42881123925905,2.0723521703326764,1.422186686403846,3.24273211611665,56.35541451496304,0.2,94.96398450595734,27.60372988490281,4.963076591895388,0.0,0.0,4.054145400502083,1.106334246911759,129.9319947164816,5.0,48.909279109727464,1992,55.658537018657654,44.39677534449927,305,28.353383338245443,0.0,2.2287763050512694,0.5446748724073848,Fair,0
WS_003842,2023-02-10 00:15:00,9,Cu-C10100,Al-6061,441.4519714111828,304.8415421855197,tin_plated,3.1994154671417547,Laser,1793.5976785048094,0.0,0.0,68.1928220845441,78.07160255489885,883.9671697804747,13.280299558458717,0.0,34.11459751117593,23.839586261449085,37.09102071627696,0.3402081966774077,2.2460202868760684,2.6969569774797426,30.0,0.6570521678783919,101.97243173165796,21.716425340066927,3.0,0.0,0.0,4.510806315947324,3.106366416495565,148.04133670055774,9.898247260716976,40.9119655921606,210,28.75299960019936,71.3529728269701,637,0.0,0.09812781006444697,1.3951519721425065,0.7277195993337928,Good,0
WS_003847,2023-02-10 01:30:00,5,Cu-ETP,Al-6061,473.2452884674612,379.5940432697942,anodized,4.1645139187766125,Laser,2542.464969128584,0.0,0.0,85.59014131671282,57.7375472450004,502.0781116330723,43.256714005937276,0.0,71.8825373036818,24.790312052205117,32.7303053439926,1.4983911187769743,1.9061148485615313,3.951454819169707,53.295861586334524,0.9653182318351676,80.66324918969468,22.959376149001784,6.963098805353006,0.0,0.0,5.764230058354662,4.0159505163833344,139.06626718658015,5.0,59.56605980912936,855,27.568383176688037,68.07692972888003,620,3.2010098512886778,0.42517162760817245,1.4502300985730068,0.714171189419335,Good,0
WS_003848,2023-02-10 01:45:00,48,Cu-ETP,Al-6061,362.87906465602487,282.4960176213342,bare,4.990549142601962,Laser,1907.692737618678,0.0,0.0,50.65138144253376,49.057603119442064,404.17327332498763,29.353885692346324,0.0,23.79754732374369,22.314468245148237,30.318003315469344,1.1967109612297002,1.7101909515942342,3.42357870039349,61.819590662218275,0.2,110.39787081122644,30.039395800551777,3.9532589331991326,0.0,0.0,2.407217995976621,4.6994180250203215,190.47716960480017,9.546970901404471,56.03360038385083,377,40.27186482671105,59.64643740898287,472,7.196729493924222,0.17307007602907543,1.6723087777121226,0.6566810951479493,Good,0
WS_003851,2023-02-10 02:30:00,22,Cu-ETP,Al-1100,468.0455253290515,155.9086644373978,anodized,1.0478049992317873,Laser,1976.9533515902654,0.0,0.0,86.60581801496649,80.9077825177985,850.1290821219163,45.63853384453509,0.0,31.41914378388275,19.662005673663078,68.9344821073675,1.1281617768845735,2.5229757666134596,2.9948617863130598,35.065131895544326,0.6384812507943814,89.5038511677176,25.163935505533125,4.373608466645905,0.0,0.0,5.796556821290893,0.7571968908305314,136.44729587868082,13.583987833634888,53.0618391761242,1018,34.337521921046914,71.1736536995888,405,6.917393443723065,0.0836017338827156,2.3567519456711112,0.6904577386604208,Good,0
WS_003856,2023-02-10 03:45:00,23,Cu-101,Al-6061,149.73812697696428,447.783646615155,tin_plated,0.8301418627170907,Laser,2581.6405659493316,0.0,0.0,74.0313725946339,31.813870158466827,690.2136558823879,24.803249808368015,0.0,39.43955827833117,23.653101460784875,30.129155406090046,1.559272712488076,1.8008022770069547,2.7340972851172167,30.0,0.7867990463529504,81.46289297290674,36.65836370068464,6.776403056896607,0.0,0.0,4.9328402779232645,1.1417138896467331,189.36315787411533,17.618849575396613,42.77385506652541,1370,23.868890425847475,57.836322304057504,562,9.061907689153944,0.14099509197703822,1.0327423208139417,0.6792630598708755,Good,0
WS_003868,2023-02-10 06:45:00,9,Cu-ETP,Al-6061,326.22299329055477,202.845865201658,tin_plated,3.890234536129342,Laser,948.5227104790579,0.0,0.0,7.443105728347572,77.03796695397233,168.70901191444426,3.289523639944351,0.0,66.65371557265279,21.550757130827876,33.67564973082035,0.08540006363121534,2.1790850131045225,2.5216300181951006,30.0,0.2,119.30399939689293,35.0185106215977,4.253134975170269,0.0,0.0,1.0985676504265136,3.834961173820934,125.27099099840457,25.2029369743199,47.20454571771146,1039,38.05892802625971,65.53326561703457,505,9.477598415678884,0.8073278567738691,1.331058156041484,0.6726409416404655,Good,0
WS_003871,2023-02-10 07:30:00,17,Cu-110,Al-1100,466.8394020687177,412.97665408007737,anodized,2.6908309565449184,Laser,1792.4077562088448,0.0,0.0,62.7513660493717,69.95102364208252,807.6457014972787,29.053094519042507,0.0,63.78750432135522,18.29541598016984,46.54506801103567,0.8306696029981804,1.638195765508424,3.059461385278123,60.0448558520027,0.5136614076412684,95.24789859375257,25.43921201014325,4.105316917964651,0.0,0.0,0.8612927367551239,1.6210095071815593,186.2695339951987,8.637134652619938,48.65407912642404,1800,36.02110731960674,52.34771541879892,630,13.499916026762698,0.419821337143405,1.9157676497863079,0.6435252850174071,Good,0
WS_003872,2023-02-10 07:45:00,18,Cu-C10100,Al-3003,153.58994669991247,223.70244418931418,bare,4.216618183570029,Laser,2405.495263733272,0.0,0.0,87.20449979647898,43.41476263640394,831.9772121080758,22.988029423780905,0.0,68.78332554872097,23.362231892123077,37.48791774261309,1.0589959740793373,2.345233552105877,2.7369860732336044,36.20976790146088,1.5996533094722412,81.19516853086539,46.168238665737725,4.797638708921751,0.0,0.0,5.236669354275355,4.313151522880293,172.3118812885997,14.837787716909844,57.82589049205518,212,13.542741377164658,75.67843165185451,788,4.116252565807774,0.8868328326144772,0.7669608700372068,0.7636973268363331,Good,0
WS_003881,2023-02-10 10:00:00,15,Cu-110,Al-1100,334.0486643708499,294.2433271987388,tin_plated,0.9278755891068299,Laser,833.6088235574905,0.0,0.0,67.48512242353664,13.325021735649681,88.94938075164926,23.38769238914617,0.0,65.08661980646261,22.934105828381355,35.139557468047855,3.5103420997167882,1.8605213156765972,3.0440732281773415,36.046208945197016,0.8358119856511526,82.1214415202619,21.83669543175516,5.356251934402523,0.0,0.0,7.580975605868426,0.1410558006887146,193.33286312239215,20.054684796009976,53.517318162122265,600,25.49930309113498,72.42130237083103,579,0.0,0.0,0.9764203881854218,0.731404301290375,Good,0
WS_003882,2023-02-10 10:15:00,18,Cu-ETP,Al-1100,277.1656392167854,286.4760920622135,nickel_plated,3.7817339002542525,Laser,2879.2459336804495,0.0,0.0,9.276914198424898,52.224020251387934,103.07720308775427,39.09225301653437,0.0,54.4195211793498,18.93199474601621,65.5350777223295,1.4970985699055,1.773237445755542,3.184093069409726,36.182532157173796,0.23287730976614962,103.92287827595156,27.923331415544308,4.841357168295782,0.0,0.0,1.1427966521475288,4.43399169823698,102.38557369377065,25.628775395001263,53.50842142728009,945,44.63291375133015,52.03548131342045,298,10.088095021743346,0.0,3.1572986476042786,0.6140908211574537,Good,0
WS_003887,2023-02-10 11:30:00,16,Cu-110,Al-1060,389.9483414319522,367.9770453455065,anodized,4.238398623575979,Laser,2382.2025026057527,0.0,0.0,64.94395945366689,92.27728696625947,67.49708870944286,1.626655818352348,0.0,68.6801671721522,20.34917079953538,65.28483886442814,0.035255822355226445,1.8499593991268877,3.421429687466311,93.75781863263563,0.20652396037216691,98.45143624387585,26.477836996511503,6.302272559241533,0.0,0.0,1.93500313828741,4.862499296451524,143.29239224245234,5.0,47.914092069440464,1331,45.91144916559362,46.57037813342904,320,20.023134733580548,0.0,2.6235120353793424,0.5813487272930519,Fair,0
WS_003888,2023-02-10 11:45:00,44,Cu-101,Al-1060,379.24676963340943,105.3776175933665,nickel_plated,0.12141615945145995,Laser,2011.8699036050182,0.0,0.0,67.636622677596,52.690874578008,859.8088160541806,29.34214640168427,0.0,41.05217020879165,25.200562480830932,63.092898532925716,1.1137467972084498,2.4304696785812494,3.364107143926404,62.84043707689546,1.0132019274875197,79.48802912197138,33.099087235024996,5.533135442544484,0.0,0.0,4.9434293578707,0.1,130.66883291676584,5.0,49.10628209158324,1756,25.477140900444265,71.32205572313472,763,8.238882752723113,0.3804775526306375,1.4075802118049712,0.7255081894624812,Good,0
WS_003890,2023-02-10 12:15:00,50,Cu-ETP,Al-3003,139.86556883071034,373.1349064115596,bare,1.1640523941924186,Laser,868.0149636839819,0.0,0.0,23.21438199050021,54.461958016705374,764.6396433539674,33.68338662246637,0.0,74.75119827397786,23.087431173705877,40.25258259997484,1.2369509965886467,1.9988444196026138,2.344268539612348,52.106594266453115,1.6050772354860054,62.246622711409046,17.072269803292542,3.324247611592269,0.0,0.0,3.5071092256696357,2.17963187340707,114.39719545455739,5.0,52.16437944064843,808,15.032543177216784,87.70326772448378,999,1.4922262321796675,0.252048168687027,0.6525681798162676,0.8105114303600475,Excellent,1
WS_003892,2023-02-10 12:45:00,36,Cu-C10100,Al-1100,432.7141200740637,435.94382906961675,tin_plated,0.3110303888998761,Laser,2545.7626105019062,0.0,0.0,95.62394362892191,92.23101046247173,728.4725122410072,34.723558051296706,0.0,25.44217381628541,26.111471450733504,52.93251457786606,0.752969264397803,2.7597912844819703,3.4597933302719746,30.0,0.2,104.36229950091483,34.65902503660265,6.6369637859221395,0.0,0.0,11.281064602424987,0.1,155.79314435207763,10.705165574684077,49.10405165948743,1627,40.820328006232025,43.293630526718616,387,14.66943968325525,0.41553302310317664,2.4364256060625165,0.5952983849013449,Fair,0
WS_003893,2023-02-10 13:00:00,45,Cu-ETP,Al-3003,492.18831911322843,216.87072135281795,anodized,4.17461797208973,Laser,561.9708300922211,0.0,0.0,25.416570625042993,60.01664825254373,156.20786422943536,46.160462208834275,0.0,72.01457166508723,25.901070194288334,32.79499240732528,1.538255252595777,1.7878514210070953,3.1955583406195966,76.96167101931282,0.2,96.19687126268862,35.773340705929385,7.680206573726137,0.0,0.0,4.747659994414662,4.171244559912218,143.27517626929458,11.11111349052763,50.0787833042972,1663,46.51963982544949,49.108137825897074,399,20.609475887754517,0.0,2.087098299962009,0.5909481175370287,Fair,0
WS_003894,2023-02-10 13:15:00,5,Cu-101,Al-6061,297.5388058966245,472.41143851102504,tin_plated,4.206651910864062,Laser,2630.398209787284,0.0,0.0,44.18782907051227,98.45359511457129,161.65455402972248,25.799730787479284,0.0,40.93423639870835,24.892016319403467,37.26551197181826,0.5240993131323629,2.144095888125486,2.9823681415873144,82.87363619327722,0.5082804978214889,106.03095439532103,33.584765511027946,6.551066096153921,0.0,0.0,2.1565932235256526,4.357556353189875,158.96504223400456,26.451348066358186,49.67808548485237,907,35.84260723626786,60.218737481494856,451,6.218753547919812,0.0,1.9671737083822034,0.6651894366136523,Good,0
WS_003896,2023-02-10 13:45:00,15,Cu-110,Al-3003,156.01792485369162,378.61560895515714,nickel_plated,0.8475857809900823,Laser,503.2396997794451,0.0,0.0,34.76276405016728,13.155745029035671,871.3691890783634,5.359061255296829,0.0,57.39881403718327,24.312362696929807,53.59187531431995,0.8147104163951181,1.7236403569926366,2.8911199649042714,59.67452745673832,0.4513982317592025,95.06904784100465,28.14910673429565,3.0,0.0,0.0,0.7636390195526858,0.383884173522859,195.37744429918968,14.847298808332905,49.239210179621715,1035,38.274121272505894,60.36567051144418,456,11.463934782262383,0.6090778106877567,2.5944075176361823,0.6524081166531096,Good,0
WS_003897,2023-02-10 14:00:00,22,Cu-C10100,Al-1100,228.83223012650632,338.69554511196316,bare,3.1889919409491205,Laser,1417.6586046909108,0.0,0.0,16.268736066085786,86.43739575282181,63.45794791402817,23.06819119838794,0.0,54.115918166387814,24.398487463967975,33.43049052670216,0.5337548869323695,1.713942295993863,3.368343300773968,77.80759217616526,0.706933581104989,87.3112849153895,29.234203379183175,3.7945761598085004,0.0,0.0,3.7507758387218173,2.8586276632781686,147.6269434654079,5.0,47.870481010853986,234,35.074117048179374,75.79981003603478,553,1.4527558160541392,0.14651535023263507,1.1201200492488386,0.721031099029383,Good,0
WS_003899,2023-02-10 14:30:00,49,Cu-C10100,Al-3003,130.0374583221256,485.24586375395194,bare,4.255016697317079,Laser,1152.808671168808,0.0,0.0,40.483224824179224,97.74824280232909,551.6727192394014,26.473357010544248,0.0,35.29263100412162,26.799748810136933,51.81505983254432,0.5416641005829612,1.455233007515582,2.0494092154586268,80.56428326114214,0.2,97.77177499634497,29.020889537752353,3.662126769204351,0.0,0.0,0.6275309963002622,4.459483929896904,126.1480951719688,27.459451801683812,52.94630758530959,1539,49.37072012299444,46.7967868264169,317,18.333620104211004,0.0,2.8120219483322106,0.5796936825194883,Fair,0
WS_003901,2023-02-10 15:00:00,27,Cu-110,Al-6061,246.0334693137603,201.95278256447344,tin_plated,2.7026532814063384,Laser,2217.932139055118,0.0,0.0,27.819144956125232,60.353617398721696,388.90793859619777,12.370661762846593,0.0,77.00725542977199,21.144399714456846,39.930872631843165,0.40993936390326813,1.754441104253762,3.073867745416562,59.15247249208794,0.930352427493958,78.50620690031566,40.58121009856373,3.0,0.0,0.0,0.08800686454479062,2.4811731526433207,198.43020265517163,14.84176002032822,51.55820537308961,1303,20.55637882522283,64.9835794586289,803,8.291793615135187,0.31109269765117564,0.9123390472557371,0.7196106007136928,Good,0
WS_003902,2023-02-10 15:15:00,41,Cu-C10100,Al-6061,465.03368716992924,425.4511520891921,nickel_plated,3.679898022173424,Laser,2738.8807150352613,0.0,0.0,23.74790766333191,35.450844622425805,935.1343767779497,19.77463462936806,0.0,20.24973139534999,26.012273010703122,66.27164135331805,1.1156086598206942,2.5372294584200565,2.8582655020746244,45.47223758257444,0.2,131.63913882865617,22.446122015129696,8.575311128068847,0.0,0.0,3.360190289934228,4.3413906306486805,187.65342775381617,8.668905844466599,44.09495454112578,474,35.08039936248451,53.59127769064048,503,4.4914738836557335,0.0,2.7979627116701233,0.6564694149843533,Good,0
WS_003919,2023-02-10 19:30:00,45,Cu-ETP,Al-6061,277.5134317129343,470.1318947498393,tin_plated,0.6987641329632662,Laser,2620.0232670078904,0.0,0.0,27.685890417723584,33.119439252239005,931.6484852309264,46.54508689275113,0.0,79.66065113960312,25.013227509062755,37.84999939138669,2.810741241013282,2.019816674720213,3.7786929533983287,67.09733795678329,0.7718556475857382,93.59388977705638,22.6382415994034,3.0,0.0,0.0,9.072174526295756,0.433239680036384,155.0012388550106,10.251452581543806,45.45888371858744,958,28.5022346357535,70.93415984782277,695,8.766144338063498,0.9250822008844933,1.1526458571226086,0.714478860365391,Good,0
WS_003920,2023-02-10 19:45:00,6,Cu-C10100,Al-1100,328.3412102177251,278.73369220797144,bare,2.759773388675736,Laser,793.1684138564642,0.0,0.0,93.11709611038395,31.790191674937,415.98421364337355,3.852970025491797,0.0,73.35316252567542,23.825400621923137,65.63006812401949,0.2423999241583329,2.1792804755143615,2.9720633910058756,47.49008345246364,0.2,115.73114186593851,28.91004329048935,4.85568672632474,0.0,0.0,0.7654522571063851,3.2245231758272297,100.0,5.0,45.4633871932173,1673,50.31384679156621,48.04378862118767,486,19.64317670788841,0.04055049913485245,2.5558196767254966,0.5902077450383291,Fair,0
WS_003922,2023-02-10 20:15:00,37,Cu-C10100,Al-1100,115.28111350295643,119.12442548099192,anodized,1.0861916510783731,Laser,2210.920379198951,0.0,0.0,7.56868916888499,27.680045739325504,747.3559559206792,22.171813143176617,0.0,67.13151786599438,19.37261214707764,68.55648836691284,1.6020069729636863,2.1243115114205326,3.1797669813255656,46.04735367774574,0.6727601906962251,74.26757603693278,28.388668649289734,8.04318601722791,0.0,0.0,1.7252489762027305,1.48505091407937,166.27298141234937,24.43059083575762,43.146863112045644,765,24.19604871533881,60.11476586910759,573,10.702585086986751,0.18080038281736865,2.3912601652151984,0.6821254945616606,Good,0
WS_003923,2023-02-10 20:30:00,29,Cu-110,Al-3003,346.0859586387656,198.58394785500204,tin_plated,2.476758073667816,Laser,1230.8370626824471,0.0,0.0,48.643474447673505,51.239642948887244,695.8757703773324,18.452895419250556,0.0,45.01116297582476,18.01516028170077,52.76034065482749,0.720258548158025,1.8499806051933587,2.176306300862408,58.70208036251048,0.7643081487658563,92.60096138787992,26.732396590336876,4.546400181466504,0.0,0.0,5.7845423072717495,2.411936563443612,100.0,5.0,46.082662180809365,298,31.931575652360685,75.88360832868304,456,1.5888580503917806,0.519791163524751,1.8857255867083762,0.7192325484986819,Good,0
WS_003926,2023-02-10 21:15:00,13,Cu-ETP,Al-1100,337.7326935706383,173.9781348846928,tin_plated,3.914921753566539,Laser,679.2272007385798,0.0,0.0,22.90589967736147,26.597739411460648,509.0537957792585,25.06525064854085,0.0,24.885324903802903,21.289332878767674,32.10365328372668,1.8847654878324385,1.9092453805927405,2.8335917831316535,30.0,0.43436360549354647,90.9059385848177,26.995371275182013,7.951014345355165,0.0,0.0,3.4688935208530145,4.446258988822146,159.49606416413482,9.770184593150958,53.26399585595191,1358,37.39897746568292,51.0631047628608,398,11.899076883996894,0.0,1.534503283697543,0.6257818598844668,Good,0
WS_003927,2023-02-10 21:30:00,18,Cu-C10100,Al-6061,337.44421777856576,115.57348291574847,bare,1.56674864022789,Laser,2259.638114122211,0.0,0.0,67.76235192467831,95.79736687563317,235.60709496168508,4.941026883250783,0.0,58.02771188177795,26.74003125360649,66.48818533555558,0.103155797375211,1.947256684403415,2.5341159852977153,55.98341447642627,0.35112300139391217,97.05219237978345,21.59390717872646,5.410998748929008,0.0,0.0,0.021910871131156466,1.868434120232895,144.00920165312377,5.545210631477135,47.50564944079212,1285,38.69566536208092,57.44882395273471,512,10.103342822830264,0.0,2.3637839746360267,0.650768127379242,Good,0
WS_003928,2023-02-10 21:45:00,20,Cu-C10100,Al-6061,165.6739856225435,114.39593154746714,nickel_plated,1.1340130740603178,Laser,2792.4058768237237,0.0,0.0,96.25042763899606,94.0867209133417,419.240932377259,13.146429385219061,0.0,30.49190133276043,18.83526274428098,40.846536835651634,0.2794534501277294,2.1013958743526753,2.519943977065055,43.29140517495317,0.8633271140653336,74.2753231083611,34.09227743516098,7.326545907620645,0.0,0.0,0.6673920296915288,0.7026842700175322,155.86954563223057,25.275296109712816,43.2438117194024,1237,29.239226916046867,50.13342621132292,759,8.574058090753592,0.0,1.2510281301686526,0.6659983662340739,Good,0
WS_003931,2023-02-10 22:30:00,6,Cu-ETP,Al-6061,257.487667861215,243.23412075735126,anodized,4.609401128718447,Laser,2080.5474206177696,0.0,0.0,97.01933389360059,81.18498134519515,365.39697408529105,23.013383772537537,0.0,33.687441516040195,23.029037479119946,53.45439853486442,0.566936972607916,1.8996873972172346,2.6426284780013582,43.89779722964521,0.7634261767615296,83.90634377057349,21.78325686062893,5.026925122830787,0.0,0.0,12.0,5.017414586071091,176.408267515564,34.68262137769665,47.32197862814321,1091,34.53882781268379,64.907744837084,583,11.258320166007172,0.5640644590190356,1.9112348409417008,0.6782184367290874,Good,0
WS_003933,2023-02-10 23:00:00,4,Cu-101,Al-1100,168.52981778174998,128.07864456308545,anodized,2.468418250605528,Laser,2718.8472124321493,0.0,0.0,6.2778952839479185,54.08353790802223,306.15929323976906,39.979509390073325,0.0,26.323754721423654,20.912671723348346,30.030590652899924,1.478435432906217,1.8989300288682023,2.7333644696215913,66.1473465984497,0.35036004011144184,78.79432249510629,15.0,3.91353527395752,0.0,0.0,1.5661467313606725,1.8239623779394214,121.70881175090406,5.0,51.657126619955186,1652,42.1781044352906,53.50035033218455,466,22.407961376743117,0.0,1.3959120638685023,0.6095354582627988,Good,0
WS_003940,2023-02-11 00:45:00,38,Cu-C10100,Al-1100,225.34776257214315,444.65304249821895,tin_plated,1.0314610394715995,Laser,1726.6742967292855,0.0,0.0,89.71348319529655,39.50840454242666,631.494036398008,47.53752205394866,0.0,72.34919091550356,27.579242002407952,51.54046719711769,2.406451113605452,2.3566807463881707,2.1256165265909255,40.705158508086186,1.0442281622582352,80.15450311583216,45.142516095781424,3.9272388713747723,0.0,0.0,4.133825812291158,0.1,106.71100931096649,5.0,54.6649931183316,732,16.671853453814027,73.04726416519678,582,1.4003766217794205,0.2373088966883328,1.5109635604614415,0.7437846740664344,Good,0
WS_003944,2023-02-11 01:45:00,45,Cu-110,Al-1060,471.70439007915684,184.35113624294087,nickel_plated,2.6399555048794747,Laser,2917.0410645994602,0.0,0.0,39.594497428874426,29.237901081733224,161.17543446252233,44.70482770274459,0.0,65.25711518784972,26.615566570589134,63.98749507154817,3.0580052636319053,1.9834180085519542,3.7610555377060897,43.15362909878279,0.6599521476985053,89.26337748045243,28.520259416620412,6.717248794164897,0.0,0.0,12.0,1.6753847452751134,121.66243660692618,18.280901650740756,57.22645727868848,1703,37.86559372349583,48.0353828227924,688,15.700105506272887,0.0,2.5661486689473127,0.6297190353141422,Good,0
WS_003946,2023-02-11 02:15:00,27,Cu-110,Al-1100,445.5743229839819,467.05327636868407,nickel_plated,1.5721823597951103,Laser,2377.883420432747,0.0,0.0,61.622553460274105,22.809882351791522,120.3269575546455,30.351353422381134,0.0,28.92991469188626,20.833008773434717,50.94374510080651,2.661245941936855,2.2151249543817997,2.253681132571211,88.38065831894684,0.2,110.76362632917717,41.246671485181416,7.210636859858127,0.0,0.0,4.9408311653307075,2.23259474239561,117.30248430322993,21.749992789058645,54.320885423377625,1645,47.8625157435488,49.25499509492863,463,17.77436814106419,0.48741495854895717,2.3399583007047475,0.5988834405241696,Fair,0
WS_003951,2023-02-11 03:30:00,31,Cu-101,Al-3003,209.81783389617786,499.0784874644854,tin_plated,4.415055228277609,Laser,2141.568110420658,0.0,0.0,84.89780934967425,22.955011735754667,294.3742083204023,29.108431786962285,0.0,78.56142199779782,21.469527361265474,49.77600197229823,2.536128678307149,2.2942242127112813,3.4971776790963163,58.98081988403588,0.3301709758189326,112.64486107281942,42.029476973619396,6.005019073785795,0.0,0.0,1.0878737911295155,3.2624660400241776,165.94151313837563,7.846555357649438,45.10524123647326,384,39.227809594132225,63.07769200329547,505,4.125691093434797,0.0,1.7236914051218442,0.6747835114835168,Good,0
WS_003952,2023-02-11 03:45:00,34,Cu-C10100,Al-3003,429.6377961937497,401.3552459679343,bare,3.6709311458286797,Laser,2158.1462867390746,0.0,0.0,34.629303302918714,26.43412886504788,57.30648417844631,22.971630645322314,0.0,65.01268238663411,18.996223948229346,64.86045046526216,1.738028195489067,2.231267558534873,2.8028077965273495,72.98120550920689,0.2,95.14627979929494,27.950491306508994,4.401870558699853,0.0,0.0,0.6717395469891622,3.5452323111479327,159.07945200748892,5.0,53.15496575887083,1399,49.93566257350436,51.485084764313186,411,15.567907952116432,0.3099466166736019,3.0606487924094283,0.6020193906403081,Good,0
WS_003953,2023-02-11 04:00:00,12,Cu-110,Al-3003,102.12967622842571,488.3163962276118,bare,0.6104365606439877,Laser,637.1173923166718,0.0,0.0,85.5366453477297,83.96213074823876,321.1287283131824,24.6319225212853,0.0,66.8031229361525,27.897212891493403,65.68448562551066,0.586738861955382,2.139163871804991,2.8587729666243873,30.0,0.2415198505948688,95.7723020117864,33.68967864655344,4.565669253109103,0.0,0.0,6.313990216702337,0.9575477162401231,129.38818732532587,13.70147164559096,46.57401577697825,1988,42.49095462594447,43.59500089953014,378,23.41644481086629,1.0296785110089577,3.008715928620602,0.5765452362895344,Fair,0
WS_003958,2023-02-11 05:15:00,36,Cu-101,Al-1100,440.5937797255976,260.7680747970706,tin_plated,3.2145774735949066,Laser,1368.6773762563141,0.0,0.0,29.37723130371716,36.620070039043185,644.4603897848273,24.31303557772885,0.0,37.128868333903185,24.567313025480612,61.91813730799879,1.3278530353331954,2.6072044557005305,2.606163604908067,30.0,0.3111245804108616,112.42173508359724,48.16842037489424,3.0,0.0,0.0,5.077297698647929,2.8104981640127744,154.2540850975849,6.689652076262197,60.0,776,39.64975786940884,66.31426760638237,378,12.065274537883536,0.291996700811015,2.941201134690907,0.658888642453311,Good,0
WS_003961,2023-02-11 06:00:00,22,Cu-101,Al-1060,205.838844752412,209.35356724551144,nickel_plated,3.6292024637974114,Laser,1001.7538554359313,0.0,0.0,72.6708649229944,27.992263041396768,598.6165648926939,20.879766915235276,0.0,72.55290436578426,23.696174169552915,64.10877828523658,1.4918241432896602,1.5313359483044886,3.3625082843081455,60.41710805027813,0.2,110.22194034573432,33.27434084771118,8.976723409575689,0.0,0.0,0.7897035905678464,3.743785265023867,162.6804422161615,15.770751738980888,45.4164222509367,1212,38.652322914282585,48.52402758766537,437,13.164160907040081,0.8978290932260121,2.568204908635373,0.6177821162303727,Good,0
WS_003962,2023-02-11 06:15:00,35,Cu-ETP,Al-1060,307.8007419059925,330.9597068532364,anodized,3.3316477778827798,Laser,2640.0441418770893,0.0,0.0,98.62117547320685,72.01082991293313,628.0197719689983,32.70214831550369,0.0,56.00764082347855,25.240719074812898,54.201317532398676,0.9082563929632032,1.9390563160364533,3.140169726754299,54.15237088454083,0.5062531411916725,102.23254227849827,34.57680414987713,5.23272061295628,0.0,0.0,3.9253475811981255,3.602326250713852,227.76945934689343,15.806885006660664,51.02538013596362,168,39.49652520341273,67.8697817375585,345,1.5642694714856566,0.0,1.9093420974053839,0.6804966612797415,Good,0
WS_003968,2023-02-11 07:45:00,48,Cu-ETP,Al-6061,394.5119595133686,472.2844889330174,anodized,1.8961524273703023,Laser,727.7019319267043,0.0,0.0,51.261367868585026,14.999149730944268,331.0955564660951,45.82399969796637,0.0,68.83891256836257,21.79236555223578,66.6441742785334,6.110212981396984,1.5727886439164407,3.297442430321334,35.044176561396384,0.9476039473543723,78.58113040989367,38.54240178476758,5.343655679567529,0.0,0.0,3.493811315180439,2.4702147887507993,100.0,5.0,48.08366837131435,191,27.793934665365015,77.17294958061535,475,1.2622086788386953,0.0,2.0767699581602965,0.730541497347335,Good,0
WS_003969,2023-02-11 08:00:00,46,Cu-110,Al-1100,328.5358113812308,404.89302481767714,nickel_plated,3.671464436176101,Laser,554.9417321836895,0.0,0.0,99.39104973651925,35.840889538501145,77.07955897454647,45.43870067523395,0.0,39.77388395906814,21.157936651876113,66.85494528474807,2.5355788464135416,1.801297886306326,3.5190082802588356,62.04595021344713,1.119032538665448,94.92198664705876,26.39961250209526,3.0,0.0,0.0,2.1962483321378983,3.678614801910636,107.13640464549633,25.170943075029847,53.69130096745352,1718,22.416529809190532,59.24793612609087,824,9.134725227345443,0.15227763559206153,1.8544544306935082,0.7023007691335019,Good,0
WS_003975,2023-02-11 09:30:00,49,Cu-110,Al-1100,271.84109737941867,415.8848036842196,tin_plated,2.804131815589045,Laser,1178.7571132422017,0.0,0.0,74.64178016591423,71.38838536511946,274.4886832190852,19.635342411340915,0.0,79.83282568814282,23.773198303082314,45.101328122333754,0.5500990759467377,1.8641421540871577,3.093442631582418,41.53960419166208,0.2862361603784769,101.40352914812033,32.877648198314105,3.8036448486849643,0.0,0.0,2.045331025044268,3.6964934054103775,178.98377842396343,5.0,55.91148995320104,845,38.200393061344684,60.67898103799775,314,8.842942440669356,0.0,2.3140133477315894,0.6487496792600557,Good,0
WS_003976,2023-02-11 09:45:00,28,Cu-C10100,Al-3003,321.7290392334621,178.10677407642157,bare,2.583113308316469,Laser,1645.605455408175,0.0,0.0,84.01039361811284,35.068657218893414,243.6313564401336,42.97388045908216,0.0,44.75066192161607,23.229635620640526,48.79632117608061,2.4508426536462746,1.8412821928009895,3.545812192594345,98.13252890514006,1.3607670999193466,76.55439630965347,22.980023975443572,5.785686072643049,0.0,0.0,2.555748390128783,2.769770789772068,108.25806382883147,5.0,52.92506966126136,1796,23.417216786501555,66.27198192804177,539,9.32943317587021,0.30088856907351746,0.9007694560694712,0.6989947757689288,Good,0
WS_003980,2023-02-11 10:45:00,24,Cu-ETP,Al-3003,233.12734443666878,180.0883743154664,bare,1.437478851438309,Laser,2512.33422986824,0.0,0.0,26.04742253899369,26.740560964016083,432.2599913249326,21.788194469678555,0.0,65.94566144623528,22.80286867886106,40.29366548163176,1.6295989077415565,2.014543865247003,3.1696658541562526,53.60409305743916,0.22008524433005594,91.13988152353231,20.97735712661043,6.218699336228289,0.0,0.0,3.2162569717726948,1.4465332376342583,172.32753646041348,23.703022085846506,56.908288398762494,565,42.00868715027542,60.289348542551195,521,4.1343724023758455,0.44223540146199797,2.293353119830754,0.6646917257098435,Good,0
WS_003981,2023-02-11 11:00:00,28,Cu-110,Al-1100,401.9490115634242,145.2882599733797,tin_plated,2.300641160239737,Laser,839.9841270896184,0.0,0.0,97.39126083794962,88.06586252844274,150.645268105833,12.718614547597365,0.0,33.93269971353544,24.59106913815193,59.72245031083591,0.2888432403302612,2.2154877478075257,2.7341496181648495,38.87953771542645,0.499272044746407,101.24851792595112,40.87468867556998,4.606365881605573,0.0,0.0,0.8461579205970344,2.5801693825767194,190.76967727635287,11.717141567067294,46.26519387845462,471,34.91207357186494,69.53446011996414,355,4.784203340038864,0.19717907397057782,1.681640873440623,0.6861643253462066,Good,0
WS_003984,2023-02-11 11:45:00,4,Cu-110,Al-1060,321.3710803148272,213.8791875550222,anodized,3.616866549547553,Laser,1381.528734686084,0.0,0.0,16.025188786228778,41.13759035467602,347.70599186701446,36.86439151784269,0.0,30.08296401905142,20.03927613818864,43.017683881841364,1.792248461808721,2.0015505408672714,2.0,65.38275804556504,0.2,109.80753911925073,19.968034597718884,5.27620098309474,0.0,0.0,5.531329812546547,3.0581758987002896,102.07875158131804,5.0,50.4201373740566,1171,41.959294296201136,43.8366318630525,331,13.550697738371248,0.5326006026506057,2.1170603306850717,0.5933117466205501,Fair,0
WS_003987,2023-02-11 12:30:00,49,Cu-ETP,Al-3003,250.41671644366258,103.83425605775783,bare,3.128193769635248,Laser,1919.720760318572,0.0,0.0,41.357490648245374,68.70427021225902,482.780564639958,36.80799269797428,0.0,69.18186048641383,24.220636309768004,44.98652272896905,1.0714906827263428,1.7759717829185968,3.0015056987803588,60.11593851200705,1.7797006296031306,49.72161549217117,21.513371168965477,9.025857841697277,0.0,0.0,2.3047168275242047,3.090637081582958,142.98684709452408,5.0,59.17629213045551,455,12.413860601767315,84.28802784056401,1055,1.681322620933746,0.45621019837691523,1.0038935179822257,0.8092801321178416,Excellent,1
WS_003992,2023-02-11 13:45:00,39,Cu-101,Al-1060,181.48695731106665,337.3037880701509,anodized,3.9188925951645914,Laser,2141.0228489028727,0.0,0.0,91.47211696458362,20.30147523322313,83.87476164486691,6.584689354713449,0.0,35.516433340770405,18.327820474406288,48.27532099584033,0.6486907260746925,1.430705061106044,2.763714450819281,41.66007606872677,0.2,92.50906986582908,23.489712833183948,4.415290524093555,0.0,0.0,2.0394658756143627,3.8562684614269966,178.50947219938433,20.321089700308285,45.51227093745301,151,38.82558691444973,60.969673938168015,304,0.0,0.3333390464176727,2.3334350280188443,0.6644524711404121,Good,0
WS_003998,2023-02-11 15:15:00,14,Cu-110,Al-1100,491.08512513019997,299.17522135824254,nickel_plated,4.631366563535918,Laser,1720.9342067909329,0.0,0.0,89.62196258504439,23.604141782239022,175.66043088866653,38.91305834446171,0.0,68.96355373668591,22.13522414670677,35.24423917496018,3.2971381635863506,2.0647964836825357,2.0,40.09525756982254,0.5234677850416722,96.59317607528905,25.248234703241756,7.031788564284037,0.0,0.0,6.633786882171021,4.262487452088104,109.22576773160854,5.0,50.237983308387946,547,32.270883415026915,56.483077670282114,639,7.86583807748506,0.3881452504961701,1.2762925557555962,0.6706529226578805,Good,0
WS_004003,2023-02-11 16:30:00,15,Cu-C10100,Al-1060,389.96410873443375,360.78948556918425,nickel_plated,4.1507468336287365,Laser,1530.8030283105868,0.0,0.0,49.734436069139946,86.54433203338981,291.49336736041084,30.134827295128137,0.0,28.218176393547264,23.61341550279908,43.92289901628692,0.6964021002207694,2.057614775079236,3.3085113144359375,44.345198442627385,0.4207476253783627,100.98776411815517,31.84639488915435,4.307115484288093,0.0,0.0,1.221236277265583,4.2678865835898465,164.40122271925404,10.874300408714497,51.32948170552266,1643,30.802092084067233,51.88461531985739,528,10.28971267144657,0.0,2.0369132235315734,0.6494151889145803,Good,0
WS_004007,2023-02-11 17:30:00,9,Cu-ETP,Al-1100,220.46360791417814,255.34675106861903,nickel_plated,4.435134236502544,Laser,976.9621588944253,0.0,0.0,36.11928929058131,88.84675738946846,115.48640811539777,23.800846358471752,0.0,38.87793842401331,26.380539483285983,43.72666606946012,0.5357729884083087,1.9218989382268465,2.673735735990476,30.0,1.1781295219804355,45.08447308084846,22.182921885933148,7.390859215522465,0.0,0.0,4.596413302605576,4.196334002865553,116.43627363314764,27.362380777401427,57.09564473582734,1059,20.370254495807217,75.81006888432593,587,4.472266720972224,0.0,0.3856047454366168,0.7397176236986144,Good,0
WS_004010,2023-02-11 18:15:00,42,Cu-ETP,Al-3003,331.8145476599924,492.64426225697315,anodized,1.8900658595077326,Laser,599.447993494296,0.0,0.0,5.74976147076484,19.477308972416328,696.3767026982056,28.894907064118396,0.0,74.41874079465867,26.817800007957043,58.74221710953473,2.967032776965157,2.0466779120748186,3.3016814256916382,36.5476585871168,0.883922880705936,80.59171281141838,37.408969891570464,4.680261982664919,0.0,0.0,4.108526450931197,2.614756760193461,241.05538878797665,17.49741305861251,52.26428714675451,688,21.809502375217207,69.21364525344595,549,7.302060717399382,0.37024498305748116,2.1705628666700756,0.7132284957256652,Good,0
WS_004013,2023-02-11 19:00:00,23,Cu-110,Al-1100,133.55918425156372,201.73603503104167,tin_plated,0.9374285963649872,Laser,903.507154715167,0.0,0.0,92.84651503507959,60.32339456412699,479.7616560059827,28.484194150356657,0.0,34.58800578749516,21.172606369914458,42.17382832134831,0.9443829995368194,2.442185859909969,3.3389268006738195,40.05424465292505,0.796096809857799,96.36436376336339,29.6067358374497,3.1747783312369027,0.0,0.0,0.1772648988661507,1.4936478472940542,151.42103169754017,22.47899014737933,39.452162772344735,967,39.774883877134606,65.73939458903835,606,7.166317356128625,0.10479066751900847,1.6614847355909137,0.6816493156141528,Good,0
WS_004016,2023-02-11 19:45:00,31,Cu-110,Al-3003,129.6987437322183,183.49701337135596,nickel_plated,2.4630433189470464,Laser,815.89806243054,0.0,0.0,29.26870275153197,28.328800092845352,280.1487187500169,9.852885280865168,0.0,60.30234497406311,21.48347461907162,61.10625562750772,0.695609079704974,2.0678780618222534,4.1167620999537915,30.0,0.6130801807383031,91.21854323497448,32.92129782632684,4.41411489150154,0.0,0.0,1.8457635104702361,2.140675726361474,136.34012860477551,7.4622150672471035,48.62729364083393,1026,32.07873021894836,67.45121094892826,647,10.09143489112913,0.0009398091667573022,2.578861475429468,0.6947218249563644,Good,0
WS_004024,2023-02-11 21:45:00,37,Cu-110,Al-1060,222.2305837311303,186.70308452879397,bare,0.6405792547074829,Laser,2573.8231234562136,0.0,0.0,13.340109443290043,50.565142305172365,850.8165008911124,19.651576774012298,0.0,28.152892833611325,22.93797056136094,43.81720021207563,0.7772776216236266,1.7947813201952556,3.5488331531040447,102.41651271246727,0.6362385058862345,80.71038718118626,31.038647498222982,7.653768161050531,0.0,0.0,6.638529921150672,0.37401024835440216,182.87821518183205,5.0,48.990847292678666,1784,27.65882806644599,49.03819634351047,414,18.048924744548984,0.531978058970618,1.5913336929622461,0.6248655148630778,Good,0
WS_004026,2023-02-11 22:15:00,36,Cu-C10100,Al-3003,252.78320761810753,239.23821900314962,tin_plated,0.49193119390941353,Laser,2574.4366035602325,0.0,0.0,52.696054318720755,51.88022757222497,483.33969844847974,47.20161300544894,0.0,56.041435928506885,23.183692030149363,53.61426348500915,1.8196378548932655,2.14653974327804,3.0649437505532595,59.82900150534341,0.2,111.03576546187462,31.376489688704126,3.099685417100006,0.0,0.0,9.185013260963629,0.2588450297830176,134.04740342657163,7.150387954845939,53.775317915894455,1588,46.815807705014215,43.56936956093511,442,18.16261891512676,0.0,2.009977004263457,0.5841114685456203,Fair,0
WS_004033,2023-02-12 00:00:00,43,Cu-C10100,Al-1060,245.55976259813298,455.27116415135305,anodized,0.9628727533105494,Laser,2446.969790163127,0.0,0.0,90.62941316499655,77.41752772023696,819.8785086169509,1.2675863065598238,0.0,53.19002325506474,18.998873503859183,33.81286354742527,0.03274675241866388,1.1235019017185148,3.262846890098613,102.30005195201727,0.970045185507736,94.08848650459424,28.704565126666527,3.0,0.0,0.0,6.973939194806288,0.4356406722986056,173.65171397952042,6.330535997839794,54.1729562529911,1351,23.82785745493987,65.91859333959236,560,13.192329192414466,0.0,1.2809569136503554,0.6916524132641272,Good,0
WS_004035,2023-02-12 00:30:00,17,Cu-C10100,Al-1100,281.7082897441701,329.74788969560564,anodized,0.6419681845092559,Laser,2924.340205718573,0.0,0.0,83.1807131636136,51.71733181894978,945.9098567553763,44.17815449535676,0.0,56.00341553920887,23.56094217932222,54.40186327334945,1.7084467795057212,2.237944167056213,3.8639048023280775,30.0,0.2,84.78155392860079,39.88743615277345,5.718861460345991,0.0,0.0,1.4821734849591026,0.8458355198543328,165.20554672039316,14.485741734806815,52.01167004978703,1811,52.56109821669176,56.45742527087201,464,19.19953782228579,0.15180111890673656,2.6927398879867086,0.6072361157686899,Good,0
WS_004044,2023-02-12 02:45:00,2,Cu-ETP,Al-1100,202.73262982682346,129.44730461347268,bare,0.6897873327231255,Laser,2633.6739682294647,0.0,0.0,67.23207113511293,63.93870726545162,745.429156948234,24.898371295877094,0.0,42.0084797273352,26.51463800166019,32.78025709865977,0.7788199780926938,2.1065271048961236,3.3092218337394366,63.82602366450005,0.25893783303158535,95.70784667185191,16.582293390772783,5.12929041006013,0.0,0.0,0.40967391585365515,1.2239492498802091,123.5162793759624,5.0,47.945608251285876,1654,50.97455908615021,49.50765327033424,473,20.43253162596947,0.4347485415848134,1.965463115765885,0.5905296310812508,Fair,0
WS_004047,2023-02-12 03:30:00,7,Cu-110,Al-1100,258.891011826493,131.14802572254655,anodized,3.570556445720457,Laser,780.7768226807506,0.0,0.0,79.11161594079387,70.36006113884707,214.2867014604142,11.904329028705131,0.0,33.39694411883225,26.454485327919357,49.206439010746166,0.33838313486434807,1.5240819150742984,3.463680224434201,62.49870369128509,1.533527782490434,71.48685764016014,33.38269650506502,4.269767362220028,0.0,0.0,1.8803838785042322,2.6723136411264354,184.30537257739024,26.560006089518318,47.85808515792008,1528,15.833224026666503,74.87506065059135,639,6.984641699515613,0.1417453066583283,0.5443826527942897,0.7429416123998869,Good,0
WS_004050,2023-02-12 04:15:00,28,Cu-ETP,Al-3003,306.69441797602576,107.71965289079391,bare,3.408295902578568,Laser,2250.1136864487726,0.0,0.0,49.87297005987846,24.77272542502533,171.3466178306063,47.877589140391414,0.0,54.61464798469278,27.965838132388647,61.29799015722562,3.86534693449802,1.9508166017720179,2.3452367075577265,53.66734606689467,0.2,107.58954273487853,34.83934883278105,5.4583019440190075,0.0,0.0,10.46511724396912,4.740737479590261,142.56324286173174,17.70973828995669,43.83132688347685,662,31.902200931250622,50.1435167388459,519,7.725552808484498,0.49705303725983263,2.68913539963652,0.6476200789343304,Good,0
WS_004051,2023-02-12 04:30:00,20,Cu-ETP,Al-3003,427.6429304710751,361.37276966974486,anodized,2.846930546468117,Laser,2920.247234346223,0.0,0.0,91.26303863624217,30.51232669476184,353.3797905728845,48.59758154764251,0.0,37.07883886768836,18.64831225596706,41.48985435740121,3.185439251080478,2.2613362509109676,2.539588185612667,51.126100850252534,0.3117663912939621,96.06695374063712,26.615941692646953,3.0,0.0,0.0,10.269753000662588,2.160170044850825,133.09855306666645,8.618391324827776,49.433319629127574,1215,41.2201000099154,55.2173495047623,458,12.530159552770437,0.182217676194984,1.7811506931238736,0.6332525079189214,Good,0
WS_004056,2023-02-12 05:45:00,19,Cu-101,Al-1060,480.23758637244975,438.88379502935544,bare,1.4757994955751919,Laser,2536.1128557401407,0.0,0.0,7.385130752991847,65.62757054002067,293.7353435835396,48.25413129123716,0.0,43.661139647360926,21.332012939600002,50.5102912902313,1.470544495070439,2.445439479242108,2.2761968748880954,42.7266683488567,0.8142075193866782,98.67863179698331,32.03172513986491,6.0558734286694005,0.0,0.0,0.16555397585019205,0.7114100003065555,104.19071822486266,11.12104578328969,55.67312117802596,1330,33.578833622672626,65.22166298090299,454,9.30045306067121,0.0,1.8424709315923542,0.6755142241961566,Good,0
WS_004059,2023-02-12 06:30:00,22,Cu-C10100,Al-3003,188.0439320076654,262.40501447528766,nickel_plated,4.2747373691053765,Laser,1772.1106070145452,0.0,0.0,31.34686178619217,92.24198816653163,494.8441000377202,22.671401128071146,0.0,70.62640735748175,22.68522436724784,36.66557295266399,0.49156358354160157,1.8413677356794207,2.8057535564429266,50.53648560030302,0.5935968507770643,85.55045787741525,28.186838366421068,4.565932847876901,0.0,0.0,2.7763162234435157,4.31568018505374,143.73079827108953,7.611586896366332,49.264696275598766,1427,38.96640530781542,51.78245574125057,479,7.786527178927445,0.0,1.3085498567736518,0.6383401262642476,Good,0
WS_004064,2023-02-12 07:45:00,35,Cu-101,Al-6061,257.09404568969103,289.4764529162802,nickel_plated,0.6627947397423651,Laser,928.1773756343182,0.0,0.0,33.86473421123421,32.63321755123997,293.0319354682715,22.451155277142487,0.0,67.42676520151375,26.48573181216399,31.36694775757014,1.3759694545528751,1.6043462391773686,3.240416732339925,78.21788066775959,1.069432601392609,68.24035482454839,25.593155411914914,6.603160392160358,0.0,0.0,1.0539260036824016,0.24704178084884376,108.76934512164243,7.644999292765041,48.78859451664544,677,20.599902565647923,69.71997350319404,485,3.8867361622064154,0.0,1.06144623428455,0.7184457829387095,Good,0
WS_004065,2023-02-12 08:00:00,30,Cu-C10100,Al-3003,301.75228171950675,402.18152373010315,bare,0.7792432105006996,Laser,1967.7905360461682,0.0,0.0,96.8762583087003,46.78896576839751,227.48862847115294,1.8122961125938222,0.0,55.03777408497329,25.21970804870348,41.63373828999114,0.0774668164953496,2.293303193560811,2.7405380734969103,30.0,0.2,98.897363440304,30.523840211537916,3.0,0.0,0.0,2.7090437261341025,0.7792828764293686,100.0,5.0,46.78571989284221,1249,44.636697702958166,49.47158418179237,467,16.597969441028248,0.34970385033397755,2.4531030537783356,0.606736054531449,Good,0
WS_004066,2023-02-12 08:15:00,8,Cu-C10100,Al-1100,285.73269791806115,452.11650520537205,anodized,3.125438261461339,Laser,1956.8228981257757,0.0,0.0,44.40433382399716,27.61209880926508,819.5149143575984,43.53667797268581,0.0,79.02401783743063,27.128647058937183,47.95151836081806,3.1534493827088093,1.8394195379178557,3.534289804563793,30.0,0.3854062688735525,79.5122244944657,32.91329098577544,7.350002671155104,0.0,0.0,5.636940831523976,3.3877168045408834,127.62271443754459,6.553274148464849,55.120216589136945,637,43.57646873704461,57.07338555312336,424,5.315172651684041,0.0,1.8451923330765885,0.6456194787220005,Good,0
WS_004067,2023-02-12 08:30:00,6,Cu-101,Al-1100,201.35924302374906,485.6583183462232,tin_plated,3.076660905500155,Laser,944.2367221235061,0.0,0.0,79.18903987082558,78.58099878537529,996.093511520858,38.30101491702341,0.0,46.3392337654065,26.90078414194781,59.43511469195238,0.974816189894283,1.747429791036863,2.3443670750119416,52.85999437824377,1.1128083167248355,98.4869255177129,33.85035413327013,3.0,0.0,0.0,3.2252368245965455,2.6023992416477624,138.690745048658,19.90050349472608,52.894023122646956,262,27.76929575631212,78.80434583768519,876,1.9316651086120702,0.0,1.7372778990496491,0.7601350488810971,Good,1
WS_004068,2023-02-12 08:45:00,6,Cu-101,Al-1060,302.0112184595068,229.8207624129999,bare,1.145522346038825,Laser,863.1681198178196,0.0,0.0,79.86370257254234,50.65542255620314,170.32016542430534,16.804692347500684,0.0,70.54703427117482,25.781872785868337,31.76431413879274,0.6634903629065797,1.854385316667531,2.3884577728708285,56.75723707050558,0.22202563446023643,118.00659329082426,15.0,3.0,0.0,0.0,8.574444214857484,0.26623809385067276,114.58299797673068,5.0,47.32976073820508,1872,42.089664756049416,41.70809761479535,353,20.639587641455993,0.2056896315733704,1.9992193882326341,0.5759698534085176,Fair,0
WS_004079,2023-02-12 11:30:00,5,Cu-110,Al-3003,389.0446899337798,230.39161750752487,nickel_plated,2.908046226732964,Laser,508.4160851790083,0.0,0.0,27.700805744820972,99.65146132236522,577.7278039552224,48.067303971178,0.0,50.59052586957461,22.121561537513642,33.90826524410729,0.9647084615384368,1.8748587063894786,2.3747299924740966,30.0,1.1049285720801092,89.92756413120294,43.444992416605295,4.037025649395218,0.0,0.0,5.181392979662217,2.3009259911125612,193.4007917996351,12.269694035828682,41.764524348856085,964,27.211235578874504,65.0943901721514,673,3.7039854018833145,0.6082378264325469,1.548865479964707,0.7098408161002021,Good,0
WS_004089,2023-02-12 14:00:00,6,Cu-110,Al-6061,190.35256517343035,107.95196347891216,anodized,2.9601132557367364,Laser,901.5505185551062,0.0,0.0,69.656510238957,61.74787977204274,136.85669537988582,4.434497131813062,0.0,57.769336959394074,20.269260320095785,44.842341080429975,0.14363236918203776,1.9626195844933358,2.759183652252548,59.25422483992318,0.5320492790895007,118.10907742269845,30.263930457654105,6.054753377348316,0.0,0.0,6.251916494413132,2.685353550475851,151.32583379573003,5.0,47.1917954003156,1674,31.704495480004375,50.15511771089882,608,15.80960645218338,0.0,2.1933110405789473,0.63872137229273,Good,0
WS_004091,2023-02-12 14:30:00,50,Cu-110,Al-1060,273.18921993588253,482.640227106923,tin_plated,3.0568063066243587,Laser,1445.7017318228295,0.0,0.0,44.159528439252114,13.323283196151776,157.11913852533718,45.2112095486043,0.0,79.12534945753671,27.558112108809276,59.54871532822601,6.786797050394134,1.962369858294028,2.977183273361888,51.971997365091255,0.8914608974623139,65.57573715531782,36.748426810154854,7.408409002405044,0.0,0.0,7.747157916446688,4.192781184523847,140.14122466307066,6.672227682790816,49.84040461530234,327,26.895386702722895,74.24872658904648,551,0.0,0.0,1.46024624329915,0.7320120697518652,Good,0
WS_004092,2023-02-12 14:45:00,40,Cu-C10100,Al-3003,128.40982705973065,256.51074216277823,bare,0.3769036105301471,Laser,1984.9825467214337,0.0,0.0,89.27894674212378,61.06910242818377,342.02840065887983,2.5864061953289146,0.0,67.76648252562312,26.469252572583137,60.413967852259695,0.08470424789263882,2.053611909853235,2.2820538412630182,50.19531007208962,0.7317952443425161,89.33934476274761,22.861673057576866,8.752522575022454,0.0,0.0,6.673834959721831,1.0590622696071559,136.9938789204524,10.508427322403557,51.64460252348892,1912,31.495140793867144,62.31784454042204,438,10.420312081133304,0.0,2.8420662250682627,0.6682138150081294,Good,0
WS_004098,2023-02-12 16:15:00,43,Cu-110,Al-1060,134.49966852158596,489.84368434529665,anodized,4.90520553865644,Laser,1304.8953067009552,0.0,0.0,95.13675772020208,50.659332159533086,538.0273803305964,45.14195021973031,0.0,66.8260073893307,24.428885098725157,31.243327502889876,1.7821770755908193,1.9038418374995008,2.3331949448388203,61.15979089261458,0.2,109.94969533196202,22.5900159217636,3.371022571609908,0.0,0.0,1.5147449259528147,4.785783051069561,175.47891303791502,6.941308028069365,48.49572912085736,1061,46.51737058105599,51.49704720886023,420,14.143943889631949,0.0,1.926457574608392,0.6104466673575067,Good,0
WS_004104,2023-02-12 17:45:00,42,Cu-110,Al-3003,386.46581527104445,221.39147920552762,nickel_plated,0.46938284775440053,Laser,2038.8989617133225,0.0,0.0,41.676429919235616,82.92603072258495,935.2582412145339,41.69657044126961,0.0,27.895814468411064,22.40460532938738,68.13755298813257,1.0056328532293666,1.9760756586493677,3.1961781972857843,58.872351463299665,0.3943704428317895,93.74960187101166,34.702791626420996,5.553018263246861,0.0,0.0,2.5248210949872134,1.0098645541604439,118.14465201165345,5.0,56.444999158883846,1068,45.538848368108944,55.347015299878066,596,9.703203728310868,0.0,2.655809063394847,0.6415990920402822,Good,0
WS_004114,2023-02-12 20:15:00,26,Cu-ETP,Al-3003,284.4134272391248,316.8141542024473,bare,4.3212429087095705,Laser,2733.5489015497733,0.0,0.0,33.935099797843364,36.698131907279986,149.29412700904186,10.337094175136235,0.0,71.96974945876887,22.186519809039034,35.02696027916171,0.5633580587291755,2.1711109082141533,2.5167255416394845,39.51983853418117,0.45166125497081616,98.7263902757009,27.007256762186213,4.1490959859740455,0.0,0.0,2.1455502369904353,4.57634053293318,130.34277114350505,5.0,41.48521232432754,930,39.49626544992217,65.51447295143183,469,11.0704536694543,0.40490045263323554,1.7379138194882782,0.6650513502401362,Good,0
WS_004118,2023-02-12 21:15:00,6,Cu-C10100,Al-6061,494.39662886826375,125.32769878892837,tin_plated,0.3276612383873572,Laser,1008.2339106041538,0.0,0.0,73.43118862630244,66.12649745660792,188.76090918877486,14.416645645476914,0.0,50.9000983969144,23.11590685649486,47.20208367108613,0.43603233801811714,2.4736964803410784,2.0,55.90034601759627,1.2130524581706739,83.65334655743553,28.995670209881883,3.0,0.0,0.0,4.482731193513237,0.1,129.7752739229284,8.245081798220326,57.49227468963154,1847,26.276652009145433,64.01736560974007,749,2.6160539876869944,0.0,0.9522070351182754,0.7156566681170522,Good,0
WS_004121,2023-02-12 22:00:00,29,Cu-ETP,Al-1100,455.6522142819433,364.9987492737114,anodized,0.5681442629368216,Laser,1420.6290804986893,0.0,0.0,63.21772787055296,55.37788286163025,247.60674258225686,43.091013864225154,0.0,22.30729898906262,26.374678742598647,40.16866241737219,1.5562535668578867,1.7861332607127582,3.3075799115908695,30.0,1.3064740580843814,83.87186547841803,20.458093523173844,3.0,0.0,0.0,0.16690917777242922,0.9564400409003833,175.83831988313827,24.895008402390694,49.458740069247455,657,14.2687643138534,70.24805001600242,724,0.7163226087811716,0.15835668817543813,1.3266075684098508,0.7511405403444279,Good,0
WS_004122,2023-02-12 22:15:00,46,Cu-C10100,Al-1060,287.13967331681715,248.49105910297223,anodized,1.0506088906345439,Laser,1213.3088156749031,0.0,0.0,74.97269099020816,17.787643425800155,279.6124690075699,8.210601476633562,0.0,35.85137064593861,22.254525864781478,46.149670539090096,0.9231803539219212,2.1057084789451954,2.272717474867786,52.65231267718447,0.34933643482406973,85.82383150091714,23.51321101096791,6.402627657737757,0.0,0.0,12.0,1.070163031245088,186.37796547136486,13.671722630520378,51.43012127168553,1755,42.392687838317585,52.156680847658045,426,14.666050302794204,0.006428701519864188,1.6270698119067348,0.6177038260439295,Good,0
WS_004127,2023-02-12 23:30:00,14,Cu-110,Al-6061,266.3144248276732,376.22105615985794,anodized,4.160442841826655,Laser,2425.684722284696,0.0,0.0,63.3225760286828,79.31721674012866,384.0207454349107,49.73517244598675,0.0,21.412483264775947,20.152235255080754,52.09661112087999,1.254082644098237,1.8896334595494197,2.5534106864849795,41.97574032604103,0.772050226812542,69.0889818616196,38.770304066829894,4.868887731295684,0.0,0.0,2.1842081152877713,4.683152132801148,181.32197309033126,12.576238687751403,48.65174954254592,686,30.94277996754689,68.22210915300164,632,6.255715716753617,0.0,1.669440543704144,0.7045449692956041,Good,0
WS_004135,2023-02-13 01:30:00,23,Cu-C10100,Al-3003,410.64273591855624,381.9296661562865,bare,1.4270965847087624,Laser,1510.2064999031581,0.0,0.0,99.60369556085074,11.508042299681035,189.60048970346878,38.001649778778216,0.0,21.641840207061882,27.178334776778037,34.96711095875786,6.6043639377014625,2.2306801229410125,3.7205308825767553,50.64204646136454,0.21779509733094998,91.90070099875275,28.670515082553315,5.46460075369095,0.0,0.0,4.753921062995595,1.492842823179944,111.70181294393149,15.668394274449675,41.347036323532976,1361,46.538014275336714,44.593102947506715,483,10.19732037455394,0.0,2.054897649723954,0.6047557602534731,Good,0
WS_004138,2023-02-13 02:15:00,12,Cu-110,Al-1100,229.1604274311604,124.22090249650424,nickel_plated,0.8757167037811596,Laser,2095.137741246609,0.0,0.0,40.231921089503054,95.1216939451677,461.1047343792543,4.522948909215598,0.0,63.70918129647379,21.130229488424025,36.75315529364533,0.09509815735247153,2.0360909413191437,2.0,30.0,0.2,122.63284812641122,32.65677218386343,4.710427277836615,0.0,0.0,0.8168962043948227,0.6826553870288788,100.0,5.0911866776237,51.275086484763555,759,27.255462617897624,58.154471376581895,332,8.986812961833465,0.17654341608065077,1.0470662854452368,0.6597860435445039,Good,0
WS_004139,2023-02-13 02:30:00,45,Cu-C10100,Al-1060,292.509580731042,374.72848639691836,anodized,4.414387194970006,Laser,2767.7509036245647,0.0,0.0,41.57528196998489,13.533471764839767,700.7522916852603,6.79604578890213,0.0,59.538038892629224,18.150320689347083,67.97583442398064,1.0043314689669496,1.6940274763833174,2.7520469778980026,30.0,0.30823890007012406,101.24088375857212,24.343891873014268,5.0204248412349575,0.0,0.0,8.403038654041037,4.807622319029571,126.46129820078066,5.0,48.733799994755714,1026,41.913701502351806,55.39369748707045,322,11.010281412281989,0.0,2.589531667095228,0.6264360804827863,Good,0
WS_004144,2023-02-13 03:45:00,25,Cu-C10100,Al-1060,304.58701601704695,287.6979783482159,tin_plated,2.535940937072643,Laser,2687.3315664352954,0.0,0.0,18.945803914458345,93.78725423395123,820.1755439620131,44.540125253254296,0.0,22.354654681794003,19.377159414802215,52.83501730539584,0.9498119039107268,1.3554063948680266,3.7461362166863514,30.0,1.0289029953596853,60.25255603063874,30.92352958516367,4.7617630087655325,0.0,0.0,0.13387717166964327,1.8620776944356177,176.67497769173045,11.72853029108516,46.42220769688393,798,27.19674524758829,72.18134367507226,647,3.0982316852223404,0.0,1.1782716676722733,0.7269823902398397,Good,0
WS_004148,2023-02-13 04:45:00,20,Cu-C10100,Al-1060,262.86571938685,215.58312765628688,tin_plated,0.22857006503341262,Laser,2905.7651117369987,0.0,0.0,43.19274001691666,81.78435364900471,104.14447529425338,45.18375563153363,0.0,27.165036354658312,21.656537737360924,56.06124767690748,1.1049486513141502,2.2921996631275263,2.1365960599150107,69.45197246345866,0.2,136.70492357423387,20.916301167149452,3.0,0.0,0.0,9.621808357727403,0.9213927941677822,182.7595075286667,5.0,52.976051658538644,719,40.8572071009666,54.035316011550165,393,14.299114174654006,0.0,2.4389112171667326,0.6231916402999492,Good,0
WS_004149,2023-02-13 05:00:00,42,Cu-110,Al-6061,263.67865751425995,156.29734535646128,bare,4.744102554190609,Laser,2240.1055554864006,0.0,0.0,17.329172893445303,31.223241257752104,893.1318306122223,2.4533764346497717,0.0,43.4127344637328,18.219998702229297,62.91494466063467,0.1571506567429573,1.9517934849504166,2.8040797133893203,63.20911703922875,1.1201133463943358,90.18012390498279,31.680371440706185,9.201758523008827,0.0,0.0,2.2597422055256033,4.941175116093575,158.68608464962176,16.79545602611848,49.41664330821869,837,21.227016001140647,76.09643341091524,869,4.407962608111291,1.0330772872318132,1.8862907821704784,0.7580689629687019,Good,1
WS_004150,2023-02-13 05:15:00,23,Cu-ETP,Al-3003,317.6720463767814,162.6536724762075,bare,3.633219025784148,Laser,628.4337608466104,0.0,0.0,97.60338794849078,95.18181538850023,842.8935029132067,29.448702057948793,0.0,37.19355307170212,26.765538213142946,49.13091696622158,0.6187884090621528,2.1822637524119455,3.0206033552360645,75.8662771285253,0.45620361189524045,89.42720937082707,26.900198921666853,5.860636725214675,0.0,0.0,2.5770375039854843,3.918198429924158,171.49209073240073,5.0,47.13817119225352,173,35.062608807330804,64.24538397149985,436,3.250672135190933,0.10991090014849203,1.993985623397982,0.6809912031309371,Good,0
WS_004155,2023-02-13 06:30:00,36,Cu-101,Al-3003,167.64156016826058,402.64099931754185,bare,3.816388830037121,Laser,1635.5443955858477,0.0,0.0,76.87876872784156,50.22291626531551,447.7561417265008,19.44939920143389,0.0,45.99338218342955,22.12014732628873,35.27581932110572,0.7745228930429855,1.9502481369737346,2.0,49.93001766748469,0.676583009180389,104.07328771026222,32.51650518594521,4.331113191079205,0.0,0.0,5.137464603684135,3.537378431858548,138.04282693132416,13.831459032715022,50.82771335818002,1308,39.36537108002724,62.83214752398285,414,8.7136267878905,0.0,1.5931664009879944,0.6592942619626215,Good,0
WS_004161,2023-02-13 08:00:00,32,Cu-C10100,Al-3003,463.5923567659457,142.8943207078094,anodized,0.8783751731823145,Laser,610.8581846571502,0.0,0.0,56.22925922756447,34.06458271923715,230.62567599048657,2.6970080851208866,0.0,67.35680253917127,22.88143757399003,38.22812302101265,0.1583467560633183,2.1536810089034035,2.8573830467006918,73.03908435391645,0.2,103.2561295140372,21.295885655017592,6.826214038000624,0.0,0.0,0.16762771664892234,1.0270521809440343,173.37738642039406,6.656366620509399,56.9169296769482,493,44.00077899932587,57.708113475620536,340,0.0,0.0,1.7940806538321636,0.6509357818567292,Good,0
WS_004167,2023-02-13 09:30:00,3,Cu-ETP,Al-3003,441.57938520581746,224.28140942329637,bare,4.716762060295077,Laser,1926.1536461910875,0.0,0.0,46.60018530113658,22.397434895826812,719.5739880198893,46.69730184233637,0.0,63.87299913348913,21.615994493987152,33.72842759450543,4.16987945803001,1.8001213552843711,3.1182420056358118,37.43313256584118,1.3040039235977747,74.20418390609049,35.73811980406705,8.434015919018393,0.0,0.0,12.0,5.059708483277431,138.57143997923407,6.838284629893937,41.47074183535469,1679,18.10248811524844,67.27164603765402,640,4.924356475106585,0.29313645474806943,1.060135803601369,0.7244588811971041,Good,0
WS_004173,2023-02-13 11:00:00,47,Cu-110,Al-6061,112.75391808343684,369.18016009854745,bare,3.376449140077269,Laser,1542.7796505239364,0.0,0.0,43.38926489086482,50.53742548604598,639.3588018726789,29.199387171178913,0.0,54.539898223051644,24.27513046575449,60.850624944583885,1.155554992774265,1.7216144673678282,2.8526235662702994,58.187117729543125,1.291250436558324,93.75884662029733,38.92675805856736,3.0,0.0,0.0,1.3655080232303831,2.692872396606514,140.05820899675413,21.71541983015061,45.51799605285735,893,22.829921261750723,70.67838893900567,705,0.0,0.0,2.160884987289788,0.739451090454888,Good,0
WS_004174,2023-02-13 11:15:00,41,Cu-C10100,Al-3003,130.4399955923097,426.55909054462825,anodized,2.815652105062526,Laser,871.2603225548012,0.0,0.0,85.50777971283873,76.999884055943,276.6927520458096,5.363173631398329,0.0,78.20837859169973,27.81909469403193,31.422452650655224,0.13930342096364207,2.038697002700793,3.2032315586495534,62.70538500361485,0.48910701334655754,100.87973643375622,23.22300745237327,5.655625172926925,0.0,0.0,2.638357537759192,1.453277854693472,197.58582677317372,8.905782327916084,58.73524697835065,1884,50.25703599488805,50.08044634683463,489,13.440157166068115,0.3484462350329207,1.2711109925945316,0.6072152671883767,Good,0
WS_004178,2023-02-13 12:15:00,7,Cu-C10100,Al-1060,419.17727570132,334.54565652918103,bare,2.384654665793126,Laser,1863.2302437658727,0.0,0.0,38.80304861335582,38.48460778460439,541.042542574339,24.422121488557206,0.0,69.96044103145991,20.409905810895737,41.35119048446536,1.2691890547642362,1.4334521372321165,2.5063669408215214,95.3862976403255,0.2,95.76623900134291,35.417046771345156,4.95748920880484,0.0,0.0,0.6492272039375567,1.9124255237525976,194.80588707048108,5.0,48.78149979024764,1813,56.42401092335122,43.04810884613876,374,20.261341124859282,0.0,1.6894696924117207,0.5599275744545422,Fair,0
WS_004179,2023-02-13 12:30:00,17,Cu-110,Al-1060,325.2506375568188,130.91739726018633,bare,3.900267708490656,Laser,1357.9851686682268,0.0,0.0,23.650854492086257,58.63941408829494,471.9096247297105,14.004380742492634,0.0,40.09714206604732,20.405410331349188,59.748945185098016,0.477643951946923,1.3361997576291542,3.1001218643843726,62.91110020818654,0.2,99.55171570347717,29.903121025082456,6.054839027839657,0.0,0.0,3.8539715222556246,4.248441200365514,139.88481864135747,5.0,46.58891077836308,1355,44.03876595282271,51.86675308215834,449,14.701218608347146,0.10870261423246569,2.7099706861153603,0.6159772822188442,Good,0
WS_004192,2023-02-13 15:45:00,14,Cu-101,Al-6061,106.25731812297366,124.45847241907448,anodized,3.728911577433316,Laser,822.5858455155881,0.0,0.0,95.68948709197663,39.02069387125942,721.4968959510034,46.5169947672396,0.0,23.436573850867674,24.584545841515272,56.7508541122844,2.384221814235936,1.9057396924029202,3.14487562617653,61.68194084447846,0.2,92.2293491750485,30.299722805425425,5.183904787767085,0.0,0.0,9.419646627558315,3.3401130338896268,178.64570361941853,9.274010162949494,48.17836501656752,908,44.408873289312055,57.1763987501806,486,9.468780534652804,0.0,2.293620558051855,0.6409737234390094,Good,0
WS_004209,2023-02-13 20:00:00,40,Cu-ETP,Al-1060,416.7626153688948,470.40296704130026,anodized,2.3810480260393327,Laser,2976.339547002908,0.0,0.0,34.739014898529575,80.49762891828561,347.32060714746467,14.637516360177951,0.0,30.90214325225621,19.569427265212564,55.830182581693634,0.36367571459866777,2.071680811231628,2.9622659488339775,30.0,0.2,108.5776998911052,15.0,5.554726098519254,0.0,0.0,5.523576740103161,2.351699354858169,144.65294580346836,21.122985111750896,46.76117533810103,1733,51.11784382303976,53.589672817729024,311,16.757054567366882,0.26924535200868177,2.2094930801013435,0.5966112723292833,Fair,0
WS_004212,2023-02-13 20:45:00,5,Cu-ETP,Al-3003,476.79657875354866,483.4973187633749,nickel_plated,2.027986921827368,Laser,1464.8075913889056,0.0,0.0,59.55234028492955,58.2425724606275,798.3600790093265,4.699023770076044,0.0,38.82983036267094,27.496788649410192,61.08467659285754,0.1613604472313659,2.108030204165988,2.2092025477584687,38.4303052073018,1.0577853103136268,74.0189554391444,33.70444701851566,8.78618777306142,0.0,0.0,12.0,1.5212460834958312,204.4460486377388,5.0,49.52913209141139,1823,34.21743696068684,68.82690150568715,530,12.077128683178502,1.1570699399057423,1.6689868274674329,0.6834298153755612,Good,0
WS_004215,2023-02-13 21:30:00,3,Cu-C10100,Al-1060,109.38360868846178,255.51804758456106,tin_plated,3.932026884518652,Laser,1311.387535600631,0.0,0.0,73.83611823003697,14.028857684480478,609.3467430367133,31.960380825481316,0.0,73.10722971977046,18.822607229599846,51.67208021129759,4.556376797640154,1.8721566140679822,2.225482873350963,42.99862495629742,0.2,97.156522921916,43.25472624099489,5.129634275266555,0.0,0.0,0.21791788544731894,4.412038790294337,188.178904585238,13.231965844773,53.28704710161743,1487,37.48815760060402,50.68194499006895,445,18.287229569667197,0.7109084576037099,2.5492059878294224,0.6158507372978069,Good,0
WS_004216,2023-02-13 21:45:00,41,Cu-C10100,Al-3003,231.76666294977716,147.64002304374225,anodized,1.1131527112251332,Laser,1390.8157336885452,0.0,0.0,13.523335324608789,29.2048221450614,127.7476706773377,11.650490033522033,0.0,56.9141752140917,27.21383521998082,53.28920222708308,0.7978470114047352,2.29792059029364,3.355397614443101,30.0,0.2,106.04338128709506,37.84925079985337,4.5924992911634686,0.0,0.0,2.4070671292614767,0.9457277583602346,124.43869471356435,5.0,47.06382378060776,669,36.29518086799705,46.84380964286564,428,7.295512104216727,0.3443463748517263,2.5669417448250273,0.6275210009430955,Good,0
WS_004218,2023-02-13 22:15:00,19,Cu-C10100,Al-6061,464.31797220397954,162.6031596321826,nickel_plated,2.516752733618409,Laser,1266.0045731199002,0.0,0.0,25.23805501920782,99.25189638905128,227.69640449523055,49.76584141445041,0.0,68.24004444330596,27.624562625810473,38.00478557802693,1.0028189530883402,2.117304183840907,3.1751232378777443,44.74006562190698,0.39101217812104555,107.05136585296519,24.612178685064734,4.222168368628392,0.0,0.0,6.991057408476031,3.201594303310895,149.63808423096506,5.0,52.57971350393172,1238,39.79010706712371,58.360063457399946,437,10.638983395757958,0.5153847641345651,1.34388146353924,0.6454002375091014,Good,0
WS_004219,2023-02-13 22:30:00,7,Cu-ETP,Al-3003,438.62172898616114,199.9572779469459,nickel_plated,2.3036990552428724,Laser,1729.7659264010813,0.0,0.0,35.83917464973788,55.363546734237254,429.42021956482057,8.290432353147798,0.0,23.707315024294722,18.422716352217762,57.34855874703412,0.2994906519607397,2.181020114963889,3.279687327199757,54.24778076813661,0.5924947017375336,90.91226849959615,45.47284478337681,4.381913845474662,0.0,0.0,6.848888995863927,1.404714031691134,100.0,21.336771254179958,43.92487079816478,158,30.008054238344766,65.30001553661059,546,8.2325739800681,0.41898579379988504,2.5509076582163948,0.6892018812713815,Good,0
WS_004221,2023-02-13 23:00:00,6,Cu-101,Al-3003,137.21214989635828,380.5991602263134,anodized,2.769400418792917,Laser,2720.6937428593656,0.0,0.0,94.5499256559404,63.23134881991168,901.4785536159,27.354450554022616,0.0,39.517783558656205,21.800488266463628,48.36655899156175,0.8652179991266814,1.8400235224377397,2.6977856199851757,30.0,0.7579635019897761,90.5762262099517,26.20357963518067,3.0,0.0,0.0,1.0322333089106006,4.21532038842139,153.53026997040584,15.15883210579406,51.12907174649879,1539,23.188770654810632,53.15022923734661,542,8.225363657259322,0.3879823614020274,1.1629008654538158,0.6688031935871227,Good,0
WS_004225,2023-02-14 00:00:00,23,Cu-ETP,Al-3003,459.7812338215341,308.7262805533022,tin_plated,2.0598831305269965,Laser,720.2975333237331,0.0,0.0,81.01192131358029,88.44866931149396,449.8219870392568,29.416608743591695,0.0,26.72778306090645,19.651295468816663,33.65067077699089,0.6651679210682933,2.139895851764459,2.7155998456798,30.0,0.2,83.57604164329331,23.36419557087603,8.52661391808837,0.0,0.0,1.6347582674140249,2.6301970940397994,150.79204475296973,5.0,42.59474801882136,1191,36.18629926668548,48.62339999719569,428,10.18232919924996,0.0,1.0861374334361076,0.6267205171777006,Good,0
WS_004229,2023-02-14 01:00:00,30,Cu-ETP,Al-6061,253.57955770518905,100.68992884393629,bare,3.567008872587078,Laser,874.0652079883611,0.0,0.0,76.78383067017995,61.622739814492924,188.9226862620792,26.10044910544843,0.0,49.219481397402525,23.696330610708845,40.16315541366867,0.8471044677344878,1.861118608813817,2.219473564573462,48.26972256115937,0.8678483975059093,90.46551455175344,28.110969719014694,5.229752780670015,0.0,0.0,0.5600341568502091,3.8417125910206753,124.61358724906816,5.0,43.69466835647436,944,28.83136271677572,65.95927100430661,442,7.04331085358835,0.0,1.4626069064263805,0.6879115922517914,Good,0
WS_004232,2023-02-14 01:45:00,16,Cu-101,Al-6061,149.0332626028732,381.95876358191845,bare,4.947839574124844,Laser,1466.7204206103893,0.0,0.0,7.787693392941829,23.569207620154394,373.79289609271086,18.441901008180817,0.0,34.90937521097589,25.860918351512606,35.839017306738256,1.5649148079472017,1.7438575938360406,3.428518606399517,34.95849293689395,0.2,85.0329633586708,39.48937449593699,5.153282015805004,0.0,0.0,3.24560357198114,5.065365360180369,154.5264025476407,13.278007569502822,52.70426388560177,1361,40.152720362942354,52.50171971717667,415,18.136234741534462,0.0,1.4400752011512539,0.6146864452748176,Good,0
WS_004233,2023-02-14 02:00:00,5,Cu-ETP,Al-6061,471.1736804948086,181.9664130063999,nickel_plated,2.415176624319773,Laser,1756.0047851894276,0.0,0.0,88.71973099548208,81.57977165937943,77.0951373440036,44.93946334887306,0.0,55.891784847879464,22.424557887397242,30.981781703937152,1.101730549982638,1.7461420851268106,2.8472631783207687,56.50762818465931,1.2711771091373214,57.76698185710427,22.809893939403295,3.0,0.0,0.0,1.7538713570555586,2.166747833156495,102.92311237081428,32.76520794862562,54.14994042124883,1664,21.261459669129597,59.151420904347646,804,10.421674047998904,0.32493227333872654,1.2825657573368634,0.7000457239171767,Good,0
WS_004236,2023-02-14 02:45:00,19,Cu-110,Al-1060,246.86952577251685,490.3573351583595,nickel_plated,2.3521183797725542,Laser,733.4849988736132,0.0,0.0,5.176125865744493,52.36071189997699,474.6275959779742,39.49504332657554,0.0,33.794285336568436,22.979473335080343,64.43400420482763,1.5085754908001126,2.045427684326493,2.863312560847709,36.653240284132636,0.2,85.43415791603194,18.17350162644917,3.0,0.0,0.0,2.6352786346919084,2.4253339768028574,142.9141896846702,5.0,53.795307054131605,707,35.19485854425835,57.04022226748614,365,6.65144655430361,0.0018297865761382343,2.7036560297442036,0.6516701388963418,Good,0
WS_004238,2023-02-14 03:15:00,34,Cu-C10100,Al-1060,140.21214347673435,208.75532876740985,tin_plated,3.3220188915833604,Laser,2403.462213210976,0.0,0.0,48.75486846022283,43.00124104856833,596.9472596760686,4.082028905937283,0.0,77.71324029150725,21.74485266919049,35.899076611915476,0.18985633002204658,2.2131710283463657,3.466644995873374,73.31149775082952,0.2,93.25194213343003,25.4339062473448,6.891275274749569,0.0,0.0,2.6793479318362916,3.0823080273342587,124.18172395470984,24.87676705332693,43.718961969533794,385,38.7665508949263,55.76672362231207,297,5.1272777322699055,0.9469561881223891,1.774287122884148,0.6414533369653846,Good,0
WS_004242,2023-02-14 04:15:00,29,Cu-C10100,Al-1100,378.19538367106014,455.37268205763843,anodized,1.5326625523047925,Laser,1989.222993156279,0.0,0.0,23.511017812109607,13.104975016993954,827.9003112530552,29.937224420106634,0.0,56.64491580838592,23.216778260977904,49.797640008476726,4.568833497398562,1.9917922129373407,2.913683798318647,52.25149949844509,0.2,106.28741309659684,26.28389924886489,5.880237536617828,0.0,0.0,11.641334969415155,1.558917924838429,145.73938864693997,5.0,57.832616279750546,1191,33.63735562772794,55.91493526398683,405,12.056580455944482,0.451219491781167,2.230226838917111,0.6437252163634792,Good,0
WS_004247,2023-02-14 05:30:00,19,Cu-C10100,Al-6061,295.6786071922462,116.09790824770027,bare,1.5295513243817214,Laser,2412.5309065722463,0.0,0.0,32.5963124234614,10.340716026915707,411.2489247110532,31.74939230381617,0.0,61.86975370947806,25.568815180210027,61.91795006812636,6.140656453803801,2.0914990899087202,3.1850763903377324,84.02147193237514,0.49017927154421964,110.54363705144036,31.411333051950372,4.092588552596141,0.0,0.0,0.9775833011330457,1.3603442089934086,223.46450823406775,11.869337875569403,52.26714644422657,640,28.637231382828617,69.79435168398587,555,6.241587828003686,0.0,2.162382236184838,0.7068270549582147,Good,0
WS_004253,2023-02-14 07:00:00,39,Cu-101,Al-1060,199.41429757083716,291.9932262115967,anodized,3.7802169473489156,Laser,618.436818953501,0.0,0.0,19.372910591062105,72.73241985845624,355.3318920749521,49.37260274651562,0.0,71.93243495598475,26.28257386790523,33.60561036463782,1.357650490458013,1.8529253263072825,2.5577747788333998,49.1017972388297,0.2360567251949398,90.17567548341019,39.485945052347304,3.116014755618919,0.0,0.0,0.40521089036987074,4.076062874114231,149.1719381804274,17.8500573618971,48.36996827663309,715,40.000479299593394,57.361935960641645,505,10.05593460374969,0.0,1.295494717045955,0.64821591023685,Good,0
WS_004256,2023-02-14 07:45:00,28,Cu-ETP,Al-1100,230.88847326458156,466.39680054483097,tin_plated,0.18141951096308678,Laser,797.3598114501239,0.0,0.0,66.32271107466059,34.3333472905438,313.94281858126647,47.90068919603234,0.0,21.687862642333545,21.680914081188018,55.49746945630526,2.7903302751506143,2.016369313428278,2.6659152709424903,30.0,0.2,103.02671294873723,25.786455085171806,4.70435827934461,0.0,0.0,4.914740909572143,0.1,125.78322614734813,5.0,42.33276292607073,1350,37.423839947955955,46.23214895106225,402,15.467938221993476,0.07354898395534615,2.548512776060452,0.6072422282894839,Good,0
WS_004259,2023-02-14 08:30:00,5,Cu-C10100,Al-1100,409.94336087278236,160.66678414304812,tin_plated,0.4099447512840326,Laser,543.1412638669201,0.0,0.0,50.10192672264433,10.227645711528815,221.50911694296184,10.61619311077428,0.0,41.593179581069904,18.893965703860584,58.576609879987984,2.0759798315671976,2.0006212000071333,3.537486657940475,51.046361035374,0.2,101.56058108291168,39.69076480999064,6.387423197728033,0.0,0.0,7.669289607680308,0.4508053227211517,130.22728921356583,5.0,54.19226367496474,1618,50.262696308347515,45.65879291940216,384,16.48271774992352,0.0,3.0092848604574494,0.5834478420548775,Fair,0
WS_004265,2023-02-14 10:00:00,41,Cu-101,Al-3003,424.2882691780699,391.8747223177221,nickel_plated,3.0210438018284833,Laser,2461.9699823572773,0.0,0.0,27.58900861416669,35.38370136362775,932.2096752134222,28.21576391768325,0.0,47.93863604818937,26.60965521002828,59.82372232281424,1.5948452440132397,2.1857236135766196,3.2742555096544357,54.63107620145824,0.2,100.8183149733868,38.37558830067997,3.0,0.0,0.0,2.0342046891925785,2.891844725661845,164.60745161984295,18.3458169969289,56.070926384191885,905,42.76802073652327,56.685789604077144,344,8.971664180049235,0.5883207745838182,3.0408080107311464,0.633673905901149,Good,0
WS_004269,2023-02-14 11:00:00,25,Cu-101,Al-1100,158.4067622368433,459.31188301751797,tin_plated,2.0811243803001527,Laser,1081.5424861930642,0.0,0.0,24.77775255524883,73.91154158767691,276.47343936446566,16.94214171349318,0.0,39.18134280788499,24.088287001535818,41.25110191387469,0.45844373827315493,1.3084430904361684,3.01818499269753,48.09397277002176,0.2,88.44192063798887,24.123108676506725,3.0,0.0,0.0,8.759167585114444,2.8684239052374396,147.54330425088403,18.367457954572906,47.99858418746766,517,36.33871517616411,53.84790531204258,518,7.288651375784436,0.39397306215991096,2.421507763618037,0.6509788025195977,Good,0
WS_004274,2023-02-14 12:15:00,14,Cu-110,Al-1100,252.44020544472562,243.25874656067725,nickel_plated,2.2997640826242054,Laser,741.7437843676398,0.0,0.0,13.960825282372648,70.69190386668797,886.5842155022987,16.01599590854674,0.0,64.6902556322237,18.945330531266567,35.81560379494849,0.45312107985519773,2.1764535740231996,2.6613384680734757,30.0,1.1097328878777066,68.73515603704939,18.668618372592828,5.489954325930787,0.0,0.0,12.0,1.4504833301660578,146.73035607914747,5.0,49.44827849280867,638,21.70966238663803,84.54921259131277,710,5.0442295693298345,0.028022139587056627,1.0944740680382297,0.7666839407891647,Good,0
WS_004275,2023-02-14 12:30:00,50,Cu-101,Al-6061,387.78809252535245,177.1737745171181,bare,0.15936482353705148,Laser,1850.3626562102606,0.0,0.0,93.03754557210704,70.05935469644257,571.9789197346315,15.509662675024671,0.0,34.21199022983067,27.119448566283523,55.039064818090516,0.44275779422250977,2.2994128431711855,2.525839428463048,45.16287122639169,0.7166798858321413,84.387709061395,22.362018941477956,5.829489522864836,0.0,0.0,0.14188947167121632,0.5787153527557155,138.16752242589232,5.34653477149675,47.55088607226552,1617,37.36444824699075,54.61547715901393,476,8.902873819885455,0.6346829296104313,1.7256155490463,0.6455324654480967,Good,0
WS_004277,2023-02-14 13:00:00,20,Cu-101,Al-1100,216.11347092590415,174.82273441055213,bare,4.921248188337928,Laser,2633.9483601671077,0.0,0.0,31.648267098923014,45.840849689548165,821.1914971025344,45.65450986151687,0.0,37.28879515891846,22.2576477682396,52.942213331777225,1.9918701407459392,1.6503936469252842,3.1144238622426417,50.48617514619894,0.2,103.62842913322115,25.555314188511975,5.204808481760627,0.0,0.0,2.2648191988345987,4.705299900735376,123.32794623487862,24.593455285091995,50.80614867493816,562,34.620213413445626,52.577382248905025,429,1.7266694561409688,0.008180957206348927,2.061741762568646,0.6548756302718298,Good,0
WS_004287,2023-02-14 15:30:00,23,Cu-ETP,Al-1060,344.37861028106124,127.88309858758447,nickel_plated,2.994362117273035,Laser,2221.597337890267,0.0,0.0,99.6318768586589,59.28033275000953,505.23568148579096,32.69484739497409,0.0,25.248023338582506,27.9897597905257,34.37638657416592,1.1030588351401869,1.8654049672860151,2.791525759394703,47.22559959233642,0.6607810554841401,101.91634280183335,15.0,3.9705793560578453,0.0,0.0,4.31611052182686,2.6760349669253,203.93996726859572,5.0,48.30392204574486,1649,38.43776932117185,57.524879715629545,527,12.857484032071058,1.329012673596784,1.8301434110098793,0.6471810960805162,Good,0
WS_004289,2023-02-14 16:00:00,21,Cu-C10100,Al-1060,261.64393909718285,411.12485737756697,anodized,3.5645415941226433,Laser,1034.5609446737353,0.0,0.0,94.68070337080611,18.62213649405136,638.3196677759511,27.10197462131658,0.0,61.20236557706692,24.355743406977762,65.28257579875722,2.9107266644698915,1.5325661237677708,2.7927352347874717,51.112664830011525,0.8579836473183747,102.3894340174647,19.603931490307957,3.0,0.0,0.0,3.1605119788948492,2.446353708717851,196.8607144925016,24.60080319791473,51.014266791938574,1816,29.42470295321626,61.07297797246356,551,10.931734880440125,0.26549341703512924,2.0593106244620394,0.6747817209338426,Good,0
WS_004290,2023-02-14 16:15:00,22,Cu-110,Al-1060,188.6004203415411,198.09198329267153,anodized,2.152478810807227,Laser,2306.7617815173944,0.0,0.0,46.47842371667867,97.40242407599746,341.7325844733208,11.512204133104062,0.0,44.75384330070612,27.399125010530998,54.33390033641756,0.23638434550913756,2.3861618524955537,2.607980537423279,72.03468689383838,0.2,110.31164679237126,28.27060162909375,3.0,0.0,0.0,2.245436568852653,2.3602107792986966,126.53139432162068,19.81996129057253,59.38730840917627,1247,43.06194268335445,54.69119540497847,486,14.179493030409798,0.0,2.4297548318168807,0.627948525055396,Good,0
WS_004293,2023-02-14 17:00:00,26,Cu-ETP,Al-6061,315.3305488039648,186.89862899235217,bare,1.4019070021512707,Laser,2383.7950189719395,0.0,0.0,45.928792735375254,78.53868303664812,837.0516680220558,12.778886342992704,0.0,64.41614674892669,20.736301257265644,66.91003681472124,0.3254163642400206,2.061971049359752,2.631668528163957,60.43233131409943,0.2951170181510196,97.44046210659118,26.545725616425678,7.918616353088684,0.0,0.0,5.8499724647935345,2.092975886765785,137.90425982485726,9.221189791053131,45.16926804171613,1469,45.13060907264024,48.29255853234763,545,17.471042798651325,0.0,2.9002448316733545,0.6066106108077708,Good,0
WS_004301,2023-02-14 19:00:00,28,Cu-ETP,Al-6061,206.0493045782958,162.1604514956062,nickel_plated,3.0320568216775325,Laser,2867.0447956003904,0.0,0.0,38.144594846307065,36.47496911572456,404.45213147532013,2.8468980520369147,0.0,47.71800590266167,21.200183149719248,41.92930110181307,0.1561014647060853,1.7809509339647707,2.8989860567424564,30.0,1.076395732308897,89.7503945161757,24.08196569653231,3.0,0.0,0.0,5.180185183516111,3.0136807758586497,152.98240962757544,27.842243581261,53.66845771226113,732,20.375323447640234,73.58080301292368,608,7.397344798364443,0.046558471863495265,0.7780834444678509,0.7300523341972488,Good,0
WS_004306,2023-02-14 20:15:00,39,Cu-ETP,Al-6061,155.5839620995665,361.4260610724408,tin_plated,0.6079787638629602,Laser,2058.824248860882,0.0,0.0,61.18254819886041,16.304764570212186,640.4919805776605,4.690050411802979,0.0,35.47844160902682,25.37313794625532,34.34506370501605,0.5752981457176531,1.893095907947589,2.335731547776239,36.77931743316044,1.7230103442860452,61.943591760077155,31.892608038910588,5.539104735716187,0.0,0.0,4.892303209503307,0.6411161564546173,162.54950281083987,11.17768922808517,56.54624080526073,1618,9.789565830191158,69.27875915323507,778,3.4911500621297487,0.0,0.5559216825433466,0.7538333094379742,Good,0
WS_004308,2023-02-14 20:45:00,15,Cu-110,Al-3003,392.710438015069,174.08933233237516,anodized,1.638601840499421,Laser,2344.6117760919687,0.0,0.0,92.64285709375403,48.95022552254292,803.1055501429167,14.857202330547512,0.0,30.785555811617797,27.46886461554297,45.87340206559062,0.6070330492637,2.0651592161666064,2.5324892306156803,94.22310444976014,0.6329136242517597,103.1422456582346,28.357967454178613,6.967832587573785,0.0,0.0,4.294981927396032,2.1765895388352097,145.1589946064301,5.0,58.14200947349728,1013,28.120394661770284,60.88357455730178,527,8.691937216241882,0.0,1.092958382833638,0.6788642954534788,Good,0
WS_004309,2023-02-14 21:00:00,50,Cu-110,Al-6061,165.8936035550896,181.7785468262652,tin_plated,0.8223274557736943,Laser,2728.307432624695,0.0,0.0,87.52797912221105,56.87792173018917,552.6501700445515,24.403916652608043,0.0,64.22379809515724,25.144336561361964,66.09821551664874,0.8581156241387471,1.7941588175715364,3.7344549595252703,63.381439760028755,0.7494488274402116,98.84010191649863,30.708944514498057,3.7897459112012326,0.0,0.0,1.4632059108344597,0.4996591640971064,127.68493371364082,13.617339944763682,57.98396974347388,889,29.837663910511644,64.72276558170454,665,5.172020257874691,1.4437240136094072,2.347965761182872,0.7016862134383121,Good,0
WS_004310,2023-02-14 21:15:00,30,Cu-101,Al-3003,240.5423738619707,195.48032187959137,tin_plated,1.177928926176745,Laser,2599.8487673450018,0.0,0.0,32.39860640869311,24.656472047983172,410.02583341749653,16.265093898721908,0.0,77.30598771955786,25.072525285834175,48.54946841950698,1.3193366729083487,1.8349944853932614,2.2761750380266204,47.86439506347528,0.24520777214795353,110.07285425186909,30.34403232843377,5.547320396949114,0.0,0.0,6.114737733722008,0.5016644353981224,158.05903942535227,18.70414544524595,50.56615880222744,744,43.871331342597536,56.26493515333885,328,12.503283654837348,0.9002852894174135,2.6904969969083754,0.6232783506832974,Good,0
WS_004311,2023-02-14 21:30:00,3,Cu-101,Al-1060,205.94650312542856,190.6215394105165,anodized,0.15507101506034696,Laser,2876.9518120372736,0.0,0.0,13.215467413826747,26.308601355424198,904.5051094312547,14.029868292493926,0.0,43.08623871931657,22.21963366208585,50.13966302837394,1.066561319847686,1.8175191440890972,2.3410009991337746,74.73971704979765,0.2,121.78118911352598,50.50254726731694,3.4605849726748996,0.0,0.0,2.9311451738930714,0.1,177.0228537641396,5.66110419612968,60.0,808,33.89265442946632,53.378483178949224,459,8.558240445545527,0.0,2.3224552955081124,0.6471605254677757,Good,0
WS_004318,2023-02-14 23:15:00,47,Cu-110,Al-3003,247.95545025924994,119.53664932829757,nickel_plated,3.015547909840165,Laser,1763.8252547872416,0.0,0.0,67.07863551056442,90.47689737751212,59.437335812035634,22.69288701215031,0.0,28.426411563615048,23.94759880128685,53.532886815995624,0.50162831993376,2.617869059438202,2.4778790740587953,39.80467352412992,1.2244595173835,57.4344421075924,35.94099745359233,6.174093871857273,0.0,0.0,0.11564597672366891,3.2462522144790533,119.23330902000542,6.488639220717396,45.53078971159352,622,20.487081526681706,73.85722177941713,596,5.774327114634334,0.921595790170977,1.840240051104297,0.7328189021519143,Good,0
WS_004319,2023-02-14 23:30:00,36,Cu-110,Al-6061,359.41366361333695,451.17662559984245,tin_plated,4.9934042011835,Laser,2130.920682008832,0.0,0.0,81.04409151531965,29.74002779053131,277.6985473442839,19.7368654065997,0.0,30.14971071558449,23.32052851184762,47.895813749123135,1.3272930035985753,1.9194440976351657,3.2202966708488154,77.49842524218246,0.2,124.11538156116134,23.303438060102923,4.686977384684006,0.0,0.0,3.2360937740675633,4.320028270431855,183.16386048563248,7.6784954104782415,50.91969292750113,301,40.325581912884104,57.69222864309803,307,2.2906832443314995,0.8271349391880631,2.777169919261294,0.6499138343219639,Good,0
WS_004320,2023-02-14 23:45:00,36,Cu-C10100,Al-1060,390.15584066473303,131.93242662514936,bare,4.727897868776549,Laser,665.2577409373976,0.0,0.0,53.045078225448414,37.6156542680439,301.9854218449044,28.62738316744359,0.0,40.49415344138822,23.271147441535923,51.149794438635446,1.5220994410172348,1.661691795272541,2.5626126849079442,33.92481270516718,0.5627949731485402,97.18848447128903,22.19737212914843,4.5872772021934916,0.0,0.0,10.15177241759076,4.637943505255177,126.9656732400489,5.0,40.08732190439052,176,37.341004151180805,77.36052095499741,397,3.028819395900097,1.4583039331211278,1.6892819828983183,0.7081774264600763,Good,0
WS_004322,2023-02-15 00:15:00,3,Cu-C10100,Al-3003,453.86999398134,108.85331022324722,bare,3.997353725518763,Laser,2001.7094481572024,0.0,0.0,52.68420694172029,48.916688391396605,929.6825534477747,35.18807321376429,0.0,75.54282686046325,27.937352970126913,46.549320853707954,1.4386940069292637,2.042574507910812,2.2705761261050874,41.42293042236358,0.2,88.9149063734855,18.540019766229776,7.55086521291056,0.0,0.0,1.9172683924171383,3.700297860570141,139.76087470184993,25.259793368792074,48.06334877939734,1794,42.98487644230329,42.375101955560936,370,22.6504007852165,0.22015324328987268,2.2298085256255606,0.5736576054198331,Fair,0
WS_004324,2023-02-15 00:45:00,39,Cu-ETP,Al-1060,271.4900567005926,332.9482252633394,nickel_plated,0.41189171463967444,Laser,1078.0960889979642,0.0,0.0,41.97380650358268,74.63574838022937,324.8115000118522,4.617913241662196,0.0,72.31232715616264,27.816816942349632,52.812817017920096,0.12374534567902738,1.8881672089506663,4.022132716327773,38.31197866497578,0.608953253003168,94.84189027262589,34.19996161723577,5.039306897371982,0.0,0.0,1.3196892177960544,0.14641977163251485,121.59179491022591,15.72576829572637,47.79207643276441,1977,36.15273933281378,49.32418131568335,594,18.118022195617556,0.0,1.7816517022007239,0.6247100526732048,Good,0
WS_004326,2023-02-15 01:15:00,9,Cu-101,Al-6061,476.9203751604827,454.7729585268688,nickel_plated,1.6765089299335154,Laser,2499.0297820596243,0.0,0.0,27.617490023428665,59.74352583815642,534.4824011207911,13.550399356363318,0.0,63.78058263282114,21.18093892902335,57.728480833160724,0.4536190044447989,1.7978802600384962,2.3231830931969712,74.18843394840073,0.5166132362128175,99.06928254451859,35.75241838602188,4.782185231112172,0.0,0.0,2.637455642186832,2.060602537987262,163.57532222672432,33.38667629526068,48.47446650123951,1118,33.37282226935791,52.541760110214646,627,7.993143665197317,0.19579576662369008,2.5916165190938094,0.6581080224992547,Good,0
WS_004328,2023-02-15 01:45:00,37,Cu-ETP,Al-6061,183.20982509329954,248.634336365014,nickel_plated,3.339310459617388,Laser,2993.243776843661,0.0,0.0,68.32539253670464,87.74995522015092,571.7188075226084,20.702520996827744,0.0,75.87097565246482,24.226884933467076,68.51975327306786,0.4718525712039021,1.638002361013666,3.8106349902372783,30.0,1.0806309005465513,78.1463481753636,34.779524907642454,3.0547683639640173,0.0,0.0,1.7680493740242964,3.0407567163445224,143.24618383627904,21.563444413098157,50.771051671533776,1814,21.050718473842664,60.955795756373696,639,14.696445427603898,0.0,2.1429942030243785,0.685857576503413,Good,0
WS_004335,2023-02-15 03:30:00,2,Cu-ETP,Al-6061,254.59748914556548,222.66745212524657,anodized,3.911922183854387,Laser,2029.44935554846,0.0,0.0,68.65906181257951,90.09691159749096,281.6639309487277,3.6446101882548163,0.0,73.08756126496777,22.507613730941344,59.617663441832484,0.08090422021427675,1.9483885183615943,3.23914059918848,30.0,0.8119382544288647,90.79942004086618,37.58395238880508,3.0406699658646725,0.0,0.0,1.6867213456994474,3.752218456008449,196.15477413763927,5.0,51.26789605623591,496,34.249307325204754,69.70746108874754,606,3.0569073679440786,0.2984876763895359,1.7850390255522397,0.7075629904191665,Good,0
WS_004336,2023-02-15 03:45:00,20,Cu-101,Al-1100,184.50516677527855,484.63158841556634,tin_plated,4.877453279816615,Laser,2495.047780165404,0.0,0.0,31.451772760716082,40.36006198707618,979.0082057570229,27.461897146876655,0.0,60.65722139882819,19.29915674688443,57.182987478591734,1.360845142193801,2.058964570845653,2.6050933183194136,61.91326735220381,1.215784770183559,78.85229618333565,25.759339890584933,4.135662968118947,0.0,0.0,8.983962918276905,4.799343368728371,156.82951579674256,9.431565785184498,45.770990410920724,348,23.077291384718244,81.25576266675272,809,6.9608079099996525,0.7264653432357,0.7454381208529682,0.7594052880918883,Good,1
WS_004338,2023-02-15 04:15:00,34,Cu-110,Al-6061,490.40557023951766,495.0383098053124,bare,2.0907264380716932,Laser,846.2389603682556,0.0,0.0,98.70282469358298,33.42326863568274,132.84988087300698,1.1097831806111047,0.0,54.95503178588329,18.57277034447029,48.873317665903016,0.06640781861928957,2.059588481182698,2.0,55.85346668977609,0.6581350997984459,102.75944730246492,22.386617301728414,4.884505564439482,0.0,0.0,6.799069020734204,2.0118275475984357,174.4918411476322,29.167297092668733,52.29194214869059,1847,44.592024310710045,54.02020148340294,433,14.66570046945756,0.5165426342559054,1.5216535863900211,0.619530945528876,Good,0
WS_004339,2023-02-15 04:30:00,36,Cu-110,Al-1060,224.24038855813183,248.9867791302693,tin_plated,2.0097464997721772,Laser,2404.133294879506,0.0,0.0,42.862450750651675,30.12819263412329,686.6180292195311,1.181535019778432,0.0,65.89258913547059,21.193328318523328,32.1645578630363,0.07843384660520403,2.163810612912728,3.4457529888809337,58.27505344402104,0.7286889477298574,82.54294361036744,47.65692330504654,3.0,0.0,0.0,1.3247162478118693,1.3674088925360561,159.73933465146084,10.490405213830734,56.057142312417405,527,18.539141768632174,62.390343802412794,655,8.730818240920893,0.0,1.33335602934432,0.7054635293180237,Good,0
WS_004342,2023-02-15 05:15:00,27,Cu-ETP,Al-3003,316.60251284899516,173.15506035862109,nickel_plated,4.158798605854454,Laser,1433.2235980154792,0.0,0.0,77.26803415681186,62.88728632193879,486.2955389719868,3.4808333903600777,0.0,52.355891989651795,19.01745956679737,55.84988189203532,0.11070070260435957,2.379851895218478,3.127489426734094,30.0,0.2,116.30462202543573,27.14931102505324,3.0,0.0,0.0,0.72565233654514,4.394794677434933,128.1652659433965,5.0,46.07524354008078,1015,38.90813994542805,60.834012546921116,372,13.138803435063164,0.0,2.7511991869678964,0.6438875650084173,Good,0
WS_004349,2023-02-15 07:00:00,4,Cu-ETP,Al-1100,360.47908483813853,174.53339053776293,bare,0.3881422160526933,Laser,2553.2009678069758,0.0,0.0,68.39225113606453,70.08880848200928,433.63951580883696,41.976096286999024,0.0,73.3635246383179,19.766584036719607,67.0247966268885,1.1977974000734695,1.8611842702766268,2.7349470780099856,97.12834805787833,0.2,114.24670479141395,32.933738993906246,6.8163182121069585,0.0,0.0,11.893090087884797,0.1,219.12427969265667,14.08839150015118,48.8126853290439,317,38.5426848304909,64.0302540885406,498,5.407180850692122,0.0,3.0070893750727246,0.6753231438805675,Good,0
WS_004350,2023-02-15 07:15:00,22,Cu-101,Al-1100,442.51405121870494,245.55215745075333,anodized,2.694377774660187,Laser,2591.835835149783,0.0,0.0,57.371922622789995,36.685719126283615,376.52185624990534,18.181480766596632,0.0,29.65372136324934,23.66763889850685,67.10926650183899,0.9912020916918837,2.0946716795544105,2.761102438455627,56.799344858767945,1.2442815044192987,71.46047892872745,17.41041058666022,7.130418314325704,0.0,0.0,7.022469185280013,2.8822324476983012,199.035566654473,15.51753597940913,49.57065249421051,1475,17.994420579236174,72.36667884467249,655,4.615074447722344,0.16145802922810198,1.5996490836459536,0.7389384683200142,Good,0
WS_004352,2023-02-15 07:45:00,45,Cu-C10100,Al-1100,239.09513422372623,282.6047026887161,nickel_plated,0.24303511842289358,Laser,994.1478483902625,0.0,0.0,93.50666554292215,35.70115382235604,399.68581253722465,29.269444313652418,0.0,45.70581754391266,25.30378576846482,50.256383027012085,1.6396917847133505,1.460355907505451,2.8223295311015413,66.73835502636899,0.2,95.53662003790691,24.855009344683523,4.0015367426740776,0.0,0.0,1.649878886342787,0.9514998364765794,160.2793047599295,26.595081411267763,52.727148317688865,1472,41.29084373365423,52.61977857729808,468,15.53420092804613,0.004214481264614579,2.319492505689483,0.6216865541026774,Good,0
WS_004354,2023-02-15 08:15:00,21,Cu-ETP,Al-3003,180.6620845067569,240.76202230346433,tin_plated,1.586343373735437,Laser,2446.4145633513835,0.0,0.0,21.627844368769654,15.793156451972399,77.29077697123623,47.70860334264205,0.0,41.67859554922917,26.29341273721395,52.148537164937636,6.041680583324273,2.333525112475128,2.8902364837900447,52.5535528386522,0.2,119.3280800189115,31.21107531123464,3.0,0.0,0.0,3.5973209794609873,2.166165267392264,179.69049341416405,5.0,49.522499630493,207,33.73735299332318,52.25511612435669,303,0.687016264424869,0.5098507564205738,2.1580357494393168,0.6489436053251103,Good,0
WS_004355,2023-02-15 08:30:00,4,Cu-C10100,Al-1100,131.2968394320091,137.72506058509904,bare,3.7384320960317807,Laser,2822.712051269939,0.0,0.0,83.81243588162866,48.35012659257528,537.0755084023442,30.67269019175805,0.0,74.75230996394784,18.583858636700185,54.630866301127746,1.2687739351842027,1.9909840769101974,3.734721860318308,32.08453362031037,0.828282592181578,90.03287303448604,25.88814973822172,5.0248887956994,0.0,0.0,7.169128335425527,3.8023307459817683,134.1228632783252,14.479144972966992,52.11806675581888,496,24.68304349161633,64.8054809082103,656,8.953423500866792,0.0,1.678991152027102,0.7019348013023093,Good,0
WS_004359,2023-02-15 09:30:00,36,Cu-101,Al-6061,441.7383931130862,450.571709936974,anodized,2.621147991612882,Laser,826.0273577849875,0.0,0.0,71.00216580412265,58.274816260703496,945.5562852197012,29.488163860693835,0.0,50.17714995108486,26.134316728132177,38.335176423546145,1.0120379866586937,2.4750724362860557,4.035738937413104,67.9869015614319,0.6956788084316328,76.18231098070012,41.50604634222822,7.225154387085938,0.0,0.0,2.3945094363007806,2.3066402794878367,159.78853102915951,26.10900738806287,41.99439217882317,1093,24.994497703594092,53.809676855266076,666,7.039363616650116,0.5574402654299873,1.1792129706216217,0.678233638801555,Good,0
WS_004361,2023-02-15 10:00:00,19,Cu-110,Al-6061,308.03307328663357,480.82336731888427,nickel_plated,3.292803771755551,Laser,1649.0602592225605,0.0,0.0,10.420546449773568,60.86292459317226,152.08352882980327,33.02000537303359,0.0,75.59857032997758,23.740720353745616,39.642540745279035,1.085061409511624,2.3054395599509596,3.514949949003737,42.29191966967127,0.285022918426632,109.30553510613315,23.963852860699106,3.5884290485493864,0.0,0.0,0.9800152298026144,3.029796670570788,181.83684539507178,5.751367011255927,47.27511729985074,1018,36.321059726742995,56.32533745018075,504,9.04266806383377,0.19561406331858636,2.210937120952668,0.652976751415649,Good,0
WS_004369,2023-02-15 12:00:00,6,Cu-110,Al-6061,416.5410894609338,484.8301512148892,nickel_plated,2.405309130267649,Laser,2978.2476966966337,0.0,0.0,84.91157128395022,88.35390934615316,188.93803354911188,10.377751259202645,0.0,68.28754071881332,18.76735659751318,51.62417761032276,0.2349132332910062,1.8865118837724117,2.552900213093129,69.97343528061582,0.2,94.71722655229848,25.2974794372494,3.0,0.0,0.0,0.9496578383777838,2.7973488624919653,173.87218418137428,25.614419339307,52.57722556280063,1890,46.309600854422314,49.57680523444741,436,19.07537982468336,0.13135800215088936,2.0080194691188877,0.5977779412998705,Fair,0
WS_004374,2023-02-15 13:15:00,27,Cu-101,Al-6061,449.45352905388006,309.27120393580026,bare,0.5787445416474264,Laser,2478.996163686287,0.0,0.0,32.81540680548684,99.62198763965723,407.83898909513925,16.781398688255244,0.0,26.870396225606456,22.448024279686685,34.60153017127064,0.3369015030889617,1.9332257225843903,3.034128603001229,57.96177302442598,0.6625501348655172,96.95895429221588,30.74903676761921,4.017716438111855,0.0,0.0,3.004275134579544,0.1,185.87501423381462,16.05667144998519,42.177941882232105,382,31.66492339091835,70.94373143590582,528,0.09497943053413449,0.0,1.7703509963291089,0.7148838570711354,Good,0
WS_004377,2023-02-15 14:00:00,47,Cu-C10100,Al-1060,378.12757984975383,437.5539862662529,bare,3.442417181982017,Laser,615.1652392676477,0.0,0.0,30.936892536440922,47.708142010861394,401.12607071300977,13.054858375805134,0.0,77.01331014424653,26.73171116055797,69.57429088521566,0.5472801004421015,2.3102835999577196,2.95426857940466,64.19525393418222,0.37136288924712335,97.94375562751887,28.873804290246877,7.7321176634996736,0.0,0.0,2.387575540776501,3.97446551118444,166.24083039284,19.51944801733952,54.21658008123299,1424,42.061445259864314,47.123263719110966,427,18.030124283244987,1.069541738225453,2.870407983223298,0.5993761750435632,Fair,0
WS_004384,2023-02-15 15:45:00,30,Cu-110,Al-1100,250.37535016131733,159.65404313901513,bare,3.17365553892292,Laser,693.8975063163554,0.0,0.0,11.351011588779382,10.895581814455692,811.68196661123,31.908148325869288,0.0,76.29821387394591,25.22803752173816,40.79462951279875,5.8570802127400325,2.2286314998495067,3.720633232033233,94.19071738242388,0.2,114.2364721253009,30.913039736179694,4.95103148844157,0.0,0.0,5.473232568173521,3.8114470985705693,176.98565622842236,10.772308098547875,50.59570271441352,1188,38.17706815543803,38.846498441569146,293,13.65408353494172,0.39005721951238687,2.227334057978676,0.5837825705760834,Fair,0
WS_004391,2023-02-15 17:30:00,41,Cu-ETP,Al-1060,479.6449827552988,103.42190804726808,bare,4.762556519101942,Laser,1991.9957953336361,0.0,0.0,10.15435472074976,10.928561437316922,74.79892023877066,19.752286382999767,0.0,58.88866891708277,20.592486093036882,60.181827525319406,3.614800812768119,1.487677065631329,3.616705734091809,55.36716353253708,0.2,111.83096647259717,27.984864078013448,6.079439859150774,0.0,0.0,2.5415813760528647,4.42671306563728,166.9520061815236,19.691076636414234,47.26557805714468,403,43.09445198533311,56.50341146381004,438,6.538019078709372,0.3434484360950628,2.387773578026825,0.6435580649089453,Good,0
WS_004398,2023-02-15 19:15:00,30,Cu-110,Al-1100,284.2264030249023,112.64600450849684,bare,0.3032513281828167,Laser,1189.0089955507474,0.0,0.0,79.75996768065542,19.35092827788781,774.2009694780868,19.280023725174228,0.0,27.05207723221652,23.604468153931982,49.12497267308777,1.9926717156205263,2.1087841660974513,3.5062021399914354,47.91050647225333,0.22524298907387413,119.11682259527439,22.426240317378188,6.507346869773488,0.0,0.0,11.582813200347076,0.1623803199865011,145.6994869079201,5.0,44.37942645791392,440,33.44576830589363,55.98182808727167,340,4.593478847862564,0.3991081910292159,1.5777878162312202,0.653839811586263,Good,0
WS_004399,2023-02-15 19:30:00,24,Cu-C10100,Al-6061,295.33396520173386,409.3568898515089,tin_plated,0.5986524031016911,Laser,2589.73749444992,0.0,0.0,67.24000689260204,55.65149387689383,299.42482319767987,29.61091403550959,0.0,73.09357553878004,21.91157270745181,41.05668187217734,1.0641552264890366,2.202695657632602,2.0,30.0,0.4709987680492665,95.68906603363173,25.844531473786844,7.703384578429596,0.0,0.0,11.316534203914546,0.7527655608883812,180.56252197049903,18.581204849660857,59.64049587179693,208,26.339219724581863,69.93762186779773,503,0.0,0.21172561032481874,1.7299813251807983,0.7188685584159549,Good,0
WS_004400,2023-02-15 19:45:00,29,Cu-C10100,Al-3003,109.02787862937706,120.82095934692285,nickel_plated,0.5280630918542751,Laser,1611.4087141388586,0.0,0.0,39.20846811136153,97.1361547277011,909.9448752266845,48.56804389779203,0.0,21.661786942715423,18.722003076211493,42.535323211842666,0.9999993109453712,1.795944124285209,2.8920824997219468,30.0,0.2,102.60967079531943,45.012048780644704,3.3830915820126073,0.0,0.0,3.5306440286071146,0.2844334666251356,124.92672863887513,15.950300357845684,43.19411332897694,964,34.93513344519941,50.78972805566203,504,7.056658926759479,0.8079013254125539,1.8446507282709839,0.644940384483682,Good,0
WS_004401,2023-02-15 20:00:00,24,Cu-110,Al-1100,374.770966709721,115.26144237415087,nickel_plated,2.7821680440002323,Laser,1419.9311383851477,0.0,0.0,31.563046052991,75.62214385673195,719.1429213271416,42.78098503814207,0.0,67.65047892919583,24.207314951125916,44.42130973380748,1.1314406827500612,2.4002425753812586,3.0625988968885958,38.02360041417335,0.5763996206500488,97.15001080625595,33.77281821043234,4.972674492476751,0.0,0.0,10.53763783227133,3.065390983394429,168.47970187822224,14.083131864171419,49.70974167320125,685,30.02415609150866,67.54325095414067,434,4.156916022842928,0.29205094277879573,1.5115441639732303,0.6949610090385915,Good,0
WS_004404,2023-02-15 20:45:00,31,Cu-C10100,Al-1060,220.3676292661675,415.65758051716483,nickel_plated,2.284168253033554,Laser,1664.7629550103475,0.0,0.0,57.86667421219355,13.64918244836307,488.0594050175649,30.044152502381753,0.0,41.291285169393184,20.340804346299656,39.905269012264085,4.402337299840974,2.1328944159338805,3.087925345240598,72.65801304689063,0.6732235885788664,86.68014248130636,17.745142416278913,4.8837147092087925,0.0,0.0,5.259101635874567,2.070788527668416,163.34286396664922,34.879948086194375,52.05410139892704,1925,33.63728034713949,53.9607508863764,686,13.482200724234554,0.6527389901225702,1.657948218764222,0.6549001636706253,Good,0
WS_004406,2023-02-15 21:15:00,25,Cu-101,Al-1060,262.8694954395501,111.61551306390977,bare,3.2990781555537834,Laser,2710.191327511351,0.0,0.0,24.014637939038156,72.50740590345907,132.38659160693285,20.76963652543763,0.0,22.935132299741777,25.874613052384856,66.6496524464329,0.5728969687066624,1.8441026923390909,3.3812563058745133,59.6420102220992,1.2400325676137591,90.2149814437652,31.429029276778863,4.282874109098827,0.0,0.0,8.518898568525412,2.4986318559383127,168.57209997134527,5.216381575363347,59.3873608012875,1439,20.093052075516148,71.05005929578591,840,8.644112351522462,0.7305862571337023,2.2717094073731157,0.7372778594670859,Good,1
WS_004407,2023-02-15 21:30:00,6,Cu-101,Al-6061,192.90934591620032,116.20027459276781,anodized,1.6672798907555795,Laser,2402.9150278531797,0.0,0.0,90.6238786932867,97.16749652323894,231.0974560100544,1.6041055913933804,0.0,64.7229773786596,22.793647954361376,46.23855315448155,0.033017328814471135,1.624454361273268,3.1994787062181342,46.69169504472231,0.2,118.20827745866612,36.726211137217874,6.373333549714681,0.0,0.0,3.513499516338076,1.6519236669106183,100.0,5.0,52.15357296576243,1607,48.44253303398557,48.54191191554095,526,17.859817477496282,0.0,2.2285602770047186,0.6002704891342351,Good,0
WS_004415,2023-02-15 23:30:00,42,Cu-ETP,Al-3003,287.1209648149357,345.2208103477914,bare,3.525998537452448,Laser,2211.145518569616,0.0,0.0,63.90874387146642,11.312814183294487,686.8114055211691,27.37627896964958,0.0,21.80006631068821,18.725521827725544,68.997352981351,4.83987070344987,1.6369186083447365,2.9892519631293344,45.734490694271265,0.2,99.43421375721893,28.33797201497307,4.5172481287878,0.0,0.0,1.3635515005183891,2.8613901574728775,156.59129628238395,14.918434006353571,53.777154242431244,1313,53.38097434350033,55.24532964051259,340,11.374524337458189,0.0,3.2310755794137145,0.6093812961199635,Good,0
WS_004419,2023-02-16 00:30:00,45,Cu-C10100,Al-1100,311.0497827354832,487.6968521832152,nickel_plated,3.7751670799398296,Laser,795.3324189104815,0.0,0.0,10.90246259379923,86.14609190879014,216.5445139877594,42.80601953195826,0.0,36.226215570814425,25.81093785421625,68.55910101759746,0.9938006143628773,1.5966474893797478,3.240692656351764,30.0,0.6929761930703439,86.31634291231411,22.892550075218267,3.0,0.0,0.0,2.6881531038410222,3.3587292651977156,165.59210545961128,5.0,51.58120134535866,1256,27.314927411099077,57.039711340293664,655,10.946059264865829,0.6905496709123428,2.1122471986919162,0.6747696927791288,Good,0
WS_004424,2023-02-16 01:45:00,4,Cu-ETP,Al-6061,260.6612503057521,139.78463898087594,bare,0.469030384939936,Laser,2460.9543948046394,0.0,0.0,58.092772888230805,27.84656642682517,880.9655334208175,13.423793697562813,0.0,20.51848402022425,23.348437677624567,33.73373589124605,0.9641255939282622,2.3745982010995035,2.7491447900873904,33.36528903164953,1.2854715469004474,65.85751988287483,42.53475355642258,9.598760740823883,0.0,0.0,1.1544328489867488,0.1,167.219707473282,27.545271528992696,45.8673789914633,247,10.833677118768254,85.15549094742532,584,3.930344313815861,0.0,0.9776066253628345,0.7782021494353395,Good,0
WS_004433,2023-02-16 04:00:00,25,Cu-C10100,Al-1100,380.4564525534308,108.43226417141479,nickel_plated,0.1015046676654019,Laser,1579.926586249791,0.0,0.0,42.707818307109314,23.423598424158005,66.50716547819408,33.45009680300706,0.0,34.36526528732274,19.349924195584688,65.86105800761592,2.8561023116335695,1.663876674120429,3.3397825042909237,30.0,0.2,98.80886658633878,36.98288099784234,7.111391124925216,0.0,0.0,0.5431154751704925,0.8151132226302068,184.1012727777204,10.477057420192736,53.49542969038613,478,43.32020474753426,59.079702005902895,297,0.13224856304195232,0.0,3.1667975642798973,0.6522709818377521,Good,0
WS_004436,2023-02-16 04:45:00,48,Cu-C10100,Al-1060,218.5392307522323,241.41928902538203,nickel_plated,1.1286443936695159,Laser,2143.940628773758,0.0,0.0,30.237766259390888,29.148469715994413,77.12749779470386,24.697511510013918,0.0,68.84027583903904,21.803019097897355,59.8189870033775,1.6946009001948974,1.990455045238562,2.9395830293482605,38.05188651715666,0.2,105.1694079836275,32.26294030296044,5.962655871301777,0.0,0.0,7.120043176673345,1.3253168703049025,177.4584604277062,6.693696406242942,51.98745411888699,1356,37.791266737652236,53.08578631963551,463,11.021138558987742,0.0,2.686146689978349,0.636229597561175,Good,0
WS_004443,2023-02-16 06:30:00,39,Cu-101,Al-1060,195.00644823762406,158.22710346100047,bare,3.880693835374215,Laser,794.0973347357337,0.0,0.0,22.677916505889158,20.812890416631618,378.7842876665375,27.635042942188647,0.0,24.72556040000857,26.549322173728402,46.887247785618385,2.655569927001147,2.0013202091663493,2.4943529616591023,32.02503421999488,0.7859151884927016,101.08856101999726,36.04593569581236,3.2071237367974206,0.0,0.0,1.0011555521372526,3.6927560213804718,137.69469274532224,10.44770443049496,49.422165976826534,1273,26.919208621922717,57.78579594017194,662,6.314965453818939,0.0,1.5055838550146403,0.6863784500249686,Good,0
WS_004445,2023-02-16 07:00:00,44,Cu-ETP,Al-6061,290.3625309892803,239.47915814465466,tin_plated,3.4824186966745585,Laser,2991.606602053277,0.0,0.0,38.83934181550237,37.39069757835304,314.7394950146504,2.039247627080422,0.0,45.009350030103334,21.418526388088647,65.37385055139667,0.10907780593326097,1.532909717268154,3.152259679219859,48.230547320917815,1.6282378169626255,68.4084060619,15.0,5.526150929496049,0.0,0.0,1.238119170458383,3.717616890257468,117.07726049974028,25.653361342848676,50.07559138832375,1979,23.63567398887858,57.84381170171541,869,7.343816362165508,0.5365273400267911,1.3429813988672572,0.7033196959252436,Good,0
WS_004448,2023-02-16 07:45:00,29,Cu-101,Al-1100,386.42522136782327,298.64952562526855,anodized,2.7968778530110274,Laser,958.5546309243264,0.0,0.0,20.85358507822291,52.49756785065014,195.56994201068363,40.69220396779088,0.0,20.042300710169133,22.477465956870837,61.99394569348603,1.5502510167158892,2.0836139013003616,2.1692240850141706,34.59084718403707,0.567930278937111,77.8379992244229,29.62979011655641,6.599321171699075,0.0,0.0,3.0348002186593255,1.6374451807757688,191.09296456987494,23.33551850405842,46.73995631249972,1163,31.333758768671103,56.022710073827305,583,10.969842390817496,0.37069967877140647,2.0670702863070542,0.6613543492154454,Good,0
WS_004451,2023-02-16 08:30:00,1,Cu-ETP,Al-1060,279.41701974738373,454.6905532579957,tin_plated,2.8507081843699975,Laser,1889.6696691968216,0.0,0.0,66.76687396293397,13.846592322413073,216.68230312090355,14.560029443913757,0.0,34.9179005783142,21.75526125539239,66.04348825362575,2.1030487653407497,1.7525120181382308,2.885203483260443,64.20654186264335,0.9057333234626908,84.35677510394105,39.72342491401871,4.76810816658975,0.0,0.0,5.802549734008973,3.2036433154958113,125.00231243396792,18.27597097495346,42.9802411215401,716,24.353782438993335,67.65229098079655,466,3.5418552883655705,0.3816795300004392,1.6144470857108622,0.7070257417944826,Good,0
WS_004452,2023-02-16 08:45:00,32,Cu-ETP,Al-3003,350.4979291052132,167.78668355537582,nickel_plated,4.298143048943369,Laser,901.0924170603942,0.0,0.0,68.56505953169219,72.90595139287468,342.81365633295525,24.595438104029093,0.0,74.3376310715098,21.028290042445555,41.44856944921883,0.6747168820687766,1.999988864487812,2.853122285587183,55.92311394960461,1.038924945990771,75.66222573259127,37.74939278479817,3.0,0.0,0.0,4.751241432584067,3.758849984274635,178.2768699172891,10.684098399222744,51.07858088610108,754,17.671951915996722,73.59798728378594,753,2.6169688108794205,1.2588529658154552,1.4045196038809307,0.7527802238150708,Good,0
WS_004453,2023-02-16 09:00:00,21,Cu-101,Al-6061,158.5492266355871,289.286011967242,tin_plated,3.0875389775425655,Laser,1952.6801541195466,0.0,0.0,39.256718149494645,90.75209309958349,707.4559459060715,22.508016239491376,0.0,20.329484052173136,20.882730133844355,50.122796850678625,0.4960329942978401,2.034516575455809,3.0119553807954946,45.58078128811774,0.2,90.060018975839,21.07349259888999,6.960288410449642,0.0,0.0,6.968411542277691,3.3961929111160667,119.51980117594974,26.144582330497727,52.22122331405603,956,38.38282582296783,62.55815652222488,430,9.301187136840838,0.0,1.9578247039799541,0.6600480933562004,Good,0
WS_004454,2023-02-16 09:15:00,44,Cu-110,Al-1100,175.57192550598091,488.5184909714182,nickel_plated,4.548023957078316,Laser,2510.661333813854,0.0,0.0,41.040208504752364,81.2515568957348,658.9081838889447,37.16700849431391,0.0,79.47836489353725,18.07709225944427,54.099341973835145,0.9148626786809287,1.8820480397944457,2.586987530206833,35.136537305468224,0.4952353795270194,98.8340204881105,42.74228442520234,6.256535210811107,0.0,0.0,10.556072100562197,4.243502512508641,205.9677881328098,5.0,55.53335677788092,692,25.654871185170556,78.48776632347976,572,8.039190255882044,0.8563967865929624,2.6037981374470007,0.7307969606344981,Good,0
WS_004463,2023-02-16 11:30:00,26,Cu-ETP,Al-1100,394.2570640045461,197.34099761343947,anodized,1.2715674256344147,Laser,1964.3049935208498,0.0,0.0,87.72992125169922,15.773630262871134,891.9198094633523,11.28681295811983,0.0,35.40504204045219,20.663338459781272,63.69570186604135,1.4310989632725666,2.0781180138056206,3.0080104755664037,30.43676271595704,0.2,99.88097531383443,30.46201917143806,5.674511595969914,0.0,0.0,8.365246381081194,1.9031636158575642,142.3859426818067,5.0,55.57910988797696,1266,46.14215311016546,44.90174550715878,373,15.478797905449873,0.0,3.0687376405169338,0.5888850546965969,Fair,0
WS_004465,2023-02-16 12:00:00,34,Cu-ETP,Al-1100,425.2728589137845,494.1749537478641,tin_plated,4.0533772503655525,Laser,2424.459363926006,0.0,0.0,95.4038439416571,31.896286913465257,292.8984948970117,9.844251672111726,0.0,43.39055113327419,24.460707779196504,50.167584619749945,0.6172663105783577,1.5924480172007516,3.3497549453718447,77.8893376679653,0.6120289254908047,86.38679765589539,39.67223589243338,5.8033246846542035,0.0,0.0,0.6342618903217669,3.1506345279126964,163.4980516135094,10.564228134104992,55.038418958814866,1797,38.393071287685274,51.26157402746774,639,17.449040433730488,0.06297061385392522,2.19235915924906,0.6304473773238968,Good,0
WS_004466,2023-02-16 12:15:00,49,Cu-ETP,Al-3003,481.85506080258733,236.1802782174423,bare,4.8349224735728225,Laser,2324.557297077685,0.0,0.0,81.21606068925234,18.35612903115161,850.674110905286,7.551044836525518,0.0,65.84044352567295,19.085534958778105,33.927128804046816,0.8227273651989346,2.1261380140671915,3.294412910544926,61.77624284881015,0.45882709687232215,87.144333634131,35.83433546710447,9.164096854260327,0.0,0.0,2.9448021909581272,4.483930503978641,100.0,14.948704390548105,38.84360366526209,1742,45.893839465644746,49.15501104115584,619,15.380437647788359,0.0847831486023249,1.3584790981155417,0.616475114481486,Good,0
WS_004468,2023-02-16 12:45:00,32,Cu-110,Al-3003,463.7060173821363,462.382083899753,bare,3.952469330148761,Laser,2006.8148636431847,0.0,0.0,19.986405693439643,25.248136617766953,539.674466788808,46.67473881517723,0.0,23.880753543596253,19.34690470982834,51.33952754850661,3.697281864542234,2.047739405857678,3.872711338234208,74.6586586965008,0.3952584987991397,89.54346943104794,34.39271224980222,3.0,0.0,0.0,7.417080595957742,3.9917743616562618,121.4968918412872,19.772443553957686,48.63554719114676,1176,36.66365364181111,59.366346950725266,459,8.532041419027712,0.4522408960324963,1.9212181417454057,0.6580228092534196,Good,0
WS_004470,2023-02-16 13:15:00,3,Cu-101,Al-1060,244.05684565557522,185.94846953965384,anodized,3.4482946194258357,Laser,1542.7617906100606,0.0,0.0,10.469671456432982,87.96654640195827,769.9075914956472,20.981594972114625,0.0,69.3255440222301,22.16380677404767,34.8576262594449,0.4770357784933465,2.180526719765669,2.9090876954474227,92.83826530992346,0.27250970591891555,134.48229172914986,34.91062780783911,9.205656236531455,0.0,0.0,2.0733661688031475,4.016209722124603,144.0989672071276,10.92384745600871,49.465028641604825,784,40.12885469738972,60.14678148340824,311,7.857413808324095,0.0,1.500906140738834,0.6461743541051616,Good,0
WS_004471,2023-02-16 13:30:00,29,Cu-110,Al-6061,286.0141298922691,455.6384970864958,tin_plated,1.289389507003879,Laser,667.7186429204108,0.0,0.0,80.2989891297035,48.494712462201406,311.80500950999993,28.008665011404503,0.0,73.9075949998127,19.2659007957608,54.07290127625339,1.1551224283775476,1.9770345034616448,3.151083023360594,30.0,1.7243514488663956,55.70043184644117,34.01037636831403,5.789751621697867,0.0,0.0,0.5041458394571394,1.9930136297400567,154.0337662320529,8.722001390909202,50.24838535729451,915,22.303860044715385,86.36407636635737,656,0.0,1.050476898233344,0.8486377340254784,0.7761877341821537,Good,0
WS_004473,2023-02-16 14:00:00,10,Cu-101,Al-6061,453.5991107484747,134.67142446033228,tin_plated,4.852765034304214,Laser,795.576811527109,0.0,0.0,74.9404391411325,55.82341857299528,255.32935055535768,16.254516059516746,0.0,37.64193704186186,21.294225538523357,66.92835066562603,0.5823547348058655,1.9817759003407582,3.3487426856954756,34.75959102772056,0.5138367111962556,115.62524343776646,31.079417732150198,3.732985465133595,0.0,0.0,12.0,4.509286487207431,162.95130086258413,22.438178254387676,59.20123997394995,1052,35.22463504453724,59.640237247844055,508,9.101003970016615,0.07181340638839938,2.4892722673080114,0.6630659247756897,Good,0
WS_004483,2023-02-16 16:30:00,13,Cu-110,Al-1060,345.6734895938157,105.44175818026731,bare,2.988963009991417,Laser,508.7252646297606,0.0,0.0,35.67463640558783,11.270677013724518,679.1719695427381,46.96062503794195,0.0,50.18352742295489,18.696888837481993,52.93886879806921,8.333239428431337,2.0892234718602727,2.791984491444925,30.0,0.36288038759684493,96.85608692557227,30.673717405242225,4.175074305693231,0.0,0.0,2.096374661800557,2.6005667474308196,135.93475841303223,9.473727375974038,51.20190081309928,805,38.7752809213378,62.84987400588677,560,9.193282862668157,0.6564561261927675,1.915595276661316,0.6690576915985407,Good,0
WS_004490,2023-02-16 18:15:00,38,Cu-101,Al-1100,245.329790227604,231.3234841431648,tin_plated,3.542235872437168,Laser,740.6763572969489,0.0,0.0,76.18426757161716,95.11996718259144,939.2787877892998,5.757787376394062,0.0,23.40112481725204,21.636695571807977,64.77082415981329,0.12106369560328938,2.0489859592568864,2.9207287273789473,34.74939972701419,0.3713867445155219,93.58453440474574,22.668876453814473,3.0,0.0,0.0,6.451471822763992,2.441118185096388,164.58504506534774,19.647093936603024,45.44678738045263,1454,37.31456842698268,58.95421789662214,353,11.86451564485237,0.2708799243140932,2.5321555411491294,0.6427010586003165,Good,0
WS_004491,2023-02-16 18:30:00,20,Cu-C10100,Al-3003,300.5403974534984,448.0191986425568,nickel_plated,3.348679892354614,Laser,2107.657606002289,0.0,0.0,35.12572771315173,15.25678642815108,163.511503446167,42.550551871527446,0.0,74.18058243566463,23.999446347982857,35.38917669036636,5.577918006771759,1.6625764380195343,2.9001744974929538,37.768378558196304,0.3373404727814549,101.11020875108856,28.31287894158343,5.927690502700031,0.0,0.0,1.2415931557172566,3.502930472013122,127.79733917967235,12.444642682237532,43.164688979521955,639,27.679253987141422,57.472175398862916,559,7.495065938523224,0.15895116579618468,1.9101844457415451,0.6753749755483808,Good,0
WS_004498,2023-02-16 20:15:00,46,Cu-ETP,Al-6061,271.07671521338443,278.11790895008414,bare,3.735636856040036,Laser,2724.26112947128,0.0,0.0,76.55926223557562,84.61054518754415,467.8477443848194,40.039983250207335,0.0,41.795930346919775,27.0217043347239,58.53906050890578,0.9464537348496315,1.8338681094033467,3.7100193593381583,56.21110504930662,0.2,86.97735314923983,36.329909188887896,7.11084088506644,0.0,0.0,3.1811475563455245,3.2985742030473926,177.2314493876908,9.543383452420255,45.227755123869755,776,37.00615032229853,62.817287436441575,288,8.562930003137321,0.0054066653537288845,2.8761993629054716,0.6546784993517737,Good,0
WS_004502,2023-02-16 21:15:00,36,Cu-101,Al-1060,394.40694734613436,460.88811461614966,nickel_plated,0.13192994689018886,Laser,1732.703119561665,0.0,0.0,37.428467733397454,79.12447518422859,923.531055467091,9.904745999701657,0.0,31.6029590646329,22.765951187385006,34.08495825633886,0.2503585894665349,1.5159985927375352,2.778662314033257,52.92525662398366,0.3264559266639828,86.69635328118707,31.049181516424127,3.7811792201134526,0.0,0.0,10.087668038395108,0.1,129.9994433509583,18.16271204611904,53.36277196701018,642,44.93597381494877,60.20146585427386,553,7.147594909585452,0.16463397865443463,2.132824104259117,0.6565646301244554,Good,0
WS_004504,2023-02-16 21:45:00,4,Cu-101,Al-3003,471.60835428672044,309.644616490782,nickel_plated,3.9901315606501853,Laser,1923.1899679559929,0.0,0.0,90.6063556205059,83.19080535017875,897.7514033140798,39.21363773727517,0.0,37.62027831453005,19.159396701214572,40.297881820658006,0.9427397071638257,1.5695715744056167,3.1350750730864614,47.586867043084006,0.6094253173248232,100.50890251112193,22.666711724148975,4.873215842434067,0.0,0.0,0.5568203176898301,4.661160528646521,163.68784679131838,5.0,42.818618271769964,701,36.27486738270745,67.26746157372293,466,1.651720180969665,0.0,1.5661050383240651,0.6917260441875946,Good,0
WS_004507,2023-02-16 22:30:00,43,Cu-101,Al-1100,135.40892608589138,454.11313163876014,tin_plated,3.2587458323711114,Laser,1306.762972587995,0.0,0.0,25.200822428802724,78.4930028251062,95.20543235594718,19.76034266265601,0.0,68.82155820140399,27.15027206422605,39.53402361271858,0.5034931000584835,2.0437037124400876,3.342640985722747,30.0,0.7811169213477382,88.64742523284222,32.502863931595954,4.952024736663264,0.0,0.0,3.942489332291534,3.5043560576902792,131.00808738153884,9.868839899836908,41.97843183671395,1560,29.68209300045236,51.120902201151395,614,7.941801033188945,1.0521592010914929,1.6286155141010212,0.659321572398304,Good,0
WS_004511,2023-02-16 23:30:00,2,Cu-101,Al-3003,317.81251716180327,473.66213751720255,tin_plated,4.905639353603468,Laser,613.063232694223,0.0,0.0,25.11315737383701,14.906934005633431,937.6482357923056,40.291462092980176,0.0,36.159279212786245,23.52205409679204,49.889398928476936,5.405734281476494,2.173647880800228,3.4452851901282293,34.17345487144233,1.3100530411582105,69.36856525726802,32.88207665908803,6.398929148374935,0.0,0.0,1.4484401161824048,4.734280998859284,140.38482826110354,5.0,51.134906365954286,1825,16.43709356058146,64.52417502793148,675,7.165853312834187,0.7708768458683025,1.3927411289018932,0.7182188222673923,Good,0
WS_004529,2023-02-17 04:00:00,47,Cu-ETP,Al-1060,495.5502848550173,430.54368407000163,tin_plated,4.006122083904331,Laser,2349.0454157174363,0.0,0.0,57.94507102166521,13.727848877983021,406.93133713474236,41.1972049372725,0.0,77.8921284580185,26.731290861226327,37.074032081974636,6.001989867960353,1.5720375230128558,2.152281044802586,30.0,0.5512962555523053,92.18954670076214,38.06452992893438,6.57810514333584,0.0,0.0,2.75567690829295,4.4067505254018435,141.9828054827515,5.0,49.01728707183735,1108,41.602144125126486,65.0547591489237,644,13.440325438815009,0.4487700069290024,1.5692897753764157,0.6679664048201747,Good,0
WS_004530,2023-02-17 04:15:00,39,Cu-101,Al-6061,479.6277574581685,280.85562204897894,bare,4.844764110537299,Laser,2012.9585569172932,0.0,0.0,42.10571950722755,72.36465885119165,968.4753922985468,29.32949411592364,0.0,30.98418323175036,18.062503294844273,32.497818171580136,0.8106027052856247,2.090130697040381,2.9735143587303603,46.70568590387381,0.5265399145232416,98.50908071833095,39.46445415772168,8.804649797181774,0.0,0.0,0.4738532788769529,4.728581354212368,115.47760116621092,28.34567418440872,50.38314213475837,510,34.408276447601835,63.41607692807993,622,4.695786985907908,0.1824074145689876,1.744544630367558,0.6895898437168864,Good,0
WS_004542,2023-02-17 07:15:00,42,Cu-ETP,Al-3003,238.37980714528118,339.2775514071574,anodized,3.2134578316476503,Laser,2577.5618397640733,0.0,0.0,78.62429143670107,29.825215101723245,112.13716854886515,33.195883867661976,0.0,20.216279549437417,18.111603054813436,65.7578174295933,2.226028127840324,1.5354929928210281,2.661454144035249,36.158076247657384,0.3763206486964814,105.32660466281361,19.853047676358074,9.955690398270908,0.0,0.0,3.5512600982094975,3.557558866595448,171.2077955669199,31.995024504584272,46.45447902434803,1542,38.57072249568865,64.27490719780683,450,13.981156134747984,0.2438286869036353,2.451341565891639,0.6566165164983316,Good,0
WS_004544,2023-02-17 07:45:00,7,Cu-ETP,Al-1100,287.62413608846146,213.95545556122443,anodized,2.202847272304299,Laser,2040.9114120187555,0.0,0.0,88.17473470594449,69.19321731014972,350.22832377144175,34.91625129235405,0.0,77.39186797790764,23.269483732651988,47.334046974914585,1.0092391320914138,1.427923240720089,2.9243766016491812,45.22599772984218,0.2,88.97938587327289,40.647919188223256,4.3601239247135695,0.0,0.0,0.22408153316689522,2.321555758738682,176.56231170924076,5.0,52.87271145520651,880,31.71223430451456,58.68072753301747,401,11.846366494673962,0.48852799631119537,2.6189601271368623,0.6536548635315914,Good,0
WS_004547,2023-02-17 08:30:00,24,Cu-110,Al-3003,158.25149541018058,309.95088720223293,nickel_plated,0.8966729276392564,Laser,1156.8994442876128,0.0,0.0,66.72660198419078,31.290463175758184,955.8053582584654,49.09046553448919,0.0,56.89219189392917,20.787321797556753,49.020938003839404,3.1377269974399926,2.0527951187621967,3.129477818759055,55.66902280063182,0.38391514124117987,97.96469690525124,39.21363047754682,3.0,0.0,0.0,12.0,0.8738612329250307,139.6122896912574,14.619525785030024,49.474209500191556,262,23.156498889666526,56.620817340311696,355,0.5042154042865494,0.0,2.173261672817712,0.6795385577999088,Good,0
WS_004553,2023-02-17 10:00:00,41,Cu-C10100,Al-1100,393.3446058928374,404.32301657243084,tin_plated,2.3953067084267285,Laser,2022.2222135179484,0.0,0.0,17.32706952744038,59.18230593286881,410.6770150986468,34.87843754064586,0.0,71.05422991968217,20.004772710015043,43.80494207289594,1.1786778832243843,1.7742791583831892,3.0578194984149247,84.964454204904,0.916043767736243,68.14154791697301,36.586612996421074,6.131014339673618,0.0,0.0,1.1636054649050862,2.2661377479833043,152.38848982124813,19.9451096332319,48.86950061556263,343,27.376697291264072,75.44658579784087,752,7.780574609982466,0.35989319719590523,1.5366532423761576,0.7330961744973222,Good,0
WS_004554,2023-02-17 10:15:00,7,Cu-101,Al-6061,354.99952117366524,440.3121530522728,anodized,4.588187317781822,Laser,1118.7135370176939,0.0,0.0,44.26770193860226,93.17030350620705,242.4705521346753,21.551662173776823,0.0,59.61829364595988,24.709113342740096,48.976941562081095,0.46262942939412105,2.266641410905014,3.768868763349933,46.93441687854507,0.8490110209910109,78.41234408074794,43.560951622002776,7.382984226238353,0.0,0.0,1.1801327427909718,4.6241814214282355,152.940537767094,21.249500183968586,51.15202690996917,843,34.43376462827186,63.734166934825005,599,0.0,1.2957621811709936,1.5126187059811078,0.697618103727988,Good,0
WS_004556,2023-02-17 10:45:00,4,Cu-ETP,Al-1100,430.69105935851286,262.8367824632079,tin_plated,1.1295766625385573,Laser,977.253241699186,0.0,0.0,57.10455997643309,39.00909348884825,192.20798185858024,1.8094609683981306,0.0,71.29485080668152,25.585337554774302,50.32285504203193,0.09277123904022079,2.197280878608686,3.2269726881484773,61.20544806564819,0.3947915303873758,105.14600081657656,25.745817232804264,8.262833738320158,0.0,0.0,3.857945795080527,1.23257135679884,142.26525047875685,18.714479788250244,47.73584933134702,1280,43.086526103524804,54.91926948312302,469,10.621036178649211,0.0,1.646188346107416,0.6340206083842197,Good,0
WS_004557,2023-02-17 11:00:00,3,Cu-C10100,Al-1060,142.76794575192855,299.4276867854221,bare,1.4920412955621551,Laser,2746.947638125584,0.0,0.0,91.58773226116558,22.22189707151124,160.28552317571308,34.7231148156546,0.0,21.16400177129615,23.995374110403013,66.41281753895271,3.1251260595721218,2.165854522550506,2.748918204350324,44.79489151130402,1.1469793898846175,67.51282299478692,31.2403801064072,3.261754859295382,0.0,0.0,12.0,1.241572877738972,127.07142370297424,5.0,49.2038776746204,1257,24.526954036555512,70.4599782591102,489,4.213214699647699,0.17065130907742357,1.744069785911456,0.7140597370311027,Good,0
WS_004559,2023-02-17 11:30:00,26,Cu-110,Al-6061,378.8364553043034,363.79606843506076,nickel_plated,2.1930052330388943,Laser,2678.0693566524333,0.0,0.0,27.141867844415888,78.24050447964314,497.66675895394775,21.296397420828452,0.0,40.02313145419203,25.773236830635568,34.79273375607343,0.5443829270392656,2.1590295202645384,2.091165239978735,52.018363932212104,0.20011081441324824,97.85220359251512,27.601917413364028,3.0,0.0,0.0,2.5112721071463695,2.529318274770564,100.0,28.527977336019966,48.98659519107626,670,38.38821236882996,53.70293258315818,397,7.07009869391797,0.19913871715971104,1.6972089618641253,0.639885244520221,Good,0
WS_004562,2023-02-17 12:15:00,5,Cu-110,Al-3003,128.9086836045406,124.7884027917641,nickel_plated,1.9543466314374032,Laser,1521.241872970056,0.0,0.0,85.59090515505758,27.631117423579656,675.4866779099508,12.892315673595785,0.0,36.87612919743643,24.57720564757094,59.46204781564151,0.9331736734319567,1.87545178463607,2.417656023630762,60.33381322562368,0.9819884348325816,76.38968287784417,15.315779991239177,3.0,0.0,0.0,1.9788692333466902,2.5519948849406395,156.62445639988886,14.691782053448062,58.79510681791666,387,20.85316838641039,70.35160450171539,760,1.0985546454230306,0.0,2.0010773789269813,0.7432061353811713,Good,0
WS_004565,2023-02-17 13:00:00,44,Cu-ETP,Al-3003,251.66434559197737,280.4861253113585,anodized,3.6193859287333905,Laser,633.3693110402285,0.0,0.0,82.36897792405182,71.19614930005011,307.84524023810934,12.653106420296844,0.0,54.9614919078745,27.311361027591026,56.36881057104315,0.35544356105472513,2.1882999399219982,3.648370046868335,56.35398106010811,0.2,101.33743882611614,38.490040324260974,5.5877820795895365,0.0,0.0,0.1274084177273351,3.3398844157771634,160.61430457617712,5.0,48.2373913520231,1580,51.578930882733175,48.254596506341244,526,14.12796351539306,0.0,1.7839724360678098,0.601844830017058,Good,0
WS_004567,2023-02-17 13:30:00,1,Cu-110,Al-3003,348.33305310967717,494.0135380023839,tin_plated,3.966153130968669,Laser,2490.797390926664,0.0,0.0,86.08188932544111,49.64312324595587,831.4339867125989,44.323109239936564,0.0,79.54372213071595,25.87970780980652,67.27877121142825,1.7856696493626558,1.8706773137248374,3.2110799918876705,54.78994911623911,0.519583875384781,90.82258090542761,30.589534614805743,6.041100927765371,0.0,0.0,2.2555677598268424,3.8023648039567495,147.7945364056999,5.0,47.182158909756524,743,28.136139887120176,65.07670754042331,553,2.2986044322648604,0.07488870840875407,2.25817483935519,0.703044342376548,Good,0
WS_004572,2023-02-17 14:45:00,44,Cu-110,Al-1060,140.95778511727062,476.5644725674005,nickel_plated,4.315731402768108,Laser,1533.338617124014,0.0,0.0,66.19842293464305,10.96006696257439,188.7505048557228,27.69363847169908,0.0,71.61973349270389,21.351999651704517,35.684645036815084,5.053552786906363,1.6707898161988874,3.1337667517253265,67.10713642168925,0.3072507870427406,100.1528854916774,45.37405078010462,5.48719040179271,0.0,0.0,1.2857479705138954,4.215596831151097,155.40389224946935,5.0,54.402394483651264,1894,41.13288565059689,50.867246588832764,342,18.633984339668444,0.11126415964561277,1.5416690832176407,0.6033300673593082,Good,0
WS_004574,2023-02-17 15:15:00,19,Cu-101,Al-3003,120.53374852947103,440.94218415499404,anodized,0.11699545029312731,Laser,1360.2055048086452,0.0,0.0,77.19421915617426,64.87449423969709,116.09270096652531,36.10432093423195,0.0,31.271239289194625,24.730133045103212,37.34518910705294,1.1130513264838526,2.075303050146101,3.0286452307257763,61.284540929100004,0.2,105.00926544032454,15.0,3.0,0.0,0.0,1.4639286600578816,0.7459093110038896,170.3089605102577,8.681885904554456,58.38296101231871,574,40.091802226658494,60.13829459568518,449,4.731163953874982,0.0,2.0512715703008415,0.6612704340690428,Good,0
WS_004584,2023-02-17 17:45:00,50,Cu-ETP,Al-1100,153.57648776000013,267.5763368320511,nickel_plated,1.695511084924566,Laser,1580.0138682906768,0.0,0.0,78.2625686858558,95.99161492319281,130.8936788083571,4.827411398993718,0.0,50.5395769779886,20.086571077718734,44.756843892710336,0.10057985591463058,2.4083210679532847,2.5823059782959192,57.618267415203924,0.43321679762695847,88.85027408964238,32.14919082031867,7.479538509102921,0.0,0.0,1.930322273270031,1.0135068598911974,164.61259993508816,12.930798644694423,43.54537960448448,570,35.73627607071463,57.672197067514986,431,1.4793869676637623,0.7850624238995902,1.8492257697979504,0.6665355613316792,Good,0
WS_004585,2023-02-17 18:00:00,2,Cu-ETP,Al-6061,477.5155556831832,411.73450612779476,nickel_plated,1.2941873117778107,Laser,1846.5384845279425,0.0,0.0,75.50647340237667,10.153344523695056,938.7759566007729,4.008852058329201,0.0,43.245878080681194,24.38603240120215,32.19498924874791,0.7896613867427951,2.1651714323937252,2.943894454680272,30.0,0.35585408558835613,86.49052047812357,15.0,3.84692933543893,0.0,0.0,1.0325710879459318,1.2550270588864882,216.44639543631914,6.399604284790346,52.41487566688715,1218,36.867357936440555,59.99862313385759,576,8.906894305408198,0.3661704370148071,1.4664510937269446,0.6663950941073428,Good,0
WS_004587,2023-02-17 18:30:00,27,Cu-101,Al-3003,172.26196083646812,493.01950461583976,anodized,2.2897813842772234,Laser,2199.6576868264347,0.0,0.0,98.75775724875308,75.37079753635028,397.50289257524895,30.806752362237862,0.0,39.22643738833372,24.24033308932908,61.52593655777757,0.8174718423904217,2.1310457394560154,2.7702113571836557,65.39350621555046,1.2463299197205302,85.58502175099517,28.180412980217987,8.263277092734864,0.0,0.0,4.113822928720347,2.0620412031792847,180.5443678986609,25.27553989434276,45.681077997259735,1703,15.798654220234411,67.08333543994235,870,10.976640126954482,0.06377985284748086,1.539458996622611,0.7314291570314646,Good,0
WS_004589,2023-02-17 19:00:00,8,Cu-110,Al-1060,242.2487997030262,336.39467398725395,bare,2.509029708958844,Laser,1315.835170455261,0.0,0.0,66.85484859489594,50.74960490677359,70.0654333673455,38.335685127330684,0.0,24.90911266247506,26.08364278902122,41.400479968873654,1.510777677885488,1.9437222436974444,2.79307349354809,91.4154793189599,0.2,105.59828103019369,32.79525787215961,3.0,0.0,0.0,6.147457739153726,2.0718585376793572,176.51640860771295,20.182564402699434,55.30033255802758,1773,46.3566734689594,43.16796745349627,320,23.373296619256095,0.1669295887964648,2.041795289822684,0.5658933106025297,Fair,0
WS_004595,2023-02-17 20:30:00,30,Cu-C10100,Al-1100,205.16969905285882,293.8965429598768,anodized,4.3239512840381975,Laser,882.2133246607823,0.0,0.0,84.21723604781162,88.27577485654707,628.0234397011568,49.557521168464184,0.0,57.72546368957241,24.271086749766923,58.99247194379908,1.122788698235679,1.711651218903206,3.4786256477213215,30.0,0.46643723353030386,91.60712254580318,28.428015638514573,5.174670606374378,0.0,0.0,3.1441508434189815,3.851532775646344,104.05168738743669,7.914469719400071,40.98556669978852,1438,40.26596837357897,48.2609010210049,586,11.167131746968707,0.3656814135884602,2.638444118993865,0.6283815946332441,Good,0
WS_004598,2023-02-17 21:15:00,7,Cu-101,Al-3003,237.24620656680378,495.6826103192372,nickel_plated,3.0930288151032403,Laser,2328.4148364020393,0.0,0.0,18.767043596838306,28.6286700957654,220.99653018757556,21.190985161419484,0.0,54.91481891642147,24.32630420392364,53.949324494014796,1.480403042861145,2.4847313147664902,2.858693224609511,42.069078970318856,0.5933380519891428,110.26242672885036,32.22937719421328,3.0,0.0,0.0,0.43210964815793096,3.138827707903836,136.45362514329292,17.91856776156255,50.60457687858902,1900,43.14881882541299,48.06367797506915,455,16.374702265418385,0.13187815095854788,1.3632780076217883,0.6050667332852272,Good,0
WS_004599,2023-02-17 21:30:00,39,Cu-110,Al-6061,196.76230903670313,258.61569102579364,bare,3.6223147662077673,Laser,1051.5241066037943,0.0,0.0,57.130962103247036,71.53705569590569,348.3537329654548,27.981164654022372,0.0,77.99092219932832,22.024773130892854,48.02298777998823,0.7822844924724468,1.9896198274267944,3.642959374214098,68.98878787236849,1.2716799555867422,70.98016344496314,31.661677230611254,4.220859817702484,0.0,0.0,4.430737385112369,3.7466717277512163,170.9538091756685,14.288708420452565,42.14997377995786,326,15.197710860698368,84.35573119969187,864,3.162234823298565,0.1900649797842986,1.123577596785994,0.7897635714144973,Good,1
WS_004601,2023-02-17 22:00:00,9,Cu-101,Al-3003,107.66916429995929,162.3705008695326,nickel_plated,0.26583741708171393,Laser,2222.542420957209,0.0,0.0,56.51295259409032,52.95114620505903,781.8681180028042,3.8924982650450133,0.0,24.143550737876915,24.554946499121677,40.628344827704964,0.14702224763826238,2.262627051233128,3.018664484082448,93.66635055172355,0.8006034253169751,82.40883674741559,25.040733293493282,6.349735247407306,0.0,0.0,2.1562961262389493,0.5782399555182571,234.46127198140914,5.0,45.500595777352125,349,31.72545734946758,77.0193299787441,609,3.298424839316248,0.3981876277811452,1.5535723494636724,0.7293755923489409,Good,0
WS_004602,2023-02-17 22:15:00,4,Cu-101,Al-1060,408.99913843852556,201.4199103727637,bare,4.071906488297347,Laser,2877.657574307245,0.0,0.0,77.92410916754093,36.203998896611026,259.6822022577992,3.68381228100635,0.0,35.8736711295216,26.664035167932603,69.43057512442269,0.20350306006396343,1.8933438883077736,2.915574463646926,30.0,0.34606064089171545,101.48012989278043,30.986957232211022,3.0,0.0,0.0,5.991604870934228,3.958272404729276,136.60296013012209,5.0,43.0399096311632,453,33.08796408538081,51.034316710436,342,9.867803841611675,0.10996602816738107,3.370844318704131,0.6322517134449969,Good,0
WS_004604,2023-02-17 22:45:00,4,Cu-ETP,Al-1100,117.5618454522549,208.69540659379265,anodized,3.636916712331667,Laser,1806.6483074909372,0.0,0.0,52.22131995020751,42.786312167383464,198.98479247271055,49.81032008142881,0.0,38.37130530920706,22.634404406067762,51.09531310475141,2.3283296717215016,2.326912793662955,3.464829084237585,30.0,0.45885165669217687,94.18931718152359,27.664902961259006,3.8179641531738047,0.0,0.0,9.282594653980123,2.9656002427299013,183.56686638435477,7.484203739511359,42.80221112292928,1833,46.45782875955309,51.67410247962802,364,15.912530792219778,0.0,2.844663405367384,0.603929184490995,Good,0
WS_004605,2023-02-17 23:00:00,1,Cu-110,Al-3003,361.4794771620317,407.17502064720446,tin_plated,0.503344961607911,Laser,1275.4659430826644,0.0,0.0,91.85761734241404,52.00392725067034,705.0154256268967,28.732374367598858,0.0,70.08258256896045,24.588638310786095,31.385176502259583,1.105007867159821,2.175879971401518,3.54121192811313,30.0,0.9355228533130211,84.30328034787156,25.686741843478117,6.51626640752739,0.0,0.0,5.140001888727101,0.1,143.75303638136256,5.155779078249843,48.813893234146995,1782,35.31489234090334,61.91959812821557,604,11.581569281233905,0.7196762121005332,1.3066429643981397,0.6703778810735369,Good,0
WS_004607,2023-02-17 23:30:00,3,Cu-C10100,Al-1060,425.53165263713726,411.5570580410287,anodized,0.40882774217453743,Laser,784.156751491747,0.0,0.0,47.296241352342264,73.09862284944151,252.07659459234915,41.273647368361694,0.0,34.767672899557894,25.7505062023219,64.1574084574444,1.1292592325130797,1.88184435664531,3.100326658737369,41.36127569698505,0.2,109.02717187515705,43.835647033140326,6.722950027780716,0.0,0.0,1.089979497788526,0.1,190.7991962871931,5.0,49.16916246441277,1462,45.84882639947856,52.83718768192392,528,20.848925516339943,0.0,2.5141528150756054,0.6094279942624546,Good,0
WS_004614,2023-02-18 01:15:00,46,Cu-101,Al-1060,141.7485832331316,379.1218793977634,nickel_plated,4.032463487985128,Laser,864.845731707927,0.0,0.0,13.494021319456223,81.55528661158347,796.9812533074826,44.357147627483734,0.0,38.768650050598296,21.320710431875003,57.09077709502091,1.0877810494061484,2.0982610122529612,2.583662227336188,56.950816300034035,0.2,108.24674857394207,27.158889654161786,10.092708153209543,0.0,0.0,1.3699635811187507,4.295983175212119,147.17160831434782,9.566066817492084,47.17378926376765,515,44.06304944934375,54.16729931926636,356,9.481181800396147,0.35040031499601854,2.621384659860754,0.6252797915817409,Good,0
WS_004623,2023-02-18 03:30:00,47,Cu-101,Al-1060,255.86296891524617,247.7320675278579,tin_plated,4.775770430259639,Laser,2169.7715106273254,0.0,0.0,77.4850236031337,64.22706790185512,584.9847373699964,24.445028861340468,0.0,72.94936282082128,19.90925672957785,36.88949153748775,0.7612064402097485,2.228057776260177,3.6310655497496325,69.94369252151941,0.2703449528443944,88.64239001002903,33.634593854173296,4.63767679771947,0.0,0.0,0.3306320358422111,4.7382511956796485,141.88232412981418,10.791221451651808,48.47983545061663,1491,48.76008799381394,54.3270719409621,409,17.126557642570276,0.46317760859499046,1.8239636675687332,0.6078319189485317,Good,0
WS_004633,2023-02-18 06:00:00,38,Cu-110,Al-3003,142.28982417245396,176.29930548232113,bare,2.143015879728191,Laser,1269.628384534424,0.0,0.0,91.22315124737447,64.45751139902318,94.54869835324439,35.83829239621905,0.0,67.57193386864678,22.997481876071035,40.49127867446977,1.111997395442796,2.1235739731372885,3.0587635848602313,30.658168258691788,0.2,85.57296409284314,32.55201603388121,6.887903289093514,0.0,0.0,4.306880860043995,2.149278990751507,182.40981231780216,5.0,39.07625473007369,306,38.63191509229808,63.215254371647006,350,0.14664578417328888,0.5485230179017814,1.7828295601076536,0.6731486357786788,Good,0
WS_004637,2023-02-18 07:00:00,47,Cu-ETP,Al-3003,474.54102312999413,209.281402420093,tin_plated,1.1293672882713826,Laser,2744.6417606057116,0.0,0.0,45.80315763137199,16.263454189008755,240.6090852956309,23.329160400864993,0.0,67.31769157949246,24.58707744091246,41.353711250595566,2.868905969142941,2.264498586521225,2.227651893469761,78.26604313401542,0.3275329576459985,94.81917006878014,35.393687738888296,3.0,0.0,0.0,7.799726755716367,2.12094119576905,124.56474004207938,26.240792511657467,47.92204986145907,275,35.18841606390155,66.61347057760209,379,2.970333644364451,0.1826194154489002,2.0697557228172254,0.6834483434316362,Good,0
WS_004648,2023-02-18 09:45:00,47,Cu-101,Al-1100,312.3002409552569,345.9640343207763,nickel_plated,3.047315469577213,Laser,1257.8410077755561,0.0,0.0,16.73293020226528,55.41188823722333,795.9700255501932,25.413936986392446,0.0,22.57700986100715,20.789028193024485,41.493807184325334,0.9172738123484647,1.9980992791384047,3.047458449852468,72.86934102958787,0.5029341535916954,91.51700883477449,42.59540754298072,4.81390314567458,0.0,0.0,2.3939297016893955,3.200383848530776,174.142556144841,5.0,53.7642380940498,123,31.136351394847924,70.03285922199368,486,0.0,0.0,1.9399174733908542,0.7107776209627122,Good,0
WS_004649,2023-02-18 10:00:00,27,Cu-101,Al-1100,335.9337577759022,428.9454055249722,anodized,3.8991120066717864,Laser,706.7990026186661,0.0,0.0,58.199326381733854,89.87679274388793,862.5060436884884,20.69262142870075,0.0,20.837331891393422,19.149366243109874,58.316898403651244,0.4604663962067772,2.2480907506157073,2.5979561478365265,47.425397524048805,0.2,79.63690257175566,27.84083464738923,3.9322179336485936,0.0,0.0,7.986054874972299,3.6563246534248774,150.2814756055374,9.374373537255043,46.00006742002572,1601,43.93826701181356,40.55328627477623,419,21.03880417012417,0.0,2.806323272713857,0.5739613906835707,Fair,0
WS_004653,2023-02-18 11:00:00,32,Cu-110,Al-3003,199.71814000184452,248.44466551063525,nickel_plated,4.806902210495278,Laser,1584.0652088565782,0.0,0.0,42.443110390232526,99.72656615901157,318.1581966646107,24.150144097960116,0.0,79.40279242108491,26.50198148720468,69.99075859489443,0.4843271964153123,1.8872375458834358,2.7341262316075605,91.87929530194327,0.5442076174982287,82.1527318433391,27.015336288154632,3.0,0.0,0.0,0.4475506632717253,4.512472490991787,114.25967940766542,34.06403647001888,41.86534801614851,780,30.207719164114785,58.51157844190391,436,3.9337736443527667,0.0,2.6831869073850507,0.6726582084420928,Good,0
WS_004654,2023-02-18 11:15:00,48,Cu-101,Al-1100,189.9547120902127,378.9996144148378,bare,0.9086829195484087,Laser,2191.1580197602184,0.0,0.0,92.2366499695773,21.410290601562803,748.2935161058057,44.140237989321825,0.0,43.87977173927034,25.451619374905867,40.44206155333633,4.12327313166874,1.9624586956048546,3.504281569656244,43.92090262443813,0.956665267959447,79.98034901352463,37.710094238387235,3.151385876568326,0.0,0.0,1.1333080450681936,0.7325917267958026,137.398773478413,8.665602575895704,59.524457728781485,1775,29.70000402673417,53.57875409749498,451,7.2641761616866525,0.08243785542676557,1.2399024504152294,0.6558432155671404,Good,0
WS_004663,2023-02-18 13:30:00,23,Cu-C10100,Al-6061,205.0200920080001,232.086090064011,anodized,2.495577577294075,Laser,2838.6180741242783,0.0,0.0,63.82564792742133,93.3431802162105,132.21833652948624,6.035266236645152,0.0,51.670970947986305,19.69526368760094,30.969035384455506,0.12931349076955992,2.070684628788997,2.434659958942616,73.49185205970313,1.011451944741032,101.55858890486739,16.996467339311693,5.552812699507226,0.0,0.0,0.17222398053975646,2.726096781202383,145.24023806467687,5.0,53.68566982459629,1745,19.91851402316622,64.2877825421507,790,8.231279814745694,0.0601436629816765,0.637617646451837,0.7180747023346458,Good,0
WS_004664,2023-02-18 13:45:00,10,Cu-101,Al-1060,115.70122122839996,314.2526611388928,tin_plated,2.6573877663433616,Laser,1119.3258434408008,0.0,0.0,9.489434031625514,15.532734433597287,954.8827479811441,41.513476678199865,0.0,61.173765848967584,20.8554456047084,30.10169208799601,5.345288925870806,1.609286835019918,3.8691021732048307,57.149140052447116,0.6606158771198376,99.51640527177379,31.89649409854648,4.544386791194922,0.0,0.0,0.45358556189182514,2.658688274789496,158.10622159953857,21.80963404343421,56.08626981941291,116,25.03028741659886,65.38262987086202,403,10.013182926973888,0.0,0.8734421989030241,0.6840030922308473,Good,0
WS_004669,2023-02-18 15:00:00,31,Cu-110,Al-1060,382.4929994127128,359.48875206196226,anodized,0.8591554655391442,Laser,2584.094691411776,0.0,0.0,7.811740955152383,21.69970170653795,281.934068337767,43.30885547844592,0.0,60.6995933034728,19.138964796922032,44.26727535504794,3.9916544535169622,1.914037416907382,3.635791319451985,38.4673418986401,0.8439404910739177,103.06574095330556,25.089120315530863,6.036303257388787,0.0,0.0,1.5581009265658285,0.6298653272748813,159.38201543566694,5.0,44.29862908511053,1854,30.13556796435071,50.91298906434911,630,11.890574154175486,0.3382279098514276,2.115949722413231,0.6517842941752676,Good,0
WS_004670,2023-02-18 15:15:00,26,Cu-ETP,Al-1100,413.06062512915065,256.07838689996095,tin_plated,2.7254035663160265,Laser,2957.001817157638,0.0,0.0,8.780394170314645,43.0384001034018,311.18012486701434,12.570768831421336,0.0,75.87983098495225,25.825443530332723,61.33155559935524,0.5841652478353967,1.9145445719012046,2.1085293690127096,79.7992193536161,0.2412560371398435,116.19622378538996,33.506205379835876,5.561007312657293,0.0,0.0,8.864652803350417,2.940201931346445,113.74788676485713,5.0,51.08105745957843,1405,46.66113573196282,57.909571636336075,453,21.740579737246993,0.7796416179903838,3.1702217650048197,0.6142186384855578,Good,0
WS_004671,2023-02-18 15:30:00,10,Cu-110,Al-1100,282.1273640247714,299.4179513325173,nickel_plated,1.6074242796904397,Laser,1153.1450240252711,0.0,0.0,71.33492534606269,45.48547777461262,968.4829124199368,5.8115876441776555,0.0,33.932654614564434,24.98130183272902,47.37546812797602,0.25553596130065714,2.33844818409517,2.7979466373357416,68.88909078522471,0.7685834761478214,93.66570771230973,33.15515212012819,3.0,0.0,0.0,2.898457570664078,1.058168022346857,165.03740854568724,5.0,53.38214470121203,584,33.716089931388524,66.10943914021247,528,2.101403674515931,0.0,1.7864539399245218,0.695959331063731,Good,0
WS_004674,2023-02-18 16:15:00,2,Cu-ETP,Al-1100,163.965298009651,416.69315719986116,bare,0.3634981269487072,Laser,2699.1100216161944,0.0,0.0,69.13735380824552,45.754021179175055,378.203334976425,12.02906129521718,0.0,36.246427767275094,22.031895236056656,31.325448256643984,0.5258143868103207,1.965677090689869,2.809418569845996,43.98862232866132,0.8770556105322018,88.74747887312199,39.133466463221716,4.522666290018109,0.0,0.0,5.356010299509,0.5180255338943937,159.5486978192605,9.475989616049786,42.1004792258431,245,16.186947520059935,68.14982254420754,747,3.0213266439671775,0.023483463377095934,1.15960870615581,0.7402291476229904,Good,0
WS_004678,2023-02-18 17:15:00,35,Cu-C10100,Al-3003,127.50038083547093,406.0172759881959,bare,0.33272170094337894,Laser,2677.988505056214,0.0,0.0,56.65533882649237,62.227845972663076,410.281132356476,7.533043547985743,0.0,79.57234132601414,26.79021790670656,62.371761140853,0.2421116601495426,2.09538459414154,3.268623279346995,35.022311992736235,0.2,96.33628144950741,47.268254114651484,8.366426320399224,0.0,0.0,1.3306132409456373,1.326176954766399,164.55658510802155,21.69082103704664,37.32213530786811,731,35.33116057546577,54.309112137936374,299,5.410996577132567,0.0440372121377079,2.603618549326899,0.6425637542328521,Good,0
WS_004680,2023-02-18 17:45:00,47,Cu-ETP,Al-1060,231.56791128428975,449.0082067384728,nickel_plated,0.9319955241848288,Laser,813.8014550703167,0.0,0.0,94.70404150583478,91.6585047981589,995.7561339410667,24.959436522246637,0.0,47.0883847359385,19.67562773955763,46.04351134829123,0.5446180161286678,2.183118936262899,2.885089041376916,33.82767108629073,0.6637410125808768,81.45103372989917,34.49409986579276,3.2673090969379555,0.0,0.0,1.6202191815982359,0.16929986980978728,158.75465071279362,13.094294379454904,48.656396548344055,400,41.475365991180375,75.15377377776318,569,3.3731414604906376,0.44379811136951364,1.5513914343730322,0.7072800785525507,Good,0
WS_004690,2023-02-18 20:15:00,33,Cu-110,Al-3003,434.22828398582413,248.57358025869294,bare,3.4935635584202305,Laser,1637.365412493583,0.0,0.0,19.803506413840058,94.06210429807524,911.9455991373279,15.35469244977068,0.0,29.832453371718103,22.686813346565554,50.36149247749111,0.3264798839947891,2.1303228591406804,3.22847180341535,51.77456101139524,0.9641711147787559,77.14526768242057,44.90946678242279,5.27427306862344,0.0,0.0,4.569237887967628,3.295068568849322,149.565714090209,5.0,48.27529636678689,1931,31.097969464448987,47.24662266570357,684,13.900484064579643,0.0858642488377973,1.185462411400714,0.6410061948464986,Good,0
WS_004694,2023-02-18 21:15:00,8,Cu-110,Al-1060,438.6203103279451,362.9976237025004,anodized,1.3914630570090356,Laser,1147.7827645296884,0.0,0.0,34.487128417027634,74.43304614299117,972.8248508569034,36.688006766589105,0.0,38.78959003880437,18.686535744308312,56.77899712568771,0.9857988801401151,2.0384246658968572,2.7816242073327904,70.41127688037656,1.0455182434328303,83.03558479240382,28.84730419051921,3.073034186418208,0.0,0.0,2.600614696466118,1.4491621073522547,155.90336094848112,25.345781153514878,48.33091687664461,888,22.048008817317683,58.08101984409156,672,3.437159182576047,0.0,1.5875648292236284,0.7004858629169223,Good,0
WS_004700,2023-02-18 22:45:00,8,Cu-110,Al-6061,423.61382009613664,357.5991814521894,nickel_plated,1.5252138723203612,Laser,778.4145584122277,0.0,0.0,43.51038469159435,32.787611061021146,585.5950812182522,41.685787382551155,0.0,64.56336504272508,22.274618322595025,32.736193484888915,2.542776739968617,2.1874658147747104,2.0,61.03554285897265,0.4704194838035631,100.56049289425572,36.91644987452849,8.422999393946967,0.0,0.0,11.048130142505418,1.4375286247393664,175.50220172618023,15.227973028301168,42.271043194179704,1335,32.79769371643631,60.167597791623464,506,8.574541688432848,0.48075080080569466,0.8675570371573673,0.668878521571926,Good,0
WS_004703,2023-02-18 23:30:00,29,Cu-110,Al-3003,386.25422022310494,316.3679253149195,anodized,0.7172372038929631,Laser,2961.3198758600224,0.0,0.0,93.91737563941484,59.59905454086175,556.847526945761,20.47922165311921,0.0,50.29158505835242,27.86676749663327,48.623023599585146,0.6872331049841885,2.0593237322967406,3.105656845310807,60.66244555422982,0.5299641584993798,100.98025268491054,30.427077244763815,6.621721953911995,0.0,0.0,1.9346622994543492,0.1960902734864557,179.97035312507728,5.0,56.108500964084264,165,29.911917275859956,70.56168771587829,578,3.9006179146401596,0.674305591662983,1.8861925577058014,0.7127560181192888,Good,0
WS_004708,2023-02-19 00:45:00,43,Cu-C10100,Al-3003,280.3614612372593,288.66112053135544,tin_plated,1.4650673469506217,Laser,2881.121145608356,0.0,0.0,36.18115692655957,10.68918738886801,326.3831511715498,29.920028704454065,0.0,43.83944182056725,25.347529434197654,56.820576284778795,5.598185833211894,2.5463657570989984,2.6760105758924073,84.23573132734907,0.4409750485655932,94.77606487609826,43.17040540427159,4.058035799909077,0.0,0.0,4.794067722036315,1.7370332847438315,137.982868634335,5.0,53.2118599048738,1920,42.02691895978207,37.68448626983155,568,24.345250521872583,0.0,1.7414324963306054,0.5733901591730614,Fair,0
WS_004709,2023-02-19 01:00:00,46,Cu-ETP,Al-3003,240.97309261553664,207.56172182459255,bare,2.932396546981121,Laser,1868.3151932584194,0.0,0.0,54.34207241468657,85.43034671887847,270.5643360428925,45.339584097986624,0.0,37.078327230431974,27.828328629689665,45.53411743729178,1.0614397773002937,1.6049637546254991,3.0099814248589123,56.27116993199081,1.0601940752951449,74.73932578766834,30.491902620746096,4.797451168630847,0.0,0.0,0.0372642721197813,3.2563685711031773,149.20491864146945,11.02085225419812,50.90239500901357,979,18.675866970358328,69.19413268650338,638,5.134587919139789,0.0,1.6908999978011747,0.7278775122456672,Good,0
WS_004714,2023-02-19 02:15:00,27,Cu-101,Al-1060,190.57184203506,222.91745729691723,bare,3.7376442760759265,Laser,2025.5032999314228,0.0,0.0,49.649508819958534,41.087418804582555,384.59609141831606,36.38025758590012,0.0,52.419148424193374,18.000468697916066,61.87244515224348,1.7708709208008249,1.8768733281721937,3.3414295138946937,30.0,0.45368070080616596,85.55748345459828,31.227340512693498,5.123917812741448,0.0,0.0,2.370719876044077,3.376074366652002,128.74626097677992,5.0,54.936157341096624,1372,40.58011197900506,51.78015182059161,606,15.2742681944736,0.0,2.702810808930695,0.6303409587183334,Good,0
WS_004719,2023-02-19 03:30:00,19,Cu-ETP,Al-3003,167.88209566209798,175.9986036809138,bare,3.6598669510941164,Laser,606.2308072976331,0.0,0.0,8.867542499992974,65.39328389827972,247.71507105532078,32.39645404264513,0.0,35.6116784483882,19.396714243823187,30.73983629722158,0.9908189988757354,2.257082052349772,3.6683781775329143,55.18204203693697,1.4042002515780663,67.16818359365104,28.381219431327906,5.044950509714572,0.0,0.0,3.5625716315473084,3.3892356651898017,118.91948592276307,5.0,44.331039965636954,675,28.818310989775764,77.83393133162026,971,6.448179833305702,0.0,0.6995153898498727,0.7540003579902721,Good,1
WS_004720,2023-02-19 03:45:00,10,Cu-110,Al-1100,387.3840713292667,237.37771331760396,bare,4.740837109313388,Laser,847.0884926202727,0.0,0.0,11.066279555274912,89.38951215031395,862.9476839709907,14.311930692609858,0.0,26.26431198210807,24.223310513969874,31.870350660885943,0.3202149860387082,2.4252387431122138,2.4353709333692164,30.0,0.3194726970777768,96.64678285249187,35.30733453749835,3.0,0.0,0.0,12.0,4.75357337578471,108.63363340410271,5.0,56.37054620548678,862,42.23836806879169,57.46744179857705,498,10.352817130373781,0.0,1.863520473941212,0.6440995202738042,Good,0
WS_004724,2023-02-19 04:45:00,31,Cu-ETP,Al-3003,394.3741567749782,200.44491472760245,bare,3.193104031731934,Laser,2010.3205515011957,0.0,0.0,44.21453351486081,50.372287496452074,536.6334912700142,11.071021095679022,0.0,73.75138775611988,27.898482743078098,53.77258417245483,0.4395679309365809,2.0794277938202375,3.276975859720866,54.65967653296235,1.2420007527550458,64.94578567529804,20.413264457348944,3.278766996474604,0.0,0.0,1.589863124662516,3.007405231886682,135.3511185064707,14.718850725988524,56.80119101898733,411,19.101650846310218,79.41284345688571,534,2.574049699267323,0.3530211987515169,1.801271883504796,0.7506532891866227,Good,0
WS_004728,2023-02-19 05:45:00,7,Cu-C10100,Al-1060,181.79338447832941,308.1385347486297,bare,1.8876231068658296,Laser,998.8184157455499,0.0,0.0,16.930676519542075,30.769320379535923,335.64476099443084,11.468813287565196,0.0,72.63447333799903,27.850051532730195,65.4613018199297,0.7454706926314096,2.786636571530888,2.830608359581752,38.49471224768351,0.2,108.72607363611395,19.61630243862745,4.693938205949052,0.0,0.0,2.922011932108476,1.2191186811044514,209.20914724575053,12.51632066298924,50.48758820571392,304,32.31969937887491,57.5339901732389,342,2.843759900681939,0.0,2.318595478782513,0.6628233765510062,Good,0
WS_004731,2023-02-19 06:30:00,1,Cu-110,Al-6061,155.35142501676734,487.73205014066417,anodized,2.1428441295950353,Laser,2604.956819680691,0.0,0.0,61.28385739399017,58.80934245143342,668.0879696513732,3.891815568923346,0.0,78.40347319873905,20.411820771456227,64.55796883945301,0.13235365017513426,1.938303948655771,2.899221566224452,58.04138422563659,0.573928603632505,95.8788087070613,35.929389980443815,7.607893797470574,0.0,0.0,6.3642898506932655,2.1867760212937832,113.21046232915376,13.968344292660746,38.59713412424571,1890,30.19238127668197,50.572088655583215,446,18.277095903304186,0.013424471425792048,2.6259586917346622,0.626605428238573,Good,0
WS_004733,2023-02-19 07:00:00,41,Cu-101,Al-3003,287.8617027806494,164.22312430526807,nickel_plated,0.9973049529441369,Laser,1402.3599230592172,0.0,0.0,21.775984500712834,95.72001899432779,814.4505566303995,33.87066169438988,0.0,42.212566040759725,26.807042517466563,34.015650030266485,0.7077027783790348,2.406543617645628,2.3636808554942985,55.26849112788188,0.2,86.4103982103008,23.679101009033793,3.3057489868195287,0.0,0.0,3.3731171924136882,0.5425718268283213,151.32510906440857,20.23385231595877,51.07924894138104,1274,41.075400790944485,42.23491134714021,377,17.950893039981782,0.290019926034365,1.6673500363058436,0.5854495860648012,Fair,0
WS_004734,2023-02-19 07:15:00,27,Cu-110,Al-1100,413.1736690959469,370.69467947195466,bare,4.482945261357202,Laser,1198.0220943682484,0.0,0.0,62.85308291669217,52.432736254540806,569.9373199210463,38.41609931756319,0.0,46.522971036530535,18.28438941241744,52.3626489837487,1.4653478746967457,1.9820426970181164,2.893622308955159,54.766411474346974,0.7893639201545947,96.50950252360545,36.66413850023146,7.7374410575446255,0.0,0.0,1.729271767000976,4.630547524305941,131.10562267933526,5.0,43.26116320251506,1264,40.16400442854267,54.82491794951563,483,7.1475944654802905,0.09295236631454863,1.572804336793248,0.6456145486081996,Good,0
WS_004736,2023-02-19 07:45:00,43,Cu-C10100,Al-1100,341.84508540208867,107.38636195729438,anodized,3.2151228518979176,Laser,1670.5986103209182,0.0,0.0,15.695558704296541,69.39137080229412,230.2364554933899,31.715415706532493,0.0,41.66593457808075,22.87192708400644,42.61717604723273,0.9141025847981652,2.020627647602492,2.9600434697292215,80.16946414083527,1.4430974208113523,48.83058008805071,16.46131851176764,5.677252201870516,0.0,0.0,5.708385506337061,3.89014924834812,206.87841403758404,5.0,60.0,1389,14.226615738767405,77.29733604502742,905,6.41091801209636,0.39473824273163877,1.233662903554431,0.77021627856507,Good,1
WS_004737,2023-02-19 08:00:00,30,Cu-C10100,Al-1100,374.5466426314718,124.79001439580775,nickel_plated,4.4616989530514495,Laser,551.6823660093758,0.0,0.0,49.25099795730729,41.11419600502222,131.53938826045288,45.73120951210246,0.0,69.59346272120098,24.25494737826842,51.92223664634126,2.224594614790291,1.8953289476050104,2.8210819213099376,67.60651827551948,1.0831840289506494,70.9143130069336,30.665844216706535,8.11913366097248,0.0,0.0,3.808566149595742,3.748821828346184,147.65916035571075,5.0,52.87242015400117,970,29.596346529785542,73.07623902444993,729,5.353788267224569,0.05023647813319576,1.601037792095553,0.7268577247654003,Good,0
WS_004741,2023-02-19 09:00:00,38,Cu-101,Al-1100,103.73798139449768,456.4202467722139,anodized,4.1054139051479615,Laser,1603.270477887845,0.0,0.0,12.453605051382953,39.619900109677275,276.6422843304179,20.27302537808174,0.0,29.162767120587855,18.268666019183833,44.45676586070064,1.023375895545481,2.290283619079821,2.0,58.891480162613774,0.9235536287456227,78.9100093710985,24.142021016948704,3.0,0.0,0.0,1.086028506845798,3.6478815005242042,186.09421248843432,12.016209168627654,46.482694343239956,1407,26.97356456553593,66.37969630994519,472,8.770019092121041,0.0,1.603056984148178,0.6905117747954987,Good,0
WS_004744,2023-02-19 09:45:00,30,Cu-101,Al-1060,373.6099446768287,270.97242846408574,tin_plated,3.574524738976863,Laser,974.7896324291528,0.0,0.0,28.09049972169487,89.6801509404143,497.70999451578933,48.75650444049407,0.0,70.60374428297607,20.74628442733391,48.56703061482504,1.087342158308567,1.8857191044089665,2.9780027634804123,30.0,0.3090893387992526,90.51224553641737,33.924534655371346,4.875673316377259,0.0,0.0,3.5658756202039292,3.8925558769823434,138.1208280363798,5.0,47.9825874851414,952,41.06227479785443,61.185531653616046,321,8.586270788191062,0.0,2.1048237999052306,0.6466711592094002,Good,0
WS_004750,2023-02-19 11:15:00,12,Cu-101,Al-3003,473.1116498750938,496.5607452198446,nickel_plated,0.24029535319484344,Laser,1341.116153551277,0.0,0.0,88.30792244276758,65.87395899953519,271.26286628438817,35.97557897366356,0.0,29.937544534619175,20.9620839784644,47.08747986907549,1.092254952337612,1.773131651805786,3.081004577111614,33.66066429526825,0.7916737979273585,87.21445645458303,25.887651008823088,6.799862334936684,0.0,0.0,8.390146941197683,0.1,169.0876699929294,5.0,52.19616006809852,377,27.697829921853035,74.80376351705985,515,5.1701316454131785,0.38199990259800526,1.7226530898641217,0.7201020004080537,Good,0
WS_004751,2023-02-19 11:30:00,39,Cu-C10100,Al-6061,238.0719353182522,197.65472832276254,nickel_plated,4.701880239520084,Laser,677.2573423030921,0.0,0.0,83.506112184723,53.00996423305005,352.2884930960559,30.679214339959263,0.0,76.64795250333651,24.241693211540614,42.99443245041463,1.1574885885635717,1.6674721636955798,3.0643209062578087,30.0,0.5067845684397342,105.79176865723807,50.55006390308195,5.003814518350339,0.0,0.0,4.327163435197157,3.4562311226173885,142.90655596351863,5.0,40.05533028737509,1004,39.096501190870356,61.17032140675088,506,9.957041063263345,0.7826597339675507,1.6901194938428987,0.6593449330702862,Good,0
WS_004754,2023-02-19 12:15:00,40,Cu-110,Al-6061,407.3871182656535,314.8832717579554,nickel_plated,3.4975988853150297,Laser,2834.1252795288974,0.0,0.0,97.2821599107877,19.79293934502619,994.4783780072942,5.076258936394845,0.0,46.70811193657613,25.170043606743313,69.35075465255218,0.5129363403693216,2.294337302029274,3.683733559447086,45.230497378969844,0.9539565203207874,95.54962159710703,30.525116682531703,3.8728723678095047,0.0,0.0,0.7934812631573311,3.0449563600390612,196.4033372049793,9.762074968349047,44.199462707110115,1616,27.67895518660162,56.52113298822268,608,6.534434147932018,1.0342161737289828,1.6997359809120949,0.678065668996615,Good,0
WS_004759,2023-02-19 13:30:00,33,Cu-110,Al-3003,178.96149349221702,389.49855416311425,anodized,0.624851325044106,Laser,1928.7062841401862,0.0,0.0,44.12183023110639,45.41482770239975,701.8590981656613,10.933413501052694,0.0,78.55373407058676,18.48004034914834,47.19341717774839,0.48149091625750967,1.9745528975186437,2.927312125066204,30.0,0.2,122.73901635624725,40.466940500052345,3.0,0.0,0.0,2.11740913318002,0.5910696379543641,145.09873638469364,5.0,46.48352785601055,642,31.227598907701584,60.60126867351708,375,12.930003479996465,0.0,2.6508287737032648,0.6554180167972469,Good,0
WS_004766,2023-02-19 15:15:00,15,Cu-101,Al-1100,185.8226085320009,241.2617609130151,bare,2.7956844066440527,Laser,1786.0084123807228,0.0,0.0,10.621806056649532,81.78074079667749,535.0227880666164,14.661861255645444,0.0,76.97433773811903,20.617814149658926,50.93445717663107,0.3585651367990815,1.8855447827842258,2.7659015158343956,30.0,0.5427304338868274,107.07920437291108,26.49568710475904,7.978198269154502,0.0,0.0,6.004749998217871,2.7019053895436875,140.13920148569227,17.087330529436258,58.770696997263826,620,36.82610703042396,60.13828801419175,596,6.176618264548902,0.0,1.9938019632349684,0.6732587335771475,Good,0
WS_004777,2023-02-19 18:00:00,13,Cu-ETP,Al-1100,315.0092400812194,206.05960088680428,anodized,1.5582959811349881,Laser,1043.2896240922164,0.0,0.0,72.73158603979282,21.495750330288878,222.743698383422,21.664714496672378,0.0,65.16486795688087,22.648551276947913,44.9791190528541,2.015720704212443,1.5827113531364647,2.5947083278178327,58.87236356754468,0.49731026531432865,86.80221039009359,37.195552960077464,3.2254388620788834,0.0,0.0,5.462655025611754,2.1384827900403853,181.4117974191803,6.8651821688931545,42.2688205271201,1199,30.4093891104376,53.547437842037134,414,4.619590156040541,0.5451174284443729,1.0309635240378974,0.6571927793968604,Good,0
WS_004783,2023-02-19 19:30:00,23,Cu-ETP,Al-1100,378.25630137816324,451.8252950451125,nickel_plated,4.4526952462535725,Laser,951.7017203477101,0.0,0.0,40.40434928499754,73.95582735677084,114.4122322327452,23.146313686241232,0.0,65.7291854669029,18.51177905750253,67.32241344452638,0.6259496922286037,1.702805701774161,3.51743907408666,53.70488923213515,0.7786964074586353,87.72069816509621,35.017341095372075,3.0,0.0,0.0,0.5944682549137134,4.374167903717661,126.5266175257396,10.059274314431546,47.04566642388512,1563,37.25232383414004,58.26430311786881,713,11.395693128543886,0.3059679310705477,1.5931626296911459,0.6659486807607754,Good,0
WS_004794,2023-02-19 22:15:00,3,Cu-C10100,Al-1100,205.81851449041667,369.5351844667908,bare,0.72414255938647,Laser,728.206881341956,0.0,0.0,7.843299181196395,26.910763029331758,532.4701524841189,11.11359018038283,0.0,51.87659209950703,24.407623987888336,61.1585002349715,0.8259587562247432,2.018761838261108,3.5219566139445386,62.65571676974297,0.2,108.29683409096977,18.733985112837434,5.9341456465911335,0.0,0.0,0.014844177514746839,1.320224311555478,142.14569273307796,10.47402248851318,53.25615066823243,1302,43.0860580194768,49.455801756885954,515,10.37524365015028,0.016489356460223387,2.7957716907450476,0.6238901688523012,Good,0
WS_004795,2023-02-19 22:30:00,14,Cu-101,Al-6061,305.61232779034776,184.27516681212057,tin_plated,0.6650313586918389,Laser,1209.041521281909,0.0,0.0,42.166027001395086,41.91856079784415,722.3265504978806,30.752552111115264,0.0,49.73868017427649,24.970672722235737,49.869346201287826,1.4672522875688447,1.9539354234679938,3.9123124630722343,56.63279538119682,0.2,104.14694195049573,36.94546583119346,6.179943486035458,0.0,0.0,0.16549661687270847,1.4501913645056543,186.2360942945137,5.0,43.17049973885669,1243,55.37693802496173,51.82126373881026,405,15.119147799938116,0.36952399850576184,1.8830485835516688,0.5951393501846991,Fair,0
WS_004797,2023-02-19 23:00:00,31,Cu-ETP,Al-1060,470.3006772221222,215.97483746495112,anodized,3.779768972368819,Laser,1011.9456040441576,0.0,0.0,40.51987885515393,38.94927699875113,739.0296029957775,37.79523512402067,0.0,47.070892621999,25.8823063779069,64.23373055827729,1.9407412941314692,2.372918587345734,3.1456588322441768,53.22249456502725,1.504667117924237,66.06333625992178,24.355339810020347,7.009458013348065,0.0,0.0,0.9546250517318859,4.6328770756720745,151.92528982673775,17.301487607317586,49.12491299506521,221,16.013157589716187,88.83068139968702,1004,4.354421870870348,0.0,1.1023282473511977,0.8068257594400946,Excellent,1
WS_004799,2023-02-19 23:30:00,49,Cu-ETP,Al-1060,265.8943210119975,262.55994114179896,nickel_plated,1.098711532905928,Laser,2186.680408011388,0.0,0.0,92.51481741521864,51.25087157430516,185.79594112811273,15.870404448595147,0.0,43.57397217640229,23.224026908451535,36.118612574468486,0.6193223241320189,2.0031624318173793,3.723449048930752,74.13950053415951,0.2,97.10904384306795,42.02110554050851,5.934152139692593,0.0,0.0,3.23644095838031,2.2332869157370236,147.1052313596344,6.194269637465097,38.37670696942391,1399,39.44706312273513,49.42993393430197,339,9.468743273535788,0.0,2.318397399103575,0.6192503465137725,Good,0
WS_004801,2023-02-20 00:00:00,5,Cu-C10100,Al-1100,413.9531933551177,486.1832713759214,bare,1.4783444980884002,Laser,706.5435770032966,0.0,0.0,22.41875299404753,39.77300033939933,586.7039873381156,19.814462279863182,0.0,40.23770175230858,20.328954440659672,64.57691490247171,0.996377548124519,2.596411451634417,2.6894415429039262,31.478703547771378,1.0973350185733262,72.04705466342467,32.65025066432094,5.874433534344322,0.0,0.0,0.2849345603434259,1.57560730503636,143.355468861541,9.608307983287615,49.66942195436834,707,25.76670256643916,69.2272732103097,557,1.0203915775551726,0.0,1.3032928673441502,0.7196382283015329,Good,0
WS_004804,2023-02-20 00:45:00,32,Cu-C10100,Al-6061,370.32465429709316,156.24232163061072,nickel_plated,3.684588544438974,Laser,1063.5511393620054,0.0,0.0,75.7547341742601,22.893012108058556,455.8242557424397,39.12662535721622,0.0,45.94579277841015,25.04653555629882,68.2089680119322,3.418215582338619,1.2522131931385037,3.456466522257201,43.994072392137674,1.6719865355621577,75.10803215487637,46.54401498408167,8.042766499966447,0.0,0.0,4.342582100992518,4.368462960447699,163.37411072946463,5.49519400444288,54.1576224078323,1573,19.131650835649857,75.32304792820622,1023,5.418250810494849,0.7622575888409647,0.6021978606311622,0.767650923297363,Good,1
WS_004805,2023-02-20 01:00:00,26,Cu-110,Al-1100,323.95326623079353,128.47071954547073,tin_plated,1.968799549060473,Laser,1934.5807939679414,0.0,0.0,60.3430854214254,24.171706964442258,221.88609144300398,28.146007031128732,0.0,65.51217077241816,18.541983858220785,30.66192261555362,2.3288390077318795,1.7637435310320209,3.368440020421393,55.18574728109885,1.03796163378578,76.80749172404049,34.40928281510677,4.794931321066625,0.0,0.0,8.539143774719886,1.399331057714995,189.02225160698055,5.0,49.38380222821742,1523,19.062286454343035,59.177807264674854,689,9.332302539369342,0.1049465655088888,0.8711929601119389,0.6977863545521883,Good,0
WS_004806,2023-02-20 01:15:00,22,Cu-C10100,Al-6061,415.8694455171023,323.0819047626685,nickel_plated,1.8009889257644025,Laser,558.9171527016503,0.0,0.0,29.551071799597008,41.54237205768773,445.78540616646075,43.58678145920711,0.0,55.0672029264024,19.428913532003957,30.481855397343875,2.098425260776174,2.5309438479252657,3.120565816471517,49.58978629646742,0.7884810712318623,96.76516679149056,31.411412940846958,5.542459262415896,0.0,0.0,3.8376543918566663,1.588096606280226,160.50706622257965,5.0,49.5716465561195,793,30.23589851004877,61.550368873156295,522,4.707525235705518,0.0,1.115488659043498,0.6844954646008696,Good,0
WS_004809,2023-02-20 02:00:00,29,Cu-110,Al-1060,494.5528686515569,368.79514856093044,anodized,4.8762110415617865,Laser,1394.0804835357112,0.0,0.0,8.547896425501039,38.34788896084873,123.75902366872091,21.12306491633093,0.0,71.94131421635916,19.659324579491486,43.301748548208366,1.1016546406450962,1.9475867251115149,2.2842569988587447,82.27498775863901,0.9481603501078771,65.39422178149542,34.479946324211156,6.906300750547008,0.0,0.0,0.8181026337535728,4.7161936326005405,150.26964621888746,27.08813130376484,49.78486678940159,1176,26.101029370953746,68.52923905556375,582,1.8670266879058826,0.0,2.073951441438691,0.7174708785426551,Good,0
WS_004817,2023-02-20 04:00:00,35,Cu-ETP,Al-3003,338.4120643799205,278.68862239594944,anodized,3.6391626852781127,Laser,1784.913296423969,0.0,0.0,41.71628599988256,84.49561592454627,790.9608867836502,6.050860349053023,0.0,29.687945397406963,26.44014368252299,42.22861302766451,0.1432230603409384,2.4219439448652245,2.3639265664655245,71.94151067324862,1.1632438809168315,69.36866455322354,15.0,8.281641460563485,0.0,0.0,1.3723759164757494,3.5895181085546786,177.75002794514103,12.916253234392544,40.13344155166586,1131,23.938427014717305,68.62328476237825,553,4.538860563293676,0.1030131636062074,1.16696019915306,0.7140068744943606,Good,0
WS_004818,2023-02-20 04:15:00,3,Cu-110,Al-1060,284.15447027001625,245.09465918899343,anodized,2.2313597415753335,Laser,2776.4833313139598,0.0,0.0,36.310106488380356,83.25430346917325,568.5626626578061,10.099331663083483,0.0,64.50671220866008,26.71290807818822,61.81455663216504,0.24261404497421526,2.1879333036009454,4.234433201352269,30.70821616193451,0.2,99.91823969045868,35.420230899029775,4.55538503841381,0.0,0.0,1.2737385133325645,2.8537776958105736,145.42556753268872,9.43035906097042,57.222170166714214,758,44.77315163912657,46.59514105771119,450,6.37008198483411,0.6020651804180256,2.8852686357374036,0.6173842214640242,Good,0
WS_004820,2023-02-20 04:45:00,50,Cu-C10100,Al-1100,241.20190038873451,308.83809476591557,anodized,1.1039474205896997,Laser,2017.2151879792884,0.0,0.0,14.390036708516307,54.62675897100082,152.44483633397977,12.617682361428477,0.0,42.72975865150812,24.245978009661894,32.857766140021226,0.4619597647419172,2.388649992911986,3.1722394018853537,50.749791916494516,0.2,118.36174735146452,15.0,5.51277582087451,0.0,0.0,1.670226479007352,0.7338923302557758,133.27538791316817,21.881334751630426,57.21178138413971,752,40.434201991229244,58.026012083165085,468,6.848757039120396,0.0,1.6347868115081294,0.652772307772718,Good,0
WS_004823,2023-02-20 05:30:00,49,Cu-101,Al-6061,371.40682779376573,223.17748306477282,bare,1.056907039978447,Laser,1182.4654278946057,0.0,0.0,67.13592077594413,60.25695330481403,65.38446719711352,28.68807821660767,0.0,79.07088664120907,19.712690075286197,66.32223552576676,0.9521914615060941,2.2153019203514814,2.399642994766446,47.90121166141163,0.6676290326463002,81.81786437171228,29.085062292090267,5.29692788615616,0.0,0.0,4.06383688694666,0.9382335630202767,205.9624235180633,11.916934035038533,51.84575830321855,1708,36.26152183111474,46.79492348793457,514,18.203070124063927,0.11320595607318393,2.011571345567438,0.6127309361572111,Good,0
WS_004833,2023-02-20 08:00:00,39,Cu-ETP,Al-1100,165.02682746539142,424.16077634359334,anodized,2.1250385691564584,Laser,2835.6742463292985,0.0,0.0,64.80728479439009,46.19061822373286,165.81225500290975,41.65348641997222,0.0,78.9833143614495,25.05252934012518,63.75736645436528,1.8035474744336955,1.6930938677352247,3.7623376849240033,75.33295728985331,0.2,90.81433816271542,39.6398190894893,5.450167362308269,0.0,0.0,1.5134935506001552,1.5773860567441624,213.49012040102747,18.373146076399948,39.52190289881252,926,40.99239889677094,52.208545494931165,404,11.828468312614852,0.6507365852434677,2.746354634926001,0.623787720639352,Good,0
WS_004836,2023-02-20 08:45:00,6,Cu-110,Al-1100,105.97998844169555,273.84094748719673,anodized,4.760571527564753,Laser,2709.3951647172335,0.0,0.0,39.473698262250025,60.28236338634372,82.83315789267684,45.979189941629556,0.0,38.29604991292712,21.185916951465455,53.34155437934742,1.5254607602874979,1.830717132111257,2.375098184958586,66.68558189680843,0.3408936990218453,106.70910599416214,36.95661354311179,8.155880134525665,0.0,0.0,1.8510361427302207,4.3991146215751105,173.76845247118928,16.2641672340192,49.18857835655159,1747,39.850686271916146,55.52312852864874,514,16.423702871903405,0.38016281935625956,2.2768832460979866,0.6325040156955953,Good,0
WS_004838,2023-02-20 09:15:00,27,Cu-C10100,Al-1060,197.98140334638242,404.0822498116641,anodized,0.8760320967657843,Laser,1172.9835511237366,0.0,0.0,99.07552620455566,62.052416760540176,843.2319542145995,2.2253415464593744,0.0,43.762482077967775,24.95499567426599,46.06392438831466,0.07172457295408659,2.2257311678667207,3.491689379002161,81.29290277864912,0.2,85.05794727530117,26.3027595450715,5.148154784781969,0.0,0.0,1.119694117752763,1.1483359438265193,150.79022260066665,19.922598187032097,52.66155993863446,391,38.743423236854234,56.369059436326935,310,0.7444928217041431,0.6564535313429031,2.083896060841374,0.6520782563615074,Good,0
WS_004843,2023-02-20 10:30:00,42,Cu-110,Al-6061,217.61588401599963,192.1499289464096,nickel_plated,2.353553717580288,Laser,1159.970054839493,0.0,0.0,10.359955547185784,64.35134837878509,464.7505245124046,22.525639205578788,0.0,44.42388695931584,18.141519040953025,63.76803963203068,0.70008289719085,2.1744591963665574,2.971188556934761,75.5915971709091,0.20407032857315704,96.77650004042391,37.00485767740395,6.425645195897725,0.0,0.0,0.07609631995789999,1.6067133735264654,100.0,28.99684639966622,51.74434039993318,263,32.427354039624014,69.72606508264677,338,1.3781626710675803,0.0,2.484246087924525,0.6956234099722626,Good,0
WS_004846,2023-02-20 11:15:00,17,Cu-101,Al-3003,262.7237165427398,414.64522448716076,anodized,0.21244730425572897,Laser,2198.5123574924055,0.0,0.0,15.351177191986043,91.88260464401736,354.64284633320165,33.42852811649942,0.0,40.76766175512964,25.510299472176982,32.89803318092174,0.7276356225645157,1.8135788493251221,2.0,45.05862213702781,0.8901563754100912,84.30154802472606,15.815059845462022,4.2793145958099705,0.0,0.0,6.930951560083237,0.1,150.1778529200814,5.0,55.24672936199986,481,33.41316021370076,66.08689326625486,605,2.9748789018143924,0.0,1.1825104604700651,0.6998529282375173,Good,0
WS_004847,2023-02-20 11:30:00,8,Cu-C10100,Al-3003,439.18867732503617,245.80038581951698,tin_plated,0.7920246705264871,Laser,2661.4145406496887,0.0,0.0,18.882890551120035,30.928041015442236,511.8981813889444,17.24729895237799,0.0,77.88214826360093,19.719112980560705,47.247850059772446,1.1153179047949715,1.554506786134322,2.9648764204532774,42.617010526992516,0.2,100.49593140943807,23.232045686421664,7.063428268650868,0.0,0.0,1.8042537004292791,0.16573053093269519,185.85013612632778,5.0,43.59082374325304,1894,50.25992858824447,41.92619294815957,381,19.106720692208263,0.0,2.121092213378402,0.5690004881901417,Fair,0
WS_004851,2023-02-20 12:30:00,15,Cu-101,Al-3003,358.38061244481804,434.21571169657017,tin_plated,0.6227813456914297,Laser,2216.53286492169,0.0,0.0,69.00173794430445,40.15386996984029,838.7944445057171,49.82456413236373,0.0,43.466260370769014,21.458562008202016,46.71480070066662,2.481681799028942,2.2212563917285695,3.0970595298775967,80.64515887334846,1.0948564885481584,85.7045315190216,30.501221217547037,4.933791709491388,0.0,0.0,7.195744542379797,0.9437994511116867,156.91903282834537,9.43243609298434,42.456271785723345,1654,32.565470727119866,61.40155837550768,625,10.762724672789908,0.0,1.4854891187666963,0.676142247753275,Good,0
WS_004861,2023-02-20 15:00:00,38,Cu-ETP,Al-1060,439.6138053133892,213.82433590464103,tin_plated,2.9681196552613045,Laser,2220.923313167704,0.0,0.0,15.757361624141165,27.551954319462705,887.2946099892961,10.84599728721983,0.0,56.05161973024909,23.624699279242282,63.109950378738674,0.7873123743935809,2.249621772536423,3.403720181886246,48.94571709428858,0.4713587628708365,89.69661756171521,34.30755645290505,5.874058701890913,0.0,0.0,3.4437569069222747,2.982151937739568,164.04589433423706,17.086097632561312,48.31604015987544,333,28.400707453190726,61.337279203357696,399,0.0,0.19573416064380805,2.623606763046045,0.6873421368286081,Good,0
WS_004867,2023-02-20 16:30:00,12,Cu-101,Al-1100,271.1293826553,370.31638545119404,nickel_plated,3.066460655377568,Laser,675.4741014439012,0.0,0.0,13.490603899067441,43.896300764362145,986.6702231586057,33.50346886792861,0.0,41.44687728595622,25.69984116415557,54.95903697215262,1.5264825638851505,2.256562036543278,3.077800299678763,39.56270527487149,0.7322568684180952,75.79038656928739,33.66184897953485,3.0,0.0,0.0,1.7698996119197157,2.913018157198623,131.29197036536502,19.14797606201818,51.795019926398034,164,29.098750288821034,75.97831155504437,654,0.24234372602760867,0.0,2.3407133510769236,0.7394432589680776,Good,0
WS_004870,2023-02-20 17:15:00,43,Cu-110,Al-3003,169.83359387054412,267.96301907938704,anodized,2.7645088133154387,Laser,1063.2049766034324,0.0,0.0,76.02229875989428,15.856948679931776,436.9139328743989,42.68148485922012,0.0,30.829703944630626,27.151481971201072,49.674752869386865,5.383316263517573,2.0133657811489103,2.9231585784093603,104.64487306224757,0.3990314430407563,91.04716700222181,38.87802435872761,7.743949392072647,0.0,0.0,1.353541272098099,2.64160528918333,136.01510765056506,5.0,47.32647622385277,910,29.151466066315393,61.043990991262696,573,7.317284362815853,0.12199840009572702,2.3020747085690503,0.6833628701984039,Good,0
WS_004871,2023-02-20 17:30:00,50,Cu-ETP,Al-1100,214.4240206637142,177.69317187823268,anodized,0.29666174713121923,Laser,509.56368611681665,0.0,0.0,90.02467595447162,73.5663891141428,119.7052589923646,44.02359332226549,0.0,27.650740141385103,23.90238288517499,41.224781246576086,1.1968398572331767,1.709966161571754,3.0439527916837186,69.4899937561479,0.754628069169094,100.39633038142317,32.5992235953309,3.0,0.0,0.0,2.5962538904736645,0.34385651905101283,170.14049775388887,5.644135693112758,56.57288453835773,1914,31.78279037999969,55.54434149698772,510,7.53437357401122,0.7476465183839912,1.3312559310865744,0.6610597177211986,Good,0
WS_004872,2023-02-20 17:45:00,30,Cu-101,Al-1060,306.73470709379967,266.2238128493266,nickel_plated,4.6075204157334975,Laser,1718.2624815770448,0.0,0.0,43.83069125821265,89.38300370669577,887.104227454992,32.959727360625266,0.0,49.70261959742818,26.612375110099734,44.622984264518344,0.7374942884842036,2.074754266416908,2.1595844978456693,69.88310302779031,0.8739873691117539,71.0879460520527,45.50883746875495,7.192038011907327,0.0,0.0,2.229690751161117,4.462210065543802,138.1805322541309,17.76144401415224,42.8575433776002,1156,28.473627907600036,60.73456022537017,507,9.105125067090984,0.0,1.218504577747253,0.6758538492012297,Good,0
WS_004874,2023-02-20 18:15:00,45,Cu-ETP,Al-3003,183.94587091164846,395.35665477442296,anodized,4.356086793648909,Laser,2823.575902510351,0.0,0.0,41.72724730913554,11.351775526661237,831.7883083991036,4.539302992368848,0.0,70.48433928099584,27.104307514156204,40.20636247312183,0.7997520708029608,2.1999898496100854,2.6608566727281184,47.192093266566296,0.7304936205982353,76.36210414445682,26.490859991515954,4.738240361620239,0.0,0.0,5.691801514833809,3.8266668942662663,149.46703569585236,18.579888674707625,50.04019876995127,1310,30.342513116521967,53.38854733109397,602,4.964137512882111,0.2978933917728587,1.623676084659896,0.6687831741496314,Good,0
WS_004875,2023-02-20 18:30:00,47,Cu-ETP,Al-1060,339.63973004110096,409.6862232665435,tin_plated,4.298750975606249,Laser,1191.1231123954026,0.0,0.0,97.8225785816512,41.18325488454201,972.8946848141074,10.230318533176252,0.0,72.86471194587307,20.26644552001776,37.51824434626255,0.4968193292082975,2.088780995640925,4.619601736179362,30.0,0.2,107.77400115382588,18.215771088010385,8.97291999354403,0.0,0.0,1.8121709905982275,3.7366985488197875,203.18978089907762,5.0,52.253322800970956,132,46.852914519243285,68.08737292328154,321,0.0,0.0,2.281277094501827,0.6713390605293389,Good,0
WS_004876,2023-02-20 18:45:00,31,Cu-110,Al-6061,135.57180910200955,342.81146175381866,anodized,4.097182778539863,Laser,1328.7838163917609,0.0,0.0,25.14039986970216,36.987710476565525,861.7570405037188,48.22081579616665,0.0,48.396763273266785,20.25800112642865,35.42226568284778,2.607396628494653,2.028242409637677,2.914547741652765,44.65757441107774,0.5115978103493851,92.61118008843962,24.646777663264785,5.0491498032447755,0.0,0.0,1.6980035719629156,3.8157081221522224,162.09777774258782,5.0,51.04837811095231,302,27.45722083047781,59.7572787773619,554,0.0,0.0,1.059261465129724,0.6951406990310213,Good,0
WS_004877,2023-02-20 19:00:00,18,Cu-ETP,Al-1060,123.26710348836988,109.07473687297902,nickel_plated,0.40087479454724484,Laser,2566.2189709299773,0.0,0.0,25.347511580723637,27.61511679486561,938.0409120524492,18.332789480301987,0.0,73.31162627387567,26.798688830342527,31.285599727206165,1.3277357917030823,1.8889151466262097,3.2230694606209918,41.294587988666834,1.2851658063093987,70.93672155064773,39.83583815534891,3.5846897559700683,0.0,0.0,0.3576312396443058,0.5653452317308238,179.21839018463157,5.0,52.249446770991895,1801,20.030447161162105,73.87892266635279,673,6.652365950587331,0.8119760620819999,0.22557419599181894,0.7370451164334543,Good,0
WS_004880,2023-02-20 19:45:00,9,Cu-101,Al-6061,321.9227033095792,113.67817996847553,anodized,4.50505617465526,Laser,704.9098138302355,0.0,0.0,64.8872268332098,45.43530267123096,509.4408173392486,29.169734018103,0.0,29.75208995886505,26.024887465331382,31.805615128560593,1.2840118719654925,1.83816179184327,3.228893980193848,45.18204305462136,0.25183984359377576,100.72280350399888,30.856551134107622,4.488477004458314,0.0,0.0,6.104406953778049,4.9937427054280805,161.75944235697327,11.366254277902078,49.99358785884233,1066,44.37483108756494,46.79986862025617,310,9.817470017215353,0.0,1.7841772929962942,0.6026963353036808,Good,0
WS_004885,2023-02-20 21:00:00,27,Cu-110,Al-3003,121.96195636430973,267.93551294203064,nickel_plated,1.1443785292593118,Laser,2344.617644772451,0.0,0.0,14.404100985426748,75.80169987450702,733.9502838162516,2.737516268206609,0.0,30.410314547688237,20.00668046168694,42.89063449733265,0.07222836091377068,2.141463519068676,3.4992221753319495,55.09335077048458,0.2,107.30590322951196,22.91063963461668,8.96223132416982,0.0,0.0,0.07121784240599636,0.1,131.43116632239787,20.886622142178854,45.89849029972485,363,34.88749159353349,58.32110090844928,510,2.5051576896249603,0.5871669626535101,1.5980204211313254,0.6727743442127762,Good,0
WS_004892,2023-02-20 22:45:00,25,Cu-110,Al-1100,133.70822367230622,287.15701125281,anodized,2.573896327034438,Laser,757.9784989053157,0.0,0.0,84.56763712908487,43.830851793699146,837.706670195344,23.548108029654443,0.0,26.495505847331867,21.319503411192603,52.39447701526514,1.0744992198869188,2.2103349058562825,2.0,76.769692147054,0.9624753731824452,101.75009322192483,24.13134583829915,3.0,0.0,0.0,12.0,3.1426621257109146,151.88344321729926,17.263893484469172,54.35778631506045,528,26.00450060602845,75.47682483794077,592,0.0,0.5155172661313117,1.7302860190623581,0.7391519778524759,Good,0
WS_004911,2023-02-21 03:30:00,43,Cu-ETP,Al-1060,231.25887220602746,203.02709025980676,nickel_plated,3.97682985126017,Laser,827.9091312603472,0.0,0.0,67.88180910638243,21.378093013868344,56.246827327973364,10.42357282739566,0.0,74.68899069037121,25.960671248229406,31.819727844742943,0.9751639513060126,1.7927761134888447,2.780566449215345,40.931292100464255,0.7031343461108691,85.61656538600562,32.98642964805223,3.0,0.0,0.0,1.3432773664416273,4.182512592100804,188.31493290977392,5.32687165946991,49.90185430233038,1192,27.206230337321635,52.22213443119247,708,10.567239310455076,0.0,1.7983665362158683,0.6671324168648954,Good,0
WS_004915,2023-02-21 04:30:00,1,Cu-C10100,Al-6061,280.5983756477777,256.8511419947153,anodized,4.758059899424551,Laser,574.0349187279548,0.0,0.0,43.47876355234806,31.952373011076283,735.6931042844379,43.5334765328293,0.0,41.105454034173775,21.33248330060919,68.97476282564114,2.7248978670684916,2.4180860887510365,2.412127100707817,36.61349376931715,0.2,81.89922644331709,33.96332667289869,8.899172779960132,0.0,0.0,0.47599849332338123,4.063200185318226,177.21088599446117,5.460007015149397,41.88504939970266,673,38.26664296175038,69.04920196472654,494,4.830531360193786,0.0,2.9130529075834484,0.6890991275021607,Good,0
WS_004916,2023-02-21 04:45:00,24,Cu-110,Al-6061,475.387284946325,147.32962920125527,bare,0.8258919668396407,Laser,1235.8324112619653,0.0,0.0,49.32261509122069,79.1995976976794,477.43963044842354,31.15202127699434,0.0,59.91439694921475,26.100811962711752,30.620509641379293,0.7866711999196713,1.971863980884328,2.8164565318332095,30.0,0.8104841891061871,81.79507439220266,23.071673000315258,5.515316829719576,0.0,0.0,1.404918009696558,1.2991830203108534,223.00430161569682,11.665096703941481,48.15219971878337,782,33.33835466179097,65.73652376236335,641,3.730219984592558,0.8520032133892661,1.8491592297066883,0.7000729482754441,Good,0
WS_004918,2023-02-21 05:15:00,30,Cu-ETP,Al-3003,184.81114020089157,245.51442063962284,nickel_plated,3.256937043251417,Laser,2412.376532901396,0.0,0.0,48.77283861087639,75.73796137114974,540.8571307358573,16.3506796097145,0.0,46.83001484055515,25.77400808505488,67.95536705247164,0.43176973115473466,2.087916018725647,2.9430279509806865,30.757365609619335,0.2,111.33608887143745,37.49890430364612,5.770972029229952,0.0,0.0,7.67011774918565,3.5144235970776907,110.6836953685241,22.20804802498122,54.979354555550664,203,30.35493388403721,57.80775213797583,403,2.2872776795912126,0.0,3.477184538254529,0.6715650005363168,Good,0
WS_004930,2023-02-21 08:15:00,30,Cu-C10100,Al-6061,457.38362166684635,273.08196585062,tin_plated,1.6031525211994628,Laser,2864.693476767666,0.0,0.0,74.44694927277732,43.9289361370479,446.3734166483818,8.804085971097269,0.0,74.03405163795905,27.858286139249827,40.51720770876348,0.40083310661704175,1.5629829614315502,2.503986372304385,30.0,1.0532210702208504,89.21312761971532,33.12703849237114,7.10332612910158,0.0,0.0,4.360097324936051,2.0206566535714674,149.13245620043776,29.182866705511643,51.55612180988631,1207,27.328479507420504,64.30979775421864,594,1.769827845213901,0.0,1.1270209871489316,0.7060633479146398,Good,0
WS_004939,2023-02-21 10:30:00,39,Cu-ETP,Al-1100,449.8021180152308,246.74735771449176,tin_plated,1.5806391901959107,Laser,1471.1433169870054,0.0,0.0,82.61384797469717,59.4249384121977,749.5194152193121,13.597010185420308,0.0,46.13004212592455,22.241379006044347,34.23220882905981,0.4576196643606232,1.682151523225457,2.823578093607786,78.9654240841611,0.9386484937096184,82.78665018254485,29.084989511998884,8.556426264760239,0.0,0.0,3.4367430172445683,1.119045898752805,119.21363608129849,11.473123100285074,48.34481394280582,305,23.66409175870857,69.90415919747407,488,3.630229946732836,0.6949749624883064,0.7678907244103357,0.7149909125388315,Good,0
WS_004941,2023-02-21 11:00:00,17,Cu-C10100,Al-1100,475.43423831140205,294.1491580676777,bare,3.054965912869161,Laser,1113.571897549988,0.0,0.0,26.831744861250364,97.73146177665471,407.3232155700002,33.91430588833762,0.0,47.27404382679127,27.033610535681227,55.762219070587456,0.6940304641271373,2.0091946475667917,2.6694662159560183,30.0,1.9484326236401552,60.14373554193697,15.619588520181905,3.477044469018997,0.0,0.0,0.9225365554682186,3.1622685987030406,126.44605948481835,16.2112132435039,45.090548906957196,1545,3.319561832333498,76.497172938125,1202,0.4859071319558058,0.0,0.6723318848579345,0.8154858470577283,Excellent,1
WS_004948,2023-02-21 12:45:00,23,Cu-110,Al-1100,207.91842315694566,276.4574397476306,tin_plated,3.5114873835238485,Laser,2807.6192070983147,0.0,0.0,45.90069259222622,59.56612143920965,878.6540144229969,1.0992088781299403,0.0,79.38839094891107,26.73047755605522,55.27844151727838,0.036907183196466485,2.0788230374190295,2.5590520909018504,85.35511983604707,1.4903810980080792,79.8099270567256,26.33589394737504,5.598116154186363,0.0,0.0,12.0,3.891252249658834,124.6170460245321,5.0,54.452514242708304,132,11.87763693829102,94.74259546433251,975,0.008591631023649127,0.0,0.42816395267171936,0.8340239239452255,Excellent,1
WS_004950,2023-02-21 13:15:00,2,Cu-C10100,Al-1100,276.059378889653,220.25277143267022,tin_plated,3.7747799954099825,Laser,2475.708339634257,0.0,0.0,79.49125674634786,57.79590745633532,292.9008609663065,23.38247496616364,0.0,50.33954222430976,26.73105807615599,45.20552325573724,0.8091394700854572,2.1131400682804915,3.690369985050059,36.99004784867097,0.6955473766228455,90.90242619142663,26.580169703110293,7.194228891575985,0.0,0.0,3.1345733926149224,3.9083169842857584,145.52438278357116,15.009057947024159,52.707581154192425,690,33.54340683922335,61.26021361726593,574,4.542025381667359,0.1181614691075844,1.6300890202162095,0.6825857928603701,Good,0
WS_004951,2023-02-21 13:30:00,1,Cu-ETP,Al-1100,304.9714205506625,328.54062628277813,anodized,1.4944456213334798,Laser,2484.37136676112,0.0,0.0,79.72953314114193,91.41651332201475,160.0900191903098,28.093120025736205,0.0,58.8559587386564,27.408391486502076,55.23510379997653,0.6146180597979747,1.837346865846713,2.3048749962792474,40.05411840867253,0.2,90.67368773045396,32.62144330625599,7.174575665101353,0.0,0.0,0.16702811745731927,1.8459497216024792,139.0733970099396,5.0,45.407687470178345,1810,51.857941505539415,39.998347239785986,449,17.688310383855537,0.0,2.8343738984012297,0.56897670720476,Fair,0
WS_004955,2023-02-21 14:30:00,29,Cu-C10100,Al-6061,166.4802147234982,336.5370359194567,bare,3.879716816473897,Laser,2017.499958362646,0.0,0.0,8.068119686900195,21.957025101288224,669.5869051430794,40.35199166946627,0.0,43.06793260799171,27.54276720583205,38.80688987753549,3.675542700645618,2.593097061597687,2.0,40.31127536813861,1.6215467366844507,70.17589790250075,20.713289198930575,4.015287444169499,0.0,0.0,4.262552748950572,4.0360397193709066,141.31970170804976,5.0,50.47834663276616,1070,17.912180168787454,69.67441439985332,1057,6.6194397079439895,0.4214945963093074,1.0151830538734885,0.7553729829607237,Good,0
WS_004966,2023-02-21 17:15:00,45,Cu-110,Al-1060,326.18254642964325,410.44663936540024,nickel_plated,0.20751319122806355,Laser,2894.36094006515,0.0,0.0,36.57477390484213,41.18027397349861,83.87747865937366,13.240533261869261,0.0,57.954514517156376,21.387213661717556,50.79394485252897,0.643052218175632,2.299177767646216,3.4823876003237673,45.07074759730271,1.5190956324823268,74.34384498082906,32.44926387853875,7.718151852686168,0.0,0.0,4.148457889612442,0.26284335590959196,169.51260328446077,17.694783442540377,52.95680934286554,121,7.194480227959113,94.3213960937459,967,0.0,1.1552536938421936,0.8647743742656764,0.8394784365590927,Excellent,1
WS_004967,2023-02-21 17:30:00,8,Cu-101,Al-1100,386.2023818484515,272.6607050375844,nickel_plated,3.8666834529603302,Laser,1427.3284952602564,0.0,0.0,33.645027126228285,10.129802498646152,596.6352101502746,5.891942421714294,0.0,57.477535612298595,19.476064031621792,33.19677134669926,1.163288706270779,1.8771282574276658,3.2946795090586605,36.16740187502448,1.2734065362521245,81.48681074284876,44.38298019403024,7.611294802841172,0.0,0.0,1.2348084997516204,2.5783813396590207,168.84861343987586,5.0,51.12795045888684,224,5.239964593461437,78.92212297274934,886,0.0,0.0,1.0645800433483699,0.7985120272083479,Good,1
WS_004968,2023-02-21 17:45:00,25,Cu-C10100,Al-6061,143.8512777613759,232.89110562651354,nickel_plated,4.831229720243815,Laser,544.5595931502302,0.0,0.0,87.19842917939278,62.596870935997686,212.6099329672294,43.1372708943918,0.0,29.3973285211693,18.93673524898588,49.40854111905489,1.378256460726211,1.6436280278513227,2.796670541972585,41.72766007890205,0.601906853944383,105.00996229954363,47.776873467550985,4.419280575839887,0.0,0.0,0.11912030367383991,4.933409555558443,133.56748181861514,5.0,50.852220952883314,1867,44.077152353689485,50.79383689731298,671,19.685369453054133,0.6241292935702918,1.9794932236993341,0.618692129321605,Good,0
WS_004971,2023-02-21 18:30:00,22,Cu-ETP,Al-6061,126.65119936414987,499.9220576535206,tin_plated,2.8548939242366322,Laser,585.9927028828389,0.0,0.0,43.38341791356018,19.857544099261972,896.2588934024542,5.046082074014532,0.0,62.94398682116314,23.31850537649785,61.290106875072304,0.5082282127931494,2.1946264913262294,3.1427602161043295,54.02804517087681,0.5646763350492024,83.9840374625405,34.0085875874254,4.829486278457055,0.0,0.0,3.3318034443728464,4.023634210942569,133.41468564436144,15.80588798066348,49.099715810206085,181,32.30876379524451,68.43154762416897,611,0.0,0.0,2.068076784811706,0.7133490567008889,Good,0
WS_004979,2023-02-21 20:30:00,50,Cu-110,Al-1100,480.2447098971561,378.1317625810268,anodized,3.4209093379458384,Laser,733.9547977688425,0.0,0.0,98.11708557170682,54.250208554913414,687.328509706157,29.970326952986614,0.0,43.29763719545177,23.205581562436535,30.04511911063056,1.104892598621069,1.3734413032861648,2.5159059988869554,48.99540455217445,0.6374881428087725,92.11064102659202,40.578675474213526,3.4901835114788113,0.0,0.0,0.05362986760975816,3.979782010182865,185.40737934847118,5.0,49.15881365237356,1769,34.85342113514032,47.42953176336769,612,17.326732598796767,0.0,1.016264796552121,0.6246060740829648,Good,0
WS_004980,2023-02-21 20:45:00,31,Cu-ETP,Al-6061,353.70106138061493,396.4428166518723,nickel_plated,1.0175100497997458,Laser,1830.6801927893894,0.0,0.0,36.853173739948375,41.24920993498385,334.02196328809845,34.60119311237503,0.0,62.1859549977106,21.138549008142984,68.97656444172522,1.6776657379335367,1.2309650142112467,2.9491496456316777,30.0,0.6117815187045327,93.86362845722651,31.407020821651287,3.0,0.0,0.0,6.069239458242681,0.5296647596601964,167.45053829836067,8.294563386739066,58.49041521771518,735,29.283385880873784,59.47400236737067,646,2.04215754324819,0.8965108923555027,2.40829780282965,0.6939975483701922,Good,0
WS_004986,2023-02-21 22:15:00,26,Cu-C10100,Al-6061,323.2927001118644,281.090170651976,anodized,3.284129449584842,Laser,1338.349548281693,0.0,0.0,85.20626654897208,21.653276018036898,692.1651313739598,28.166348658847383,0.0,51.10602474952384,22.635740748191477,47.912717996626554,2.601578498827169,2.148858524345315,4.16305892908926,45.67521300093897,0.2808814272820497,97.30737511844231,30.17966527920429,5.211860856012003,0.0,0.0,0.8452177030476342,2.5816413926296797,119.72810414411146,5.0,51.775434660305855,1613,46.89485480170185,47.42823883663255,467,11.478884832163004,1.0396336237389487,2.380439992105278,0.6078387391620563,Good,0
WS_004988,2023-02-21 22:45:00,49,Cu-C10100,Al-1100,217.35587023319135,407.6092955130592,anodized,3.5955010124639455,Laser,538.8376574598701,0.0,0.0,14.6895774609131,66.56314314814514,502.4692357336052,36.85831431691605,0.0,52.28270798745919,27.83658052362707,37.99999483408479,1.1074691660783795,1.4163796130246409,2.880162622658142,58.07753881146872,0.2,110.16774039689241,42.59322649305858,3.479900386943375,0.0,0.0,0.06524475012549764,2.9589937046734667,112.4105326258467,15.614639546663668,40.54642166249231,423,41.120370047492514,57.02091708801923,323,9.294653071192236,0.0,1.9822471845679626,0.6349775964736571,Good,0
WS_004999,2023-02-22 01:30:00,22,Cu-110,Al-1100,258.9951969690511,373.1846374168259,nickel_plated,4.766522369399371,Laser,631.2404678372034,0.0,0.0,85.77481387669872,10.529531889850752,416.4161958137054,11.813427220032615,0.0,53.17129484925851,20.420536539443457,41.78039872744388,2.243865604589581,1.8468200959843626,2.805413918981685,55.48356997005804,0.2,102.18532193863169,20.7273034299129,3.4566599495733925,0.0,0.0,4.219994039575621,4.8964088106116135,135.1204259221721,18.952908864229272,44.266127907292784,128,34.383861028837245,71.33224448811119,413,0.0,0.0,2.0626568049153406,0.7042881530103554,Good,0
