year,state,livestock_type,population,daily_manure_per_animal_kg,total_daily_manure_tonnes,annual_manure_tonnes,collection_efficiency_percent,collectible_manure_tonnes,biogas_yield_m3_per_kg,annual_biogas_potential_m3,methane_content_percent,annual_methane_potential_m3,sofc_potential_mwh_per_year,manure_collection_cost_naira_per_tonne,biogas_plant_investment_naira_per_m3,land_requirement_hectares,water_requirement_liters_per_day,feed_requirement_tonnes_per_year
2020,Abia,Cattle,95718,20.0,1914.36,698742.39,30.0,209622.72,0.04,8384908.69,60,5030945.22,30041.99,8000.0,112637.87755874469,47859.067892391606,4785906.789239161,239295.33946195804
2020,Adamawa,Cattle,1393956,20.0,27879.12,10175880.25,30.0,3052764.08,0.04,122110563.04,60,73266337.82,437505.54,8000.0,113860.57354761113,696978.0995272468,69697809.95272468,3484890.497636234
2020,Akwa Ibom,Cattle,130054,20.0,2601.08,949395.93,30.0,284818.78,0.04,11392751.14,60,6835650.69,40818.68,8000.0,90089.64080693446,65027.11840367466,6502711.840367466,325135.5920183733
2020,Anambra,Cattle,84080,20.0,1681.61,613788.9,30.0,184136.67,0.04,7365466.77,60,4419280.06,26389.47,8000.0,98421.5798909656,42040.33542997023,4204033.542997023,210201.67714985117
2020,Bauchi,Cattle,1495759,20.0,29915.19,10919045.04,30.0,3275713.51,0.04,131028540.51,60,78617124.3,469457.44,8000.0,109139.62708646452,747879.7974046086,74787979.74046086,3739398.987023043
2020,Bayelsa,Cattle,84423,20.0,1688.46,616289.06,30.0,184886.72,0.04,7395468.74,60,4437281.24,26496.96,8000.0,106246.47350724286,42211.5795719978,4221157.957199779,211057.897859989
2020,Benue,Cattle,467742,20.0,9354.86,3414523.0,30.0,1024356.9,0.04,40974276.02,60,24584565.61,146805.26,8000.0,101801.07675587753,233871.43847348535,23387143.847348534,1169357.1923674268
2020,Borno,Cattle,1645400,20.0,32908.02,12011426.73,30.0,3603428.02,0.04,144137120.75,60,86482272.45,516423.7,8000.0,117495.52265988477,822700.4609286762,82270046.09286761,4113502.304643381
2020,Cross River,Cattle,136295,20.0,2725.9,994955.05,30.0,298486.51,0.04,11939460.58,60,7163676.35,42777.46,8000.0,86592.59262917748,68147.60603695519,6814760.603695518,340738.03018477594
2020,Delta,Cattle,166742,20.0,3334.84,1217218.32,30.0,365165.5,0.04,14606619.86,60,8763971.92,52333.53,8000.0,109039.19639941183,83371.11792218212,8337111.792218212,416855.5896109106
2020,Ebonyi,Cattle,138262,20.0,2765.25,1009315.66,30.0,302794.7,0.04,12111787.87,60,7267072.72,43394.89,8000.0,88540.45465242688,69131.2092881403,6913120.928814029,345656.04644070147
2020,Edo,Cattle,220257,20.0,4405.15,1607879.88,30.0,482363.97,0.04,19294558.62,60,11576735.17,69129.78,8000.0,113628.12112044799,110128.75924494023,11012875.924494023,550643.7962247011
2020,Ekiti,Cattle,104656,20.0,2093.12,763989.03,30.0,229196.71,0.04,9167868.31,60,5500720.98,32847.23,8000.0,101689.48821967393,52328.01544766251,5232801.544766251,261640.07723831254
2020,Enugu,Cattle,111987,20.0,2239.75,817509.84,30.0,245252.95,0.04,9810118.07,60,5886070.84,35148.32,8000.0,100334.4218766512,55993.824595046506,5599382.459504651,279969.12297523255
2020,FCT,Cattle,191901,20.0,3838.04,1400884.15,39.0,546344.82,0.04,21853792.71,60,13112275.62,78299.17,11200.0,102600.87971436064,95950.96902637642,9595096.902637642,479754.8451318821
2020,Gombe,Cattle,622666,20.0,12453.32,4545463.52,30.0,1363639.06,0.04,54545562.3,60,32727337.38,195429.33,8000.0,114932.9166344323,311333.1181230055,31133311.812300548,1556665.5906150276
2020,Imo,Cattle,92453,20.0,1849.06,674908.68,30.0,202472.61,0.04,8098904.21,60,4859342.52,29017.27,8000.0,110444.86148172632,46226.62218581324,4622662.218581324,231133.1109290662
2020,Jigawa,Cattle,932014,20.0,18640.29,6803704.59,30.0,2041111.38,0.04,81644455.04,60,48986673.03,292520.98,8000.0,98462.2989767916,466007.1634954573,46600716.34954573,2330035.817477287
2020,Kaduna,Cattle,1442986,20.0,28859.72,10533798.66,39.0,4108181.48,0.04,164327259.16,60,98596355.49,588762.22,8000.0,89867.15458086492,721493.059172335,72149305.9172335,3607465.295861675
2020,Kano,Cattle,1254350,20.0,25087.02,9156760.92,39.0,3571136.76,0.04,142845470.43,60,85707282.26,511795.89,11200.0,119672.39805397454,627175.4058135607,62717540.58135607,3135877.0290678036
2020,Katsina,Cattle,1839671,20.0,36793.42,13429600.05,30.0,4028880.02,0.04,161155200.61,60,96693120.37,577397.17,8000.0,96059.77263445152,919835.6199174433,91983561.99174432,4599178.099587216
2020,Kebbi,Cattle,2332031,20.0,46640.62,17023827.95,30.0,5107148.39,0.04,204285935.42,60,122571561.25,731928.72,8000.0,88161.42538515595,1166015.6131138152,116601561.31138152,5830078.065569076
2020,Kogi,Cattle,353855,20.0,7077.12,2583148.41,30.0,774944.52,0.04,30997780.91,60,18598668.55,111060.83,8000.0,109322.85184118699,176927.97322558003,17692797.322558004,884639.8661279002
2020,Kwara,Cattle,409278,20.0,8185.58,2987735.5,30.0,896320.65,0.04,35852826.04,60,21511695.62,128455.8,8000.0,87520.98938461664,204639.4180104072,20463941.80104072,1023197.0900520359
2020,Lagos,Cattle,48553,20.0,971.08,354443.07,39.0,138232.8,0.04,5529311.95,60,3317587.17,19810.77,11200.0,111351.67137941589,24276.922843428696,2427692.2843428697,121384.61421714348
2020,Nasarawa,Cattle,606507,20.0,12130.14,4427502.43,30.0,1328250.73,0.04,53130029.12,60,31878017.47,190357.67,8000.0,80209.1845417165,303253.590847921,30325359.084792096,1516267.954239605
2020,Niger,Cattle,1157417,20.0,23148.36,8449151.16,30.0,2534745.35,0.04,101389813.93,60,60833888.36,363265.91,8000.0,81412.45419760956,578708.9836030904,57870898.36030904,2893544.918015452
2020,Ogun,Cattle,262286,20.0,5245.73,1914692.83,39.0,746730.2,0.04,29869208.16,60,17921524.9,107017.31,8000.0,88099.2224066095,131143.3445682808,13114334.45682808,655716.7228414039
2020,Ondo,Cattle,218322,20.0,4366.46,1593757.46,30.0,478127.24,0.04,19125089.47,60,11475053.68,68522.59,8000.0,94717.63005208338,109161.46960238762,10916146.960238762,545807.348011938
2020,Osun,Cattle,144807,20.0,2896.16,1057098.02,30.0,317129.41,0.04,12685176.29,60,7611105.77,45449.26,8000.0,85955.52201329778,72403.9742450712,7240397.42450712,362019.87122535595
2020,Oyo,Cattle,288336,20.0,5766.73,2104854.65,30.0,631456.39,0.04,25258255.76,60,15154953.45,90496.9,8000.0,115066.03047312802,144168.12646470647,14416812.646470647,720840.6323235324
2020,Plateau,Cattle,769486,20.0,15389.74,5617253.69,30.0,1685176.11,0.04,67407044.32,60,40444226.59,241510.27,8000.0,94732.38122027394,384743.4036339073,38474340.36339073,1923717.0181695367
2020,Rivers,Cattle,98972,20.0,1979.44,722497.15,39.0,281773.89,0.04,11270955.57,60,6762573.34,40382.3,11200.0,108882.83752810948,49486.10630954543,4948610.630954543,247430.53154772715
2020,Sokoto,Cattle,2693097,20.0,53861.96,19659614.6,30.0,5897884.38,0.04,235915375.18,60,141549225.11,845252.7,8000.0,103721.77336747137,1346548.9451162687,134654894.51162687,6732744.725581343
2020,Taraba,Cattle,880474,20.0,17609.49,6427464.77,30.0,1928239.43,0.04,77129577.21,60,46277746.33,276344.79,8000.0,96504.87363394495,440237.31283600465,44023731.283600464,2201186.564180023
2020,Yobe,Cattle,831298,20.0,16625.98,6068482.0,30.0,1820544.6,0.04,72821783.94,60,43693070.36,260910.55,8000.0,80128.73054417115,415649.4517197446,41564945.17197446,2078247.258598723
2020,Zamfara,Cattle,1843052,20.0,36861.04,13454280.78,30.0,4036284.23,0.04,161451369.35,60,96870821.61,578458.3,8000.0,94219.7204176543,921526.0807427714,92152608.07427713,4607630.403713857
2020,Abia,Goats,127060,1.5,190.59,69565.75,20.0,13913.15,0.035,486960.27,58,282436.96,1686.56,12000.0,83719.62559292528,12706.073595065003,635303.6797532501,50824.29438026001
2020,Adamawa,Goats,1628224,1.5,2442.34,891453.04,20.0,178290.61,0.035,6240171.26,58,3619299.33,21612.43,12000.0,99238.91559544495,162822.47254234852,8141123.627117425,651289.8901693941
2020,Akwa Ibom,Goats,154269,1.5,231.4,84462.7,20.0,16892.54,0.035,591238.88,58,342918.55,2047.72,12000.0,82594.14377931874,15426.976577715684,771348.8288857841,61707.90631086274
2020,Anambra,Goats,101599,1.5,152.4,55625.82,20.0,11125.16,0.035,389380.76,58,225840.84,1348.6,12000.0,102459.38351838096,10159.967574856264,507998.37874281313,40639.870299425056
2020,Bauchi,Goats,2024264,1.5,3036.4,1108284.56,20.0,221656.91,0.035,7757991.92,58,4499635.32,26869.3,12000.0,104139.50666385819,202426.40377664688,10121320.188832343,809705.6151065875
2020,Bayelsa,Goats,103529,1.5,155.29,56682.32,20.0,11336.46,0.035,396776.27,58,230130.24,1374.21,12000.0,112199.5599872308,10352.935874452725,517646.7937226362,41411.7434978109
2020,Benue,Goats,572378,1.5,858.57,313377.22,20.0,62675.44,0.035,2193640.55,58,1272311.52,7597.53,12000.0,113001.97640720248,57237.84864153858,2861892.4320769287,228951.3945661543
2020,Borno,Goats,2299197,1.5,3448.8,1258810.69,20.0,251762.14,0.035,8811674.86,58,5110771.42,30518.66,12000.0,83082.33116537325,229919.76138411887,11495988.069205943,919679.0455364755
2020,Cross River,Goats,164107,1.5,246.16,89849.04,20.0,17969.81,0.035,628943.27,58,364787.1,2178.3,12000.0,93369.53274784243,16410.783345278323,820539.1672639162,65643.1333811133
2020,Delta,Goats,211395,1.5,317.09,115739.24,20.0,23147.85,0.035,810174.71,58,469901.33,2805.99,12000.0,108307.23738963663,21139.587908445876,1056979.3954222938,84558.3516337835
2020,Ebonyi,Goats,148081,1.5,222.12,81074.47,20.0,16214.89,0.035,567521.27,58,329162.34,1965.57,12000.0,100690.76225766438,14808.12190108274,740406.0950541369,59232.48760433096
2020,Edo,Goats,247009,1.5,370.51,135237.95,20.0,27047.59,0.035,946665.63,58,549066.07,3278.72,12000.0,85898.10106825136,24700.994989777453,1235049.7494888727,98803.97995910981
2020,Ekiti,Goats,144845,1.5,217.27,79303.07,20.0,15860.61,0.035,555121.46,58,321970.45,1922.63,12000.0,97360.77464695502,14484.578260827935,724228.9130413968,57938.31304331174
2020,Enugu,Goats,119303,1.5,178.96,65318.73,20.0,13063.75,0.035,457231.09,58,265194.03,1583.59,12000.0,88824.47810844846,11930.361117167005,596518.0558583502,47721.44446866802
2020,FCT,Goats,305893,1.5,458.84,167476.7,26.0,43543.94,0.035,1524037.98,58,883942.03,5278.41,16800.0,109426.5245695676,30589.35176438244,1529467.588219122,122357.40705752977
2020,Gombe,Goats,1539537,1.5,2309.31,842896.67,20.0,168579.33,0.035,5900276.71,58,3422160.49,20435.23,12000.0,117324.53325374231,153953.7303190026,7697686.515950131,615814.9212760105
2020,Imo,Goats,113136,1.5,169.7,61942.2,20.0,12388.44,0.035,433595.38,58,251485.32,1501.73,12000.0,96849.92213176288,11313.643438977422,565682.1719488711,45254.57375590969
2020,Jigawa,Goats,2259918,1.5,3389.88,1237305.13,20.0,247461.03,0.035,8661135.89,58,5023458.82,29997.28,12000.0,111426.06472320927,225991.8040471623,11299590.202358114,903967.2161886492
2020,Kaduna,Goats,1570234,1.5,2355.35,859703.28,26.0,223522.85,0.035,7823299.87,58,4537513.92,27095.49,12000.0,96396.19558785153,157023.43049139515,7851171.524569757,628093.7219655806
2020,Kano,Goats,2669901,1.5,4004.85,1461770.88,26.0,380060.43,0.035,13302114.97,58,7715226.68,46071.01,16800.0,95353.31807732176,266990.1142817809,13349505.714089043,1067960.4571271236
2020,Katsina,Goats,2840248,1.5,4260.37,1555036.04,20.0,311007.21,0.035,10885252.27,58,6313446.32,37700.37,12000.0,103510.77443448793,284024.8471887225,14201242.359436125,1136099.38875489
2020,Kebbi,Goats,1780100,1.5,2670.15,974605.28,20.0,194921.06,0.035,6822236.99,58,3956897.45,23628.38,12000.0,94489.41766609154,178010.0976190783,8900504.880953914,712040.3904763132
2020,Kogi,Goats,435106,1.5,652.66,238220.54,20.0,47644.11,0.035,1667543.81,58,967175.41,5775.43,12000.0,81047.86834128259,43510.60159867739,2175530.0799338697,174042.40639470957
2020,Kwara,Goats,452419,1.5,678.63,247699.5,20.0,49539.9,0.035,1733896.49,58,1005659.97,6005.24,12000.0,113267.88174703094,45241.917638913554,2262095.8819456776,180967.67055565421
2020,Lagos,Goats,76369,1.5,114.55,41812.1,26.0,10871.15,0.035,380490.11,58,220684.27,1317.8,16800.0,100723.15064955261,7636.9132959565,381845.66479782504,30547.653183826
2020,Nasarawa,Goats,671821,1.5,1007.73,367822.32,20.0,73564.46,0.035,2574756.21,58,1493358.6,8917.5,12000.0,117627.16980461363,67182.15803024283,3359107.901512142,268728.63212097134
2020,Niger,Goats,1427789,1.5,2141.68,781714.49,20.0,156342.9,0.035,5472001.45,58,3173760.84,18951.92,12000.0,97186.2725095574,142778.9027659732,7138945.1382986605,571115.6110638928
2020,Ogun,Goats,322363,1.5,483.55,176494.19,26.0,45888.49,0.035,1606097.12,58,931536.33,5562.61,12000.0,113677.34267167235,32236.381502907614,1611819.0751453806,128945.52601163046
2020,Ondo,Goats,234305,1.5,351.46,128282.03,20.0,25656.41,0.035,897974.18,58,520825.03,3110.08,12000.0,112105.73239182841,23430.50708923139,1171525.3544615693,93722.02835692556
2020,Osun,Goats,198327,1.5,297.49,108584.29,20.0,21716.86,0.035,760090.05,58,440852.23,2632.52,12000.0,99318.7548834142,19832.747546951574,991637.3773475785,79330.9901878063
2020,Oyo,Goats,370678,1.5,556.02,202946.42,20.0,40589.28,0.035,1420624.96,58,823962.48,4920.24,12000.0,83224.06055028498,37067.83977932755,1853391.9889663775,148271.3591173102
2020,Plateau,Goats,836470,1.5,1254.71,457967.48,20.0,91593.5,0.035,3205772.38,58,1859347.98,11102.98,12000.0,99858.44609421199,83647.02891158026,4182351.4455790124,334588.11564632104
2020,Rivers,Goats,118484,1.5,177.73,64870.22,26.0,16866.26,0.035,590318.99,58,342385.01,2044.53,16800.0,109180.32914609587,11848.441686276432,592422.0843138215,47393.76674510573
2020,Sokoto,Goats,3159307,1.5,4738.96,1729720.99,20.0,345944.2,0.035,12108046.91,58,7022667.21,41935.44,12000.0,86356.32670677414,315930.7739394666,15796538.696973331,1263723.0957578665
2020,Taraba,Goats,1226454,1.5,1839.68,671483.58,20.0,134296.72,0.035,4700385.09,58,2726223.35,16279.48,12000.0,85414.16329110743,122645.40358746341,6132270.17937317,490581.61434985365
2020,Yobe,Goats,1890495,1.5,2835.74,1035046.03,20.0,207009.21,0.035,7245322.21,58,4202286.88,25093.7,12000.0,106278.20625068559,189049.5030970457,9452475.154852284,756198.0123881828
2020,Zamfara,Goats,2291778,1.5,3437.67,1254748.53,20.0,250949.71,0.035,8783239.72,58,5094279.04,30420.18,12000.0,82758.32065425685,229177.81408550526,11458890.704275262,916711.256342021
2020,Abia,Sheep,45570,2.0,91.14,33266.5,25.0,8316.62,0.038,316031.74,59,186458.73,1113.43,10000.0,91287.482987728,6835.582081726881,364564.37769210036,27342.328326907525
2020,Adamawa,Sheep,857107,2.0,1714.21,625688.13,25.0,156422.03,0.038,5944037.21,59,3506981.95,20941.73,10000.0,89879.15196287999,128566.05346086946,6856856.184579705,514264.21384347783
2020,Akwa Ibom,Sheep,64875,2.0,129.75,47358.79,25.0,11839.7,0.038,449908.51,59,265446.02,1585.09,10000.0,89981.84799398025,9731.258244937866,519000.43973001954,38925.032979751464
2020,Anambra,Sheep,38175,2.0,76.35,27868.19,25.0,6967.05,0.038,264747.77,59,156201.18,932.75,10000.0,110375.93049671855,5726.339671354358,305404.7824722324,22905.358685417432
2020,Bauchi,Sheep,1187937,2.0,2375.88,867194.42,25.0,216798.61,0.038,8238346.99,59,4860624.73,29024.93,10000.0,111068.42227820725,178190.63432821943,9503500.497505037,712762.5373128777
2020,Bayelsa,Sheep,36522,2.0,73.05,26661.74,25.0,6665.43,0.038,253286.51,59,149439.04,892.37,10000.0,99502.84774693537,5478.439389077263,292183.4340841207,21913.75755630905
2020,Benue,Sheep,272016,2.0,544.03,198572.28,25.0,49643.07,0.038,1886436.62,59,1112997.61,6646.2,10000.0,82506.12813821418,40802.52240164955,2176134.528087976,163210.0896065982
2020,Borno,Sheep,1405673,2.0,2811.35,1026141.83,25.0,256535.46,0.038,9748347.37,59,5751524.95,34344.89,10000.0,85569.81484470381,210851.06068043204,11245389.902956376,843404.2427217282
2020,Cross River,Sheep,70453,2.0,140.91,51431.34,25.0,12857.83,0.038,488597.72,59,288272.66,1721.4,10000.0,96443.82410402826,10568.083432777954,563631.1164148243,42272.333731111816
2020,Delta,Sheep,77557,2.0,155.11,56616.97,25.0,14154.24,0.038,537861.22,59,317338.12,1894.97,10000.0,115993.33382749089,11633.623983021222,620459.9457611318,46534.49593208489
2020,Ebonyi,Sheep,54261,2.0,108.52,39611.17,25.0,9902.79,0.038,376306.14,59,222020.62,1325.78,10000.0,106551.58744702357,8139.282114195881,434095.046090447,32557.128456783525
2020,Edo,Sheep,109267,2.0,218.54,79765.56,25.0,19941.39,0.038,757772.81,59,447085.96,2669.75,10000.0,102406.72733847368,16390.183302640653,874143.1094741682,65560.73321056261
2020,Ekiti,Sheep,86989,2.0,173.98,63502.09,25.0,15875.52,0.038,603269.82,59,355929.19,2125.41,10000.0,82090.31517144095,13048.373908879421,695913.2751402358,52193.495635517684
2020,Enugu,Sheep,54106,2.0,108.21,39497.91,25.0,9874.48,0.038,375230.15,59,221385.79,1321.99,10000.0,90406.31163848205,8116.008976472367,432853.81207852624,32464.03590588947
2020,FCT,Sheep,156924,2.0,313.85,114554.98,32.5,37230.37,0.038,1414753.99,59,834704.86,4984.39,14000.0,119251.88361988986,23538.694342413284,1255397.0315953752,94154.77736965314
2020,Gombe,Sheep,761044,2.0,1522.09,555562.71,25.0,138890.68,0.038,5277845.76,59,3113929.0,18594.64,10000.0,106166.98405896297,114156.72149866195,6088358.479928638,456626.8859946478
2020,Imo,Sheep,42282,2.0,84.57,30866.5,25.0,7716.63,0.038,293231.76,59,173006.74,1033.1,10000.0,102613.2101828644,6342.431804225648,338263.02955870127,25369.727216902593
2020,Jigawa,Sheep,1389901,2.0,2779.8,1014627.8,25.0,253656.95,0.038,9638964.1,59,5686988.82,33959.51,10000.0,118880.21318526148,208485.16444091013,11119208.770181874,833940.6577636405
2020,Kaduna,Sheep,1021705,2.0,2043.41,745844.98,32.5,242399.62,0.038,9211185.53,59,5434599.46,32452.38,10000.0,93980.25488347275,153255.818180894,8173643.636314347,613023.272723576
2020,Kano,Sheep,1384228,2.0,2768.46,1010486.98,32.5,328408.27,0.038,12479514.16,59,7362913.36,43967.2,14000.0,86049.87314939738,207634.31031995697,11073829.88373104,830537.2412798279
2020,Katsina,Sheep,1701114,2.0,3402.23,1241813.29,25.0,310453.32,0.038,11797226.25,59,6960363.49,41563.39,10000.0,90038.66645361192,255167.11421736667,13608912.758259557,1020668.4568694667
2020,Kebbi,Sheep,2140246,2.0,4280.49,1562379.89,25.0,390594.97,0.038,14842608.94,59,8757139.28,52292.73,10000.0,102448.911531301,321036.96347046824,17121971.38509164,1284147.853881873
2020,Kogi,Sheep,200935,2.0,401.87,146683.01,25.0,36670.75,0.038,1393488.64,59,822158.3,4909.47,10000.0,84590.7548747687,30140.3454682462,1607485.0916397974,120561.3818729848
2020,Kwara,Sheep,268006,2.0,536.01,195645.1,25.0,48911.27,0.038,1858628.44,59,1096590.78,6548.23,10000.0,108912.57212833935,40201.047700120755,2144055.877339774,160804.19080048302
2020,Lagos,Sheep,27406,2.0,54.81,20006.39,32.5,6502.08,0.038,247078.88,59,145776.54,870.5,14000.0,108313.40388919075,4110.901525710002,219248.0813712001,16443.606102840007
2020,Nasarawa,Sheep,353047,2.0,706.1,257724.8,25.0,64431.2,0.038,2448385.63,59,1444547.52,8626.03,10000.0,83269.01382987112,52957.15128209779,2824381.401711882,211828.60512839115
2020,Niger,Sheep,892494,2.0,1784.99,651520.7,25.0,162880.18,0.038,6189446.69,59,3651773.55,21806.35,10000.0,99387.85148520189,133874.11732127372,7139952.923801266,535496.4692850949
2020,Ogun,Sheep,139973,2.0,279.95,102180.46,32.5,33208.65,0.038,1261928.71,59,744537.94,4445.96,10000.0,117827.92588001129,20995.98543073474,1119785.8896391862,83983.94172293897
2020,Ondo,Sheep,128399,2.0,256.8,93731.57,25.0,23432.89,0.038,890449.9,59,525365.44,3137.19,10000.0,106760.89349316433,19259.91133733038,1027195.271324287,77039.64534932152
2020,Osun,Sheep,99245,2.0,198.49,72449.52,25.0,18112.38,0.038,688270.39,59,406079.53,2424.88,10000.0,96470.62166338034,14886.886683001821,793967.2897600972,59547.546732007286
2020,Oyo,Sheep,185435,2.0,370.87,135367.58,25.0,33841.9,0.038,1285992.04,59,758735.3,4530.74,10000.0,101817.27477627622,27815.256722615155,1483480.358539475,111261.02689046062
2020,Plateau,Sheep,364981,2.0,729.96,266436.75,25.0,66609.19,0.038,2531149.12,59,1493377.98,8917.62,10000.0,100500.10595081327,54747.27727058263,2919854.7877644068,218989.1090823305
2020,Rivers,Sheep,53064,2.0,106.13,38736.75,32.5,12589.44,0.038,478398.82,59,282255.3,1685.47,14000.0,98369.59510387832,7959.6054258492595,424512.2893786272,31838.421703397038
2020,Sokoto,Sheep,2002860,2.0,4005.72,1462088.45,25.0,365522.11,0.038,13889840.3,59,8195005.78,48935.99,10000.0,111451.12797536132,300429.1341185817,16022887.152991025,1201716.5364743269
2020,Taraba,Sheep,658190,2.0,1316.38,480479.38,25.0,120119.84,0.038,4564554.1,59,2693086.92,16081.61,10000.0,90344.83339552155,98728.63942485546,5265527.435992291,394914.5576994218
2020,Yobe,Sheep,1026235,2.0,2052.47,749151.84,25.0,187287.96,0.038,7116942.48,59,4198996.07,25074.05,10000.0,93208.6025948599,153935.30966326577,8209883.182040841,615741.2386530631
2020,Zamfara,Sheep,1682160,2.0,3364.32,1227977.15,25.0,306994.29,0.038,11665782.94,59,6882811.94,41100.3,10000.0,100775.4343801575,252324.07227305445,13457283.854562905,1009296.2890922178
2020,Abia,Poultry,3575709,0.15,536.36,195770.11,80.0,156616.09,0.08,12529287.03,65,8144036.57,48631.63,3000.0,115113.20312608164,3575.7097683545417,1072712.9305063623,143028.39073418168
2020,Adamawa,Poultry,591754,0.15,88.76,32398.53,80.0,25918.83,0.08,2073506.03,65,1347778.92,8048.18,3000.0,114823.13700184028,591.7540040446682,177526.2012134005,23670.16016178673
2020,Akwa Ibom,Poultry,2843277,0.15,426.49,155669.46,80.0,124535.56,0.08,9962845.15,65,6475849.35,38670.15,3000.0,98049.57376723952,2843.277726828924,852983.3180486772,113731.10907315696
2020,Anambra,Poultry,4936490,0.15,740.47,270272.87,80.0,216218.29,0.08,17297463.38,65,11243351.2,67139.0,3000.0,110880.49905239961,4936.490690526787,1480947.207158036,197459.6276210715
2020,Bauchi,Poultry,724346,0.15,108.65,39657.99,80.0,31726.39,0.08,2538111.14,65,1649772.24,9851.52,3000.0,82608.18365041968,724.3467873960896,217304.03621882686,28973.87149584358
2020,Bayelsa,Poultry,297835,0.15,44.68,16306.51,80.0,13045.21,0.08,1043616.93,65,678351.01,4050.73,3000.0,116368.8082344624,297.83588260873995,89350.76478262198,11913.435304349598
2020,Benue,Poultry,1612384,0.15,241.86,88278.06,80.0,70622.44,0.08,5649795.55,65,3672367.11,21929.32,3000.0,99912.50032137161,1612.3845753448688,483715.37260346056,64495.38301379475
2020,Borno,Poultry,460547,0.15,69.08,25214.97,80.0,20171.97,0.08,1613757.98,65,1048942.69,6263.7,3000.0,106271.20418897177,460.54736999566313,138164.21099869892,18421.894799826525
2020,Cross River,Poultry,3406146,0.15,510.92,186486.49,80.0,149189.2,0.08,11935135.66,65,7757838.18,46325.47,3000.0,95216.8003003025,3406.1460227841444,1021843.8068352432,136245.84091136575
2020,Delta,Poultry,5803173,0.15,870.48,317723.72,80.0,254178.98,0.08,20334318.32,65,13217306.91,78926.36,3000.0,118579.06615603247,5803.173036017862,1740951.9108053583,232126.92144071445
2020,Ebonyi,Poultry,1411129,0.15,211.67,77259.36,80.0,61807.49,0.08,4944599.3,65,3213989.55,19192.15,3000.0,100933.18524778966,1411.1299377383068,423338.98132149206,56445.19750953227
2020,Edo,Poultry,4787137,0.15,718.07,262095.8,80.0,209676.64,0.08,16774131.41,65,10903185.41,65107.72,3000.0,111714.17676135358,4787.137958084576,1436141.3874253726,191485.51832338303
2020,Ekiti,Poultry,2234141,0.15,335.12,122319.22,80.0,97855.38,0.08,7828430.35,65,5088479.73,30385.55,3000.0,105383.29670201216,2234.1410809877098,670242.3242963129,89365.64323950838
2020,Enugu,Poultry,3708539,0.15,556.28,203042.56,80.0,162434.05,0.08,12994723.85,65,8446570.5,50438.19,3000.0,95838.8189064982,3708.539911731126,1112561.9735193376,148341.59646924504
2020,FCT,Poultry,2166036,0.15,324.91,118590.47,90.0,106731.43,0.08,8538514.02,65,5550034.11,33141.7,4200.0,101321.1546898456,2166.0360273628175,649810.8082088452,86641.4410945127
2020,Gombe,Poultry,652113,0.15,97.82,35703.22,80.0,28562.58,0.08,2285006.32,65,1485254.11,8869.11,3000.0,107835.9647267521,652.1136751969489,195634.10255908463,26084.547007877954
2020,Imo,Poultry,4234609,0.15,635.19,231844.85,80.0,185475.88,0.08,14838070.22,65,9644745.64,57593.02,3000.0,92670.46708270107,4234.609080350603,1270382.724105181,169384.3632140241
2020,Jigawa,Poultry,482146,0.15,72.32,26397.5,80.0,21118.0,0.08,1689440.05,65,1098136.03,6557.45,3000.0,116245.73019063065,482.14613312988774,144643.83993896632,19285.84532519551
2020,Kaduna,Poultry,7643047,0.15,1146.46,418456.83,90.0,376611.15,0.08,30128891.98,65,19583779.79,116943.37,3000.0,119340.85890860888,7643.047179804495,2292914.153941348,305721.8871921798
2020,Kano,Poultry,556885,0.15,83.53,30489.47,90.0,27440.53,0.08,2195242.18,65,1426907.42,8520.69,4200.0,88080.6267360996,556.885383365851,167065.6150097553,22275.415334634043
2020,Katsina,Poultry,468422,0.15,70.26,25646.13,80.0,20516.9,0.08,1641352.38,65,1066879.05,6370.8,3000.0,115759.58840031482,468.42248392380264,140526.74517714078,18736.899356952104
2020,Kebbi,Poultry,391726,0.15,58.76,21447.01,80.0,17157.61,0.08,1372608.72,65,892195.67,5327.69,3000.0,86084.17132889091,391.7262339766971,117517.87019300912,15669.049359067883
2020,Kogi,Poultry,988064,0.15,148.21,54096.54,80.0,43277.23,0.08,3462178.65,65,2250416.12,13438.22,3000.0,104611.92100279208,988.0646836736698,296419.4051021009,39522.58734694679
2020,Kwara,Poultry,1100031,0.15,165.0,60226.72,80.0,48181.37,0.08,3854509.96,65,2505431.47,14961.03,3000.0,115296.65473629355,1100.031380397452,330009.4141192356,44001.25521589808
2020,Lagos,Poultry,10607207,0.15,1591.08,580744.59,90.0,522670.13,0.08,41813610.27,65,27178846.68,162296.85,4200.0,100208.27094306552,10607.20707088307,3182162.121264921,424288.28283532284
2020,Nasarawa,Poultry,1530795,0.15,229.62,83811.05,80.0,67048.84,0.08,5363907.26,65,3486539.72,20819.66,3000.0,96710.43917100399,1530.795452272568,459238.63568177033,61231.818090902714
2020,Niger,Poultry,987139,0.15,148.07,54045.91,80.0,43236.73,0.08,3458938.06,65,2248309.74,13425.65,3000.0,106716.79995214508,987.1398574265697,296141.9572279709,39485.59429706279
2020,Ogun,Poultry,15404013,0.15,2310.6,843369.76,90.0,759032.78,0.08,60722622.48,65,39469704.61,235690.97,3000.0,86638.19581183139,15404.013819761823,4621204.145928547,616160.552790473
2020,Ondo,Poultry,2690963,0.15,403.64,147330.27,80.0,117864.22,0.08,9429137.43,65,6128939.33,36598.59,3000.0,97099.5875168246,2690.963879152322,807289.1637456967,107638.55516609289
2020,Osun,Poultry,2610850,0.15,391.63,142944.08,80.0,114355.26,0.08,9148420.88,65,5946473.57,35509.01,3000.0,80504.30079903036,2610.8507072381885,783255.2121714565,104434.02828952754
2020,Oyo,Poultry,12143413,0.15,1821.51,664851.9,80.0,531881.52,0.08,42550521.4,65,27657838.91,165157.13,3000.0,101095.98488490705,12143.413640732118,3643024.0922196354,485736.54562928475
2020,Plateau,Poultry,1878967,0.15,281.85,102873.46,80.0,82298.77,0.08,6583901.43,65,4279535.93,25554.99,3000.0,115610.32212071208,1878.9673040528971,563690.191215869,75158.69216211588
2020,Rivers,Poultry,5495287,0.15,824.29,300867.01,90.0,270780.31,0.08,21662424.91,65,14080576.19,84081.32,4200.0,109259.85961361449,5495.287901571636,1648586.3704714908,219811.51606286544
2020,Sokoto,Poultry,374992,0.15,56.25,20530.86,80.0,16424.69,0.08,1313975.32,65,854083.96,5100.11,3000.0,114327.08212628655,374.9929555278066,112497.88665834197,14999.718221112264
2020,Taraba,Poultry,638287,0.15,95.74,34946.25,80.0,27957.0,0.08,2236559.83,65,1453763.89,8681.06,3000.0,101631.75019942177,638.2876216633988,191486.28649901962,25531.504866535954
2020,Yobe,Poultry,416819,0.15,62.52,22820.86,80.0,18256.69,0.08,1460535.26,65,949347.92,5668.97,3000.0,92574.00452734994,416.819423889865,125045.8271669595,16672.7769555946
2020,Zamfara,Poultry,347981,0.15,52.2,19052.0,80.0,15241.6,0.08,1219328.06,65,792563.24,4732.74,3000.0,112865.47590841887,347.9817529252971,104394.52587758911,13919.270117011883
2020,Abia,Pigs,79348,4.0,317.39,115848.44,70.0,81093.9,0.06,4865634.27,62,3016693.25,18014.0,4000.0,94311.93061301767,793.4824315477142,1190223.6473215714,63478.59452381714
2020,Adamawa,Pigs,79907,4.0,319.63,116664.8,70.0,81665.36,0.06,4899921.72,62,3037951.46,18140.94,4000.0,113129.97009748872,799.0739915600481,1198610.987340072,63925.91932480384
2020,Akwa Ibom,Pigs,386816,4.0,1547.27,564752.3,70.0,395326.61,0.06,23719596.6,62,14706149.89,87816.89,4000.0,86950.46372542976,3868.1664378966984,5802249.656845048,309453.31503173587
2020,Anambra,Pigs,104240,4.0,416.96,152190.81,70.0,106533.57,0.06,6392013.99,62,3963048.68,23665.11,4000.0,113039.12850832328,1042.402804066156,1563604.206099234,83392.2243252925
2020,Bauchi,Pigs,27603,4.0,110.42,40301.58,70.0,28211.11,0.06,1692666.54,62,1049453.26,6266.75,4000.0,89594.96451023778,276.038248711412,414057.373067118,22083.05989691296
2020,Bayelsa,Pigs,37135,4.0,148.54,54218.23,70.0,37952.76,0.06,2277165.78,62,1411842.78,8430.73,4000.0,93917.65646328666,371.3577591808795,557036.6387713193,29708.62073447036
2020,Benue,Pigs,792056,4.0,3168.22,1156401.99,70.0,809481.39,0.06,48568883.52,62,30112707.79,179816.23,4000.0,109953.05347853227,7920.561566248661,11880842.34937299,633644.9252998929
2020,Borno,Pigs,20604,4.0,82.42,30082.7,70.0,21057.89,0.06,1263473.48,62,783353.56,4677.75,4000.0,104837.14269913724,206.04590339526698,309068.85509290046,16483.67227162136
2020,Cross River,Pigs,436713,4.0,1746.85,637602.07,70.0,446321.45,0.06,26779286.86,62,16603157.85,99144.76,4000.0,113657.9021233904,4367.137451948689,6550706.177923033,349370.9961558951
2020,Delta,Pigs,298277,4.0,1193.11,435484.76,70.0,304839.33,0.06,18290359.75,62,11340023.04,67716.27,4000.0,119164.19752060619,2982.772300438899,4474158.450658348,238621.78403511192
2020,Ebonyi,Pigs,112951,4.0,451.8,164908.65,70.0,115436.05,0.06,6926163.11,62,4294221.13,25642.68,4000.0,85050.58966258011,1129.5112704250623,1694266.9056375935,90360.90163400499
2020,Edo,Pigs,289865,4.0,1159.46,423204.28,70.0,296242.99,0.06,17774579.65,62,11020239.39,65806.7,4000.0,93004.16061726796,2898.659434762243,4347989.152143365,231892.75478097948
2020,Ekiti,Pigs,207453,4.0,829.81,302881.51,70.0,212017.06,0.06,12721023.35,62,7887034.48,47096.95,4000.0,82785.64592649623,2074.530878674439,3111796.3180116587,165962.47029395515
2020,Enugu,Pigs,65448,4.0,261.79,95554.58,70.0,66888.2,0.06,4013292.22,62,2488241.17,14858.38,4000.0,114229.49035623146,654.4834012046343,981725.1018069516,52358.67209637075
2020,FCT,Pigs,75634,4.0,302.54,110426.91,90.0,99384.22,0.06,5963053.38,62,3697093.1,22076.97,5600.0,113481.64500971761,756.3487291237625,1134523.0936856437,60507.898329901
2020,Gombe,Pigs,23896,4.0,95.59,34888.72,70.0,24422.1,0.06,1465326.05,62,908502.15,5425.07,4000.0,105715.2764023483,238.96380442272053,358445.7066340808,19117.104353817642
2020,Imo,Pigs,93494,4.0,373.98,136502.28,70.0,95551.59,0.06,5733095.64,62,3554519.29,21225.6,4000.0,100506.19012580212,934.9471032317697,1402420.6548476545,74795.76825854158
2020,Jigawa,Pigs,9610,4.0,38.44,14031.51,70.0,9822.06,0.06,589323.3,62,365380.45,2181.85,4000.0,88505.77505484385,96.10621353393462,144159.32030090195,7688.49708271477
2020,Kaduna,Pigs,45331,4.0,181.33,66184.56,90.0,59566.11,0.06,3573966.49,62,2215859.22,13231.87,4000.0,92157.85604962896,453.3189354562426,679978.403184364,36265.51483649941
2020,Kano,Pigs,15459,4.0,61.84,22570.85,90.0,20313.77,0.06,1218826.06,62,755672.16,4512.45,5600.0,117532.1927379393,154.59488371593852,231892.3255739078,12367.590697275082
2020,Katsina,Pigs,10742,4.0,42.97,15683.92,70.0,10978.74,0.06,658724.52,62,408409.2,2438.79,4000.0,110642.5910614121,107.42408964526105,161136.13446789156,8593.927171620884
2020,Kebbi,Pigs,10576,4.0,42.31,15442.27,70.0,10809.59,0.06,648575.18,62,402116.61,2401.22,4000.0,106599.3961390398,105.76894686506597,158653.42029759896,8461.515749205279
2020,Kogi,Pigs,142808,4.0,571.23,208500.56,70.0,145950.4,0.06,8757023.7,62,5429354.7,32421.07,4000.0,116287.80122823319,1428.0860572698011,2142129.0859047016,114246.88458158409
2020,Kwara,Pigs,62048,4.0,248.2,90591.23,70.0,63413.86,0.06,3804831.66,62,2358995.63,14086.6,4000.0,102417.6252392176,620.4878774287001,930731.8161430502,49639.030194296014
2020,Lagos,Pigs,46109,4.0,184.44,67320.45,90.0,60588.4,0.06,3635304.1,62,2253888.54,13458.96,5600.0,97882.22175225701,461.0989469213481,691648.4203820222,36887.91575370785
2020,Nasarawa,Pigs,198414,4.0,793.66,289684.92,70.0,202779.45,0.06,12166766.77,62,7543395.4,45044.93,4000.0,114582.5443809068,1984.1433084807709,2976214.962721156,158731.46467846166
2020,Niger,Pigs,100932,4.0,403.73,147362.13,70.0,103153.49,0.06,6189209.38,62,3837309.81,22914.27,4000.0,95216.02195881639,1009.3296440375576,1513994.4660563364,80746.37152300461
2020,Ogun,Pigs,197164,4.0,788.66,287860.63,90.0,259074.56,0.06,15544473.76,62,9637573.73,57550.19,4000.0,84428.82373305263,1971.648118263838,2957472.177395757,157731.84946110705
2020,Ondo,Pigs,246127,4.0,984.51,359346.04,70.0,251542.22,0.06,15092533.48,62,9357370.76,55876.98,4000.0,81680.98700685622,2461.2742141559725,3691911.3212339585,196901.9371324778
2020,Osun,Pigs,125757,4.0,503.03,183606.24,70.0,128524.37,0.06,7711462.1,62,4781106.5,28550.09,4000.0,116723.06208796603,1257.5769889840633,1886365.4834760951,100606.15911872507
2020,Oyo,Pigs,143401,4.0,573.6,209365.64,70.0,146555.94,0.06,8793356.67,62,5451881.14,32555.58,4000.0,114333.66707196482,1434.0111988651468,2151016.79829772,114720.89590921174
2020,Plateau,Pigs,479221,4.0,1916.89,699663.86,70.0,489764.7,0.06,29385882.19,62,18219246.96,108795.14,4000.0,116430.80646575661,4792.218230461898,7188327.345692848,383377.4584369519
2020,Rivers,Pigs,367777,4.0,1471.11,536954.91,90.0,483259.42,0.06,28995564.95,62,17977250.27,107350.07,5600.0,112196.27107365755,3677.773332517749,5516659.998776623,294221.8666014199
2020,Sokoto,Pigs,10843,4.0,43.37,15831.09,70.0,11081.77,0.06,664905.99,62,412241.71,2461.68,4000.0,118512.41428296104,108.43215733441092,162648.23600161637,8674.572586752873
2020,Taraba,Pigs,125440,4.0,501.76,183142.55,70.0,128199.79,0.06,7691987.17,62,4769032.04,28477.99,4000.0,92190.04381544533,1254.4010380968775,1881601.5571453164,100352.08304775022
2020,Yobe,Pigs,15988,4.0,63.95,23342.75,70.0,16339.92,0.06,980395.44,62,607845.17,3629.71,4000.0,91260.8479365972,159.88183994576542,239822.75991864814,12790.547195661235
2020,Zamfara,Pigs,8596,4.0,34.39,12550.75,70.0,8785.53,0.06,527131.62,62,326821.61,1951.6,4000.0,84503.21561647748,85.96406143305806,128946.0921495871,6877.124914644646
2021,Abia,Cattle,105738,20.0,2114.78,771893.96,30.0,231568.19,0.04,9262727.56,60,5557636.53,33187.09,8000.0,101627.93906579641,52869.44953100169,5286944.953100169,264347.24765500845
2021,Adamawa,Cattle,1219000,20.0,24380.02,8898706.87,30.0,2669612.06,0.04,106784482.48,60,64070689.49,382594.28,8000.0,89675.75313035357,609500.4707479154,60950047.07479154,3047502.3537395773
2021,Akwa Ibom,Cattle,110030,20.0,2200.61,803222.36,30.0,240966.71,0.04,9638668.3,60,5783200.98,34534.04,8000.0,98750.71861858023,55015.230010293024,5501523.001029302,275076.15005146514
2021,Anambra,Cattle,78049,20.0,1560.99,569760.39,30.0,170928.12,0.04,6837124.64,60,4102274.79,24496.49,8000.0,103934.29937191035,39024.68403945729,3902468.4039457287,195123.42019728644
2021,Bauchi,Cattle,1375464,20.0,27509.28,10040887.38,30.0,3012266.21,0.04,120490648.52,60,72294389.11,431701.61,8000.0,91996.76446027939,687732.0121131074,68773201.21131074,3438660.060565537
2021,Bayelsa,Cattle,85233,20.0,1704.67,622203.45,30.0,186661.03,0.04,7466441.34,60,4479864.8,26751.24,8000.0,81925.71343913414,42616.674319290476,4261667.431929047,213083.37159645237
2021,Benue,Cattle,551095,20.0,11021.91,4022995.61,30.0,1206898.68,0.04,48275947.36,60,28965568.42,172966.15,8000.0,114090.55497564726,275547.6447547914,27554764.47547914,1377738.223773957
2021,Borno,Cattle,1587549,20.0,31750.99,11589112.07,30.0,3476733.62,0.04,139069344.84,60,83441606.91,498266.55,8000.0,103728.86280429538,793774.7993435761,79377479.93435761,3968873.9967178805
2021,Cross River,Cattle,164357,20.0,3287.15,1199808.88,30.0,359942.66,0.04,14397706.5,60,8638623.9,51585.02,8000.0,87413.20718114858,82178.6900716483,8217869.00716483,410893.45035824156
2021,Delta,Cattle,167480,20.0,3349.61,1222606.75,30.0,366782.02,0.04,14671280.94,60,8802768.57,52565.2,8000.0,89580.40679638152,83740.18803814588,8374018.803814587,418700.9401907294
2021,Ebonyi,Cattle,139861,20.0,2797.23,1020989.53,30.0,306296.86,0.04,12251874.39,60,7351124.63,43896.8,8000.0,81386.81066905933,69930.78990507212,6993078.990507212,349653.9495253606
2021,Edo,Cattle,227221,20.0,4544.44,1658719.12,30.0,497615.73,0.04,19904629.4,60,11942777.64,71315.58,8000.0,119817.5006476524,113610.89837778617,11361089.837778617,568054.4918889309
2021,Ekiti,Cattle,108827,20.0,2176.55,794442.54,30.0,238332.76,0.04,9533310.43,60,5719986.26,34156.55,8000.0,100857.82756174359,54413.8723133894,5441387.231338941,272069.361566947
2021,Enugu,Cattle,102006,20.0,2040.13,744647.46,30.0,223394.24,0.04,8935769.54,60,5361461.72,32015.65,8000.0,113254.9405754284,51003.25080218752,5100325.080218752,255016.25401093758
2021,FCT,Cattle,207222,20.0,4144.45,1512724.15,39.0,589962.42,0.04,23598496.77,60,14159098.06,84550.2,11200.0,84597.31988238267,103611.24328616093,10361124.328616092,518056.21643080463
2021,Gombe,Cattle,562288,20.0,11245.76,4104703.36,30.0,1231411.01,0.04,49256440.33,60,29553864.2,176479.13,8000.0,116385.0727774637,281144.0658311894,28114406.583118938,1405720.329155947
2021,Imo,Cattle,94534,20.0,1890.69,690100.64,30.0,207030.19,0.04,8281207.69,60,4968724.62,29670.44,8000.0,113171.47197267023,47267.16720430579,4726716.720430579,236335.83602152896
2021,Jigawa,Cattle,1101614,20.0,22032.3,8041788.62,30.0,2412536.58,0.04,96501463.38,60,57900878.03,345751.62,8000.0,102870.89408193289,550807.4393889041,55080743.93889041,2754037.196944521
2021,Kaduna,Cattle,1631272,20.0,32625.44,11908286.75,39.0,4644231.83,0.04,185769273.34,60,111461564.0,665586.04,8000.0,97217.0964128396,815636.0789412996,81563607.89412996,4078180.394706498
2021,Kano,Cattle,1183812,20.0,23676.26,8641833.39,39.0,3370315.02,0.04,134812600.91,60,80887560.55,483015.21,11200.0,97383.83843434846,591906.3967077727,59190639.670777276,2959531.9835388637
2021,Katsina,Cattle,2160181,20.0,43203.62,15769322.08,30.0,4730796.62,0.04,189231864.97,60,113539118.98,677992.04,8000.0,104076.93724060527,1080090.553493536,108009055.34935361,5400452.76746768
2021,Kebbi,Cattle,2429655,20.0,48593.11,17736483.64,30.0,5320945.09,0.04,212837803.71,60,127702682.23,762568.9,8000.0,97735.20057516752,1214827.6467610279,121482764.67610279,6074138.23380514
2021,Kogi,Cattle,363216,20.0,7264.32,2651478.34,30.0,795443.5,0.04,31817740.07,60,19090644.04,113998.64,8000.0,105252.30212367955,181608.1054192389,18160810.54192389,908040.5270961946
2021,Kwara,Cattle,413853,20.0,8277.06,3021127.96,30.0,906338.39,0.04,36253535.53,60,21752121.32,129891.49,8000.0,108105.35092342066,206926.5726761291,20692657.267612908,1034632.8633806454
2021,Lagos,Cattle,48132,20.0,962.65,351365.97,39.0,137032.73,0.04,5481309.06,60,3288785.44,19638.78,11200.0,100494.55110183163,24066.162019344018,2406616.201934402,120330.81009672009
2021,Nasarawa,Cattle,563557,20.0,11271.14,4113966.95,30.0,1234190.08,0.04,49367603.35,60,29620562.01,176877.41,8000.0,95380.4531057925,281778.55793187086,28177855.793187086,1408892.7896593544
2021,Niger,Cattle,1114843,20.0,22296.87,8138356.41,30.0,2441506.92,0.04,97660276.86,60,58596166.12,349903.49,8000.0,106088.9703818189,557421.6715891126,55742167.15891126,2787108.3579455633
2021,Ogun,Cattle,276886,20.0,5537.74,2021274.94,39.0,788297.22,0.04,31531888.99,60,18919133.4,112974.47,8000.0,104026.04266193423,138443.48873568958,13844348.873568958,692217.4436784479
2021,Ondo,Cattle,213099,20.0,4261.99,1555627.49,30.0,466688.25,0.04,18667529.93,60,11200517.96,66883.22,8000.0,100250.64237980811,106549.8283767077,10654982.83767077,532749.1418835385
2021,Osun,Cattle,156487,20.0,3129.75,1142358.68,30.0,342707.61,0.04,13708304.2,60,8224982.52,49114.99,8000.0,82837.28864535094,78243.7454381753,7824374.54381753,391218.7271908765
2021,Oyo,Cattle,289827,20.0,5796.55,2115742.29,30.0,634722.69,0.04,25388907.46,60,15233344.48,90965.0,8000.0,94474.12372820555,144913.8553840595,14491385.538405951,724569.2769202975
2021,Plateau,Cattle,710072,20.0,14201.44,5183525.97,30.0,1555057.79,0.04,62202311.68,60,37321387.01,222862.42,8000.0,81825.94982009535,355036.0255474651,35503602.55474651,1775180.1277373254
2021,Rivers,Cattle,94285,20.0,1885.71,688282.61,39.0,268430.22,0.04,10737208.79,60,6442325.27,38469.96,11200.0,91072.57231165223,47142.64483114171,4714264.483114171,235713.22415570857
2021,Sokoto,Cattle,2801424,20.0,56028.49,20450400.59,30.0,6135120.18,0.04,245404807.03,60,147242884.22,879252.05,8000.0,93253.88028412203,1400712.368870669,140071236.8870669,7003561.844353345
2021,Taraba,Cattle,914702,20.0,18294.05,6677329.99,30.0,2003199.0,0.04,80127959.87,60,48076775.92,287087.58,8000.0,87843.90850953571,457351.3691346892,45735136.91346892,2286756.845673446
2021,Yobe,Cattle,837350,20.0,16747.0,6112656.51,30.0,1833796.95,0.04,73351878.12,60,44011126.87,262809.8,8000.0,91227.32862063897,418675.10342252697,41867510.342252694,2093375.5171126348
2021,Zamfara,Cattle,1735185,20.0,34703.71,12666855.93,30.0,3800056.78,0.04,152002271.18,60,91201362.71,544603.47,8000.0,100662.90513783916,867592.8720577708,86759287.20577708,4337964.360288855
2021,Abia,Goats,112457,1.5,168.69,61570.44,20.0,12314.09,0.035,430993.08,58,249975.99,1492.72,12000.0,80306.56130596901,11245.742474704412,562287.1237352205,44982.969898817646
2021,Adamawa,Goats,1585607,1.5,2378.41,868119.9,20.0,173623.98,0.035,6076839.29,58,3524566.79,21046.74,12000.0,81468.85450003284,158560.71198582242,7928035.599291121,634242.8479432897
2021,Akwa Ibom,Goats,143770,1.5,215.66,78714.3,20.0,15742.86,0.035,551000.07,58,319580.04,1908.35,12000.0,93554.42597355007,14377.040352887758,718852.0176443878,57508.16141155103
2021,Anambra,Goats,110293,1.5,165.44,60385.85,20.0,12077.17,0.035,422700.92,58,245166.53,1464.0,12000.0,102881.94573477203,11029.378213526012,551468.9106763005,44117.51285410405
2021,Bauchi,Goats,2125371,1.5,3188.06,1163640.69,20.0,232728.14,0.035,8145484.8,58,4724381.18,28211.36,12000.0,91739.55292832486,212537.11158055207,10626855.579027604,850148.4463222083
2021,Bayelsa,Goats,112980,1.5,169.47,61856.81,20.0,12371.36,0.035,432997.68,58,251138.65,1499.66,12000.0,95880.60164948767,11298.04773642026,564902.386821013,45192.19094568104
2021,Benue,Goats,577973,1.5,866.96,316440.59,20.0,63288.12,0.035,2215084.16,58,1284748.81,7671.8,12000.0,104682.66064471204,57797.36886162673,2889868.4430813366,231189.47544650693
2021,Borno,Goats,2249707,1.5,3374.56,1231714.91,20.0,246342.98,0.035,8622004.38,58,5000762.54,29861.75,12000.0,93808.92571206768,224970.76006591908,11248538.003295954,899883.0402636763
2021,Cross River,Goats,187477,1.5,281.22,102643.93,20.0,20528.79,0.035,718507.53,58,416734.37,2488.5,12000.0,114968.90098740703,18747.75029855948,937387.514927974,74991.00119423792
2021,Delta,Goats,207731,1.5,311.6,113733.02,20.0,22746.6,0.035,796131.12,58,461756.05,2757.35,12000.0,108090.35064126657,20773.153774214898,1038657.6887107448,83092.61509685959
2021,Ebonyi,Goats,159950,1.5,239.93,87573.08,20.0,17514.62,0.035,613011.54,58,355546.69,2123.13,12000.0,85259.56479591926,15995.082635165294,799754.1317582647,63980.330540661176
2021,Edo,Goats,248286,1.5,372.43,135936.61,20.0,27187.32,0.035,951556.25,58,551902.62,3295.65,12000.0,95783.04302390586,24828.603932701502,1241430.1966350751,99314.41573080601
2021,Ekiti,Goats,153561,1.5,230.34,84074.67,20.0,16814.93,0.035,588522.68,58,341343.16,2038.31,12000.0,96440.84301062183,15356.103917041157,767805.1958520578,61424.41566816463
2021,Enugu,Goats,146221,1.5,219.33,80056.44,20.0,16011.29,0.035,560395.05,58,325029.13,1940.89,12000.0,108561.30577867426,14622.180150912924,731109.0075456462,58488.720603651695
2021,FCT,Goats,318733,1.5,478.1,174506.47,26.0,45371.68,0.035,1588008.91,58,921045.17,5499.97,16800.0,92374.90871451129,31873.328535925993,1593666.4267962996,127493.31414370397
2021,Gombe,Goats,1565194,1.5,2347.79,856943.92,20.0,171388.78,0.035,5998607.43,58,3479192.31,20775.79,12000.0,118202.42045939955,156519.4372961061,7825971.864805304,626077.7491844244
2021,Imo,Goats,121749,1.5,182.62,66657.59,20.0,13331.52,0.035,466603.11,58,270629.8,1616.05,12000.0,80062.60420765892,12174.90167047492,608745.0835237459,48699.60668189968
2021,Jigawa,Goats,2395617,1.5,3593.43,1311600.64,20.0,262320.13,0.035,9181204.45,58,5325098.58,31798.51,12000.0,82045.41525768403,239561.75990535412,11978087.995267706,958247.0396214165
2021,Kaduna,Goats,1682289,1.5,2523.43,921053.73,26.0,239473.97,0.035,8381588.92,58,4861321.57,29029.09,12000.0,82380.98801391087,168228.99131100043,8411449.565550022,672915.9652440017
2021,Kano,Goats,2705011,1.5,4057.52,1480993.85,26.0,385058.4,0.035,13477043.99,58,7816685.52,46676.87,16800.0,107463.59653970427,270501.15900631755,13525057.950315878,1082004.6360252702
2021,Katsina,Goats,2739159,1.5,4108.74,1499690.02,20.0,299938.0,0.035,10497830.17,58,6088741.5,36358.55,12000.0,95353.55532179918,273915.98619559215,13695799.309779607,1095663.9447823686
2021,Kebbi,Goats,1996372,1.5,2994.56,1093013.71,20.0,218602.74,0.035,7651095.94,58,4437635.65,26499.08,12000.0,94762.12087043666,199637.20658072925,9981860.329036463,798548.826322917
2021,Kogi,Goats,432527,1.5,648.79,236809.05,20.0,47361.81,0.035,1657663.33,58,961444.73,5741.21,12000.0,96757.91160749902,43252.794004541414,2162639.7002270706,173011.17601816566
2021,Kwara,Goats,546122,1.5,819.18,299002.08,20.0,59800.42,0.035,2093014.55,58,1213948.44,7249.02,12000.0,82840.30658133022,54612.25169720755,2730612.584860377,218449.0067888302
2021,Lagos,Goats,76214,1.5,114.32,41727.27,26.0,10849.09,0.035,379718.18,58,220236.54,1315.13,16800.0,94190.85167343936,7621.419543432287,381070.97717161436,30485.67817372915
2021,Nasarawa,Goats,799933,1.5,1199.9,437963.69,20.0,87592.74,0.035,3065745.83,58,1778132.58,10618.01,12000.0,106742.90586891657,79993.3679607982,3999668.39803991,319973.4718431928
2021,Niger,Goats,1615745,1.5,2423.62,884620.4,20.0,176924.08,0.035,6192342.81,58,3591558.83,21446.78,12000.0,94476.7996335146,161574.50264818405,8078725.132409202,646298.0105927362
2021,Ogun,Goats,317844,1.5,476.77,174019.83,26.0,45245.16,0.035,1583580.43,58,918476.65,5484.63,12000.0,80405.24736110974,31784.44333714128,1589222.166857064,127137.77334856513
2021,Ondo,Goats,267076,1.5,400.62,146224.65,20.0,29244.93,0.035,1023572.58,58,593672.1,3545.08,12000.0,116531.47790304947,26707.699441329623,1335384.9720664811,106830.7977653185
2021,Osun,Goats,212683,1.5,319.02,116443.97,20.0,23288.79,0.035,815107.81,58,472762.53,2823.07,12000.0,114947.9437386538,21268.305628314454,1063415.2814157226,85073.22251325782
2021,Oyo,Goats,434634,1.5,651.95,237962.42,20.0,47592.48,0.035,1665736.94,58,966127.43,5769.17,12000.0,84822.33665614761,43463.45582147791,2173172.7910738955,173853.82328591164
2021,Plateau,Goats,907612,1.5,1361.42,496917.66,20.0,99383.53,0.035,3478423.59,58,2017485.68,12047.29,12000.0,82657.753774231,90761.21556240215,4538060.778120107,363044.8622496086
2021,Rivers,Goats,125647,1.5,188.47,68792.19,26.0,17885.97,0.035,626008.89,58,363085.16,2168.14,16800.0,85685.48495173831,12564.782811479221,628239.1405739611,50259.131245916884
2021,Sokoto,Goats,2869445,1.5,4304.17,1571021.36,20.0,314204.27,0.035,10997149.51,58,6378346.72,38087.91,12000.0,96881.37040510555,286944.54044248554,14347227.022124276,1147778.1617699421
2021,Taraba,Goats,1208350,1.5,1812.53,661571.77,20.0,132314.35,0.035,4631002.37,58,2685981.37,16039.18,12000.0,99440.01975190412,120835.02583288474,6041751.291644237,483340.10333153896
2021,Yobe,Goats,1937459,1.5,2906.19,1060759.06,20.0,212151.81,0.035,7425313.44,58,4306681.8,25717.09,12000.0,81749.56289235789,193745.9476777905,9687297.383889524,774983.790711162
2021,Zamfara,Goats,2058161,1.5,3087.24,1126843.18,20.0,225368.64,0.035,7887902.29,58,4574983.33,27319.24,12000.0,102345.69585801702,205816.1066989092,10290805.334945459,823264.4267956368
2021,Abia,Sheep,49981,2.0,99.96,36486.49,25.0,9121.62,0.038,346621.61,59,204506.75,1221.2,10000.0,109166.93950197792,7497.223062711275,399851.8966779347,29988.8922508451
2021,Adamawa,Sheep,964508,2.0,1929.02,704091.57,25.0,176022.89,0.038,6688869.89,59,3946433.24,23565.89,10000.0,113824.17451959627,144676.34949246165,7716071.972931289,578705.3979698466
2021,Akwa Ibom,Sheep,64303,2.0,128.61,46941.8,25.0,11735.45,0.038,445947.07,59,263108.77,1571.14,10000.0,97197.24309560593,9645.574674820755,514430.64932377357,38582.29869928302
2021,Anambra,Sheep,42708,2.0,85.42,31176.85,25.0,7794.21,0.038,296180.07,59,174746.24,1043.49,10000.0,91015.24697021674,6406.201865173266,341664.0994759075,25624.807460693064
2021,Bauchi,Sheep,1208883,2.0,2417.77,882485.3,25.0,220621.32,0.038,8383610.34,59,4946330.1,29536.71,10000.0,111559.40639683174,181332.5956819044,9671071.769701568,725330.3827276176
2021,Bayelsa,Sheep,40837,2.0,81.68,29811.48,25.0,7452.87,0.038,283209.03,59,167093.33,997.79,10000.0,111935.2136207341,6125.645929111719,326701.1162192917,24502.583716446876
2021,Benue,Sheep,332119,2.0,664.24,242446.98,25.0,60611.75,0.038,2303246.35,59,1358915.35,8114.68,10000.0,114302.49350645134,49817.873417535084,2656953.2489352045,199271.49367014033
2021,Borno,Sheep,1475924,2.0,2951.85,1077425.08,25.0,269356.27,0.038,10235538.27,59,6038967.58,36061.33,10000.0,97239.40882053185,221388.71535930183,11807398.152496098,885554.8614372073
2021,Cross River,Sheep,69622,2.0,139.25,50824.78,25.0,12706.2,0.038,482835.42,59,284872.9,1701.1,10000.0,103287.94986376456,10443.448168665573,556983.9023288306,41773.79267466229
2021,Delta,Sheep,80432,2.0,160.87,58715.94,25.0,14678.99,0.038,557801.46,59,329102.86,1965.22,10000.0,104042.96667200932,12064.919858370316,643462.3924464169,48259.679433481266
2021,Ebonyi,Sheep,64465,2.0,128.93,47060.16,25.0,11765.04,0.038,447071.54,59,263772.21,1575.1,10000.0,107536.20073968548,9669.89629844717,515727.802583849,38679.58519378868
2021,Edo,Sheep,100610,2.0,201.22,73445.86,25.0,18361.47,0.038,697735.7,59,411664.06,2458.23,10000.0,86674.4080679501,15091.615738214296,804886.1727047624,60366.46295285718
2021,Ekiti,Sheep,81412,2.0,162.83,59431.42,25.0,14857.85,0.038,564598.46,59,333113.09,1989.16,10000.0,85703.76576327634,12211.935065503198,651303.2034935039,48847.74026201279
2021,Enugu,Sheep,61188,2.0,122.38,44667.52,25.0,11166.88,0.038,424341.43,59,250361.44,1495.02,10000.0,93835.0984295143,9178.257231510988,489507.0523472527,36713.02892604395
2021,FCT,Sheep,144102,2.0,288.2,105194.51,32.5,34188.22,0.038,1299152.25,59,766499.83,4577.11,14000.0,81017.91039623003,21615.311066105114,1152816.5901922728,86461.24426442046
2021,Gombe,Sheep,856264,2.0,1712.53,625073.34,25.0,156268.33,0.038,5938196.7,59,3503536.05,20921.16,10000.0,105476.09269818972,128439.72676171066,6850118.760624569,513758.9070468426
2021,Imo,Sheep,44959,2.0,89.92,32820.46,25.0,8205.11,0.038,311794.35,59,183958.67,1098.5,10000.0,82868.47555390604,6743.929724881056,359676.25199365633,26975.718899524225
2021,Jigawa,Sheep,1440681,2.0,2881.36,1051697.5,25.0,262924.37,0.038,9991126.22,59,5894764.47,35200.23,10000.0,92448.69980253575,216102.22543770852,11525452.023344455,864408.9017508341
2021,Kaduna,Sheep,1068557,2.0,2137.12,780047.12,32.5,253515.31,0.038,9633581.94,59,5683813.35,33940.55,10000.0,104231.16997810762,160283.65500619588,8548461.600330448,641134.6200247835
2021,Kano,Sheep,1529428,2.0,3058.86,1116482.64,32.5,362856.86,0.038,13788560.55,59,8135250.73,48579.16,14000.0,88715.7021701996,229414.240221796,12235426.145162454,917656.960887184
2021,Katsina,Sheep,2070526,2.0,4141.05,1511484.13,25.0,377871.03,0.038,14359099.26,59,8471868.56,50589.25,10000.0,98160.0648478446,310578.9313966773,16564209.674489455,1242315.725586709
2021,Kebbi,Sheep,2174924,2.0,4349.85,1587694.93,25.0,396923.73,0.038,15083101.82,59,8899030.07,53140.02,10000.0,85622.11870313443,326238.6839458613,17399396.477112602,1304954.7357834452
2021,Kogi,Sheep,205805,2.0,411.61,150237.75,25.0,37559.44,0.038,1427258.67,59,842082.61,5028.45,10000.0,81101.46879477862,30870.771420290992,1646441.1424155196,123483.08568116397
2021,Kwara,Sheep,258281,2.0,516.56,188545.48,25.0,47136.37,0.038,1791182.09,59,1056797.43,6310.6,10000.0,118560.6962847081,38742.22261262688,2066251.8726734337,154968.89045050752
2021,Lagos,Sheep,30243,2.0,60.49,22077.4,32.5,7175.15,0.038,272655.84,59,160866.94,960.61,14000.0,81559.84050299646,4536.451195021211,241944.0637344646,18145.804780084844
2021,Nasarawa,Sheep,329853,2.0,659.71,240793.11,25.0,60198.28,0.038,2287534.59,59,1349645.41,8059.33,10000.0,95519.47039787479,49478.037236839235,2638828.6526314258,197912.14894735694
2021,Niger,Sheep,865646,2.0,1731.29,631921.75,25.0,157980.44,0.038,6003256.62,59,3541921.41,21150.37,10000.0,80934.08385312743,129846.93482961044,6925169.857579224,519387.7393184418
2021,Ogun,Sheep,162732,2.0,325.46,118794.63,32.5,38608.26,0.038,1467113.71,59,865597.09,5168.86,10000.0,98340.92035527562,24409.85602318462,1301858.9879031798,97639.42409273848
2021,Ondo,Sheep,118620,2.0,237.24,86592.61,25.0,21648.15,0.038,822629.8,59,485351.58,2898.25,10000.0,116003.32732065923,17793.002176832808,948960.1160977498,71172.00870733123
2021,Osun,Sheep,95277,2.0,190.55,69552.29,25.0,17388.07,0.038,660746.74,59,389840.58,2327.91,10000.0,118236.75315821277,14291.566220780827,762216.8651083108,57166.26488312331
2021,Oyo,Sheep,178848,2.0,357.7,130559.4,25.0,32639.85,0.038,1240314.29,59,731785.43,4369.81,10000.0,115536.14689234726,26827.273722600516,1430787.9318720275,107309.09489040206
2021,Plateau,Sheep,424564,2.0,849.13,309932.34,25.0,77483.08,0.038,2944357.22,59,1737170.76,10373.41,10000.0,113068.2943896595,63684.72709846367,3396518.7785847294,254738.90839385468
2021,Rivers,Sheep,56595,2.0,113.19,41314.36,32.5,13427.17,0.038,510232.37,59,301037.1,1797.62,14000.0,91536.21751274983,8489.2523766498,452760.12675465597,33957.0095065992
2021,Sokoto,Sheep,2518238,2.0,5036.48,1838314.32,25.0,459578.58,0.038,17463986.04,59,10303751.77,61528.24,10000.0,95579.27579609682,377735.8192546724,20145910.360249195,1510943.2770186896
2021,Taraba,Sheep,711330,2.0,1422.66,519271.29,25.0,129817.82,0.038,4933077.25,59,2910515.58,17379.97,10000.0,93615.48417018022,106699.57999945439,5690644.266637567,426798.31999781757
2021,Yobe,Sheep,1162346,2.0,2324.69,848513.26,25.0,212128.32,0.038,8060876.01,59,4755916.85,28399.67,10000.0,86165.80172713948,174352.0406925089,9298775.503600474,697408.1627700356
2021,Zamfara,Sheep,1694812,2.0,3389.63,1237213.26,25.0,309303.31,0.038,11753525.96,59,6934580.32,41409.43,10000.0,101668.19249640015,254221.90255944937,13558501.4698373,1016887.6102377975
2021,Abia,Poultry,4350961,0.15,652.64,238215.14,80.0,190572.11,0.08,15245768.64,65,9909749.62,59175.48,3000.0,113345.99847750342,4350.961370806715,1305288.4112420145,174038.45483226862
2021,Adamawa,Poultry,586924,0.15,88.04,32134.11,80.0,25707.29,0.08,2056583.21,65,1336779.09,7982.5,3000.0,92093.32997405974,586.924432417116,176077.3297251348,23476.97729668464
2021,Akwa Ibom,Poultry,3106893,0.15,466.03,170102.44,80.0,136081.95,0.08,10886555.95,65,7076261.37,42255.47,3000.0,87784.95346819487,3106.8938209686003,932068.1462905799,124275.752838744
2021,Anambra,Poultry,4462848,0.15,669.43,244340.96,80.0,195472.76,0.08,15637821.19,65,10164583.77,60697.2,3000.0,93697.91915338853,4462.848512489285,1338854.5537467855,178513.9404995714
2021,Bauchi,Poultry,818192,0.15,122.73,44796.06,80.0,35836.85,0.08,2866947.87,65,1863516.11,11127.87,3000.0,118656.69543465629,818.1928841542721,245457.8652462816,32727.715366170883
2021,Bayelsa,Poultry,330167,0.15,49.53,18076.66,80.0,14461.32,0.08,1156905.98,65,751988.89,4490.46,3000.0,93891.0815612203,330.16723217760295,99050.16965328089,13206.689287104118
2021,Benue,Poultry,1755809,0.15,263.37,96130.58,80.0,76904.46,0.08,6152356.85,65,3999031.95,23879.98,3000.0,85567.86805382781,1755.8096029034216,526742.8808710264,70232.38411613686
2021,Borno,Poultry,530001,0.15,79.5,29017.58,80.0,23214.07,0.08,1857125.22,65,1207131.39,7208.31,3000.0,105049.37285684256,530.0014899144762,159000.44697434283,21200.05959657905
2021,Cross River,Poultry,3473869,0.15,521.08,190194.35,80.0,152155.48,0.08,12172438.16,65,7912084.8,47246.54,3000.0,96071.15202617297,3473.8693382337206,1042160.8014701161,138954.77352934884
2021,Delta,Poultry,6575037,0.15,986.26,359983.32,80.0,287986.65,0.08,23038932.28,65,14975305.98,89424.14,3000.0,115212.59048595707,6575.037751835159,1972511.3255505476,263001.5100734064
2021,Ebonyi,Poultry,1672279,0.15,250.84,91557.31,80.0,73245.85,0.08,5859668.09,65,3808784.26,22743.93,3000.0,102775.09444729131,1672.2797047432416,501683.91142297245,66891.18818972967
2021,Edo,Poultry,5571278,0.15,835.69,305027.5,80.0,244022.0,0.08,19521760.22,65,12689144.14,75772.46,3000.0,88052.48431289733,5571.2786020491485,1671383.5806147445,222851.14408196596
2021,Ekiti,Poultry,2343400,0.15,351.51,128301.17,80.0,102640.93,0.08,8211274.79,65,5337328.62,31871.54,3000.0,81578.38131563597,2343.4003404554946,703020.1021366484,93736.01361821979
2021,Enugu,Poultry,3789375,0.15,568.41,207468.33,80.0,165974.66,0.08,13277973.02,65,8630682.46,51537.6,3000.0,101720.98335830652,3789.375862149968,1136812.7586449904,151575.0344859987
2021,FCT,Poultry,2027259,0.15,304.09,110992.44,90.0,99893.19,0.08,7991455.32,65,5194445.96,31018.32,4200.0,118561.15388662055,2027.2590868410564,608177.7260523168,81090.36347364225
2021,Gombe,Poultry,817909,0.15,122.69,44780.55,80.0,35824.44,0.08,2865955.02,65,1862870.76,11124.02,3000.0,108885.72941823624,817.909537173711,245372.8611521133,32716.38148694844
2021,Imo,Poultry,4381059,0.15,657.16,239863.02,80.0,191890.42,0.08,15351233.26,65,9978301.62,59584.83,3000.0,114798.7663859074,4381.059721677372,1314317.9165032117,175242.38886709488
2021,Jigawa,Poultry,446765,0.15,67.01,24460.4,80.0,19568.32,0.08,1565465.74,65,1017552.73,6076.26,3000.0,111620.3917709954,446.7653381320877,134029.6014396263,17870.61352528351
2021,Kaduna,Poultry,7932492,0.15,1189.87,434303.97,90.0,390873.58,0.08,31269886.07,65,20325425.94,121372.06,3000.0,111768.42650197621,7932.492660115939,2379747.7980347816,317299.70640463755
2021,Kano,Poultry,614354,0.15,92.15,33635.92,90.0,30272.33,0.08,2421786.39,65,1574161.15,9400.01,4200.0,115083.62324072755,614.3547399798546,184306.42199395635,24574.189599194182
2021,Katsina,Poultry,583601,0.15,87.54,31952.17,80.0,25561.74,0.08,2044939.0,65,1329210.35,7937.3,3000.0,85951.83877620462,583.6013124580827,175080.3937374248,23344.052498323308
2021,Kebbi,Poultry,404319,0.15,60.65,22136.47,80.0,17709.18,0.08,1416734.15,65,920877.2,5498.96,3000.0,119239.4951265074,404.3191068958878,121295.73206876632,16172.76427583551
2021,Kogi,Poultry,1068442,0.15,160.27,58497.23,80.0,46797.78,0.08,3743822.71,65,2433484.76,14531.41,3000.0,114541.90090058181,1068.4425542726426,320532.7662817928,42737.70217090571
2021,Kwara,Poultry,1309228,0.15,196.38,71680.28,80.0,57344.22,0.08,4587537.88,65,2981899.62,17806.23,3000.0,95013.19631678407,1309.228846013946,392768.65380418376,52369.15384055784
2021,Lagos,Poultry,10413865,0.15,1562.08,570159.11,90.0,513143.2,0.08,41051455.9,65,26683446.33,159338.6,4200.0,88128.92364344349,10413.865016824295,3124159.5050472883,416554.60067297175
2021,Nasarawa,Poultry,1591167,0.15,238.68,87116.44,80.0,69693.15,0.08,5575451.88,65,3624043.72,21640.76,3000.0,95461.6202729211,1591.1677730726158,477350.3319217847,63646.71092290463
2021,Niger,Poultry,966975,0.15,145.05,52941.92,80.0,42353.54,0.08,3388282.9,65,2202383.88,13151.4,3000.0,99693.01920004727,966.975713186257,290092.7139558771,38679.02852745028
2021,Ogun,Poultry,16572238,0.15,2485.84,907330.07,90.0,816597.06,0.08,65327765.16,65,42463047.35,253565.54,3000.0,114623.08582498209,16572.238751416946,4971671.625425083,662889.5500566778
2021,Ondo,Poultry,2981522,0.15,447.23,163238.34,80.0,130590.67,0.08,10447253.8,65,6790714.97,40550.35,3000.0,96303.36834295267,2981.5222029093857,894456.6608728158,119260.88811637543
2021,Osun,Poultry,3245950,0.15,486.89,177715.8,80.0,142172.64,0.08,11373811.35,65,7392977.38,44146.72,3000.0,110581.1117861887,3245.950728860929,973785.2186582786,129838.02915443714
2021,Oyo,Poultry,13247998,0.15,1987.2,725327.93,80.0,580262.35,0.08,46420987.79,65,30173642.06,180180.09,3000.0,118241.88574447733,13247.998798040797,3974399.6394122387,529919.9519216318
2021,Plateau,Poultry,1827544,0.15,274.13,100058.06,80.0,80046.45,0.08,6403715.9,65,4162415.33,24855.61,3000.0,84370.56841238486,1827.5444916374433,548263.3474912329,73101.77966549773
2021,Rivers,Poultry,6990132,0.15,1048.52,382709.77,90.0,344438.79,0.08,27555103.28,65,17910817.13,106953.37,4200.0,97565.99266534993,6990.132744057,2097039.8232171,279605.30976228
2021,Sokoto,Poultry,458556,0.15,68.78,25105.94,80.0,20084.75,0.08,1606780.4,65,1044407.26,6236.62,3000.0,115723.60820781661,458.5560489367976,137566.81468103928,18342.241957471906
2021,Taraba,Poultry,591294,0.15,88.69,32373.37,80.0,25898.7,0.08,2071895.94,65,1346732.36,8041.93,3000.0,115338.59051944243,591.2945041330318,177388.3512399095,23651.78016532127
2021,Yobe,Poultry,424367,0.15,63.66,23234.14,80.0,18587.31,0.08,1486984.92,65,966540.2,5771.64,3000.0,100417.29956016928,424.36784218848163,127310.35265654449,16974.713687539268
2021,Zamfara,Poultry,384699,0.15,57.7,21062.3,80.0,16849.84,0.08,1347987.06,65,876191.59,5232.13,3000.0,117055.30426920348,384.69950203243457,115409.85060973036,15387.980081297383
2021,Abia,Pigs,74691,4.0,298.77,109050.25,70.0,76335.17,0.06,4580110.42,62,2839668.46,16956.91,4000.0,99073.73873271269,746.9195080873515,1120379.2621310272,59753.56064698812
2021,Adamawa,Pigs,85493,4.0,341.97,124820.74,70.0,87374.52,0.06,5242471.19,62,3250332.14,19409.16,4000.0,108908.27830792914,854.9365925925566,1282404.8888888347,68394.92740740452
2021,Akwa Ibom,Pigs,429110,4.0,1716.44,626501.89,70.0,438551.32,0.06,26313079.17,62,16314109.09,97418.72,4000.0,85377.40517632487,4291.108801422265,6436663.202133398,343288.7041137812
2021,Anambra,Pigs,99155,4.0,396.62,144767.05,70.0,101336.93,0.06,6080216.05,62,3769733.95,22510.74,4000.0,94348.62101668054,991.5551285575893,1487332.692836384,79324.41028460715
2021,Bauchi,Pigs,32685,4.0,130.74,47721.48,70.0,33405.03,0.06,2004301.97,62,1242667.22,7420.51,4000.0,91150.39489658212,326.8594207372111,490289.13110581663,26148.753658976886
2021,Bayelsa,Pigs,38929,4.0,155.72,56836.73,70.0,39785.71,0.06,2387142.58,62,1480028.4,8837.9,4000.0,118297.92076152386,389.2926582139857,583938.9873209785,31143.412657118857
2021,Benue,Pigs,743060,4.0,2972.24,1084868.58,70.0,759408.0,0.06,45564480.25,62,28249977.75,168693.05,4000.0,119912.83422727912,7430.606693866997,11145910.040800495,594448.5355093598
2021,Borno,Pigs,21266,4.0,85.07,31048.92,70.0,21734.24,0.06,1304054.54,62,808513.81,4827.99,4000.0,113138.77197796467,212.6638189570618,318995.7284355927,17013.105516564945
2021,Cross River,Pigs,445755,4.0,1783.02,650803.42,70.0,455562.39,0.06,27333743.53,62,16946920.99,101197.52,4000.0,80572.6111066824,4457.557652783055,6686336.479174583,356604.6122226445
2021,Delta,Pigs,324643,4.0,1298.57,473979.0,70.0,331785.3,0.06,19907118.13,62,12342413.24,73701.98,4000.0,113365.78388002704,3246.4315276044367,4869647.291406656,259714.52220835496
2021,Ebonyi,Pigs,119095,4.0,476.38,173878.79,70.0,121715.15,0.06,7302909.11,62,4527803.65,27037.51,4000.0,85714.01149203355,1190.9506057477568,1786425.9086216353,95276.04845982055
2021,Edo,Pigs,303900,4.0,1215.6,443694.44,70.0,310586.11,0.06,18635166.3,62,11553803.11,68992.84,4000.0,110756.91128430564,3039.0029844672117,4558504.476700817,243120.23875737694
2021,Ekiti,Pigs,213150,4.0,852.6,311200.31,70.0,217840.21,0.06,13070412.83,62,8103655.95,48390.5,4000.0,110644.63731182345,2131.5089410748665,3197263.4116122997,170520.71528598934
2021,Enugu,Pigs,77312,4.0,309.25,112876.57,70.0,79013.6,0.06,4740815.74,62,2939305.76,17551.89,4000.0,104544.16456949833,773.1271586061936,1159690.7379092902,61850.172688495484
2021,FCT,Pigs,75399,4.0,301.6,110083.93,90.0,99075.54,0.06,5944532.27,62,3685610.01,22008.4,5600.0,99505.11238668843,753.9995265994976,1130999.2898992465,60319.962127959814
2021,Gombe,Pigs,23574,4.0,94.3,34419.35,70.0,24093.54,0.06,1445612.5,62,896279.75,5352.08,4000.0,96301.72124129723,235.74894073558767,353623.41110338154,18859.915258847013
2021,Imo,Pigs,91242,4.0,364.97,133214.4,70.0,93250.08,0.06,5595004.7,62,3468902.91,20714.35,4000.0,82640.39376560967,912.4273805880192,1368641.0708820287,72994.19044704153
2021,Jigawa,Pigs,9959,4.0,39.84,14540.84,70.0,10178.59,0.06,610715.15,62,378643.39,2261.05,4000.0,84439.9239516526,99.59477376773312,149392.16065159967,7967.581901418649
2021,Kaduna,Pigs,54515,4.0,218.06,79592.74,90.0,71633.47,0.06,4298007.98,62,2664764.95,15912.48,4000.0,117907.52103857882,545.1557560679471,817733.6341019206,43612.46048543577
2021,Kano,Pigs,14087,4.0,56.35,20567.47,90.0,18510.72,0.06,1110643.29,62,688598.84,4111.93,5600.0,118204.60829166806,140.87307060269708,211309.60590404563,11269.845648215767
2021,Katsina,Pigs,10316,4.0,41.27,15061.9,70.0,10543.33,0.06,632599.95,62,392211.97,2342.07,4000.0,91982.62711815495,103.16372335037676,154745.58502556512,8253.09786803014
2021,Kebbi,Pigs,9400,4.0,37.6,13725.28,70.0,9607.69,0.06,576461.64,62,357406.21,2134.23,4000.0,100024.97072281671,94.0087470261724,141013.1205392586,7520.699762093793
2021,Kogi,Pigs,163124,4.0,652.5,238161.07,70.0,166712.75,0.06,10002765.15,62,6201714.39,37033.17,4000.0,108283.45909066792,1631.2402392575998,2446860.3588864,130499.21914060798
2021,Kwara,Pigs,56076,4.0,224.31,81872.4,70.0,57310.68,0.06,3438640.74,62,2131957.26,12730.85,4000.0,82916.07341471614,560.7698536528201,841154.78047923,44861.588292225606
2021,Lagos,Pigs,50646,4.0,202.59,73944.15,90.0,66549.74,0.06,3992984.33,62,2475650.29,14783.2,5600.0,91811.61976191773,506.46681009595136,759700.215143927,40517.34480767611
2021,Nasarawa,Pigs,194974,4.0,779.9,284662.38,70.0,199263.67,0.06,11955820.04,62,7412608.42,44263.95,4000.0,91240.17995634854,1949.7423410990918,2924613.5116486377,155979.38728792735
2021,Niger,Pigs,108933,4.0,435.73,159042.96,70.0,111330.07,0.06,6679804.4,62,4141478.73,24730.59,4000.0,117169.12214527416,1089.33535547318,1634003.0332097702,87146.82843785442
2021,Ogun,Pigs,182410,4.0,729.64,266320.0,90.0,239688.0,0.06,14381280.01,62,8916393.6,53243.71,4000.0,116244.44008529988,1824.1095900409114,2736164.385061367,145928.7672032729
2021,Ondo,Pigs,249030,4.0,996.12,363584.17,70.0,254508.92,0.06,15270535.11,62,9467731.77,56535.99,4000.0,99057.47945375167,2490.3025296945307,3735453.794541796,199224.20237556248
2021,Osun,Pigs,117167,4.0,468.67,171064.86,70.0,119745.4,0.06,7184724.03,62,4454528.9,26599.95,4000.0,105619.04168703375,1171.6771091385426,1757515.663707814,93734.16873108341
2021,Oyo,Pigs,169793,4.0,679.17,247898.69,70.0,173529.08,0.06,10411745.07,62,6455281.94,38547.33,4000.0,104139.72384173515,1697.9362475926735,2546904.37138901,135834.8998074139
2021,Plateau,Pigs,500354,4.0,2001.42,730518.08,70.0,511362.66,0.06,30681759.44,62,19022690.85,113592.86,4000.0,105912.69783962113,5003.548506636956,7505322.759955433,400283.88053095643
2021,Rivers,Pigs,334283,4.0,1337.13,488053.76,90.0,439248.38,0.06,26354902.8,62,16340039.74,97573.57,5600.0,115546.36321061593,3342.8339425983218,5014250.913897483,267426.71540786576
2021,Sokoto,Pigs,12331,4.0,49.33,18004.14,70.0,12602.9,0.06,756173.79,62,468827.75,2799.58,4000.0,97973.98968158568,123.3160132188214,184974.0198282321,9865.281057505712
2021,Taraba,Pigs,125722,4.0,502.89,183554.96,70.0,128488.47,0.06,7709308.46,62,4779771.24,28542.12,4000.0,104991.3545115761,1257.22577570571,1885838.6635585648,100578.06205645681
2021,Yobe,Pigs,14085,4.0,56.34,20565.04,70.0,14395.53,0.06,863731.52,62,535513.54,3197.79,4000.0,107304.6888489361,140.85641258983884,211284.61888475827,11268.513007187108
2021,Zamfara,Pigs,7791,4.0,31.17,11376.24,70.0,7963.36,0.06,477801.89,62,296237.17,1768.96,4000.0,108558.10530026359,77.91942137094479,116879.13205641718,6233.553709675583
2022,Abia,Cattle,109884,20.0,2197.69,802155.9,30.0,240646.77,0.04,9625870.77,60,5775522.46,34488.19,8000.0,112158.34030210081,54942.18476711854,5494218.476711854,274710.9238355927
2022,Adamawa,Cattle,1366721,20.0,27334.43,9977068.57,30.0,2993120.57,0.04,119724822.82,60,71834893.69,428957.76,8000.0,100806.79569243005,683360.8608438518,68336086.08438519,3416804.304219259
2022,Akwa Ibom,Cattle,115023,20.0,2300.47,839669.93,30.0,251900.98,0.04,10076039.12,60,6045623.47,36101.08,8000.0,111013.84601612542,57511.63882018052,5751163.882018052,287558.1941009026
2022,Anambra,Cattle,78805,20.0,1576.1,575276.9,30.0,172583.07,0.04,6903322.85,60,4141993.71,24733.67,8000.0,99867.81691271786,39402.52769137923,3940252.769137923,197012.63845689618
2022,Bauchi,Cattle,1404668,20.0,28093.38,10254083.68,30.0,3076225.1,0.04,123049004.19,60,73829402.51,440867.85,8000.0,85353.13451998773,702334.4987771789,70233449.8777179,3511672.493885895
2022,Bayelsa,Cattle,84720,20.0,1694.41,618457.95,30.0,185537.39,0.04,7421495.42,60,4452897.25,26590.21,8000.0,82173.28139291615,42360.133679701416,4236013.367970142,211800.66839850708
2022,Benue,Cattle,546069,20.0,10921.38,3986304.07,30.0,1195891.22,0.04,47835648.79,60,28701389.28,171388.62,8000.0,92703.47181044467,273034.5250792449,27303452.507924493,1365172.6253962247
2022,Borno,Cattle,1415619,20.0,28312.4,10334025.79,30.0,3100207.74,0.04,124008309.44,60,74404985.66,444304.91,8000.0,100445.1655694892,707809.9853777807,70780998.53777808,3539049.9268889036
2022,Cross River,Cattle,140805,20.0,2816.11,1027879.82,30.0,308363.95,0.04,12334557.85,60,7400734.71,44193.04,8000.0,91046.78231283597,70402.72745533605,7040272.745533605,352013.6372766802
2022,Delta,Cattle,193497,20.0,3869.95,1412532.32,30.0,423759.7,0.04,16950387.83,60,10170232.7,60730.93,8000.0,82507.58486487463,96748.7889786316,9674878.897863159,483743.944893158
2022,Ebonyi,Cattle,143300,20.0,2866.01,1046094.88,30.0,313828.47,0.04,12553138.61,60,7531883.17,44976.19,8000.0,80152.79690634333,71650.33453195069,7165033.453195069,358251.6726597535
2022,Edo,Cattle,215597,20.0,4311.94,1573859.9,30.0,472157.97,0.04,18886318.79,60,11331791.27,67667.11,8000.0,109636.16224608285,107798.62323839134,10779862.323839134,538993.1161919567
2022,Ekiti,Cattle,99432,20.0,1988.65,725857.07,30.0,217757.12,0.04,8710284.83,60,5226170.9,31207.77,8000.0,84075.69552264054,49716.23759678976,4971623.759678976,248581.1879839488
2022,Enugu,Cattle,110374,20.0,2207.48,805731.1,30.0,241719.33,0.04,9668773.24,60,5801263.94,34641.9,8000.0,90815.73145538103,55187.0618649378,5518706.18649378,275935.309324689
2022,FCT,Cattle,220601,20.0,4412.04,1610393.55,39.0,628053.49,0.04,25122139.44,60,15073283.66,90009.21,11200.0,92533.91670340573,110300.92834553293,11030092.834553292,551504.6417276646
2022,Gombe,Cattle,660312,20.0,13206.25,4820282.28,30.0,1446084.68,0.04,57843387.37,60,34706032.42,207244.99,8000.0,115674.88579242938,330156.3206181455,33015632.06181455,1650781.6030907277
2022,Imo,Cattle,91673,20.0,1833.47,669215.29,30.0,200764.59,0.04,8030583.48,60,4818350.09,28772.49,8000.0,116397.72575417568,45836.66370836152,4583666.370836152,229183.3185418076
2022,Jigawa,Cattle,1022847,20.0,20456.95,7466788.44,30.0,2240036.53,0.04,89601461.25,60,53760876.75,321029.85,8000.0,118563.13665960432,511423.86557525094,51142386.55752509,2557119.327876255
2022,Kaduna,Cattle,1515942,20.0,30318.86,11066383.37,39.0,4315889.51,0.04,172635580.55,60,103581348.33,618529.81,8000.0,107480.77066012971,757971.4635885872,75797146.35885872,3789857.317942936
2022,Kano,Cattle,1256734,20.0,25134.69,9174161.5,39.0,3577922.99,0.04,143116919.43,60,85870151.66,512768.46,11200.0,95505.95221822588,628367.2261543397,62836722.615433976,3141836.1307716984
2022,Katsina,Cattle,2152815,20.0,43056.31,15715552.39,30.0,4714665.72,0.04,188586628.72,60,113151977.23,675680.24,8000.0,108154.28366537325,1076407.6981941387,107640769.81941387,5382038.4909706935
2022,Kebbi,Cattle,2078193,20.0,41563.87,15170813.11,30.0,4551243.93,0.04,182049757.32,60,109229854.39,652259.52,8000.0,86678.12354988795,1039096.7883641053,103909678.83641052,5195483.9418205265
2022,Kogi,Cattle,376683,20.0,7533.68,2749792.21,30.0,824937.66,0.04,32997506.53,60,19798503.92,118225.58,8000.0,106655.41654312826,188341.9322415253,18834193.22415253,941709.6612076265
2022,Kwara,Cattle,451388,20.0,9027.78,3295138.43,30.0,988541.53,0.04,39541661.22,60,23724996.73,141672.39,8000.0,110441.51161003132,225694.41333816433,22569441.33381643,1128472.0666908217
2022,Lagos,Cattle,56265,20.0,1125.32,410741.28,39.0,160189.1,0.04,6407563.92,60,3844538.35,22957.43,11200.0,108101.62006139228,28132.964160959604,2813296.4160959604,140664.82080479802
2022,Nasarawa,Cattle,599027,20.0,11980.54,4372898.72,30.0,1311869.62,0.04,52474784.66,60,31484870.8,188010.02,8000.0,84214.59689003426,299513.6110721086,29951361.10721086,1497568.055360543
2022,Niger,Cattle,1199482,20.0,23989.66,8756224.16,30.0,2626867.25,0.04,105074689.97,60,63044813.98,376468.32,8000.0,105765.96885903663,599741.3811269089,59974138.112690896,2998706.905634545
2022,Ogun,Cattle,234744,20.0,4694.89,1713635.69,39.0,668317.92,0.04,26732716.76,60,16039630.06,95779.69,8000.0,94402.01863603914,117372.30751022638,11737230.751022639,586861.5375511319
2022,Ondo,Cattle,225312,20.0,4506.25,1644781.79,30.0,493434.54,0.04,19737381.48,60,11842428.89,70716.35,8000.0,100016.04582840805,112656.28700665096,11265628.700665096,563281.4350332548
2022,Osun,Cattle,152755,20.0,3055.1,1115112.8,30.0,334533.84,0.04,13381353.54,60,8028812.12,47943.57,8000.0,98307.98420637177,76377.58870546737,7637758.870546737,381887.9435273368
2022,Oyo,Cattle,291646,20.0,5832.93,2129018.33,30.0,638705.5,0.04,25548219.97,60,15328931.98,91535.8,8000.0,94748.28683459181,145823.17335452026,14582317.335452026,729115.8667726013
2022,Plateau,Cattle,709317,20.0,14186.35,5178017.89,30.0,1553405.37,0.04,62136214.72,60,37281728.83,222625.61,8000.0,82094.2008074989,354658.7598070341,35465875.98070341,1773293.7990351706
2022,Rivers,Cattle,108749,20.0,2174.99,793871.83,39.0,309610.01,0.04,12384400.55,60,7430640.33,44371.62,11200.0,96660.17727615515,54374.78289943393,5437478.289943393,271873.91449716967
2022,Sokoto,Cattle,2790355,20.0,55807.1,20369591.85,30.0,6110877.56,0.04,244435102.25,60,146661061.35,875777.73,8000.0,114013.92004479581,1395177.5242496047,139517752.42496046,6975887.621248024
2022,Taraba,Cattle,882424,20.0,17648.49,6441699.22,30.0,1932509.77,0.04,77300390.63,60,46380234.38,276956.79,8000.0,106294.13928680515,441212.2753057636,44121227.530576356,2206061.376528818
2022,Yobe,Cattle,834210,20.0,16684.21,6089736.35,30.0,1826920.9,0.04,73076836.16,60,43846101.69,261824.37,8000.0,115206.26951685941,417105.2292065602,41710522.92065602,2085526.146032801
2022,Zamfara,Cattle,1780132,20.0,35602.65,12994967.25,30.0,3898490.17,0.04,155939606.95,60,93563764.17,558710.4,8000.0,107112.52801240177,890066.2497134632,89006624.97134632,4450331.248567317
2022,Abia,Goats,132589,1.5,198.88,72592.52,20.0,14518.5,0.035,508147.62,58,294725.62,1759.94,12000.0,91812.05910287332,13258.90726902851,662945.3634514255,53035.62907611404
2022,Adamawa,Goats,1635792,1.5,2453.69,895596.56,20.0,179119.31,0.035,6269175.9,58,3636122.02,21712.88,12000.0,106065.59041909107,163579.2798808134,8178963.99404067,654317.1195232536
2022,Akwa Ibom,Goats,169982,1.5,254.97,93065.15,20.0,18613.03,0.035,651456.05,58,377844.51,2256.28,12000.0,92625.093750534,16998.201032147794,849910.0516073896,67992.80412859117
2022,Anambra,Goats,111293,1.5,166.94,60932.93,20.0,12186.59,0.035,426530.49,58,247387.69,1477.26,12000.0,95805.23630446014,11129.301889021071,556465.0944510535,44517.207556084286
2022,Bauchi,Goats,2343023,1.5,3514.54,1282805.48,20.0,256561.1,0.035,8979638.34,58,5208190.24,31100.4,12000.0,87968.61099576212,234302.37016225408,11715118.508112703,937209.4806490163
2022,Bayelsa,Goats,116601,1.5,174.9,63839.12,20.0,12767.82,0.035,446873.83,58,259186.82,1547.72,12000.0,91496.38385862319,11660.113093702575,583005.6546851287,46640.4523748103
2022,Benue,Goats,644008,1.5,966.01,352594.43,20.0,70518.89,0.035,2468160.99,58,1431533.37,8548.32,12000.0,82323.67808321399,64400.808618013914,3220040.4309006957,257603.23447205566
2022,Borno,Goats,2383487,1.5,3575.23,1304959.55,20.0,260991.91,0.035,9134716.82,58,5298135.76,31637.5,12000.0,100634.47610849312,238348.77560115262,11917438.780057631,953395.1024046105
2022,Cross River,Goats,185638,1.5,278.46,101637.14,20.0,20327.43,0.035,711460.0,58,412646.8,2464.1,12000.0,113419.20902968777,18563.861660936313,928193.0830468156,74255.44664374525
2022,Delta,Goats,195323,1.5,292.99,106939.72,20.0,21387.94,0.035,748578.06,58,434175.27,2592.65,12000.0,95163.76194687745,19532.3694766768,976618.4738338399,78129.4779067072
2022,Ebonyi,Goats,146498,1.5,219.75,80207.68,20.0,16041.54,0.035,561453.75,58,325643.17,1944.56,12000.0,80773.10523670404,14649.804241479265,732490.2120739631,58599.21696591706
2022,Edo,Goats,250085,1.5,375.13,136922.0,20.0,27384.4,0.035,958453.99,58,555903.32,3319.54,12000.0,96545.70699674542,25008.584301794766,1250429.2150897384,100034.33720717907
2022,Ekiti,Goats,162008,1.5,243.01,88699.64,20.0,17739.93,0.035,620897.46,58,360120.53,2150.44,12000.0,96171.58989019477,16200.847003615077,810042.3501807539,64803.38801446031
2022,Enugu,Goats,141478,1.5,212.22,77459.21,20.0,15491.84,0.035,542214.5,58,314484.41,1877.92,12000.0,103805.26699622726,14147.801701723358,707390.0850861678,56591.20680689343
2022,FCT,Goats,292676,1.5,439.01,160240.12,26.0,41662.43,0.035,1458185.08,58,845747.35,5050.33,16800.0,98563.80637814016,29267.601629591212,1463380.0814795606,117070.40651836485
2022,Gombe,Goats,1686582,1.5,2529.87,923403.76,20.0,184680.75,0.035,6463826.34,58,3749019.28,22387.04,12000.0,100761.29120518194,168658.22156619985,8432911.078309992,674632.8862647994
2022,Imo,Goats,123200,1.5,184.8,67452.36,20.0,13490.47,0.035,472166.51,58,273856.57,1635.32,12000.0,92474.55431667533,12320.06537626393,616003.2688131965,49280.26150505572
2022,Jigawa,Goats,2607376,1.5,3911.07,1427538.88,20.0,285507.78,0.035,9992772.17,58,5795807.86,34609.32,12000.0,110916.85927504461,260737.6953496676,13036884.76748338,1042950.7813986704
2022,Kaduna,Goats,1846551,1.5,2769.83,1010986.94,26.0,262856.61,0.035,9199981.18,58,5335989.08,31863.54,12000.0,119040.55293116855,184655.14937485242,9232757.46874262,738620.5974994097
2022,Kano,Goats,2598634,1.5,3897.95,1422752.18,26.0,369915.57,0.035,12947044.8,58,7509285.98,44841.25,16800.0,80677.90659558323,259863.41106536594,12993170.553268297,1039453.6442614638
2022,Katsina,Goats,3316067,1.5,4974.1,1815547.16,20.0,363109.43,0.035,12708830.11,58,7371121.46,44016.21,12000.0,112286.2214945953,331606.7869368954,16580339.346844768,1326427.1477475816
2022,Kebbi,Goats,1972680,1.5,2959.02,1080042.65,20.0,216008.53,0.035,7560298.55,58,4384973.16,26184.6,12000.0,90623.31331834424,197268.06402031548,9863403.201015774,789072.2560812619
2022,Kogi,Goats,439756,1.5,659.63,240766.75,20.0,48153.35,0.035,1685367.24,58,977513.0,5837.16,12000.0,91732.34443122259,43975.661725956124,2198783.086297806,175902.6469038245
2022,Kwara,Goats,570343,1.5,855.51,312262.81,20.0,62452.56,0.035,2185839.64,58,1267786.99,7570.51,12000.0,100718.42110850316,57034.302508304376,2851715.1254152185,228137.2100332175
2022,Lagos,Goats,83899,1.5,125.85,45934.81,26.0,11943.05,0.035,418006.8,58,242443.95,1447.74,16800.0,94869.5717962532,8389.920309713314,419496.0154856657,33559.681238853256
2022,Nasarawa,Goats,694783,1.5,1042.18,380394.2,20.0,76078.84,0.035,2662759.42,58,1544400.46,9222.29,12000.0,91992.02110260943,69478.39321291825,3473919.6606459124,277913.572851673
2022,Niger,Goats,1669922,1.5,2504.88,914282.81,20.0,182856.56,0.035,6399979.64,58,3711988.19,22165.91,12000.0,118967.77775265428,166992.2932486676,8349614.662433379,667969.1729946705
2022,Ogun,Goats,347002,1.5,520.5,189984.07,26.0,49395.86,0.035,1728855.0,58,1002735.9,5987.78,12000.0,80943.79858582116,34700.285942794726,1735014.2971397364,138801.1437711789
2022,Ondo,Goats,291954,1.5,437.93,159844.9,20.0,31968.98,0.035,1118914.31,58,648970.3,3875.29,12000.0,111327.93653194504,29195.41575008154,1459770.787504077,116781.66300032617
2022,Osun,Goats,228450,1.5,342.68,125076.48,20.0,25015.3,0.035,875535.36,58,507810.51,3032.36,12000.0,98319.83036014286,22845.0192610175,1142250.9630508749,91380.07704407
2022,Oyo,Goats,423814,1.5,635.72,232038.49,20.0,46407.7,0.035,1624269.46,58,942076.29,5625.55,12000.0,92116.62915332771,42381.46019887674,2119073.009943837,169525.84079550696
2022,Plateau,Goats,805388,1.5,1208.08,440950.24,20.0,88190.05,0.035,3086651.71,58,1790257.99,10690.42,12000.0,89129.41453974796,80538.85731195501,4026942.8655977505,322155.42924782005
2022,Rivers,Goats,123214,1.5,184.82,67459.79,26.0,17539.55,0.035,613884.13,58,356052.79,2126.15,16800.0,99363.08278840806,12321.423579821358,616071.1789910679,49285.69431928543
2022,Sokoto,Goats,3537617,1.5,5306.43,1936845.37,20.0,387369.07,0.035,13557917.62,58,7863592.22,46956.97,12000.0,98952.39313591787,353761.7121151228,17688085.60575614,1415046.8484604913
2022,Taraba,Goats,1206005,1.5,1809.01,660288.09,20.0,132057.62,0.035,4622016.62,58,2680769.64,16008.06,12000.0,118311.59203952816,120600.56413237187,6030028.206618594,482402.2565294875
2022,Yobe,Goats,2201560,1.5,3302.34,1205354.22,20.0,241070.84,0.035,8437479.53,58,4893738.13,29222.66,12000.0,111407.58172593634,220156.02161762925,11007801.080881462,880624.086470517
2022,Zamfara,Goats,2591423,1.5,3887.14,1418804.38,20.0,283760.88,0.035,9931630.69,58,5760345.8,34397.56,12000.0,101779.29331201052,259142.35326829753,12957117.663414877,1036569.4130731901
2022,Abia,Sheep,58179,2.0,116.36,42471.25,25.0,10617.81,0.038,403476.87,59,238051.35,1421.51,10000.0,83024.20162467004,8726.969099190106,465438.3519568057,34907.876396760425
2022,Adamawa,Sheep,947289,2.0,1894.58,691521.45,25.0,172880.36,0.038,6569453.75,59,3875977.71,23145.17,10000.0,89015.25072027063,142093.4480276265,7578317.22814008,568373.792110506
2022,Akwa Ibom,Sheep,60014,2.0,120.03,43810.29,25.0,10952.57,0.038,416197.78,59,245556.69,1466.33,10000.0,85632.11795570704,9002.114882274629,480112.7937213136,36008.459529098516
2022,Anambra,Sheep,43643,2.0,87.29,31860.08,25.0,7965.02,0.038,302670.78,59,178575.76,1066.35,10000.0,111252.8742298922,6546.592159434222,349151.5818364918,26186.368637736887
2022,Bauchi,Sheep,1338603,2.0,2677.21,977180.71,25.0,244295.18,0.038,9283216.71,59,5477097.86,32706.16,10000.0,85878.50838352839,200790.5560299713,10708829.654931804,803162.2241198852
2022,Bayelsa,Sheep,45251,2.0,90.5,33033.81,25.0,8258.45,0.038,313821.19,59,185154.5,1105.64,10000.0,105438.18828654914,6787.7691383395495,362014.354044776,27151.076553358198
2022,Benue,Sheep,317222,2.0,634.44,231572.35,25.0,57893.09,0.038,2199937.36,59,1297963.04,7750.71,10000.0,106965.21182144251,47583.36024972264,2537779.2133185407,190333.44099889055
2022,Borno,Sheep,1359233,2.0,2718.47,992240.74,25.0,248060.19,0.038,9426287.07,59,5561509.37,33210.22,10000.0,93807.68833976841,203885.08445457055,10873871.17091043,815540.3378182822
2022,Cross River,Sheep,80776,2.0,161.55,58966.87,25.0,14741.72,0.038,560185.26,59,330509.31,1973.62,10000.0,91620.18022685681,12116.480129451189,646212.2735707301,48465.920517804756
2022,Delta,Sheep,84690,2.0,169.38,61824.07,25.0,15456.02,0.038,587328.68,59,346523.92,2069.25,10000.0,115605.64549584058,12703.576284735931,677524.0685192497,50814.305138943724
2022,Ebonyi,Sheep,66556,2.0,133.11,48586.01,25.0,12146.5,0.038,461567.1,59,272324.59,1626.17,10000.0,82488.12904658812,9983.426802025182,532449.4294413431,39933.70720810073
2022,Edo,Sheep,98989,2.0,197.98,72262.54,25.0,18065.64,0.038,686494.16,59,405031.56,2418.62,10000.0,80313.66363087668,14848.467832290498,791918.2843888266,59393.87132916199
2022,Ekiti,Sheep,87432,2.0,174.87,63826.0,25.0,15956.5,0.038,606347.01,59,357744.73,2136.25,10000.0,97906.93701641673,13114.93163692086,699463.0206357791,52459.72654768344
2022,Enugu,Sheep,54291,2.0,108.58,39632.98,25.0,9908.24,0.038,376513.31,59,222142.85,1326.51,10000.0,118317.36484227082,8143.762999032119,434334.0266150464,32575.051996128477
2022,FCT,Sheep,160701,2.0,321.4,117311.91,32.5,38126.37,0.038,1448802.12,59,854793.25,5104.35,14000.0,89675.73176451557,24105.18743025957,1285609.9962805104,96420.74972103829
2022,Gombe,Sheep,865384,2.0,1730.77,631730.65,25.0,157932.66,0.038,6001441.17,59,3540850.29,21143.98,10000.0,107184.81330940432,129807.66774146238,6923075.612877994,519230.67096584954
2022,Imo,Sheep,43864,2.0,87.73,32020.9,25.0,8005.22,0.038,304198.51,59,179477.12,1071.74,10000.0,90988.15260191567,6579.636205792154,350913.9309755816,26318.544823168617
2022,Jigawa,Sheep,1632025,2.0,3264.05,1191378.4,25.0,297844.6,0.038,11318094.76,59,6677675.91,39875.34,10000.0,98386.59481610644,244803.7799129939,13056201.595359676,979215.1196519756
2022,Kaduna,Sheep,1074945,2.0,2149.89,784709.96,32.5,255030.74,0.038,9691168.04,59,5717789.15,34143.43,10000.0,97312.64008837877,161241.77322347407,8599561.238585284,644967.0928938963
2022,Kano,Sheep,1497175,2.0,2994.35,1092937.78,32.5,355204.78,0.038,13497781.62,59,7963691.15,47554.7,14000.0,86629.99119280624,224576.25671720627,11977400.358251002,898305.0268688251
2022,Katsina,Sheep,1955414,2.0,3910.83,1427452.91,25.0,356863.23,0.038,13560802.6,59,8000873.54,47776.74,10000.0,88367.41861631711,293312.24085582583,15643319.512310712,1173248.9634233033
2022,Kebbi,Sheep,1998904,2.0,3997.81,1459199.97,25.0,364799.99,0.038,13862399.7,59,8178815.83,48839.31,10000.0,113745.98656207294,299835.6100255824,15991232.53469773,1199342.4401023297
2022,Kogi,Sheep,233504,2.0,467.01,170457.97,25.0,42614.49,0.038,1619350.68,59,955416.9,5705.21,10000.0,111725.71495986957,35025.6095530829,1868032.5094977547,140102.4382123316
2022,Kwara,Sheep,285095,2.0,570.19,208119.69,25.0,52029.92,0.038,1977137.1,59,1166510.89,6965.75,10000.0,89679.08521268182,42764.320743401935,2280763.7729814365,171057.28297360774
2022,Lagos,Sheep,34894,2.0,69.79,25472.76,32.5,8278.65,0.038,314588.59,59,185607.27,1108.34,14000.0,87877.02817813713,5234.128905572073,279153.54163051053,20936.51562228829
2022,Nasarawa,Sheep,412738,2.0,825.48,301299.22,25.0,75324.8,0.038,2862342.56,59,1688782.11,10084.46,10000.0,119792.77175863803,61910.79807031727,3301909.2304169214,247643.1922812691
2022,Niger,Sheep,999109,2.0,1998.22,729350.14,25.0,182337.53,0.038,6928826.3,59,4088007.52,24411.29,10000.0,119245.74927167287,149866.46647560573,7992878.212032306,599465.8659024229
2022,Ogun,Sheep,161975,2.0,323.95,118242.08,32.5,38428.67,0.038,1460289.63,59,861570.88,5144.82,10000.0,90381.67132704362,24296.31690387154,1295803.568206482,97185.26761548615
2022,Ondo,Sheep,126192,2.0,252.38,92120.49,25.0,23030.12,0.038,875144.7,59,516335.37,3083.27,10000.0,103742.43741515143,18928.868782086513,1009539.6683779473,75715.47512834605
2022,Osun,Sheep,97408,2.0,194.82,71108.45,25.0,17777.11,0.038,675530.25,59,398562.85,2379.99,10000.0,104893.73058468985,14611.324852548778,779270.6588026015,58445.29941019511
2022,Oyo,Sheep,210153,2.0,420.31,153411.76,25.0,38352.94,0.038,1457411.71,59,859872.91,5134.68,10000.0,87604.3059913491,31522.964099867604,1681224.751992939,126091.85639947042
2022,Plateau,Sheep,457957,2.0,915.92,334309.1,25.0,83577.27,0.038,3175936.44,59,1873802.5,11189.3,10000.0,116315.95175118477,68693.65053333019,3663661.36177761,274774.60213332076
2022,Rivers,Sheep,57976,2.0,115.95,42323.01,32.5,13754.98,0.038,522689.2,59,308386.63,1841.51,14000.0,118405.42417621789,8696.509267787644,463813.82761534106,34786.037071150575
2022,Sokoto,Sheep,2426639,2.0,4853.28,1771446.65,25.0,442861.66,0.038,16828743.21,59,9928958.49,59290.18,10000.0,119092.31631966014,363995.887665059,19413114.008803148,1455983.550660236
2022,Taraba,Sheep,796082,2.0,1592.17,581140.55,25.0,145285.14,0.038,5520835.19,59,3257292.76,19450.73,10000.0,86466.85744947847,119412.44112076881,6368663.526441003,477649.76448307524
2022,Yobe,Sheep,1202552,2.0,2405.11,877863.58,25.0,219465.89,0.038,8339703.98,59,4920425.35,29382.02,10000.0,108733.24701488015,180382.92671962854,9620422.75838019,721531.7068785141
2022,Zamfara,Sheep,1668487,2.0,3336.97,1217995.74,25.0,304498.93,0.038,11570959.53,59,6826866.12,40766.22,10000.0,105624.6073419555,250273.09719481744,13347898.51705693,1001092.3887792698
2022,Abia,Poultry,4648108,0.15,697.22,254483.94,80.0,203587.15,0.08,16286972.4,65,10586532.06,63216.84,3000.0,86507.98975234263,4648.108561276107,1394432.568382832,185924.3424510443
2022,Adamawa,Poultry,649870,0.15,97.48,35580.42,80.0,28464.34,0.08,2277146.95,65,1480145.52,8838.6,3000.0,110865.07643914431,649.8707059289385,194961.21177868152,25994.82823715754
2022,Akwa Ibom,Poultry,3550447,0.15,532.57,194387.01,80.0,155509.61,0.08,12440768.56,65,8086499.57,48288.05,3000.0,80484.1246710443,3550.4476497122614,1065134.2949136784,142017.90598849044
2022,Anambra,Poultry,4803792,0.15,720.57,263007.64,80.0,210406.11,0.08,16832488.96,65,10941117.82,65334.23,3000.0,94281.17375880049,4803.792510187619,1441137.7530562854,192151.70040750474
2022,Bauchi,Poultry,997711,0.15,149.66,54624.69,80.0,43699.75,0.08,3495980.27,65,2272387.18,13569.42,3000.0,89147.07118414436,997.7112646938738,299313.3794081621,39908.450587754945
2022,Bayelsa,Poultry,364666,0.15,54.7,19965.48,80.0,15972.39,0.08,1277790.83,65,830564.04,4959.66,3000.0,88883.03482773283,364.6663326311836,109399.89978935508,14586.653305247344
2022,Benue,Poultry,1799678,0.15,269.95,98532.41,80.0,78825.93,0.08,6306074.1,65,4098948.16,24476.62,3000.0,113921.68358405936,1799.6786803004477,539903.6040901343,71987.14721201791
2022,Borno,Poultry,600892,0.15,90.13,32898.86,80.0,26319.09,0.08,2105526.94,65,1368592.51,8172.47,3000.0,83815.97109252843,600.8923907673549,180267.71723020644,24035.695630694194
2022,Cross River,Poultry,3733965,0.15,560.09,204434.62,80.0,163547.7,0.08,13083815.9,65,8504480.33,50783.99,3000.0,81166.79054581058,3733.965724883562,1120189.7174650684,149358.62899534247
2022,Delta,Poultry,6485708,0.15,972.86,355092.55,80.0,284074.04,0.08,22725923.31,65,14771850.15,88209.22,3000.0,106497.36046804272,6485.7087082704775,1945712.612481143,259428.34833081908
2022,Ebonyi,Poultry,1640137,0.15,246.02,89797.52,80.0,71838.02,0.08,5747041.56,65,3735577.01,22306.77,3000.0,91555.39755636663,1640.1374309005714,492041.2292701714,65605.49723602286
2022,Edo,Poultry,5797784,0.15,869.67,317428.71,80.0,253942.97,0.08,20315437.65,65,13205034.47,78853.07,3000.0,116781.24098624199,5797.784718418427,1739335.415525528,231911.38873673708
2022,Ekiti,Poultry,2861147,0.15,429.17,156647.82,80.0,125318.25,0.08,10025460.39,65,6516549.26,38913.18,3000.0,81796.45195982464,2861.1473725898104,858344.2117769431,114445.89490359242
2022,Enugu,Poultry,4359380,0.15,653.91,238676.09,80.0,190940.87,0.08,15275269.6,65,9928925.24,59289.98,3000.0,94868.96265609373,4359.380594373091,1307814.1783119272,174375.22377492365
2022,FCT,Poultry,2248933,0.15,337.34,123129.13,90.0,110816.22,0.08,8865297.3,65,5762443.25,34410.08,4200.0,110170.59893388092,2248.933867313576,674680.1601940728,89957.35469254304
2022,Gombe,Poultry,884807,0.15,132.72,48443.2,80.0,38754.56,0.08,3100365.0,65,2015237.25,12033.87,3000.0,118037.14378010193,884.8073626636168,265442.208799085,35392.29450654467
2022,Imo,Poultry,4808010,0.15,721.2,263238.59,80.0,210590.87,0.08,16847269.56,65,10950725.21,65391.6,3000.0,94284.84637202011,4808.0107187898775,1442403.2156369633,192320.4287515951
2022,Jigawa,Poultry,546873,0.15,82.03,29941.3,80.0,23953.04,0.08,1916243.04,65,1245557.97,7437.77,3000.0,90040.055330492,546.8730127815182,164061.90383445547,21874.92051126073
2022,Kaduna,Poultry,9311284,0.15,1396.69,509792.83,90.0,458813.55,0.08,36705083.73,65,23858304.42,142468.43,3000.0,94343.13846099493,9311.284558001631,2793385.367400489,372451.3823200652
2022,Kano,Poultry,711110,0.15,106.67,38933.28,90.0,35039.95,0.08,2803196.21,65,1822077.54,10880.43,4200.0,89615.95651574028,711.1101508569496,213333.0452570849,28444.406034277985
2022,Katsina,Poultry,539150,0.15,80.87,29518.48,80.0,23614.79,0.08,1889182.84,65,1227968.85,7332.74,3000.0,116729.56346701749,539.1503547751332,161745.10643253996,21566.014191005328
2022,Kebbi,Poultry,401912,0.15,60.29,22004.7,80.0,17603.76,0.08,1408300.55,65,915395.36,5466.23,3000.0,100238.31630939727,401.9122564325878,120573.67692977634,16076.490257303512
2022,Kogi,Poultry,1085025,0.15,162.75,59405.16,80.0,47524.13,0.08,3801930.04,65,2471254.53,14756.95,3000.0,81557.1985330267,1085.025696907313,325507.70907219383,43401.027876292515
2022,Kwara,Poultry,1251052,0.15,187.66,68495.14,80.0,54796.12,0.08,4383689.22,65,2849397.99,17015.01,3000.0,87008.8708842331,1251.05285992306,375315.85797691793,50042.11439692239
2022,Lagos,Poultry,12705764,0.15,1905.86,695640.6,90.0,626076.54,0.08,50086123.32,65,32555980.16,194406.08,4200.0,91299.14975908106,12705.764413048706,3811729.3239146112,508230.5765219482
2022,Nasarawa,Poultry,1780076,0.15,267.01,97459.18,80.0,77967.34,0.08,6237387.57,65,4054301.92,24210.02,3000.0,103264.89171956773,1780.0763614365273,534022.9084309582,71203.0544574611
2022,Niger,Poultry,1021154,0.15,153.17,55908.18,80.0,44726.55,0.08,3578123.78,65,2325780.46,13888.26,3000.0,103203.55338677819,1021.1540473899416,306346.2142169825,40846.16189559767
2022,Ogun,Poultry,17815459,0.15,2672.32,975396.43,90.0,877856.78,0.08,70228542.69,65,45648552.75,272587.59,3000.0,110351.05015029301,17815.459839963853,5344637.951989156,712618.3935985542
2022,Ondo,Poultry,2830625,0.15,424.59,154976.75,80.0,123981.4,0.08,9918511.79,65,6447032.67,38498.07,3000.0,94122.0156640121,2830.6255115594845,849187.6534678453,113225.02046237938
2022,Osun,Poultry,3575726,0.15,536.36,195771.05,80.0,156616.84,0.08,12529347.37,65,8144075.79,48631.86,3000.0,117858.26052601621,3575.726988992436,1072718.0966977307,143029.07955969745
2022,Oyo,Poultry,15320180,0.15,2298.03,838779.87,80.0,671023.9,0.08,53681911.67,65,34893242.59,208362.9,3000.0,96777.91975829254,15320.180271450601,4596054.08143518,612807.2108580241
2022,Plateau,Poultry,2217246,0.15,332.59,121394.25,80.0,97115.4,0.08,7769232.07,65,5050000.85,30155.78,3000.0,99053.42933204395,2217.246596174602,665173.9788523805,88689.86384698408
2022,Rivers,Poultry,7098969,0.15,1064.85,388668.57,90.0,349801.72,0.08,27984137.29,65,18189689.24,108618.64,4200.0,88187.20436229136,7098.969377686604,2129690.813305981,283958.7751074642
2022,Sokoto,Poultry,468051,0.15,70.21,25625.83,80.0,20500.66,0.08,1640052.94,65,1066034.41,6365.76,3000.0,87445.43591013392,468.05163891358694,140415.49167407607,18722.065556543475
2022,Taraba,Poultry,676264,0.15,101.44,37025.48,80.0,29620.38,0.08,2369630.63,65,1540259.91,9197.57,3000.0,114201.2080647974,676.2644477990372,202879.33433971112,27050.577911961485
2022,Yobe,Poultry,432743,0.15,64.91,23692.72,80.0,18954.17,0.08,1516333.91,65,985617.04,5885.55,3000.0,82846.33140693732,432.74369653857354,129823.10896157206,17309.747861542943
2022,Zamfara,Poultry,367544,0.15,55.13,20123.04,80.0,16098.43,0.08,1287874.63,65,837118.51,4998.8,3000.0,117631.38082012432,367.5441294916418,110263.23884749252,14701.765179665672
2022,Abia,Pigs,85485,4.0,341.94,124808.5,70.0,87365.95,0.06,5241957.1,62,3250013.4,19407.26,4000.0,96376.48287268073,854.8527557158808,1282279.1335738213,68388.22045727046
2022,Adamawa,Pigs,90148,4.0,360.6,131617.51,70.0,92132.25,0.06,5527935.29,62,3427319.88,20466.04,4000.0,113433.03711642063,901.4897738546081,1352234.660781912,72119.18190836864
2022,Akwa Ibom,Pigs,412510,4.0,1650.04,602264.94,70.0,421585.46,0.06,25295127.41,62,15682979.0,93649.97,4000.0,107744.7222989518,4125.1023178690375,6187653.476803556,330008.185429523
2022,Anambra,Pigs,112495,4.0,449.98,164242.91,70.0,114970.04,0.06,6898202.2,62,4276885.36,25539.16,4000.0,106186.02747463818,1124.9514348889147,1687427.152333372,89996.11479111318
2022,Bauchi,Pigs,29437,4.0,117.75,42978.07,70.0,30084.65,0.06,1805078.88,62,1119148.91,6682.93,4000.0,115035.32334068228,294.37033329893,441555.499948395,23549.6266639144
2022,Bayelsa,Pigs,43017,4.0,172.07,62805.26,70.0,43963.68,0.06,2637820.77,62,1635448.88,9765.98,4000.0,91298.89705480015,430.1729893747611,645259.4840621416,34413.839149980886
2022,Benue,Pigs,836027,4.0,3344.11,1220600.78,70.0,854420.55,0.06,51265232.86,62,31784444.37,189798.9,4000.0,81502.8436159563,8360.279331089361,12540418.99663404,668822.3464871489
2022,Borno,Pigs,19524,4.0,78.1,28505.89,70.0,19954.12,0.06,1197247.32,62,742293.34,4432.56,4000.0,110621.87002063444,195.24581293546075,292868.7194031911,15619.66503483686
2022,Cross River,Pigs,432172,4.0,1728.69,630971.36,70.0,441679.95,0.06,26500797.0,62,16430494.14,98113.71,4000.0,96662.63313929169,4321.721623787522,6482582.435681282,345737.72990300175
2022,Delta,Pigs,321567,4.0,1286.27,469489.17,70.0,328642.42,0.06,19718544.98,62,12225497.89,73003.83,4000.0,82185.3768000389,3215.6792199746633,4823518.829961995,257254.33759797306
2022,Ebonyi,Pigs,128485,4.0,513.94,187589.2,70.0,131312.44,0.06,7878746.38,62,4884822.76,29169.43,4000.0,89045.01324998688,1284.8575308465563,1927286.2962698343,102788.6024677245
2022,Edo,Pigs,287084,4.0,1148.34,419143.26,70.0,293400.28,0.06,17604017.0,62,10914490.54,65175.23,4000.0,92157.7004902011,2870.8442602212563,4306266.390331885,229667.54081770053
2022,Ekiti,Pigs,201911,4.0,807.64,294790.09,70.0,206353.07,0.06,12381183.96,62,7676334.05,45838.77,4000.0,80058.95288345245,2019.110234224856,3028665.351337284,161528.81873798848
2022,Enugu,Pigs,78122,4.0,312.49,114058.8,70.0,79841.16,0.06,4790469.76,62,2970091.25,17735.72,4000.0,118673.81999197142,781.224682976999,1171837.0244654985,62497.974638159925
2022,FCT,Pigs,79725,4.0,318.9,116399.36,90.0,104759.42,0.06,6285565.47,62,3897050.59,23271.0,5600.0,106521.8876721369,797.2558946130802,1195883.8419196203,63780.471569046415
2022,Gombe,Pigs,27805,4.0,111.22,40596.23,70.0,28417.36,0.06,1705041.79,62,1057125.91,6312.56,4000.0,113937.01516362099,278.056390663525,417084.5859952875,22244.511253082004
2022,Imo,Pigs,94551,4.0,378.21,138045.78,70.0,96632.04,0.06,5797922.66,62,3594712.05,21465.61,4000.0,92117.23622561718,945.5190240981698,1418278.5361472545,75641.52192785358
2022,Jigawa,Pigs,10178,4.0,40.72,14860.99,70.0,10402.69,0.06,624161.41,62,386980.07,2310.83,4000.0,108504.85332394051,101.78757422825953,152681.36134238928,8143.005938260762
2022,Kaduna,Pigs,56077,4.0,224.31,81873.32,90.0,73685.99,0.06,4421159.16,62,2741118.68,16368.43,4000.0,87264.5587102641,560.7761489928023,841164.2234892034,44862.09191942419
2022,Kano,Pigs,15412,4.0,61.65,22502.35,90.0,20252.11,0.06,1215126.88,62,753378.66,4498.76,5600.0,116077.607869966,154.12568215779694,231188.5232366954,12330.054572623754
2022,Katsina,Pigs,11194,4.0,44.78,16343.6,70.0,11440.52,0.06,686431.23,62,425587.36,2541.37,4000.0,119394.33611049903,111.94247098668224,167913.70648002336,8955.39767893458
2022,Kebbi,Pigs,11083,4.0,44.33,16182.08,70.0,11327.46,0.06,679647.33,62,421381.35,2516.25,4000.0,95727.80804111689,110.83616025372442,166254.24038058662,8866.892820297953
2022,Kogi,Pigs,161077,4.0,644.31,235172.86,70.0,164621.0,0.06,9877260.07,62,6123901.24,36568.51,4000.0,106440.57016989282,1610.7730056033988,2416159.508405098,128861.8404482719
2022,Kwara,Pigs,57948,4.0,231.79,84604.61,70.0,59223.23,0.06,3553393.53,62,2203103.99,13155.7,4000.0,101779.8783641546,579.4836149626012,869225.4224439018,46358.6891970081
2022,Lagos,Pigs,55588,4.0,222.35,81158.61,90.0,73042.75,0.06,4382564.98,62,2717190.29,16225.54,5600.0,86692.85216004241,555.8808953534008,833821.3430301012,44470.47162827206
2022,Nasarawa,Pigs,224088,4.0,896.36,327169.78,70.0,229018.84,0.06,13741130.59,62,8519500.96,50873.69,4000.0,103350.91122056446,2240.8888756067095,3361333.313410064,179271.1100485368
2022,Niger,Pigs,115012,4.0,460.05,167918.0,70.0,117542.6,0.06,7052555.99,62,4372584.72,26110.63,4000.0,81696.89192827567,1150.1232863614075,1725184.9295421112,92009.8629089126
2022,Ogun,Pigs,183060,4.0,732.24,267269.02,90.0,240542.12,0.06,14432527.32,62,8948166.94,53433.44,4000.0,104062.15517199296,1830.6097570072532,2745914.6355108796,146448.78056058026
2022,Ondo,Pigs,255917,4.0,1023.67,373640.01,70.0,261548.01,0.06,15692880.48,62,9729585.9,58099.64,4000.0,108576.96656284969,2559.178160077957,3838767.240116935,204734.25280623656
2022,Osun,Pigs,134683,4.0,538.74,196638.41,70.0,137646.89,0.06,8258813.1,62,5120464.12,30576.54,4000.0,84100.63856265898,1346.8384051010505,2020257.6076515757,107747.07240808404
2022,Oyo,Pigs,160506,4.0,642.03,234340.03,70.0,164038.02,0.06,9842281.17,62,6102214.33,36439.01,4000.0,100355.62222364223,1605.0686839067805,2407603.025860171,128405.49471254245
2022,Plateau,Pigs,516581,4.0,2066.33,754209.72,70.0,527946.8,0.06,31676808.05,62,19639620.99,117276.82,4000.0,117316.99450278688,5165.819969121668,7748729.953682502,413265.59752973344
2022,Rivers,Pigs,397944,4.0,1591.78,580999.17,90.0,522899.25,0.06,31373955.21,62,19451852.23,116155.57,5600.0,107888.37527638547,3979.4463739570365,5969169.560935555,318355.70991656295
2022,Sokoto,Pigs,13199,4.0,52.8,19270.95,70.0,13489.67,0.06,809380.07,62,501815.65,2996.56,4000.0,98468.64575252477,131.9928364363713,197989.25465455695,10559.426914909705
2022,Taraba,Pigs,138027,4.0,552.11,201519.7,70.0,141063.79,0.06,8463827.54,62,5247573.08,31335.57,4000.0,107783.81709013142,1380.2719409835258,2070407.9114752887,110421.75527868206
2022,Yobe,Pigs,16545,4.0,66.18,24156.39,70.0,16909.47,0.06,1014568.46,62,629032.44,3756.23,4000.0,114467.63615149382,165.45473898537531,248182.10847806296,13236.379118830024
2022,Zamfara,Pigs,8056,4.0,32.23,11762.58,70.0,8233.81,0.06,494028.43,62,306297.63,1829.04,4000.0,112282.83615466813,80.56562805368479,120848.44208052718,6445.250244294783
2023,Abia,Cattle,98484,20.0,1969.69,718938.65,30.0,215681.59,0.04,8627263.8,60,5176358.28,30910.31,8000.0,93813.67808979552,49242.37328386984,4924237.328386984,246211.86641934921
2023,Adamawa,Cattle,1334213,20.0,26684.26,9739754.97,30.0,2921926.49,0.04,116877059.65,60,70126235.79,418754.61,8000.0,119141.01873556562,667106.504864123,66710650.486412294,3335532.5243206145
2023,Akwa Ibom,Cattle,134826,20.0,2696.54,984236.24,30.0,295270.87,0.04,11810834.91,60,7086500.94,42316.62,8000.0,108046.7944636104,67413.44125742561,6741344.125742561,337067.20628712804
2023,Anambra,Cattle,87711,20.0,1754.24,640296.58,30.0,192088.97,0.04,7683558.97,60,4610135.38,27529.15,8000.0,102482.91177610285,43855.930206322766,4385593.020632276,219279.65103161382
2023,Bauchi,Cattle,1637655,20.0,32753.11,11954883.98,30.0,3586465.19,0.04,143458607.71,60,86075164.63,513992.68,8000.0,99850.35011529447,818827.669575227,81882766.95752269,4094138.347876135
2023,Bayelsa,Cattle,81896,20.0,1637.94,597846.73,30.0,179354.02,0.04,7174160.78,60,4304496.47,25704.04,8000.0,86521.41347726365,40948.40630516296,4094840.630516296,204742.0315258148
2023,Benue,Cattle,560976,20.0,11219.53,4095127.52,30.0,1228538.26,0.04,49141530.26,60,29484918.15,176067.42,8000.0,109377.75728302366,280488.1863912327,28048818.639123272,1402440.9319561636
2023,Borno,Cattle,1573360,20.0,31467.22,11485534.47,30.0,3445660.34,0.04,137826413.65,60,82695848.19,493813.3,8000.0,81007.73655836917,786680.4432192743,78668044.32192743,3933402.2160963714
2023,Cross River,Cattle,167981,20.0,3359.63,1226266.72,30.0,367880.02,0.04,14715200.65,60,8829120.39,52722.56,8000.0,80456.71933816295,83990.87126893827,8399087.126893826,419954.35634469136
2023,Delta,Cattle,196469,20.0,3929.4,1434229.72,30.0,430268.92,0.04,17210756.63,60,10326453.98,61663.8,8000.0,118810.28438904228,98234.91224705338,9823491.224705338,491174.56123526685
2023,Ebonyi,Cattle,134640,20.0,2692.81,982875.77,30.0,294862.73,0.04,11794509.28,60,7076705.57,42258.12,8000.0,89398.9361998381,67320.25846598177,6732025.846598176,336601.2923299088
2023,Edo,Cattle,240183,20.0,4803.68,1753341.98,30.0,526002.59,0.04,21040103.78,60,12624062.27,75383.83,8000.0,112685.1256806234,120091.91652948235,12009191.652948234,600459.5826474117
2023,Ekiti,Cattle,105851,20.0,2117.02,772713.07,30.0,231813.92,0.04,9272556.89,60,5563534.13,33222.31,8000.0,118681.41101024585,52925.55299910907,5292555.299910908,264627.7649955454
2023,Enugu,Cattle,105020,20.0,2100.41,766650.3,30.0,229995.09,0.04,9199803.61,60,5519882.17,32961.65,8000.0,100191.82393218113,52510.29460061946,5251029.460061946,262551.4730030973
2023,FCT,Cattle,218918,20.0,4378.38,1598106.91,39.0,623261.7,0.04,24930467.86,60,14958280.72,89322.48,11200.0,114505.61884596717,109459.37768425888,10945937.76842589,547296.8884212944
2023,Gombe,Cattle,595879,20.0,11917.59,4349921.22,30.0,1304976.37,0.04,52199054.6,60,31319432.76,187022.11,8000.0,112000.13927054725,297939.80936408654,29793980.936408654,1489699.0468204326
2023,Imo,Cattle,95384,20.0,1907.69,696306.76,30.0,208892.03,0.04,8355681.1,60,5013408.66,29937.27,8000.0,95862.14727959853,47692.243712478325,4769224.371247833,238461.21856239162
2023,Jigawa,Cattle,994653,20.0,19893.06,7260968.57,30.0,2178290.57,0.04,87131622.83,60,52278973.7,312180.75,8000.0,114611.8303563565,497326.6143034728,49732661.43034728,2486633.071517364
2023,Kaduna,Cattle,1563013,20.0,31260.28,11410000.88,39.0,4449900.34,0.04,177996013.7,60,106797608.22,637735.51,8000.0,92391.51436836398,781506.9094699655,78150690.94699655,3907534.5473498274
2023,Kano,Cattle,1234385,20.0,24687.71,9011012.94,39.0,3514295.05,0.04,140571801.88,60,84343081.13,503649.65,11200.0,114856.56136763417,617192.6671838877,61719266.718388766,3085963.3359194384
2023,Katsina,Cattle,2221659,20.0,44433.18,16218110.84,30.0,4865433.25,0.04,194617330.08,60,116770398.05,697287.43,8000.0,111867.2558876549,1110829.509602425,111082950.9602425,5554147.548012124
2023,Kebbi,Cattle,2244341,20.0,44886.83,16383692.73,30.0,4915107.82,0.04,196604312.71,60,117962587.62,704406.51,8000.0,104994.96398427995,1122170.7346306392,112217073.46306393,5610853.6731531955
2023,Kogi,Cattle,372337,20.0,7446.75,2718062.99,30.0,815418.9,0.04,32616755.94,60,19570053.56,116861.4,8000.0,113313.21507153084,186168.69827924378,18616869.82792438,930843.4913962189
2023,Kwara,Cattle,453580,20.0,9071.61,3311135.9,30.0,993340.77,0.04,39733630.83,60,23840178.5,142360.2,8000.0,80486.27085909547,226790.1303031764,22679013.03031764,1133950.651515882
2023,Lagos,Cattle,54263,20.0,1085.27,396124.84,39.0,154488.69,0.04,6179547.55,60,3707728.53,22140.48,11200.0,82073.43196478917,27131.838576285205,2713183.8576285206,135659.19288142602
2023,Nasarawa,Cattle,642946,20.0,12858.93,4693510.94,30.0,1408053.28,0.04,56322131.34,60,33793278.8,201794.54,8000.0,91505.30916174712,321473.3523749647,32147335.23749647,1607366.7618748234
2023,Niger,Cattle,1109066,20.0,22181.34,8096188.35,30.0,2428856.5,0.04,97154260.2,60,58292556.12,348090.5,8000.0,94118.34013809427,554533.4486213048,55453344.862130485,2772667.243106524
2023,Ogun,Cattle,268553,20.0,5371.07,1960440.04,39.0,764571.62,0.04,30582864.7,60,18349718.82,109574.24,8000.0,93361.99862675076,134276.71540046833,13427671.540046833,671383.5770023416
2023,Ondo,Cattle,219516,20.0,4390.33,1602469.36,30.0,480740.81,0.04,19229632.26,60,11537779.36,68897.16,8000.0,96181.0954229548,109758.17502049558,10975817.502049558,548790.8751024778
2023,Osun,Cattle,143734,20.0,2874.7,1049264.34,30.0,314779.3,0.04,12591172.06,60,7554703.23,45112.46,8000.0,111350.39369936429,71867.42041736074,7186742.041736075,359337.1020868037
2023,Oyo,Cattle,301150,20.0,6023.0,2198396.37,30.0,659518.91,0.04,26380756.41,60,15828453.85,94518.66,8000.0,97310.67518397051,150575.09367097623,15057509.367097624,752875.4683548812
2023,Plateau,Cattle,770396,20.0,15407.94,5623896.89,30.0,1687169.07,0.04,67486762.71,60,40492057.62,241795.89,8000.0,93298.24628594848,385198.4172698304,38519841.72698304,1925992.086349152
2023,Rivers,Cattle,95576,20.0,1911.53,697707.7,39.0,272106.0,0.04,10884240.18,60,6530544.11,38996.75,11200.0,94956.84188051254,47788.19889200526,4778819.889200526,238940.9944600263
2023,Sokoto,Cattle,2922966,20.0,58459.32,21337652.35,30.0,6401295.71,0.04,256051828.25,60,153631096.95,917398.88,8000.0,105669.37589194233,1461483.037964099,146148303.7964099,7307415.189820495
2023,Taraba,Cattle,987842,20.0,19756.85,7211251.77,30.0,2163375.53,0.04,86535021.22,60,51921012.73,310043.21,8000.0,105291.2861455056,493921.3539958948,49392135.39958948,2469606.769979474
2023,Yobe,Cattle,807280,20.0,16145.61,5893149.13,30.0,1767944.74,0.04,70717789.53,60,42430673.72,253372.22,8000.0,96733.3545640912,403640.3512198374,40364035.12198374,2018201.7560991868
2023,Zamfara,Cattle,2029735,20.0,40594.71,14817067.86,30.0,4445120.36,0.04,177804814.35,60,106682888.61,637050.47,8000.0,84054.91590212636,1014867.6618255881,101486766.1825588,5074338.309127941
2023,Abia,Goats,128986,1.5,193.48,70620.07,20.0,14124.01,0.035,494340.49,58,286717.49,1712.12,12000.0,91052.76433863415,12898.643004296111,644932.1502148055,51594.572017184444
2023,Adamawa,Goats,1827017,1.5,2740.53,1000291.86,20.0,200058.37,0.035,7002043.0,58,4061184.94,24251.12,12000.0,119214.7496376874,182701.70915381092,9135085.457690546,730806.8366152437
2023,Akwa Ibom,Goats,154134,1.5,231.2,84388.68,20.0,16877.74,0.035,590720.76,58,342618.04,2045.92,12000.0,100748.0397752238,15413.457554018853,770672.8777009426,61653.83021607541
2023,Anambra,Goats,105272,1.5,157.91,57636.96,20.0,11527.39,0.035,403458.69,58,234006.04,1397.35,12000.0,118827.06181638976,10527.297747333967,526364.8873666984,42109.19098933587
2023,Bauchi,Goats,2197807,1.5,3296.71,1203299.5,20.0,240659.9,0.035,8423096.53,58,4885395.99,29172.85,12000.0,96144.04009446365,219780.73147945944,10989036.573972972,879122.9259178378
2023,Bayelsa,Goats,117838,1.5,176.76,64516.4,20.0,12903.28,0.035,451614.77,58,261936.57,1564.14,12000.0,108182.1771210978,11783.816511161991,589190.8255580995,47135.266044647964
2023,Benue,Goats,683840,1.5,1025.76,374402.86,20.0,74880.57,0.035,2620820.05,58,1520075.63,9077.04,12000.0,93860.96671810873,68384.08485941209,3419204.242970604,273536.33943764836
2023,Borno,Goats,2683241,1.5,4024.86,1469074.98,20.0,293815.0,0.035,10283524.83,58,5964444.4,35616.32,12000.0,90571.05052634557,268324.1964141082,13416209.82070541,1073296.7856564329
2023,Cross River,Goats,190542,1.5,285.81,104322.26,20.0,20864.45,0.035,730255.84,58,423548.39,2529.19,12000.0,99321.5879023556,19054.294670755753,952714.7335377876,76217.17868302301
2023,Delta,Goats,214558,1.5,321.84,117470.55,20.0,23494.11,0.035,822293.83,58,476930.42,2847.96,12000.0,91498.46659589,21455.807819940936,1072790.3909970468,85823.23127976374
2023,Ebonyi,Goats,162418,1.5,243.63,88923.95,20.0,17784.79,0.035,622467.67,58,361031.25,2155.88,12000.0,118741.49326799568,16241.817907235885,812090.8953617943,64967.27162894354
2023,Edo,Goats,287044,1.5,430.57,157157.08,20.0,31431.42,0.035,1100099.53,58,638057.73,3810.12,12000.0,83079.17868259865,28704.488779850108,1435224.4389925054,114817.95511940043
2023,Ekiti,Goats,154407,1.5,231.61,84537.99,20.0,16907.6,0.035,591765.9,58,343224.22,2049.54,12000.0,118056.92883382263,15440.727858643026,772036.3929321512,61762.9114345721
2023,Enugu,Goats,140303,1.5,210.46,76816.33,20.0,15363.27,0.035,537714.28,58,311874.28,1862.34,12000.0,83682.67944329901,14030.3792396255,701518.9619812749,56121.516958502
2023,FCT,Goats,344143,1.5,516.22,188418.79,26.0,48988.88,0.035,1714610.95,58,994474.35,5938.44,16800.0,104945.95113161064,34414.390142881966,1720719.5071440982,137657.56057152787
2023,Gombe,Goats,1668810,1.5,2503.22,913673.81,20.0,182734.76,0.035,6395716.66,58,3709515.66,22151.15,12000.0,90696.08111430165,166881.06098691715,8344053.0493458565,667524.2439476686
2023,Imo,Goats,111735,1.5,167.6,61175.18,20.0,12235.04,0.035,428226.23,58,248371.21,1483.13,12000.0,118600.61477817887,11173.548022314111,558677.4011157055,44694.192089256445
2023,Jigawa,Goats,2489691,1.5,3734.54,1363106.06,20.0,272621.21,0.035,9541742.44,58,5534210.61,33047.21,12000.0,107041.0515221019,248969.14379510074,12448457.189755037,995876.575180403
2023,Kaduna,Goats,1991295,1.5,2986.94,1090234.11,26.0,283460.87,0.035,9921130.36,58,5754255.61,34361.19,12000.0,104400.29668317943,199129.51706634232,9956475.853317115,796518.0682653693
2023,Kano,Goats,2866124,1.5,4299.19,1569203.36,26.0,407992.87,0.035,14279750.57,58,8282255.33,49456.99,16800.0,90843.85015056263,286612.4856513382,14330624.282566907,1146449.9426053527
2023,Katsina,Goats,3399986,1.5,5099.98,1861492.62,20.0,372298.52,0.035,13030448.31,58,7557660.02,45130.11,12000.0,114643.82534446765,339998.6512939208,16999932.56469604,1359994.6051756833
2023,Kebbi,Goats,2465115,1.5,3697.67,1349650.94,20.0,269930.19,0.035,9447556.56,58,5479582.81,32721.0,12000.0,84236.23217615031,246511.5867177223,12325579.335886113,986046.3468708892
2023,Kogi,Goats,471244,1.5,706.87,258006.32,20.0,51601.26,0.035,1806044.25,58,1047505.66,6255.12,12000.0,117789.45035132318,47124.442192330105,2356222.109616505,188497.76876932042
2023,Kwara,Goats,589038,1.5,883.56,322498.85,20.0,64499.77,0.035,2257491.95,58,1309345.33,7818.68,12000.0,115319.75299319092,58903.899630855885,2945194.981542794,235615.59852342354
2023,Lagos,Goats,84637,1.5,126.96,46338.84,26.0,12048.1,0.035,421683.46,58,244576.41,1460.47,16800.0,103503.43484437608,8463.71544858243,423185.7724291215,33854.86179432972
2023,Nasarawa,Goats,842935,1.5,1264.4,461507.29,20.0,92301.46,0.035,3230551.04,58,1873719.6,11188.8,12000.0,107204.4754178789,84293.56912182542,4214678.456091271,337174.2764873017
2023,Niger,Goats,1656300,1.5,2484.45,906824.77,20.0,181364.95,0.035,6347773.36,58,3681708.55,21985.1,12000.0,80615.79566765233,165630.09430785236,8281504.7153926175,662520.3772314094
2023,Ogun,Goats,343056,1.5,514.58,187823.18,26.0,48834.03,0.035,1709190.92,58,991330.73,5919.67,12000.0,90124.06156718436,34305.60321576642,1715280.1607883212,137222.4128630657
2023,Ondo,Goats,278418,1.5,417.63,152433.93,20.0,30486.79,0.035,1067037.52,58,618881.76,3695.62,12000.0,118303.2406033527,27841.813961666383,1392090.698083319,111367.25584666553
2023,Osun,Goats,220429,1.5,330.64,120685.39,20.0,24137.08,0.035,844797.74,58,489982.69,2925.9,12000.0,113592.06426657707,22042.993854178163,1102149.692708908,88171.97541671265
2023,Oyo,Goats,421917,1.5,632.88,230999.91,20.0,46199.98,0.035,1616999.37,58,937859.63,5600.37,12000.0,106898.41992100116,42191.764319564216,2109588.2159782103,168767.05727825686
2023,Plateau,Goats,1014451,1.5,1521.68,555412.05,20.0,111082.41,0.035,3887884.33,58,2254972.91,13465.44,12000.0,84075.72403491747,101445.12281011815,5072256.140505907,405780.4912404726
2023,Rivers,Goats,121709,1.5,182.56,66636.18,26.0,17325.41,0.035,606389.27,58,351705.77,2100.19,16800.0,97343.31170530457,12170.992328384278,608549.6164192138,48683.96931353711
2023,Sokoto,Goats,3281934,1.5,4922.9,1796859.01,20.0,359371.8,0.035,12578013.05,58,7295247.57,43563.13,12000.0,109935.37398704926,328193.4259393145,16409671.296965722,1312773.703757258
2023,Taraba,Goats,1504324,1.5,2256.49,823617.42,20.0,164723.48,0.035,5765321.94,58,3343886.73,19967.82,12000.0,97360.83890835036,150432.40552770457,7521620.276385228,601729.6221108183
2023,Yobe,Goats,2040372,1.5,3060.56,1117104.01,20.0,223420.8,0.035,7819728.04,58,4535442.26,27083.12,12000.0,97376.13276026439,204037.2613869626,10201863.069348129,816149.0455478504
2023,Zamfara,Goats,2612908,1.5,3919.36,1430567.22,20.0,286113.44,0.035,10013970.56,58,5808102.92,34682.74,12000.0,80362.16646321485,261290.81690142635,13064540.845071318,1045163.2676057054
2023,Abia,Sheep,55938,2.0,111.88,40835.05,25.0,10208.76,0.038,387933.02,59,228880.48,1366.75,10000.0,104531.66739549517,8390.76471953888,447507.4517087403,33563.05887815552
2023,Adamawa,Sheep,1040256,2.0,2080.51,759386.95,25.0,189846.74,0.038,7214176.05,59,4256363.87,25416.62,10000.0,89680.88319923509,156038.41490822146,8322048.795105145,624153.6596328858
2023,Akwa Ibom,Sheep,68769,2.0,137.54,50201.72,25.0,12550.43,0.038,476916.36,59,281380.65,1680.25,10000.0,83655.65945327106,10315.422375962915,550155.8600513554,41261.68950385166
2023,Anambra,Sheep,41319,2.0,82.64,30163.54,25.0,7540.89,0.038,286553.67,59,169066.66,1009.57,10000.0,115098.80186617927,6197.988519517951,330559.38770762406,24791.954078071805
2023,Bauchi,Sheep,1447173,2.0,2894.35,1056436.5,25.0,264109.13,0.038,10036146.75,59,5921326.58,35358.85,10000.0,80549.82216045381,217075.99318990918,11577386.303461824,868303.9727596367
2023,Bayelsa,Sheep,41751,2.0,83.5,30478.74,25.0,7619.69,0.038,289548.07,59,170833.36,1020.12,10000.0,88576.25931972658,6262.755585636549,334013.6312339493,25051.022342546195
2023,Benue,Sheep,321990,2.0,643.98,235053.06,25.0,58763.27,0.038,2233004.1,59,1317472.42,7867.21,10000.0,89902.39081119545,48298.57460442883,2575923.9789028713,193194.29841771533
2023,Borno,Sheep,1365408,2.0,2730.82,996748.15,25.0,249187.04,0.038,9469107.39,59,5586773.36,33361.08,10000.0,98357.62066387282,204811.2628767695,10923267.353427706,819245.051507078
2023,Cross River,Sheep,80518,2.0,161.04,58778.51,25.0,14694.63,0.038,558395.88,59,329453.57,1967.31,10000.0,104269.26898869745,12077.776854802432,644148.0989227964,48311.10741920973
2023,Delta,Sheep,90968,2.0,181.94,66406.97,25.0,16601.74,0.038,630866.18,59,372211.04,2222.64,10000.0,83245.96714144957,13645.26699649984,727747.5731466581,54581.06798599936
2023,Ebonyi,Sheep,71901,2.0,143.8,52487.81,25.0,13121.95,0.038,498634.22,59,294194.19,1756.76,10000.0,113539.673353721,10785.166978073425,575208.9054972493,43140.6679122937
2023,Edo,Sheep,116617,2.0,233.23,85130.41,25.0,21282.6,0.038,808738.9,59,477155.95,2849.31,10000.0,112919.3522016707,17492.550191187667,932936.0101966757,69970.20076475067
2023,Ekiti,Sheep,95537,2.0,191.08,69742.66,25.0,17435.66,0.038,662555.26,59,390907.6,2334.28,10000.0,101770.1586445479,14330.683254365813,764303.10689951,57322.73301746325
2023,Enugu,Sheep,56827,2.0,113.65,41483.8,25.0,10370.95,0.038,394096.12,59,232516.71,1388.46,10000.0,104671.34431410165,8524.0689216919,454617.00915690133,34096.2756867676
2023,FCT,Sheep,172874,2.0,345.75,126198.23,32.5,41014.42,0.038,1558548.08,59,919543.37,5491.0,14000.0,109516.69573416101,25931.14221487227,1382994.2514598544,103724.56885948908
2023,Gombe,Sheep,903751,2.0,1807.5,659738.64,25.0,164934.66,0.038,6267517.05,59,3697835.06,22081.4,10000.0,82738.34877334312,135562.7336428909,7230012.460954182,542250.9345715636
2023,Imo,Sheep,48184,2.0,96.37,35174.88,25.0,8793.72,0.038,334161.39,59,197155.22,1177.3,10000.0,116830.66433853429,7227.71566572831,385478.16883884324,28910.86266291324
2023,Jigawa,Sheep,1638648,2.0,3277.3,1196213.3,25.0,299053.33,0.038,11364026.36,59,6704775.55,40037.16,10000.0,101533.27773022854,245797.2536460238,13109186.86112127,983189.0145840952
2023,Kaduna,Sheep,1048293,2.0,2096.59,765254.57,32.5,248707.73,0.038,9450893.9,59,5576027.4,33296.91,10000.0,94737.95679666316,157244.08906653078,8386351.416881642,628976.3562661231
2023,Kano,Sheep,1863049,2.0,3726.1,1360026.19,32.5,442008.51,0.038,16796323.42,59,9909830.82,59175.96,14000.0,106658.52190107343,279457.43581233657,14904396.57665795,1117829.7432493463
2023,Katsina,Sheep,2190924,2.0,4381.85,1599375.02,25.0,399843.76,0.038,15194062.73,59,8964497.01,53530.96,10000.0,98173.8169227062,328638.7037037408,17527397.530866176,1314554.8148149631
2023,Kebbi,Sheep,2362012,2.0,4724.02,1724268.89,25.0,431067.22,0.038,16380554.47,59,9664527.14,57711.14,10000.0,89935.3443497283,354301.8271283533,18896097.44684551,1417207.3085134132
2023,Kogi,Sheep,228853,2.0,457.71,167063.33,25.0,41765.83,0.038,1587101.61,59,936389.95,5591.6,10000.0,97104.05334813349,34328.08090921092,1830830.9818245824,137312.32363684368
2023,Kwara,Sheep,271618,2.0,543.24,198281.7,25.0,49570.42,0.038,1883676.15,59,1111368.93,6636.47,10000.0,105972.89298307526,40742.81506042426,2172950.136555961,162971.26024169705
2023,Lagos,Sheep,35850,2.0,71.7,26170.68,32.5,8505.47,0.038,323207.94,59,190692.69,1138.71,14000.0,82560.25386434484,5377.537756118251,286802.0136596401,21510.151024473005
2023,Nasarawa,Sheep,419272,2.0,838.55,306069.17,25.0,76517.29,0.038,2907657.13,59,1715517.71,10244.11,10000.0,91695.32441648773,62890.92575781861,3354182.7070836592,251563.70303127443
2023,Niger,Sheep,978099,2.0,1956.2,714012.55,25.0,178503.14,0.038,6783119.2,59,4002040.33,23897.94,10000.0,80876.53315100036,146714.90701650982,7824795.040880525,586859.6280660393
2023,Ogun,Sheep,158305,2.0,316.61,115563.07,32.5,37558.0,0.038,1427203.95,59,842050.33,5028.25,10000.0,100105.24970520522,23745.83685990927,1266444.6325284943,94983.34743963707
2023,Ondo,Sheep,120185,2.0,240.37,87735.16,25.0,21933.79,0.038,833484.06,59,491755.6,2936.49,10000.0,99643.82917532661,18027.773461656387,961481.2512883407,72111.09384662555
2023,Osun,Sheep,119299,2.0,238.6,87088.46,25.0,21772.12,0.038,827340.39,59,488130.83,2914.84,10000.0,84215.72872431221,17894.889505925334,954394.1069826845,71579.55802370133
2023,Oyo,Sheep,208302,2.0,416.6,152060.6,25.0,38015.15,0.038,1444575.68,59,852299.65,5089.46,10000.0,96386.84213503971,31245.328287438366,1666417.5086633796,124981.31314975346
2023,Plateau,Sheep,463909,2.0,927.82,338653.97,25.0,84663.49,0.038,3217212.7,59,1898155.49,11334.72,10000.0,90409.46391940917,69586.43190257647,3711276.368137412,278345.7276103059
2023,Rivers,Sheep,51212,2.0,102.43,37385.27,32.5,12150.21,0.038,461708.11,59,272407.79,1626.67,14000.0,86418.50457084905,7681.905243327472,409701.6129774652,30727.620973309888
2023,Sokoto,Sheep,2314725,2.0,4629.45,1689749.52,25.0,422437.38,0.038,16052620.47,59,9471046.08,56555.78,10000.0,87425.86819604972,347208.8060752935,18517802.990682323,1388835.224301174
2023,Taraba,Sheep,813266,2.0,1626.53,593684.35,25.0,148421.09,0.038,5640001.28,59,3327600.76,19870.57,10000.0,115267.62447374032,121989.93395980084,6506129.811189379,487959.73583920335
2023,Yobe,Sheep,1345669,2.0,2691.34,982338.6,25.0,245584.65,0.038,9332216.72,59,5506007.87,32878.8,10000.0,107405.37239497936,201850.39778781627,10765354.548683535,807401.5911512651
2023,Zamfara,Sheep,1698147,2.0,3396.3,1239647.74,25.0,309911.94,0.038,11776653.57,59,6948225.61,41490.91,10000.0,91567.497851838,254722.13921581625,13585180.758176867,1018888.556863265
2023,Abia,Poultry,4707907,0.15,706.19,257757.93,80.0,206206.35,0.08,16496507.72,65,10722730.02,64030.14,3000.0,89998.27785590485,4707.907455058986,1412372.2365176955,188316.2982023594
2023,Adamawa,Poultry,694920,0.15,104.24,38046.92,80.0,30437.54,0.08,2435002.87,65,1582751.86,9451.31,3000.0,101422.1525951869,694.9209090564682,208476.27271694044,27796.836362258728
2023,Akwa Ibom,Poultry,3753149,0.15,562.97,205484.93,80.0,164387.94,0.08,13151035.24,65,8548172.91,51044.9,3000.0,94151.56634945744,3753.149327634439,1125944.7982903316,150125.97310537755
2023,Anambra,Poultry,6176446,0.15,926.47,338160.46,80.0,270528.36,0.08,21642269.19,65,14067474.97,84003.08,3000.0,111571.71393278742,6176.446686759833,1852934.00602795,247057.86747039334
2023,Bauchi,Poultry,947655,0.15,142.15,51884.12,80.0,41507.3,0.08,3320583.86,65,2158379.51,12888.63,3000.0,116551.53775493038,947.6552115642673,284296.5634692802,37906.20846257069
2023,Bayelsa,Poultry,421365,0.15,63.2,23069.75,80.0,18455.8,0.08,1476463.78,65,959701.46,5730.8,3000.0,93069.70168120164,421.3652352432864,126409.57057298592,16854.609409731456
2023,Benue,Poultry,1956856,0.15,293.53,107137.91,80.0,85710.33,0.08,6856826.07,65,4456936.95,26614.33,3000.0,100225.36613687835,1956.8567555500792,587057.0266650238,78274.27022200318
2023,Borno,Poultry,670305,0.15,100.55,36699.22,80.0,29359.38,0.08,2348750.16,65,1526687.6,9116.52,3000.0,115052.77732569247,670.3054106378509,201091.62319135526,26812.216425514034
2023,Cross River,Poultry,3793733,0.15,569.06,207706.93,80.0,166165.55,0.08,13293243.73,65,8640608.43,51596.87,3000.0,95709.22973085665,3793.7339422764794,1138120.1826829438,151749.35769105918
2023,Delta,Poultry,7159135,0.15,1073.87,391962.66,80.0,313570.13,0.08,25085610.15,65,16305646.6,97368.19,3000.0,100125.2989020616,7159.135317724942,2147740.5953174825,286365.41270899767
2023,Ebonyi,Poultry,1813586,0.15,272.04,99293.88,80.0,79435.1,0.08,6354808.3,65,4130625.4,24665.78,3000.0,114352.67084672619,1813.586844275753,544076.0532827259,72543.47377103013
2023,Edo,Poultry,6667451,0.15,1000.12,365042.98,80.0,292034.39,0.08,23362751.03,65,15185788.17,90681.02,3000.0,113516.33499407215,6667.451778167857,2000235.533450357,266698.0711267143
2023,Ekiti,Poultry,3036714,0.15,455.51,166260.14,80.0,133008.11,0.08,10640648.91,65,6916421.79,41301.0,3000.0,109934.23414662959,3036.7148718044855,911014.4615413457,121468.59487217943
2023,Enugu,Poultry,4452893,0.15,667.93,243795.9,80.0,195036.72,0.08,15602937.46,65,10141909.35,60561.8,3000.0,104421.87020061698,4452.893112076314,1335867.9336228939,178115.72448305253
2023,FCT,Poultry,2296488,0.15,344.47,125732.76,90.0,113159.48,0.08,9052758.55,65,5884293.06,35137.7,4200.0,106945.8166989963,2296.4887234818743,688946.6170445624,91859.54893927497
2023,Gombe,Poultry,825231,0.15,123.78,45181.43,80.0,36145.14,0.08,2891611.55,65,1879547.51,11223.61,3000.0,107757.98362040627,825.2316068211378,247569.48204634135,33009.26427284551
2023,Imo,Poultry,4873050,0.15,730.96,266799.52,80.0,213439.61,0.08,17075169.13,65,11098859.93,66276.18,3000.0,84702.0520060088,4873.050550705168,1461915.1652115502,194922.0220282067
2023,Jigawa,Poultry,517255,0.15,77.59,28319.73,80.0,22655.78,0.08,1812462.77,65,1178100.8,7034.96,3000.0,80079.68540876282,517.2553577258925,155176.60731776775,20690.214309035702
2023,Kaduna,Poultry,10286555,0.15,1542.98,563188.91,90.0,506870.02,0.08,40549601.22,65,26357240.79,157390.68,3000.0,109296.04196233516,10286.555356754618,3085966.607026385,411462.21427018475
2023,Kano,Poultry,741362,0.15,111.2,40589.61,90.0,36530.65,0.08,2922452.01,65,1899593.8,11343.31,4200.0,86454.51204221534,741.3627612954438,222408.82838863312,29654.51045181775
2023,Katsina,Poultry,564659,0.15,84.7,30915.11,80.0,24732.09,0.08,1978567.35,65,1286068.78,7679.68,3000.0,80765.15865749148,564.6596313959333,169397.88941877996,22586.38525583733
2023,Kebbi,Poultry,436836,0.15,65.53,23916.82,80.0,19133.45,0.08,1530676.24,65,994939.56,5941.22,3000.0,115634.22139932588,436.83682648102064,131051.04794430618,17473.473059240823
2023,Kogi,Poultry,1168243,0.15,175.24,63961.35,80.0,51169.08,0.08,4093526.24,65,2660792.06,15888.76,3000.0,94170.85308868863,1168.2437899228964,350473.1369768689,46729.751596915856
2023,Kwara,Poultry,1361625,0.15,204.24,74549.02,80.0,59639.22,0.08,4771137.26,65,3101239.22,18518.86,3000.0,88894.45218992681,1361.6259307428836,408487.77922286507,54465.037229715344
2023,Lagos,Poultry,12928653,0.15,1939.3,707843.8,90.0,637059.42,0.08,50964753.62,65,33127089.86,197816.43,4200.0,104310.1073238261,12928.65388740249,3878596.166220747,517146.1554960996
2023,Nasarawa,Poultry,1673777,0.15,251.07,91639.33,80.0,73311.46,0.08,5864916.82,65,3812195.93,22764.3,3000.0,82309.2863690047,1673.7776312272254,502133.2893681676,66951.10524908901
2023,Niger,Poultry,1084569,0.15,162.69,59380.19,80.0,47504.15,0.08,3800332.01,65,2470215.81,14750.75,3000.0,89368.13483705337,1084.5696384496662,325370.8915348998,43382.785537986645
2023,Ogun,Poultry,18235131,0.15,2735.27,998373.44,90.0,898536.09,0.08,71882887.34,65,46723876.77,279008.83,3000.0,118394.51210853821,18235.131238674356,5470539.371602306,729405.2495469742
2023,Ondo,Poultry,3294676,0.15,494.2,180383.52,80.0,144306.82,0.08,11544545.27,65,7503954.43,44809.41,3000.0,102275.13772688384,3294.6761613119443,988402.8483935832,131787.04645247775
2023,Osun,Poultry,3545412,0.15,531.81,194111.31,80.0,155289.05,0.08,12423123.89,65,8075030.53,48219.56,3000.0,97157.77333720577,3545.4120694439343,1063623.6208331801,141816.48277775737
2023,Oyo,Poultry,15581398,0.15,2337.21,853081.58,80.0,682465.26,0.08,54597221.11,65,35488193.72,211915.62,3000.0,107857.1922814443,15581.398717236667,4674419.615170999,623255.9486894667
2023,Plateau,Poultry,2359154,0.15,353.87,129163.69,80.0,103330.95,0.08,8266476.0,65,5373209.4,32085.8,3000.0,86867.75630821798,2359.154110720826,707746.2332162478,94366.16442883304
2023,Rivers,Poultry,7727655,0.15,1159.15,423089.12,90.0,380780.2,0.08,30462416.36,65,19800570.64,118237.92,4200.0,96478.32380136408,7727.655089902183,2318296.5269706547,309106.20359608735
2023,Sokoto,Poultry,529287,0.15,79.39,28978.46,80.0,23182.77,0.08,1854621.72,65,1205504.12,7198.6,3000.0,105256.75684873505,529.2870211849681,158786.10635549042,21171.48084739872
2023,Taraba,Poultry,760740,0.15,114.11,41650.55,80.0,33320.44,0.08,2665635.38,65,1732663.0,10346.49,3000.0,84615.78568715669,760.7406915015613,228222.20745046838,30429.627660062455
2023,Yobe,Poultry,503181,0.15,75.48,27549.17,80.0,22039.33,0.08,1763146.71,65,1146045.36,6843.54,3000.0,84688.15622720934,503.18113784023546,150954.34135207062,20127.245513609418
2023,Zamfara,Poultry,417135,0.15,62.57,22838.16,80.0,18270.53,0.08,1461642.38,65,950067.55,5673.27,3000.0,85713.67859257327,417.135383716175,125140.6151148525,16685.415348647
2023,Abia,Pigs,91571,4.0,366.29,133694.84,70.0,93586.39,0.06,5615183.3,62,3481413.64,20789.05,4000.0,88250.0845534461,915.7180848376419,1373577.1272564628,73257.44678701134
2023,Adamawa,Pigs,85527,4.0,342.11,124870.1,70.0,87409.07,0.06,5244544.4,62,3251617.53,19416.84,4000.0,115826.99110475116,855.2746907657013,1282912.0361485519,68421.9752612561
2023,Akwa Ibom,Pigs,414846,4.0,1659.39,605675.95,70.0,423973.17,0.06,25438389.91,62,15771801.74,94180.37,4000.0,100312.20255835116,4148.465412798321,6222698.119197482,331877.23302386573
2023,Anambra,Pigs,108450,4.0,433.8,158337.81,70.0,110836.46,0.06,6650187.85,62,4123116.47,24620.94,4000.0,80724.96164182918,1084.5055200008348,1626758.2800012522,86760.44160006678
2023,Bauchi,Pigs,34398,4.0,137.6,50222.4,70.0,35155.68,0.06,2109340.9,62,1307791.36,7809.4,4000.0,82761.83625258399,343.9890576074726,515983.58641120885,27519.124608597805
2023,Bayelsa,Pigs,43865,4.0,175.46,64043.03,70.0,44830.12,0.06,2689807.16,62,1667680.44,9958.45,4000.0,102427.131797558,438.65087352079127,657976.310281187,35092.0698816633
2023,Benue,Pigs,896635,4.0,3586.54,1309087.41,70.0,916361.18,0.06,54981671.02,62,34088636.03,203558.24,4000.0,107545.26517231502,8966.352090651342,13449528.135977013,717308.1672521074
2023,Borno,Pigs,20595,4.0,82.38,30068.85,70.0,21048.2,0.06,1262891.88,62,782992.96,4675.6,4000.0,80399.15106633797,205.95105647804573,308926.5847170686,16476.084518243657
2023,Cross River,Pigs,518203,4.0,2072.81,756577.19,70.0,529604.03,0.06,31776242.06,62,19701270.08,117644.95,4000.0,101426.26397390314,5182.0355612410685,7773053.341861603,414562.8448992855
2023,Delta,Pigs,352921,4.0,1411.68,515264.8,70.0,360685.36,0.06,21641121.42,62,13417495.28,80121.77,4000.0,112855.53451602778,3529.2109298538267,5293816.39478074,282336.8743883061
2023,Ebonyi,Pigs,129579,4.0,518.32,189185.65,70.0,132429.95,0.06,7945797.21,62,4926394.27,29417.67,4000.0,99403.78639918161,1295.792108182338,1943688.162273507,103663.36865458706
2023,Edo,Pigs,298374,4.0,1193.5,435627.32,70.0,304939.12,0.06,18296347.37,62,11343735.37,67738.44,4000.0,111662.3281036548,2983.7487551746417,4475623.132761963,238699.90041397137
2023,Ekiti,Pigs,218313,4.0,873.25,318737.04,70.0,223115.93,0.06,13386955.72,62,8299912.54,49562.43,4000.0,87337.68785613737,2183.1304170971825,3274695.625645774,174650.43336777462
2023,Enugu,Pigs,82639,4.0,330.56,120653.31,70.0,84457.31,0.06,5067438.83,62,3141812.07,18761.14,4000.0,115302.3950708939,826.3925025049831,1239588.7537574747,66111.40020039865
2023,FCT,Pigs,86072,4.0,344.29,125666.05,90.0,113099.45,0.06,6785966.83,62,4207299.44,25123.64,5600.0,83027.9890923915,860.7263868318611,1291089.5802477915,68858.11094654888
2023,Gombe,Pigs,26705,4.0,106.82,38989.73,70.0,27292.81,0.06,1637568.85,62,1015292.69,6062.76,4000.0,112141.50637850413,267.05297698783295,400579.4654817494,21364.238159026634
2023,Imo,Pigs,107179,4.0,428.72,156481.41,70.0,109536.98,0.06,6572219.03,62,4074775.8,24332.28,4000.0,88138.90969990383,1071.7904478018293,1607685.6717027437,85743.23582414634
2023,Jigawa,Pigs,9893,4.0,39.58,14445.17,70.0,10111.62,0.06,606697.18,62,376152.25,2246.17,4000.0,115094.01812531354,98.93952675260846,148409.2901289127,7915.162140208677
2023,Kaduna,Pigs,52962,4.0,211.85,77325.05,90.0,69592.54,0.06,4175552.55,62,2588842.58,15459.12,4000.0,101670.43857070254,529.6236105795124,794435.4158692686,42369.88884636099
2023,Kano,Pigs,17769,4.0,71.08,25942.94,90.0,23348.65,0.06,1400918.71,62,868569.6,5186.61,5600.0,82662.58911656891,177.6913629209161,266537.04438137414,14215.30903367329
2023,Katsina,Pigs,11153,4.0,44.61,16283.94,70.0,11398.76,0.06,683925.56,62,424033.85,2532.09,4000.0,82964.21690299468,111.53384943762707,167300.7741564406,8922.707955010166
2023,Kebbi,Pigs,10562,4.0,42.25,15420.93,70.0,10794.65,0.06,647679.07,62,401561.03,2397.9,4000.0,112152.58180773788,105.62281052147523,158434.21578221282,8449.824841718018
2023,Kogi,Pigs,160319,4.0,641.28,234065.89,70.0,163846.12,0.06,9830767.38,62,6095075.78,36396.38,4000.0,119887.29415611802,1603.1910278747503,2404786.541812125,128255.28222998002
2023,Kwara,Pigs,65760,4.0,263.04,96009.72,70.0,67206.8,0.06,4032408.22,62,2500093.1,14929.16,4000.0,92846.48610543815,657.6008192576832,986401.2288865248,52608.065540614654
2023,Lagos,Pigs,52029,4.0,208.12,75963.69,90.0,68367.32,0.06,4102039.35,62,2543264.4,15186.95,5600.0,94020.82137144648,520.2992577511773,780448.8866267658,41623.94062009418
2023,Nasarawa,Pigs,212973,4.0,851.9,310941.96,70.0,217659.37,0.06,13059562.41,62,8096928.69,48350.32,4000.0,82748.54710895845,2129.739466654181,3194609.1999812713,170379.1573323345
2023,Niger,Pigs,105495,4.0,421.98,154022.86,70.0,107816.0,0.06,6468959.92,62,4010755.15,23949.98,4000.0,98569.540789569,1054.9510632366907,1582426.5948550361,84396.08505893528
2023,Ogun,Pigs,207253,4.0,829.01,302589.98,90.0,272330.98,0.06,16339858.84,62,10130712.48,60494.94,4000.0,106269.17938886432,2072.5340988505004,3108801.1482757507,165802.72790804005
2023,Ondo,Pigs,287081,4.0,1148.33,419139.55,70.0,293397.69,0.06,17603861.13,62,10914393.9,65174.65,4000.0,80334.54727507428,2870.8188399519127,4306228.259927869,229665.50719615302
2023,Osun,Pigs,124807,4.0,499.23,182218.46,70.0,127552.92,0.06,7653175.49,62,4744968.8,28334.3,4000.0,106467.37153599426,1248.0716712832264,1872107.5069248395,99845.73370265811
2023,Oyo,Pigs,164815,4.0,659.26,240631.34,70.0,168441.94,0.06,10106516.11,62,6266039.99,37417.28,4000.0,80212.53902673384,1648.1598355563929,2472239.7533345893,131852.78684451143
2023,Plateau,Pigs,579636,4.0,2318.55,846269.22,70.0,592388.45,0.06,35543307.22,62,22036850.48,131591.73,4000.0,110912.3829316135,5796.364517140598,8694546.775710898,463709.16137124784
2023,Rivers,Pigs,389542,4.0,1558.17,568731.48,90.0,511858.33,0.06,30711499.87,62,19041129.92,113702.96,5600.0,82658.53303105089,3895.421089402419,5843131.634103629,311633.68715219357
2023,Sokoto,Pigs,13691,4.0,54.77,19989.35,70.0,13992.55,0.06,839552.87,62,520522.78,3108.27,4000.0,103348.54350925455,136.9133831465705,205370.07471985577,10953.07065172564
2023,Taraba,Pigs,138521,4.0,554.09,202241.78,70.0,141569.25,0.06,8494154.74,62,5266375.94,31447.85,4000.0,110069.87969583362,1385.2176671903726,2077826.500785559,110817.41337522981
2023,Yobe,Pigs,17232,4.0,68.93,25159.8,70.0,17611.86,0.06,1056711.73,62,655161.27,3912.26,4000.0,100720.32265618499,172.32741852922726,258491.1277938409,13786.193482338182
2023,Zamfara,Pigs,8042,4.0,32.17,11741.74,70.0,8219.22,0.06,493153.15,62,305754.95,1825.8,4000.0,106846.29893518754,80.42288847033552,120634.33270550329,6433.831077626842
2024,Abia,Cattle,109122,20.0,2182.45,796595.47,30.0,238978.64,0.04,9559145.69,60,5735487.41,34249.12,8000.0,109690.12748796349,54561.33384447001,5456133.384447001,272806.66922235006
2024,Adamawa,Cattle,1314255,20.0,26285.11,9594066.17,30.0,2878219.85,0.04,115128794.06,60,69077276.43,412490.81,8000.0,87799.00799601157,657127.8199619212,65712781.99619212,3285639.099809606
2024,Akwa Ibom,Cattle,137850,20.0,2757.01,1006307.46,30.0,301892.24,0.04,12075689.57,60,7245413.74,43265.55,8000.0,109999.11193808283,68925.16878090268,6892516.878090268,344625.8439045134
2024,Anambra,Cattle,92204,20.0,1844.08,673089.33,30.0,201926.8,0.04,8077071.96,60,4846243.18,28939.05,8000.0,110348.61284655683,46102.00891028006,4610200.891028007,230510.04455140032
2024,Bauchi,Cattle,1569226,20.0,31384.54,11455355.84,30.0,3436606.75,0.04,137464270.11,60,82478562.06,492515.78,8000.0,106165.30948111495,784613.4138523063,78461341.38523063,3923067.0692615313
2024,Bayelsa,Cattle,91878,20.0,1837.57,670712.14,30.0,201213.64,0.04,8048545.68,60,4829127.41,28836.84,8000.0,103152.27018047762,45939.18768173709,4593918.768173709,229695.93840868544
2024,Benue,Cattle,555546,20.0,11110.93,4055489.76,30.0,1216646.93,0.04,48665877.14,60,29199526.29,174363.22,8000.0,86259.06864014402,277773.27135790186,27777327.135790184,1388866.3567895093
2024,Borno,Cattle,1640665,20.0,32813.31,11976856.44,30.0,3593056.93,0.04,143722277.23,60,86233366.34,514937.37,8000.0,108655.88447832396,820332.6325739168,82033263.25739168,4101663.162869584
2024,Cross River,Cattle,152510,20.0,3050.21,1113328.04,30.0,333998.41,0.04,13359936.48,60,8015961.89,47866.84,8000.0,88090.1672209814,76255.34518180345,7625534.518180345,381276.72590901726
2024,Delta,Cattle,184657,20.0,3693.16,1348002.36,30.0,404400.71,0.04,16176028.37,60,9705617.02,57956.51,8000.0,89660.02511971333,92328.92904862063,9232892.904862063,461644.64524310315
2024,Ebonyi,Cattle,130623,20.0,2612.47,953552.68,30.0,286065.8,0.04,11442632.13,60,6865579.28,40997.39,8000.0,96994.03371472348,65311.82722665085,6531182.722665085,326559.1361332543
2024,Edo,Cattle,253542,20.0,5070.86,1850862.19,30.0,555258.66,0.04,22210346.24,60,13326207.74,79576.65,8000.0,100282.38586954873,126771.3826536019,12677138.26536019,633856.9132680095
2024,Ekiti,Cattle,99904,20.0,1998.09,729302.86,30.0,218790.86,0.04,8751634.28,60,5250980.57,31355.92,8000.0,83078.86677523496,49952.25045007506,4995225.045007505,249761.25225037528
2024,Enugu,Cattle,121809,20.0,2436.18,889206.37,30.0,266761.91,0.04,10670476.46,60,6402285.87,38230.87,8000.0,95311.95057745551,60904.54599485582,6090454.599485582,304522.7299742791
2024,FCT,Cattle,226827,20.0,4536.55,1655841.48,39.0,645778.18,0.04,25831127.09,60,15498676.26,92549.42,11200.0,106380.43074563082,113413.8000230104,11341380.00230104,567069.000115052
2024,Gombe,Cattle,687938,20.0,13758.77,5021952.14,30.0,1506585.64,0.04,60263425.63,60,36158055.38,215915.66,8000.0,90877.84157673795,343969.3243914616,34396932.43914616,1719846.6219573081
2024,Imo,Cattle,99589,20.0,1991.78,727000.82,30.0,218100.25,0.04,8724009.88,60,5234405.93,31256.94,8000.0,90562.47938774875,49794.57691828638,4979457.691828638,248972.8845914319
2024,Jigawa,Cattle,1196063,20.0,23921.28,8731265.79,30.0,2619379.74,0.04,104775189.54,60,62865113.72,375395.25,8000.0,105454.97126133498,598031.9037425525,59803190.37425525,2990159.5187127627
2024,Kaduna,Cattle,1645046,20.0,32900.93,12008839.58,39.0,4683447.43,0.04,187337897.39,60,112402738.43,671206.21,8000.0,90780.47449169091,822523.2586387477,82252325.86387478,4112616.293193739
2024,Kano,Cattle,1237854,20.0,24757.1,9036340.03,39.0,3524172.61,0.04,140966904.41,60,84580142.64,505065.25,11200.0,107785.6383557491,618927.3990395804,61892739.90395804,3094636.995197902
2024,Katsina,Cattle,2075313,20.0,41506.26,15149785.44,30.0,4544935.63,0.04,181797425.27,60,109078455.16,651355.45,8000.0,103812.13063709956,1037656.5369318755,103765653.69318755,5188282.684659378
2024,Kebbi,Cattle,2305059,20.0,46101.19,16826934.42,30.0,5048080.33,0.04,201923213.1,60,121153927.86,723463.41,8000.0,106478.75779175475,1152529.7551269142,115252975.51269142,5762648.775634571
2024,Kogi,Cattle,396434,20.0,7928.69,2893970.34,30.0,868191.1,0.04,34727644.09,60,20836586.45,124424.43,8000.0,111121.00972578613,198217.14664089013,19821714.664089013,991085.7332044507
2024,Kwara,Cattle,448457,20.0,8969.14,3273736.41,30.0,982120.92,0.04,39284836.86,60,23570902.12,140752.23,8000.0,87508.89622769009,224228.52089272084,22422852.089272086,1121142.6044636043
2024,Lagos,Cattle,48891,20.0,977.83,356909.03,39.0,139194.52,0.04,5567780.9,60,3340668.54,19948.6,11200.0,107957.95313949542,24445.82409836732,2444582.409836732,122229.1204918366
2024,Nasarawa,Cattle,632358,20.0,12647.17,4616218.3,30.0,1384865.49,0.04,55394619.56,60,33236771.74,198471.39,8000.0,97293.84905613388,316179.3354154441,31617933.54154441,1580896.6770772205
2024,Niger,Cattle,1062198,20.0,21243.98,7754052.29,30.0,2326215.69,0.04,93048627.43,60,55829176.46,333380.58,8000.0,90383.05797100197,531099.4716542705,53109947.16542705,2655497.358271353
2024,Ogun,Cattle,241543,20.0,4830.87,1763267.55,39.0,687674.34,0.04,27506973.77,60,16504184.26,98553.75,8000.0,115167.4309040499,120771.74993879999,12077174.993879998,603858.7496939999
2024,Ondo,Cattle,202173,20.0,4043.47,1475866.68,30.0,442760.0,0.04,17710400.19,60,10626240.12,63453.96,8000.0,102293.48678292031,101086.75909848888,10108675.909848887,505433.7954924444
2024,Osun,Cattle,145095,20.0,2901.91,1059198.0,30.0,317759.4,0.04,12710375.96,60,7626225.58,45539.55,8000.0,106673.89565222632,72547.80800285576,7254780.800285576,362739.0400142788
2024,Oyo,Cattle,308351,20.0,6167.03,2250964.61,30.0,675289.38,0.04,27011575.29,60,16206945.18,96778.8,8000.0,115916.76747830663,154175.65807342163,15417565.807342162,770878.2903671081
2024,Plateau,Cattle,816518,20.0,16330.36,5960582.4,30.0,1788174.72,0.04,71526988.83,60,42916193.3,256271.47,8000.0,93011.62473446991,408259.068670821,40825906.867082104,2041295.343354105
2024,Rivers,Cattle,115100,20.0,2302.0,840231.04,39.0,327690.1,0.04,13107604.2,60,7864562.52,46962.76,11200.0,119846.30693995114,57550.071122511275,5755007.112251127,287750.3556125564
2024,Sokoto,Cattle,2927678,20.0,58553.56,21372051.03,30.0,6411615.31,0.04,256464612.31,60,153878767.39,918877.83,8000.0,113794.85391020916,1463839.111361183,146383911.1361183,7319195.556805915
2024,Taraba,Cattle,925286,20.0,18505.73,6754590.44,30.0,2026377.13,0.04,81055085.24,60,48633051.14,290409.35,8000.0,103068.09595431025,462643.1805676889,46264318.05676889,2313215.9028384443
2024,Yobe,Cattle,803480,20.0,16069.6,5865405.15,30.0,1759621.54,0.04,70384861.8,60,42230917.08,252179.39,8000.0,83796.71747286679,401740.078754866,40174007.8754866,2008700.39377433
2024,Zamfara,Cattle,2176594,20.0,43531.89,15889141.25,30.0,4766742.38,0.04,190669695.02,60,114401817.01,683143.59,8000.0,93065.56997703644,1088297.3460279864,108829734.60279864,5441486.730139932
2024,Abia,Goats,147351,1.5,221.03,80674.78,20.0,16134.96,0.035,564723.43,58,327539.59,1955.88,12000.0,112266.60212107266,14735.118897515116,736755.9448757558,58940.475590060465
2024,Adamawa,Goats,2084067,1.5,3126.1,1141026.93,20.0,228205.39,0.035,7987188.49,58,4632569.33,27663.11,12000.0,119905.13189608627,208406.74475375147,10420337.237687573,833626.9790150059
2024,Akwa Ibom,Goats,166406,1.5,249.61,91107.51,20.0,18221.5,0.035,637752.56,58,369896.48,2208.81,12000.0,81614.03307438799,16640.640751462986,832032.0375731493,66562.56300585195
2024,Anambra,Goats,114907,1.5,172.36,62912.12,20.0,12582.42,0.035,440384.87,58,255423.22,1525.24,12000.0,85203.22679315788,11490.798874250724,574539.9437125362,45963.1954970029
2024,Bauchi,Goats,2283783,1.5,3425.68,1250371.41,20.0,250074.28,0.035,8752599.86,58,5076507.92,30314.06,12000.0,94417.07308565945,228378.3395349844,11418916.976749219,913513.3581399376
2024,Bayelsa,Goats,123624,1.5,185.44,67684.43,20.0,13536.89,0.035,473791.01,58,274798.78,1640.94,12000.0,102647.22764900283,12362.452843639592,618122.6421819795,49449.81137455837
2024,Benue,Goats,701995,1.5,1052.99,384342.49,20.0,76868.5,0.035,2690397.4,58,1560430.49,9318.02,12000.0,106173.6802197088,70199.54070897143,3509977.0354485717,280798.1628358857
2024,Borno,Goats,2748069,1.5,4122.1,1504568.0,20.0,300913.6,0.035,10531976.0,58,6108546.08,36476.82,12000.0,80575.2578428834,274806.940639286,13740347.031964302,1099227.762557144
2024,Cross River,Goats,221707,1.5,332.56,121385.0,20.0,24277.0,0.035,849694.99,58,492823.09,2942.86,12000.0,104949.72339456037,22170.77593915552,1108538.796957776,88683.10375662208
2024,Delta,Goats,246245,1.5,369.37,134819.68,20.0,26963.94,0.035,943737.76,58,547367.9,3268.57,12000.0,81557.52066750663,24624.599082331664,1231229.954116583,98498.39632932666
2024,Ebonyi,Goats,174822,1.5,262.23,95715.54,20.0,19143.11,0.035,670008.77,58,388605.09,2320.53,12000.0,104781.04800145213,17482.290230612776,874114.5115306387,69929.1609224511
2024,Edo,Goats,296172,1.5,444.26,162154.62,20.0,32430.92,0.035,1135082.33,58,658347.75,3931.28,12000.0,104984.56192458127,29617.281968476935,1480864.0984238465,118469.12787390774
2024,Ekiti,Goats,188268,1.5,282.4,103077.19,20.0,20615.44,0.035,721540.35,58,418493.4,2499.01,12000.0,103477.46026235628,18826.88446019265,941344.2230096326,75307.5378407706
2024,Enugu,Goats,154543,1.5,231.82,84612.74,20.0,16922.55,0.035,592289.21,58,343527.74,2051.36,12000.0,119627.16628263064,15454.382566603344,772719.1283301672,61817.53026641338
2024,FCT,Goats,368977,1.5,553.47,202015.37,26.0,52524.0,0.035,1838339.88,58,1066237.13,6366.97,16800.0,97691.75221804541,36897.784701332384,1844889.235066619,147591.13880532954
2024,Gombe,Goats,1772294,1.5,2658.44,970331.3,20.0,194066.26,0.035,6792319.08,58,3939545.07,23524.76,12000.0,95569.21886767155,177229.46079359573,8861473.039679786,708917.8431743829
2024,Imo,Goats,121706,1.5,182.56,66634.33,20.0,13326.87,0.035,466440.31,58,270535.38,1615.49,12000.0,103874.07507551038,12170.65396571262,608532.698285631,48682.61586285048
2024,Jigawa,Goats,3015300,1.5,4522.95,1650876.82,20.0,330175.36,0.035,11556137.74,58,6702559.89,40023.93,12000.0,117165.58080061851,301530.0126763463,15076500.633817315,1206120.0507053852
2024,Kaduna,Goats,1925877,1.5,2888.82,1054417.7,26.0,274148.6,0.035,9595201.05,58,5565216.61,33232.36,12000.0,101107.0986488678,192587.70743423025,9629385.371711513,770350.829736921
2024,Kano,Goats,2974165,1.5,4461.25,1628355.82,26.0,423372.51,0.035,14818037.97,58,8594462.02,51321.31,16800.0,119825.24437995534,297416.5882926674,14870829.414633371,1189666.3531706696
2024,Katsina,Goats,3875079,1.5,5812.62,2121606.1,20.0,424321.22,0.035,14851242.73,58,8613720.78,51436.32,12000.0,105980.3571882979,387507.9641286938,19375398.20643469,1550031.8565147752
2024,Kebbi,Goats,2544746,1.5,3817.12,1393248.55,20.0,278649.71,0.035,9752739.83,58,5656589.1,33777.98,12000.0,108604.006451348,254474.62039242932,12723731.019621465,1017898.4815697173
2024,Kogi,Goats,536244,1.5,804.37,293593.99,20.0,58718.8,0.035,2055157.91,58,1191991.59,7117.91,12000.0,82133.9198795559,53624.47265979911,2681223.632989955,214497.89063919644
2024,Kwara,Goats,579637,1.5,869.46,317351.45,20.0,63470.29,0.035,2221460.14,58,1288446.88,7693.88,12000.0,106991.45208669643,57963.734789180045,2898186.7394590024,231854.93915672018
2024,Lagos,Goats,96911,1.5,145.37,53059.14,26.0,13795.38,0.035,482838.19,58,280046.15,1672.28,16800.0,94924.90473689535,9691.167485075912,484558.37425379554,38764.66994030365
2024,Nasarawa,Goats,926017,1.5,1389.03,506994.57,20.0,101398.91,0.035,3548962.02,58,2058397.97,12291.6,12000.0,86694.28128947124,92601.74868500856,4630087.434250427,370406.9947400342
2024,Niger,Goats,1754913,1.5,2632.37,960815.41,20.0,192163.08,0.035,6725707.87,58,3900910.56,23294.05,12000.0,107635.35906203292,175491.39903696405,8774569.951848201,701965.5961478562
2024,Ogun,Goats,364794,1.5,547.19,199725.17,26.0,51928.54,0.035,1817499.03,58,1054149.44,6294.79,12000.0,105945.55827075262,36479.4828600302,1823974.1430015098,145917.9314401208
2024,Ondo,Goats,279320,1.5,418.98,152928.02,20.0,30585.6,0.035,1070496.16,58,620887.77,3707.59,12000.0,86248.26274746488,27932.05896486884,1396602.948243442,111728.23585947536
2024,Osun,Goats,240332,1.5,360.5,131582.29,20.0,26316.46,0.035,921076.03,58,534224.1,3190.09,12000.0,103972.0846455775,24033.295019949706,1201664.7509974851,96133.18007979883
2024,Oyo,Goats,437934,1.5,656.9,239769.29,20.0,47953.86,0.035,1678385.02,58,973463.31,5812.98,12000.0,108205.56582282254,43793.477471394544,2189673.873569727,175173.90988557818
2024,Plateau,Goats,963686,1.5,1445.53,527618.53,20.0,105523.71,0.035,3693329.68,58,2142131.21,12791.61,12000.0,106710.42366412611,96368.68041243537,4818434.020621768,385474.72164974146
2024,Rivers,Goats,149855,1.5,224.78,82045.69,26.0,21331.88,0.035,746615.82,58,433037.18,2585.86,16800.0,86789.13714307692,14985.514958715157,749275.7479357579,59942.05983486063
2024,Sokoto,Goats,3423189,1.5,5134.78,1874196.4,20.0,374839.28,0.035,13119374.77,58,7609237.37,45438.1,12000.0,111164.10345583147,342318.976484895,17115948.824244745,1369275.90593958
2024,Taraba,Goats,1490608,1.5,2235.91,816108.21,20.0,163221.64,0.035,5712757.45,58,3313399.32,19785.77,12000.0,107985.58278488487,149060.8597411659,7453042.987058295,596243.4389646637
2024,Yobe,Goats,2426147,1.5,3639.22,1328315.57,20.0,265663.11,0.035,9298208.99,58,5392961.21,32203.74,12000.0,112112.43739298002,242614.7159339714,12130735.79669857,970458.8637358856
2024,Zamfara,Goats,2895600,1.5,4343.4,1585341.03,20.0,317068.21,0.035,11097387.24,58,6436484.6,38435.08,12000.0,101437.40315408472,289560.00636769325,14478000.318384662,1158240.025470773
2024,Abia,Sheep,56583,2.0,113.17,41305.82,25.0,10326.45,0.038,392405.29,59,231519.12,1382.5,10000.0,96075.4879956292,8487.497210585694,452666.51789790374,33949.98884234278
2024,Adamawa,Sheep,979948,2.0,1959.9,715362.66,25.0,178840.67,0.038,6795945.31,59,4009607.73,23943.13,10000.0,102904.2893152809,146992.32815579875,7839590.834975934,587969.312623195
2024,Akwa Ibom,Sheep,65021,2.0,130.04,47465.63,25.0,11866.41,0.038,450923.51,59,266044.87,1588.67,10000.0,116852.30048851902,9753.212221263786,520171.31846740196,39012.848885055144
2024,Anambra,Sheep,46125,2.0,92.25,33671.93,25.0,8417.98,0.038,319883.36,59,188731.18,1127.0,10000.0,103713.60722032441,6918.890334747629,369007.4845198736,27675.561338990516
2024,Bauchi,Sheep,1405525,2.0,2811.05,1026033.94,25.0,256508.49,0.038,9747322.44,59,5750920.24,34341.28,10000.0,82079.5740791083,210828.89194378172,11244207.570335025,843315.5677751269
2024,Bayelsa,Sheep,41121,2.0,82.24,30019.05,25.0,7504.76,0.038,285181.0,59,168256.79,1004.74,10000.0,96933.4057661279,6168.2984851580995,328975.91920843197,24673.193940632398
2024,Benue,Sheep,321797,2.0,643.6,234912.24,25.0,58728.06,0.038,2231666.24,59,1316683.08,7862.49,10000.0,104273.87822160557,48269.637463020226,2574380.664694412,193078.5498520809
2024,Borno,Sheep,1687637,2.0,3375.28,1231975.73,25.0,307993.93,0.038,11703769.43,59,6905223.96,41234.13,10000.0,115316.5926607489,253145.6978022255,13501103.882785361,1012582.791208902
2024,Cross River,Sheep,81924,2.0,163.85,59805.21,25.0,14951.3,0.038,568149.52,59,335208.21,2001.68,10000.0,88449.27325891724,12288.742228728437,655399.5855321833,49154.96891491375
2024,Delta,Sheep,97329,2.0,194.66,71050.83,25.0,17762.71,0.038,674982.91,59,398239.92,2378.07,10000.0,115443.73741252832,14599.486177284298,778639.2627884959,58397.94470913719
2024,Ebonyi,Sheep,63927,2.0,127.86,46667.17,25.0,11666.79,0.038,443338.07,59,261569.46,1561.95,10000.0,109497.04343082709,9589.14361445365,511420.9927708613,38356.5744578146
2024,Edo,Sheep,108584,2.0,217.17,79266.83,25.0,19816.71,0.038,753034.87,59,444290.57,2653.05,10000.0,112105.61249411719,16287.704475054728,868677.5720029189,65150.81790021891
2024,Ekiti,Sheep,99766,2.0,199.53,72829.3,25.0,18207.33,0.038,691878.39,59,408208.25,2437.59,10000.0,81201.04021317571,14964.925629566442,798129.3669102102,59859.70251826577
2024,Enugu,Sheep,67343,2.0,134.69,49160.49,25.0,12290.12,0.038,467024.64,59,275544.54,1645.4,10000.0,104905.22134394632,10101.470305704794,538745.0829709223,40405.881222819175
2024,FCT,Sheep,186249,2.0,372.5,135962.37,32.5,44187.77,0.038,1679135.22,59,990689.78,5915.84,14000.0,98600.3807010571,27937.472416624714,1489998.5288866514,111749.88966649886
2024,Gombe,Sheep,1000910,2.0,2001.82,730664.31,25.0,182666.08,0.038,6941310.9,59,4095373.43,24455.28,10000.0,82495.76274393109,150136.50106127062,8007280.0566011,600546.0042450825
2024,Imo,Sheep,49360,2.0,98.72,36033.44,25.0,9008.36,0.038,342317.66,59,201967.42,1206.04,10000.0,82680.6615100484,7404.131109814042,394886.9925234156,29616.52443925617
2024,Jigawa,Sheep,1849330,2.0,3698.66,1350011.17,25.0,337502.79,0.038,12825106.15,59,7566812.63,45184.77,10000.0,112678.95629087347,277399.55630413466,14794643.002887182,1109598.2252165386
2024,Kaduna,Sheep,1214253,2.0,2428.51,886404.94,32.5,288081.61,0.038,10947101.03,59,6458789.61,38568.27,10000.0,117518.60925735577,182138.0017250986,9714026.758671926,728552.0069003945
2024,Kano,Sheep,1659264,2.0,3318.53,1211262.82,32.5,393660.42,0.038,14959095.86,59,8825866.56,52703.13,14000.0,95423.90370053334,248889.6210934152,13274113.124982145,995558.4843736608
2024,Katsina,Sheep,1985007,2.0,3970.02,1449055.53,25.0,362263.88,0.038,13766027.5,59,8121956.23,48499.77,10000.0,88431.72406200114,297751.13560240925,15880060.565461827,1191004.542409637
2024,Kebbi,Sheep,2281959,2.0,4563.92,1665830.8,25.0,416457.7,0.038,15825392.56,59,9336981.61,55755.23,10000.0,98764.28844190315,342293.9990551015,18255679.949605413,1369175.996220406
2024,Kogi,Sheep,216354,2.0,432.71,157938.89,25.0,39484.72,0.038,1500419.48,59,885247.49,5286.2,10000.0,84039.12427271044,32453.197176148802,1730837.1827279362,129812.78870459521
2024,Kwara,Sheep,264711,2.0,529.42,193239.16,25.0,48309.79,0.038,1835772.06,59,1083105.52,6467.7,10000.0,85891.02254208364,39706.67764020535,2117689.4741442855,158826.7105608214
2024,Lagos,Sheep,37247,2.0,74.5,27190.95,32.5,8837.06,0.038,335808.28,59,198126.88,1183.1,14000.0,110371.70027673895,5587.182286155431,297983.055261623,22348.729144621724
2024,Nasarawa,Sheep,447755,2.0,895.51,326861.54,25.0,81715.38,0.038,3105184.59,59,1832058.91,10940.03,10000.0,97589.61946031635,67163.32931892929,3582044.2303428957,268653.31727571716
2024,Niger,Sheep,975598,2.0,1951.2,712186.59,25.0,178046.65,0.038,6765772.6,59,3991805.83,23836.83,10000.0,111931.72788836746,146339.71012969967,7804784.540250649,585358.8405187987
2024,Ogun,Sheep,164229,2.0,328.46,119887.27,32.5,38963.36,0.038,1480607.79,59,873558.59,5216.4,10000.0,91975.33494821393,24634.370569816947,1313833.0970569039,98537.48227926779
2024,Ondo,Sheep,128831,2.0,257.66,94046.81,25.0,23511.7,0.038,893444.68,59,527132.36,3147.74,10000.0,85187.15912896942,19324.686734799023,1030649.9591892812,77298.74693919609
2024,Osun,Sheep,107902,2.0,215.81,78769.08,25.0,19692.27,0.038,748306.26,59,441500.69,2636.39,10000.0,94212.78993895551,16185.42740553943,863222.794962103,64741.70962215772
2024,Oyo,Sheep,211274,2.0,422.55,154230.44,25.0,38557.61,0.038,1465189.15,59,864461.6,5162.08,10000.0,82502.59368877807,31691.18562281046,1690196.5665498911,126764.74249124184
2024,Plateau,Sheep,440850,2.0,881.7,321820.61,25.0,80455.15,0.038,3057295.78,59,1803804.51,10771.31,10000.0,112360.94561166706,66127.52238368287,3526801.19379642,264510.08953473147
2024,Rivers,Sheep,52708,2.0,105.42,38477.52,32.5,12505.19,0.038,475197.32,59,280366.42,1674.19,14000.0,93705.80586090086,7906.338858153245,421671.4057681731,31625.35543261298
2024,Sokoto,Sheep,2847343,2.0,5694.69,2078561.04,25.0,519640.26,0.038,19746329.87,59,11650334.62,69569.27,10000.0,86197.01244573771,427101.5833306115,22778751.11096595,1708406.333322446
2024,Taraba,Sheep,750561,2.0,1501.12,547909.93,25.0,136977.48,0.038,5205144.34,59,3071035.16,18338.5,10000.0,99381.51980320044,112584.23222288034,6004492.385220285,450336.92889152135
2024,Yobe,Sheep,1274464,2.0,2548.93,930359.44,25.0,232589.86,0.038,8838414.63,59,5214664.63,31139.06,10000.0,102536.33457935417,191169.74694585468,10195719.83711225,764678.9877834187
2024,Zamfara,Sheep,2047305,2.0,4094.61,1494533.0,25.0,373633.25,0.038,14198063.49,59,8376857.46,50021.9,10000.0,85485.93952610972,307095.82159809035,16378443.81856482,1228383.2863923614
2024,Abia,Poultry,5410689,0.15,811.6,296235.27,80.0,236988.22,0.08,18959057.55,65,12323387.41,73588.37,3000.0,100220.35041559456,5410.6899399953845,1623206.9819986154,216427.5975998154
2024,Adamawa,Poultry,695003,0.15,104.25,38051.47,80.0,30441.17,0.08,2435293.91,65,1582941.04,9452.44,3000.0,104959.9394211593,695.0039709515279,208501.19128545834,27800.158838061114
2024,Akwa Ibom,Poultry,4013437,0.15,602.02,219735.72,80.0,175788.57,0.08,14063085.96,65,9141005.87,54584.97,3000.0,99513.3727417605,4013.4377732733,1204031.33198199,160537.510930932
2024,Anambra,Poultry,5778817,0.15,866.82,316390.26,80.0,253112.21,0.08,20248976.86,65,13161834.96,78595.11,3000.0,98383.36228854491,5778.817597425951,1733645.279227785,231152.70389703804
2024,Bauchi,Poultry,1015604,0.15,152.34,55604.37,80.0,44483.49,0.08,3558679.42,65,2313141.63,13812.79,3000.0,112895.24844741417,1015.6048586019756,304681.45758059266,40624.19434407903
2024,Bayelsa,Poultry,383127,0.15,57.47,20976.26,80.0,16781.0,0.08,1342480.33,65,872612.21,5210.75,3000.0,96744.2909967332,383.1279475199788,114938.38425599363,15325.117900799152
2024,Benue,Poultry,2158685,0.15,323.8,118188.01,80.0,94550.41,0.08,7564032.9,65,4916621.38,29359.31,3000.0,109000.24305196475,2158.6851876633286,647605.5562989985,86347.40750653314
2024,Borno,Poultry,670122,0.15,100.52,36689.21,80.0,29351.37,0.08,2348109.34,65,1526271.07,9114.04,3000.0,106688.49348776723,670.1225273880705,201036.75821642115,26804.90109552282
2024,Cross River,Poultry,4732457,0.15,709.87,259102.04,80.0,207281.63,0.08,16582530.44,65,10778644.79,64364.03,3000.0,114488.11894632755,4732.457318227185,1419737.1954681554,189298.2927290874
2024,Delta,Poultry,7419986,0.15,1113.0,406244.27,80.0,324995.41,0.08,25999633.01,65,16899761.46,100915.91,3000.0,101520.90821455611,7419.986589376246,2225995.9768128735,296799.4635750498
2024,Ebonyi,Poultry,2244847,0.15,336.73,122905.41,80.0,98324.33,0.08,7865946.36,65,5112865.13,30531.17,3000.0,119578.04523860227,2244.8477052419325,673454.3115725798,89793.9082096773
2024,Edo,Poultry,7552063,0.15,1132.81,413475.46,80.0,330780.37,0.08,26462429.34,65,17200579.07,102712.23,3000.0,94858.69050497506,7552.063166787597,2265618.950036279,302082.52667150385
2024,Ekiti,Poultry,2894804,0.15,434.22,158490.55,80.0,126792.44,0.08,10143395.4,65,6593207.01,39370.94,3000.0,99575.70149626354,2894.8046218785908,868441.3865635772,115792.18487514363
2024,Enugu,Poultry,5141394,0.15,771.21,281491.35,80.0,225193.08,0.08,18015446.46,65,11710040.2,69925.8,3000.0,99702.7628301319,5141.394536348033,1542418.36090441,205655.78145392134
2024,FCT,Poultry,2632363,0.15,394.85,144121.88,90.0,129709.69,0.08,10376775.07,65,6744903.79,40276.79,4200.0,113529.21684327202,2632.3630303875752,789708.9091162726,105294.52121550302
2024,Gombe,Poultry,925944,0.15,138.89,50695.44,80.0,40556.35,0.08,3244508.0,65,2108930.2,12593.35,3000.0,114391.78699246582,925.9440640132464,277783.2192039739,37037.76256052985
2024,Imo,Poultry,5500527,0.15,825.08,301153.89,80.0,240923.11,0.08,19273848.79,65,12528001.71,74810.21,3000.0,93129.32422713358,5500.527622632453,1650158.286789736,220021.10490529813
2024,Jigawa,Poultry,588812,0.15,88.32,32237.47,80.0,25789.97,0.08,2063197.8,65,1341078.57,8008.17,3000.0,110497.87834699474,588.8121577146154,176643.6473143846,23552.486308584615
2024,Kaduna,Poultry,9774733,0.15,1466.21,535166.68,90.0,481650.01,0.08,38532001.0,65,25045800.65,149559.5,3000.0,87856.76863488069,9774.733890392712,2932420.167117813,390989.35561570845
2024,Kano,Poultry,863916,0.15,129.59,47299.45,90.0,42569.51,0.08,3405560.72,65,2213614.47,13218.47,4200.0,87019.6650952543,863.9169768201459,259175.09304604374,34556.67907280583
2024,Katsina,Poultry,669256,0.15,100.39,36641.77,80.0,29313.42,0.08,2345073.6,65,1524297.84,9102.25,3000.0,103172.57866647752,669.2561641710168,200776.84925130507,26770.246566840677
2024,Kebbi,Poultry,500795,0.15,75.12,27418.56,80.0,21934.85,0.08,1754788.14,65,1140612.29,6811.1,3000.0,105789.80994307275,500.795703114427,150238.7109343281,20031.82812457708
2024,Kogi,Poultry,1249264,0.15,187.39,68397.23,80.0,54717.78,0.08,4377422.5,65,2845324.62,16990.69,3000.0,102106.49071106993,1249.264411090376,374779.32332711277,49970.576443615035
2024,Kwara,Poultry,1544233,0.15,231.64,84546.81,80.0,67637.45,0.08,5410995.89,65,3517147.33,21002.43,3000.0,106466.69038516756,1544.233987071449,463270.1961214347,61769.35948285796
2024,Lagos,Poultry,13007027,0.15,1951.05,712134.76,90.0,640921.29,0.08,51273703.03,65,33327906.97,199015.6,4200.0,102835.09667357904,13007.027657888715,3902108.297366614,520281.1063155486
2024,Nasarawa,Poultry,1784792,0.15,267.72,97717.38,80.0,78173.91,0.08,6253912.59,65,4065043.18,24274.16,3000.0,91145.72252460146,1784.7924060720015,535437.7218216005,71391.69624288006
2024,Niger,Poultry,1121695,0.15,168.25,61412.82,80.0,49130.26,0.08,3930420.47,65,2554773.31,15255.68,3000.0,87313.51119475269,1121.6953401040666,336508.6020312199,44867.813604162664
2024,Ogun,Poultry,22387955,0.15,3358.19,1225740.54,90.0,1103166.49,0.08,88253319.15,65,57364657.45,342549.61,3000.0,91428.30270643561,22387.95513645691,6716386.540937072,895518.2054582763
2024,Ondo,Poultry,3802378,0.15,570.36,208180.21,80.0,166544.17,0.08,13323533.26,65,8660296.62,51714.44,3000.0,118797.06101380763,3802.3782130839,1140713.46392517,152095.12852335602
2024,Osun,Poultry,3979417,0.15,596.91,217873.12,80.0,174298.49,0.08,13943879.57,65,9063521.72,54122.28,3000.0,85720.04490662906,3979.417686175293,1193825.3058525878,159176.70744701172
2024,Oyo,Poultry,16393104,0.15,2458.97,897522.45,80.0,718017.96,0.08,57441436.68,65,37336933.84,222955.26,3000.0,111909.29053392856,16393.104075811203,4917931.22274336,655724.163032448
2024,Plateau,Poultry,2383931,0.15,357.59,130520.24,80.0,104416.19,0.08,8353295.23,65,5429641.9,32422.78,3000.0,83480.68873211155,2383.9312861435396,715179.3858430618,95357.25144574158
2024,Rivers,Poultry,8502982,0.15,1275.45,465538.32,90.0,418984.49,0.08,33518758.84,65,21787193.25,130100.92,4200.0,113804.83405984139,8502.982963233986,2550894.8889701953,340119.3185293594
2024,Sokoto,Poultry,559514,0.15,83.93,30633.4,80.0,24506.72,0.08,1960537.55,65,1274349.41,7609.7,3000.0,87004.92560521413,559.5141422942603,167854.2426882781,22380.565691770415
2024,Taraba,Poultry,844498,0.15,126.67,46236.3,80.0,36989.04,0.08,2959123.44,65,1923430.23,11485.65,3000.0,88820.17053742589,844.4986980704184,253349.60942112553,33779.94792281674
2024,Yobe,Poultry,498478,0.15,74.77,27291.68,80.0,21833.35,0.08,1746667.61,65,1135333.94,6779.58,3000.0,114962.87093220741,498.4781979352959,149543.45938058876,19939.127917411835
2024,Zamfara,Poultry,439076,0.15,65.86,24039.46,80.0,19231.57,0.08,1538525.22,65,1000041.39,5971.69,3000.0,90529.89386072045,439.0768321732817,131723.04965198447,17563.073286931267
2024,Abia,Pigs,81996,4.0,327.99,119715.31,70.0,83800.72,0.06,5028043.0,62,3117386.66,18615.29,4000.0,114826.7613650207,819.9678727904014,1229951.8091856022,65597.42982323212
2024,Adamawa,Pigs,95309,4.0,381.24,139152.3,70.0,97406.61,0.06,5844396.53,62,3623525.85,21637.67,4000.0,105093.15740362712,953.0979344043499,1429646.9016065246,76247.83475234799
2024,Akwa Ibom,Pigs,478269,4.0,1913.08,698273.27,70.0,488791.29,0.06,29327477.27,62,18183035.91,108578.91,4000.0,86081.94269697968,4782.693618307044,7174040.427460566,382615.48946456355
2024,Anambra,Pigs,112918,4.0,451.68,164861.41,70.0,115402.99,0.06,6924179.13,62,4292991.06,25635.34,4000.0,94048.77549395124,1129.187724944064,1693781.587416096,90335.01799552512
2024,Bauchi,Pigs,30662,4.0,122.65,44766.77,70.0,31336.74,0.06,1880204.27,62,1165726.65,6961.07,4000.0,99445.21940859697,306.6217012891966,459932.5519337949,24529.73610313573
2024,Bayelsa,Pigs,49379,4.0,197.52,72094.59,70.0,50466.21,0.06,3027972.79,62,1877343.13,11210.44,4000.0,81602.36476202778,493.79856368923566,740697.8455338535,39503.88509513886
2024,Benue,Pigs,862853,4.0,3451.41,1259765.43,70.0,881835.8,0.06,52910148.13,62,32804291.84,195888.86,4000.0,88301.63744822814,8628.530353452663,12942795.530178994,690282.428276213
2024,Borno,Pigs,21083,4.0,84.34,30782.45,70.0,21547.71,0.06,1292862.71,62,801574.88,4786.56,4000.0,116337.382075175,210.8386683012982,316258.0024519473,16867.09346410386
2024,Cross River,Pigs,509133,4.0,2036.53,743334.47,70.0,520334.13,0.06,31220047.93,62,19356429.72,115585.76,4000.0,98651.97651759276,5091.332016889271,7636998.025333906,407306.56135114166
2024,Delta,Pigs,359406,4.0,1437.63,524733.34,70.0,367313.34,0.06,22038800.44,62,13664056.27,81594.09,4000.0,86179.68816019704,3594.0639986170563,5391095.997925584,287525.1198893645
2024,Ebonyi,Pigs,124935,4.0,499.74,182406.08,70.0,127684.25,0.06,7661055.16,62,4749854.2,28363.47,4000.0,97199.4085648424,1249.3566792493123,1874035.0188739684,99948.53433994499
2024,Edo,Pigs,325009,4.0,1300.04,474514.18,70.0,332159.92,0.06,19929595.45,62,12356349.18,73785.2,4000.0,119982.30813001754,3250.09710558524,4875145.65837786,260007.76844681922
2024,Ekiti,Pigs,240008,4.0,960.03,350412.29,70.0,245288.6,0.06,14717316.19,62,9124736.04,54487.81,4000.0,95914.62812069709,2400.0841796258146,3600126.2694387217,192006.73437006515
2024,Enugu,Pigs,84929,4.0,339.72,123996.65,70.0,86797.66,0.06,5207859.4,62,3228872.83,19281.02,4000.0,86828.33453249921,849.2921401959375,1273938.210293906,67943.371215675
2024,FCT,Pigs,80638,4.0,322.56,117732.74,90.0,105959.47,0.06,6357568.18,62,3941692.27,23537.58,5600.0,88177.93489857092,806.388658037655,1209582.9870564824,64511.0926430124
2024,Gombe,Pigs,27239,4.0,108.96,39769.86,70.0,27838.9,0.06,1670334.07,62,1035607.12,6184.07,4000.0,100423.23029838239,272.39629252162047,408594.43878243066,21791.70340172964
2024,Imo,Pigs,104840,4.0,419.36,153067.59,70.0,107147.31,0.06,6428838.86,62,3985880.09,23801.44,4000.0,116424.22868857687,1048.4081633915448,1572612.2450873172,83872.65307132358
2024,Jigawa,Pigs,11146,4.0,44.59,16273.83,70.0,11391.68,0.06,683500.74,62,423770.46,2530.52,4000.0,100051.02578502917,111.46456884574769,167196.85326862155,8917.165507659816
2024,Kaduna,Pigs,50619,4.0,202.48,73904.22,90.0,66513.8,0.06,3990827.73,62,2474313.19,14775.21,4000.0,81396.46210624895,506.1932685727173,759289.9028590759,40495.46148581739
2024,Kano,Pigs,16857,4.0,67.43,24612.01,90.0,22150.81,0.06,1329048.31,62,824009.95,4920.53,5600.0,97527.14452993378,168.57538151389153,252863.07227083726,13486.030521111323
2024,Katsina,Pigs,11879,4.0,47.52,17343.6,70.0,12140.52,0.06,728431.15,62,451627.31,2696.87,4000.0,86427.1833884738,118.79177308992077,178187.65963488116,9503.341847193662
2024,Kebbi,Pigs,10067,4.0,40.27,14698.75,70.0,10289.13,0.06,617347.62,62,382755.53,2285.6,4000.0,97961.55071720504,100.67638985000313,151014.58477500468,8054.11118800025
2024,Kogi,Pigs,158106,4.0,632.43,230835.79,70.0,161585.05,0.06,9695103.12,62,6010963.93,35894.11,4000.0,81984.5749335535,1581.0670442822418,2371600.5664233626,126485.36354257935
2024,Kwara,Pigs,69745,4.0,278.98,101828.37,70.0,71279.86,0.06,4276791.42,62,2651610.68,15833.93,4000.0,84463.7199982899,697.4545697246281,1046181.8545869421,55796.36557797025
2024,Lagos,Pigs,58167,4.0,232.67,84924.34,90.0,76431.91,0.06,4585914.51,62,2843266.99,16978.4,5600.0,91241.99000667557,581.6735802396704,872510.3703595056,46533.886419173636
2024,Nasarawa,Pigs,210402,4.0,841.61,307187.56,70.0,215031.29,0.06,12901877.57,62,7999164.09,47766.53,4000.0,95190.0609167727,2104.0243912699125,3156036.586904869,168321.951301593
2024,Niger,Pigs,117952,4.0,471.81,172210.23,70.0,120547.16,0.06,7232829.71,62,4484354.42,26778.05,4000.0,95683.7430761829,1179.5221309429458,1769283.1964144185,94361.77047543565
2024,Ogun,Pigs,215241,4.0,860.97,314253.13,90.0,282827.81,0.06,16969668.9,62,10521194.72,62826.68,4000.0,85019.45187196603,2152.418683114219,3228628.0246713287,172193.49464913754
2024,Ondo,Pigs,300199,4.0,1200.8,438291.54,70.0,306804.08,0.06,18408244.8,62,11413111.78,68152.71,4000.0,89477.33299626595,3001.9968694766753,4502995.304215012,240159.749558134
2024,Osun,Pigs,141489,4.0,565.96,206574.41,70.0,144602.09,0.06,8676125.33,62,5379197.71,32121.56,4000.0,102631.26219363985,1414.8932375116249,2122339.8562674373,113191.45900092999
2024,Oyo,Pigs,185461,4.0,741.85,270773.91,70.0,189541.74,0.06,11372504.18,62,7050952.59,42104.34,4000.0,95492.90071901256,1854.61581560923,2781923.723413845,148369.2652487384
2024,Plateau,Pigs,513925,4.0,2055.7,750331.84,70.0,525232.28,0.06,31513937.1,62,19538641.0,116673.82,4000.0,80766.21942205011,5139.259147948476,7708888.721922715,411140.73183587816
2024,Rivers,Pigs,424590,4.0,1698.36,619902.44,90.0,557912.2,0.06,33474731.89,62,20754333.77,123933.26,5600.0,100989.42550645728,4245.9071391494845,6368860.708724226,339672.57113195874
2024,Sokoto,Pigs,14084,4.0,56.34,20563.09,70.0,14394.16,0.06,863649.88,62,535462.93,3197.48,4000.0,89377.02400046059,140.84309906187627,211264.6485928144,11267.447924950102
2024,Taraba,Pigs,130876,4.0,523.51,191079.58,70.0,133755.71,0.06,8025342.48,62,4975712.34,29712.17,4000.0,81204.15488845276,1308.7642657831063,1963146.3986746597,104701.14126264851
2024,Yobe,Pigs,18226,4.0,72.91,26611.37,70.0,18627.96,0.06,1117677.49,62,692960.04,4137.97,4000.0,106714.71626803254,182.26964879191328,273404.47318786994,14581.571903353062
2024,Zamfara,Pigs,9670,4.0,38.68,14119.22,70.0,9883.45,0.06,593007.25,62,367664.49,2195.49,4000.0,90619.85629716289,96.70698769315332,145060.48153972998,7736.559015452265
