respondent_id,ATT,SN,PBC,SEV,VULN,SE,RE,PB,INT
1.0,-2.2467297621746107,-0.7885601588512529,-1.4785246019420546,-1.336127768028314,-2.882077359007713,-0.6162158365804182,-1.526765543166249,-0.5869137729262519,-1.7869898594032827
2.0,0.7115295553337712,0.49152467034534886,0.1761326475972726,0.7439810764870214,0.8201364430316033,0.7540705280909524,-0.9370211741117203,-0.21405138620420128,1.06285917776568
3.0,-0.684187337698985,2.4976223819907406,-0.45236906846338387,1.3857323407516386,-0.7584317512990582,-0.5010017969753546,-1.4809503323908904,-0.08618306820293022,0.5537673572037948
4.0,1.8365014871418481,-0.2327569128169338,1.3645278736069117,0.8813443215939819,0.9245364664053226,0.7930195088811763,0.6899616331467414,0.7607621187682942,1.0143348191592712
5.0,0.21091172028619637,0.189632130499264,0.792313864410732,-0.09911749841723759,0.46126667699242585,0.6516456503905098,-0.49991976217072964,-0.5773005653334544,0.12068580067875835
6.0,0.5754889275552976,0.6254208330734242,1.2709408895095968,-2.1320264915204183,-0.21679284019309722,-1.3256905397811665,-0.22245636737358113,-2.049288163611636,-0.00326921815842142
7.0,1.3658214035897869,-0.3655115274824857,2.3783340251443623,0.269280976145155,0.8283005835294467,1.7708253621524497,2.76524272535168,1.1086127629971678,2.2704179777812064
8.0,-1.1541817802219325,-1.550554883798197,-1.5098756358876368,-0.1386545771332647,0.0782319869556588,-1.1414367436036985,-0.7064943690173688,0.6314387692498159,-1.9944647112774143
9.0,-1.7888493192810333,-1.1734282964179765,0.013554464779837357,-1.2782590044476687,0.258328914971466,-0.721653306173646,-0.9551312116024419,-0.590927978214644,-0.32992379790705395
10.0,0.17616063151012654,-0.29170569806080393,1.35265556891782,-0.373603171844861,0.8867365218348563,1.5137331669093577,0.663182745507897,1.8127065545720003,0.9628986747338321
11.0,1.8708048882493906,1.2409452443228666,1.7041987513086563,-1.4935228272957684,0.12483689260295011,1.9705864157158832,2.731049083593593,0.7439010466511591,1.169681585186814
12.0,0.24688596429640525,1.2171722353446772,-0.2947529899647112,0.7742806397960996,-2.2094957846399104,0.4121296847068368,-1.2564055667333096,-1.5249855338809992,-0.7652367436447338
13.0,-0.31489548419515107,-0.6071814687960174,-0.22585836879654902,-2.570370055863145,-2.059251415910747,1.098074622918917,0.13719251116156714,-0.9217598276987634,-0.9506654892699913
14.0,0.7263640541686026,0.0029698049661044832,0.9696762456336325,-0.2899719496372271,1.618309582708803,0.7567735261827527,0.8726712606701195,-1.1705050440426892,0.3323339355861571
15.0,-0.9571772358017944,0.6250089845661065,-1.0202512332329055,0.9269531460643485,-1.184485709434549,-0.6916499593914359,0.1517753307580885,-0.30505770371922214,-1.2171831613396011
16.0,-0.3931311633765557,0.6627018476457129,1.518421437279239,0.4798471030352379,1.6318527691357094,1.5095312745739085,0.39547654568506907,0.8049811540784607,1.7418814994801004
17.0,1.5209552936243225,-0.6340359309941046,-0.5362712354974714,-0.4932985439529812,-2.338277178341144,-0.25283972922991094,0.5232722325524805,0.06050130742322626,-0.7591687595798825
18.0,-1.6284366089631985,-2.7219713342241314,-0.8857777933800274,0.3751094382936966,0.8844802101321061,-0.9559464397022144,-2.112361179356146,-0.6433636610495505,-1.724747108127144
19.0,-0.9068734123187211,-2.002953338196668,0.343365144009404,-1.9773404221394864,-0.19977494937044973,-1.0422199743145617,-0.14291869470331994,0.30002186001971987,-0.5915533887884323
20.0,0.6778014330712818,-0.3099163712601764,0.8426045304112978,-1.7314623621329794,-2.6218132677726156,-0.5165476343787423,0.4255685285579212,0.5333778508330145,0.05586856025799624
21.0,0.2627873462656393,0.3650845646888989,-0.7519448933823523,0.6440111854328566,-0.6597879503481361,-1.3816486709411802,-0.4003756192467207,-1.143955271102655,-1.1442811573264111
22.0,-1.5102289503703412,-0.7776196311135344,-0.24755787966985482,-0.49882154432429915,-1.2441282311473574,-0.5205675209911529,0.5910534343184108,-1.086564429461292,-0.8050134391917306
23.0,0.3556177897997455,-0.6785826813979259,-0.29689725955216234,0.5924589528143288,-0.18957008479404452,0.17846129341333436,-0.010132252717490216,-0.030470695044702612,-0.903301804072302
24.0,0.576035353168295,1.6086002582789045,-0.7517995028055542,-0.730048399388342,0.19206582019968127,2.2425109526638414,1.1729614489941165,1.9456673024863185,0.891938120119002
25.0,-1.434655452186445,-0.7414547680195969,0.9327359554383342,1.4472341788590641,0.48610196119146226,0.4163926493624002,0.4863226716362178,1.0702102725924942,-0.034000089208456506
26.0,0.7305220195379166,0.5081436462596658,1.2744539236273287,3.2894628760982996,0.4694283111049159,0.45625433096482726,0.21461855224028825,0.45843715918528,0.7075131727251334
27.0,-0.4747851611072963,-2.2927227343479473,-0.10048790043269726,-0.8368799655984052,-2.2140145004977647,-1.353575354376128,-1.6098352630465562,-1.7287200044608426,-0.7740336269527681
28.0,-0.4609320408707536,0.917511180585229,0.28603033157449986,-0.3587806237026215,1.3036709509556412,-0.34965539146231056,-0.46115716475355695,-0.7924971995039973,-0.7889898152102083
29.0,-0.22618448843749137,0.42189595891514353,-1.3708081632460054,-0.7202750192001686,1.7627103905823294,-1.429840160374449,-0.4954027921940824,-0.732927519863525,-1.0745420164135688
30.0,-0.0058827594572916616,-0.24353500850248658,-0.649348774518147,0.16994459355392155,0.18132278595106377,0.4461106685646622,2.0321032562278702,-0.2167447884944504,-0.12513847540531933
31.0,1.619470128478883,2.0903488773302223,1.177743302925251,-0.8583500877684015,0.06352214829956518,-0.3411892079269585,0.16882529776456182,-0.2519105354406718,1.2645255541457672
32.0,0.7821645964863493,0.38885730731507934,-1.3858468675379174,0.5579320780150793,1.1267327946191787,-2.059246363472416,-0.1409772971065866,-2.5014898233185607,-0.5707877646295793
33.0,-0.6468298832801894,-0.3398631065474725,-0.1498027284624203,-0.20907096173773776,1.033949695929205,0.5015184326966303,0.1897617726650725,0.4730166265364977,0.8458877618213771
34.0,-1.1010698667429974,-0.45821810920116146,-0.8037201559341013,1.2894172366725338,0.20196327804910663,0.04689877476909598,-0.5613293437415258,-1.5719270713949143,-0.8207745394391804
35.0,0.5201803264996464,0.6431985588074676,0.0630317371628679,-2.44192492981385,-1.7738492796201026,1.0121987603480265,0.9328422471421869,0.9577710494355185,0.158317656972865
36.0,0.6114046063758838,0.27322594351515583,0.44040720999465244,1.3434209649817872,-0.3231549203517996,1.3823404746703358,1.1196200097486686,-0.5189489791546537,1.695265787511148
37.0,0.22078718781054854,0.528990992092518,0.10832373012906069,-0.5783637087729486,-1.378431322973236,-0.8074113506386565,-0.5900189658141726,-0.8930858826818469,-0.39501018067169463
38.0,1.104166210690122,0.5208494442191015,-0.9387872887514238,0.6325525077257727,0.6523255478478299,-0.059640382383270615,0.3064595689270382,0.6105624820246622,0.06392620758488773
39.0,0.7347114825616236,1.1152423122242134,1.1973691103125887,0.8485117540556899,0.9036973984069413,0.4837014051123153,0.8573196018224075,0.819195883921273,0.7283232335758884
40.0,-1.5200987850928802,-1.510775405724038,-2.1410954454419353,-0.9609227312341468,0.137832452469346,-1.0869478584494023,-1.692090098326614,-1.0604339205357807,-1.4813953984967458
41.0,-0.037459403607719155,-0.45868542031262477,-0.8091638554530576,-0.2216197786975265,0.35877773001368957,-0.35140179705717456,0.18867208413077494,1.1878730849450059,-0.6035697198554297
42.0,0.865541850102474,1.1849932008296478,-0.03965478058785013,1.7822121865882548,0.8556229098950826,0.5229801430142723,-1.5984002517343827,-0.5604162163580022,-0.03443075054600936
43.0,0.17837686550978166,-0.8008490574888265,-0.42619439378545765,-0.6036702297598124,1.0543038451041546,-0.5628477585699252,-1.0430367953246058,0.047626196935802036,-0.23822122065945756
44.0,-0.8966855645295709,0.662674584455815,-1.1373933879700096,0.23458372201916833,-0.6051327561326593,-0.5185329635943454,0.22066531453093674,-0.799577465667699,-0.4489653896426429
45.0,1.4868403321741246,1.911136542126454,0.8060487180000465,0.5368153780599534,-0.27425376113278316,2.1658123704398338,2.6657587890391556,1.5662126857032783,2.676414344080817
46.0,1.492463816206968,0.781560762068055,0.43497258390304583,1.310504080591416,-0.9732356485206013,-0.04683175875599449,0.21973707397726425,-1.4856525070515745,1.4269482590035536
47.0,0.7254130009858499,0.9046761855341879,0.20972261604605902,-0.005237119255733032,-0.5686969858627744,0.24139445481278599,-0.19207433054400386,0.8213682235498108,0.7979099315208905
48.0,-0.19798046552788925,0.7402651950730462,-2.284795679245413,-1.174961638984173,-0.5095864223702419,1.3291625606488648,-1.2052150002384283,1.464859692876307,-0.4192326676905849
49.0,0.45748960841893094,1.3870657619394853,-0.07610865700299001,0.6191061034266899,0.4768024576809511,-0.2867184797641559,-0.36126081204483135,0.02235702640556904,1.0644645490950502
50.0,0.5278492294367169,0.5703194123032023,-0.49557938847392047,0.4597529018471384,0.1409269488092502,-1.4829089684190657,0.6826921244843532,0.15453454341174955,-0.14300305121603854
51.0,0.4509129265358043,0.8113829476670605,0.1410624040476714,-0.7134548686523898,-0.09958474099734865,-0.2197166872101312,0.6403485924178947,-0.48959458069277145,-0.48670893168181156
52.0,1.0447559935106507,-1.102139680205969,0.7188125773687525,-0.04606839541182341,0.5668871120672191,1.1380634592058083,0.6063442243307383,1.0258089364617993,-0.007384317872388334
53.0,0.28765341342992923,2.0092785502203356,0.06929667113152686,0.11113780346621459,0.8355277911110855,0.9169834388736487,-0.5061375769622136,-1.120720854537095,-0.10141561252712289
54.0,1.2594911014217167,-0.033293362270886556,-0.054664525746185,-0.037134971598701286,-0.7354144384973129,-0.6407392789015736,0.4761758804578611,-0.3967625449122884,0.6922888111113781
55.0,0.041935590856844666,-1.2827278136280518,-0.5601915150755221,0.36785788133251285,-1.1958603818666118,-0.5540105775561858,-0.48666070680816986,0.2535253008852244,-0.49962037686181965
56.0,0.06039417001146831,-0.6862669434140997,0.8394214929336875,-0.5624977691332234,-1.7890959914188536,0.2713885241865306,-0.06526651551026784,0.5943051432808995,0.6211996187291227
57.0,-0.1950308245923394,0.2526946886014373,-1.4045416206244896,-0.3804383660262198,0.14762840263385468,-1.2077110463268497,0.022634977877357222,-1.8669549250903619,-0.27811089959913293
58.0,0.25896225991508376,-0.2822328957194178,-0.4251210053713624,0.33895717380523954,-0.10604725391089322,-0.39445976573257885,0.9058252407235214,1.3037171274753054,0.23532562790027456
59.0,-0.8627118700967107,-0.5162139618999413,-1.3123802417149957,-1.2200289998876483,-0.030568652130255256,-0.7830743915293024,-0.14700908187177372,-1.312009338229855,-0.8186832975835706
60.0,0.819456493711934,0.29293342264837763,-0.5228880449498343,-0.4590268738695593,1.523996447628374,0.2971685089038854,0.9777708251033498,0.009548973410985335,0.9727056528815538
61.0,-1.2761761233488595,0.6566567700685013,0.10090193680519156,0.48099585582790694,0.3952875312972148,0.2020506506009017,0.40402029431468917,-1.5629147867527813,-0.09349609740453849
62.0,1.7367838333283119,1.4576061939682277,0.3301278491255182,0.3118693609980426,-1.1071966630008347,0.4993081323549513,0.7467011067302399,1.4268682871527791,2.0972205889669966
63.0,0.052105097237533635,-0.20212872732176462,-0.28480639053519435,0.030057759681877693,-0.274625565590905,0.3274221978587334,0.32217074729677736,0.19787586554843062,-0.2039369713381687
64.0,0.1573688836575771,1.8266084506017994,-0.5950099938622799,1.1538106567217532,-0.518011121770964,2.4258991970281634,0.4120903273670014,0.3112039000373378,0.775437973971367
65.0,0.2676165162152697,0.592158467257367,-0.6920595675010277,1.7355101929507295,0.636428358882508,0.25189017820780957,1.6579909001231397,-0.6066110925765631,0.06050715276924169
66.0,1.341309261120131,2.1077564003319016,1.407003952016378,-0.18310944069904525,2.204377353953673,2.1015711075855434,0.9078972933818663,0.9691388423566488,0.5195913295551277
67.0,1.00920658201768,0.9832788463791355,0.05964451391034495,-0.018902007391011985,1.30601114197937,0.8834420536405369,-1.2947752918839368,2.5286267199477552,0.3962391990508716
68.0,0.4018806402711553,-0.08097281950940745,0.11962489464270021,0.7981394370803139,-0.36948631636789814,0.17385636224116163,0.9380548145835075,1.0572417723392078,-0.13067721093870663
69.0,-0.5432502985743712,0.09778848354899394,0.5928262800324825,-0.1114010844188244,1.797174655064638,1.2587731176658088,0.005414364907353033,0.03896255295684735,-0.29485654096028185
70.0,-0.7751723528188841,0.011168175528615964,-0.03401977716402416,0.11857548722445665,0.172969291049928,0.14106807936252164,-0.9111200274293313,1.8220709621870943,0.3963498072300637
71.0,-0.49624898876997475,0.2109868319387768,-1.2171249599449578,0.8107881409130064,0.02575700373646709,-0.4940769852640936,0.2694167048611662,-0.4418198544236885,0.22126722827760617
72.0,1.2381788134857064,1.2249061339694542,1.4485418594814106,0.7191033770977899,1.773010893216486,0.7562837289784266,1.6248335562472895,-0.5128081538058463,0.34672498077993363
73.0,1.5489292639634842,1.4785798941539696,0.06831036990984556,0.5699179189544162,1.135173789591388,0.8216009750071095,0.3087026267016381,0.31989605619539135,1.4230610236279764
74.0,0.8798386993928218,0.11027444901595272,0.5352544446360243,0.8042552589457186,-0.25553946600013,0.17171384449499563,-1.490370426778283,-0.655882678444134,-0.3646684256340643
75.0,-2.145345259221671,-0.3387449626393672,0.22589615804445184,-0.8341886521246789,-0.8870536538501584,-2.0847585590248667,-0.5715293273211882,-1.0629999371134933,-1.3093463321349437
76.0,-0.5807185381798249,-0.14114019522640167,-0.7572368477365531,0.3427897592435362,0.21420223653138182,-0.4530357580580814,0.38093291153160275,-0.24860806795838344,-0.4670236923640144
77.0,-1.3739199159173632,0.5893675015494783,0.1777446732299185,0.25632145023299874,-0.7738030003141152,-0.7403034951157221,-0.31117924640407063,0.3378389857977936,-0.41270003365848656
78.0,-1.469698590171093,1.5392968557299591,-0.8722187347953833,0.5303710154608258,0.5328733147248107,0.752572881937959,-0.6083354099994598,-1.0373281109972232,-0.6342951647256521
79.0,-0.5174352131631119,-1.595027227187018,0.8846609406944524,0.7872708079899128,0.04354589812518783,-0.16710569444261353,1.221612254520716,1.2375316370590026,0.8332933737268099
80.0,-0.8174692851863725,0.3260765193425956,-0.12005535054100605,-0.942839979865615,-0.3494949608921494,-0.12491532181322426,0.6508544458125033,0.37507547101909,-0.5829154939304562
81.0,-1.4278429364991037,-1.1571612730500944,-0.567125240387583,-1.5182325310704106,0.22462805108010953,-1.2099479814437857,-1.4114830093477646,-0.8955007781300095,-2.2176193912787903
82.0,-1.0259484525958957,-1.2190059243949876,1.0835520555190818,0.2366891386469571,0.5708707494082211,-0.21204631367350266,-0.49262778866775353,-1.1153615029600945,-1.2897317793987038
83.0,-0.3667076562579676,0.5319382049392231,1.1244013078155644,-1.5050213821919587,-2.598642737832922,1.0141809288904622,-0.13885497373695946,0.7220336544320421,0.19439895896482703
84.0,0.6840389228145808,1.2956574592556185,0.27379676113226087,0.2988080507413154,-0.6071680301133892,-0.43616711120746027,-0.21213330223740565,-1.2948277632147867,0.01653314341370035
85.0,-1.8892094852757586,-1.0502993302859471,-0.0657885174877655,0.2650831220325985,1.3986502302248776,-0.6885648726918181,-0.2525715738063455,0.490237229666434,-0.01403697391308653
86.0,1.0447973740480514,-0.3869318878945337,0.3806328827890821,0.12939697642015416,-0.6180080838691525,0.14294513156059488,-0.2089197196592391,-0.6519473750067305,-0.462734940040833
87.0,0.06819095153921978,-0.37241347511906964,0.6960382771524535,0.33577933548245004,0.30189430463324707,0.49890718638745263,-0.22824045617520972,0.6571890329347946,0.11194629314758708
88.0,2.130787874870976,-0.20939165709197632,0.8737418831585329,1.579728114917555,2.0449271259025545,1.4251196357758171,2.7166517542878017,0.6297421137721803,1.510233006488623
89.0,-0.7196331060760799,0.7518013418824736,0.30605714805641865,0.11260315098422594,-1.0725471912221491,0.46377529413732704,1.02121232745267,-1.2652285097524465,1.0250237649011413
90.0,0.7364180162786373,0.1095717243970625,1.0539355348655033,0.8542338932613217,-0.5535127905026037,1.5400924688949598,0.32547594729316637,1.0201896680783296,0.734486861582557
91.0,-0.08618683835724597,0.4862226887353894,-0.10494566119043887,-1.173897433182888,-1.0936723691945225,0.671213165062731,-0.8221767349418815,-1.4260377939870588,0.3534851467256786
92.0,-0.6473661022377354,-0.44344552183238384,1.5014900792668058,-1.3581088148495803,-1.3727161973497215,0.829926024022741,1.0161136000085147,-0.27046545596096505,0.4783375255889967
93.0,0.31246820816535265,0.5916917255234446,-0.26828958126381236,-0.639601938282715,0.29000037032356246,-0.6409444296297059,-1.1772873997784639,-0.9251266106007802,-0.480570319994534
94.0,-0.36610105747790567,0.23730236460505574,-0.042620021098262635,0.32214491238187193,1.9878146163079637,1.4824652230085111,0.45225731236801753,0.3042905861393814,-0.6047942821870346
95.0,1.1506438868680542,-0.7199084003830766,0.697202447356042,1.8998968230276652,0.8558928473669227,-0.4065504516715224,-1.1746171612695444,-0.9145252259455032,-0.23475959708571809
96.0,0.017949406491222557,-0.7477442680557763,-0.6648598533592596,-0.8653713604029213,-0.9554693135879821,0.024929484506710637,-1.3378048728871994,-1.3644367964216328,-1.577096697085574
97.0,-0.5860209163453987,-0.13305366424163395,0.36340817802492636,-0.8702051848298703,-1.2814404836993767,0.0940001030165878,0.10047018687768124,-0.2310340208186196,-0.9996602066144858
98.0,0.2799530229963842,0.660003158192398,0.08730361533459001,-0.37935142523837023,-0.6508219654786047,0.2700725877441706,-0.2932298825621893,0.7846252621890804,-0.086635910647235
99.0,-0.10087891878647806,-0.48989452949200496,-1.0919754543493996,-1.1177954678010669,-0.5897392643059597,-0.609577587529151,-0.21464358213797727,-0.6521801503953631,-0.9304033931992137
100.0,0.6434168797043985,-1.1233429310442575,0.1286555424273825,1.3974168239323586,1.5822053744088942,1.7071725931801498,2.038620792028803,1.2356399463609513,1.5366246569660962
101.0,-0.06792111620944555,0.3588530078099339,-0.14320647900587535,1.2683988661590713,0.6110097552797673,-0.9522885264562722,0.28840175750028846,0.4880413345476611,0.11968294813072074
102.0,-0.2509145024666722,-0.6292528600328569,0.468196096743745,1.9462419748388995,-1.4503817834994532,0.7901385849154237,0.4454794694729143,0.33502318264593045,0.49331778807358373
103.0,-0.2424578656524015,-0.5449096275222431,0.8268073628682571,0.469802979653243,0.8193199697584698,0.3193271192187863,1.1961293273514022,-1.1323762328898113,0.23026077504186784
104.0,1.2392217464006572,-0.9805012802747112,0.8933074030285041,-0.0892563886664039,0.3440808104066892,1.5308281754669346,0.5164515893275405,-0.5037418025458427,0.6804896194003015
105.0,-0.542556978762469,-0.4201001388972763,-0.6420375571672903,-1.145751167828434,-0.518330630276099,-0.34858505481173685,-1.0652677946413103,0.515365972500626,-0.12947495188613284
106.0,0.9742937907175329,0.36175158458444384,-0.01691368536152445,0.5720777438745608,0.5504116301795019,-0.5531756592491176,-0.8232425454923182,-0.4265332799169095,-0.26614596136281193
107.0,0.25893089695803523,-0.8398191549379866,0.44812248254753,0.7138153993412762,0.20080788471787342,0.08305137638156727,1.0028278566397624,0.8026255966152703,0.23041325978308433
108.0,-1.187091000555354,-0.3672470460299028,-0.6839519909663087,0.4685142478760962,0.8366719658819072,-1.735350206692033,0.8855411746984748,-2.5978999913851726,0.4330080955335094
109.0,-0.7732460790152255,1.8063324635967444,0.3116195022651694,1.6181851335100792,0.27515572981411757,-0.35772324333578576,0.25924668066318024,-1.3167847527721241,0.1768665026237225
110.0,-0.6143344515942813,0.18458150607480936,-0.7300598094463578,0.5971527559267482,-0.4527473224303017,0.12899901297005006,0.7744737706718597,-1.419398425745353,-0.6730485443314359
111.0,-0.2652575212104936,-0.9891352681135359,-0.27654386473694814,-1.3584854145580012,-0.02796144082743956,-0.2866931191216508,-0.6657319139037824,-0.4710805966696599,-1.2731890221457025
112.0,0.1669813887928556,-2.224776004472628,-0.9895763595962507,-1.6003382104055774,-1.0726965187181632,-0.5715853957242308,0.7907515122260946,-0.5671504571437748,-1.292560360195531
113.0,-1.5779233563438553,0.3368517146506345,-1.0428665830643973,0.01101451877628549,1.2277603918763633,-1.4487502883516687,-1.8682966491046802,-0.5228964025062153,-1.9677726487734393
114.0,0.39672119859313754,-0.5661426221332503,-1.4213015746312343,-0.7766249628014841,0.9765484299528284,-1.1242541233616905,-0.9757285517328518,-1.5583321141556565,-1.1574947783534228
115.0,0.7630907857445165,-0.878490123982757,-0.6792392081266687,0.9926319518929968,-1.3464774573975375,-0.12775867896744966,0.20835008405039834,1.0347694197223845,0.6402932139106965
116.0,-0.7156883209217912,-1.0893136788389248,-0.7104727021335037,1.0896576496715427,1.10292147475815,-1.030964411018088,-0.6923983223977497,-1.5342279717644303,-1.7711151305825952
117.0,-1.6662213343471388,1.3864627404135281,-1.0707912362955718,0.30504845009063025,0.40152276686547045,0.24361385398385346,0.1796601694412315,1.2175497963813315,-0.6219450815783696
118.0,-1.246598984469912,-1.4872278962596044,-2.1757663534535188,-1.284874113417009,-1.448388537188981,-3.044318322395439,-3.2729246896954107,-1.3066951793229857,-3.2141655270980922
119.0,-0.4218015010871804,0.5933720841765769,-1.6617366270959002,-0.007135720555815489,-1.0750791116356744,-0.6800815724830742,-2.625488538666077,0.6203007390417608,-0.4158224655706054
120.0,-0.4134247227735746,1.6327597361094215,0.5064324224067644,1.1648637774295592,1.5089912943420032,0.5777866369922343,0.3648165863948091,-0.3486555755087916,0.7174915540469647
121.0,0.759687270446905,-1.1120248350864992,-0.9399474474352597,0.14277210060446446,-0.41001588899603303,-0.8507765100741587,-0.7255400121474381,0.05321541636139762,-1.220443864523023
122.0,-1.0683067020951096,0.5234273096381056,-0.8090267860540286,0.10591959999114284,0.9524676630602282,-0.8532366157235579,0.08403951519950004,-0.16427211197278663,-1.0744906435485932
123.0,-0.6973639960906374,0.1805859222704862,0.3718340799957728,0.48767422957255807,2.163684989403067,1.2663937813646595,0.7337771873299552,-0.5156140063414262,0.2601134026541261
124.0,-1.005128825123761,-0.7411058542501122,-1.6773097113369662,-1.024372201673938,-0.9978654873411077,-1.6151212925717562,-0.7793209803674952,-1.114837513272137,-2.5039037128119377
125.0,-0.6353108587370473,0.9360460108253414,0.8598261509058033,-1.178393118061035,-0.5602185312731175,-0.619892527141339,-1.872370647678123,-0.027772345428611244,0.22251738333666235
126.0,-0.5181958901839412,0.955851179063833,-0.2781797839846562,0.3718055984437566,0.21018305149851374,-0.5162760287994628,-0.41083677937382274,-0.5180311190048351,-0.675184735303733
127.0,-0.42876953414101066,-0.15292508683033107,-0.08185821107747013,-0.40285653471675187,-1.5058102166597673,-0.24081085523556697,-0.6068788632940756,-0.36823876743395123,0.43521638235816335
128.0,1.7499747543302246,0.21678515557311462,0.15649531501063763,0.7732116215932312,1.1178320334732215,0.6724920883476091,0.6137122727670213,1.2313570066154664,1.3892225832703036
129.0,-0.10838571768797574,-0.4344207128842701,0.9309806710638546,-1.829121419348302,-1.5029886439541442,0.11528762615118432,-0.36566555110706817,-1.252178661880971,0.1774174823470566
130.0,-0.628458487181068,0.37237578347078887,-1.7368496356366123,-3.74725977013184,-1.4944526798355495,-1.3146165540746095,-1.9579338664055002,-2.4869636736869913,-1.972208863030685
131.0,-0.6810769066677672,-1.040697213809945,0.38880893846882053,-0.8929404198144365,-0.9478565160276005,-0.31067678102095486,-0.13687377356049457,-0.14586640591305944,-0.25023402836785713
132.0,0.1768652118760783,-0.09810178339905147,0.5097325757025619,0.6844572240524855,0.33543355069824715,-0.49110942113793055,-0.048843694999191854,-0.6263176195534039,-0.9303603193296585
133.0,1.929689803654475,-0.9670567523181774,1.622472807210629,0.8874710385303745,-0.024058532566791413,2.0171906384076395,2.517794616836068,1.114739834142877,0.6504849780417262
134.0,2.2699568156265744,1.5143380038257794,-0.611422285653106,-1.0096767910918452,0.14140847281175922,-0.10971769727547638,0.4469669856663996,-0.17587631782465574,1.066895272854415
135.0,-0.8264558555601988,0.2321314723683877,0.2005268869615417,0.2707209139072036,-0.12558554988993278,0.9320680260188823,0.4609454357536277,0.2672102548921032,1.0667917590786726
136.0,3.3749794203052965,-1.2914512538415135,-0.22175814139050296,-2.4072628493120454,-0.9525275727764985,-1.4587001670463562,-0.4910761238649409,1.303647892904116,0.8168519986796182
137.0,1.0815432169362884,-0.2415559891989635,-0.26483619479066756,-0.028056109622205713,0.8364056497622676,0.20148303266444906,0.7461358153636893,1.1345045344305915,0.6847912094923391
138.0,-0.9283459024181766,0.2743368120204911,0.4086554504978655,-0.42382920036102656,1.0380740442849108,0.05771206406767933,0.36885064658880784,0.06251345980007211,-0.7264875312704429
139.0,0.5727991261482932,-0.4303921340011888,-0.8443715425299572,-0.191181624544414,-0.7372231465630963,-0.8026860214143601,-0.1728310561753604,0.5172672067135825,-0.323320606522254
140.0,0.3442354249306359,-1.0965642010158685,-0.030842563024386614,0.9734006763455924,0.537479513218821,0.03762174614134143,-0.1639264409562426,0.8348220464012085,0.23835834475747766
141.0,-0.5438270239147474,-0.7017594887261315,0.10816531446897291,1.1896050600652297,-0.8911638824829781,0.22150831718895514,0.9954752542000378,-0.8053791919351592,0.9352260814082428
142.0,-0.6485863546327908,0.06769470774982962,-0.5383539606301369,-1.3266449361085844,-1.8000193363714991,-0.9236717847471415,-0.7344890315906489,-0.3319951574474286,-0.14864484054245727
143.0,-0.6773161506158883,-1.7007035366342211,-1.4029408690452398,0.44885872994944953,-0.14664379504177394,-1.9357638800718522,-0.7879050487198646,-1.5628556415556556,-1.7051976825324962
144.0,0.20369206962020162,-0.2540515479206254,-0.6751180525922569,0.9061913595764374,0.6710638464960516,0.9959744592610421,-0.09544984750435419,-0.557280640357648,-0.5828725480579794
145.0,0.869133785161755,0.39173044010503316,0.20892263743423653,0.587617810170669,-0.6850871985134432,0.9510468379681773,2.1086353429277644,-0.10926769160890958,1.6902444025757726
146.0,-1.468620062970224,-1.7663286812432355,-0.3225997067086272,-1.3312258312181218,0.45513784272938584,-0.6726520273761585,0.44701959334027475,-1.0133763439916748,-1.3181321398838841
147.0,0.09286362561847622,0.8660336304243569,0.39269941249075485,0.8218891751409895,-0.16843176699062742,1.6337963164182987,-0.6584326918691974,1.5012833732586364,1.5536132333703645
148.0,-0.5984671657861564,0.9342467815930923,1.6767728662932695,-0.6546009452098825,-0.6486319393256903,0.548984127579917,-0.8173782470571214,-1.0353069834355353,0.8288269389124515
149.0,0.9234910178384106,-0.6197200439588634,0.3151645622443746,0.4316161115993569,-0.4088914490788095,0.1114392562537913,-0.04126610175929389,-0.27352281309486914,-0.695548324267239
150.0,-0.7079811995542532,-0.049719493460598,0.16321629041065921,0.4458203980412443,-0.5482150927327673,-0.9024296135295731,-1.0661360730412026,-0.061456970909936445,-0.3229765963196412
151.0,-0.22534749625975706,-0.6106530551700448,-0.23709497235865204,0.4219014030049322,0.11800932003076893,-0.6574601670666069,-0.7059143676520937,-0.16026877612071602,0.19787415219465745
152.0,1.226259355796229,0.48226406062664984,-0.38934687583245686,-1.4405330777347831,-1.0384823938883843,0.541484625574905,-1.856360644599908,0.8809453256824363,0.5851418747773217
153.0,0.15915526512622927,0.8144471523551656,-0.3652789258539779,-0.28549213732845385,-0.02095395855032721,-1.0960343531868182,0.3494822573537286,-0.5879542735955727,-0.7512450631461324
154.0,1.3446352094276746,1.7763948819476605,-0.21940111192240142,-0.21792544877358833,-0.30822446772189377,0.2778382659739068,-0.6397649832743764,-0.5692507956142813,1.1820030412260627
155.0,-0.27501405123749645,-1.231892179926394,-0.7125487331839705,0.8308517139892605,-0.3054785181490793,-1.2705112105009013,0.6508651811147106,-0.5866209574568854,-0.54830362993634
156.0,-0.04370687149642021,0.3410433471906524,0.001510843630483266,-1.2634186374296241,-1.738391889634056,0.26684694047362567,1.4267908316899962,-1.055404959334294,0.6065302217122696
157.0,1.7387441626728604,0.017040320747408143,1.5577921223802618,-0.3984096743611993,-0.4022727534780395,-0.06275058609276225,-0.044754976202080604,1.2030475170164268,0.5348896814713223
158.0,0.7168171853168075,-0.046047385707579144,-0.380961548490427,-1.208557152964086,0.015527522365183346,0.23060033448323303,0.4511821018690515,-0.2699049799570446,-0.38681816155547394
159.0,1.2696163768140658,-0.568034501230111,-0.45536413561446853,-1.6065957391423686,-0.7340382489791513,-0.07138795660607357,-0.47686816228423773,-0.12968655908677681,0.4792038448794603
160.0,1.524099322172125,1.8746806696746954,1.4289474537893339,-1.3341230028668158,-0.6818701471991964,0.4321093578369673,0.6922778931291591,0.8586949086897886,1.4534833319357627
161.0,-0.24242386421939874,-0.6539868006805803,-1.7475277056476068,-0.5793046783152821,0.16544271544278516,-0.9497039865526279,0.2714500296007909,-0.7635453323624203,-1.4985856927337426
162.0,-0.6515541335069905,-0.8738065978141483,-1.6731743032918207,0.4166700218507478,-1.1801414952201155,0.3913206499487122,-0.9497484806435478,-1.0286918503771796,-1.3827893811973402
163.0,-0.5613890118949051,0.20599067290326817,0.6057047154101407,0.623328409330501,1.799228046201591,-0.39164012481503596,0.7927564412142764,1.2028290757594782,-0.3263834959922125
164.0,-0.44537946305481113,0.19648957098146844,0.5125173335989072,-2.3918589627613236,-1.0753414313542704,0.09170200340306359,-0.5052260247356234,-1.1466823893660767,0.3223065374033624
165.0,-1.0398992070248962,-0.07605110262602877,-0.281138811355527,0.39970412907517705,-0.07713219231026311,-0.46273636005392904,-0.3640524958037202,0.5610965358004871,-0.5156900745799885
166.0,0.08796448365328943,1.1971385069579414,-1.4945439888832281,-0.1448416794058885,2.4385445752384496,-1.1100970686884948,-1.81527434611452,-1.2891158293995926,-1.0251954436122253
167.0,-0.574964167179243,-0.09338846507981388,0.16313930907665666,-1.5188936749539672,-1.3617663804285154,0.628539404114496,-0.2978535715910353,-1.7107529448396392,-0.8902081677695415
168.0,0.7472324076826886,-0.5692933197303595,0.6599369084906493,0.34562069250468774,-0.5257620142529938,-0.3243157887113653,-0.680312644876156,-0.13948774270576764,0.28370042956176145
169.0,-2.173079372536896,-1.3708782138538353,-1.5187241475134856,-0.2911285269572297,-0.35278871793969974,-1.5261136741641554,-0.4600561097399538,0.12809229904215028,-2.099680117841949
170.0,0.056449036072805596,0.06091652614163893,-0.7218533471308166,0.3337281535834851,0.27992799573027455,1.1360317043958816,-0.2043540454046462,-0.042413957873921666,0.007958418825911527
171.0,-0.3397668285372496,-1.0183486299973243,-0.2553021047585865,-0.19955201991518134,1.6526003191009373,-2.1834904352010813,0.8357005361346348,-0.7350001782788541,-0.8969003851509335
172.0,-0.14051475790956167,-1.2320062496299762,-0.8211275008064607,-1.2310512761828871,0.35014116266806394,0.2618813045828092,-0.006851068722207229,-0.06210889642577929,-0.8237238271074755
173.0,-0.29922554583224287,-0.2549038351099641,-0.19773411307075445,1.4102734217035662,0.6439587559168466,0.5661429246292061,0.5259199076512998,-0.4481744485557853,0.48416001880151804
174.0,0.1472728900835766,-0.5143510358241986,-1.0351930272538938,0.11978076895176556,0.2819281452709552,-0.593470453548763,-1.7333511454547876,1.0706807826171914,-1.1459929141838407
175.0,-1.2571760557956189,-1.7495413593920506,-1.5342773279271316,-1.0769884365537536,-0.04747729897689119,0.2842422090636699,-0.4084802544676827,-0.7350255487621278,-1.3789846190688677
176.0,1.0512866406769,-0.034256167586662,0.5905269834940965,0.15961775781189572,-1.0263588711275085,-0.04788883731085903,1.4739530075996523,-1.394750883032787,0.5935329600459763
177.0,0.47349739450535505,1.1328377311984,0.9364901626070372,-0.8084870304368544,0.6791056078914085,1.32828026860147,0.5196254635464325,0.08624970791386068,0.5609616215080607
178.0,0.5394644121849376,-0.2976265769506391,-0.49370648935665934,0.5590676830024036,0.4874791964632836,-0.8685515486407072,-0.7844706948461013,0.06920182810011402,0.33024410010233873
179.0,-1.4591956067682466,-0.6887145072305767,-1.0574826012796357,-0.45761227595746107,0.9829449053246399,-0.1954086496070887,-0.4884589231307771,-1.112771721116495,-1.773255697404668
180.0,0.11646301852304589,0.6687589832136637,0.8992982107971066,0.4601098150172096,-0.9852029401643706,0.8477702487179662,1.5219117027567908,1.8841252526921728,0.8558782567841633
181.0,1.1347768351658047,0.5924531138306245,0.42501656492576473,0.09889081373048558,1.883154394316105,-0.11058869603526877,-0.10250873895894215,-0.40503369697017305,0.6316687432835861
182.0,-0.9622804387592065,-0.7803132038350138,-0.5123697803680917,-1.4130710168664957,-0.8858389949909824,-0.4243588249852399,-1.491485445894985,-0.23991640540502449,-0.9226799910099339
183.0,0.2062522935202419,1.03929024717418,0.39384884788018837,-0.2747317333117776,-0.23462989658842404,0.7724427028633323,1.1396568133805127,0.3340325477418218,0.5914616399938157
184.0,-0.45677134532008806,-0.13181846515261153,-1.674497798012506,-1.0543108337957583,0.01942736311471646,0.47363898867197296,0.2374172793512155,0.5028159839875002,-0.22742363016046
185.0,2.1471015173205785,1.5010587555779604,2.336062265848374,0.49895415302265855,1.0708167061087728,1.7474831617786641,1.367498831360675,0.43543015962608,1.6590331637836053
186.0,1.9698768503726516,2.96338407841482,1.1973155652666179,-1.6277967787107375,-0.886953550788188,1.0451656354944796,2.0617612322557863,0.9396123192580259,1.1108411529744224
187.0,0.1593995906740178,1.0608260042715232,-0.25401701871562854,0.25121420215182694,0.3086114012899271,1.2391628992193469,0.724861501571565,0.803938485943805,0.4035897723328753
188.0,-0.6013894678743983,-0.638543664597711,-0.9782418588624769,-0.92578255278908,0.07181176817342665,-0.031453264597825985,-1.5220843213511588,0.7433618497694929,-0.37685705046177415
189.0,-1.3158993989382368,0.12721901486934092,-0.524807563277417,0.5333220426199876,-0.4231081094426249,0.2008562381369632,0.2729926874600212,0.2300184757897541,-0.11954628242486326
190.0,-0.08811034546724524,-0.14215866757885057,-0.6442486013804546,-2.04632554860931,-1.5920002094243062,0.4294485973277353,0.7661211106345814,-0.861811343477267,-1.0900542757939151
191.0,-1.2083188869286925,-1.6010957909869543,-0.6653734864732336,-2.2928409079363763,0.17399087607534885,-1.181130239314275,-1.1213532985692172,-0.5021333196554818,-1.8716078472802538
192.0,2.220583769503228,1.8321867705853108,1.37122534344215,1.258188926621017,2.1932150822470864,0.5243464189311012,1.2240502068108707,1.133779487917611,0.7369221031735248
193.0,0.6280444895408837,0.2511381487987756,-0.0036521478503732767,-1.4826822041873158,-0.7369609158599019,0.2931270862563059,-0.4338281464994606,0.7958886503701634,0.707444497079536
194.0,0.7165842848078333,0.4738858865349315,-0.2591169264214494,-0.6653656927618964,0.7132138073650929,-1.0870309576229669,-0.15526657839566502,-0.3798871458736073,-0.44020638684818425
195.0,-0.44558815237039384,0.2999792344941427,0.6349572533133876,-1.584354625676597,-2.3684265694918913,0.5175375110408319,0.5221389317964256,-0.16234688552849783,-0.04798553861719306
196.0,-2.413047891699257,-0.44802444366249067,-0.45611390033002347,-0.8301112753493656,1.1466751521854006,-0.5036803678712041,-1.7863175679204129,0.7677403945763197,-1.2737255503320524
197.0,-1.8627467831823985,-0.9162370906765093,-1.0923525422652751,-0.635562837851822,1.5712002093719581,-1.0806621796911717,0.8536452211173862,-0.09504211119303833,-0.6929871229304554
198.0,-2.2610827460625975,-1.4901654336989816,-0.5564074894517307,-1.4736852435067123,-2.3906602051443704,0.2892043502537561,-0.08458450857746547,-1.9999977276456153,-2.0203504996501196
199.0,-1.3288650176101622,1.231384439372176,-0.8578386632140782,-0.08296298371654105,-0.7754952940116228,-0.8383909854278099,-0.9206910750342987,-1.0011553324273736,-0.8701756663207421
200.0,-0.31786186935347377,1.4025450388740563,0.7750300053965269,0.3125040163370858,0.2215561284094361,3.6018556146076657,1.9411639947203414,1.6226592813298368,0.7111869174382195
201.0,0.506660323634739,0.8619548500110799,1.5905513631899695,0.5425717239310816,-0.3739840935355582,-0.22491545269777413,0.6971405455241901,1.1652925537239422,0.8434203642353748
202.0,-1.974141896398127,-0.4486877669429047,-0.7879939800694361,0.05812277283111034,-1.4041607951198825,0.3426674267127244,-0.10656628234054638,-0.23302178157908737,-0.9450318740003668
203.0,-0.06011591292894671,-0.40970145079529885,-0.7330133421629561,2.0269926629075172,2.1329900784080262,1.8786099311250206,1.9789514298285256,0.03653384165779985,1.0574641100185287
204.0,0.31699388897238917,0.6757044616427177,1.824557634332051,-0.3205925290523586,-1.0226923385760383,0.010134697560681475,0.015863563187367705,0.1731446048411181,0.9059051752811716
205.0,0.048062196473961497,-1.0821198114416444,-1.0068809501044886,0.6619602098367785,0.8819848431948556,-0.879633431743416,-0.6150513124862982,0.5052115974158911,-0.8947055359193969
206.0,-0.6631190893278793,-1.0158056785646137,0.35476461351937094,-0.4024797455419983,-0.7404943123259583,-1.2514736505454367,-0.012238665726539602,-0.6301336514629226,-0.6787127239176496
207.0,0.7503805957069593,-1.8077062542576425,-0.6890349163838749,0.7441332586853052,-0.31837188135945704,-1.196112060720292,0.138418182681428,-0.685536856388681,-0.7699092985458209
208.0,-0.27242136586618354,-2.1180154140715626,0.3234543106442017,-1.1467580450701627,-2.1222686283462915,-1.5776930283263262,-1.1762848628933777,0.5952012589687313,-1.3806038868752146
209.0,-0.9189071971404071,-2.690156797260719,-2.589019488438798,-0.6687752080697226,-0.6742683576659355,-1.8793877152614982,-2.1108287126027747,-1.1419357546629658,-1.8240012886548094
210.0,-1.0884153471563283,-0.3781451107423957,-0.5655486689359793,-0.9579020648126728,0.570564898106776,-1.3307194073886057,-1.6339901584181524,0.6503120636469301,-1.693727881872857
211.0,1.3788778642052242,2.37325123731749,0.6220266741519355,0.49975994797577505,-0.21187454700367048,1.4211406034770615,0.9085898234384512,-1.0002916450373114,0.8775989070942456
212.0,0.8138855176455446,-0.05017160292237793,-0.2234833546070725,-0.3680559084785944,-1.412199396716016,-0.7595580538367094,-0.34378473515373725,0.8381620208757815,0.4482764650410208
213.0,0.654982680506185,0.9742034884324295,1.3570921803134621,0.3073814463162622,-0.06071356729349595,1.9704404443561094,0.16486253677657217,1.1521369001679582,1.3386740670097794
214.0,0.5419741007746613,0.16892116974482105,2.6841894670678164,0.3560549776324035,2.539323951050391,2.2679228731362215,2.2355942556698447,0.05718373368960101,1.0979813346526515
215.0,-0.9419456468883064,0.5308106679349709,-0.713062608952931,-2.2639648113641906,0.15855030542558224,-1.3435064670534957,-1.1423083276984871,-0.7147673717190396,-0.660002326235051
216.0,-0.419903950409544,-0.39381578232357983,1.3421249372445228,-1.4913162466379923,-1.061891636909681,-0.09149452361840615,0.7138772975728196,-0.2920432852226732,-0.7845198305669484
217.0,-0.29785042162806175,-1.785673363006582,-0.16859965926195888,0.04536873409377002,0.4997986065302492,-0.25818138774003846,-0.6823979769831421,-0.9690512901809218,-0.5763810597690778
218.0,0.4789063770558021,0.02324558960463638,2.2002484547941217,-1.645023847427729,-0.7520592713361569,0.8899875632436213,1.3436767912911511,1.5185485646638792,2.030974170758507
219.0,-0.00496171013973387,-0.20080246893576814,-0.7578430069564627,1.0590832413134714,1.1041048448253008,-1.0072918904870802,-0.3789919208570363,-0.4044344656436345,-0.9870649207749747
220.0,0.6267108842573714,0.43405440301223913,0.3155881357198011,-0.06164027190301578,-0.3315952744497063,0.7234592569048677,-0.8001285658687852,-0.3994109091225662,0.4648499124743525
221.0,-1.1607967508359456,-0.8511823304540456,1.1127283086973307,0.4809563492692056,0.3329429863708369,-0.6677279243085951,-0.8764612226614436,-0.9228274057043769,-0.4212831440358931
222.0,0.5464982773192738,-0.3051380350787366,-0.03329350744507669,-1.8479743384738032,-0.6366752572390231,0.43426375532595046,-0.011820796737344551,1.1914895167091748,1.389960021535303
223.0,-0.8956215367043697,-0.5397775693972843,0.5463447913659006,-0.28008697719580583,-1.012918089278851,1.0798716388535292,0.41742182074712775,0.9526719801678811,-0.48449603609696473
224.0,1.2542108192486023,-0.29534674289901774,-0.009978372897519757,0.4108249070729992,-0.9062009730192699,0.3990650117050558,0.023681205884364752,-0.5368832548729687,-0.26800375757284634
225.0,-1.3811184837434902,-0.3608205114485349,-1.2237655586522607,0.44410710774767614,0.5545213705291653,-1.7669784749603614,-1.12504089527854,-1.950455949051018,-1.6478631867060072
226.0,0.9522932834201832,0.008817285945120266,-0.19965604223160094,0.88179996505615,0.3076131970331793,1.4522522394113144,0.8292324974324298,1.39534536759157,1.3888202196940436
227.0,-0.37737825893438215,-0.07335707586607612,1.0966728502841607,-0.2564953680078793,1.6816900250443878,0.04394323218665319,1.2683631680240954,0.553684656725173,0.17908182192944436
228.0,0.9655784246293587,-0.5792694567891159,0.5260778804232958,0.43158639152071354,-0.9966000565186578,-0.19145097456858262,0.803030999044925,0.7202009099384699,0.5951065138168381
229.0,1.7536322013797112,1.2875074298882019,0.5840439813053416,-1.4610021558565516,-0.8476726480336146,0.29023641648923276,1.450677468764523,2.123939079362385,2.258789624404092
230.0,0.6338591921291324,1.4340204358763673,1.366090305162209,-0.9998129264048761,0.2206846587723769,-0.5198540800232905,1.279363862242205,-0.13931424267469544,2.2255004203937916
231.0,-1.2035286989674916,-1.9748677319630619,-1.124544197625981,0.34115243120774763,0.8993711954137393,-1.6342901740383804,-0.7429000552232822,-0.1205651161278007,-1.3362917363508502
232.0,0.8009366555488202,0.6111062802713241,0.45588215624305584,0.04385960093458233,-0.8988659034872907,0.3998771350765315,0.7747967515032601,-0.8861857507985386,0.19331823131179995
233.0,1.4797285798838447,0.5909087905097206,1.4557960434512018,-0.021804458386718628,1.1650193625707785,0.3066530496821917,0.8460829578635704,-1.950346082685195,0.9512405263292888
234.0,1.2984981944945615,1.289690404899214,1.4829390434137393,-0.5137959455498096,0.18920813183506416,1.0941581786295427,0.7858673394232196,-0.6522920587971135,0.1726460313081936
235.0,1.1717579960279496,-0.9263836565233533,-2.370027199779228,-0.353523540077102,0.36401213805791705,-1.2759283546325775,0.6304499855356294,0.35800628953635805,-0.39191737309356667
236.0,0.2021275294501217,1.8747841038729143,0.7004133972047245,0.39383426546511174,0.03620339541920536,-0.5713438850108418,1.1823235780840549,-0.9689867000633156,0.9007605073872151
237.0,0.5736290493648024,-1.2448898852106176,0.6626720083097122,-0.4535429063093149,-1.0526672456840311,0.1037481625840219,0.3786547124853911,0.3414797494084183,0.036216540505665855
238.0,0.6996638204478578,0.36198671267038535,1.4695487952198414,0.7115587654967449,0.3570349448623112,0.7130262817682391,-0.5700524258281943,2.250056172530831,1.700104117210758
239.0,1.2904435112730614,-0.5055379988685753,2.220023818123031,-0.3914042708912093,-1.088014743047228,2.2144885878071783,2.1189185869924922,0.7591442808574793,2.423803483970205
240.0,0.8120524939939414,1.226596598799784,-0.2709353598961,-1.206667707428032,-0.42346295761530267,0.4930687365601703,-0.07686487172968307,1.3532499105236107,0.8773677578048428
241.0,-0.40291763510705364,0.7613794444833255,-0.13084713625589597,-0.8187980501635787,0.8663256693519218,1.0127106703783704,0.2905314550097343,-0.6520236117455562,-0.30276317158629773
242.0,2.304825456998484,0.8443772248409966,1.3859155237357776,0.8734344225198027,3.2477562352596294,0.6963645799034687,0.6457402233719853,0.9845331034708041,1.3884357153121811
243.0,-1.091517215794681,-1.7304238396337546,-0.8094973570627483,-1.3219376300644747,-2.3866802533582163,-0.06874054479414204,0.5843483403460699,-0.9763279299348525,-0.868584990891577
244.0,-0.11870106801159926,-1.4148589141523193,-0.09551898054309269,-1.4756783310858277,-1.081809357910507,-0.3277839399197149,-1.3202063781318383,-0.5348078612909583,-0.7985671515154822
245.0,1.4577321710092057,0.5526855943443395,-0.6114110562170515,2.098679363895061,1.031242408901133,-1.7508600796803249,-1.933226071470205,0.5564048847816038,0.5272449641323643
246.0,0.808950500854129,0.18086826935688186,1.2822143543988587,-1.3707919158229707,-0.5121141063993767,0.34713359519722226,0.7261595161219853,-0.4533683887012099,0.9626351245894763
247.0,0.9862055177326133,-0.4672625100623154,-1.2719531006838873,0.4065953584293829,1.739249663009802,-1.1244657751599858,-1.4847573655882806,-0.6480646959484113,-1.1575568507803917
248.0,-0.9461230798475986,-0.5517154212637478,0.054931031643045615,-1.8298888642196702,-1.3415759137169887,-1.4118311796858463,-0.2909060802052653,0.02926547428295623,-0.7517144609160502
249.0,1.6145703080537912,-0.006410387277103586,1.0963904778166045,-0.4867718375748714,-1.341411228472996,0.39710529686062834,0.6858040386281671,1.860817001403425,0.7565021709396056
250.0,-0.22174595082676146,-1.263135106806751,0.24479342250472297,-1.0656984341022355,-2.829471400521246,-0.04837668091485021,0.7377138454714395,0.66045880491514,0.039160132236994924
251.0,0.016910975905316494,-1.081163328872316,0.29465622469616715,0.5349043825929446,-1.3613205966390918,0.6617878704988636,-0.04253153826143294,-1.0034527028348594,-0.24463292124238148
252.0,0.5574138014423744,0.12170258440791346,0.3800400364077758,1.8261438039812574,-0.3610499688390378,0.71648906699402,0.3250777035272619,0.4229474163016666,0.33585687172240425
253.0,-1.1005561025753805,-2.3806865598338294,-2.9892887569512077,-0.7203829797691481,-1.9180479041435685,-3.875395829346993,-2.576074584915277,-2.519034973841776,-3.5340696491385057
254.0,-0.39977227281233824,-1.094189182747098,-0.9912494482110789,-0.957973950088788,-1.0358120227820844,-2.1880583603536157,-1.3489773685036752,-1.7195426337091673,-1.0028743102436288
255.0,-1.5092526880153756,-1.416241263336843,-0.3301460703325979,-0.5863975828553321,-0.44885497655964696,-0.3777137239199526,0.5313862697437801,-0.07286425693267727,-0.5140848624613564
256.0,1.6850669161989638,0.43210683745411066,2.5957771219700456,0.5899145012327318,0.812157633064712,2.2575888117746867,1.579513655204592,1.7059751388977422,2.42225145834945
257.0,0.7290364696053496,0.28454553316957754,1.1813931782894447,0.1101781965348588,-0.31799976846292105,0.11712596936889072,0.9413794927073638,0.883805335181806,0.2894483580503943
258.0,-1.2407578877078684,-1.309077826908479,-1.6033728692412825,0.8684568403778953,1.3085699720534325,-0.824513209942916,-1.3574571400445323,-0.5751973456038905,-1.3046935110275073
259.0,1.407248333680274,0.31239894303875987,0.9761493950335146,-0.7915785445622957,-1.4851823849453911,0.6379900224187842,0.4626103858361733,0.6230466333289414,1.0383114016918755
260.0,-2.5171878730017196,-0.07550044445353446,-0.33536924581307775,1.30326664419682,0.5287049081830921,0.21093210593250286,-2.610108850303015,-0.7617882349510449,-1.3205667798638046
261.0,-0.15144627867792104,-1.8065084369577074,-0.4320893001926921,-0.1913727187214486,-0.3043245159668715,0.6669876450502041,-0.6061032695589064,-1.1919206654575845,-0.898835530219027
262.0,-0.7232875233596673,-0.7742829916712867,-0.5518515012029789,0.14783393440476217,-0.6865666065151593,0.5456231615178634,0.3675762442201225,0.8786213211221594,0.1960319770269926
263.0,1.7752172438046023,0.4925171712659994,0.9859113403333704,0.2746391821111221,-0.7620926846400555,0.4056154081902109,0.8252445852773865,1.2727518809661924,1.7177530369416028
264.0,-0.7406246727282093,0.36841912196234683,-0.435925745192504,0.22558062091049658,-0.46264896691391166,0.09623302965738803,0.14794213250964422,1.2140619861362631,0.5679949783082163
265.0,1.8692425149240492,-0.29550662750657614,-0.025601645805226083,-1.9509129982771476,-0.009244574713242177,0.5608034622197243,1.349100206466365,-1.8611784328807421,-0.13450863559151954
266.0,0.1402487633215676,-0.31379867872976813,0.5365761543926483,0.29838219537361105,1.1349123067844347,-0.8175721164799389,-0.24779617455822125,-0.1596117458146391,-0.11077763867786086
267.0,0.9345008155325097,0.22252718889299994,1.5447584898433613,0.1837994558386746,0.29918626858140884,1.5202164868077954,0.6482414100518068,1.121563762710427,1.2217428092298948
268.0,-0.44941525439922614,-0.402332235820141,-1.8607658016909432,0.11983042827353746,-0.2928018803404065,-0.24206606507145173,0.8439795726554149,-0.2806944449328584,-1.407185505743708
269.0,0.564697152901463,-0.06970930265929179,-0.0428191270652743,-0.2217610012595573,-0.1252068884316263,0.4971565583595096,1.6401469400329711,1.2447812791447501,-0.310579103610067
270.0,0.09666619728518501,0.21445129641036903,-1.807144201979945,1.6620534910521316,2.611619088448437,-0.462518148711871,-0.2350846263817338,-2.201321664139707,-1.865835055255846
271.0,-0.38023632939175855,-0.9590619732480079,-1.0373425494797335,-0.5485594194206612,-0.39287023947672167,0.23206080592453932,0.43616796402357905,-0.35243552820927054,-0.16575549895554612
272.0,-0.406179372463743,-0.5496984133026532,0.4125145882439129,-0.2602486525152311,-1.731943636561649,-1.8134670796377168,-0.23641212061600608,0.13626870689811826,-0.45526585343955
273.0,-0.7981940715255446,0.28795537139062277,0.2056272708629885,0.3803868323143661,0.42725829253757086,0.7674439228712044,-0.1669603874028444,1.6072589824452013,0.1362189754559102
274.0,0.013433130336158906,1.540177701814814,0.8858154810860027,0.12128541351620507,2.168956439636153,0.1725544536780647,-0.7788735830496234,0.692662961566697,0.043777887318252225
275.0,-0.36413557238604055,-0.42314952939136985,-0.6810367835592256,0.876854087898649,0.7877417399253047,-0.321882497369872,-1.8728536705977896,0.5919400469398788,-1.2443194862863278
276.0,0.2809485811181461,-1.4100795893469886,-0.6945121831969793,-0.918507851365837,-0.08181331765538298,-1.3020300116475791,-0.33504208569318966,-0.3528122097358785,0.03877325341482253
277.0,-1.766634582081333,-1.6269007417369494,-0.4107011733896842,0.17575205395930027,0.42582129494014254,-0.7771983226989744,0.21494713390994544,-1.488671036193481,-0.8758024825789225
278.0,-0.722847087888292,1.0814623062319002,-0.19634303614937365,-0.7623924012210467,-1.3802829549762101,-0.14262803696112336,0.6218514602572789,-1.7160130417423498,0.699345237807502
279.0,0.3330512340902338,0.5105669163114662,0.933728420806987,0.18545136884406216,0.5390406389180394,0.9306808873683589,1.5940206906148993,1.306775924038162,1.0119361603886994
280.0,-0.12090621129138578,-0.8501594352741398,-1.9014600896444929,0.6909575303949301,-1.4994799255935494,-1.2227271403959745,-0.234955843612008,-1.0110423699691267,-0.5908996725820996
281.0,-0.7118096766026624,-0.3002104408105111,-0.10242140876520471,-0.24936105564066163,-0.5707571515646392,1.2365688052877803,0.8668906163260189,-1.2416921358894584,0.5832486506854715
282.0,-0.48175497607909296,-2.0081645597340687,-0.11823332228552715,-0.8566422642659851,-0.904017483681207,-0.5099065590648585,-0.37790613667594053,1.072245777915691,-0.8649853551019248
283.0,1.0935914202640544,-0.04212250392285842,-1.2828103335626795,1.9387759710751682,0.7561973290920557,0.1271219504444457,-0.05134288747228903,0.01674888977627668,0.3965793701976138
284.0,1.6295468819492869,1.7507667498494535,0.23436450501445819,0.9269723125692265,0.769405385028675,1.0156917340051679,-0.11800193103253258,-1.3041868081497812,-0.5708909360689527
285.0,0.7072519925538205,-0.26986955817947184,-0.21318661643311945,0.3525022039435624,-0.6514805655198878,-0.9893945585230897,-0.23401671834786003,-0.13857358697040786,0.8181972556921882
286.0,0.6270962254119457,-0.36430694134190084,0.24282390457452635,-0.6755867672006743,0.10209864265176104,0.5014312778638815,1.2471098671032228,0.596121228067409,0.16550087351305967
287.0,-0.16516865054422375,1.0702873178168866,-0.3329169115415255,0.0014804163625004136,-0.5433069587317257,-0.022121521522358724,-1.3823815320735275,-0.9843322403240765,0.5542466786464162
288.0,-0.4354940017849403,0.44834331662022586,0.31986772671459596,-0.7635147216937634,-0.5889573126725063,-0.2550898234718443,0.30856262720281474,-0.053933425944398095,-0.6525396384716569
289.0,-0.6146844482049003,-0.6043913689566798,3.0126280879162306,-0.8015383307295111,-0.06573751236440917,0.7937256919189457,1.5945917169390038,1.1771926869156022,1.1431067215601292
290.0,-0.2725038464132715,0.946550518090188,-0.617365120287733,-0.21113393795294652,1.7009092841337161,-0.9922549290761621,0.09623406410017298,-1.2615226772235186,0.12479990090098243
291.0,0.7866634056050189,0.5013148963876646,-0.13128167678473315,-0.45064249504611015,-1.2271696189604955,-0.6066031887132303,0.6186477702231191,-0.4519784815100859,0.24092599179799065
292.0,0.32573123025033823,-0.5241723708188883,-0.7894141345893976,-0.8879527944121283,0.3642454089410046,0.3402896973365389,-0.8750611090467405,-0.1622864049291866,-0.027397507563014966
293.0,-1.714618178908691,0.4267280108345383,0.1021894491962275,-0.5302694582895287,1.484690712952554,-1.2023226272133698,-1.0944527721248716,0.08293058668172508,-1.3181033251246672
294.0,-2.4721903943455024,-1.1903663863944338,-2.146894641407774,0.21163221599131918,-0.4519774435211013,-1.8102429360155166,-2.2728309659343067,-3.3495427948527645,-2.365833591497148
295.0,0.4941980166512248,1.930067646305044,-1.8083228411957748,0.4062026615855156,0.7746850059465231,-0.7404569023255496,-0.19681489019249632,-0.5950490507510389,-0.5320694498337379
296.0,0.36359193148990265,-0.13101836553992885,0.893993550013919,-0.16148588878784728,1.2639209735347876,0.9242517842304255,-0.6373090760904541,0.28502340818813104,0.5946068810293395
297.0,-0.6030042063402248,-1.1303617544409497,-2.241651474261536,0.2457989001874544,-0.3341068628942682,-0.37283928387012455,-1.1360520256127296,-2.6905173213375067,-1.326592909805372
298.0,-1.8181208679408007,-0.5395870471282538,-1.4308535178666824,-1.9022010067946593,-0.6223949798364615,-2.2028668667233053,-1.662072365309322,-0.1394056438688912,-1.114365732496945
299.0,0.16323009486059264,0.7350930967461422,0.5614905074170559,0.7545407208329123,0.9778131576495077,0.05300546761014604,-0.5328112925023479,0.6629240577244113,1.7322748470207223
300.0,0.3375645618909412,-0.06487208812170847,1.1378294705426346,2.359770505722166,0.0006273943551003295,-0.21889038304315217,2.2441808078029863,-0.9399735777432393,1.650656240461643
301.0,-0.5500100477140764,0.603734207798991,-1.925844653078709,0.0224326526146558,-0.13581583665289446,0.40372594708745546,-0.2420197833192766,-3.170891920949692,-1.5728314968909682
302.0,-0.6554725954928436,-0.8410414417413563,-0.15525617411554316,-1.879398236655724,-0.30510678179344025,-0.24566798337633675,0.21050387233940196,0.08266291553740783,-0.7313326020938471
303.0,0.40215632745377256,1.0484403642314317,0.12467181835082539,0.32154436130762376,-1.2985584575668372,0.0905940638807128,1.0054238975448817,1.177727056609236,0.999917205759853
304.0,-0.26913760416739185,0.8295873204771882,0.19275051532383414,-2.7964782837709197,-0.9178841191292845,-1.6087023912783813,-0.4496393561088086,-0.6985950161515923,-0.7577577609811464
305.0,-1.4930202868197784,1.2781554093208085,-0.3236405734175086,-0.6947245711836801,-1.6014393964068518,0.1699219385601107,0.48756133087214837,-0.9481073510375849,1.2095905504316482
306.0,-0.09125955417840202,-0.7153858167609367,0.8096106616602231,0.18406127775859607,0.07200975250285768,1.2926587685011324,2.0264784449741753,1.3417124022327953,0.9715195729866299
307.0,1.2472843308550776,-0.029059493878892954,0.8813381855293675,-0.12467721885160571,1.5793384314566716,-0.737438646960821,-0.11501275073673196,0.028365798706656026,1.2624266883249446
308.0,2.0309462878245474,0.6276468914449033,1.5834354680092515,0.08768888520631846,0.3498829192421177,0.033368604689698565,1.2201906143830052,1.5460558874666197,1.6658326644366148
309.0,-0.0881946838490034,-0.875904615216188,0.45535857333629287,-0.3141518089743387,-0.10167663872330414,1.0747752301004123,0.7926874663810529,-0.45067034899132746,-0.08727873440816986
310.0,2.167994436771239,-0.9994860501275702,0.8143596662937297,1.1875668309660081,-1.5313163093738005,1.4301318707700532,1.5591704542995943,-0.9885274047875983,1.6759356033475006
311.0,-0.2836918450486298,-0.8456876676584398,-1.049594353879496,-0.137431962419313,-0.19828528356378886,0.5416872064577261,-0.9943226650527022,0.33117966573460944,0.28059200056375927
312.0,0.61783165907045,-0.5371132432526181,-0.09911531445095545,-0.36354518073817355,0.8284215270588158,0.1534903898165716,0.05064657936890602,0.7956970965749852,0.19804009890947116
313.0,0.5557184356970891,1.0184058391791126,-0.16167348513824034,0.37995820916915957,-0.5814031858489742,2.1469542343939634,1.7773910287495387,2.0439230120930034,1.7383899512162397
314.0,-1.7246860317627575,-1.6443568522697956,-0.21044357423929697,0.627093031319452,-0.6003224814284646,-0.7282782693446718,-1.4561578890470075,0.10682721330015582,-1.6308833781222307
315.0,1.0107276060331623,0.6053710885803277,0.739095542031663,-4.050726202403772,-1.4044407762285605,-1.766697233594933,0.3613883478034694,0.0223005968012809,-0.3201435673417841
316.0,-0.06506802122239298,-1.4539796254159565,-0.4105263573646458,0.6640425355831133,-0.45716300966882084,-1.0347941693003986,0.19327852976593993,-1.5124345440941287,-0.8395207858203261
317.0,-0.8052869084930816,0.7043096951819646,-0.1520973740103867,-1.19993484885777,-1.096842983785783,0.18539719411444466,-0.23360705258001016,-0.5863741631455289,-0.2626488001566269
318.0,-0.7254596358857871,-0.49669030837178296,-0.0909405290352472,-1.8170048467131994,0.7698111126495716,0.6122268851495084,0.3620014657345525,0.5622897545232107,0.6983813411582738
319.0,-1.9261242541129617,-0.8046369309069713,-0.44485298885609226,-0.27696357331104365,0.7136828552645736,-0.6879249248667828,0.04026503738609766,-0.06784750373338976,-0.7929494613939851
320.0,0.7343095972047033,0.936105747008932,0.5487512724009533,-0.19577865290950083,-0.09709254256663585,1.6075860094966443,-0.20876208694788706,-0.4906498998050587,0.5969875290137299
321.0,-1.3200514025711219,-0.9374084461300656,-0.18227272719585547,-1.0600826187492518,0.46891713803809465,0.16489315279532338,1.2848484820186103,-0.42155707573926615,-1.0635466636790616
322.0,0.4146358534469298,0.1919532817765523,1.0291485922715744,-1.8193212355406423,-1.0438442901518892,-0.08806929944480561,0.18254815596844784,0.9182226919872433,-0.4425663876757799
323.0,-0.6792503994994752,-0.8331165216811758,-0.33408321579919376,0.3249547825038884,-0.7350018134179522,1.7116161449979057,-0.7113111610756107,0.08023203302976392,-0.2376426989816226
324.0,-1.2096120802896113,-1.8325869701309243,0.00972493631436686,-0.31154782190338365,-1.0498728062283365,-0.22128913540385498,1.7727916976881397,0.6122919661670657,-1.098443748991158
325.0,1.137537543831674,1.8852066631251534,2.027004915360376,-0.5783445595794984,0.3126511859123481,-0.13782972290206932,0.7969657305711989,0.5508853538938085,1.1621094734993385
326.0,-0.3351539828444166,0.3673470854662272,-0.9953339470020061,-0.5256971949477223,-0.03552626696579016,-0.6963947453042788,-1.4539814719536297,-1.6887293867798423,-1.1598935237530645
327.0,-0.4649785232206346,-0.4786123298015025,0.03311594600180264,-1.3801560262297092,-0.15778256740020113,-2.1836054977782178,-1.3750152616822364,-1.3670239353057299,-1.0488450418494222
328.0,-1.2532714876805346,0.6653503018345965,-2.1555044935422165,0.6298528278864712,0.9104786473971529,-1.5772743282835595,-1.7571990372881325,-0.19692744184835373,-1.078504145622037
329.0,0.7660413766082903,1.3522627196754449,1.328086324918188,0.8504989690166914,-1.6956840180636885,1.7090069923291504,0.12574044236838944,0.6187629258875792,0.545773896586326
330.0,-1.08849575849166,-0.2574814398370202,0.030539615903610505,-0.42323357679534274,1.1814069444532678,0.8436290767861533,0.4247345015729668,-0.8016470429866355,-0.47348399126735563
331.0,1.4869296905782432,0.31875369397665326,0.22861229531044006,0.3561986120693054,-1.8444478778027582,0.5909142782110033,0.7668820542846455,0.12066685392139435,0.10201034249937892
332.0,-0.39678248194375626,-0.021498882145594613,0.060866009078644506,0.8226782795633283,-0.010359718568293014,-0.9551001111395868,0.17154906008652943,1.3484986367178293,-0.0270474670150123
333.0,0.7343318705344613,-0.03476325335100137,-0.7189014634921627,-0.2875084717005292,0.34220621376435806,-0.40654387946967124,-0.15293004733888363,0.18519243671281066,-0.05368473882309082
334.0,0.00900984060068815,0.9632769583697832,-0.2194244629485675,0.8194251864380775,0.6590119707468834,0.24824672090551453,-0.25897166380379116,-0.6909120186600161,-0.4702349608746208
335.0,-3.0541753106773086,-0.8208299676425319,0.2635890606234792,-1.0592257799596152,-0.8474813859572052,-1.5462909326920071,-0.5375248586339256,0.8714238432445647,-0.49279717032630127
336.0,0.7368116020047994,0.7559939811758222,1.901596813701542,0.1665509598327722,0.20288279453210833,2.1730143836780043,1.3549275711710442,2.0896330717895313,1.3519256946434346
337.0,1.8974994821008468,0.9055644853816106,0.3176449587345617,-0.2396758286970581,0.15313138184420338,1.370207566503617,-0.4137082980967033,0.8962141262499611,1.3955394030636938
338.0,2.2846678162197804,0.3304490334931538,1.1119354194342557,-2.076537478138152,-1.149258505066381,0.29038243434674005,0.9086035167715354,-0.0392321773026447,1.0911510035440775
339.0,0.1780674314880957,0.11666682518953184,-0.09424539148323775,0.446846938830042,-0.6128601772305169,1.260691365464647,-1.0787618619889465,0.4047206823115745,-0.339689668790286
340.0,0.12912000237793955,2.9298928093012404,0.7578837084808261,1.4350516943060978,-0.8679274695977932,0.194574420679782,0.5676472885778885,0.5299793463187257,0.4961191009514231
341.0,0.5710574613857469,0.7282412099515132,-0.3138128603164815,0.5143485453413779,1.0285554548648033,0.9726090877405011,0.9656230389113204,1.388384844659955,0.8114422727859018
342.0,1.3063075391763266,-0.4788600001760128,2.456618868799789,0.6395624471753532,-0.15109345084326445,0.2929617067573958,1.037284968073983,-0.0311886747329537,0.7447250615634952
343.0,-0.6478753743562266,-1.2165082737436748,-0.2828428875809234,1.5323117814712877,-0.30908406173790315,0.8636889472593472,1.4311350393873221,-0.19169274534194605,-0.5587089044455702
344.0,0.5847497269400751,1.979392734946978,0.06457076286509375,-0.845568718553592,-1.4743292893146378,1.0033475194070998,1.0221084070673887,0.5581340000929983,1.5516665122459512
345.0,-0.9106035133986267,-0.6533462472154047,-1.5839102071277338,-0.8747656933249727,-0.8008484270139528,-1.9102408197256007,-0.9389713416880646,-0.3723305085604014,-1.1241475302246116
346.0,1.3379074469744512,0.7442320783585684,3.126603350215179,-1.003760174150333,0.4125815282958425,1.4952697905042673,1.1809321071560763,0.4409083845415787,1.6248037174972785
347.0,-1.0819379647473557,-0.9198638500256384,-0.5746478299852961,-1.4606990665680109,-0.8357939665228452,0.4602938520895337,-0.9266362772198959,0.11919061917970082,-1.7944546283186118
348.0,-1.1753254838345146,-1.3597160174350473,-1.5133537388463367,0.9444055155730685,-0.023959197198412822,-1.2688989141893148,-0.23862198179844635,-1.9813102740577064,-0.8002284192550511
349.0,-0.07298958775220761,-0.6538942984898254,-0.5762094317253288,-0.04040638749535609,-1.4157413244767694,0.1879027523171711,-0.8885368238943632,0.5414129881909653,-0.4641792429973681
350.0,-0.8228057601498759,-0.18675178742688814,0.45086044670827224,-0.05810304959938926,-1.2148320430874826,0.13229968534126038,-0.6496940699152894,-0.3471447121814587,-0.03974218835134271
351.0,0.538393307066386,-0.9395495880825246,1.5987968235996346,0.8525638691005846,0.13108302256679522,3.7603497722583668,1.6808472321293735,1.2729840278747384,1.9642043425895674
352.0,-0.06400842833156943,0.3568100772035707,0.8814778638577478,1.2600374787991977,1.6814002187263304,0.7902512264250565,1.0959245960246604,0.8747251284520045,0.4768991701472246
353.0,-0.6250964126736537,0.9970972262266814,0.19522397115634643,-0.6950933166232227,-0.5050468205290627,-0.4241973954813539,-0.8666656784438749,-1.4330061681525559,-0.7342561793046528
354.0,-1.9281517869185838,-0.5369599894013742,-0.8766324405122006,-1.968891294590723,-1.3066077244984842,-1.612794521582181,-1.66800481878517,-1.303996404278224,-1.8094436319698393
355.0,0.5088458405081149,1.2256600729398701,1.20586960401638,-1.486651747430405,-0.25532203012369487,-0.22483745561047835,-0.7284242671480423,0.9188317480361328,-0.1451834524062516
356.0,0.6807258463111255,-0.3125546543927535,0.28075154747905046,2.234701752045242,1.1285274360690225,-0.373949217710277,-0.8911776846154773,-0.10053045946035764,-0.6058182510897501
357.0,0.08322286289350905,-0.48965428134418937,0.6389506459636,0.5847100394490891,-0.13978217406693774,0.7425423725833131,0.10564559718331268,1.4353554270797195,1.0487009472539794
358.0,0.5399299528582333,0.22267472492412335,-1.4832866093247847,0.985770346644624,0.4739838248717851,0.29030906830216313,-0.0555820190577178,0.8578793073248926,1.0000162102241197
359.0,0.20633458241758168,0.2169985833194491,-1.344236843648018,0.32384359141671076,1.0596378247347147,0.20624466269969896,1.0848134329065817,-0.9774900704796338,-0.4988566280932498
360.0,-0.36401533429375416,0.19798871923160605,-0.31663475611514624,-0.8312108726711124,-1.636278852226301,-0.9861165902646412,0.27321226692787115,0.9312804362034982,0.29173328945401555
361.0,-0.32934854102952593,0.33452126960792367,-1.8379860603785962,0.47907418846003264,0.7553066031465641,-1.3956396171536605,-0.26857120949221175,0.19394805532164222,-0.1369377191974847
362.0,1.722396235646641,1.0548882636226344,0.26487889040550006,1.5516443485621112,2.5771042370828416,-1.710998127640811,0.7444618477274011,-0.4410447105254881,-0.07811938252303136
363.0,0.5166363229943025,1.4494214774441578,0.31266119754374433,-0.6112697226337362,-0.45925059013090935,0.4056240540752544,1.0573489013555293,1.1160049066767805,0.9003178027374116
364.0,0.452388868035189,1.2437869508885775,-1.0607777528012703,-0.9762278439458533,-0.6149243265231156,-0.4128963785776513,0.3868300721419179,-0.7107364177197864,-0.36546201099036296
365.0,1.5651870924667561,0.9853762860453568,-0.9542319543405394,0.27867819828755125,0.09438454560331182,0.246937953505535,-0.46041163973811916,1.259071296687993,1.4667824107842806
366.0,-0.1757338430787085,-0.692468473439875,0.15990942830289212,-1.1419919687486477,0.20914980214383896,0.26434563287090634,0.8493129565697403,1.1041287507282278,0.11528323333933582
367.0,0.8610095077218015,-0.5645654462735925,0.462279678801252,1.62851955908795,2.5899697992209703,2.377669644535644,0.8199821681564664,1.5132258640096248,-0.052714440991450194
368.0,0.6169514919052632,2.266434155992622,0.6620437623711788,-1.9344920900877791,0.6847067336625633,1.3934928226141814,-1.1738288436495437,-0.0135394007009063,1.2505037058059458
369.0,1.153014835102795,1.1484750101595695,-0.2245045301750813,0.42668150936768734,0.17863111577886312,-0.7914744964558543,-0.3860642556641896,0.830780401377231,0.42145313866119677
370.0,-1.0188544631825016,-0.30630393985256804,-1.8772887867077153,-0.4056258899119351,0.18874714111131227,-0.8905273938268258,-1.4023060348647756,-1.5302424574765103,-1.9070790474391972
371.0,0.06593940251263898,-0.729535492217882,0.4005548605677975,0.9788843834122146,0.5156141234929041,1.3219634076108124,0.024527468558966557,-0.5419322852786258,0.3218018181501187
372.0,-1.2846461053906393,-2.2121929388941144,-1.112634606255704,1.4766042255909968,0.4120269465141491,-1.0071589582115346,-1.2724467524333798,-0.10945917179008324,-2.1706763927384314
373.0,-0.35675254067078155,-0.8502629890043191,-0.7989712338517592,-0.5844737139909084,-1.388991532301852,0.7411362739626988,-0.23771871487765775,-0.10537281013999598,-0.8936588695935003
374.0,1.0385844720378108,0.45280361408536524,0.018367963252666267,-0.37828843179542687,0.4141198208900084,0.741405177577105,0.7920252841204487,0.09024548157697669,0.7029183144402997
375.0,1.0936806489125213,-0.04042746048848588,1.6547824948129852,1.149882785160012,-0.8770809414502847,1.075593555096952,1.8809334326282412,1.8776474818822357,2.5540438399760594
376.0,-0.6362167732596863,-0.050804508392440516,0.10677912572233213,-0.3916526795073681,0.27529578499608764,0.21169255859611283,1.3748698222982811,0.8736533012386968,0.13249407858965606
377.0,-0.33369481005260515,1.2805957906967684,2.2261403654702234,0.8046242679123793,1.2664565935076113,1.3123280673292632,1.0484792187168461,1.2126952306598278,1.0498432479776376
378.0,-0.719059952949013,0.21158092403759804,-1.3144286156769887,-0.21213246523261103,1.2200228011379284,0.8023196561682073,-0.20124923750283624,-0.0005475373177645349,-0.7017880216535702
379.0,-1.1496000105575368,-0.6589540047007246,-0.4793543687280746,0.32184932428503893,-0.042567321065381296,0.1349416580555441,-0.4665045338420456,-1.2007779923073856,-0.9654690434881601
380.0,0.1818554827420582,0.6805334603979509,-0.15336277931302783,0.3875721548663541,1.1796233600053376,-0.5687108141430371,-0.4707960057871603,0.15370585342355284,0.21892797789314505
381.0,-2.1164510473111346,-0.4587180627312448,-1.0842004333861786,-0.5699010012376391,1.0536109596468446,-1.3123678105566117,-0.3407624216333545,-1.322570615850387,-1.1264713101055939
382.0,1.1188230190003345,-0.05988148557249048,1.6843443529810807,0.02924254818074901,-0.8090017778693507,1.1478516551308038,0.6385636510689718,1.3293323777578254,1.1836199855733527
383.0,1.6224695538711635,2.4455304495169274,1.2736026969506835,0.9748140333677007,1.715188516165022,0.8071691525286275,1.8843553634704056,-0.05783317244340307,1.1177356683971802
384.0,1.7901424987826595,0.7443193769677146,0.574062697682103,-0.5695676944709118,-0.48560824444669387,-0.8916008831328396,-0.7257789465333537,-0.1518927972732627,0.5291166845991379
385.0,0.13475886941494966,-1.2036337981630265,-0.5181631238332893,1.5352697281819359,1.1518015246728948,-0.42819580936810786,-0.6343465668699371,-0.13285324743890614,-0.9630320251509952
386.0,0.7315826717443491,2.1252922631354654,1.9074188556389997,-0.32122606595365333,-0.13209216318153397,2.8075989799389376,1.8229420414373783,1.389082282836626,2.4551018061273058
387.0,-1.7650392364742586,-1.5835842696662688,-1.1786306343141457,-1.3194194521694482,-0.4128958599371355,-1.419725663179984,-1.0457290355613835,-0.6899809319071197,-2.2039137416571926
388.0,-0.25428749737552636,-0.7381314719126626,-0.8926160193775069,0.3816215358182288,1.213618519394838,-0.7312779784286957,0.2772901989898081,0.37824133653405145,0.43592441635359463
389.0,1.0287906756741427,0.09277077223145658,0.916456998838858,0.7327201494509531,2.0084733993898185,0.5953168269631041,1.576529336077319,1.9720261240105406,1.5312478036136077
390.0,-0.06457453523781131,-0.8369852189230477,-0.3864717542255769,0.6895024132692099,-0.012315893906930588,-0.9632922905888338,-0.7129529384758727,-1.6255726728388067,-0.4252061340660514
391.0,1.0577845218042372,-0.125865931161493,-0.2944165711453323,-0.2173817698446003,0.3411853438262085,0.9524171004846645,2.227595326820161,0.8361529792333422,0.18611549671318148
392.0,-1.3117702270155693,-1.4556616706058814,-1.1956145959003728,0.2689069258929416,-0.3190450087779026,0.03685141235689387,-0.7522755372658981,-3.5294347813487486,-2.213256912580417
393.0,-0.8386768224690515,0.3204834624457357,0.995164809150258,-0.4728728970093946,0.9377104243869914,0.2816730185930478,-1.1634586164423497,0.08459612455447936,0.44183647557918526
394.0,-0.6650903916128472,-0.49949878749863913,-0.43477093243968273,-1.241057508576884,0.8874297293293428,-0.42490192743434557,-1.2299867932237811,-0.18614065501473157,-1.3363238384758582
395.0,1.4225263887387876,-0.04464823687580359,1.3244316803752976,1.0363450894434456,0.19928410553054535,0.6324843576282196,1.6479860868465765,1.151715386240865,0.9853339158989846
396.0,0.7786143488962097,-0.7617480746194409,0.8851278977895547,2.138522360762915,0.5459287271293016,0.20838436947219596,-1.0187287743428721,0.6764314620670272,1.0177484677661588
397.0,-1.0393050148039666,0.37782139462243824,-0.13828165213994653,-0.9398614315731922,-0.055932254582858595,-0.4962571399354616,-0.7781325122588205,0.13278088111275874,0.15523214865948765
398.0,0.07931471271873097,0.5789639830561071,0.8146748311335205,-1.7425551800005104,0.07413492028758373,-0.0015862645187160109,0.6737500676073637,1.0731299771419696,-0.07272272330042547
399.0,-0.6894046343991203,1.5400874771157829,-1.106127767157067,0.8931000509719967,0.09768707039004279,0.44901014372482745,-0.8995327198246743,-0.12514959909919787,-0.6126395553886019
400.0,0.0872890328519053,0.3196395763936391,-0.31467128739242406,-0.7709913835956882,-0.9633675530691727,-0.8421790457762911,-0.899747398647222,-0.08911215051576876,-0.4164069585044551
401.0,-1.0033440355267753,-2.2566278829627544,-2.4606088826831964,-0.4403061053188601,-0.09674336593029301,-2.493872664861114,-2.16768874337844,-2.0987019998169116,-2.537137862111102
402.0,1.1060275679932459,-0.2681279722239904,1.2071933812621334,-0.5483993355483058,-0.4621044010450384,0.6145101160210634,-0.9534628889746564,0.4344526913211813,0.07220229565186569
403.0,-0.07310676746337141,0.1436573599668551,-0.46811360543124186,-0.9561265221035773,-1.6740394813637864,-0.3485874385613704,0.20277596171780812,-0.258292991067699,-0.6431406885119322
404.0,-0.7320640354412224,-1.74207079004178,-0.15683471402625815,-0.9123132047649349,-1.179025306368202,-0.7253522272933004,-0.651671458374449,0.402688223305874,-0.4937849480460256
405.0,0.011195606260007126,0.6926233385982771,-0.0934750668253206,1.0104813728283446,-0.7352729457109601,0.054827785870606126,0.7920574978482029,0.5375571817183652,0.8334364346862121
406.0,-0.3601440630562114,-0.8304386918401474,0.5833987708339068,-1.7409562481797372,-1.3690030299490574,2.446312708484862,1.3957329279384083,0.6696559771354099,0.5653196679299108
407.0,0.7106958053433047,0.4673774344931481,0.3168564586075846,-1.998058988688351,-0.2163313166694331,0.45397851233980085,-2.547566904038638,0.9726387243766674,0.8555591113462591
408.0,-0.20552128593013774,-0.2090045046316556,-0.08760854165699959,0.21488252343973738,0.677675031911266,-0.022392944476831718,-0.9695074917200346,1.7458749197268457,0.29767893065700896
409.0,2.090431373935618,0.6008456404552098,0.77202672435106,0.2662453738437745,0.8754997261918326,1.260612156171145,1.8974854060586974,-1.479334110849573,0.8922062187749749
410.0,-0.8776237063271984,0.10996691627022831,-1.3279593957820137,-2.300426543018313,-1.403204914562283,-0.2427112611130477,0.7743763143166482,0.5328630292957721,0.0011349990163586638
411.0,-0.6554525668470412,-1.1359199950234005,0.12188881715082964,-0.6911792870050909,-0.6920203967681655,0.37217239561094656,0.6939268480981771,-0.26243742845327933,0.3855413883306648
412.0,-0.1870526964105725,0.3222357565512751,0.6260011711418416,-0.8346753420279225,-0.8488248603203724,-0.7074490602572271,-1.2414791155995997,0.4313132155621617,0.46570688587470194
413.0,0.6396431986763329,-0.2909337707194282,0.314359380392232,0.9624214299728243,1.8679178572136743,0.7646213280670001,1.7995098132204446,-1.3446964731985758,1.2485444035506048
414.0,0.354323457405394,1.241635180079412,0.9702053872737872,1.139003638720634,0.8802709718452753,-0.18809276984326548,0.2444262066515623,1.0445640617615357,1.1619781381270635
415.0,0.3788463795218355,0.012755949592341298,0.8568205296405358,0.08246819483771785,0.8667106645449741,0.8716929873912675,1.4146218062444071,2.0774325891760688,0.9128422116329938
416.0,0.33515789570257126,0.9593280971555165,-0.49355505203108974,-0.30556092950055347,-1.0342467504486237,0.7722103596247941,-0.4449596373506708,1.6223724740449081,0.21134743147951404
417.0,1.5681287339739465,-1.6373675403812784,-0.7015456705621486,0.711508048498669,-1.2277644294654921,-0.599415854781436,0.6240859685249451,1.3501149399063428,1.5009615122963427
418.0,-0.6729170284879777,-0.19388751183226052,-0.5581026883566397,-0.25761455666078137,0.35080343039535683,0.1879997306766219,-1.6172226128971623,-1.5194108573592457,-0.07429956854788358
419.0,0.0716717031994167,-0.02787724113746003,-0.47102953521649976,0.3516263692684182,0.2078581613523858,0.6369818809160607,0.04879928738387553,0.020895762349996114,0.4096588414306113
420.0,0.07465406322774658,0.771506934627538,0.545563624736091,0.30816929349862976,1.8400077662617955,0.8896143865963771,0.0903203621318424,-1.191644739689147,0.21759542468696416
421.0,0.3295607426955119,0.013492322699078388,1.6229251546548973,-1.1933475752600287,0.21490053288294944,0.10328082029849268,0.6938099109486504,0.4322306104067439,1.4937580345925525
422.0,1.0803273214087161,1.9146182787692414,1.3923910707802751,-0.5274478500334668,-0.6306826695103318,0.9512695157559147,0.07395320460308656,1.3109460211239965,1.7005218529328414
423.0,0.547363619677406,1.6216280432802732,1.2601307499675698,1.26624696025181,0.8664337586785549,-0.12377597585847448,0.34724725820485136,1.017943615095037,1.6134226180009716
424.0,-0.21501116824403022,0.1729844102214954,1.0798889356450092,1.0956101393993554,1.2708708373978688,0.19712240213762616,-0.7774146093019701,0.4242334271592907,0.6816008698476596
425.0,1.7987553596562211,-0.1526250413635361,-0.10898406317289805,-0.22311206349136228,-0.8020768209218618,-0.6578857998244029,-1.7913093484806868,-0.028799515161177448,0.5539641237959895
426.0,1.4683613050287143,0.8408728501776388,0.12551489605716384,-0.30008623639352333,-0.08047993405341912,-0.30461084083538603,-0.4290930341598629,-0.8098667146202543,-0.6580447834036516
427.0,-0.049137332053016125,0.21060407159834973,1.9478346672023574,-0.9385231466168987,-0.868780819539334,0.25717461454789453,0.6219263283423266,-0.2729482605001373,0.4421502721084368
428.0,-1.386156912223299,-0.4822874814776101,-0.3089348815024393,0.7326653664884886,-0.13116272953035163,-0.0361045392440337,-1.030475377750326,-1.5508387554814538,-1.5234508728834388
429.0,0.3682514568373622,0.7953960853642276,0.11218208196943975,0.6539444649787937,1.6772703305604668,0.12947031195708694,0.26239027645744484,-0.6798852034869999,0.44874853101454976
430.0,-0.883324947683976,-0.5324942080171913,-1.3657031552606886,0.2924857267088561,0.19044276580441333,-0.6348402590257985,0.11267373652907457,-0.8458168016525739,-1.2554002045575723
431.0,0.011770292586086395,-1.0329040130905212,0.9416482570563801,0.40875182348991584,0.04493282769870023,0.2181555937731396,-0.5259337009824461,0.6047978325079242,0.3550599261216098
432.0,0.6000820705509492,-0.02807509856657513,0.20690702895798757,-0.23608489351032713,0.1513448509919228,0.3775010808776264,-0.3368829144663366,-0.410691020366096,0.47643561806281876
433.0,0.6724281644913372,1.1257789418009885,1.6990904587530422,-0.02849300971062782,-0.22349199432088201,0.9335371439963526,0.6527157835013119,1.5370642332160345,0.7075784559649708
434.0,0.920629281057581,0.40517110615335866,2.1143779421967093,-0.3886998545643188,-0.3802656645167181,-0.6346452748985556,-0.7090455804728752,-0.02889079498441361,0.9580849464227954
435.0,-1.412144816369346,-0.45037006225378495,0.4020106176696849,-0.6645351860604214,1.0727653500150809,-0.7210917265944481,-0.21340035873228558,-0.7130283288856706,-0.352249325114307
436.0,-0.06909778759822492,-0.5173755432930378,0.08429680210344846,0.7850142258270657,1.1958064092048877,0.5832880324224652,1.4405397867647205,0.4641743579085414,-0.45349462404361446
437.0,0.09969753451733182,-1.0388258192411794,0.33078967052647457,0.23362075221067743,0.9748240966307465,-1.0798251649967663,-0.3937899434853006,0.3942248871252912,0.3590520464702684
438.0,0.17202990763698606,-0.5863366741184294,0.837603863330115,-0.7785187325228073,-0.9358385090994654,-0.07601426921148217,1.4052391074048083,-0.35071244405172924,1.0383595012150528
439.0,-0.7957820857206673,-2.805720377456872,-0.5483716889769057,-1.09635658742747,-1.2049526757864528,0.22503997028525946,-1.2363018420110805,0.37833134157053155,-0.5338942274061688
440.0,-0.10413304665360967,0.1967090508009824,-0.2224507222330033,-1.1026291557872265,-0.879550680700708,-0.6551273218038005,-0.31703359639205264,-0.32473964688303375,-0.1811021629658877
441.0,0.2105544272476087,1.3685576108117594,-0.4817067265212929,0.6553305370390938,0.7544793342159002,0.23774736713951752,0.6722525727141777,0.8251231509327817,-0.02894084099465012
442.0,-1.1649982819116285,0.1966600793742926,-1.6972136684690529,0.3080180537770823,1.2013306392642094,-1.438722630342111,-0.9783188741587705,-0.4507776110528133,-1.4517829608726391
443.0,0.8491314854474061,2.7957484142135005,0.6527060421463421,0.9341843638548757,1.1571368378323612,1.314594199078493,0.9624992567048435,0.5848404421216163,1.1057868892669929
444.0,0.31472589690887687,0.11513548194520469,0.020306611182217132,0.5759791397384466,0.7389895436248858,0.391619754578379,1.4801696405827558,-2.203827839695621,0.42657156700922744
445.0,-1.1279946952296642,-0.49770842996884157,-1.1991987427545936,-0.0321054464674587,-0.02452301425942555,0.6494669759801799,-1.4411427261525942,-0.9719768116477648,-1.3195304536665287
446.0,-0.39785981062929726,-0.8614766865840935,0.13665141406222817,0.6280582993326695,1.202181914016117,-0.008581052387971421,-0.06382830594989243,0.2832582948527486,-0.5271377943447669
447.0,0.15701074913375987,-0.10218534918382255,0.5127338574999063,-0.39083070389262603,-1.1361109139675263,-0.46700598921604597,-2.7657839586195583,-1.0696986075547585,0.46032539905372427
448.0,0.35795943589580453,1.0721064013784427,0.20231269557915338,-0.9166593134857223,-0.02418313235837824,-0.6179325471918411,-0.9287026803733329,-0.15743545258894256,-0.007582999446834323
449.0,0.6209443828233687,1.2515380435929109,2.161651554640029,0.7940271353441836,1.1065764672517324,0.45960040801674684,1.3578467136152055,0.39985316596427145,1.2753308504526768
450.0,-1.1102630949646464,-1.360112799500061,0.12407119421618375,2.6526501517229257,0.9482290654459277,0.04669060834740552,-0.37392699877386654,-1.849883634578551,-0.8695615075873955
451.0,1.3708722332543917,-1.2237509702586915,0.3018092090113192,1.0536327158016363,0.8440923355898928,1.4450094712353156,0.5884570196422753,0.935666903118056,1.1256105695565433
452.0,-1.29831605084681,-0.30462141953058236,-1.7892194499615826,-0.8435343404886145,0.8354377742819189,-1.9774605703911263,-0.3873901414207863,-1.101779111516555,-0.8721061443452771
453.0,-0.16224879512824053,-0.9249768310415115,-0.8153441087054429,-0.7037223317617937,-0.03954820484372356,-1.35069095812597,-1.9413357842674834,-1.6403123722542732,-1.334251311615229
454.0,-1.3684031396025602,-1.959442549856595,0.4677898012991622,-0.11038184134117213,-0.19836943675730767,-0.07659571185109536,-1.060814047702351,-0.6209346529222003,-0.2184762379072571
455.0,1.1688257076687825,0.00979692302081533,-0.6541545428154947,-0.5278796682739366,0.7927032111961214,0.6666501814739909,0.8233911080981599,0.43540593587406784,0.1290911855139147
456.0,-0.3237651710230257,-0.05187768937861446,-0.013999614772782897,-0.39576329735020715,0.43884616993354536,0.26442835964865996,0.35471910601835555,-0.43574153974843305,-0.23818621256364367
457.0,0.12966983679145752,-1.8981029802218516,-0.8464734603412446,0.0808007662245621,-1.7721926677967346,-1.3902295443863895,-1.926659073285768,-1.0183832337412828,-2.2313363110701268
458.0,-0.769831067369646,0.7016290545630267,0.17452789241229122,0.06556290264955074,1.3055504576756285,0.8902011348710505,0.7186037764326958,0.8238351709694213,0.634842600802087
459.0,-0.9768596694369261,-0.6572729167621618,-1.2053223660241723,-0.6399394934778853,-2.8978659820230868,-0.17493958837377016,-0.8053798859476634,-0.2392613705309758,-1.1076095697996342
460.0,-0.09010956661881722,-1.117627212756147,0.528478031612877,-1.13715534104062,0.8572536977442167,-0.6052134543254384,-1.0330080962952788,0.07355551650932057,-0.24374776980641902
461.0,-0.20359252484173437,1.3007812969588077,0.23600445012150476,0.9548943957215081,0.3652159323350094,0.03967049402244982,0.5324505316290651,0.7934190763129161,0.6743782509689931
462.0,1.1422255072363814,1.2274628515379407,-0.195879278331436,1.0197202171393744,1.0787042822196304,-0.25209309912411376,0.4648726540330715,0.4340445521671781,0.22820409757500054
463.0,1.110792661948191,0.421488892062567,-0.8871161464631309,-1.5121038869041878,-1.1203966822353095,-1.0095088547590902,-0.518038762859603,-0.547233552273273,-1.0526433903952928
464.0,-0.23385428641930808,0.8947452762747452,0.5103083202954807,-1.268366526787433,1.0845505324109752,1.6124270941904095,-0.6208992039018874,0.7595791106172716,0.7968560078986217
465.0,1.008505247335521,1.451340245919821,-0.9189740885455949,0.08712294624116172,-0.07701859378754887,-0.21035591898895986,-0.8466857466662893,-2.1041694367730286,-0.877861583795837
466.0,-0.7337472630677472,-1.5887848286288995,-0.7816131052546428,-0.3208528873512706,-0.6849159628431549,-1.2448232635915786,-0.4527907603085189,-0.6819694162031251,-0.5163876839199271
467.0,-1.22320105662762,0.4262805091989042,-0.45868608146496403,0.9896416535403707,-0.1565768911705436,1.0032014593374188,-0.2303135947206196,-0.7242300199376588,0.23111549966976988
468.0,0.6693854535152901,-0.7175939328472812,0.23759327373827177,1.184267301873283,-0.6671343830202464,2.2468971294345463,1.5597422646365673,-0.05125601605038996,-0.11120894188440783
469.0,-1.4277289878270698,-0.549344732381936,-1.1129142828742127,0.3157780068254541,0.046269110137211335,0.24551564673522056,0.9147269204950765,-0.9248581437486637,-0.6779360366537106
470.0,0.209708654773702,-0.4217402527825272,0.7418392113131025,0.16126103349074924,-0.20856456225675307,-0.04714221923331358,0.3204006421347391,-0.5238572556039256,0.2707529324916384
471.0,0.5495600039128716,0.43542029350019046,-1.2669496090623404,-0.16001842098806404,1.1914428669315227,-0.9374745258057272,0.3898890542368651,-0.93624082611974,-0.30649351908430633
472.0,0.614069949111084,-0.13665592966612475,0.5204673559931887,0.003954152348837854,-0.5577445458251459,0.19117684921288972,-0.021743154297319347,0.6710118021811788,0.4821013831993101
473.0,-2.011305030512533,-2.0117730879677564,-1.5687493158389518,-0.19728244107114506,0.140575667525518,-0.20617457982785506,-1.8747954091033072,0.4648015948699464,-1.5467294556252318
474.0,-1.2513987055938682,-0.7536538361137556,-0.05037694600157714,1.9450952183217276,0.36797130681559587,-0.30849111473550567,0.06967032129324105,0.4082446069000228,-0.8746899704392616
475.0,-0.6683973174479125,0.7578497296739016,-1.5689759346621142,0.45180047662361683,0.41511671505084824,-0.6701977771590272,0.673575660301778,-0.18343925938306088,0.22899282161484683
476.0,-0.05771722742089149,1.014783620742984,1.3568314571288584,0.2547204631248067,0.23094145950514833,-0.03627347688499168,0.4185744973826513,1.0125130978439114,0.7339832078525442
477.0,0.04012353809664114,-1.3572900818871516,-0.8788213469040791,-1.3457086266226874,-0.028499267923723065,-0.1705649553351584,-1.3361437460302297,0.7484536956528336,-0.0939880954060008
478.0,0.39543794418495704,0.04701150096465989,-1.0372638849797968,0.06486633189979304,1.0095923860514706,0.13503958028301347,-2.1027617022984955,-0.6485445026986084,-0.2865487559605868
479.0,0.1729036906281987,-0.7944450914439319,-0.528693147510558,0.5335383181381064,1.4097175487690943,0.49261034443839496,1.4044357102596439,-0.02884927107236743,0.23677167491649218
480.0,0.12447438700122958,-1.5361302726859984,0.11643148183291292,0.28016026656310855,0.229504101671675,-0.1488011523676158,-0.4561198950009719,-0.10361213923313065,-0.1054473346755575
481.0,1.1934852084710714,-0.9298374526822372,0.31647305974210205,1.0818361230112459,-0.27479555374321457,0.4709561439531122,0.6122953036036753,-1.2546885667744154,-0.3482953266413033
482.0,1.1308769288324834,1.965025630949634,2.822566025405554,-0.8860317540663103,-0.16046963640485026,1.666611898995443,1.47747207836278,0.20714126512353098,2.5724548685559525
483.0,-1.4894390258651982,-0.7397500578574233,-1.4126566110554337,0.08935100785984415,-0.3634799559110535,-0.7618719865002271,0.42889340949080584,-0.8315294589634794,-1.2313735046859875
484.0,0.18858193854706135,-0.0012217435858950805,-0.5568013724789305,1.52977018649211,0.3367666250928452,-1.666826306763386,-1.0794533618105988,-0.9130091402533703,-0.10763683749030344
485.0,-1.748845154324158,-2.014209185048362,-1.271114485834414,2.1917463279320955,1.7512173946949827,-0.8314746687862444,-1.1163489358858127,-1.9124219100061632,-2.0281121688069046
486.0,1.2191529664028646,0.43793870459435097,-0.06763064506331688,0.2746442838666404,0.35384789381117127,1.5392235177803932,0.2616555115532761,-0.9855631132797594,0.7353834209571535
487.0,0.6752809991412394,-0.4046765802474961,-0.04912646208207751,1.16761106035781,0.9399100574231365,-0.4387297763397997,0.21116781437870094,-0.8369687085433075,0.8964309361497216
488.0,0.10166896399431895,-0.5604662268757061,-0.49154794231042404,-0.9282185679465821,-1.7087669439066104,-0.46511256299561693,0.022542554666062364,0.459523861848853,0.4293221821902611
489.0,2.793548335493533,-0.3243376780639474,-0.24477271218112756,-0.6533313400462512,-0.5751447031307683,-0.5290476889688975,-0.5240909022116533,0.3607014948243648,0.2629272109450864
490.0,0.8371294053541068,0.5960223726823363,0.86206386970307,0.3229148114716739,-0.38228982523834426,0.8736108227591547,-0.29252453881099016,-0.30195185707828914,1.42307668504296
491.0,-0.14739663809932455,0.6082551533610585,-0.46422752806859874,-1.3884609258815743,1.1900853674240162,0.26767114824241467,0.3523874965151348,-0.4995991378837194,-0.7054219049669938
492.0,1.360586513262207,1.5396384904441813,1.048074004725266,0.41998167569634437,1.2664823667888434,1.5973845790056995,1.1458219527683706,0.2026321484254298,1.413154768848304
493.0,-0.8549799809208515,1.2294743225285234,0.26874708266250374,0.4828652337941008,-0.41549448813576,1.2400002482845327,1.1846319808694679,0.38469940019320537,0.5549225338266961
494.0,-2.5182458971719788,0.24731079289954816,-1.9670521596778578,-0.2617197411422134,-1.3191847522147027,-1.8658162938550338,-2.190845677821071,-1.3814807975334906,-1.5465467908625021
495.0,-0.6998323020133735,1.1377168172665488,1.7012758054944823,-1.0117633639226091,0.03278378174883196,1.990123272581587,0.8787548196351233,1.7561240384631587,1.9459153995661176
496.0,-1.074919405740329,-0.8183749775940273,-0.9701257894525402,-0.03153209650181191,0.5218938059244556,-1.1667302921180058,-0.5953742547903704,-1.6443474056736238,-1.717166470469113
497.0,-1.7097762180059868,-0.5679845411654796,-2.1527732740790357,-0.6411467502120995,-0.44300962029754104,-0.9949991947860723,-2.0000819870275595,-0.7727133899540668,-1.663372236092929
498.0,0.6513744827848014,-0.07177057483270002,1.2773100558800077,-2.145879355297846,-1.839353769821337,0.2860558794680834,-0.18563202464932332,-0.3368895401090165,1.370134791502647
499.0,0.7998794747303245,0.9235714539615578,1.2949999303921407,-0.9060537084880851,0.20594000175285115,-0.4656683905119879,-0.2146994991227415,0.11665673061885233,0.30755022807217575
500.0,0.0489580010455721,-0.3423434695725004,0.5232989033837058,0.6858357071754566,0.037000502494253164,-0.7272624338660844,-1.050357963033807,-0.6871510065978009,0.15447295095756583
501.0,0.6698306579200614,-0.055486988728794914,-0.7304908928119287,1.2951006550271544,0.3714726470812255,-1.2251375319407056,0.7985447814632185,-0.8428622188361816,0.09883348526475456
502.0,1.514121539215892,0.853887936072508,2.1317308324970856,1.341203519067776,1.5460422785989374,0.5390549203439514,0.11894799630674226,2.410621196979324,2.1306467095084587
503.0,-0.44790913213155525,0.2168741671302878,-0.4842170222291352,1.7474442471950016,1.5568410767198524,-1.3464066116196876,0.06558656215464993,-0.10507407366827223,-0.6940563948251993
504.0,0.2614052619702145,-0.9036682615598328,0.5965409887592906,0.717668581099041,0.9761809776249049,-0.4244672677939431,-2.270747070242087,1.0371046312341081,0.10970194317627639
505.0,0.8374797101983228,2.358129119783168,0.008135960002934435,1.4169351447352798,0.8605959628966845,1.463492444191391,1.152607125440261,1.3685784373282883,2.127778429805027
506.0,-1.265815238626027,-1.9447980337684305,-1.2529560064476195,-1.003269940785355,0.22222898860975235,-1.9128173084348417,1.0159498824164275,0.25590759252478695,-0.5618862814449732
507.0,-0.20640342424243172,-0.8937418434515869,0.7764068293852219,0.7621402295072851,0.23519437403290896,-0.43119384793925736,0.19711009929216416,-1.838980772110136,-0.598838026633016
508.0,-0.18724834337579105,-0.5965940543767683,-1.1144162306969176,-0.6447207447453912,-0.6944398858061827,-1.4531290568563449,0.5996881081363624,-1.1296867454550432,0.043789522565755155
509.0,-1.086954745817562,0.10958557655765676,-1.1693241750128616,-1.1473767636199785,0.32958618049821925,-0.3619951461407128,-1.5603695315035104,0.3508409027040422,-0.9766641531483794
510.0,-0.05277770435259307,-0.8541531292100476,-1.1523692419302218,1.09768423901029,0.36305335216285944,0.3029389350625098,0.04972702826212315,-0.4207158808122693,-0.008739853652963472
511.0,-0.7299230293459809,-0.4309208250573604,-0.15495223831556623,-0.5445614840661923,-0.4611555054222523,-1.145600558497852,-1.1179821707849296,0.291997758357162,-1.290806967847704
512.0,-0.5227424250273792,0.43259395965767583,-0.42749575358269964,0.1138817074033495,-0.23707856103646707,-0.8948520427717597,-0.3481097269709888,-0.3479868127601366,0.0385350006118352
513.0,1.7452168279179268,0.06950996355166426,-1.9891116625405532,1.064710406443142,0.9955818545072453,1.0911318814816033,0.8638784932449861,-0.1389533675175865,0.43623219111424616
514.0,-1.9142512989163292,-1.0011835162787308,-0.014418880761198873,-1.0745464533490034,0.29713534628149507,0.8665801565415018,0.5510492848031993,-0.40685932507190864,-0.679537978407018
515.0,-0.48235279481811666,0.4332181608483238,1.1963935390950344,1.5986627354055836,0.8730926264257236,1.7941394737034473,0.7408693755365489,0.13743086431379672,0.8220087188837201
516.0,-0.24284640743033156,-0.830591849576126,-0.6630252519546617,-0.6450757584172702,-0.6948731483240848,-0.9438668949284093,0.07829155921335461,0.17352750598800126,0.6361061893054246
517.0,-0.2946591208398028,0.655516160353694,-0.17214322617130837,-1.900408196772817,0.08178496940635659,-1.0007676495999873,0.13353705879942446,-0.8177105038582556,-0.7003539939921024
518.0,-0.08397573569498522,0.06379411791603351,0.09446024567116952,0.3874742586248199,0.028134980285940043,-0.27739242955566107,0.5836735687782036,1.0446757110896543,0.07493608077170776
519.0,-0.7123093177838659,-1.169384053944086,-1.767708231412534,0.9854797010397162,0.5360326647297047,-1.2940440669964826,-1.2962152995553335,-0.9406079533790515,-2.3193693370750985
520.0,-0.7895215972784883,1.7556618775197284,-0.25671542505723643,0.20348344404628496,-0.016516134938192772,-0.8505347729573677,-1.602420735858072,-1.0787764997018177,-0.7951306193417776
521.0,-0.9100630057380336,-0.027953862886751547,-1.0653893393162166,-0.3008179343896552,0.04430692759788247,-1.1041457703397883,-0.7310005881274292,-1.4353518265124567,-1.2439341252466154
522.0,1.6425223968519391,-0.5662984463039269,-0.860601919542117,0.17612972024257162,-0.145914944445389,-0.95422699525195,1.4416552464475285,-0.22387938606299618,0.36714349740389113
523.0,-0.728583886625545,-2.1645580250042404,-0.402516092092828,0.9960468803853848,0.6414060989740662,-0.6325781184872189,0.019567284290037353,-2.527441772736338,-1.3889763317488963
524.0,0.2745411693424999,-0.00195471470736805,0.5399127908557123,0.9999802434635034,1.9327171897506408,1.8580591180739385,-0.01217617490105207,0.5978550856538343,1.0215008315633425
525.0,0.8843985639425765,-1.485830224973997,0.5536723332455711,0.6728549043644296,-0.8450422850720533,0.36624301878921345,0.5349399456910532,-0.5368677853221546,0.14263583451558426
526.0,0.7561394078950909,0.5819291011108089,0.6370006717629386,-0.37689972813948963,-0.092383379886626,-0.7084252510025605,-1.4284854515289989,-0.46012705433121687,-0.782922147217332
527.0,1.4225660401106126,0.4193545943444465,0.00698305400690135,-1.4297933854332419,-1.4384563033825084,0.14723840074813332,1.4971108107797055,-1.0145784499446655,0.22210171346846205
528.0,1.4614887040560243,2.1223227794002164,2.2034704924056117,1.7516197850585433,1.1618757700550681,1.0597920826681424,2.076255603566016,0.7118737453325468,1.9092331108183351
529.0,-1.659142798745589,-1.0703935551543324,-0.6180869039837525,1.3733202424389344,-0.4099396787581676,0.7881050511927367,-1.7339746003285372,0.2817310979367738,-0.63703793299846
530.0,-3.095412761620555,-0.9090464031924673,-1.3263112339302712,-1.6619823934259594,-0.8204496191375429,-1.4462762870901797,-2.447619432264699,-1.7166659226710992,-1.5626474341383974
531.0,0.7230869317334141,1.460656800206495,0.8504069865367323,-0.5493518618684116,0.5287692022629329,0.6630394779280747,-0.22246000124004173,0.9075373776570744,0.9790212657698686
532.0,0.8137586301490899,1.0394005999114493,-0.5646985360243125,0.5631609490056462,1.4159930590780585,-0.18727904117123412,0.0019778352622150915,0.8361093279914594,0.40460366924209545
533.0,-0.49175676656986833,0.03614374248634691,-0.4391256471296485,0.30859502309446,-1.637529331081788,-0.305518138738893,-0.7596193905283031,-0.48033639809048323,-0.04938212509574295
534.0,-0.02937021434898272,-0.7935656448309991,-0.5368741343630532,-0.6883399238840991,-0.9559858834628597,0.4143499255942502,-0.1561216447926856,0.2138937449378326,-1.8113189235244298
535.0,-1.0923581573750636,-1.210283824639054,-0.9182509828433537,-0.6556830690144982,0.6082748844096504,-0.5914345163473428,0.5985102969192021,-0.6180152344832265,-0.665343825845024
536.0,1.2369528087252057,-0.5165669765306422,-0.929465957643159,0.36652343835108486,0.2575730499851261,1.1229322983238421,1.151047381189459,2.064151645955076,1.3029567978102596
537.0,-0.11149495660986446,-0.7209016712459232,-1.3815093462826382,-0.11624107878230241,-0.1514537056118034,-2.027513281023112,-0.1729422721525755,0.5361113103571133,1.0422210832657997
538.0,-1.7686123551204465,-1.2331650107000816,-0.9694503641408748,-0.5888812830816214,-0.8956652852808886,-1.0203355552492908,-0.6703360518962121,-0.9447583121881606,-1.5021541913635936
539.0,1.2587783529490195,1.2160402596895292,0.887335321377715,2.686484156144475,1.8316785877362145,-0.30338380364593254,0.04401076063775691,1.369706116920725,1.5494677132317012
540.0,-0.039467480165587175,0.19008447971363668,0.3825868729420632,0.08443659897118444,2.0245159788711136,0.6443685252004929,-0.33631307232430563,-0.11560991283227803,0.298116097390043
541.0,0.22659793240217577,0.7423780501173763,-0.9717474326669642,-0.3513648186377916,-0.32855692533311226,-0.29430982754288626,0.684861461316931,0.04776007854702598,0.841740373216462
542.0,-0.7900935840337208,0.6953297244196274,-0.7361135201826001,1.6923043217919258,1.3603444763450985,-0.5433208476727537,-1.1999132739299312,-0.08814314020541614,-0.12985365031530288
543.0,-0.06788685543675299,-0.1750371941862773,1.2125388432470252,-0.5878989073768183,0.36291789007056,1.3844756036138246,-0.36885918909379,-0.3959622699723061,0.7141308813201166
544.0,-1.3661278103980572,-1.9748650624137039,0.381755734293657,-1.3662244247977828,-1.05745134031259,0.025010015675385792,-0.977566829431489,2.1761489959933287,0.20428471172756915
545.0,-0.14087955562918628,-2.508602424735647,-0.18652698858971728,0.3706983506299046,0.8992168425011978,-1.48929314047485,-1.0066838407338234,-1.229508863208086,-1.6137041864392014
546.0,0.21313234692264868,0.34359540834322766,-0.4225328947985232,0.0725427976193486,0.5623607756985861,0.22124434859056583,-1.9637092487254062,-1.043045983130453,-0.19104356782511836
547.0,1.6456710437130777,0.2877846252924229,0.6584730261409804,0.0989139920836655,0.532966817137289,0.6034830589679356,-0.9687774497833697,0.3471342244547104,1.1981197908007246
548.0,0.8593451292907887,0.4056051589016694,-0.12674146662470603,-0.1596152831894209,-0.7781580604518596,1.3587202815653858,0.5693637159087486,-0.27600616687083257,0.25662241848379536
549.0,-1.2595245892058695,0.4097895449214051,-0.5162245563226623,-1.7134793725979471,0.04020472231553418,-1.2729178020576928,0.6091205017067484,-1.2177562257783308,0.07587146567087408
550.0,0.9951495123913521,0.43825355318701575,1.9454846108087245,-0.7758673743498988,-1.5350648125396706,1.1755522748405676,1.0424380503846826,1.2207086421535616,0.8788286756501126
551.0,1.1152423793012216,-0.9837131456380702,0.3691430280111538,1.0849479011276573,-1.1260172351121203,2.0085539002038453,0.6144350448625092,0.9808195557514322,1.0948598173822113
552.0,-1.9174447261751915,-1.8158434895518547,0.07143012584988638,-0.9570381137548992,0.6682195027412765,-0.8112431901632613,0.05325655884542712,-0.30966043322992026,-0.9753237057709508
553.0,-0.4062381461007313,-0.5187572083057271,-0.4821116664949955,-0.6047625065331707,-0.36043613158500876,-0.0779417936144378,-0.6329379364847325,-0.8577682221584293,-0.5354929605888231
554.0,-0.6236335811042035,1.903778315601187,-0.15948011645364707,-2.1177841588094566,-0.036744112041690986,0.7062232859845413,0.9262698099164016,0.7609327790939954,-0.04089350505415264
555.0,1.8812498750646618,1.5201509367077808,0.86525464744619,-0.39531073618459533,0.6502335725319421,1.3759719320276955,-0.24107782849937415,-0.51407732686338,1.8618440533313485
556.0,0.19262854782604852,0.16141867859532819,0.8331884714080722,-0.1100715452908245,0.9529845423033542,0.013614716498819053,0.054489497090878886,-0.017335338013400623,0.05732157358405121
557.0,-0.34730477790204994,-0.6783531663817416,-0.22936902639212572,-0.09106239006887816,-0.1958175808026114,-0.7242370543471862,-1.394413229193498,-0.5435720514374126,0.05813333328160807
558.0,-0.7569753276622003,-0.9123614220422883,1.118384971385678,0.0044615749180644025,0.3447541482832338,-0.2825996424822413,-0.9283666586796823,-0.7472381465278273,-1.0543275096533404
559.0,0.044112047187881476,-1.524482104654971,-0.5302859049944221,0.09294402720400058,1.7597052314675867,-1.0219516144452698,0.46123168583955626,0.30533174008123193,-1.599266928985914
560.0,0.6974000971357038,1.4480613373911049,1.3538343529685384,-0.4581067199001245,0.34570144185467383,1.8788388799157596,0.6309974327913527,0.22532817820241147,1.3580475894159114
561.0,-0.5473442571598048,1.0527023150345103,-1.2628447611321685,-1.098871055327196,0.2654737981351394,-1.1009871289260695,-1.0735764342371794,-0.7317219844069457,0.014670288246521107
562.0,1.7614058894978364,-0.07993584393042594,1.1926716289398245,-0.9086959316220543,-1.9700975188837724,-0.03898261519357874,1.2020236261219237,0.4959604264016663,0.8476304279761315
563.0,0.8265842073686609,1.549962024365258,-0.17518216275178933,0.16905899201192284,-0.5696944502362958,-0.8208467543019248,0.12394658640143841,0.6438059798656117,1.126833842151021
564.0,-1.5399620807684506,-0.4037647242494031,-1.6152124701479662,0.6428129954603315,0.5596593813025496,-0.13473846489933403,0.6016359220609718,-0.7603297643992547,-0.17556390959711063
565.0,0.7928074134758383,-0.8516021380025003,-0.25602663690387517,1.0186312061523248,0.2358131979090866,-0.033267387891311236,0.8058586932108002,-0.5181963885669952,0.4982535623696213
566.0,1.0786960131377643,1.34194942821626,-0.9816463684109136,-1.4323069322273243,-0.06340284847912656,-0.7143112768958377,0.9688870961336079,-2.0189991915697334,-0.11575929875676721
567.0,-0.539749707611123,-0.6300414796282141,-1.8564706047481365,-1.170525784715256,-0.982986040235583,-1.1979295469747546,-1.793360920591282,-0.13649161300671028,-2.964163779915155
568.0,0.041169561731317104,-0.6322649630695295,-0.6401222476205678,1.421349612405242,0.7571539435132835,-0.7649077302911014,-0.362444140800837,0.5323715340132074,0.3126654638010669
569.0,-1.5804250432480957,-2.277380628143692,-0.7629026393191677,-1.7762411992137264,-0.39695532147717805,-0.8540807498751237,-0.5204473069966995,-0.5240252475300259,-0.8328117908090681
570.0,-0.4239445228325907,-1.7140329190412822,-0.5403352497242542,0.198066971142473,-1.082465297169663,-1.2776929605202507,-0.18094762138775233,-1.2455238029277793,-1.450040022311663
571.0,0.1654069977377097,-1.4904370403408043,-0.6197520331001269,0.6429197235531835,-0.7910567499871816,-0.8363154413114887,-0.6614163287768597,-1.204631069454333,-0.6954159356087954
572.0,0.02617361197535659,-0.808066572408794,-0.4531965251338529,-0.0432144802668517,-1.0473814224831484,0.10232692425666033,-1.166846309584277,-0.7256247539251097,-0.244177815542381
573.0,1.5573445263893484,2.35508408449882,1.0721312575778383,1.121442283900288,2.419204746464946,-0.5701892378010182,0.4393301264648774,0.9570632318425409,1.3811132777639568
574.0,-0.36508481301788803,1.0388801596593096,1.3912059166065829,-0.4532355594418819,-1.2021004895355751,-0.45348093307373644,-0.5241336000697971,0.8918147134139895,1.7348062379272986
575.0,-0.8976393784271065,0.7332102663205456,1.169857408737744,-0.5016339308907036,0.8166403978528879,0.15939291827514102,-0.6743684286419126,-0.4608483286731346,-0.29681090664137555
576.0,0.08877202864351154,-1.3036184047282406,0.4616637322672272,0.9191727107669113,-0.13006848532774465,-0.07985773211601004,-0.12388151752025969,0.564584532485436,0.0850921392176657
577.0,0.1664649536471873,0.2980040616023656,-0.8667065645962694,0.9899968942773066,1.3500572267825173,-1.190857598407859,0.7650980534617071,-0.3506042881909591,0.16288205354208363
578.0,-2.0725630478854318,0.3206465942879827,-0.5556993108145653,0.9686894066932038,1.59790727693594,-0.4936797136475314,-1.5900237845109633,0.4361103629466594,-1.2128437511626855
579.0,-0.6924231559481234,-0.7458677348244533,-1.4600875173720151,1.0549523258097457,-0.19220761533430786,0.6820626193122985,0.5189866446356985,0.8553805689801135,0.06656496653542879
580.0,-0.08585278474318872,0.1432859937771981,1.1429340027916157,-0.42787624724973,-0.6033497377704538,-0.03629605335204795,1.4851507594477076,-1.0576322767263937,0.756130297777805
581.0,0.6504637467390392,-0.045861235201337495,-0.5344522137205546,-0.7165255826733572,0.3486379616923839,-0.5587051430846681,-0.20814745501859455,1.2102569445600306,-0.47906563921204975
582.0,-0.7816326531871153,-0.6290437694980775,-1.6323852201216071,-0.045435874509386284,1.140287523564185,0.8086319980440138,-0.07852153519955887,-0.5100119621342152,-0.3255753864262694
583.0,-0.9680217523833882,-1.7029603873069488,-0.07808643287453379,0.5679582459351883,-0.24864466406246197,-0.2992711866587142,0.7940883796302368,0.15030054386383201,0.07786256830273465
584.0,-0.11440452659573097,-0.008761138823240689,-0.03143327672688844,0.1423962658539509,-0.37033084221372126,0.7802662156229031,0.7684807743328619,0.4149974704546963,-0.07727180392904875
585.0,-1.9602408255228094,0.40567303875125804,-0.6090491357112872,0.8772327606076056,1.2824478027588408,-0.10431848065010768,-0.03543711234420194,-0.2545012246090389,-0.19541864851577428
586.0,1.2726573522102473,-0.554832601140506,2.501986606851857,0.3417650249623574,0.7618354325716095,1.3846885836754133,0.5622606603347312,1.0137154612233734,1.5689747937175205
587.0,0.17442244923093064,0.07311548103532729,0.8985256978824562,-0.16217939234391843,-0.6211313947319835,0.8337210183458091,-0.8070760860798517,-0.05089198872296644,-0.7253058216126896
588.0,0.07287363050178276,-0.04780426169133809,-0.2577158973793802,0.6030140575164378,0.09610999268866086,0.5547440507551371,1.0903284382094507,-0.8521567233464575,0.4344551881655231
589.0,-1.1327182781810796,-1.4272516075432278,-0.7137680177161964,-1.7088565978094414,-0.2128113589142286,-0.7701083089260042,-1.4848308063022229,-1.7461670885487868,-1.7288652450262374
590.0,-1.1632333092280205,0.33492648227347693,-0.21675810684798133,0.9091912252364165,1.6959813026209558,-0.6444146375894275,-0.44336155159903134,0.679252759029332,-0.6452054310088947
591.0,-0.4383682611512275,0.4943330592875553,-0.47572254485516924,0.27582543050531,-0.2444038114503132,-1.0153117392933615,-0.0047205672933869,0.6502271267436109,0.014219955182450034
592.0,-0.6780282563244318,0.5070447001437488,0.7762474551658987,1.2530783150643874,2.0254280269975147,0.2770456822739215,1.0281189041541874,-0.6115134925798217,-0.13970173176621528
593.0,0.0997339778270515,0.1362549135969048,-0.8172006104131402,-0.3948896573389392,0.2748430757799277,0.6293670819383175,-0.0015431390254259131,-0.6041697264610408,-0.05157195544030414
594.0,-1.3072582817605827,-0.14043327509578046,-2.0373101858474496,-1.5588243700140527,-0.29033666368747924,-1.9324537817488674,-1.146937370327471,-1.1516196268439889,-1.3741093747328736
595.0,-0.43553731037149496,-0.7659848097217742,0.6418973027550221,-0.2837233729138788,0.16890428554166811,0.9576903786025099,1.4966550561900747,1.4741592664080339,0.725906028735131
596.0,-0.17575656300491638,0.10712157845793038,0.16352824758917966,1.5444660628387794,1.9109367108891357,-0.7404797418112634,-1.1672089417907912,-0.6112581233470114,-0.6184613252852293
597.0,-0.8064886806218685,-1.2092526301046929,-2.8833485378948356,0.453805539883666,-0.4328948755430197,-3.1228568343878536,-1.191359529781265,-3.2628901972190345,-2.614051645159263
598.0,-0.7155346250553699,0.66832343385368,0.6586802180087458,-0.423766831306545,-0.8100948004988668,0.41629103987994454,0.670497070285126,0.9292584607818491,-0.2512821912694681
599.0,1.5188694242629703,0.29263774974770485,0.9215463141864918,-1.0531302420330333,0.49571043047297253,0.23498137963572746,0.41253795505414464,0.7540176968955461,1.1427577321063627
600.0,0.965063391929491,2.3489954505827115,0.2740538477301816,-1.1529354840923463,0.06667126659808666,-0.058001254443069,1.1691138916455288,1.538173482021627,2.2427687444943247
601.0,-0.8492244850237656,-0.6862928302775344,-0.6841161308172691,-2.759752468392491,-0.48165376681460587,0.019289512752842578,1.5581679940299158,-1.0272133515497648,-0.6081094664561327
602.0,0.8088361608376218,0.5076347120389961,-1.378442060188824,1.5270737098813927,1.9000844799681154,-1.3382473992167239,-0.6918198830128924,-1.0028852384440954,-0.6711232967009724
603.0,0.14536004260773056,-0.8828475588363789,-2.6449963548260707,-0.9781039586708978,-0.12433723685692936,-1.8830645062461784,-2.145341091090276,0.4123453864043923,-1.3239934576733776
604.0,-1.122583124460231,-1.6630856632759994,-1.6517968217057577,1.7782721427115369,1.338109689497615,-0.7049616900689817,-1.1463892193744298,-1.6325349285745545,-2.122539474433548
605.0,2.192936748373463,2.2906828374248924,1.6392802115742426,1.8067288896809157,0.6910867264446825,0.725146915369269,0.13122799623045772,1.0280868302313353,0.933997960969157
606.0,-0.21612533521602628,2.698731236783831,0.4994436050254714,0.7800799620134363,-0.2526539371078032,1.155033904950223,1.219321881511266,1.379020263964274,1.2592354602965294
607.0,-0.6768299926959366,0.03247862001153108,-0.7583881133500007,-0.25728310497930035,1.8550853912932943,-0.007855901404215687,-0.33021831629160325,-0.457772581671332,-0.21996154131928905
608.0,0.5790544268567555,1.0452807728014772,1.0395956331573186,-1.2936009909054091,-1.5462566970867158,2.6758279034101573,-0.8893920701154862,2.3745083436061503,0.7097506488080065
609.0,0.1423611697658691,1.3524439565554562,-0.13729839466848123,1.9920406768777776,1.2527976948215234,0.32358034930083435,-1.5063460512998694,0.11377167973203166,0.23334802891165568
610.0,-0.6836389693181576,-0.3282545022180604,0.13159959506009722,-0.823203844568253,-0.5811540843566363,-1.077272161324154,-0.90275273146014,-0.35195114321017495,-1.2989395492505833
611.0,-1.7227981747836774,-2.840629694972456,-1.823038332358896,0.3194867288825043,-0.6617472202470627,-1.5520858969795233,-0.7500750726338086,-1.1650987438446325,-2.423595160450307
612.0,-1.2198555789731529,-0.27006710961045216,-0.8345640892530992,0.546898128588038,-0.014448399455184908,-0.7589794568994741,-0.5875311025410856,-0.19392017523274338,-0.7580578321223815
613.0,0.5071089527590195,0.8692900307608136,0.46904164783636815,-0.9925928992986862,-0.3055353815441577,0.7691869230795864,0.6257184409332435,0.6476873597778512,0.6272812704093553
614.0,-1.8109315745645247,-1.0901362901488192,-2.6824770127828463,2.2054441794674338,1.2604358933202822,-0.5871664983427518,-0.37681018957909845,-2.3685364836818388,-2.1099064966803533
615.0,0.4242271444167006,-0.0785695797421363,-0.8914938274026855,-0.7789239978105577,1.323001665092259,-0.5516527330352374,-0.2828380653416397,0.5846811041240815,-0.011563491985518655
616.0,0.6138410528335374,0.6572462284160756,0.34714501633518435,2.139287650153896,0.9745720415074448,-0.11741876424941804,-0.1365453283598661,0.43717591792709687,0.07864647743634098
617.0,0.601299835482444,-0.26068439665518456,0.3539380946711609,-0.2115393158719475,-1.6350611714820729,-1.0025963081135318,1.581313974548945,1.325688797550307,0.5984200116323957
618.0,-0.5760099792754928,-0.6378111763500385,0.22918605735068592,1.0067844104209038,0.5913151283815101,-0.017405272769434363,-1.574116440260043,-0.3759240272711954,-0.4192999445664594
619.0,1.5902022930674238,0.7447841051773074,0.7665224455380846,1.9399121591536945,2.073435454156179,-0.6084883184226504,0.3177547965211486,0.015341358110980077,1.8927030107979612
620.0,1.0406614563853647,-1.0926801883815755,0.5565442864974243,-1.5647149375955025,-0.719720627393331,0.6633405031872553,0.11168747674547787,0.3621038254715256,-0.15387565731035574
621.0,1.0679296474237772,0.5023113597137859,-0.5499600846093894,-1.1378124637042022,-0.7384535553459011,0.5008562544305046,-0.0742242168313957,-0.5864403028730902,0.37541565463719134
622.0,-0.08488821873912623,0.3650685237111646,-0.45852984262218444,0.31842951867101676,1.1720451306292246,0.8204426718657517,0.5605625946164612,0.5034391097975943,-0.6030861848683955
623.0,-1.3364794418453918,-0.017632837153257263,0.3113825006168734,-0.5462180786312385,0.45431925276251994,0.8933357345850467,-1.3903168251292268,1.143891940721998,-0.4334765173521656
624.0,0.3615477351192052,0.4692572302801021,-0.02458455853838694,0.9104823484570073,0.32150156538733354,-0.1183787901759376,0.5064838238852882,-1.671446642414633,-0.15466571934890883
625.0,-0.12639035893012732,-1.5487155848955034,-1.9664218667226676,1.0013158416672396,-0.7773405524217291,-0.12242494521778068,-0.22734541521672338,-1.7020776583349824,-0.6927266692548688
626.0,-1.408710222936306,0.6045318136656138,0.21574316102450816,0.4752823119957478,0.8509210698214007,0.5947411233921,0.8366188791877595,0.32041243673441916,0.2867725686854074
627.0,-0.7868760488751,-1.2607959369910755,0.6785459273539245,0.23403395922612427,0.45088855443944614,0.2687031481234787,0.4284912407320477,0.6149636672628185,-0.4011708812640355
628.0,-0.5383212096314786,0.2671206143292862,-1.170610696424798,-1.7303637161196153,-1.8150310190397831,-0.11179109575656224,-0.27855708478089086,-0.6703431651064585,-1.269749537309399
629.0,-1.0151017854702316,0.5798161073832907,-2.2670681349493567,0.07168754972449566,0.8734891376694882,-0.1651373092692553,-0.75696602880003,-0.49653401504250155,-1.245772602606364
630.0,-0.3914095018319097,-0.31512612261666884,-0.36070062516456214,-0.4001362128862084,-1.253247409408569,-1.1699898700518416,-1.3193633641730909,-1.4348021585490514,-1.036809334267548
631.0,1.2217638699383049,1.4230642056435432,-0.6180269570156643,-1.3943241182911486,0.46642118137023075,0.029913445088949067,1.0370747909499314,0.02135822874518095,1.1442806951481153
632.0,-0.9066580592665052,-0.46968634925459457,0.9194141772398683,-0.5813185828439561,2.3218016508123145,0.2535179499716701,-1.1291786731537665,0.23260481510363645,-0.16089385605818388
633.0,0.5353534639247606,-1.0011199398689923,-0.8912714022497774,-0.42291035655920617,-0.6628737089011005,-0.2988917480394271,-0.7107526569693878,-0.8013543811489373,-0.6635377100436611
634.0,-0.4805304267129985,-0.3203785744839681,-1.571599427620263,-0.36761164811243197,-0.3833160713696041,-0.42795206783518286,-0.5820476895808069,-1.9982205535992579,-1.884298027907121
635.0,-0.06282707168358533,-0.23513426900763834,-0.23364929721622552,0.46603298618167616,-0.307148280740418,-1.284534461749882,-0.722018312465024,-1.1093942022602694,-1.0800453118584543
636.0,-0.42253278990728627,-1.3061132687110253,-0.5920847830491844,0.9827497217883745,0.12332432838475227,-1.0614853822030734,-0.2946131275215297,-1.4815836473067838,-1.0637103150424547
637.0,-0.059845447185701145,1.579948581125804,-0.3078006972284358,-0.9103144806230947,-0.344656887898808,-1.1110256473488103,-0.601473448239662,-0.016744014212213883,-0.6163202272407391
638.0,-0.5360719271716259,1.7848731026364546,1.0001314981801723,0.006161020931571012,-0.9507841960379121,-0.16375745199574052,-2.2113214972294095,-0.307288007884301,-0.13208252938128692
639.0,1.0487109899093474,0.3828654170709066,2.324821253660585,0.7700116085279801,0.6231669384325866,1.993187496348326,0.7269201327472908,0.74574818331462,1.2738235249323722
640.0,1.173131613287772,0.6961493322614649,-0.770397687083237,-0.27814035996279435,-0.915769825633932,-0.5844503324852215,0.7182324525386542,-0.7643677755645841,-0.13765645487900421
641.0,0.806255604192925,0.9481863657679955,-0.027858432166854345,-1.9083151916252605,-0.881439923826113,-0.8174794089112772,0.059057493394781155,-1.1038945616955649,0.4247040984436015
642.0,0.69141749067988,0.8353721174511027,0.3343917715074805,2.5049893360227893,1.854423604636684,0.06371320386535088,0.9675319975687208,-0.06324190837084119,-0.4691196241651604
643.0,0.8650477519815892,0.007662684461111908,1.4342227099649114,-1.054056171504088,-1.896654821594088,-1.5837232136224646,-0.969960005706359,-1.0705599698813006,-0.5016348721820996
644.0,-1.100534489007572,-0.8404110000725046,-0.07918266736536711,-0.20609601168408836,-0.5874951758982899,-0.44949579956259184,-0.572529028804978,0.2022739791196807,-0.6642874078889457
645.0,0.8321205008726861,2.4638719038412504,1.0499386203627867,2.319622003366879,0.592659360176902,0.6624872713303059,0.9884583585723002,0.8043257736604619,1.1838842747996123
646.0,-1.7139321863821602,0.18392241751641428,-1.5654156765094365,-1.1504384321121346,1.2777591697828101,-2.989021348994011,-3.1074231362040043,-1.2151452257476862,-1.9968406095138254
647.0,-2.3583187678416904,-0.23794945659555267,-0.24949848860362706,2.368306340740997,0.3496176947651519,-0.3294154842979205,-0.6141138908003794,0.2616214567292038,-1.8689691423328871
648.0,-0.18186595380204645,1.064477698312597,1.680021791479274,-1.440816377504749,-0.09957922403124589,1.3150982201259123,0.13938020371125978,1.20782554271553,0.9197700693439479
649.0,1.6224333663284847,1.7461088184665208,1.4003717841196177,1.109526117851998,0.08603143930691147,0.5806849345620618,1.568294199502594,1.168354677210342,1.4117358860043259
650.0,1.1073652429546446,0.05733249458417532,1.8745917728558623,-0.2914903168372646,-0.5384738847776128,3.084402518040473,0.7539527008857433,0.13236444819440096,1.7724822625110142
651.0,-1.5042178113430689,-1.1522844337985505,-0.25881849820939445,-0.16912778136137388,-0.05826081593409382,-1.2105241967268998,-0.3096009554250301,-0.9368687498616971,-1.4494304374161915
652.0,-0.9893750938575816,-0.5354703777386268,-1.0272765016323089,1.5699869848231003,0.4846353872726378,-1.5062335918603382,0.22620064723077793,-0.2515563537983385,-0.8830860131264562
653.0,0.06798041319827094,-1.0353500947691476,0.5891716539531684,-1.8143602914236971,-1.9969958318094554,0.8675006511058551,0.47423350584383106,1.2792659275852765,0.48568835194284654
654.0,-0.2750421995261228,0.2250789603707985,1.2305385876718389,0.2612306923489201,-1.077394819712828,1.3781420569450327,2.1016444571675907,0.7419456804990376,1.220734108883723
655.0,0.12822375204737582,-1.276797118938182,0.723738999081594,-1.3068744265487597,-2.269921081231717,0.40874864253341686,0.7014606253942298,-0.7100930399278439,-0.20960662246383177
656.0,0.07261585622455953,-1.268433802492605,0.7819876848695064,-0.9663130505154043,0.8533137682515185,-1.0331678531626391,-0.37512952610533545,-0.07761799824399192,0.1517453393641054
657.0,-0.27648024849625963,0.6794371544368573,-1.084297943122079,0.17625244677521518,0.24370871820649845,-0.4168227415801371,-0.4212683332128651,-0.7619709607293362,-0.24547057146266227
658.0,0.1866469089673974,0.40895240183984966,-0.20244956784865575,0.5667372976528454,-1.5387018907538061,1.9674154663253516,0.7190465389794837,-0.32997881723739453,-0.25932084459591404
659.0,0.8643979464353778,-0.5038471806022478,0.8596977808891134,1.1603757914659358,1.1633071995941147,0.055046949540125095,1.2196094728515954,1.6222875895846922,1.0764860844216007
660.0,0.3831701746303218,-1.0789448713688397,0.024560687787896503,-1.0557213160785623,-0.7967136537648971,-1.0161289436165368,-0.7331625324884519,-1.6292292300792313,-0.6191356410162905
661.0,-2.0269169500784034,0.14515305168293685,-2.1045672725340463,0.5970634436480176,0.5185293659963264,-0.2859427707364162,-0.8116421207665088,0.5416784506359213,-1.6754748649350981
662.0,1.0033292002419552,0.5284704973517483,0.40564387845781863,0.9895368214420585,1.0972383852460468,-0.913767447823337,0.2606675808970166,0.3905113828181265,0.4405204614147695
663.0,-0.9527002812525133,0.46110022153624386,0.11151624494836247,2.0269131097175292,-0.15218945781417023,-0.09167543645293529,-0.3948825387207908,0.3476167939732023,-0.016564117119356517
664.0,1.2468514888214732,-0.5503219442164458,-0.4893729553601518,0.06150414167497984,0.41041843505856707,0.031689883801125085,0.5607740843012048,-0.5028003271127531,0.9896676319688745
665.0,-1.630969558489818,-1.5475754899001077,-0.5385605743357877,-0.8866222905610613,-1.0884611541912974,-0.4793355433563414,-0.1857933832960561,1.0908270644692202,-1.0696662658580736
666.0,0.8389972473741053,-0.10042090031286217,0.912068751371642,-1.9997516063710594,1.067044609524824,0.5975627370095332,0.2951232639576065,-0.4638450376095112,-0.16690207172130758
667.0,0.4697827241393685,0.5916735934081109,0.5332308757886961,-0.1204029585197263,1.4991791142937396,-0.45393700286567285,0.8567259238798884,0.7368231725761344,0.7200827800274285
668.0,-0.701765964771536,-0.716493642705774,-0.4779700760325269,0.43681429775015607,0.9417340411593867,0.3748933267493857,-0.19100067071664908,1.4166591063930747,-0.11352593049852933
669.0,1.0790329662595484,0.2906596984333756,0.31596745354465205,1.377137855707608,0.48638768986955916,0.03202050728470588,0.879905932078252,1.45463503541731,1.2416407220896646
670.0,1.15610048641465,0.25289060299845695,0.7338285197489438,1.0335883872461602,0.49126835981388883,1.3620364321168479,0.2568011469360005,0.642533587928685,1.983089087122463
671.0,-0.44324609313031343,0.7897780014806726,1.2046992796619014,0.5240480905702464,2.2943908299226963,1.1792472981651079,2.082326269825168,0.09480993945018856,0.6507767771558752
672.0,-0.006414097770793704,-0.6655029626495428,-0.26510476177969994,0.3292247923858253,0.5740744371310892,0.36070517214570014,-0.0046144114538240995,-0.6854649087998513,-0.4608340559231781
673.0,-1.4855892631599463,0.05680527093332762,-1.036853817770277,0.5126415021991162,1.349435472693085,-1.3823983632975196,-0.8900634800224739,0.9637426768904959,-0.8359444925837166
674.0,1.9237399910213289,-0.058717746616139516,1.5106838844833665,-0.9518857268605523,0.833251553671276,0.6272518469085184,1.303118508018826,1.0668516678244848,0.8194264247033901
675.0,0.1586857882024426,0.7784055701028851,0.6567393668074806,-0.3006209709225897,-0.19824203473030913,1.370447351290003,-1.5651780415781487,0.3694690311888991,-0.010626267540976288
676.0,0.44551015841709257,0.32509541948404824,-0.3566429609892856,1.8965828355730348,0.51799934978976,0.8492547296023386,0.5046371711641227,0.7662866908939565,1.30736071433972
677.0,-0.19874167108655025,0.9989967898446508,-0.520143223474088,0.9355011004751289,1.0519637837187141,0.13847386405106646,-0.3931372458848411,-0.48571943165659515,0.0993637832734861
678.0,-2.614198226885666,-0.5964223090022343,-0.32556409861568425,-0.4123350826158569,0.2756418656782552,-1.6682946740638263,-1.1518876009998735,-1.1066573028160436,-1.7076454045315623
679.0,-1.8288596207771848,-0.6979197658651928,-1.6438453854860755,-1.4622561725265746,0.5804619536932959,-3.170805344710219,-1.9838117164400781,-1.3016906305491271,-3.175112139191175
680.0,1.2039670047591562,0.5381657527664876,0.6794031995758932,0.6839739192099248,-0.21971003243947834,-0.054208067676902234,0.567867727952327,-0.26861991410986913,0.5758402560963237
681.0,0.11951190379829452,-0.41880712018261024,-1.0980017321587439,0.5961742263216633,2.7651429054928274,-1.1057745329466324,0.3648823103289199,-0.33088768132705965,-0.6287077069017717
682.0,-0.3564568730561113,-0.2599874675809756,1.2198956030185866,1.322258753886816,0.5501741897701646,0.22115596820887795,-0.4776327771528737,-0.9435345163201728,-0.4973476746819164
683.0,-0.4308446085608931,0.3414995250880267,-0.2924813928368543,0.6011581889431126,1.3931383065790424,-1.8245666527949043,-0.4237644465139299,-0.49296101964205147,-1.1137322699122882
684.0,0.4962864091320493,-0.6063354055943103,-0.1964789721420642,-0.4217623726051826,-0.8260125672458841,-1.315824109296729,0.06284605443136848,0.2516866661203726,-0.467296254647363
685.0,-1.3451440951912874,-0.18634528115690885,1.5479051451048405,1.3562190475668994,0.8028050045307902,0.20280634868405042,1.1002434005421746,-0.4412524298582321,-0.48659140779710797
686.0,0.4044730646047299,-0.1997486697425703,-0.09297183624756578,0.8745573048951293,0.15205178522689544,-0.6810344702158152,-0.19373501624193548,-0.4640134863540305,-0.807603103306003
687.0,0.2813951204385852,-0.22786145043724193,0.8494668246006585,-1.6238877596357695,1.3252911403251388,0.06128285864772708,-1.459582416382717,-0.12914083308753133,-0.058663609423797655
688.0,0.5549639977882798,0.15847620377202284,1.885778746036301,0.13883111440165938,1.583707317912839,-0.06216043600842507,-0.04920696386163373,-1.6670795532326692,0.5879130135658643
689.0,1.1023489558330164,0.0848794390657618,0.7306763885847755,1.8524834406311066,1.1375733682133287,0.7875892238927285,1.409782168694042,0.8410923809562427,1.331874971217235
690.0,-0.33666407638092954,-0.7512695786602345,0.3627088203126088,-1.627008124690583,-0.1615751681200285,0.452510411304675,1.0065343199267638,-0.34811061953494693,0.6988234752923768
691.0,0.5901117345051868,-0.6964303573726337,0.2216293165093156,-0.2161203329698132,0.18068897230304784,1.4257081624639614,-0.44852951696109467,-0.0420335533267725,-0.035203706137221666
692.0,0.0772379279956571,1.5306716025700622,-1.018260159438495,0.2739165721457936,-0.700231116967895,0.7882999717097982,0.29801136037886716,-0.23332420205445456,-0.4035576109041595
693.0,1.8849180869552644,1.077160640573699,1.6536852275194724,2.9259312572903453,2.4354648453035166,0.925783876947993,1.536243417739671,0.20879537941624998,1.3629663408726802
694.0,1.2948531363248512,1.3671289670541305,-0.9943593358408803,-1.6909505108189506,-0.28261985846802223,-0.3267531488248673,-0.5325158152112597,1.1883125708617348,0.30892138500668886
695.0,0.5394425835704512,-0.7155721866456929,-0.9975749158458656,1.2779614538053388,1.2110964390607932,1.8380104442101628,0.16015101128646772,0.4821705750713351,-0.2687543769216643
696.0,0.7349955827853241,-0.29557330909608015,1.1712967680301876,0.20468839534930536,-0.14611521631272342,0.31139390820666457,0.712134523437908,0.9446684722307969,0.7141257626118827
697.0,-0.19547967488165655,0.6574049700605252,-0.39199745935017166,0.7310320429945827,0.4023454644051714,0.44208637567196846,-0.7935788212965155,-0.34269855689276074,0.2310936971892715
698.0,0.003752276405205614,-0.38194756211158815,-0.25663081856433895,0.8118587203323114,0.3008114619871378,-0.17734784305912357,0.30501071296776044,0.46141504954954693,-0.027927196680283414
699.0,-0.37320688546684033,0.07272153959956208,0.5952040485804404,0.7536125365782609,-0.9587468381957894,-0.9955027651986502,-1.105536763123839,1.4323247215057482,0.6385429243586104
700.0,-0.24445030006660914,-0.3797944384084335,-0.8377175964646644,0.10314330906789225,1.81686318997687,-1.3788692081905314,-0.06346338054094304,0.6113945697435829,-0.5593347691140804
701.0,0.7463092619016138,0.2851815042415467,0.9245051986059728,0.6399960214527665,0.383567677703962,0.12695454793901545,0.2962252341013402,0.26084842839675493,1.2009867899475413
702.0,-0.44717843813725044,0.036238594542003996,-0.046371883319583355,-2.6289535644271544,-0.2247889532261186,0.46926807104738394,-0.7665560181104534,-0.3793808463466247,-1.0055101564437074
703.0,-1.5585889570447793,0.08475109379909046,-2.469931722952433,-0.621264699867566,0.542137374688259,-1.0970294281296393,-0.766212327470661,-0.973942494388868,-2.078184347851998
704.0,0.6754514470174361,-0.32290506670193386,0.6170573999651169,-0.17214369765703605,0.9916006860714329,0.5199381293308025,0.9626511690192021,1.1904228172143407,1.3592454566777297
705.0,1.0566536805820008,-0.4632331756580081,-0.4494405945565128,2.0322097909805525,-0.7625648323809652,-0.11995908744599768,-0.20401401462500485,0.6531481851722775,0.4054384947899244
706.0,-1.304650099998759,-0.6351772703603484,0.6423285574288711,0.6251857012205474,0.4275464080904296,-0.5237255114840094,-1.6160618974748,0.19922858002385313,-0.9309217690938403
707.0,-1.9048770767925216,0.08712722851394471,1.2454294087535738,-1.1613264717867955,-0.1335220260802891,-0.8517540872275763,-1.5522853094829796,-0.38334151952152606,-0.989978191482161
708.0,0.07154665484515754,-0.06857007559222834,2.367330921917279,1.123081067557154,-0.6459061668142219,1.3373175741712866,1.1420778766906758,0.46862768685448297,1.4202057146679936
709.0,-0.4792885120577254,1.1757016390686497,-0.5966996246969267,2.012396332136494,0.9118895031659477,-1.1178048983457927,-0.1852739020356153,-1.3214977373653163,-0.010249831713956882
710.0,1.7337269415056036,2.001550088832951,1.8653727700133258,-1.0604592710830374,1.4417067357341147,1.2486028366135444,1.2737117318085378,-0.6250581327052751,1.8695805946625945
711.0,-0.18038665080116423,0.14033039608886147,1.1669412953255796,-0.34720235203018096,-2.7236848809630683,0.3166586742520555,0.12154218273172535,-0.9903237935539223,0.5275387595399594
712.0,0.10033863183849921,-1.655976585155897,1.258337890005969,0.49415415023438536,1.761067544351134,1.5648375939814654,0.3239677561678981,0.43851936621055465,-0.3588883633143786
713.0,-0.5563241048968152,-0.690813656435235,-0.04462526235600922,0.14299354856284358,-1.1961325016465143,0.23411302703886264,0.30469246401428646,-0.16676708394583104,-0.39536123655861916
714.0,2.22932982282549,-1.1551922442602962,0.19794973695292922,-0.7813867758845047,0.8072388281857203,2.2524879193971366,-0.6503658437065556,0.03352978131105406,0.2171762305050249
715.0,2.4187627259593776,1.1216374311020656,1.7055655287189704,-1.7267628662994456,-0.19136168845933704,0.8392641599040046,0.7777222551355195,1.5934101598973722,2.181495419794209
716.0,-1.1253906141191654,1.3500265448810211,0.3475535386500312,-1.6710923772973447,-0.9060348357322116,0.2843860877587813,0.9530728131763401,-0.045979337466119305,0.5806214548572851
717.0,-1.07756935722175,-0.2522334036565473,-0.2361506298690993,-1.051968318923715,-0.8030652153761314,-0.794387730301509,0.1589199834046227,-1.80808698749237,-0.3383188820329624
718.0,-1.3321251682065278,0.6176956670024734,-1.2943956940065062,1.7875607004918908,1.2217319091763779,-1.4644532182895895,-0.8956452516595994,-0.7078158537284738,-0.05500463472236133
719.0,2.5142973657731633,0.6926657297102695,0.9754477804409095,1.7438059698678623,0.17245171063197895,0.980800007751822,1.0847612253054812,1.6705317082143132,1.4930802905063774
720.0,-0.028051935422750442,-0.4681442133553696,0.36996341015360645,0.2872073395049662,-1.1187520416095573,-0.22502196397599075,0.5754649342070817,0.2864028649379027,0.0188882277990484
721.0,1.0543273184126964,2.030358357912752,0.7849744007491937,-0.10702525362047728,-1.2942495850040556,1.406435456767713,-0.24142990698008532,0.18736210143834434,1.997728317327194
722.0,0.4392941355585523,-0.4576866848935703,1.5031374733609284,0.697014578675576,-1.2394205991797809,1.2084651348601607,-0.6278187981998651,-1.3593827781078687,0.18474202260109987
723.0,-1.4097968769214615,-0.12697031075524237,-0.13714410891086143,-0.5415713219373381,-1.3336834405253095,0.07267361126258422,-0.8968266756643931,0.8018315443936205,0.1485016465339611
724.0,-0.9454974543314274,0.05540384684940802,0.9715081905012467,0.34883642562905254,-2.0122596530221193,-1.5418311414096215,-0.5931233686387802,-0.1660750093798878,-0.06327821830481334
725.0,-0.7223750077071581,-0.7588079488396405,-1.3245586779770935,0.3689887263679504,0.673285654667954,-0.5604443599728356,-0.7679464881116256,0.14398112516578368,-0.26096829509920694
726.0,0.46650825447399674,1.169908867016357,0.3752253973669537,1.6568766780699844,-0.44214331501641635,0.9948250563421469,0.4423740721770106,2.1932004143994686,1.567354430343268
727.0,-0.5707111435398458,-1.582385644023615,0.16561306991326957,-1.2146345482424086,-0.8640503366245498,0.6038383161474253,-1.2824626214347528,-1.3998220611136452,-0.26167329399150857
728.0,1.9597026755599163,1.2576878960656317,2.1187730083826897,2.686851400154328,2.0141113926167487,1.001266726256339,1.1982108800145226,-0.36204396929420124,1.5253728437018705
729.0,0.30315307060609054,0.3648944292531509,0.13484835330139844,0.9870653955665275,0.0635124106630572,1.5682677442785924,1.4456251204676893,0.17757108704828592,0.5640978223137499
730.0,-1.2163118968948634,-0.2363492616349471,-0.8603268930361673,-1.1977396699917264,-0.936528135284115,-2.1823085432236273,-1.5405467307460214,-1.9150108976682774,-1.5598889164130239
731.0,-0.1692011863227831,1.2847660970498673,-0.4098729238452285,-0.2630720551811463,0.027198756635319007,-0.7496517653010656,0.12364234453585786,0.05986390244435188,0.3692165093960434
732.0,-0.8204771742467484,-1.642411675410106,0.8010582651110786,0.03779766275110081,0.6795370739493092,0.6999426597133845,-0.24562059550731488,0.34564438581072354,0.17910573484716424
733.0,0.9384512686666728,-0.26510896987884963,-1.5515231175737407,1.804433271449391,-0.5374333852588411,-1.0402803524143502,-0.6596927454761371,0.5323193823965081,-0.9117844576700032
734.0,-0.08111142089084361,0.35566687628708454,-0.33068520786681044,0.14914393638623263,-0.14654257756846084,0.0788885074224668,1.1022154577307282,-0.1285799299174426,0.18023229309254482
735.0,-2.686142584454689,0.10276767386644245,-0.2345107216005898,2.2053863455671303,0.19347283752319275,-0.5845606752589868,-0.39926381151998136,-0.6683816520106306,-2.1163866766219277
736.0,-0.3349352118607302,-0.9899470441388507,-0.39413841646475184,0.017282972366304074,0.6602686795388825,-1.7808551085484223,-1.6145366720377357,-0.1902653365400646,-1.2015859886034266
737.0,0.05202203433677631,0.7686278266952248,0.6271240921034943,-1.359391858327939,0.6213475654901837,0.3392682174523739,0.4214181937993232,1.1290066428324175,0.5690089706957674
738.0,-1.2876742099843017,-0.14475107035391657,0.9268767433075807,0.8509786154635327,-0.25659837581211287,-0.198250342327409,-1.2015800382999589,-0.2795235348947887,-0.801854462977679
739.0,-0.18662536904747742,0.13024357498320457,0.15350524406695065,-1.6994902991122758,-0.18831723836569755,-0.3084105980628321,0.45794619138789155,2.2211851608735675,-0.7907900657626405
740.0,1.1905928286144023,1.0917828746108815,0.41343579669291347,0.7527621243528302,-1.3751317698889713,-1.2447261840883714,-1.4327269274266836,-0.8543427246389599,0.09653202245725734
741.0,0.001414726883873672,0.2800435215962186,0.3618614986026976,0.6444673835633036,0.9105495498431512,0.10867977087115273,-0.06729841591474953,1.3528083462011464,-0.25623569180717737
742.0,-1.3113862257226085,0.3104473762945459,-1.0922982457139405,-1.685109991890174,-2.1268795928214232,-1.1608655623849646,-0.5375893841157192,-0.9891552058287049,-1.3447351283098357
743.0,-0.18640574322408687,-0.012298885005850623,0.6082026903521878,-0.25868196108550456,0.05287599377064362,2.2052996168709544,-0.5208543552132875,-1.4748496647912974,-0.07437714394179525
744.0,0.12491647408561285,0.12864916445428154,0.10095555421808636,-3.231496450712325,-1.564207183365064,-0.030204164699049282,-1.0599909001792678,-0.3848651268222666,-1.0868535419053909
745.0,-0.5026800849211139,0.9108309584681401,0.8231401531340575,-1.0892592733093316,0.12776693634835834,0.4523360549749806,-0.5884798032839748,-0.9171738942374147,0.06629240911980214
746.0,-1.8872231120568717,0.6586030667444509,-1.8866184971464595,-0.12132749023051907,-1.5589003782885693,-2.1869619329775483,-0.9749509297258939,-0.8871238956049522,-1.3816524096308846
747.0,0.7081358777691209,-2.0744402767442605,1.7798795499204145,1.381818161563278,-0.040443244133048235,1.3691688199910175,1.3674478484882246,0.47275459339887166,0.2920163589761634
748.0,-0.10993451633143694,0.82241227465432,-0.36469792338973567,-0.7608827964813953,-1.0608743221907964,1.5728355527618545,0.05474636640597317,-0.845026742400743,0.5935335000491238
749.0,0.11776464301364335,0.11650702908981247,0.37323088329679105,1.6613821478661983,0.24238252928359538,-1.2472859727878707,-0.36820260033871044,-1.7656229164539126,-0.4156929803282823
750.0,0.9316881861592865,-1.4224702363834747,0.5342100542156532,1.8826952932848635,2.249084670708451,0.4936339463473131,0.5441016414517579,0.7201838209878487,0.2581470158849257
751.0,-0.7966745985759965,1.1627406233478836,-0.20460928627175853,0.27781925946038694,-0.5502502433267719,-0.8146423438702398,-0.1373666391067309,-0.37387941184070056,-0.18513546490983993
752.0,0.4684912372270268,2.3795887822914383,1.11599501812748,0.3316029818614658,-0.6491999395689304,-0.32196609733178155,-1.5530871072370258,-0.03981072850004241,0.7624178199937064
753.0,-0.24624817110962324,-0.7042042889254959,0.4506041586281552,0.01168364862613204,-2.277040567537502,1.037810389481251,2.901864969988666,1.5271054400193225,1.2972087761749589
754.0,0.12101593540356648,0.6086618544993803,1.261184244054943,-0.470167466633236,0.7964644212312172,0.6049918897728545,0.5912953643435217,0.9981297115203769,0.09662221377132242
755.0,1.0310096231906731,-1.5482527682622123,0.49297769085768883,1.0341209942718235,1.7846388941385665,-1.0341265810212261,1.1326894052738967,0.951346657583857,0.10980433065471272
756.0,0.26904814002233185,-0.6196424613274141,-0.909396899228971,-0.15875703650002226,-0.8063230468807514,0.04052721821365261,0.8428269553524754,-0.781498013969184,0.016819007545395188
757.0,0.09912946833213956,-0.7332085753688519,-0.34364458957123195,0.4157046576412781,0.5073246076771489,-0.2738955206161859,-0.27274862171231545,-1.9251781754543342,-0.6022495428377401
758.0,1.9693952657485547,0.31374366487018396,0.3146051291248455,-1.4534119763570998,-2.718842020613841,0.63018227468762,0.23270438290186385,2.2649413016902105,1.7140470165308517
759.0,-0.036059828360994715,-0.39242624983502955,-0.397948892835398,0.7626114908848757,0.961385457648168,0.534889994476562,-0.6412300214628535,0.6514272345757645,-0.06055215558228471
760.0,-1.0457033693980926,0.2624143230107142,-0.4297998664818197,0.2559905858014092,-1.257373009341874,-1.5750656811384365,-1.290262551201818,-1.4085909433417108,-0.5257671905451005
761.0,-0.8572058415808016,-0.29149386423652,0.4422081696953895,-0.650007304797206,1.5689964271195267,1.368032016376049,1.397700368939863,0.4491697181055388,0.1648205341948218
762.0,0.5887913361128893,1.3721772291364984,0.5791411704975112,-1.0703082746902697,0.7190363162834174,0.9487161530010175,-0.2574791122954453,-0.09988828881726021,0.03679413391909595
763.0,0.04355680501693778,-0.0894593795786378,-0.2312107716637775,-0.8861285142799732,0.13363382080055078,1.3220258081721958,-1.1456025878086686,2.8921430476826786,0.9425430959939658
764.0,0.4501757472210314,-0.5761263231184846,0.33749731152113593,-1.8244638663979944,-1.252485635777121,0.22782139690056238,-1.3851560278851793,0.2522991934540312,0.09697384216524485
765.0,-1.315023578114796,0.4523560006198916,-2.4470847384744854,1.4167924765124937,2.180745226171012,-1.0192848193947528,-1.3013604315553213,-0.17159373017229934,-1.1763318142232035
766.0,-0.5965256545120582,-2.1518832264098857,1.2745656269127261,-1.135269491692174,-0.561052074079286,-0.9199245339290972,-0.13466919754973583,1.0923214786047728,-0.22007530760922672
767.0,0.5313814708371933,-0.33845232845961937,-1.415950673995788,0.21832006296442602,0.6574675346200828,-0.6713016660727819,-0.9551086456085051,-2.1528253123759447,-1.0264455514318627
768.0,-0.7787202855666859,-0.3790105500704798,-0.42828417651586587,-1.0873066525028985,0.910726111913723,-0.7502994834065796,-0.941447762428762,-0.8397912686301322,-0.26981049405695934
769.0,0.3058513728470072,-0.9083915858681162,-0.6206967520187537,-0.5131795942894969,-1.1217729875470643,1.1008411527130533,0.37019661278485705,-0.9235728236114251,-0.6201317995265301
770.0,1.4841282085629324,-1.347095343239705,0.7148210946059979,-0.9892182090703093,0.5240992580738534,1.379745890480929,0.7690923321107763,0.35553464141455937,1.590180692028342
771.0,0.8076138826134318,0.35493236026969516,-0.3796429597671379,-0.40009921921167685,0.623386935445157,-1.3146802578016654,-1.2461177030437138,-0.9652466620778463,0.1989849874622875
772.0,0.24194324588230912,-0.4250210024786483,0.6434095732657827,1.0210687139076573,-0.2947460402250815,0.34454484569714977,0.094716003409545,0.49727031432236163,0.10999332190533466
773.0,0.3788596361104221,0.21007805322698267,-0.39411630783333834,-0.723978244375192,0.4457020624089672,1.7257839890492592,1.1585299987429423,0.5062313106784703,0.7656803789595759
774.0,1.20673067005234,-1.1335719967666338,1.5142134092345956,0.9407599592061084,0.37674950788454087,-0.08080399253426704,0.5423237000214852,1.3776849413743772,0.5216556842632653
775.0,-0.568694300224685,0.20839452132006936,0.0971428484357351,0.49826467985849865,0.4458351097946305,0.11137564509006553,0.8329909921020708,-0.6210817838804356,-0.11880987789531862
776.0,0.7522493360490116,0.689863363477124,-0.423259392295558,-0.17739097798819684,1.040337787309327,-1.1444532880480665,-1.3227404379564691,-0.09049491800086396,0.33225221188304044
777.0,-0.5370417387540893,-0.19184712640666982,-1.083667797032974,-1.200579879333751,-0.2240721562835176,-0.37710338416672834,-1.561263550961447,0.16166971688383563,-2.3941411467068985
778.0,-0.09340484247435722,0.5477451267816785,0.016197978848938484,0.4456309624041423,0.9637820915674442,-0.01163313073246265,-0.8263015857558562,-1.4776551820114157,-0.6771295084276342
779.0,0.9302148481124998,-1.3982312431572235,2.0807888987123477,1.2626823280641035,1.8974319682946852,1.6810003858268363,1.368897688976033,2.14648892145227,0.2315510607908796
780.0,0.1115665694547287,0.824455294233889,0.8070000866512044,1.1314694266178336,-2.138185057493619,-0.5432102237560522,-0.7481681226508673,-0.004275162203228589,0.5100843323111848
781.0,-1.365264597781476,-0.40675002323929105,-0.7321165953673058,0.7677470398587276,0.0496031375581952,-1.3093160897698402,-1.5465682135658103,-0.20276643442010417,-0.8316375557495519
782.0,-0.5309194543132594,0.2881132435766358,-1.7029520648295144,-0.6024748163714412,0.5712293598582057,0.058783165842111705,-0.05329038250237802,0.8361761130018748,0.0649170968680856
783.0,-0.7003715889140038,-0.6141016192865,1.0719897138462986,-1.0251775143332877,-2.0263933400110536,0.3827384004147445,0.3007422675361653,-0.3942182926122165,0.016094590083699362
784.0,2.3186274093910617,1.5092520940319187,0.4651440484947739,0.5839035778474119,1.2222500917645076,1.0233562354448495,-1.1948622808998717,0.36464961866006534,1.3471693819818267
785.0,-1.0826338982619552,-1.2693415468770746,0.26244912895884825,1.4693137340349858,2.2390951311212857,-0.3733894305704994,0.0975096901870112,0.06034558033085476,-0.36607941590481036
786.0,2.829672850183852,-0.1716372858192816,1.0094459104530473,0.1929321226698844,-1.8403955842801374,-0.04485456010560432,1.1524385689206054,-0.32914901732405394,1.2328965005593553
787.0,-0.5288564337480869,-0.34305802360820875,0.11783069907218888,-0.16352409671786872,-0.3741333579631113,0.21660773366485825,1.7243180621078396,2.701753504502016,0.06052338588075052
788.0,1.2149098557714095,0.007299158321731238,1.653701904735429,1.4830885040219615,-0.2854708136984947,0.12970294976634525,0.8591434957731181,1.8675524170898874,1.4570206602657363
789.0,0.18315687907971193,-1.6514566991836541,1.5265617402189786,-0.8587713975884006,-0.17443830588429116,0.8313528933202005,1.8979568255379886,0.006707179080328061,-0.0339777423961513
790.0,-1.7372534672178293,-0.8846971698002327,-0.9185558116350419,0.2071674450706889,0.26163493349794786,0.3447378253455693,-0.44549562947646837,-0.19380025159263442,-0.14742505651434443
791.0,-1.8214092963007822,-0.24411913658534676,0.09339874470793443,0.938628792962633,-1.267959412834104,0.3523859207819768,1.4204947032826976,0.6745364464013142,-0.14701273076166657
792.0,0.9506217450472283,0.7087425761330641,0.30401954521931945,0.22553633047964972,-0.8229954803943005,1.985884496549376,-0.3479461354409605,0.35448581935319623,1.7663215794161555
793.0,0.41780792371361986,0.8989545583231077,2.7266157172738503,-0.9254799432597965,0.6978228943475208,1.1564294858548445,2.0448181610137213,1.355166034465631,1.9045417420954402
794.0,-1.2404042746789958,-0.3823881602168278,-1.748123748906185,1.2300006437899567,-0.0006047850717099517,-2.890316177769553,-0.8101566169903797,-1.4062340128965716,-1.2494289387001984
795.0,-0.47070500485738487,0.49578971012308715,-0.21448208205963729,0.6929785166953775,0.06127828656325115,1.0082753682807022,-0.029764199687003428,0.9789158773622385,0.486590677772684
796.0,0.9719800039509622,2.287770200722147,0.6887302375110502,-0.18769174369048325,-1.7004781427482962,0.06025263421301257,1.0652749343799222,0.839388398389795,1.1284153324077675
797.0,0.8728023253715729,0.34916090981514325,-0.09247280139927097,0.381280150379099,0.5158659362890587,-0.3443000193255839,0.22538224898418563,0.2945055492462997,-1.180286900779122
798.0,-1.0160743324807564,-2.063375497370537,-1.7096080976664578,1.2207003129608998,0.4412933623614508,0.8948102603189638,-0.06540239643825392,0.6907016956140258,-0.9538938218189995
799.0,-0.15126110890666758,-2.146750381939356,0.8846842356973971,-0.49758202524120104,-0.651729802899316,0.8445080848721009,-0.796960944626975,-0.04257846110253961,-0.12692699725935427
800.0,0.7509153236211102,-0.46991012853505776,0.34121037016026967,-1.5255886316217506,-0.017190720988230702,-0.19817919168491496,-0.3680556389680086,0.8991033157752412,0.9569316906606468
801.0,0.14476752418360445,-0.29565337307927386,1.5719783011462556,-0.5447026315374933,0.5090974142394887,0.14608005233004687,0.8827685290929943,0.9711315066359484,0.3311319738342182
802.0,-0.3319741091995602,-0.3443633507443791,-0.06023678369253759,1.6355713231978632,-0.8810977908777718,0.7523372910585894,0.9061563147065219,1.608863897181695,0.3869435457659004
803.0,-0.6462880232209799,-0.9033709026356905,-0.6479724433797016,-0.7887700370290418,0.9325348524858791,-0.5013267408851647,0.34092447298280515,0.40681135736837554,-0.1377037959506918
804.0,0.38191361609398894,0.6433770701924652,0.3311992878523604,0.4209660148264428,-0.24462378177626043,0.6186501494204858,-0.3942836672982274,0.18958696625863805,0.6249586561734798
805.0,-0.15687041113452346,0.2001016441310742,1.392679002069432,-0.16149595293778618,0.6494033100619946,-0.1101410977350041,0.10076069078322294,0.030224065620744527,1.0450354869964167
806.0,-1.1446615885930256,-0.855551098099857,0.20781650519556932,-1.4802850233668952,0.9426135685103116,-1.3936430692227255,0.31591595741225204,-0.6199910447392515,0.07283053575177428
807.0,1.2874827260303712,2.2696676320731153,1.1925370275857359,-0.31769741998037393,1.0712824304428221,2.1233901466294594,1.602866059330142,1.8429401140525008,1.2202505506309045
808.0,1.3489298868513504,-0.02200566914780986,1.286008520053144,1.7684513980584085,0.562203621383811,1.4419894296536984,-0.7806729000077676,0.0007443474111976763,0.6848444956872578
809.0,-1.5280326575960979,0.7774630865358145,1.3511783543157598,-0.6278888539628374,-0.4686099577866735,0.6012080851440946,0.22265427728276438,0.14951843067178128,-0.6457859322146571
810.0,-1.166119355154714,-1.5403391124101529,-1.0874608262241308,-2.4805498828454597,-1.4816281357745633,-0.8205429000660202,-0.03610088331437305,-1.8362546885150652,-1.34215997599532
811.0,-0.02410141737358942,-1.068201439765907,-0.8409049213177852,-0.5674220942274952,-0.05093499092111249,-0.14491426112937358,-1.274226397784789,0.3743688488114735,-0.567689348627924
812.0,-0.07539015048383828,0.19499288545682997,0.8985246337684798,0.5430966347891363,-0.05823856760444171,-0.47381887649338045,1.0513380198282574,-0.7983756549147922,-0.18077741930172406
813.0,0.0708250490883299,0.4704544799957257,0.3917567402012009,-0.6963050983767245,0.3638092349268314,-1.1634442995020173,-0.7738231049286424,-0.9397035834645159,-1.1074038136315134
814.0,0.14127876055197724,0.20538769580275917,1.3241526340249836,0.6886167199083982,-1.1011957462219333,0.1446733812805341,1.1361406807720695,1.288314979872988,0.8669363345316412
815.0,0.19427697117600246,0.8233888052346885,1.4374993583710012,0.2578436371993516,-1.7740788491436221,0.09506986556955167,-0.23849747692787718,-0.22282242188760554,0.0879605289255944
816.0,-0.06676050759332743,0.6129532210207587,0.7647633011075642,1.4832697899782559,-0.1888435129890826,-1.7055049479117865,0.8110652096844386,-0.6035128731459822,-0.5046757689924424
817.0,-0.6294473918272738,-0.6269256550037127,0.07637925958199174,-0.4201808897811538,0.4599901602971152,-0.07019915369221999,0.008900329046180452,1.4900340519950288,-0.461092533087634
818.0,1.5139908879020603,2.199728824940442,-0.22889374197275117,0.1166337939634475,1.3342578897273254,-0.189265013309689,-0.07621251713406783,0.4257431767541005,0.7610183721768417
819.0,0.47075099647021196,1.1634936936351385,-0.10861641043116828,-0.6858052316100142,-0.004322483664473892,0.47865799795832414,-0.8073609855225283,0.27473894784029557,0.3182755841127008
820.0,-0.6408516908334417,-0.3862468774259852,0.5649101439012694,-1.0420591439523077,-1.3439229176261573,-1.1012542873224216,0.1933222076344539,0.19542252225296766,-1.0380618034205387
821.0,1.4751801798668984,0.27096516586140135,0.8079490701916586,1.8546234772285963,0.9049060379284167,1.4597129973971124,1.5530617325505631,0.2846412321698366,1.4495573479078436
822.0,-0.19823814490997343,-0.024733565766183983,-1.8713290505397655,-0.3111879827056125,0.45159683824323116,-0.35622027971513354,-1.2067428503730262,-0.6902382290736967,-0.3681784920710151
823.0,0.5298173779922616,-1.3048265018650866,-0.4253073602397498,0.8729450642146246,0.6701866146396531,-0.4476213911538277,-0.5082591518549934,-0.5803213907464095,1.2008421530215445
824.0,-0.873531330892879,0.018949550052978933,-0.9082011773137278,0.43444415346204635,1.4903240343121775,-1.3132328719171305,-1.0106777520488597,-0.4683508632172283,-0.7221973721788767
825.0,1.540551377519412,1.0743037781706708,0.810221871910432,-0.6051142546028034,0.11917927420457185,0.10095617406570967,-0.7437260777717664,1.1053365265415247,0.8321344633624747
826.0,0.15385653626989193,-2.276690597838422,-1.5339569109756772,-2.2158101353461266,-1.9855386530333707,-1.6387102594777938,-0.7102540980021993,0.173295199346534,-1.6375838534040716
827.0,-0.26386743625628484,0.038691124341091156,-0.8985533889136842,1.0728158815465383,-0.28903983583571924,-0.04482069340744924,-1.5069959069145664,-0.5535941948240061,-1.48243992810675
828.0,-0.29579036275897885,-1.7032328065507605,-0.03720968951370131,-2.251748314173497,-2.998399978121205,0.07451179918063532,1.1080436709892716,0.048264862641398516,0.1294004718408696
829.0,-0.5772104871699704,0.845197356481285,-0.8395376819484404,0.326153653592331,-0.9343943047817479,-1.2217069620196055,0.20195933859711096,-1.819722028527629,-0.7495057270197582
830.0,1.4586785519058714,-0.7128350460110312,-0.09793050454951212,1.300340726476119,1.120680535327277,-0.044822676678855394,0.5573464038049131,0.25017855565291647,0.32633061871137853
831.0,-1.108659060143233,-0.08447616385130552,-0.41175136038808663,0.3311389509008991,0.26527322624926486,1.0493587133424263,-1.029563851877144,0.45602781202523185,-0.48641372054424575
832.0,-0.26304306244695175,-1.1040053254277664,0.6829844819462781,0.3604458611939167,0.1403469384993097,0.2785792649434183,1.1608462253320606,0.5669769047549023,0.4810468411195584
833.0,-0.3707590934265237,-0.0964270463197676,0.25043233321076175,-1.5296305098303586,-0.9000210075243711,-1.1473830809856718,0.3060354703282557,-1.3579425634633953,-0.4867323657872203
834.0,1.0972972542488975,0.9548447818167493,1.0904574396936542,1.2907385648463627,-1.2800515364136968,0.052019487233088434,-0.9954505081166823,1.9101631004017718,1.5891850723996246
835.0,0.33927298518579674,-0.08393750676335428,-0.42693255232932587,-1.2289294738490208,-1.4589771064016377,-0.4877280807081335,1.4314693101260263,0.18129759372348328,-0.39940243997146446
836.0,0.7403979377811635,-0.0018381520770470643,0.3091226629190605,1.806882028357235,1.5188088776692812,1.0549368134489923,0.9811151365763169,-0.6731671682265484,0.838155983389156
837.0,1.5636017734964085,1.3757422831570145,0.8666017766800053,2.7130703979712325,1.6669502937540215,0.34551281855754773,-0.6873627951612765,-1.7770563812378126,0.45522486211626934
838.0,-0.06240610195076975,0.8887356206246404,-0.20566090342395668,2.000022606838221,0.4373180044144751,0.8973228372435895,-0.4682159048482367,0.11859530748218426,0.9500042390804426
839.0,0.3431500278810771,-1.1896441197007546,-0.1094535795391289,-1.55481053698564,-0.5229691353577257,0.2606210586911918,-1.6287838207633674,-0.15222663775050294,-1.6450088537398995
840.0,-1.4978782405417965,0.8566689152452449,-0.19809354586015882,-1.580711883027856,-1.6891846683330773,-0.0726385366779133,0.3448684130286233,1.2678076816921318,0.2634601237151894
841.0,1.024542510921359,0.5142149814267405,1.2341935702092541,0.7688466575722419,1.008162928835597,2.2068154535477937,1.3845289657881485,0.459126039539637,1.375946913663211
842.0,-0.7730413712337069,-0.02902582419327283,0.4472180170426322,-0.22930443657893854,-0.82621606884035,0.43660295639658975,0.6096668726553506,-0.4639007370045669,-0.14571169697983014
843.0,2.1146213778980125,1.2663886312438848,2.1588396497201265,1.2712609418427079,-0.7286161936508587,1.8692132306881306,0.8677410841495037,1.4923476746681663,2.596286709023957
844.0,-0.8201545339190095,0.9075565283896431,-0.3256537949325152,-0.25285018672479537,0.6230333431973759,1.2809777002895435,0.4466347863937176,-0.7145189995416514,-0.401305824124774
845.0,0.13198403166302408,0.04254240174472301,0.35560678233344256,-0.13945873558366087,-0.06939672119416264,0.7939340719370377,1.5791865098828448,0.09347801839980208,-0.19839846760621405
846.0,0.6111032117534819,0.1922796504806859,2.38356266748641,0.022598154986663607,-2.2428373248421796,1.0376231833316987,0.6510982242905989,-0.8171983678922236,2.0764187565238785
847.0,-0.6395114199489103,0.38856288715919063,1.231821377124063,-1.3227132922039695,-1.011721248319099,0.8803195814993968,0.7742211109313508,-0.5243774878822097,0.699878380951678
848.0,-0.8638294167766266,-0.6907232097023114,-0.12359754330771455,1.7738237175524874,0.17329477579986804,-0.14354966605301647,-0.7410071947229592,0.4335973838283158,0.3535385684973456
849.0,0.5314665426923976,-0.1744255431493475,0.09309425837172866,1.0425609671852667,-0.2671682447734507,1.0941577110283023,0.32903871326030576,0.041519760128732174,1.5129557117122951
850.0,-0.6628547842297187,-0.9643363801740001,-0.43487417042048504,0.123638344316932,1.2188710624340262,-0.3604114872707058,-0.49224279727430464,0.636785582189772,-0.14993285036077617
851.0,0.10440498545829446,0.534418185851515,0.18312555681735954,-0.19396529143862812,1.0290428466006296,0.34209936974953525,0.013100604841731036,-1.0656597570557291,-0.16995637384083162
852.0,1.3476981455719672,0.902517001316847,0.7946206452977053,-0.44415089029224386,-0.22884951118030983,2.539783359177793,1.6162546681477357,1.735957971869292,1.9489525747956944
853.0,0.5358593901399675,0.11458293615793677,-1.799642857013297,0.36425131128495314,0.15802325232637737,-0.8284814073865575,1.1194062932045103,-1.2160679403279375,-0.9527722145351261
854.0,0.14400160781424415,0.8012463104986665,0.9830443143277091,-0.4885407321561907,0.05062462159962247,-0.15515864551327777,1.4045101866055043,1.0942281156236242,-0.21266300804889332
855.0,-1.0979225723694297,1.4730647831510408,0.4214375836285412,-2.2188643034541737,-0.24760546136744926,-0.45729285693137334,0.4781018450614433,-1.5273281767342948,-0.6469422725314358
856.0,0.6078192886806241,-0.9176810833128972,0.6183187441859316,0.5527456144655256,1.292788254845322,0.5407039608514419,1.4333849326151278,2.173191493014206,0.9555306448178824
857.0,0.33673899965174686,0.793721821347233,0.14389880336453859,0.369430392717391,0.7286923122868596,-0.736755779636566,-0.41516128651817197,0.42666913098021214,0.8223563674413711
858.0,-0.1365803783506843,0.5235715883512685,0.7721780882871188,-1.089147141387294,-0.4332428315028762,0.8105584293237991,1.6798550112675446,0.45905928131636126,-0.17542383267219017
859.0,-0.03300305600237613,0.8522397002135778,-1.3761589810515336,-0.20632287401296373,-1.0684050326197825,-0.043122552314807994,0.29641306159036296,0.18354641257894896,0.18950296405180195
860.0,1.235359114886317,0.2438004441479649,-0.8867394347024609,0.613117072918272,0.3954229634649376,0.4698994769217861,1.308649490254616,-0.2815264573824626,1.0002024638443376
861.0,-0.038389491897162745,0.15634481396980002,1.2158725091280493,-0.11318500905591476,0.2559802032941799,0.003598923612286006,-0.7367741218303581,1.482111501867658,0.5691709528792075
862.0,0.5072088867027132,-1.799146540855251,0.9449526909849121,-0.515492672419569,-0.8484612538731308,0.07789274611477498,-0.4774308163699108,0.28441371570059915,1.0879739777264825
863.0,-2.6110882448806603,-0.12312605048457298,-0.8252160407528178,0.055250076469185415,-0.6095366862318744,-0.8040132532032426,-1.2525699562010497,-0.024048781023418224,-1.4903302179273834
864.0,0.7825016938024502,0.6168001203137862,-0.08925561267222881,0.35415728837076305,-0.06486192044057756,0.7156181742365502,0.21005004547268322,-0.1259826200963912,1.2047775914027987
865.0,1.2391519175297465,-0.01980755074831937,0.5127598388100127,1.339086955105912,-1.4242319723503165,-0.3445291295179333,0.20847868370056227,0.8075716854449739,1.0203282987368822
866.0,-0.43206168089562297,0.5133838848779289,0.6517726724855148,0.4887201948866147,-1.0903667997077726,-0.333398880877953,-0.7179836125850553,-1.3413343900562196,-0.3727223553189721
867.0,-2.0857855339771523,2.002283961789848,-0.2530309816904212,-0.2860159338532403,0.6141900153149479,-0.7267935104056396,0.1344180894625745,-0.4589741042246492,-1.2932987609525588
868.0,0.6014837442303257,0.3519382054177303,-0.7255619620168425,0.42898352969601117,0.7135463020368659,0.12086600867812118,1.3575422194103282,1.386843972514229,-0.05651737983952524
869.0,0.6916161412223641,0.253088181383823,0.5485955825213455,-0.0845987573081892,-1.1768532611495377,0.5396341723429462,0.15678437576140167,1.1580034108100619,1.0205094022956578
870.0,-0.26720213748544713,1.0604833817069867,-1.3644880115537312,-0.5525299550626597,0.7362432621780325,-0.4795944821934737,0.20854268069858017,0.7498782937295964,0.8134543033590621
871.0,1.0429267695004352,0.8599826465880114,0.6921184527976472,-0.4080705372568173,-0.5770545786143838,0.4051653064486648,1.1756943832159663,1.6708720487313307,0.9880060263976981
872.0,0.823047486494672,1.3248748246999178,1.1753761223156376,0.35845959968415786,2.169944900086228,0.09943709384405158,1.573144143688231,0.7355160156757016,1.7174846596442637
873.0,0.12102563784867329,-0.3680710358396145,-0.24022499338777564,0.8373600531091524,1.1059995737789001,-1.5016323784496497,-0.6259347982679048,-0.9059585897352443,-0.12966938782780182
874.0,-1.3808249684482095,0.24479989191258983,-0.9348458828102192,-0.12484634025685498,-0.08860124320078773,-0.0017370519784900848,1.0190817876474734,-0.7305317998963023,-0.5380713223937065
875.0,0.9040288848778105,1.826586103277012,0.40297593015589583,0.26235692967392954,1.058882234166147,0.4441363810510058,-0.4709543895834031,0.856259730454952,1.215295093269559
876.0,0.3127656827987543,-0.8542956376265719,-0.02542709196079654,-0.6646862486467654,-1.5621724595639837,-1.0117275212549666,-1.380130034725824,-0.34656269682754104,-0.7364342950263079
877.0,0.9701565814027083,0.8256788209265902,1.4662230224656012,-1.1494894609004669,-1.144220541709626,0.25068877313590343,1.4445554331249568,1.184659118419481,1.3104816259401286
878.0,-1.5212771812203674,-1.7142708305916379,-2.380317330020315,1.00715799130692,1.0126138195020666,-1.703178258310104,-1.6850848427916725,-1.5815083989290748,-1.9138729541300454
879.0,0.15255776618577377,0.941780981459971,-0.15263802048360248,0.6801615736746905,0.5536821592406557,1.0419869254393161,-0.21605078597700214,0.5844806723686493,0.4114432081343954
880.0,0.38367505221221226,-0.9792420736414504,-1.3657293401422674,0.14786120512124254,-0.43556245787429265,-0.2102148570920418,0.007029945265891281,0.7948745221519669,0.0769606016333559
881.0,-0.026913801406155995,-0.5818734292565441,1.2147795474617116,1.468792885066188,0.3572398611203189,0.01264452441356222,0.9716496544936909,1.0777522391310752,1.4653952832046222
882.0,-1.9032186615561335,-0.6116055439533158,-2.5258232443364093,-0.8318118109289334,-1.344201801436079,-1.4017885744915022,-3.236825539539046,-0.8213459209311744,-1.8735784484777909
883.0,0.09122000359123977,-0.2881991382127254,0.7705791870224596,1.8398148206735283,-0.9902969941258876,1.2732833770367051,1.8457990390124899,-0.15882652385441917,0.5961563265411173
884.0,-0.01678577953240577,-0.8661201797543084,0.06617417857424052,0.3454758364075634,-1.749657226229446,-0.08769894649315689,0.46462300520054683,-1.4612187497279814,-0.07350822222100645
885.0,-0.4535696637276252,0.06291259204306335,0.31418851747034277,2.0664123075913903,0.7746437469612291,0.8075110274454141,0.4791940721961225,0.10200196621693566,0.7111554095507807
886.0,1.5248132836602297,-1.114728211808229,0.20299292640341018,-0.45664012182045166,-0.995815980127482,0.6181910748833952,0.6587967433756492,1.328677772666835,-0.6475616137868521
887.0,1.3877078252039463,-0.7962420455671296,0.6694190599411607,0.009043276114670094,0.5374207210687059,0.538971114735584,0.3663690545327043,0.3178586877771308,0.978540352757844
888.0,1.4566793512161118,1.0685539390037484,0.9384271255912614,2.3707454697066996,0.6678896871421492,1.4506803864696236,0.899503502788131,-0.03471252307227878,2.263736344699761
889.0,-3.1283934689006494,-0.9740424409049943,-1.2159112019291118,-0.5506269208114857,-0.6412190301028335,-2.119351705756215,-1.5431868280937864,-1.5325900777502888,-3.005108639906339
890.0,0.8817867052117714,-0.582098571197519,-0.14155446330781468,0.98721061433134,-0.3157674118303068,-0.5807078367746328,-1.0189517767365308,-0.35021722259675986,-0.45101794885383406
891.0,-0.46770347747366486,-0.4104060189046072,0.3167646926065937,0.7638999971681945,-0.621894204442432,-0.5552506554457487,-0.5613727932998098,-0.12565178649051328,-0.01906311276348525
892.0,0.7223686968834668,2.2126083408186292,-0.9351772192312378,0.9809961816267846,1.595157600125878,-0.6174848079210198,0.9269748906435976,0.14888026329999807,0.6133547640757834
893.0,0.965882637835227,-0.35251738349617895,-0.574864524757073,-0.27284866610978,0.5555114564988473,-0.8695672171164521,-1.0026114800499117,0.28588226011252416,-0.180405322180613
894.0,0.09639865925237182,-0.323267173145651,1.9681769321051132,1.6257263060596692,-1.031638760404119,0.33471232492373476,0.5291684310116753,-1.0117353826026523,0.6414755430461841
895.0,0.8891272108836263,0.2493611576401175,-0.34912724913095744,-0.872372946909052,0.35836999422375404,-2.038415928426031,-0.485610485215321,0.03595211198003935,0.6749407427724464
896.0,-2.055186828681676,-1.4639480267303906,-1.145809034642591,0.42087094596131186,0.33273820769310614,-2.368564094415438,-1.9276781504419715,-0.49422253232373387,-1.9941909673939742
897.0,0.8064657234316268,-0.06900418818865355,-1.0490714187819548,1.0346733439628844,0.07553099476503997,-0.3055435672429187,0.6845299241821653,-0.08520047977717306,-0.31990441299888456
898.0,0.19993838127015034,0.07077284102806869,-0.9698621134702019,-1.4068845280176638,-0.6380428928741724,-0.5852560170802755,-0.458716994157727,0.7111328718591666,-0.3931678946083581
899.0,-0.5890156141790002,0.24928765349423568,-0.615435784093568,0.6154666762306662,0.21566060444503127,0.11288248524313091,-0.05282899963568371,-0.9892287029827768,-0.7015783394653897
900.0,-0.6577790397121506,-1.255270585231413,-0.6311100072360374,-0.5067174189115506,1.196345471077925,0.8664303348657298,0.14000717176201682,-0.5809269631267713,-0.5552196290507221
901.0,-0.5411464344699888,-1.8802339895743427,-0.05324106665675993,0.08796239603973267,-0.026306923262398575,-2.145300250650152,-0.4267846654064614,-0.5420479217572219,-0.8775703326814668
902.0,-0.38431151492097726,-0.44292814862820146,0.47689690998455536,-0.8646745729608777,0.5604602118578526,0.5461323359651594,0.14230598567440972,0.4657883360971235,0.08847300080106314
903.0,1.4586805313537634,1.7899438203498448,-0.6208146529487462,0.17796829108650575,-0.1856375308570353,0.5104128308976662,-0.37536979065454307,-0.029314041228687023,1.027341381158023
904.0,-0.8529499660371138,1.3268691974029987,-0.3453483054345831,0.5054078902674519,0.6197482900693535,-1.161496309549714,-0.23341127423446872,0.2344661862290013,-0.10728477947940823
905.0,-0.6573406479685833,1.773823216848448,0.9995249579108748,-1.1159119272091593,0.5449449756478599,0.9098459359766741,-0.21077058313034594,0.9823715621786524,0.8034655249780307
906.0,-0.32886278335961305,-1.5124858806354304,-2.3998616546884994,-1.6007362766491258,-2.3363475085782057,0.07924194123895444,-1.7636582890381234,-0.19079493069631104,-1.4343526308533427
907.0,-0.374973272192274,-0.7965792699603801,1.3202879610234048,0.049170967976889246,-0.3588521579888521,0.4224746769350423,1.4272106199127477,0.8067936871119792,0.3634072939477693
908.0,0.9427135987291896,0.3315965043678951,0.7776777496975557,-0.4970899541531188,-1.2919732491700002,0.7256470522046577,1.2011684425493934,1.3009865415054127,1.5036480760062854
909.0,-0.8971123688065342,-1.5609704237742574,-0.18948845909619103,-0.9178732733188834,-1.8471553717747224,0.6471200023433293,0.9356887092585143,0.9032430582224144,0.5370339767440225
910.0,-0.24418889877699845,0.4417563647445738,-0.6451437520847473,-0.030556135258304012,-1.7768041853456626,0.936479343056351,0.563469346621799,1.3961527831239302,1.1130005350105054
911.0,0.23955089136725358,-0.13725554494334202,1.787646965980875,1.109263077396935,0.9062381307711954,1.1388284100557118,-1.22131280955537,0.6217838205001388,0.08883275832596901
912.0,-0.3529336338219111,-2.274108339226476,-1.2040556250235,0.11935163524478175,0.7065198130117417,-1.140417209672099,-0.7438169758788508,-1.5157743041723764,-1.980382517508375
913.0,1.1690558223124743,2.1281948869767136,1.3149170651352682,-0.5470327385836046,-0.5185879502976773,0.3014538300091989,3.1138505703390016,0.6723962450702409,1.9921001277534989
914.0,-0.7179801674948919,-2.3758370710067274,-1.191961240513803,-1.968943625252882,-0.8428217470489977,-0.6856305765665873,-2.061366087485775,-1.3637916453076195,-2.167700317461376
915.0,1.440101422958954,0.23504955132501146,-0.5971890518378714,-0.537280173489563,0.9496044126196662,0.8032313410716659,1.3198186421963962,0.8351816848938425,1.6108214732464843
916.0,0.31280546122632535,-1.2097663874958255,-0.7364155075291938,0.7624264818905407,0.49353178999678454,0.25797229467484506,-0.8266359386041658,-0.6421756651466684,-0.954536879219417
917.0,0.12022207317279804,0.9575013828427691,-0.716039480732305,-0.5083588951082234,0.3301465844015555,0.19656450331457692,-1.0479604111827876,-0.18651681856628863,-0.31539941280414197
918.0,-0.3150250917652068,0.6158713949560017,-0.6476170934616655,0.4157330890342954,1.4336206855899318,-0.1600169407813935,-0.6070495930511103,1.2081236942339957,0.7837807566757093
919.0,1.8908279946631406,1.8152200164003023,1.06679527284907,-1.3891473308462492,-0.75449794767974,1.132721461762706,1.208116770346312,1.7641966022258968,3.432204215652097
920.0,0.07507495128123491,-1.4370543067586052,1.1564171082154855,-0.10323809507314397,-1.6828832676002623,0.87423110094573,0.1136718891407937,1.4620904455111006,0.35449077956140285
921.0,0.7537937539665508,1.2982049813229277,0.5608060625388799,-1.2203967130965137,-1.0521449183714116,0.12658863733137982,1.669575685427418,-0.1529022984808041,0.5282986888487109
922.0,1.324912371155649,0.597993864795514,-0.1770703955061289,0.3915967130466032,0.5051819991454066,-0.15673366237798958,0.7009349961850446,-0.9767435622653087,0.08807678121038708
923.0,0.4296398681555177,-1.4200255091214193,0.5379576807329381,-1.4352325786026288,-0.5912087726432842,-1.553450308224013,0.6276668581457862,-0.1936942787611954,-0.4797650099593464
924.0,0.3936946008183876,0.990787330124469,0.3592618865234145,0.7106218520061798,0.887906091816288,0.11371462843917494,0.6893157189826227,-0.3017633370272122,0.3555717094441469
925.0,1.7860413199000131,1.036260442835532,2.229890745899039,0.35074247589234037,0.6207286011860739,1.6213019605255046,1.3915575611968696,1.5351439706732963,2.1095199795607793
926.0,-0.4180368600105256,-0.8679368325248109,0.21683906062582575,-0.15734455531962013,-0.9563737957618309,-0.5804360903880095,-0.006928849108269082,0.5411385998000462,0.41196577238025417
927.0,-0.3168663858622341,-0.09099450357208133,-0.6762879436549699,-0.07731046137133202,1.8210939836821367,0.4798682691837934,-0.15386856446413638,0.6944789543852353,0.9921077666635157
928.0,2.443288081736441,1.742049341899815,1.0584023501904367,1.6697516862339112,-0.06658853645942646,0.9522434649608875,2.0089893812225963,0.7767784731720331,2.3359826571075843
929.0,0.1960264810844804,-0.10821202517530094,1.2055186307586265,-0.9954874013205142,0.4062207296100802,-0.3029023190640892,1.2565257751910137,0.2519532988706593,0.37109583173067695
930.0,-0.2508268638111596,0.16587749558291076,-1.15571372869902,1.2525801586927126,1.7387232209170667,0.8221911825158248,0.13123271923409577,-0.17068948782962853,-0.1655449138954592
931.0,-1.6273002646209074,-0.6964499074204544,0.6303811215168931,-1.229447781913489,-0.09297553966500344,-0.11953732701162743,-0.05710409426305562,-1.0513608124822507,0.288622594288915
932.0,-0.5193123711598644,0.2901207789487731,0.43668336021487486,0.0008909296060892867,-0.8928409283107731,-0.00347062282735968,-1.0143958871781442,-0.7868273752495929,-0.04430604182067912
933.0,1.151331485657826,-1.5388863535430155,0.5421120285499516,-1.1020724594418483,0.07359795126309987,-0.577500821964091,1.1692664498199639,-0.8735749778437293,0.5141230029634161
934.0,-1.5596323480844108,0.33855061173098394,-1.3801929225141787,-1.3806100123403653,-0.8414885194685783,-1.1108826052851892,-0.94480837105348,-1.0167584218381918,-1.6789297240472807
935.0,0.1858622786627486,-1.5219979081672461,0.4881415858177442,1.0178929836820734,1.6137220146136588,0.6392512744959623,1.128987631588088,0.44555349695839463,-0.7012912876078089
936.0,-0.39950491286990963,0.5350185257949949,-0.42737432606585,-0.8754897523741624,0.5688515911991757,-0.4568429796703655,-0.5901208000941319,-0.7844724976033246,-0.01675856324355222
937.0,-0.7076362480211759,-2.5948303696596353,-1.2073993521664912,0.06832262878938931,-0.6728579141351985,-0.8840811426538132,0.7859883909640091,0.2108880328344939,-1.145537361724849
938.0,-1.032164684474201,0.4843031901954948,0.3320681254920492,-0.6039163539010708,1.2144454908372657,-0.8310142745181507,0.8827908324515402,0.8150680675781917,-0.08117162705981738
939.0,1.4238889440428566,0.522732681446013,0.7151396914718007,0.4514368728001459,-0.6781026156573186,0.4004785503542932,1.3138103347390564,-0.02697436659660974,0.8358739710201074
940.0,0.8967496267781186,0.1963593063094866,0.6280504463131397,0.30138204791183254,-0.16140088309628037,0.9151752066004716,0.24264719555648914,1.0242790473951484,0.8531409247138808
941.0,2.086865555089094,1.8964651207172991,0.5637933228149306,-0.629352818671027,-0.7705302936796962,0.43122136445357145,0.5845019088230121,-0.19240279608965402,1.4751892934585795
942.0,-2.1652571513291456,-0.27627271643447227,-0.536724692301861,-0.3100568473127372,0.22920877062233705,-0.5788748388302822,0.6829586641739491,-0.4476491454291273,-0.3037375914840526
943.0,-0.2700431312421658,-0.3623398348015523,0.029936416555820574,-1.0210123638815356,-1.2629847743066818,-0.810565030346576,0.9435258536128784,0.13002855708895242,0.33945554165963043
944.0,0.5238933901745857,-0.23779195297339756,1.0680168573509625,-0.6633536455436885,-0.3667663777926635,0.8480993521388785,0.8367439284494614,0.8509791419479836,0.044931282779242354
945.0,-0.9878526508107646,-1.5805514533845992,-1.2415536635928932,-1.7770619486937114,-0.3039101724056114,-0.8799678378247514,-0.10522045994397662,0.18624708505866996,-1.31352748019988
946.0,-2.6040067146746866,-1.913858911249964,-0.7116172043703897,0.9021550063640132,-0.2829685797855322,-1.2639043634906757,-1.0614754569875842,-0.7761339411984777,-1.4434865460790502
947.0,0.23909206442496383,0.6657537866639285,-0.5523342063505977,-1.4236421887986588,-1.0085638223494444,2.077871299277896,1.2748147135265815,-0.9681064654458442,0.3874682572569254
948.0,1.5151560735975051,1.4383205096810243,1.7258421280842822,0.33765299297636703,2.1987512375573814,1.3145522303674502,3.362570375628486,2.082506979968614,2.54139403281667
949.0,-0.4140803780843097,-0.5260830960417932,-0.5815333874902315,-0.3237029994374371,1.0309256120725874,-0.7180506619815107,-0.6101721159722664,0.7369822287276965,-0.14905588475246542
950.0,-1.0856732301415826,-1.723922654084273,-1.3017137323959254,-1.0827874848894656,-0.9399424006347773,-0.17595143434192542,-1.0478101600139265,-1.8960094864291486,-1.2121340653628618
951.0,0.6201959432494942,0.7451085425423682,0.8720544930624833,0.9180835001230871,1.553608496200807,1.2072868221688084,0.595381464530845,-0.5248615455671618,0.5313975751213221
952.0,-0.08077943670510894,-0.4246311311124452,-0.04830324092640726,-0.19690795500846553,0.4940467588655344,0.35583865735725045,-0.003957805486660234,1.5971257761481528,0.019601475658564693
953.0,-0.020859862951197804,-0.5071036873670497,-0.47822240483097833,-0.031543516618264225,-1.263206319507075,0.04567590428075302,0.7286092018782765,0.018143842607883827,-0.018549022650607188
954.0,1.5038130033295667,0.6932756015547104,0.647718116731621,0.38854067246974366,2.4849140655834034,0.9354882591442295,0.894874617712813,-0.7164218882040713,0.3377448001385101
955.0,0.8489103010363866,1.422516457685331,0.5965983811076341,0.5537593891720093,0.3391359411436683,-0.024266691669054888,0.6114329273768098,-0.08375226105307614,0.8999383645610202
956.0,0.03821366291950068,0.5379429072584216,0.94490808653951,-0.5790798406584625,1.1760175862775024,0.4280957049087927,1.5961665807511274,-0.9063823922374491,0.3672518555172478
957.0,-0.3984308610861944,-1.0189729471621218,-0.6828181554863009,0.1927054657986723,-0.5375645580279305,-1.519097258498441,-0.49639006969376065,-1.3514654668631965,-1.3148481534733387
958.0,0.5712404806267213,1.6094618146722968,1.4757358650392518,1.090987942591762,-0.038995874262423444,1.921349277111107,-0.48397933300738205,0.14940465242069018,0.1635142886386761
959.0,1.21761060922901,-0.5287075182359411,-0.9927437848435032,1.599437866038735,-1.1224214127249277,0.559131060502515,0.16981857485131976,0.0670981921506293,-0.31698054916645935
960.0,1.4855659025905308,0.3860212088496922,0.5925057286390172,0.42280097520280235,1.9941374950849,-0.14511910400067315,1.5048735982612238,0.34976055577053744,0.28802776957730847
961.0,1.5263256465739385,-0.502350140858959,-0.3300786914729209,1.103835936174456,-0.21044458449419132,-0.28883192500694266,-0.4343678420952766,0.49883217974161914,0.9569505864662486
962.0,1.1347280700147362,-0.6295916394873876,1.3075195411778526,0.5725473367262198,-0.25330674220360727,0.20713718686869984,0.2830305372779178,1.1248334395535429,0.4830507040383392
963.0,-1.1170283954636364,-2.071790189288135,-2.1973299131777213,-1.495986473586699,-1.243004706997997,-1.5499397339972434,-1.5875266336599414,-1.3410803552499666,-2.60754887455852
964.0,1.9256472939844875,0.7450625712171043,0.6516971636936775,-0.2596266660532503,0.2304034358165407,0.5197120969827017,2.7045033019912252,0.9194223079313667,2.412953959920472
965.0,-0.7118520155995377,-0.5604201806735558,-0.6995739708308267,-1.3406854927760343,0.2514354940833561,0.777272798173823,-0.846954527394159,-0.4528556773767223,-0.5025113723622424
966.0,2.218139535380382,1.5657406341501179,0.4231114919542501,-1.454091993695904,-1.2228346799753211,0.8313623514073836,-0.3249860218639486,-1.0892515707893782,0.47517256932379415
967.0,-1.620675021354594,0.7942427946670381,-2.28564027042806,-0.03978760468605587,0.26790103684308686,-1.418692397825893,-1.601157881263264,-0.27558313093269765,-1.001392091201214
968.0,0.25606246575308034,-0.5420055718869267,0.23292916641873554,-1.621245918021799,1.6542650475415266,1.3146544113968246,1.8149919413175943,0.7017995126082982,0.12947073364546488
969.0,-1.46723582318366,-1.2758269120769508,-0.8662510360418183,-0.3232510871895109,-0.17610513166633926,-0.8206334815951422,-1.8124625595250492,-1.0582421520402148,-1.1943209107596486
970.0,0.819647245659377,1.084687627571435,1.967334084299962,0.5448595552259923,1.3563789977668368,1.020587802652627,2.13553121231252,2.304304683111243,1.8777416009812609
971.0,0.24530058815449715,1.4591162217839093,-0.0333034364780885,0.3169915366470392,1.0659364139760548,-0.2559568966988696,0.018826130390972178,-0.9401872471122612,0.11206400165307379
972.0,-0.4834648349318625,0.292831235052815,-0.9005963325875798,0.3442239539780865,0.34860533063385113,-1.1118173875864052,0.17911546938630835,-1.5253573813000578,-1.0607589522636864
973.0,2.06553006035657,0.7652274327264179,0.8977877288082109,1.1269174000696471,1.8046639149337564,1.1637706037073787,0.11403957141078543,0.7413314282930373,1.4628784996309778
974.0,0.15382181231146158,-1.7896896207348412,-1.6427757085089896,0.17469393400668065,0.6862432121266413,0.053821114985120884,-0.9963665803026676,-0.059755073365825036,-0.5528259098744981
975.0,1.0879329469375378,1.8237018823945312,-0.10829003137836055,0.1181254324837418,-1.0951190265614972,-0.2612322396502126,-1.1932971013379203,-1.5414665042995417,-0.3799142276941032
976.0,-1.4302687784801418,-2.64035133559591,-0.8036257627520306,0.952442727302059,-0.356764399579721,-0.6126311255074136,-0.6876285239926063,-0.46742367939877966,-0.5737031931926757
977.0,-0.5891839442345592,0.024341420639088424,1.2506767408020747,1.6519975435057705,0.5255947989578575,0.8525842329045069,-0.17738718522435662,-1.2855766350454836,-0.49935894037277107
978.0,2.126193516381115,1.6240772587716137,2.0870021734406032,-0.8257365357951545,-0.001474675228950739,1.3464201933628412,0.9540968704718739,0.8747022117125537,2.5876405387802768
979.0,0.7799210926195919,-0.6008501593316647,1.6523106696278067,0.62171437066143,-0.030748187515602775,1.5374204394250823,1.6478107014993684,1.3254248637898798,1.3622564215426054
980.0,-0.11196898135512408,-0.717374728333025,-0.9455241682456726,1.2734053870410798,1.6424049305113326,-1.7174943729976662,-1.4128433649478278,-0.3590852776179935,-0.3598696814596713
981.0,1.7222178964232275,3.04837178147592,0.42154093878945315,0.31404757012848306,0.10204388462280366,1.1012132173221199,0.2165888223283251,1.0744152390713453,1.8040688753261855
982.0,-0.5000160240806293,0.24582547189389609,-0.2965742152710344,1.491421298317219,-0.6352147502700288,-0.817054208969237,0.5846633454665502,-0.4777568292584371,-0.2152055795662412
983.0,-1.0212769185922408,0.5785420838385265,0.13533177234111668,-1.3777320273649443,0.22983458909009513,0.3742559232313727,-0.47591640725366574,0.31851575918506714,0.42209371141533775
984.0,0.006301568620521068,0.44986508159722355,1.6344032243370772,0.739871691073271,-0.3226198544299858,1.2637368807365204,2.213229703135175,0.10402954517499789,0.7455666258679733
985.0,-0.0636674935362546,1.4905714481127936,-0.06055732900116428,0.7380905692360661,1.3588594076110385,0.6472232376520718,1.1830264521019656,1.2577999858999487,1.0536664362714783
986.0,-1.3727967703782293,-0.9445367697991292,-0.19216018279149522,-0.6571576013935134,-0.30022696920768455,1.3616558489314474,-0.17689664238594566,0.3378786309323986,0.3851337478631018
987.0,-1.7484402738777454,-0.9714893146736605,-0.8153135311035806,-3.0654666327798323,-1.1299502487360593,-0.856676432447063,-1.1927289180223728,-2.172350780060076,-2.531809445124889
988.0,-0.648395299089636,0.06117003480454928,-1.0605299413955298,-0.37557517592870837,0.7470438546281358,-1.5922606279826597,-1.4725854448005875,-0.6175885298224009,-0.6233808804364519
989.0,-0.30139393848060453,-0.35059147763726956,-0.8364328140854197,1.2548102549861961,0.7875287264218196,-0.7354753431686761,-0.4002822640341594,-0.03840511807799075,-0.561275512919525
990.0,0.6503770284075511,-0.5345807119539249,-0.2717100752078766,0.9207679060471833,0.8026720928303805,-1.2141591619491126,-0.838245214496633,-0.5242128660413585,0.027889107945982466
991.0,0.18665754585065247,-1.4339065881146822,-0.7333998705809827,-0.8154413775105438,0.313607708768027,0.1207362998836789,0.7631784747347965,-1.5979599001897955,-0.4202433006450808
992.0,0.4238479268765505,1.5337684619572627,0.3548787953592333,-0.4760750349967502,-0.25860793195653664,-1.3858774040078294,0.39615200582424553,-0.8642965953654173,-0.503115117208277
993.0,-1.9512933071379408,-0.9022265168571042,-2.456377307078745,0.3371726964115579,-0.33691810007051975,-0.6339541439742421,-0.7968579413680709,-0.709791648618862,-0.7041887278116458
994.0,-1.5144160177417463,-1.165258193962646,-0.2388438583308757,0.25037009105799196,-0.3650801583848101,-0.0736412995219616,0.2278976411824424,0.1660370592451566,-0.367451660693831
995.0,-0.20139129108006357,0.6280631009961579,-2.4533586050329603,1.2846008454029456,1.0638741765760567,-1.51438263025699,-1.3981967007116003,-1.5837353234466678,-0.8483265365397384
996.0,-0.9408096657047855,-1.187487971580205,-2.3722870882891387,1.3878172015026855,1.6251944448639477,-1.0815370478487882,1.7559740663544854,0.25613717166395833,0.5453519286565752
997.0,-0.7612746639371871,-2.2881790784779437,-0.9349076446103874,-0.9936050946889425,-1.5420263664764613,-0.179876942205369,-1.287477123687968,-0.4384374567918371,-1.1990217768839095
998.0,1.4024514173785978,1.0444169335853017,-0.10609399453755246,0.29535256421194733,0.6077508355750676,-0.14886858688187718,-1.224736692640955,-0.9470187843369489,-0.24718778993703291
999.0,-0.3737130287323629,-0.21964810554834985,2.7586946147043645,-0.35769178540570434,-0.10888254054965733,2.614847826956508,2.36672321670866,1.5277990893405426,1.853600649060133
1000.0,-0.11144701167095075,0.24555801046912892,1.0842049143361758,-0.6489330475181568,-0.8788845259059078,0.45739278673934575,0.29432387741969945,-0.4021882248272109,1.1319805447332616
1001.0,-1.659038741769539,0.0823127385133548,-0.19107862947484872,-2.004586263257366,-0.37905094504783365,-0.9266043702526551,0.15384792991495802,-1.88018757791447,-2.2638665052442413
1002.0,-1.8333139593671226,-0.2040319082037055,-2.40408176876127,-1.2614479689338762,-1.353339813150652,-2.048076877465641,-1.4607721219581924,0.42909054660097046,-1.543625225886026
1003.0,-1.796282701982861,0.25301309203614597,-0.6253637562059331,-0.4206845854007306,-0.6313178653245592,-1.1393563637802604,-0.25054701392095263,0.022835721391916766,-1.0253954491849808
1004.0,-1.1359753942813944,-1.195969227766696,0.8311964736258357,0.48785219409366076,0.39971075364546305,-0.48022043254678404,-0.9840653736490115,-0.8315212691207239,-0.5741769141074963
1005.0,0.23550755592601716,0.251324596381801,-1.167694168448346,-0.8616791420187844,-0.09496034461017784,-1.9279722839226474,-0.06085423553679053,-0.9224071399478817,-0.3565018817581509
1006.0,0.20748605156422278,-0.4666823446817046,-2.170878126854572,2.0993589338951426,0.9788936314451909,-1.9589456737389541,-0.8819306327115459,-1.526584790027514,-1.4188267073633865
1007.0,-0.8872724512240466,0.2719955901015461,-1.4055885429040849,-2.1558363543967003,-0.876671673959396,-1.4478015402301827,-1.2299387546998521,-0.2599764465998598,-0.9570687743436508
1008.0,-0.7662418246929155,-0.3473504664544779,-1.3147964674570098,0.3758742834789477,1.38065935444387,1.6083441964842735,0.6201009921684493,-0.8374705127120368,-0.5226304847749803
1009.0,-0.45777188296974586,0.27537440705919825,-0.8219488655712192,1.336752731760424,0.7650015331190514,-0.440180506512166,-1.3787117454361677,-0.8264917689863889,-0.0881514172781921
1010.0,-0.5476699923452889,-1.1544958714844429,-0.8443321215761485,-1.020700963586972,-1.15036996873168,-0.36942956876992683,-0.4809831590075305,-0.24740360659101865,-1.340303651465608
1011.0,-1.8400980251013352,-1.9252905188246667,-0.45618818685310153,-0.7561885848944578,0.09722114313487785,-1.579127691234481,-0.11872413694598921,0.01677324648412362,-1.281599448232614
1012.0,-0.9802464909672992,-0.35153557117066503,-1.1060636929207899,1.264474836447451,0.8428216505076869,-0.9612649950629928,-0.863502267617111,-1.097443290688294,-1.1087684886666436
1013.0,-0.23373898754143937,-1.4534187143788022,-0.49529989895364185,0.12464220953676947,0.25200174261932434,0.45318910480974006,1.2727427600478594,1.3697102579286171,-0.03680467314340873
1014.0,-0.08721222616937546,-0.6761400475760236,-0.7805580639221983,0.12894931313359873,0.9469040987518063,-1.7277727478636802,-0.1592317178371178,-0.24091947435869568,-1.0820926544773999
1015.0,-1.1035126390078296,-1.1460798344769654,-0.9161101799010984,0.7096456231798653,0.44292908265556874,-0.6590730360066889,-1.1718336349709209,-0.7917120144315486,-1.0134936476310512
1016.0,0.5872442091631564,-0.8432126983125993,-0.5032188925887217,1.0904410938162494,0.7025786183766026,-0.22111029601529386,-1.0504871225963928,0.605159798443385,0.3757205268103868
1017.0,-1.6356815808865128,-0.4901530638533959,0.8601733677599536,-1.3124805527192385,-0.5419266981081176,-1.1630793160261048,-1.1082692688233913,-2.589883016138527,-0.16670717624014172
1018.0,-0.7647014621345879,-0.4791434749326873,0.370817425066376,1.5083362705119887,0.34017544888192774,-0.0033163756016053344,0.09033491224889623,-1.6911853263582697,-1.6341065115138913
1019.0,0.3600101218437025,-0.8561041589146755,0.29267240117581894,-1.5623559353245917,-0.25619298062292545,0.8563157283219142,0.06302768152448734,-0.5282653960038821,0.20554642347710905
1020.0,-0.18860307310083968,-0.15615482925427654,-2.621517546429696,-0.5185253869388946,0.5021443818683872,-1.5414380918184873,0.6854467678638877,-0.6630692572075586,-1.8391721999710466
1021.0,0.9331806335087101,0.732747727936942,0.47156004806645024,0.5934502716054157,0.3226219145511637,0.9740002788647426,0.20689477178969673,-0.2942555089415827,0.23500618003910353
1022.0,0.6014943168013338,1.45451698684069,0.6975263501136084,0.24361255773746146,0.9650921811131868,0.10453344025758532,0.8258324749855047,0.4278276961982544,2.2902575157574483
1023.0,1.0973547370717809,-0.3192897724989343,-0.45491776081039575,0.15189833825310048,-0.6388056546505526,0.9623067207002947,0.49699741229000116,0.7221562775236867,-0.16883775063783293
1024.0,0.4567062426825849,-0.7693989204297105,1.1401377089044067,-0.2263741105525797,-0.8357766293973219,0.5294706594443386,1.6808278468337654,0.5322649900962454,0.3067688005714124
1025.0,0.058358588075945066,-2.562702806964791,-1.522337216551385,-0.5721269969058966,0.47847857527565335,0.18712738465501033,-1.9089086163047009,-0.3235364848485483,-1.6967323619891017
1026.0,1.009069039996808,-0.01848399252236792,0.07048063826732187,-0.14126052081266055,1.1676592006167663,1.0127903953744222,0.741420538694518,-0.6362687187564542,1.0974907248391756
1027.0,-0.530910897224895,0.4296598784336597,-0.013904232960448463,-0.06440511486530069,1.6795612788615024,0.23806655913182967,0.5946867676226765,0.36537867399723517,0.13203168419803674
1028.0,1.0821391592449425,-0.6910948749293139,-0.2800864855351986,2.2257162795424295,0.10066387806877189,-0.6166986184261012,-0.11201121535544159,-0.21128009199949835,0.8674478071974605
1029.0,0.07419192019076302,-0.5401534109108128,1.00244787044281,0.06929472605866285,0.05543414849057374,0.21918924790432384,0.09420320934180319,-1.5805246245603684,0.7376624253373308
1030.0,-2.998217890841004,-1.6350590021683702,-2.061641252736285,-1.0448226195104822,-0.3884347449946256,-1.823025939709391,-0.7771271132822929,-0.9686514088314323,-2.672830621386879
1031.0,-0.036827454829387374,1.1620727073664368,1.7784550043660539,-0.5939261824580889,-1.8892909314789006,0.6829355559110045,-0.13090124514152915,1.0183015478229889,1.2561859787494636
1032.0,0.516713566897405,1.102006632847925,0.6748502240012938,0.47224548232224645,1.7022612313788954,0.3242974566381312,0.39516213075464557,0.10823444988682633,0.32526075859216397
1033.0,-0.5557484055060938,1.274254556458168,-0.640103021171769,-0.03765550879399235,0.021772252420903627,-0.5698755593657614,-1.3287650365207202,0.22999391736488273,-0.19912959405277544
1034.0,-0.6042122680592904,0.7418042967552899,-1.1157583141944194,-1.6956606302642971,-0.14914173374828427,-0.3968618769777085,-0.7791615445826875,0.19960986775255965,-1.003994265681276
1035.0,0.3351425287886914,-0.8631244226294881,-0.34159918354135865,1.5044757915446154,1.473702613846946,-1.7097796547985118,-0.4609526826610556,-0.009589451131362062,-0.2037816400152243
1036.0,0.8538947493165714,0.8210830654517558,-0.5534373516682609,-0.6673024516054546,-1.1873548403034164,0.23007150522404524,0.6593035377134758,0.39510923666245856,-0.11380639732511534
1037.0,-1.6396403755026083,-1.194558601352805,-0.7802074746931449,-0.17176573080505197,-0.42517816388226504,-0.8331974205378088,-0.9541301611829319,-0.14481320658375846,-1.158217959301682
1038.0,0.41015952982090054,-0.5367871780398896,0.5007358186723918,-0.17597634191729272,1.5421481497943708,-0.22486529153328885,0.19122382439369398,-0.176731552585124,0.5216514212690863
1039.0,-1.7882447631213323,-0.4918889809138511,-0.3754687054886947,0.39955084670740787,0.16992793485957533,0.25927441361846393,-0.7047361568785496,-0.43876444203327447,-0.5934548950272073
1040.0,0.6723535682056345,-0.04090167749448174,1.4278516066354714,-1.3446331956928201,0.9666793866010416,0.524585938410829,0.07590861468503295,-0.1434745007569831,-0.7472200218349775
1041.0,-0.5756531400676698,1.4795042457406877,1.2602062573654775,1.0955490619223847,1.3316766873824206,-0.438616085330857,0.5318151960897828,-0.11810114799715836,0.6800071132105027
1042.0,-2.1421986128857253,-0.7102752489334958,-1.0287581340808394,-0.6521530922655876,-0.03657711205039651,-0.5119133936430242,-1.6312189653234037,-0.30237892022888985,-1.1909666311316949
1043.0,1.0690358240073758,1.0025679126338942,1.972008120685533,-1.419462574974541,0.35416049633052177,2.018870765528373,0.6856263027849381,3.3752096690560203,1.532277502692016
1044.0,0.7528227925595719,1.0470391351923694,0.15525412960808144,-1.1907014754067,0.01015909580464265,0.2738415498519969,0.7131145068166393,0.955146704893059,0.7224465910967859
1045.0,1.3205761470422452,0.550349683036697,0.26391486827246846,0.9108089394911046,-0.1323247982918233,1.0288066306507853,-0.28789781368589473,-0.32518922083016305,0.6976602282428185
1046.0,0.8738512484186083,-0.7014017531719913,0.267988473722216,0.30271016784922594,0.31474048530068666,-0.5823027837070943,-0.9011678963339933,0.09786292922044663,-0.4329654638127741
1047.0,1.7922701648075814,-0.8644295312036289,0.685851159015271,-0.3044313539282124,1.5080142221172443,1.8514874245445119,2.159560198849964,1.6026824141443998,1.4394412708603836
1048.0,-0.7725461629917678,0.18317507821579387,-0.24198320849509056,-0.5937501824020396,-0.03448373870124332,0.16192944825388023,-0.4981611659481601,1.4698213624156249,-1.1132973636967505
1049.0,0.280758912390136,0.3028322502727371,0.07583859495211262,0.5210440616220027,0.838570861908222,-0.7515094645265047,-1.0584121254699126,-0.7417850870583093,0.05741574334044338
1050.0,-0.0827452770449941,0.9076800963420734,-0.13506732364137378,-2.2910610185291174,0.2699094358307053,-0.4588379332721057,-1.2148349576168693,0.13535179936109912,-0.6821816917701384
1051.0,-0.8916908452904353,-0.45727380604081364,0.2494235699023513,-1.1622961169691686,-1.5200347117408026,1.2818234442038956,1.0409771359137379,0.5997121774897903,1.0113757973659119
1052.0,0.48429055164958906,0.4880837308276462,2.0568466769375493,-1.4882917409619865,-1.7369668750168814,1.0144089894187758,1.1335678595300247,1.1710787628905792,1.7345126693759554
1053.0,1.445559588373039,1.6519966317018615,1.7553825515288934,1.8240302612386667,2.0716620165091197,1.2833649354752346,1.51525948685347,1.9955182019565851,2.2163912647642334
1054.0,-0.2321832983037785,-0.333750439542746,-0.4289508719368483,-0.24708475558244306,-0.38801519062369655,0.04255748305614969,-1.6450674847178477,1.0078845572520816,-0.3065672783806309
1055.0,-2.09876945380719,-0.8012067987264203,-0.5530586922929522,-1.6881882568435775,-0.15204515120109077,0.23995760305503155,-0.9267193427955508,-2.757589360732256,-1.3845782626756036
1056.0,-1.3712854737302098,-1.6545860032980593,-1.1115720271791616,1.7218142197524222,-0.7942819113387675,0.07929126665945264,-0.1551661550927508,-1.9153342034396024,-0.7621877201943185
1057.0,-0.6427812691718515,0.7987927571587947,-1.405872477892796,1.2499215303930775,0.6299238165700723,-1.0927701523569258,-0.568272451922645,0.6300946131547976,-0.0681739495365432
1058.0,-0.44911806528974874,-0.1881815186757401,-1.6105295708140357,1.085267859772338,0.18071061213865408,-1.553288073176437,-0.12467280152640324,-0.3904107094090496,-0.5735250793807006
1059.0,-3.2198736641173022,-1.7983539763817475,-2.475222366350264,0.06996244479569284,-0.029205045897598255,-3.034166549663057,-0.8434624049945776,-1.3840687248145942,-3.0851379948557542
1060.0,0.29254732993179583,-0.3768040595421291,0.10331596729171166,1.224365537405107,-0.2637678988963659,-0.4039798090473735,-1.4343333695790743,-1.166702088351556,0.305521715042043
1061.0,-0.567713261847173,2.571296511888379,0.4128468863498628,0.38265127114221453,0.8024282556902965,-0.2790379347527798,-1.6857724446566684,-1.2300352177602007,0.8514520976058519
1062.0,1.2381211377154324,1.8675647677268914,2.387386967136359,0.7271153185122343,1.4441971054309017,0.07566349219623378,-0.7765253099278089,1.6800760715277394,1.2997981734510629
1063.0,-0.5260989250616556,-1.382797102093977,-1.1426064213860707,-1.5812664112400543,-2.651823120650369,-0.9064736711924771,-2.548463341430309,-0.07714617479564072,-0.6624616444554257
1064.0,-0.8172786045146675,-0.604397287036314,0.12334697056062137,2.1974552528770803,0.030314725726334812,0.14409409499171336,-0.5341028111913684,-0.8386582883945787,-0.48705223496297706
1065.0,0.4822274748568645,0.5122486977711014,-0.3526549590825196,0.8088131233804995,-0.39423501050256343,0.21792933988320767,1.050068132397466,0.019337671523583785,1.2117347700291818
1066.0,2.7595913395039524,0.08549033664983441,-1.168018112735813,0.24860019633109356,0.2003013080655233,-0.7417210988765087,-1.7202529457264601,-0.6263137735680269,0.01872961873043295
1067.0,-1.3932295132279133,0.5975834865881775,1.092602236159726,0.6559202488274504,-0.5654404200667479,-0.9621767625029698,1.3052668705423616,-0.15268931316942974,0.6628696662642514
1068.0,1.2026941688547714,1.0422970010375912,0.39620953015655164,1.0486396955459183,1.132000429737104,0.2559313354513808,0.43057777521801405,-0.13298675342783386,0.6920353375344165
1069.0,0.6064378046059902,1.4695967976029074,-0.6028833248514622,-0.500460599945815,-1.7740554713102614,-0.23742507021096965,0.0653089251799647,1.5788398205270058,1.883077002970721
1070.0,1.8799113936178864,0.4724733052076428,-0.44793286730441184,1.299482303126042,0.7683689807834458,1.3073964353008747,1.4178222589115506,-0.29060871728676896,0.7305035705989266
1071.0,-0.1549480735140416,1.6083454064224936,-0.909207692908831,-1.606897631794175,-0.6027542024458471,-0.8020748124257226,0.22678280907936454,0.6368377002193794,0.5099812174063614
1072.0,0.02856308018996584,0.9830343685939313,0.5885104616057469,1.6242160648127382,1.089556947910074,-0.741859779074166,0.35146120633514083,-0.40114488525919245,0.27226770540566114
1073.0,-1.9305380654447168,-1.6586794353686818,-0.05372163545547446,-0.14753177194226363,-0.8487014326663666,-0.3424648564117791,0.7293777733458624,-2.1584788813509466,-1.976730878922838
1074.0,0.9715377940687531,-0.1171809795210509,0.8415633304899449,1.6988998077379787,0.7804592844595643,0.2586080053628588,0.46005478451848303,-0.7064971087098378,1.5340234755314077
1075.0,-0.9116500744911535,0.7558841105505305,-0.8712331934043255,0.839268156448423,-0.15366620368018094,-0.9332163251075208,0.696412957480048,-0.19986954690332356,-1.047823425529336
1076.0,-1.0619753079346226,-0.11562955486571498,-0.9570820246756764,1.650914791467702,0.532158043486502,-0.00940349398902724,-1.2540816398678105,-2.9229668028538716,-1.3665647474326603
1077.0,-0.430402307121041,-3.3054847544456334,-2.3079922729340954,-0.3549000703409086,0.18460181394629507,-0.8965784387873046,-1.5185852367484114,1.078830335942948,-2.7248341064705253
1078.0,-0.19669492433811353,-1.1153447724075654,0.23332196608485362,1.820663313786531,-1.210676933831966,-0.779966036898767,-0.7782563837466081,-0.48519938283953756,-0.66688625477371
1079.0,1.776625294422567,0.6050455751226637,-0.6716459388837664,-0.06514255039569095,1.0251525293378956,1.5328921355857155,-0.14362965376384518,0.06260224868080061,-0.3989856039764582
1080.0,-0.7087270682202552,1.3176997115516837,-0.6457645500029234,-0.558471850100886,0.9196797370533427,-1.2310283662663244,0.5190117969789805,-0.4337570866558882,-0.3132597229008723
1081.0,-0.37528909692984075,0.9486359528517675,0.5036556793021132,1.0611956893522734,0.6975382720318279,0.34997686257153454,-0.2551160218527692,0.8024042796366115,0.4116933621814294
1082.0,0.8981255507178945,0.0425371531837217,-0.1085871002181309,0.3097421898482121,2.251022210145276,0.863039717656059,0.42089979177359477,-0.7779250826874952,-0.540332553819082
1083.0,-0.8144635966556693,0.20817795339402625,1.0892338053726813,0.37622455581731046,0.18055136245325984,0.5448209809863648,0.26818190374585404,-0.2964596946664712,0.5255407305959128
1084.0,0.4341396715140716,0.30244140697143373,0.45768796311652526,0.3637064301644221,-0.3103761757851249,0.7894709608030831,1.5578971313552314,0.9980296941845554,1.10932502557923
1085.0,0.16172915832823295,0.41577611576443585,0.3927386219051147,0.03405183362960619,-0.15578786376149845,-0.04755146510013291,0.3326928004016627,1.0385074713092566,0.3601521774281496
1086.0,0.22008932370337972,-1.0886761234158255,-0.9530490350501797,-0.06571277963947456,-0.44738526310581145,0.04619442306329403,0.23081127570212134,-0.8881845089457998,-0.38657223550646186
1087.0,-0.21582469003432814,-1.00636060286102,0.15072520258955946,-1.973550777056045,0.1338328438012702,0.9681521737854198,-1.6104538218255016,0.6311277680766162,-0.7042281107077812
1088.0,1.2117137856388285,0.4526404176080093,-0.19296516927600194,0.819074911213194,-1.0757399245190784,0.823338235883596,0.33354581646102655,0.6766776766178877,0.31371003757107074
1089.0,1.7432732241852273,1.8835633301634114,1.8721091767694809,-0.5380994251885152,-0.18285897749212393,1.6316588657136468,1.1990544049714096,0.4264789367883364,1.308356396422463
1090.0,1.1112169035441435,1.0323758167784567,1.430309391855892,0.9192453078647532,0.34294666071231084,1.271986954773889,1.7383850418377866,0.46945124480232303,1.5144216904971473
1091.0,-0.9106527106428124,-1.346182169533425,-0.6920595442206109,0.21792141719524902,0.9706001682626684,0.0792166500435624,0.3397148664924604,-0.7739368439883538,-0.6753003908944059
1092.0,-0.5668426412653413,0.40565920095339153,-1.6458272584405786,-1.3684108532046488,-0.9118782314243389,-0.6820366864707504,-0.07563322454909771,-1.4929779255375617,-0.9299978396807653
1093.0,-0.4338995091098171,-0.5655093209369213,-2.0774465753733184,-0.7098980262235791,1.7765704703467184,-1.498169135339158,-0.11092988417316468,-0.6310287579335916,-1.2045460528474938
1094.0,-0.9248093822662492,-1.0603668575542735,-0.6290013214211744,-0.30602429662307035,-0.23944761299550776,-0.1087916246534917,-0.4537384109489439,-1.9041449679233755,-0.7630625704142693
1095.0,-0.9851730755716139,-1.5702736945340336,0.11262918685003996,-0.2618378592075994,0.09951480917044517,1.0253617910792496,-0.3536620600100025,-0.6479182741289273,-0.5467697652450535
1096.0,-0.5614676830418711,-0.6516669017674267,-2.311894483440415,-2.07555287356085,-0.6027019402519649,-2.3762691149310937,-1.5908005621610457,-1.6591401606455358,-1.9019492874143222
1097.0,-0.3270704194832179,0.1536733602736216,-0.0063064791669156465,-0.09364755379531102,0.6942906210813364,0.900418946539711,2.055680331448523,1.3548596518930989,1.1210934509401713
1098.0,0.2541819655976189,-0.65344170716489,-0.31253721940221707,0.17817597601351273,-0.2579860399901257,-0.7480514480841606,-0.9772359988705804,1.0184492054168957,-0.9122057141986986
1099.0,0.6931016830816131,-0.9630025208339991,0.8785484658869208,-0.11062615791206099,-0.1790498569163992,-1.0086886461341664,-1.3497681684515184,-0.9644929746234947,-0.7547346548033874
1100.0,0.8598647266033973,0.31466822971734143,-0.1295122603615496,-0.9004057943423404,-0.22438401039056452,0.6673015589834435,-0.7108188230759265,1.4416688224990737,1.1044842290160526
1101.0,-1.2512992234860334,0.3471108533275673,1.5843418910534237,-0.7961866393388665,0.6550427566569214,0.8797590456723376,0.0221238778635376,-0.8502287329101162,-0.7824590194658695
1102.0,-1.6839398374626235,-1.651318705333673,-0.7593610177763279,-0.40668249330580586,-1.6834345738757408,-1.22296709958055,-1.645082527395184,0.1723698521605267,-0.528317857494907
1103.0,1.2418765019505498,0.6492635143230019,1.1356314261125533,0.855783587258175,0.8137610241087239,-0.7333295969095054,1.6164189805317135,0.5808157889010028,1.3858978444553662
1104.0,-0.758449628060202,0.5860230118443895,-0.7155847817540729,-0.38486312428512504,1.007798432551017,-0.027786197146237764,-0.12598151448536588,1.0909988373433066,0.18031348784025553
1105.0,-1.4986623119599416,-0.045037647690059406,-1.1530993845645374,1.0182982483619505,0.6185272792841479,-1.638008968499131,0.5615815447806031,-1.0098979819552305,-2.2459411950937995
1106.0,-1.1822292140442265,0.24736575300653854,-0.49137612820485566,1.2657034907446525,0.39204622686555385,-2.565273191010999,-0.18914492390276685,-0.22204860902417684,-1.3527242709498624
1107.0,0.005957950609050116,0.46697654077755046,-0.07572468251830893,0.6141521537109205,1.0162726002209175,-0.7137029651616662,0.4671917077664345,-0.36994501098425087,-1.2276380307289312
1108.0,0.36353285722010553,-1.3915072709126972,-1.0713719386785194,1.4766140505975134,1.2033547770417696,-2.3696753889797684,-0.8568823192248568,0.06501341651207172,-1.440662668372356
1109.0,-1.0449188501637001,0.5095849571454083,-0.7667451660185671,1.0860501029033565,-0.9131745321992801,-0.9859969423022374,-1.7026884108740623,-2.068948772344976,-1.9501878502106091
1110.0,0.6078641191365037,-0.017994618032302567,-1.328038399125975,1.1109091574354104,0.6657703787622369,-1.0474436775855571,-0.6289886859246158,-1.557499976206989,-2.5775114383680147
1111.0,0.5353767183181738,-0.4054871289775763,1.0057539509977294,-0.8364840677986118,1.4198087098252035,1.062056800741285,0.9468463946503727,0.2037435787900976,1.2813293314744754
1112.0,-0.44221266483280486,-0.6184707119785685,-2.2911010511586163,-0.895276590486833,0.7345029108146426,-1.7450163190854453,-0.7918687372525975,-0.9590785573898423,-0.5497248033409308
1113.0,1.7850158549239747,-0.001821715042042272,-0.14549698474188238,-0.44906138838959,0.8302913638459108,0.4940665476807313,0.8584933439597633,0.16962862772172618,0.6855520915470344
1114.0,-1.0281239590720488,-1.2656118087134505,1.7901889995413347,-0.7639800220356242,-1.839200293819232,0.009592947447590728,0.7728950631150836,0.629523620033907,0.9062926646808249
1115.0,1.1289872758156325,3.31541168928885,1.5211527324751009,1.4285998042150638,0.8469947688432923,1.020171115002287,1.1783610082053753,1.9415796122852744,2.509042476463369
1116.0,0.44141294007188053,0.9497160951730103,-0.9292439210327015,0.7070464236819806,0.47231132596232656,-1.5890250166812883,-0.5532147806542609,-1.7036237473305793,-0.941626920841063
1117.0,0.03427264197936813,0.1836220658940744,-0.9618767384665057,0.3043067528126033,0.25124175482194394,0.7758723867226645,-0.5259268474252637,0.1040334508275248,0.11626083856580144
1118.0,0.7882671106035031,0.29164509897427393,1.563881474299139,0.36044894103004094,0.5945328361440632,0.8302774331738415,-0.5616743436177675,-0.5742929086401704,1.1672601880655797
1119.0,0.3513478416059114,-0.2636596719636365,0.37106822175338844,-0.5438405427835945,-0.21711658404244247,1.0957940488989097,0.16522356699934593,1.8558304456964878,0.34843497726681666
1120.0,0.9085067958844246,-0.18245461454121106,-0.23282515502747417,0.4859272933249112,0.977968894065587,0.5428282400156687,-0.23313674513728871,0.038269280995532465,-0.6934704111253425
1121.0,0.8175322199994989,-0.0922641576489629,1.1389809722854751,-0.650762632649947,-0.8053097623205604,0.8918870131086911,0.9153123339908532,1.418140696597174,0.5043309157171159
1122.0,-1.0426659779576393,-0.20624981995175798,-1.5347010934920184,1.2040859271673912,0.5412766563875568,-1.9729886485042987,-1.1807568324920947,-0.03612646366146119,-1.4743953816071274
1123.0,-0.7414789162389366,1.2266534418856727,0.27225457603913267,0.12313961512371566,-0.733058770170272,0.34108564037851996,0.17161399374792619,1.5348844833426976,-0.14835671602219572
1124.0,-1.4839645317215673,-1.49487799802302,-0.9168021375108364,0.28266944944665157,-0.6888920241330103,-0.40619805640595413,-0.1542332560002272,0.0457983884016755,-0.9429839189398771
1125.0,1.590408805411992,1.156701875205801,1.7632330887101202,-0.11186257214049311,-0.9075319092543002,0.6345272895410866,1.4503387171197417,0.39722447297267566,1.479830850444305
1126.0,0.3878246486631468,-0.8082771756466576,-1.0275729078110174,-0.4503838721783184,-0.31115337513393165,0.3936074725031481,-0.2462945470674872,-0.19832142893840224,-1.2437578048405222
1127.0,-1.072436027261361,0.15383697157769427,0.5372719887542567,0.28806766199680095,-1.4321550243764145,0.4275890069626452,-0.945358260140484,-0.6301265573776976,0.45466483519764234
1128.0,-0.5266012526038087,1.1363898607830385,0.4292564626842568,-0.9875143872819031,-0.1995952525259195,1.10234211591426,-0.518522370543614,-0.804765342117927,0.8601628507799033
1129.0,0.9725252023000904,0.49926607146758567,-1.0125288877129166,0.3223331698362092,0.14431599098107092,0.450073538050005,-0.042571665484055075,1.1004011276897943,-0.5909257241996789
1130.0,0.9654416964479555,0.42205200669574544,0.7040586521575591,1.4525652164791758,-0.0389390313278776,0.47072135312026064,1.2403494073359502,0.7615367346988084,0.8948289443882175
1131.0,0.18497085856917428,-0.03365659207704944,-0.9259392023812005,0.87184474224656,-0.059193293458043555,0.5832116945115507,-0.629926385503909,0.21618249453097724,-0.11339562709041792
1132.0,-0.27688893346080884,1.3696864488743574,0.3676992288957169,0.08471519793734046,-0.12150417807978818,0.37618891816444483,0.07779650191524251,-0.8931508072354395,0.23746582655405465
1133.0,-0.11532890903093072,1.1812341191612148,-0.992186061785683,-0.05230490017588941,-0.5325835760270463,-0.7973197840065984,-1.0036049098310937,0.8670526748080106,-0.5499333529566459
1134.0,0.3184890861982899,0.03504561774508184,0.5957837030777351,-1.1395294175534227,-2.689925714740453,-0.6746329963993773,-0.28410730729262595,0.05595699609205539,0.5476038140234605
1135.0,0.40130040478653045,-1.380807838231775,-0.0026509272717908992,2.223996314929216,1.0121009295584895,0.2813165661952435,1.1032538772538674,-1.206339471038821,0.014511022468736092
1136.0,1.3154490530180891,1.2655960453101573,1.0335950383378396,2.1866164383362747,0.7136096802998629,0.1867342451330246,0.098093853285447,-0.2697887317319483,1.1144539383324656
1137.0,0.2495003156567039,1.5204089551135282,1.4537741224652776,0.3518548755654651,-0.35269538996461447,0.06004915584590532,1.7971128627456665,0.5696743394732237,1.4808649541140226
1138.0,0.7417226936281188,-0.7782828620863984,1.1935183372231586,-0.06994193026331422,1.379300459314134,0.4294626693983042,0.3401351165760329,0.7955336252715147,0.6726185013446367
1139.0,-0.873092695183557,-0.6856755967913025,-0.04731341406512071,-0.856237986821014,-0.4807226922957417,0.5927003029475855,-0.5145888197150256,-0.8958658220027422,-0.550048616737569
1140.0,0.18786922764301708,0.3655397501712331,1.3243557604161251,0.8570680698470239,1.114327747233136,-0.2393857453489286,0.42711690341161807,1.0722937977422244,0.7764962404521368
1141.0,-0.6414666152165416,2.1969192582674806,-1.6491781205508662,1.0993992825461263,-0.7272134834701502,-0.6396655245610013,0.6577906473568143,0.009005024667505778,-0.412563822902791
1142.0,-0.9433852400999713,0.0698209341753159,0.3489515313336433,0.5614330917558258,-1.4805114850663923,-0.8452276105408498,-1.523646818305632,0.7185140753611089,-0.2407336524420548
1143.0,-2.9110659487870736,0.5806721315487079,-0.8957396989176908,-2.2375064093249177,-0.5269568898988024,-1.1779599983673084,-1.0043152158428827,-0.3555307166224348,-2.3290108726283907
1144.0,-1.546903019977703,-0.8529859534490506,1.90254950234327,-1.3308046098433104,-1.2743238003989192,0.5158116616845425,0.3812881048641657,0.05789586461253844,-0.034695975440546985
1145.0,1.7039570171275709,-0.10615610177142261,0.6837608426837678,-0.13104332891611617,0.7155710104102655,2.1251370111400796,1.9132814214482463,0.2129756114687328,2.1433978103917393
1146.0,1.0344211215799066,0.8930325549271668,1.7051266646815584,0.41418974293656535,0.9722089709927458,0.19148093776602523,2.3342959094124875,0.4801558277893678,0.9765829910112475
1147.0,-1.7693284021692848,-2.716924663131032,-2.0869029897407083,-0.6283641798878308,-0.11382535229271341,-2.453064349272553,-0.9581417722773848,-2.9663592865806154,-2.764961553975297
1148.0,0.20082930424002332,-0.9907292608967767,0.8638699651159643,-0.027566218989126017,-0.024264583506695848,-0.07917799996971088,0.23761796457673465,-0.21637750475705592,0.06917145994964101
1149.0,-0.7027525686544492,-0.5150097231652263,0.22805367820333625,0.5402155309072619,-1.5049793846728767,-1.3897029143981245,-0.02629001804112453,2.490821249542572,0.5856048984310142
1150.0,0.198455743210696,0.9393388716594885,0.4792623743808342,0.3355707105782105,2.312516622111145,-0.8432037065084635,-1.3691182461627152,0.3059251782285984,0.30872013789333
1151.0,0.1131380188698684,-0.12566041102055447,-0.7186838636358565,-0.050244517113609055,0.5988737319791765,1.309594931293312,-0.7704626035511364,0.010597874600789472,-0.5234784962224769
1152.0,-0.11903886987908908,-0.3717222297310746,-0.6392923879354953,0.3504719943515385,-1.8915285063471203,0.6010110819382413,-0.19771385314536952,-0.522404858189368,-0.6285711930094834
1153.0,-0.7521977401836237,-0.13831807408603006,0.6580383409036622,-0.1945335431629568,0.5746924554948526,0.09769253303676814,-0.7617797650673043,0.42420115575282474,-0.24130287115072924
1154.0,1.1073712911515938,-0.3946613960494861,0.4370136939236132,1.0661621881355556,0.7049433363165247,0.25983806171512736,-0.3448512458566037,0.2029614620023627,0.7858325309665865
1155.0,-2.618467594452522,-2.0892891464126997,0.5699079553633625,-1.838690186050842,0.24114577311443444,1.0724712487855883,-0.12696498054428126,0.23926739968137772,-0.9705787307468605
1156.0,-1.3687543946974543,-0.47879327484209777,-1.4182502573548992,-0.9107574772846585,-1.4553974585601301,0.11030913313836353,-0.07487805873004164,-0.737365371145411,-1.3285146795290053
1157.0,0.7660473019791678,-0.19063127407434177,-0.4444425811620044,-1.435011612973678,-0.8530436176877614,0.2820175726122478,-1.4148333093069108,0.9706046175865526,0.15096355857095492
1158.0,1.7765931410275377,0.7868476674657205,1.4795047878241283,0.6117972455992309,0.8204530731169158,1.8988940511893837,1.4653449227565232,0.928217735270285,1.1692822285834932
1159.0,-1.2082357460146846,-0.49911187318105754,1.3512500247064088,-0.5963638983418657,-0.2755030699840015,1.045294507037582,0.6744503170526132,2.29512686495332,0.7911795847892316
1160.0,0.052613314433264675,1.5719302158567139,1.262121931330278,-0.6362370977780717,-1.0134539029591747,1.2718675884735975,0.505898113818891,-0.7722155666084282,-0.0014690395637418226
1161.0,-1.8107066895589206,-0.609016527708571,-0.2090430226339096,-0.9123816917068641,1.0322305896261088,-0.8771604360658514,0.6265338703330102,-0.8037864423186266,-1.6556856475362347
1162.0,0.9065517072209219,0.4557522273081997,0.9772345636938868,1.2158305845212254,1.8118316508777126,0.7977599324481854,0.20936459869716653,1.1667415764141496,1.533835168629315
1163.0,-0.5436906690086459,0.07952085428354926,-0.37594015088586535,1.6569893652533612,-1.27532904894515,0.41172489520498606,-0.3894267487127452,-0.8318292606177652,-0.006398711023266068
1164.0,1.0803004505275309,-0.3031498669505588,1.479659282510265,0.3152707611552537,0.12237509935277514,2.1064939270942937,1.0602788215555987,-0.04933656926562876,1.2173551047406888
1165.0,0.5798025535398347,-1.4896660795625003,0.731216836208002,1.081709799681301,0.5707743705999863,-0.1747998953542199,-1.3473622273143542,0.984236411653657,-0.12106023233435996
1166.0,0.549466470434902,1.2621754505531972,0.9195457572490355,-1.1239271365301509,0.5693952263516855,1.641386225360391,2.5284606878252927,1.2018346139074494,1.3320837434390413
1167.0,-0.7978835888269025,-0.9603294035378337,-0.4556765780450888,0.33825843484581564,-0.08011405343940964,-0.7676547373487946,-1.29312995431513,-0.5360520807039155,-0.42692112720640185
1168.0,0.4152280344368543,0.3186978693125938,0.9348681974510837,0.22266588360353154,0.3467942823895399,0.9779997320311127,0.4216839022061409,0.42374346388406625,0.46967817483681706
1169.0,-1.1679021189133016,0.8569032556998318,-0.8063489413346463,-0.05155205595083212,-0.2629322505121765,-0.23446155291973722,0.8494681897461848,0.11979982428989362,-0.04929946846180518
1170.0,-0.24425801088145085,0.3580804524746213,1.09091143716307,-2.656090051408943,-1.7633431878005679,1.6499450516809764,1.1757938501943777,0.3207059001272791,0.7581640125869022
1171.0,-0.8784463958989416,-0.9550255550347796,-1.0300970561201968,-0.9025936754925473,-1.1109305029348704,-0.9613875775743201,-0.4498242976187424,-0.4102723841424594,-0.9272645531832876
1172.0,1.0850964681066821,2.1494499119226873,1.6066830144343085,0.9836478878962919,1.3928184764683682,0.8891875560692214,0.9094275944604306,0.7617244539167637,1.4049685691641158
1173.0,-0.22224081891178196,1.6977740370418264,-0.14522233142169608,-0.5228307151851121,0.22237753648148564,0.8389028259726125,-0.541656358705991,-0.08888119920780072,0.7280594577306791
1174.0,-0.03773899550062968,-0.968105527306071,0.6530748082567188,0.0436034443176159,-1.2230496128523436,1.1845426484628572,1.450762768272666,-0.3343081715180013,0.6301719580383711
1175.0,0.6950226776629281,0.9842815272622534,0.5946507484021742,0.2477003289957532,1.1146187256073905,0.7310334806431914,0.8046732783613525,0.7268860325418934,0.7867639347181696
1176.0,0.2754946185907665,-0.5319744086802822,0.4634495150433212,-0.046280873927247466,-0.18893056330044894,1.0525395123009622,1.2287500305059815,-0.4179051221102011,1.1772934257324774
1177.0,0.3507509484469434,-0.2832894510640703,0.2754621927473998,-0.21841705529387784,-0.49681869437132764,1.5949170691492742,0.4895543027005941,0.5998675735564841,1.6703375352154453
1178.0,0.36637451088016215,0.05546144483372694,0.3526393941645404,-0.8692392647637252,-0.10029205020127806,1.0130071421740978,0.2712269019352537,0.7924612932299893,0.0987971320095266
1179.0,1.581565182766393,-0.43761633039091197,1.4091970413783896,-0.6388332632643653,-0.7885832082973864,1.2072640078607144,1.3463053775744578,-0.6659881153032984,1.0268870426224512
1180.0,0.7635009202237218,0.9025345158991469,0.18331094000072046,-0.04429238285163866,-0.3393143252490669,0.13398807003748428,0.42768529533840094,-0.7771427203573362,0.6473066556737552
1181.0,0.11680963792025409,0.21627619483891833,0.9172735250767032,-0.033970511899099845,-0.44202161386504774,0.9352921449184108,-0.4977337897084657,1.8075551189302455,0.11298513632304238
1182.0,0.25968179060272917,-0.25679129012944274,1.2195815063344098,1.2878875344900702,0.2798285081756766,0.5615539393639565,-0.8773370526273537,-0.042982003937254765,1.012572481032376
1183.0,0.40925056075099636,0.8153093940850805,0.38215667342607856,0.7417412541273302,-0.2535292742773184,-0.7612245540229887,0.33903936327904083,0.8765475521488412,0.25869151224712983
1184.0,2.31906316732655,1.0582656494681875,1.4820292689496248,-1.1485332365709648,-0.1368849496409768,0.931498930752141,0.7980990010475418,1.7457341779306181,1.0214510989873602
1185.0,1.0512962759757898,1.2645110177892387,0.7377892636225765,-0.686882205412334,0.4459327165345864,0.8726390907518279,1.0155100745957457,1.5119711745317332,1.2981832702550296
1186.0,3.357879054623152,1.9777965136796398,0.407406945111187,0.31699000011669953,-0.8879834529004799,-0.34181541841131624,-0.0373755943843806,1.4917105566595592,1.2929927367418772
1187.0,-0.5864083399321925,-0.30317744766898064,0.4962954987555923,1.4277324369469446,-0.0876871668848097,2.371202018921051,0.6179060959341366,0.5060285649155221,0.604285822305573
1188.0,1.8529485591245856,1.281807689609357,3.0330014797496845,-0.12877206140609626,0.5250420819425281,1.2689808376810343,0.992541846819126,1.4877010880798998,3.4359002153602147
1189.0,-0.1877146547322155,2.8340742786413973,0.20397354306056015,-0.5105226541327951,0.9725948109106088,-0.755837577547117,1.2158850088260886,-0.5772039087163398,1.0874338439363822
1190.0,1.657357524892782,1.6078305774288912,0.667546476854067,1.5422558744335357,0.3432992110923265,-1.1430113840023015,0.7034981081772851,-1.0872621848410613,0.5322972723764969
1191.0,-1.1729528034408292,1.041986593928716,-1.3075754586181607,-1.013901111991339,-0.5814874136538043,-0.36152557128589224,0.7301537780376738,-0.8703254332947076,-0.2637054384195806
1192.0,-0.009112689112451852,-0.2936165146834861,-0.17855889062016395,-0.6211080445846305,-0.6364155932791984,0.2920970276671027,-0.9544519247534677,-0.16621699134184695,-0.5435401826081016
1193.0,-0.9632663015570562,-2.0202682650724815,-0.23836214154509705,-0.3568232216083789,-1.0645314730783837,0.9040781950992858,-0.5168073846535071,-0.3649553469029301,0.13687178987730247
1194.0,-1.319321414041136,0.5066515623128385,-0.7344169641671662,0.4402182043846399,1.7206052602262514,-0.8200026405556207,-0.9661889045397355,0.5077014768212061,-0.012569957562555923
1195.0,0.05189747026447959,-0.8759471493309872,0.28171827325374543,-1.780758126169904,-0.2824432033185938,-0.8673592773349916,-0.05678527440037512,-0.4389256849898728,-0.9503919431501413
1196.0,-0.7173050811887354,-0.9863355873708977,-0.6987592674999319,-0.8984327774491092,-1.7296712940074832,-1.5985223610666808,-0.9785886056460701,-2.3635254176189564,-1.5469538090786068
1197.0,-0.3279084878986715,-0.3979589141921593,-1.3010083609435665,0.5970090601811616,0.4648697512879035,-0.7713193492813509,1.1805355269395217,-0.574766142637128,-0.7355404269254688
1198.0,0.17857001964045094,0.14647385137703264,-0.1875847226389001,0.28624538032461583,-0.15199686102454052,1.2642494811532665,-0.09197975876017257,-0.7890744205548333,-0.3947300004124292
1199.0,0.05625497645233169,-0.021682526480659645,1.126955250783429,0.372666589870077,0.28491106090278007,-0.40502759427618834,0.6293709335806901,0.1587777355169909,0.23904287024948792
1200.0,-1.0990425093595988,0.056369709826888034,0.1887205588605051,-1.984459094094812,-0.5066850388078568,0.2947510613545275,0.03838849148212582,-0.846343167957791,0.928316132316751
1201.0,-0.162666385821909,1.077176140430331,0.1654677509023046,0.5993336250697253,0.38968313792973275,0.11901826239020899,0.9366619975871151,-2.292305732251205,-1.0374962518145248
1202.0,-0.645834695189422,0.35318428553191644,0.5014734880721562,-0.11691789353860717,-0.4347652882658221,0.16824839859328214,-0.6778290937823265,-0.9052930518575211,-1.075476436170741
1203.0,-0.3960714218601683,1.5170295712612771,0.1908224230454714,0.33254276095565644,-0.5644956940882073,-0.7873632647063935,-0.7213897305718215,0.5090883961698707,-0.8636097146061553
1204.0,-1.1173112312695361,0.7724510399215871,-1.4979863909422795,0.6514806125506215,-1.049663956928434,-1.0089106423445893,-2.763556915503759,-1.358455951066413,-2.4556125391711885
1205.0,1.1629647817743136,-0.21971306105701835,0.5747291045500054,1.6927301242580837,-0.41185165475140106,1.6258181654376507,0.18417141585736674,1.1013969088125062,0.7579387849862771
1206.0,-0.3938961504791351,-0.013610042675017585,-0.3553664923892457,0.30355203326605273,-1.7325375690517357,-0.6040080924365998,-1.006639093077126,-1.3297617259410583,-0.906264109822258
1207.0,-1.293260119397338,0.729914815887625,-1.1987051902264767,-0.07438556825524198,0.0912022245040748,-1.610937323574239,-1.0948204192564541,-1.4029608136886993,-2.0445908348026443
1208.0,0.11454541261808222,-1.5399281106816614,0.7908221075336935,-0.6945711031290568,-1.170545284252515,0.5514892500695917,0.21934265529944413,-0.5572718218211984,0.36575733343171357
1209.0,0.4093904708061886,-0.4266174330955945,0.11335444059604172,0.798800068392074,-0.12280393334954925,0.6508531091388262,-0.29627770748986954,-1.3021791345382872,0.562569402270021
1210.0,-0.0327567206508696,-0.004587096227295087,-0.2263418074241605,-0.7526811137287387,0.029509329184159064,-0.06376074980182063,0.3693158069012993,-0.31962211091210746,-0.326802927942031
1211.0,0.6456082052656341,-0.6005982231914077,0.4044144652956015,-2.2777233231307625,0.9507418615290135,0.4259610578011416,0.17075697867203773,-0.1312355775711236,-0.37277493348445706
1212.0,0.10531337589663384,-0.7689967710968209,0.06167993362363189,1.6162584595767164,-1.9258559572271117,0.3177850585140438,0.17830078320507234,0.561274430725522,0.12768906136746352
1213.0,0.6187675807750973,-0.3605003192800123,-0.04591402275629111,0.5795856951757816,0.6348467473941475,0.9191007745037466,0.652141798538074,-0.20985400278478167,-0.04582899126754919
1214.0,-1.2842707140348795,0.9047626961274696,-0.8050744569094628,-0.23576316592867883,-0.24730082569547865,-0.8060246449273708,-1.1317563000076365,-0.8463848021347895,-1.0103675733655988
1215.0,-1.3858865946828094,0.14137670719849396,-1.9892824950184513,-1.6484138021656176,-1.3830868699351269,-1.483544500000244,-1.9403236131636366,0.04406832214053579,-1.363266388264825
1216.0,-0.7089883324836581,0.85865849782135,-0.4981152729628956,-0.4896246776693136,0.19084753641054913,-0.6242827638018159,-0.0423855207631545,0.151199059747114,-0.7879960836961815
1217.0,0.5158198005609211,1.7070111269525527,0.8665772483716985,-1.1734704886799463,-0.024914492049117207,1.4643507520039636,2.2065801294034117,0.9093877110071211,1.3652832315368255
1218.0,-0.5880762567435996,0.47126788316829893,-0.15189001267966573,0.9239855427876935,-1.0228425976223303,-0.5911164490238842,0.2646224691383865,0.006093234749085105,-0.07442828504500901
1219.0,-1.0202406317824613,1.5119937468296107,1.205226860098769,0.9225494906486399,0.4903509775613129,0.07788688367128994,0.7718014534245609,0.10249747272541268,0.3360288480039654
1220.0,0.9061148064104478,-0.5633683462378705,0.14572759094992674,-0.5478575987275948,0.5570172592663502,-0.28104082517565115,1.9278760032703754,1.2547808942587602,0.3440502084378854
1221.0,-0.4004195311613801,0.4930107610977447,0.1374218778482575,0.20756277647598687,1.2441869535662762,1.0754239245963346,0.348085236514883,0.30613487708060205,1.1920101034078812
1222.0,0.6439483266604022,1.5080613424036051,-0.717969667815586,0.6341887862476181,0.5484785313947207,-1.0248526881866786,-1.1605435412477119,-0.6024815240942,0.04817139765549232
1223.0,0.30961789122081257,-1.7489233896229617,-0.6540726031339141,0.17445583412756294,-0.06391379305704867,-1.218442150443003,0.5373368417918418,0.13589341167841393,0.009818397866967553
1224.0,0.015113898012510153,0.25717253912157645,0.6866507687717482,0.3642597636415737,0.8216184951015489,0.11717920093683483,1.4613614683264082,0.8009526290995462,1.183962400089998
1225.0,0.24626537888146807,-0.6682259397935848,0.13379267055607694,0.012106822064721679,-0.7669727506019478,0.19387345513252244,0.3215514502018628,0.7958579910812567,0.0015816236649497527
1226.0,-0.4467969100410186,-1.5643715221393475,-2.5767246837194064,-0.11329977906667778,0.703445604245275,-0.6140644598975853,-1.337114717882316,1.5789082372885745,-0.6235535049501267
1227.0,0.5715039830980729,-0.6190040812972952,0.5913398630143905,0.26430042129459713,0.25648320001550273,0.3377715329564593,3.0136823261444508,0.8310405622955238,1.315926813629196
1228.0,-0.43415722260369444,-0.49965146459626475,0.05532739137933894,-0.22158337673416814,-1.0103465941516583,0.20834042990496726,-1.2094233184320295,0.13092383734689056,-0.4382601180904475
1229.0,-0.09399500952161895,-0.08947391699313043,0.575966994986509,-0.11198512383645362,0.22585212935003768,-0.5473402694291168,0.14043653560215047,-0.2977660166843042,-0.17451724485441406
1230.0,-1.662395502690916,-0.12913772881307595,-0.5403120616336984,0.6080530329906804,-1.001288327468519,-2.2232707497779947,-0.659860276565106,-0.2369450089391916,-1.5015058801350862
1231.0,-1.399236065749939,-0.08732545799593243,-2.511162931607076,-1.1057083798769098,0.1649006693177124,-2.008303255184649,0.06538554851047136,-0.7873681111328712,-0.9134565988250881
1232.0,-0.4606409110650777,0.7192610454931567,1.3628966106176108,1.2876926821718595,-1.1255957136705461,0.2765341038857034,-0.32062981457045164,1.8518275457596347,1.1886453597337632
1233.0,0.42124347576945737,-1.265007099453727,-0.14308348493902023,-0.596305504063173,-1.7220980121582123,-0.6102073132395085,0.45929731828506637,1.4257364095645795,0.5139632884426092
1234.0,1.1648116139773326,0.23043647114416707,0.6304239973655381,-0.47591695744000195,-0.32584439046042263,1.2841869903563525,-1.1090313650900867,-0.14369065866726372,0.7580630464445716
1235.0,1.6472027503000752,0.5186071175041497,-0.7771589695874972,0.5759103736572947,-0.02026212787299752,-1.3947116370880805,-1.0883192307676073,-0.2202591573494542,0.6208799297358988
1236.0,0.024562419076789695,-0.4106203322503485,0.04550909943124356,0.6340705775508945,0.8410113667937406,-0.09825688534773698,0.13501884125844413,0.7709863855401686,-0.5422173101023152
1237.0,0.11978409090986683,1.8357245771654804,0.4704390175426432,-0.050196699423498296,0.6012676623619744,-0.21376573233128593,-0.23385098438721963,-1.6215536266191832,-0.6299667049801009
1238.0,1.1443210799921009,0.038787742726793126,1.1018060283562945,-0.7081066513947114,-1.866205380161554,0.2032142240927105,-0.581108994966645,0.7880604530981277,1.5723506737541297
1239.0,0.9145177463113261,-0.3911921939863389,-0.344195581733734,1.45428918080251,0.6405285805662359,0.3926403184804965,0.02167987020328641,-0.48397239886424487,-0.2742231950810514
1240.0,0.5458068862379654,1.292069318060449,-0.10776487566724072,-0.6357649335429039,-0.6086334569809404,0.06332070508030427,-1.042452774083365,-1.232154505674453,-1.0960832150933675
1241.0,-0.23694664646763722,-0.320340517311789,-0.28390730552152404,-0.024836528228043976,-0.3281434107383057,-0.6950822298581344,-0.19396679007683562,-0.3094319481895314,-0.2459731248874808
1242.0,0.6669104919579361,1.255776104353969,1.0560415926130038,0.05626354915427817,-0.6053343597127434,1.2628304151691943,0.2932352608298277,-0.32276214738504444,0.6852048789193597
1243.0,-1.3913042522704522,-0.3992534193666148,-0.9529637147447332,-0.20845839785708686,-0.03480481148422991,-1.0390376335066303,-0.8639619676027357,0.335536467739081,-0.7128960911755654
1244.0,-0.34678928677729126,-0.11811118063817752,-1.4328790311485295,0.10360384188867969,0.6816853814741421,-0.41528286415549337,0.062438000064901016,-0.9451840405476997,-1.0369959170974472
1245.0,-1.3551731534896978,0.0722503362232072,-1.3373654756689424,-0.12017044311732265,1.14652777680696,-0.7870375372180397,0.19988027893624444,-3.153199761148288,-1.3291636905534014
1246.0,-0.0036659087325299627,0.506010225455985,1.7330767472935902,0.32335547871819603,-0.6011903306153447,0.3925757785388197,1.0956994202890507,0.4584153194733387,0.8191262979848337
1247.0,0.37401782172656345,0.04085889727279621,-0.8134431947480348,0.47451064782773744,1.2740212015118382,0.5484182611730297,-0.1900549837161017,-0.6782298094815723,0.4251557689123657
1248.0,-0.9388702098859079,-0.9279968474459548,-1.0086460703157134,1.0538319460722425,-0.9899844062331009,0.06517069963750924,-1.1600663251821253,-1.006982959085316,-1.417167353658924
1249.0,0.4999787737087891,1.460066827824951,-0.14333292802290745,-1.2658896444655925,0.7470929923529375,-1.233181430824925,-0.4662801958940299,0.3964267239717018,-0.30322027895468523
1250.0,-1.834801066208337,-3.0780619590210523,-1.5893838735287353,0.2862993462269971,1.0604740209117047,-2.0897796761225607,-0.8346126121536807,0.025521342682620074,-0.6890098008581218
1251.0,-2.3453370031401017,0.17663482710015913,-0.9876034936772029,0.4888337404756463,-1.097247958228742,-1.938531396259362,-1.583372371557831,-1.8430899763709507,-1.6510932431650056
1252.0,0.7047753572775762,-0.6316657940717871,1.016532773774777,-0.15857850482052133,-0.12326407435595788,1.3288894269822904,0.2093118033995156,-0.7994964834029827,-0.2844133192373473
1253.0,1.8920729596186807,0.8859335061727521,0.4579603038647529,0.36041233392208016,1.1383765119284097,0.5763522779690641,-0.1988592473804378,0.8595674802417272,0.653015161395063
1254.0,0.29339464553814,0.3091298417269867,-0.1583795352967669,-0.4766734291864309,-0.06728192425411382,0.4866811938485561,0.8100922933908613,0.15470455479254958,0.6185472722314487
1255.0,0.018142414078230234,-1.2061861879105131,1.0936784601143066,-0.5808679846039109,-0.5148079708109802,0.2329276598595641,2.0936065124737895,-1.0249372838120037,-0.32776852973387477
1256.0,1.2288070386920995,1.6120019149771319,0.2833955863120545,-0.26420045476142284,-1.0585626903027074,-1.1998143506968832,0.16236623841825018,-0.9051928285889406,0.13973378708333914
1257.0,-1.4930253610228834,-0.5658101113803259,-0.316684121186291,-0.6966783426609958,-0.4566835881992272,-0.28964754615986676,-0.791541886950047,-2.0840457631519307,-1.560867299728117
1258.0,0.71060913530445,1.1508666871422228,1.3546346445210287,0.2592245539422055,-1.944831642247321,1.5546362712862605,1.1913744884008837,0.46446009815615125,1.741382901634781
1259.0,-0.7377899701696409,0.13034532281220215,-1.3118736589681332,-0.9433026643860514,-1.0723676191809055,-2.0181543022536084,-0.35018877709980784,-1.788276525920562,-1.7272323951459074
1260.0,0.7769198007818686,0.613475249875661,0.23797912874381708,1.354692285067709,0.9745211842546603,0.06242455117577496,1.0385802661475572,-0.12296531716629627,0.06002601856267436
1261.0,-0.5052579117092402,0.11756297318170729,2.1846765587251187,0.541778986059491,0.03176297226374768,1.9802798179871242,2.2789082273230767,2.4638233387639343,2.205175060044328
1262.0,-1.7725762393779367,0.30157661176094935,-1.9687976181252926,1.7770361936182384,-0.3020990433661302,-0.8286217402120524,-0.6710018249153247,-0.4162956190248717,-0.949280189029589
1263.0,-1.1332335672530494,0.2749409185669588,-0.8801270664101736,-1.3688827836452164,-0.8670088458244514,-1.2629196051465597,-1.8760136554019629,-0.7131703491471412,-0.4854182331300995
1264.0,0.12750269683201648,-0.8326686035173156,0.70622567331561,-0.9824020682830334,-1.1988048457391949,0.6825838930822422,0.20913188266905464,0.6204532650558736,-0.16455954018818744
1265.0,-1.97524163083242,-0.28300903320682064,-0.004445092773020925,-0.22451624824228897,0.19968092084048736,1.127711512134285,-0.8376209061395745,-0.8082479039201593,-0.5180069146507248
1266.0,-0.2055508689437354,-0.06352848655876688,0.7867749512069796,0.28534637940720653,-0.40752719727021347,-0.13665934206659947,1.8555466160366785,-1.155226383047839,0.5793464127863384
1267.0,-0.08789618977841988,-0.45110205372855805,0.04737361120241872,-0.6303901222647501,0.17936755565986406,-1.4161713982295432,-1.001257886517348,0.13950162198656857,-0.9792868623019882
1268.0,0.4026172106085046,0.20425382906266842,-0.25883265736003297,0.6839549202829445,-1.4326466967427849,-0.0009437962948681689,0.3701948024160462,0.7162358447869066,1.0700779000626839
1269.0,0.7577181728698763,2.1548151900534775,-0.8950695405826185,0.49370763547847835,1.6687992435151215,0.8481336122979954,-0.3292044931642637,-0.6753655452039662,-0.07323380345511028
1270.0,0.2724457568562,-0.13346205379553824,-0.03556093008767078,-1.9233010193057127,-1.6115220075997279,-0.12486982158620444,-0.47724947538758933,-0.41575153340451526,0.21210022606289028
1271.0,0.16489314024651908,0.43379631936039337,-0.6271232527418092,0.42777305425541107,0.2845383117728746,-1.0156043936640862,0.6511359934317953,-1.2519173024791674,-1.3932727500403552
1272.0,-0.8496043536485318,0.02256066142148855,1.267221366342702,-0.26503192319411983,-1.2028212393370215,0.21575567203688711,-0.3087335189481405,1.324315332527764,0.4691514180294028
1273.0,-0.1782519654878692,0.21509940400567265,-1.2072233571272448,-0.14660546653229084,0.49986278038929816,0.39822432968243815,-1.0191465452900135,0.4676645338047136,-0.2208526847688123
1274.0,0.2860940556296945,0.006613473572795761,0.11432302886131186,-1.2668767007848938,-0.7699195011300226,-0.6755918084651823,-0.5286914938362601,-0.9595161930227769,-0.43103122172693237
1275.0,0.15326414385411377,0.7929836790841751,0.32270700681052394,-1.8137532805492513,-2.340655734073148,-1.2191716284181395,-0.34931142759113604,-0.7672118111138772,1.386276417481213
1276.0,1.9206535521849015,-0.506533225447076,1.5209510719962283,2.0627968864127526,2.1942749837637474,1.060411220187679,0.6571485171515146,-0.9152254997513739,0.5541670544149104
1277.0,0.2096738928869448,0.9944130651195493,1.8266167999145693,0.643175312949997,-1.0144179713939185,0.3466603456680706,0.34220724730120594,0.7874860644321204,1.542929639283752
1278.0,-1.0604057138112382,0.4490300582509799,1.5794257555123214,1.440637843947072,1.2969083964608639,1.4579561844034703,1.3992384846958894,0.027809360467366234,0.19632332688109652
1279.0,3.284709136593721,1.1888050260829248,1.3182667333099092,1.1879742025193927,1.7768570762708042,2.5823262419027637,0.702832641173189,0.43171792949915444,2.140155551787247
1280.0,-0.3661656580527067,0.3393363051656944,0.22902262817848162,2.693489288268333,1.5445638476411256,0.2769604853262415,1.045977513522117,1.228372991266638,-0.26466534622718235
1281.0,1.3329102318540214,0.08372930225359251,-0.28740150389044783,0.25777862225172704,0.04139719263556761,0.8730121605186649,-0.492243007601141,-0.5421264450003269,0.23589399347802825
1282.0,0.7744576955646469,-0.04668337081608852,-0.027477120571197413,0.38208818430657393,1.0944329025243311,0.25695832849843236,-0.22116579940922249,0.23616916828798531,-0.3501354570671545
1283.0,-1.0668277817211442,-2.5710941444938267,-1.7135951558538105,-0.4733697727266035,0.318577714562917,0.20083211500664996,0.6566450573791064,-0.5834279479041888,-1.750976626940355
1284.0,-0.2946182527158804,-0.744317577554719,-1.0776806724657562,1.0091950380094532,-0.5625974313425802,-0.9699270675487421,-0.4656106552318622,0.5779858537074746,-0.21001284434514175
1285.0,-0.4762746807059496,0.25258234159420545,-1.0571215427884642,-2.3742377767605203,-0.9473340901463757,0.0669963236615295,-0.43597884293062905,-0.10475973707303149,-0.7133459005338034
1286.0,-0.5807173801086974,0.011895726874849629,-0.28592113831877014,-0.17943200656113167,-0.9050580873692602,-0.7624908517171783,0.05073995217470599,-1.2830600453805698,-0.2743472077942005
1287.0,0.9001569086558183,2.196808370208266,1.2994418657020175,0.8930092544935435,0.12057941621318931,2.4344453861467947,1.1387420064611466,0.08023662791285359,2.1104308969516987
1288.0,0.7215805339627747,-0.33402616761477755,-0.3567097437499459,-0.2577125179953379,-0.9016016042013035,-0.7897533540323866,-1.2122174847976144,-0.4431378628398501,-1.325672433612639
1289.0,0.5781125694849222,-0.27325289471776903,0.7250048712641274,1.1957053705246983,-0.806811209695747,0.10267134243114087,-0.5144355502372424,0.9527621383749315,0.642421358579812
1290.0,-0.5725417968978007,-0.18644409020567415,-1.2478996070048816,-1.4998943202709742,-0.48754796154487057,-1.7222231040481457,-0.13661287587986873,-1.6801732753207372,-0.9248887309539068
1291.0,-0.3473193731611881,0.9329853141739202,-0.4756957843886694,0.4830578315977939,1.7825954173617082,0.2713055299557199,0.03432465137606466,-0.6580080242955546,0.30048937760040395
1292.0,0.6827765759876175,-1.21035393714535,0.8453961111405097,-1.589893244876031,-1.0521774721247423,-0.08892852945033716,0.37672507415081846,1.2365012854007427,0.46108040284956187
1293.0,-1.2079087773543786,-0.49900724463458346,0.913148689152998,1.2181114331161833,2.0703282399504204,0.9807887074985938,0.5388135891399201,0.8850562597919858,0.6313759386991736
1294.0,-0.568460526548931,1.460841132902032,-0.29090325376196047,-0.16380430859507994,-0.8785256932591822,1.7732212124026803,-0.22857481687429534,0.7820112939047472,1.4180341249761992
1295.0,0.6067435074247353,2.5704131915344846,0.02074431539625833,0.8234943954479809,-0.03471247375573937,-0.05010914994613735,0.9534066325568747,0.7767847934934803,0.49733109678499854
1296.0,1.1621148915814647,2.0982107666526173,-0.5840116029008948,1.9969949597619556,2.516405057765217,-0.8318812394562775,0.9967936398408416,-0.8445716736674642,-0.45691849271123386
1297.0,0.07620609379002341,-0.10484682460876131,1.0774825279495654,0.7451926147950365,0.7636390380787693,0.8453840209301674,-0.6527923815330606,0.49924097590679317,0.7964124938085861
1298.0,-1.0396284645649478,-1.285431733395563,-0.20164742628576998,-1.1053390547680118,0.15986881753039173,-0.48578618121347206,0.011307161333750199,-1.3886156406335368,-1.1713434385991113
1299.0,-0.000540746314366309,0.2700865686371453,0.45040682473030214,-0.3565915080757464,-1.0584057458747878,-0.38850024262732125,0.48659491480067835,0.5375624378091396,0.26665235590788944
1300.0,-1.3564640983073653,0.7149466013157633,-1.8268217568446024,-0.10965113287411363,-0.449053463619884,-1.903422967920794,-0.5025070982924382,0.06743408125663362,-1.4447592938423952
1301.0,-0.6583448657694307,-1.3376990044079862,-2.2450043329701694,-0.17923363467645306,0.49659148933270725,-0.7487472753726829,-0.95491858941918,-0.06018892506508464,-1.4072876354712487
1302.0,-0.7916925342516226,-0.2437072879123146,-0.5566707876888816,-0.5919707497841435,1.6430489946609297,-0.20804388024457576,0.0538844011515776,0.03491903915554173,-0.6616329007317324
1303.0,2.2232298687386454,-1.4133607467207125,-0.3449547286617105,0.17103381328035094,1.1325782180493058,0.11206294258370064,0.157222025088587,0.8142992975005311,1.3886818538073833
1304.0,-0.3932203703050773,-0.873883977306947,-1.0762156520908337,-0.46891887255971626,-0.5120026029984261,-0.9504810590346183,1.0551939668764652,-1.002843112799973,-1.203699652508515
1305.0,1.9573619092161152,-0.19259920270180583,-0.0109641145001966,-0.013486161965610156,-1.1607115172338187,1.2717394974946312,-0.8089761497134659,-0.6359000037173231,0.47702652993806494
1306.0,0.39154991573900977,-0.3558000179015733,0.08055351534503324,1.340867220494481,-0.8278620032905671,0.7522203873613069,0.8633195940626135,-0.4417537738644635,0.8764874867577336
1307.0,0.24620778241958982,1.8250183635473163,1.0766586307700583,0.5928838380127528,-0.14327471529038677,0.5770844174318713,-1.311408016839356,1.0316272542503107,0.9454221962033055
1308.0,-0.2992535766902744,-1.659937201669606,-0.4792280980715706,0.3391153840566517,-0.11083614873583084,-0.25748517533521137,-0.26914380611177097,-2.0585300336709333,-0.582415586063832
1309.0,0.1366106925763774,-0.19929878185505664,1.38884672947339,-0.12641582237425,0.4471071498120522,0.947949161913737,0.8905983389481249,1.6732064133081161,1.137374760082094
1310.0,-0.3812699783722273,-0.582836777951617,-1.0528750690909068,0.28969508055880294,-1.3628097053541346,0.43911709735348453,-0.6102980694086996,-0.2898153276146183,0.12585103174645038
1311.0,0.4868785841500761,-0.4342695755325683,1.0200771939682494,0.3314045766201274,0.1927542878427657,0.5364399411934428,0.6249934984075262,-1.1412690089330604,0.21097368430008628
1312.0,1.8019681531426779,1.0490445533325263,0.8033652684584555,0.5657761279314988,0.5934599914124297,1.183594984994796,-0.06207522857801369,1.2490186336593874,0.8061383539057102
1313.0,-0.7361856232509449,-0.8895442495990246,-1.511628668205059,1.32803589333894,0.3754772225523495,-0.4232295291094343,-2.313839529651235,-1.0677457110429787,-1.2568714563136354
1314.0,0.4633506527259232,0.0528000940077456,0.10895481796492744,0.003013930027768381,-0.5564207255579083,0.25971911830932365,1.2163631544330782,0.4090377580265184,1.180900508886502
1315.0,-0.5301190540557189,-0.8184898683758851,0.14569185600531875,-0.8159813999245537,1.023361316917856,-0.8724861622106397,-0.37259225465047696,-0.2648822161324236,-0.9978459235549839
1316.0,-1.1637588303428272,0.4374578472281677,-0.7424470396861524,1.0656274297727333,-0.4106217761826276,-1.3571864206785997,-2.02143782256319,0.3263490965171277,0.04276239361859776
1317.0,0.21388406015416014,0.6214479903785521,0.06552899669430967,1.926283846216141,0.04682757715370296,0.0651956726982334,1.306081756529298,0.6750639672423122,1.5461573411332092
1318.0,0.1599393176215342,0.4106814478593415,0.9820396026946234,1.0145166218785737,-0.30894149818850347,0.9854463486899343,1.5165808823106717,0.5694913841362689,-0.2541270247148404
1319.0,0.34364738516621,-0.36640929059171035,1.4578370509226488,1.1551830018364226,0.12306396672553907,-1.2270026049004263,-0.14970925371669622,-1.7220607052841777,-0.03775101558975256
1320.0,0.20459592545719132,-0.15599861273153492,0.962766721109672,-1.0488323239023873,-0.8189307716163874,0.6611687218612275,0.28395129649657935,-0.7139661196139644,0.18207956618556756
1321.0,-0.42605194240588884,-0.9435750514728438,0.02338274517044978,-1.6517171169412581,-1.764972693501347,-0.9567652441165517,-0.5113870425196058,0.6296655247484692,-0.26074547221346117
1322.0,0.5774028836278777,-0.22209665114392413,-1.270680920366672,-1.9188989564816015,-1.3716817539810784,-1.6316600368162084,-1.2068681362592908,-2.255201171865331,-1.0595701228773335
1323.0,0.5614580093206316,0.7876824191846216,1.1549161529683583,-0.35586296285013275,0.8877427080600173,1.4127711465560646,2.1595204663581202,-0.18378607011469691,1.2078825894737382
1324.0,-0.6622365092936676,-1.5230940262712631,-0.2234737422428564,-0.6495573302386475,-0.28492603541041345,0.6154148468576903,0.09333882246423737,0.13086241066757415,-1.3520904196008692
1325.0,0.4882002369731587,-0.3998728208530861,1.2188465627052316,-1.0015812683440959,-0.6068099918715825,0.6243284686859362,-0.11698270624750957,0.7493826629571351,0.8342947083914198
1326.0,-0.1494184187024414,-1.4754383059396774,-1.1370500531875802,-0.2985625957570882,-0.7718504048222077,-0.6139620897966626,-1.3244397367357186,-0.7141100042085549,-1.5332163742210423
1327.0,0.30998090716827165,-0.6451079553217204,-0.010924296661592963,-0.2576258466805882,0.7986362724647988,0.5784062631284292,0.9095072903633176,1.1881794396653564,0.40365878981036474
1328.0,-0.4372916558494195,-1.1901993982158898,0.680630705076956,0.42414926416528803,0.6966222219899341,1.199975412257403,0.4198167796693433,0.7574741791820836,0.44031879892127107
1329.0,1.1696634108717767,-0.041900612071353725,0.44729597559485224,-1.8408849404494492,-0.3656065496721595,-0.666574834895839,-0.10718161518789691,-0.37845210690216663,-0.577821562523212
1330.0,0.0705496278348987,0.48946527554048447,0.37754826217500603,0.5256584260356748,2.511597330451712,-0.18227832400494015,0.9071147877815816,-0.07113896659370983,-0.12275770733819506
1331.0,-0.049420942159338926,0.6958735884011577,-0.1288430086315041,0.43533474293674385,-0.7358948963103286,0.6954901548675472,-0.7887683143521295,-0.09220764807056309,-0.3128571520346594
1332.0,-0.11077905756938052,-0.4240791243165201,1.7469583735710146,-0.35664308137478606,-1.0902641363748038,0.8920356042911923,1.0280267579097675,0.1944819446553347,0.8410717817040926
1333.0,0.10073690447120073,-0.6824501903187634,2.2230382349650264,0.18379270948493434,-0.8691621826692773,0.6459526502736648,0.7328884911351621,0.9438074082595735,0.9506115404652093
1334.0,-0.3473300403020333,-1.8244428337611454,-0.7344873973192603,0.1200718537872924,1.2256377825565636,-0.7295106109043236,0.5819958635266219,-1.3421265546448147,-0.7277635538379931
1335.0,0.22111534691433252,0.7993223215854329,0.4066620884752298,0.4443982893367795,0.4795207310290335,0.950006259575487,0.4064007787751861,0.9880131489113961,0.7729821006070975
1336.0,-1.2345683166985513,0.19163081960352088,-2.573456175581597,-1.2755526457206279,-0.646436570034209,-1.0148927132853776,-2.518156179323176,0.7988785991380688,-1.70978671374586
1337.0,-0.38831969081241463,0.0289619974297193,-2.2432673524451014,0.36244052676714783,-0.029875979932107312,-1.212617065512554,-2.3933175523192696,-1.98806910534443,-2.249868279513853
1338.0,-2.6055683510213345,-1.1899804125255873,-2.0533756523726083,0.5846838405281063,-0.835773070078123,-0.42134559765221685,-1.7498052537830788,-0.6547030017293002,-0.884143333878003
1339.0,0.6354711092434465,-0.38322387449647394,-0.5193789478630085,1.5720250645285287,0.17698056696995434,-2.3401790999064684,-2.250369636262341,-0.5179744398852109,-0.15601255736398506
1340.0,-1.2341335160874427,-0.9205250460765935,-0.07046401102984765,-0.5730576239653217,-0.5847110318477846,-0.7899035661922356,-0.4451934933087755,0.00849475610149072,-1.201040728863195
1341.0,1.1225591136787914,1.1138737349805572,0.19389235879820602,0.9274803970481702,2.033569961173392,1.8713928247482936,0.8977822561707781,2.3191365288111556,1.5036804621772475
1342.0,0.26673611116138496,-1.630766922939393,0.1753847960507936,0.03635108441865157,0.03098986848303675,1.4807979162854081,0.5984774020952167,0.004904550017444143,0.9994425394894787
1343.0,-1.9283923265559744,0.611289515863295,-2.0560060835363227,-0.23345590309102757,-0.04621670875313949,-2.877198124241096,-1.3023018435206264,-1.639630502317676,-2.349754981279707
1344.0,0.8479761728008928,-0.2661349984257645,0.13665468459940391,1.6533933182892948,2.465095026291174,1.0978640302676153,-0.4253728755159332,0.05350502586378753,-0.14733932218093526
1345.0,-1.4747328848276056,0.4345919973260136,-0.5587500849606023,0.8053809531781838,0.3526752316884144,-0.13247429019987852,0.006957556248648561,1.5367795978373566,0.4226813264474495
1346.0,0.7589538351467617,0.3579309349898564,2.2552608001951704,1.0629590252749197,-1.7171344730512457,0.9315609030150854,1.9282981556475298,2.7298338460864953,2.125245353552733
1347.0,-0.3772507346444855,1.8014730110840003,-1.798451413489735,-0.512027018442715,0.7443207380926781,-0.8745969397579574,-1.7196176761559874,-0.8415913528620794,-1.1026017536359274
1348.0,-0.9731008593091959,-1.6641371871100505,0.015309210549147282,-0.3121850301794317,-0.17797252448670023,-0.9409789298848193,0.21358407217497902,-1.096246980733618,-1.0343095221300993
1349.0,0.7599024169592132,1.034313627996869,1.9052681330763357,1.2977055887671045,0.0822584086471256,1.234642727329536,1.615423523185354,0.7749138077389857,1.837174574798194
1350.0,-1.5053467916388372,-0.8538821240697906,0.020732951211568196,-0.5650545875318912,-1.671116424039127,-0.38187035161342214,-1.6457654003503526,-1.668248990989162,0.29310499615047997
1351.0,0.03351190369912272,2.436387851329837,2.3602337812219627,2.0450979116859256,0.14374280626176397,0.9461900387156399,2.3264457248448234,2.3646983631821343,2.3725304291745735
1352.0,-1.4656561046475387,-1.0339228648271561,-1.6120439906441784,1.0485579657107955,-0.17766846950114107,-1.6520023339958978,-0.5424411606526759,-1.4594990839921025,-2.0094989882647414
1353.0,-1.4480660304606752,0.38445559734391666,-1.128658495354121,0.5819500490513518,0.09350000522950569,0.45111905006023617,-0.8072095127447553,-1.421297487187307,-0.9324986757609006
1354.0,0.16241980344095175,-1.257655545499977,0.6601338452482887,-1.218942028868671,-0.35920976421070555,1.6178536570781639,0.2858291692590987,0.9614848579463502,0.9501290828670103
1355.0,-1.5137101271814197,-0.011108277471881211,-1.792686803525166,1.0984810870586779,0.211449127740552,-1.3767724543672706,-0.7799499757940972,-0.9323489745778207,-2.243487873736006
1356.0,-0.2562769533157276,0.26305353062834835,-1.6436492419988546,-0.8262972133047298,-1.265749806330697,-0.7215993956823823,1.1779093220520478,-1.0721978113514827,-1.0575520827540386
1357.0,-1.721397279232416,-0.8660399357993797,0.022884157851327188,0.07719731056799578,0.8347448804586333,-1.4565336233245239,-1.4819916824528123,-1.181180508168306,-2.095311074457375
1358.0,1.370904701385791,0.6808023989059263,1.2582103805582372,0.7847476662327195,1.4111608006669936,1.009882656666756,1.421888054003136,0.6951259541517845,1.5243912431627997
1359.0,-1.6457157546676624,-1.2644160600783536,-1.3473071283546227,-0.03685254898944905,-1.1643439737313714,-0.4095485165824371,-1.0200698448272039,-0.327778112314071,-1.057646089590659
1360.0,0.8928315853839467,2.2134906241956522,1.745333342534295,1.323146415727471,1.2743410354450304,-0.09516362602708293,1.3746515281959464,1.505180558143551,2.0162016905844227
1361.0,-1.8744416368441532,-0.6029053293614643,-0.7872038099551582,1.0151778860390188,-0.5157107314827483,-1.3014494858934775,-1.1189472328190286,0.22554645821877575,-1.0947909830278995
1362.0,2.9701413427028043,1.3854920406326638,1.4112900045615948,-0.2886619123196775,1.1092267868858217,1.5616998540587985,0.6444599418328821,0.349624591774404,1.2759726358606338
1363.0,-2.517499407528435,-0.3780610032101463,0.759675008150456,-0.02113030287313973,0.4359908341460197,0.406954196996389,0.787694134565174,1.5628635167953362,-0.04025533375109672
1364.0,-0.6872310972509771,0.04816641156005292,0.31494058482887294,-1.1660882395237395,-0.5540521185234824,0.6340736303923697,-0.024668212979149163,-0.13910332996354188,-0.5503830208690934
1365.0,1.4263016683251062,-0.038550815140796925,-0.029388689613545616,-1.1019396342730878,-0.937197203677407,0.9393636929498689,0.3898546201155046,-0.5724227666748302,0.48373165482969227
1366.0,0.4432004797288065,-0.4267269200572525,0.4675657126669278,-0.8671194957405016,-1.1917507043069964,0.41280513691742726,-0.015140802564320554,-1.5961900959581523,-0.7806409955362887
1367.0,-1.6878322231960967,0.31862158607373225,-0.45017337930034484,0.6007304696779258,-1.079839671032022,-0.7678975948799265,-0.4955344621793565,-0.8931249578022799,-0.6466607314529342
1368.0,0.6559837396866055,0.9762549891311001,1.0857568111479465,-0.9894304230605457,-0.27300551700017955,1.6140425066555832,1.4196676950007645,0.8813339130771592,1.865613460622957
1369.0,-0.42651332268147985,1.0967427651619093,-0.4225726846270755,-0.23928052863374533,1.3088489431246633,-0.1434883680331328,-0.5450864487156746,0.0660769092832088,-0.42098921799827244
1370.0,-0.6836642600580346,-0.6364560043539392,-0.5434200498548472,0.7129697105158,0.09854027002750182,0.034083803929009,-0.9625176578003279,-0.3776227495533721,-0.039993763618581604
1371.0,-0.4843116374184519,0.6690611290957161,0.3583207500961198,1.1650871736593353,0.3615656255296291,0.4858792819534463,-0.6309025462802977,0.9487224428332818,0.08290582969596921
1372.0,-0.8066294879404302,-1.1892386026590833,-0.515515574354146,-0.310972451211565,-0.09236145071591086,0.545689371936344,-0.3325733914515072,-0.6715077652665407,-0.5739641896815327
1373.0,-0.25808043254396157,-0.4722442144609194,0.4162907732281638,-0.6559980514524616,-1.0180537021998708,-0.34462790799546283,-0.18148688549708847,1.3317500211497266,0.05231150820410497
1374.0,-0.4732421732272089,-1.2389048079364255,0.041262111945579175,1.2364768629002791,0.3917039913718033,0.18865384165361193,-1.0347666080095814,-0.684371510235002,-0.5127828526514644
1375.0,-0.20462721092830027,-0.07374203625341963,0.7556452672630616,-0.831302355933221,0.35666230740454724,1.7148017902884476,0.2688816719657283,0.26629182356454867,0.7188581261754591
1376.0,-0.3544046544142148,0.3742508034589302,0.026703224152344524,-1.3510937360768087,-1.579899129153828,-1.4189070804002204,-0.7142213886606733,-0.26843687272171995,-0.408746405963718
1377.0,0.3002967142994935,-0.2569567052160498,-0.9880482375432821,0.6345750214774716,-0.16299573821552507,-0.6396580483172412,0.7116226333908307,0.3262915994937908,-0.5223476894885869
1378.0,0.9730217510262851,2.1687584523778205,0.1905695987661299,0.03974328324629542,-0.4646924706109361,0.49853088045858124,0.6876623904765986,1.2621512566131758,0.47152663675906353
1379.0,-1.9599315014788852,-0.342630253000851,-0.29261906512086994,0.18545548120189476,-0.5919190442049818,-1.220062194305357,-0.3958794658004625,-0.321017211807028,-1.099623616699395
1380.0,0.6865969113023259,-1.0828091603584316,0.7557658096685309,-0.4264239502047516,-1.838311095592965,0.46204843814772467,-0.1714534888237418,0.5783557930753364,1.160711404860876
1381.0,0.03946218818809312,1.6670863261461515,-0.08065385696331265,-1.1724281089764013,0.17987283413285418,-1.8965045083875935,0.3269777633284167,1.666728940405441,0.723573008573908
1382.0,0.9913681129537826,0.7550788298844865,1.8341730431560694,0.9997231710127314,1.7031028852702526,-0.24067270002595167,-0.4807901896100067,-0.4739186008987378,1.2619118890130416
1383.0,-1.0494921339962677,-0.7101717098448468,-0.9822000339635091,0.38221360391395975,0.20570835789423525,0.5949539637936805,0.7167323704262465,-0.1338391779302574,-0.046476047992395124
1384.0,-0.45716825095720603,-0.6683388138477279,0.7173638641073093,0.09385170348110856,1.2309089353360223,0.42236215018585516,0.3292918447538158,2.107579774884298,0.3812844041252443
1385.0,-0.12083439589802822,1.4026416980126473,1.3837306207884388,-1.7717215791417296,-1.7547256934609208,-0.033372777141039235,1.2372910672727082,0.12163473054334636,0.613311088447502
1386.0,-0.23921978554762555,-0.7401319601877167,-1.2287178045896459,0.2899930479406301,0.7990036049737544,-0.6743078515605081,-0.5611861042408997,-1.03909316053521,-0.9514298253943612
1387.0,1.782739289411283,0.5147485784576467,-0.3879038712541852,0.7472753771284478,0.9269279680682706,0.590834104414525,1.587447646167235,0.22522286212200018,0.9362886556064154
1388.0,-1.57568356302011,-0.15104753979405358,-1.0640462726636197,0.29847987853384883,-0.2644642617165762,-0.5793320426741634,-0.659446866748161,-1.395911935795671,-1.0191482635272127
1389.0,-0.09583925422824174,-2.4337850857661327,-0.9016524892370134,0.21970029323221463,-1.7100216345603618,-0.22117301252709015,-1.1569324314963996,-0.4662051345859941,-0.6731632662650937
1390.0,0.349482794137404,-0.6737671688946321,0.7022356835006907,-0.4407614705613346,-1.017033177169161,1.6702319497681488,-0.8404115728960165,-0.5372628441793975,-0.3909778040665252
1391.0,-0.8427278222496799,-0.9764896180712535,0.07794942890217067,0.40860596103283714,-0.5524584659567191,0.48668407871830704,0.5406341274063351,0.27681286968527724,0.4919356145961999
1392.0,-0.5261511851665802,-0.6319968847398842,-1.3583183954887728,0.8528169245809238,0.8652276585495297,-0.44655185125979135,-1.7193207821956884,-1.7350527291024371,-0.32614217819009966
1393.0,-0.44969472699126545,1.33838014756122,-1.6726615388366417,1.4637634649905304,2.5311854431008656,0.2801466374844572,-0.06273310150618752,-0.8903041146505968,0.44930040518865694
1394.0,0.7643230734890083,0.5422092020617066,-0.49490020901009735,0.38210828712941447,1.1927434438335545,-0.7541308897617611,0.9711929298954669,1.895373878710419,0.21897149598181626
1395.0,1.5802881635977273,-0.03195084104544837,1.2734132167797139,-0.41527126757459215,1.3171712228688972,-0.1014586151267127,1.1601765136339701,-0.6780673939090769,0.45516737370231924
1396.0,1.2021844627416987,0.4397810323599317,2.0525493237677903,-0.0072655660508881125,0.19166162473301954,2.7167115839197553,0.40825074359697533,0.5052610049655065,1.6478312120920071
1397.0,1.2283068457708852,0.8488358531515295,0.4648840308997128,0.07445580348341814,-0.7640003910543767,2.1599635039746112,0.5714175147436433,2.041887352446823,1.5831229581946258
1398.0,-0.527881024028914,2.835423585834325,-0.40094339951343577,-0.3971247305183345,0.39950855681379094,0.8010121889124524,0.018995314878127976,-0.6991184771650094,-0.3821884701129123
1399.0,0.7503087813391605,0.8902203256543912,2.048972644881916,-0.23882414691363785,1.1838845377657201,-0.4285224211744157,0.8972665139790468,0.9107536479622041,1.213415764244695
1400.0,0.8243865510603888,0.1579144615151301,0.25634118757099644,0.24616882608137447,0.08719677101961905,1.2199866165695843,1.297750099216946,0.10952318981276456,-0.11105056021788724
1401.0,-0.933487544588335,-0.16126116498837448,-1.2247593677658277,-1.1404126218425528,-0.8330437323168384,-1.1604668737689865,-1.8936010923420783,0.14945999904328552,-0.6390863713249826
1402.0,-0.13842962391446095,1.249084573914473,0.38707192271129043,-0.7420387010887127,0.2182422968635184,-0.0952017806750393,-0.15045958495838352,0.01911047983980529,0.47154260590085945
1403.0,0.12856992193616734,0.7711837785076769,0.18486288450188393,-1.3835707801043042,-0.8176716488198026,0.5506381499699807,-0.32437343508143246,0.8520595594046169,0.7300617370475326
1404.0,-0.11847362022947255,0.3385090240016409,0.8560447722750544,0.7844671728687326,0.4409998409342465,0.23456989635508405,1.3601827742410382,0.006262901015865164,0.8823412890500679
1405.0,0.7387357951885014,1.0330609334718261,1.0344847580170233,0.3553656167411481,0.10856555095646116,-0.34355495710670725,-1.2228752778321208,0.746431505859897,1.1343685784115236
1406.0,0.29171222668748037,-0.031782719776865254,1.649899072035605,2.51616249507398,0.04429179221076052,0.06785087168983087,1.6353208826806558,0.23690144646860453,1.4325834718137909
1407.0,-1.5740510976866804,0.22634551414962534,-0.20399912513939872,-0.4913557460018872,-0.3539457460556126,-0.6349260791583561,-1.1803587369500013,-0.04576064622335147,-0.5993786621597522
1408.0,-0.01760856788769947,-1.4925585125379404,0.5012924681316123,-0.7679366697672274,0.7532266506150068,-0.4618455842370469,-0.12829110794359053,-1.0523881844948368,-0.8584425763714078
1409.0,0.04325983105578606,-0.14182800536617501,-0.28878892506865894,-0.23363530201609764,-0.4269872712375369,0.7025052318956101,-0.06353523597061583,0.47736435179915804,1.0387261436506472
1410.0,1.0828734319416904,1.0981900693412685,1.6061862530067157,-1.353342151875944,-1.559357941720503,-0.5709402814890566,1.2150466898862862,-0.017490410230877003,1.8455706037116664
1411.0,1.314182270460157,1.814042094329654,1.6737611643878954,0.29622157869233967,-0.47832511475113565,2.343096727435944,1.3304444477347652,1.801575827198023,1.7911182494490137
1412.0,-1.3708203760300868,0.9493007198391067,-0.9829889358411966,0.9914933507851735,0.8151806479052632,0.19917692525566585,-1.725496212209095,0.0452427292236635,-0.5724770672932141
1413.0,1.9179878125963457,0.7360875705339918,0.5108654888316292,-0.037015140836710925,-1.7065783430337589,-0.17552040940205133,0.10199462848237094,0.6876506869235044,0.8221923952054554
1414.0,-0.7190741214530707,-0.9217463911056417,-1.1845393488280789,0.26001344248956815,-2.3153690217077707,0.12255869691300224,-1.052825277850375,-0.24557676354573382,0.09680575534525479
1415.0,-1.5740383049379292,-1.046338324524748,0.4312399227367611,1.2209647650709194,1.5845476472205835,1.33906035896351,0.043481733962516644,1.0923851167432572,-0.3213095507426699
1416.0,-0.23112243699952956,0.24602552890675453,-1.0378149447397376,-0.8716932715720352,-1.2811711234062606,-0.4076562653138784,0.7555187048644414,0.5074517287400433,0.03355386538919377
1417.0,0.11328783286622492,0.8774584225725514,0.4000954185672571,-0.14441191983456114,-0.8579952351139709,-0.9065661436250612,0.08687428450699881,-1.7127070559799,-0.24367461508214702
1418.0,-0.21609901108230162,0.742702953066242,0.8978887286063991,0.6629690384450464,0.7169851595452786,-0.19193948235945743,1.1540318260288494,1.4650477636198918,-0.14078116119094766
1419.0,0.5177258227269171,-1.2933365396338015,-0.23325918229640902,0.468406268895908,1.003999100526646,0.23867991349416792,-0.2931009691145184,-0.6102389241120094,-0.29726574166902486
1420.0,-0.010651510851093216,-0.13928557442969652,1.213814800905062,-0.4488678278886153,0.06897325758489249,1.5787548320861962,-1.0643138286162133,-0.09752371826678925,1.0805358945427987
1421.0,-0.8942721298948124,-1.472926317682408,0.40574848216241616,0.47568363632862326,-1.3090442735011991,-0.8668805419012462,-1.2125788743467687,-0.6409518833978183,-1.3667941395847427
1422.0,-1.1867593068576108,-1.8382744181512232,-1.0971890236932407,-1.7268008354579347,-1.5234918352302103,-0.4856833490904945,0.05639387829885358,0.5267953463053138,-1.9406424753489462
1423.0,-0.3532014354866569,-0.09468532286283714,0.4198596136369065,1.8674150890600352,0.10007395955456164,0.12820552554774153,0.9974892037761058,2.9262735142808225,0.5942325139402839
1424.0,0.6890123533304975,0.7146120553383514,-0.18934531120657255,1.1914859556594461,-0.0004952361876328703,0.44077625117296615,0.2336353484848337,-0.8069359628020077,0.28433559213928017
1425.0,-0.4515639814671029,0.22736084448689708,1.4539851968377044,0.48328132166573284,-0.019921995577420137,0.7662584382329802,-0.11439607151405984,1.0048645095907374,0.6126226676949329
1426.0,0.992539323192872,-1.7686008174406431,-0.3530982721924452,0.010192688784949461,0.4637217055128516,-0.8014763460530275,-0.0801482820802625,0.7753928239467456,-0.3624648340466522
1427.0,-0.36960391350670097,0.7572154263674805,1.4887064868407385,-2.540391845635456,-0.4533141376943141,-0.9543131510834096,-1.0561583764998508,1.2035905901777533,0.036034208018615455
1428.0,-0.6789849506632942,0.3585953880153266,0.23604726264522397,0.17659483241610532,1.0677639661473912,-0.5490301435338192,0.5433598534389578,-1.1306189457629008,-0.4676034352079845
1429.0,-1.3511215183481748,-0.9144444409738658,-0.04897536370547462,-1.0702014214143674,-0.8616497913029507,-0.8687099357411131,-0.7043844653673929,-0.7570754492521844,-0.7010278784172687
1430.0,1.1992446871610245,1.6303932820351938,0.23245235341758036,1.1403555415572102,0.7885683728392817,1.0916554871200694,0.43265359819875804,0.45608283516743636,0.5806636277271199
1431.0,-1.0327018383328102,1.23959659280394,-0.9800834553502313,-1.517653551889831,-0.7130850378245996,-1.168786391412569,-2.8110329841685853,0.10163206509741506,-0.8503232325486079
1432.0,0.8110636057406008,1.164628712562454,1.5635556458679358,-0.8129422799857489,-0.6327302014815435,0.3656829125890523,1.6003572401767483,1.375344227776373,1.1135541046060604
1433.0,-0.9430289287161021,0.268856587727163,-0.7756842481074346,0.05492926432376002,0.903776730965601,0.1335005499806904,-1.3411793489136696,0.737430980831119,-0.725973167112949
1434.0,0.43637072705388646,1.053005670438129,-0.8321313167448404,-0.7532405969543369,-0.13846825799482532,-0.5029683389380626,-1.7722735818399618,-0.47120488384551834,-0.7257747649290187
1435.0,0.437303040442774,-0.5636218383491263,0.03436242031749439,0.6841032950103028,-0.24496494056098475,1.3119515274214346,1.5011501716468092,1.0802974220691184,0.7834624045382025
1436.0,0.12435698223380694,-0.7825266354266777,0.4044807179726451,-0.8572103630420812,-0.33884574831832054,0.7040048559976133,0.4439214912687442,0.9126846269554495,0.6337473236799924
1437.0,1.1777313018381206,-0.5794725558720245,0.04161377456504608,-0.19336612700805417,0.7898442103545866,0.8529933331938474,1.9449599760157228,1.0069616545058615,1.75072759682166
1438.0,0.3186982248804775,1.4189444032073935,1.5814409898581652,-1.843293921496039,-0.09100436163421745,0.6887552404047409,1.6950157216636705,0.33012346714537544,1.4174673528671553
1439.0,1.7006288152853042,0.9851017241330016,1.9069192616629231,2.0702400380131087,1.2429355013133239,1.9276069676082457,0.15655322378636766,1.1917722045925359,0.8905224686899998
1440.0,0.6588707777959352,1.6469119398766334,-0.8547118548957764,-0.8787250367512037,-0.35612377161506503,-0.3949424351458125,1.379006506326186,-0.10119221164694037,-0.035420422484248364
1441.0,0.02504355963383783,-0.7918904244891481,0.2850515756978966,-0.029713328787636772,0.8946561330552184,-0.08981660858863447,1.0878662692799044,-0.2840401094313666,-0.061132218629187524
1442.0,-0.6262255483629102,-0.47625561253375803,-1.109999157263384,-0.18510310491275223,0.6484468673644531,-0.5734233955764374,-0.3537324621497925,-0.9616670200341076,-1.2715777194392817
1443.0,-0.8568620608625209,-0.042889213897538664,-0.07004261183788514,1.2817088698665802,-0.35559334442663615,0.9063238752795086,1.0125021870994544,0.22034256342402952,-0.1811606784451624
1444.0,1.1235151062266395,0.08769591365071425,-0.5180425805049549,0.25771667756561134,-0.9936956115514812,2.4993730020848446,0.7748293077844177,0.7294782074874018,0.7204386825007466
1445.0,-0.2778337832486724,-0.9361710922297445,-0.22588433605570649,0.13784465631461154,-1.0321723826999967,0.49394899367399797,1.2954604428705174,0.2513410373712626,0.3528156650195777
1446.0,-0.23889273506306344,-1.9511977272733179,-0.7055063938665426,-0.3050044494761644,-0.5163777391150607,0.4524842908732278,-1.2927562662176322,-1.115232286887969,-0.2890305514525774
1447.0,1.532378327658075,-0.57107893946403,0.8144589101956589,1.1192954257740673,0.446402443517758,2.142260563370616,0.9418063933435991,1.515910126252531,2.128446659639115
1448.0,-0.8616290073244474,-1.4499724031308074,-0.15688395026960264,-1.1315516509983603,-0.3703593690305987,-0.5669479379640567,0.41276534274894583,-1.6118471206552984,-1.6383507598298124
1449.0,1.0872289410835079,-0.2242693154256466,-0.10779445759294957,-1.3248735186057163,-1.312833986156433,-0.03973717303635388,-0.8746238435630331,-0.11918179701310659,0.16446228832424242
1450.0,1.0354733498046715,0.4630326015439276,0.8851175969769307,-0.23484632881344392,-0.6330811829819255,-0.6147770364206856,-0.7008842761976444,0.834899307561682,0.26549272548864045
1451.0,0.5754065287124159,0.2578099001832206,1.143411372623662,1.0132526714546684,1.2500665660023986,0.14716490486113126,0.44600332608848253,0.37102168774648503,0.2375994279042025
1452.0,-0.26531884278909385,0.9717555831186436,-0.9844089725552194,1.4253463858152342,0.5172000171399981,0.48565976741791184,0.763581413831367,1.5204057916318625,0.3445630814696186
1453.0,-0.4730232441197295,0.5493749610666482,-0.2635272051353582,1.5113024400117974,1.3223168357261044,-1.711852717019453,-0.7474753589958284,0.8222276794484685,-0.4402288805547002
1454.0,1.1220456996471324,0.07303802896252408,-0.35834220383800597,1.6852453450428295,1.3655505455975079,0.851993164812027,-0.6362397705916011,1.9148413714302444,1.1950444409692709
1455.0,-0.8062921108905226,-0.17570161701571996,0.620451429891051,-0.4153194898157733,-1.1304951066097517,1.0820642751255092,-0.5868334354394324,1.8057144530209386,0.8195266908948579
1456.0,-0.07913822097337202,-2.440636976588166,0.37516542871652775,-0.0047018119619037235,0.9972833808971263,0.1388827305444922,0.07261014194510636,0.6388362921515905,-0.8373671911001144
1457.0,0.025172018314973437,-0.850482947648052,0.13478270757631688,-1.9701369695290887,-0.5063040658728437,-0.7825567736853711,-0.59243998745234,-0.5216946608270154,0.08562448437170878
1458.0,-1.5087295531994254,-0.46709886287736846,-1.1554209093180068,-0.10392447317321495,0.5112384050706018,-0.04648681917684705,0.15734101993861316,-0.4657457242251327,-0.8328532140092887
1459.0,-0.7232600285737251,-1.470447732533987,-0.20654708612950107,1.7445802792473473,-0.32768620387504277,-1.751336618775482,-0.3294070487778592,1.1045137454033749,-0.3594649889117534
1460.0,0.7308497488268301,2.1690427107445625,0.23087137598736135,-0.29401516351362134,0.10390966915512309,0.5716594183592038,-0.3333400340651881,-1.867999159494703,-0.0014975004389317845
1461.0,0.1152273248213128,-1.1603944494689655,-1.3225824429361048,-1.70303458213845,-0.3968633688103229,-0.6429768953649895,0.8506317563544851,0.23744400686175124,-0.8067783903073992
1462.0,-1.2782192021314915,0.4369647679942872,-0.6382057047614936,0.4344574475410549,-0.8826897798878511,0.10532055898704192,-0.0577031379286595,0.19524061339096446,-1.6488883408940593
1463.0,-0.6392166198210021,0.5677798127608732,0.24147699257793703,0.1786300660299282,0.935915960661406,-1.0512062920893734,-1.4318658733942804,-1.3423587940422785,-1.1543207865597025
1464.0,-0.06290937008699768,-1.442692973228053,-0.3207476707114996,0.5568148843457967,-2.0631549670646736,-0.5748296259316894,-0.05450976836575214,0.6990152597962368,0.3744857310088438
1465.0,0.6403171407502373,-1.9995200675304465,0.00130082344849058,1.3976468932137263,0.5662564305329547,0.561947996456641,-0.23670299660816205,0.6852388116099688,0.7476056052185502
1466.0,0.9116527113652776,-0.391275213814354,-0.2774997878355179,-0.6548712657097533,-0.17956436681661658,-0.34668120882037906,-0.6522515739151747,0.7674524908517825,0.38804428229230203
1467.0,-1.7242324390921318,-1.059408089467604,-0.5181488972736861,-2.0825465169980864,-0.9885396751334848,-2.177643585992651,-2.2401427521597927,-1.1299282264869122,-1.299157610770889
1468.0,-0.2977611513670914,1.0372449539132156,-0.9693655955667779,2.200117574937906,0.9638339874054248,-2.0892004330539047,1.4846581473882177,-1.9185402224852592,-1.269835174643912
1469.0,0.708341458066862,1.0096147108116742,-0.04027637027864284,0.768218857162844,-0.15838751947486046,0.4957440118239071,-0.860967451160071,-0.5287221601943948,0.7192253648060288
1470.0,-1.1870263973488921,0.45443946170738714,0.10197144442248175,-0.11946403332317708,-0.4681050332582217,-1.479125847966345,-1.7645367316111673,-0.40347540887262756,-0.4874379346141353
1471.0,-0.2666767605255213,-0.9779916842256077,-0.5750497021390877,0.3502478467078244,-0.11148916765627045,-0.6192066463660277,0.89298803368861,-0.4607195153387563,0.711213579844393
1472.0,1.0144097696866767,0.33236043350401256,2.3754899708159236,-1.9140332112297012,0.41083640365023416,1.3766720909274064,1.6272374340566045,0.7445365418113339,1.3170409221943709
1473.0,1.9578433636011172,0.20274575398918815,1.1261750074587986,-0.7447841314599803,1.1239595076288198,1.4153849304877977,1.2867897082137139,1.0706393666993497,1.7027747990164799
1474.0,0.7909516864906142,1.500143427951798,-0.9906488996077867,0.28700313808598943,-0.6615926788454385,0.6013363909166826,-0.6901192610755451,-2.167617167042889,0.3476696995149395
1475.0,0.7015372932796909,-0.32445149015405594,1.0588823388262463,-0.2722418725088206,0.8958438878166447,-0.49397437492102864,0.42751830027699433,0.5636988695604925,-0.11452825942185874
1476.0,-0.2747845366589979,0.12897762220967648,-0.5019440945166442,0.49027710785864714,2.0350092062691014,-0.6952895588339402,0.07095168974295475,-0.446563377069386,-0.24413231097391389
1477.0,-1.237329606912754,-0.3724572423718133,-0.3640132354623222,-1.185480277967105,0.009468321002751374,0.21114648204976225,-0.7829715516229101,0.7752319876607529,-0.20327183180516334
1478.0,-1.8863376198473232,0.22688614593733836,-2.3215000550867577,-0.4951160393523694,-0.5796285569825921,-2.7668020219960603,-1.6715225517796979,-1.4940050924956911,-1.617014934164578
1479.0,0.5322246346305983,-0.47642794138314387,-0.5802547115313569,0.4781363693410672,0.4402156219206284,-1.0363381302564532,1.9371556410100905,1.3803921482351942,0.10632991594146113
1480.0,-0.48150454380471375,-0.546148232046466,-0.18222371298392182,-0.03493057605875934,-1.3555549416311257,-0.5242169260543421,0.8113947189453128,-0.1546706895159947,-0.6639392292642315
1481.0,1.095936051037755,0.41318009111743226,1.4883669962922748,0.13672137120089622,1.909750604772322,0.36236755143437316,0.6680827846433158,0.6170959607731387,1.155643077718674
1482.0,-0.8966878068438398,1.3309701922371877,-0.035844099513254124,1.4203845273591986,1.5785220274108362,-0.5598507332438204,1.58169622749404,0.6404154523877009,0.7388702473763368
1483.0,-1.4633413699183513,0.5336169445618683,-0.517999572621129,1.4673550091234109,0.940757113464498,-0.6088466341232385,0.48197732323807474,-1.4792120663217363,-0.02742381098726509
1484.0,1.1645186911826761,-1.0560124990180728,0.21761700742062562,0.2542534540364367,0.15512316019105907,0.5649657314302842,0.7144641935379685,1.0776331075863739,0.16696971375326036
1485.0,0.42735128853413684,-0.26460371327678506,-1.0673709749658542,-0.5264497811263733,0.17931429298265658,0.3049274518746325,-1.604966937972177,-0.3121471694368006,-0.5313735061404564
1486.0,-0.8496236446807318,-0.7760213671975801,0.005465764306177009,0.35881207178237223,0.2112216539019023,-0.7974381503419048,-0.02003796316742995,0.033500786690950225,-0.608285854222466
1487.0,-0.11856104407331265,1.1236838517260768,-1.3051782385787778,-0.02406861966048847,0.07395794165218493,-1.3981253294895908,-0.8457837417613272,-0.500872466070488,-0.5797498271412512
1488.0,-0.7363571260527814,0.4194162740715764,-0.09992502752287143,-0.8011708500915762,0.4949765487490981,-0.623357850076761,-0.15166461973574114,-1.3461232440943394,-1.2132189611235225
1489.0,-0.2357104260179673,1.0058484163279782,0.2798336527103492,-0.25687078523217427,1.2860438208596836,0.41100087449486544,1.0317981257084328,0.3632312678215821,0.3219415350677366
1490.0,-1.0805576961643295,0.5135085013138695,1.1075344082208616,-0.1371629170919327,0.5306802456393799,0.5344709628870884,0.9882605653214719,0.8467820110893577,0.7076173639486198
1491.0,-0.6496558354009665,-0.7802649227603924,-0.3150167269992131,-0.5520479682454587,1.79658638460005,0.18175459280283576,-0.30564625579760807,1.0132786412832628,0.6833762250802828
1492.0,-0.7823649796737019,-0.29502018365898774,-1.6794853113704764,1.964534661447683,2.0363017053979457,-1.6045836272984042,-0.6940530800169601,0.3270712714191476,-1.013986742535443
1493.0,0.40927027903316343,1.209626004274753,0.7566499388415536,-1.643192317909787,0.042713466471043314,0.5407816479140679,0.9296440615770076,0.648329890393159,0.9538144881194337
1494.0,-1.1283727299096955,-2.0930621863275074,-1.3303036383185907,-0.6622323773892218,-0.6449930476840047,-0.7593054105944959,0.759714615871799,-0.5214412145367955,-1.200706832621718
1495.0,-1.0644022340234687,1.1569954767874153,1.0195203986445482,-1.5307091350751054,-1.9168216985421562,0.2530528958588486,-0.9958256034663379,0.10295561991067313,0.1463500759603647
1496.0,-0.15619608578716648,-0.09854130507454534,-0.8073764682954926,-1.209892399592167,0.03052079034818516,0.8768488989727752,-0.5024609742764488,-0.036999917180829824,-0.7731584505961363
1497.0,1.0267168194576144,-1.1429968444976326,-0.3041493821237083,-0.3217872426160299,-0.5373532736300884,-0.9432368646500896,0.8922352237011925,0.5387195668287783,0.45689100221391254
1498.0,1.372321832179845,0.6528050896922537,0.12083942856257644,1.0410753802975066,-0.5165136371150346,-0.282048452359951,0.051240975733740604,-0.6287485451536764,1.2360112685393116
1499.0,0.2859684652253676,0.4531008892892658,0.00727568665523747,-0.10782966223051506,-1.5940594854978145,0.48803925205713966,1.3765848271293026,0.4370041277405008,0.4278262223798751
1500.0,-0.20875492405244356,-0.3331590062661953,0.18742896934893546,0.4303540524481448,2.313207448276898,1.5675347281707612,0.7303650312910949,0.4638854734360804,0.1166577319921902
1501.0,-1.2999888966510265,0.15889578339620408,-1.9144557456040563,0.4803648251067659,-0.7866270771914374,-2.124792354866944,-0.5578315080947354,-1.823965086312774,-2.075601461187059
1502.0,-0.5008877710610732,0.02142003853028462,-1.2948944169910108,-0.8946073738030408,-0.9598606938298668,-1.2660128031000855,-0.6079244485377594,0.17198256757163244,0.06672222316980182
1503.0,0.010214793818527839,-0.5267051753310718,0.08651967765053949,0.4225631524641386,0.7641826373330425,-1.140735409053173,-0.9381987864037503,-0.6034451436430642,-1.1202586898772255
1504.0,0.49158761646318816,-0.6257844150167606,0.2609925789100766,-1.3505579321001917,-0.9623215871733267,-0.38660207271002217,-1.589911419283947,1.4406153398182566,0.14047062018460063
1505.0,1.1569010958334667,1.0043565756359112,0.972045923710203,1.9948744402277077,2.5183282541575194,1.7233198925824795,1.6228714827384867,1.5150949243370289,0.6827883169215351
1506.0,0.3530643425155167,0.8644305299681543,0.5035366740563054,-0.18507658724307857,0.6806860431973231,1.2138948799411735,0.6696013197117476,0.3494511508198672,0.8653054683333904
1507.0,0.8004646941726092,-0.2710868783691171,-0.01519032168184802,-1.5027398282314368,0.06341040959069767,0.5581909076634933,1.1598095793395413,0.931782000264549,1.1735165567079318
1508.0,-0.21565746849459766,-0.19840448753507237,-0.7588893032595289,-0.43404973648989364,-1.4127922343991015,0.2531819144918218,-1.0701702323682438,0.7021000046088786,-0.7315979889752129
1509.0,1.1682012958752317,0.6903632464235913,1.0646794879477945,-0.6148629100506249,2.0600195549418863,1.306889839103589,0.7889244810266888,0.22875882767850653,1.539293710567198
1510.0,-0.47753024508657005,0.5676869099680255,-0.17005378816895267,0.5033805255794959,0.129430005145262,0.4429645268365122,1.4817781106162504,0.5628474296248859,0.21482189521897324
1511.0,1.4346954023807426,1.2307549842956431,1.0885222410268272,0.8764435954560524,1.5536738626486617,1.722456356664321,0.001365106099999136,1.5614829189976331,1.8295138220569516
1512.0,0.27265493240587674,-0.6723164996105606,-0.7298524718957826,-0.6153345764008897,-0.16643866418770925,0.9382204617496827,-0.8002930876739598,0.09429424319258098,-0.38792634881144267
1513.0,-1.4939919624153342,-0.9377318954568598,-0.06568020334061636,1.1891125701102863,2.392954373342636,-0.3049009522277754,0.40441651552991176,0.5074969523254429,-1.8109445197673129
1514.0,-0.3995421891664259,0.35613396403126846,-0.11870987207266487,0.8943436102243811,1.1635071793047869,-1.205017734824967,-0.44258796496847586,-0.4361055970476619,-0.6987126926243131
1515.0,-1.1612561092251363,1.9012584866139888,0.42159377122986286,-0.9631646723334999,-0.8064196145924558,-0.7366112920739784,-0.35894034316926715,-0.02607971966122274,0.8220595902835734
1516.0,-0.5342216654020985,-0.9880329106641189,-1.178860900725235,1.6165322505583999,0.39849649399893294,-1.1227974209748137,-0.6970972343553571,-1.288842066033434,-0.6666886001752608
1517.0,0.5355250921799581,-0.48625343846704705,-0.7585225317436641,1.4937815107912735,-0.24638865590065995,0.15482236465754382,0.17930102407144688,1.0186292963059478,-0.25448158695357814
1518.0,-0.6690053123039436,-0.9980977139339317,0.8268262379546981,-0.9078278349155955,-1.8844009351040685,-0.14285178336727483,1.7837334733064814,0.053781987779358706,-0.27090116726236246
1519.0,0.5242777989238714,0.17919127072765417,-0.08166707678957098,0.31949058929950347,-0.8327366975339214,-0.08092050357063665,0.2334445008016177,1.3211840075506196,0.15544787178966496
1520.0,-2.0190672472894664,0.5921404558285823,-0.8217180422480347,-1.0655019678076703,0.5816766596655477,-1.023331825166626,-1.5617635876841254,-0.6127798096264806,-1.1667922747074717
1521.0,-2.288845063641167,-0.7926232501974649,0.3706425691640942,0.8831156200427142,0.3772692913598858,0.31939856839284503,-0.3330176170550429,0.29774550123686094,-1.1493685551319943
1522.0,-1.0511009526090065,-0.31759838044446126,-0.19361327085222949,0.22788337082456156,-1.051592120621179,-0.14816841089870542,-1.3892131525100007,-0.4702800205740613,-0.1969924539485657
1523.0,-0.011905369657728704,0.28117214590785433,1.0830571547204921,-0.8683280867716732,-0.666210173110178,1.4209169466030895,-0.1338571069189356,1.0278702893792693,0.8556202329615867
1524.0,-0.6617678187479427,-0.3247155607749893,-0.5843757144555467,0.03549945640270198,-0.6425539503075768,-0.1458834787350773,-0.558836877165122,0.25329675483870245,-0.184985253126985
1525.0,1.1262292829898777,-0.2258194941832374,-1.1319486334429123,-0.0664589716343049,1.0211171448802059,-0.4411413019402246,-0.314955671086372,0.17847217108795413,-0.43873751463044586
1526.0,1.4013753621648006,0.49954979818189466,1.3963955654557176,0.8259908222396264,-0.2293119428967281,0.9271344499471962,1.5500917425491596,0.33508688165595496,1.195880720860862
1527.0,-0.3608290337475087,0.9844247507531679,1.842375387685527,-1.356822256295025,0.029189921952905082,2.2809762618486196,0.16904295619388401,2.1016194533828942,0.6804190980848892
1528.0,-0.16454810856902968,-0.48221359053367696,-1.5752723449765604,0.7531543968618236,-0.06867225258585556,-0.9286065629634154,-0.26654310157098576,-0.8337093101002583,-0.1362259424271651
1529.0,0.038921929537809014,-0.689650987937267,0.28436721527176306,-0.027461485817951353,1.119253295086035,-0.2949675069352626,-0.23092116205557384,0.09069089457394001,1.2075389654438766
1530.0,-0.08285939781836649,0.834270328873581,0.4581169840761416,-0.19501092916033697,1.0027936545782987,0.8239585201574775,0.06050732741305552,0.2942487774679449,0.34061360187492074
1531.0,-1.2361492385852735,-0.4946466370129877,0.7907704243412974,0.787532563226092,-0.012482198349019511,0.45785949928990244,-0.9426811234303744,-0.131022559823336,0.5638787148421912
1532.0,-0.8571298446849412,-0.7891228058309814,-2.629055150194589,0.47032113493141153,-1.6206586960135216,-1.008367360752716,-1.2398660660427396,-1.1308934594503504,-0.30390381172512476
1533.0,-0.35170526471794716,0.03502999317537169,-0.8620894478565608,-0.4322703081767251,0.09400417250886317,-1.8432412702099945,-0.6233094342776978,-0.35640720902376427,-1.5555258843177044
1534.0,-0.6158780008046115,1.7806088596172096,0.8070477567701425,-1.2199527593512904,0.12417572302165883,-0.37677502688887515,0.10427254840842314,1.2822852462219003,0.43927812112622694
1535.0,1.740201851420066,0.4631465839885585,0.8353144873804735,0.22541862975378515,0.31750068398095393,1.378717729712456,1.3600016808924176,1.0137399293024343,1.5337957130046902
1536.0,0.24623125111007688,-0.724239537393411,-1.4907532995229948,-0.6371939924788312,-0.9133589415985313,-0.5871472526594925,-0.2415107072563845,-1.5159688439283154,-0.7049057085491348
1537.0,0.08084427548590448,0.091942985773712,-0.6759059998106006,-2.1180743397233486,-0.8454520155733785,-1.085669452952119,-2.4459464693252384,-1.6283286391409049,-1.736831537138671
1538.0,-0.911884981861148,-2.0705631984534407,-0.45583238542866295,1.02186100581178,2.132328789725116,-0.07993187767057043,-0.08258862008264176,0.5826727865430582,-0.5865300574465512
1539.0,-2.155621755667464,-1.7762537430430971,-1.2251409330035032,-0.6315189349828383,-0.8366979322964256,-1.4966853987804813,0.16544809696024745,-0.8379665014883533,-2.402729079372733
1540.0,-0.46613446886301657,-1.1331606254247544,-0.38961433873644424,-0.5867023752884118,-0.9769187472948915,0.9322475585887792,-0.11079415621601627,0.06728051842180852,-0.9150838408018702
1541.0,-0.7259439237107398,0.23305652588192494,-1.19582186344587,-0.2936919108571132,0.2754522299497427,0.3684933149216905,-0.8595082091843452,0.2040261707810765,-1.1371567082125384
1542.0,-0.3341418678410082,-1.8332687616144334,-0.756116196315751,-0.3678104535045413,-2.346803562602698,-1.9911800274241274,-0.9670449088651427,1.122516133032661,-0.5896802435576619
1543.0,0.31981856134748005,0.7210011849350304,-0.3521659266043851,-2.2087920410397937,-1.0304812673923989,-0.1552634407651972,0.46789251881706756,-0.25034635515485865,0.19195506548372737
1544.0,-0.055037269546778664,-0.1477475999553171,-0.21481703566103943,-0.11439586274467363,0.8898096943245334,-0.5527719869329941,0.5636107759110901,-0.7042113157653845,-0.33143304751787533
1545.0,1.2368698307961323,0.5698329319635199,-0.15361606526800764,-0.6550391929734695,0.6458029587608864,-1.2994461172885798,-1.1019853632413592,0.6059617086104321,0.25340220475011555
1546.0,0.6587035594548305,-0.23971972545905768,-1.1131924547652214,-0.24907471663380912,0.37927210795780725,0.07929812749399225,-1.2987726590297903,-0.1598592759822319,-1.1145465174321325
1547.0,0.9155432182366152,2.0639186853897122,0.4784444626175926,-2.4905989848934955,-0.10173929194941618,1.0748900069200713,1.4509168159711723,-0.48336122486441224,0.25498208710398174
1548.0,-0.9801438200045288,-0.4365504344853789,-0.3914906210832726,-1.4436624840784542,-0.2936173415847737,0.30396219669186253,-0.6621810451363956,-0.09255618225948098,0.1059924028948955
1549.0,-0.2199601576232412,-0.6378855809591362,0.1790882643110872,0.7991041734634406,0.11465530944682016,0.05920407355083334,0.5029128978939494,1.2819541270358308,1.257467299302558
1550.0,0.33029925732195164,-0.3138698586590251,-1.6912442587951828,0.9174334447588414,-1.0708605557418773,-1.355456954259104,0.2385081116436745,-0.2621172900429864,-0.3221465395555194
1551.0,-0.09433945430114998,0.8818043302366201,0.3868639951738301,0.3600871544163372,-0.010632703810754405,-0.7794889171441247,0.42825108203957457,1.2345952847548758,-0.036950188058257796
1552.0,1.773275303386048,1.1919803093717436,0.6577269513014791,0.10881601381783639,0.11504953030523145,0.9348397294016928,1.001025095488132,0.2674120143039033,0.5959366269940333
1553.0,-1.860904396868498,-2.047980626918682,-1.8832179772211073,0.07337859882559532,-0.8950840936588228,-0.34272802670533575,-1.816011650817183,-2.1845941822181043,-2.1531231623607554
1554.0,-0.8976392971778775,-1.053208508752496,-1.2194415392884148,0.36625552629613617,0.20578589098781577,-0.9809115794363904,-0.4715868527849843,-0.8886387998513118,-1.0961719358543665
1555.0,0.3206910180348061,-0.7002660621124188,0.246735664268271,-0.5441763502905236,-0.5634286332623883,-0.12701796104233148,0.601896318213251,-0.730849023466354,0.4026014303978051
1556.0,0.011391342049964578,-0.34931897794734473,0.00966152113199376,0.05489503577655226,-0.9527149673274229,0.25473091088103617,0.036152410594674195,0.23620153154849052,-0.49760220932476973
1557.0,-0.255531053062738,-0.10353471524090097,-0.5664783259763735,-0.48505043498274947,0.41459853308019184,-0.26259224436556494,1.096830962102581,-1.0042801815498765,-1.0513096402571618
1558.0,1.3094235953786544,0.13005186590739906,0.9646554896711793,0.18079771042501738,0.5182786235281153,1.5461637351566901,0.551851573508521,0.14530855430841805,0.33114067360851257
1559.0,-0.15003064068344854,-0.2310356561022938,0.5523647263758331,0.39563687340891207,-1.0251701744113044,0.35602448454548136,-1.5443328878212088,1.5128987117276833,-0.2752525692527905
1560.0,2.539319375553803,1.3613985025755189,1.4195759848908414,0.29710947967806506,0.8675208666637059,0.2641155683865984,1.6769336739465948,2.4715701453406456,1.3820362781137614
1561.0,0.17889249948253524,-0.2963587257516331,-0.8318581734895688,1.354096350354044,1.5129976496472235,-0.10556127980611105,-0.16142269137639398,1.8717275174945542,1.1868721050368982
1562.0,-0.2062491949693957,0.7818294447217041,1.1488855308302837,0.9950812402768487,0.9425142919597883,0.2742733450663413,0.7029994130413959,0.34382943475987077,0.5036629173034695
1563.0,-2.2699369568300165,0.2704283276961099,-1.8474687994607448,-0.397995528877442,-0.6907464934591162,-1.3392808460051218,-1.965794679810298,-1.5697974654053681,-2.158401546361486
1564.0,-0.6973512374487558,-0.36977717958679074,-0.305128342103377,-0.8317031495316445,-0.25588920360946316,0.8971078984123203,1.5119337190987976,0.1540123063612943,-0.42366033911459583
1565.0,-1.736666213510606,-0.6543633856396933,-0.7104275216496614,-0.24570350685491557,-0.1954150527864395,0.09257836281703392,-0.8986466725852953,0.8452838798562223,-1.22190164905873
1566.0,0.3377643684896569,1.3588098459257218,-0.2892305094130059,0.8673342094539622,0.09125954768836489,-0.17445429197230977,-0.042461323329164906,0.050153158311743176,-0.5769828788605805
1567.0,-0.09175890780793522,1.3765686123880905,1.203715056916491,1.5163910267502898,-0.41779839437228117,-0.8601425392447316,-0.13999846623145773,-0.5346774208035794,1.5555565560607596
1568.0,-1.42360253378751,0.13145968006850003,-0.028238312375799986,0.4758561876358203,0.47672932226138576,-0.7219561490719789,0.07804267499952333,-0.9950379054066446,0.47100092405452954
1569.0,0.7177418756203817,-1.1806987688260067,0.9921154559239135,-0.2428254987393387,0.7104520810476443,1.143991681253773,1.5432204901393334,0.5606444446059596,1.192273688952528
1570.0,-0.345961830025348,0.4169018893026572,-0.6799113875224514,-0.06591697287641321,-1.446724568110122,-0.2817696878673986,-0.6619664153446697,0.3833427342919417,-0.18999316336590685
1571.0,2.2869704494060548,1.6477257695051373,0.46148650906465816,-0.6968767941179266,-1.0067968852268432,1.4746142471099863,0.043965262958863195,1.0333885390877893,1.6164790359320487
1572.0,-0.1354736386289195,-0.04124436662837217,-0.09518653107580553,-0.9388860008472265,0.11537926394376206,0.9717704299717466,0.4949471464846244,1.108223555568208,-0.03913095531506036
1573.0,0.09978537499815855,-1.0396244744779568,0.8023782397324363,0.6511009616783866,0.614749691435474,0.18276227584573845,1.2334979106151411,0.7566215007537802,-0.7523431991599309
1574.0,0.21348294442084,1.2372586147515343,0.9593828681309101,0.23349374303286805,-1.0213480867343856,0.5059967545763322,1.1068968096766494,-0.2474571807404644,1.1731184160113854
1575.0,-0.06381348203237805,1.3480274475351117,-0.8535264087081257,-0.2428678121614995,0.012402690563744486,-0.20113718817187035,0.4776898600332399,0.7612565897691943,-0.7116070687073324
1576.0,-0.366218810290156,0.013689306029986713,-1.0995247068023293,0.7110355239679322,-0.3932393928025875,-0.8144180140833742,-0.5915912855985517,-0.47923985737439845,-0.9921839844803945
1577.0,0.4537560708476745,0.919734572138966,0.8189149021459824,0.24835738331524274,0.6224649357099376,0.15802576009566144,0.7940765881646431,-1.0623781019928076,0.17103903233742954
1578.0,0.9428900048267805,-0.761093544215694,-1.7689105956429878,-0.34118163930581935,1.7211887507084382,-1.3530165020428915,0.7682594355881116,-0.07007741235663481,-0.4869450212607006
1579.0,-1.8027387818034457,0.3077625513195342,-1.0311915018379059,0.41832156940376963,-1.5978273287185738,0.04821945275202718,0.9112457223645096,-2.3110526956909743,-1.1770704274263224
1580.0,1.5646262963672048,1.7767642675384783,1.1265990767202783,0.1344907914999242,0.7973373535408926,2.066371019070951,0.1556368315326637,0.8960381223545064,1.251188896971543
1581.0,0.1938733885398719,-0.5712693224378613,-0.123075061489535,-0.3769758263267222,0.4751292771148844,0.4883232910480254,-0.4797137149516145,0.17788818414803842,-1.6734890207515907
1582.0,0.7168445464465324,0.5214775979197726,-1.3204182684712895,-1.3822348292362567,-1.409684828833907,-1.0828645629791516,-0.45015138142771743,-1.4195359070066673,-0.6947146976515702
1583.0,0.9288692416671938,-1.4117976117301587,0.07241472456002684,0.10111056468121392,1.7549436434589183,-0.33734609228366713,-1.186639570501712,1.5318081492951556,0.25259304758282214
1584.0,-1.4206430288468619,0.35570446485163265,0.6831824800469597,-0.6179315014514282,-0.11356335968887413,-1.0205426101948891,-0.5205255624039264,0.898723102682693,-0.29366300760968495
1585.0,-0.23223047590696647,-1.1691682513218355,-1.804084155895673,-0.1793433708071054,-0.3417439114867687,-1.4144485328072545,-1.9401709575538562,-0.8570356914018215,-0.7390515575477408
1586.0,-0.9526935737781845,-1.0084180151551634,-1.5907546527237797,1.1145527190158988,0.8746937602815273,-0.11966402446623628,-0.12011453148262466,-0.05475252562355713,-1.1475747140178172
1587.0,-0.11650183752967537,-0.09420267710680273,1.8745277796193793,-0.21670830511729994,1.1455278247427965,-0.5084652987304419,-1.4217550749651293,0.6196997331944474,-0.8806683529610504
1588.0,0.9516685791179446,-0.007305153430825964,1.1280565120638162,0.43042754487883,1.1729357176320148,-0.29212757151751045,-0.5577158309524987,1.18089040485739,1.1710964887949034
1589.0,0.4745246253952166,-0.42482093418481115,-0.5253469256394886,1.5927943727413822,0.6114873526387173,-0.44175313462155696,0.1977893655589954,-2.1065945831052355,-0.818551288109694
1590.0,-1.1500055440497003,-2.0130638484015098,-0.9414767145708576,1.0603942733465466,0.27702152634253385,-0.007699074574602731,-0.763853064234115,-1.20449401456199,0.352149532464763
1591.0,-0.39920447443318413,-0.4136969817063461,-0.1461723224478161,1.1418695596244486,2.6140821553662064,0.42364378738389885,1.1657232128291273,0.5592873404236025,0.33162911834338105
1592.0,1.0844529178572548,0.983925655874357,1.6339095288514176,1.1974596446961276,1.2036885500161807,2.797193457556579,1.5202045187272384,2.49047156153444,1.523313856504901
1593.0,0.2846756468408321,-0.4181087306905475,-0.19034998932140793,-0.636773479920998,-0.2497636424881334,0.2992552704141531,0.08505786911949695,0.023760547237687096,-0.6203049792054837
1594.0,1.1019646247996147,0.44298324954146767,-0.758555232059872,-0.5119088934120337,-0.4152840830559291,0.31834271550683096,-0.3444114569421395,0.34565087959711993,0.672342547838921
1595.0,-0.38283298822198003,-1.1587755086039018,-1.303661538123923,-1.6622058318938266,-0.32792103392722705,-0.8559981195398962,-1.131968807000418,-0.8029533720612057,-2.0369947399212367
1596.0,-1.9678435182638259,0.11392810462163322,0.18298665635509487,0.3186952112817038,-0.19557222327002832,-0.3831936016279781,-0.21849754059239973,1.1274184090601174,-0.6973300150680394
1597.0,-0.7961920919588548,-0.6188011353953653,-1.8164344848885834,0.01286969388914703,0.08029843267913533,-1.0107296802223749,-0.40486075483336165,-0.1349795795219619,-0.39922583228045927
1598.0,0.21240555812835663,0.2707167344910892,-1.0165951922571712,-0.00311516773260979,-0.48318572135862725,-0.5859265216254423,-0.03135607638311717,-1.2521022161933248,-0.7246279596477421
1599.0,-0.3079033245011237,0.23969253899924112,-0.350667365793006,-0.07530663751053822,-1.5674806932698433,-0.4803616410258599,-0.1498547269428014,-0.27161321181262343,-0.1629062425217301
1600.0,0.8883471816130886,1.1898065314276511,1.0157446456008363,-1.595745956139372,0.3661723065529485,0.25067012318342474,-0.02182160590135904,-0.42701630134924135,0.731449303710204
1601.0,1.015830760279106,-0.47355662550074257,0.7167281320902329,-1.6179817798095453,-1.21793190929497,-0.3735424140711355,0.32004183740793135,1.057673675309995,0.825239994876725
1602.0,-0.99472715173589,-1.3143331639261124,1.0335653403753566,1.24002814829299,0.8177808529285618,1.164394748553049,0.4917662043928708,-0.4437886033551118,0.3526096029464986
1603.0,-0.897040844997682,0.7459737886662684,0.6781455349851896,-0.47948614543005547,0.15799908436714463,-1.2051091826115905,-0.23872426414802847,-0.6927659291814501,-0.2538188109705654
1604.0,0.5935723235299645,-0.4994025627545054,-0.5156516572030236,0.14921972105077055,-1.4216871939867775,-0.4241433386380591,-0.9238086703406795,0.8511130192232366,-0.8953036697082267
1605.0,0.19314205191176326,1.3546464257607425,-0.20040480525290066,-0.15280790204995456,0.6266554480364961,0.9224267700399621,0.5469130985618981,-0.6190352823532556,0.7926718529078742
1606.0,0.6664248398995513,0.3674728068940222,0.8304277313651341,-0.5873078129356192,0.19296366624534833,0.333846607504862,-0.3251324184758971,-0.09705311536031021,0.2459404589313124
1607.0,0.23165629552064687,-0.06145216632660412,0.198570630574227,0.2203174657626069,-1.4766299346304463,0.5599280639355151,0.7479357184243948,0.19225632270676124,0.8015662956988885
1608.0,0.5874208531999725,0.7120098420466826,0.0699173151754275,1.0902625852144145,0.6307243017465923,1.3992713195156254,0.08625619742611754,0.507832663159511,-0.03319421424548641
1609.0,0.5952659816297988,-1.1861200404477483,0.19866048262629996,0.5789580485686402,0.5140745853626503,0.4189076122436723,0.9073845868354202,0.38799463913990473,0.2440194610455726
1610.0,0.7883745940797173,0.9280451458476384,1.9657928774928086,-0.21269157290809218,-1.4575557073395229,0.5036601195468249,0.31502473867324954,0.36404635627630116,0.789568025642023
1611.0,-1.28996354450675,-1.0222961661841434,-1.567625083917762,1.5432047001127334,0.8045799129106993,0.2767135561414236,0.48440345338147733,-0.5332659861632373,-0.27455305393347645
1612.0,-0.45170614277289617,-1.2377801858399196,-0.3061286236366511,0.919522181869972,1.3149204608339358,-0.12912599248707599,-2.03915797822158,-1.5735941199749803,-0.7953791152165159
1613.0,-0.24440362176238234,0.07273200226126662,-1.6323984430076195,1.2345577233994687,-0.350935810326286,-0.5943373544532288,0.4163594848283843,-0.3875756493905748,0.19597008947178882
1614.0,-0.1940251434741313,1.0279252677942698,-0.18901095871478626,-0.872473063580054,-1.5910750807359633,0.26561009350716,-0.21265353769618126,2.4924313870682044,1.0297888862679514
1615.0,0.2921772376541029,0.6811019075364789,0.35938134167223684,-1.738501996118496,-1.479525890944354,0.46794661491129813,-0.21366609540672926,1.6063058328294677,0.6536530950673375
1616.0,0.09499542794730158,0.2066782537945009,0.4172457622400678,1.6395282859307752,1.6066677054290617,-1.087518428759043,0.5801705065406201,0.36378784376581025,0.6407579627061345
1617.0,-0.2578672466068263,-0.6579766184528753,1.365454647993019,-0.6257941098341063,-0.7382720070892028,-0.18885192165597345,0.24378761147962344,0.40119899436709194,0.36332830576836206
1618.0,0.07167550042292636,-0.9221332643049541,-0.5275288125182346,-1.3681848204083906,-0.9301245956421473,-0.5769371815945007,-1.2678150685109346,-0.0478267031613107,-1.0542150039627152
1619.0,-0.6979731748825052,0.4249846261635013,-0.7720982099794184,-0.28318496361364603,0.7967267212838656,0.2221169213193619,1.2034528775125843,0.15871572153257388,0.37762249525625574
1620.0,1.0070904561633827,-0.32694662156410337,0.6882356860806208,-1.4607969667869487,-0.30954913126959377,0.5675553645754032,-0.2918989840283927,1.597283787649671,1.2688253026377354
1621.0,1.4058521610009809,2.025924200346818,2.2439837115689847,2.104940885830519,1.2936783597309571,1.4196573065652458,2.0471563718776,1.3366650938535927,1.9089224563026213
1622.0,0.933540004535432,1.7779910850627336,1.050308443084633,-0.6649835078556217,-0.9862303821968176,0.32137968880184503,-0.5852112463163037,-0.35725342842378827,0.46387363283433297
1623.0,0.687644831469232,0.2311987655244398,0.47939922904045995,-0.16372346097418183,-0.6998332061705896,0.39059405112062007,-0.6119958303275402,0.3174344927096958,1.000366828908985
1624.0,-0.6755867593247796,-0.6924467921524442,-0.6631719472014252,-0.886571882641366,-0.2193176154722586,0.8627305487549568,-0.9338097892549813,-0.22559077460451205,-1.0065790776285453
1625.0,0.28694092640824226,1.8379058884467148,2.558454689353978,0.4185305322245184,0.9488505663026596,1.9501525114122273,1.899520766087289,0.19421935749268,1.2739114735461496
1626.0,-0.8523562741659522,0.3924769231383583,0.33835053612590626,2.084576190020548,0.7418833765230424,0.3472815618139825,0.5130171196603928,0.5464689543759962,0.27977366732195325
1627.0,0.35310867718357425,0.01014009684380903,0.4191341406657868,0.08300874335379056,0.35664179856896466,0.1777523146973003,0.12103636938547305,0.08999241957705063,-0.1558425899467952
1628.0,1.0930308195802951,-1.5767098461885438,-1.129850130946819,0.33694704497418976,1.2465581730611792,-1.6135276917981842,1.0231600240509435,0.6741217621756389,0.3413020272993471
1629.0,0.3856062435707088,-0.6554703511384194,-1.2834315073340872,-1.3845935849201456,-1.0633592078701446,-0.4055119628993679,0.024938878293389456,-0.09242999042370975,-1.4088134611441965
1630.0,0.6862208566427733,0.2839761878491193,-0.5837099282081121,0.5597856712372707,0.6731096850866116,0.7129179459358725,0.30584390918619286,0.7098706945415146,0.5634122603541839
1631.0,-0.5929595320886519,0.5595963609031537,0.23427710462876924,-0.9851764077137245,-0.689385636330693,0.8333848557982628,0.753120582936485,1.3826105537940465,-0.9523593793958335
1632.0,0.5536905789391648,1.907058954992038,0.26974507029986383,0.27508830777159754,0.10961866999076839,1.2151800619150614,1.0858132120616586,-0.3262087063862703,0.7308111167103573
1633.0,0.12341746974374349,1.4209354822679938,2.0554624722557713,0.07988876919317033,1.4041723149193224,0.7599701478497101,-0.5408897161256625,0.7775342736794878,1.6009743339204288
1634.0,-0.475864597328859,-0.2493894585041599,-1.654200738656581,0.7397241363276279,-0.038210455258286063,0.4710116863731901,-1.3604458348390809,0.9191292664195503,0.02215311426819574
1635.0,0.05518363783454806,0.3186113060402256,-0.7643265520030392,1.5261206355161787,0.7414498947420337,-0.14093999920998226,-0.8974001713998024,0.8880024335457544,-0.2841202790199234
1636.0,-1.6598395179169259,-0.5203273507087308,0.33273100909856257,-1.4586158895048027,-1.6255499975342094,0.6096264368584668,0.08385568532872031,0.502537394573469,0.14715655966926394
1637.0,-0.318721300560493,-0.14368603046831305,-0.9767773126704296,-0.20218450809231717,-0.8757276221201858,0.34780293195928735,-0.20895740631497287,-1.0568155175862528,0.04320548708127217
1638.0,-0.05153882710681308,1.1430234297309452,-1.879026303497015,1.5846212296806717,2.488202988182171,-0.03094071522730827,-0.7810522914016796,-0.6161911261895454,-0.6013118845358422
1639.0,-0.39139208153263083,0.2671692004694779,-1.0554417704972083,-0.09468542903186651,0.02594156988127154,0.33246832447794367,-0.2864294309066123,-1.3040141659472957,-0.9940492579035716
1640.0,0.047821513038480604,1.0400316850944082,0.09457622973868272,-0.004649292175842755,0.9961650546873527,-0.4421187594486211,0.12802983590479913,1.087359287465648,-0.3170973093400688
1641.0,0.34855067650266663,-0.16739817167273716,0.9442851312609699,1.4095497865334508,0.3087993471431656,-0.3157008645082403,-0.4252429870643351,0.018099108661977108,0.018884311005547137
1642.0,-1.2413656188844535,-0.3462237515768599,-1.0161650815637275,0.3720374383456366,-0.457338392064759,0.08133425167482365,0.5646224839770843,-1.1682306586682223,-1.3847593342924418
1643.0,-0.3400570971025598,-1.137109554512708,-0.7988602297455902,0.4945672481823877,-1.4659691395195638,0.0389245500396419,0.4174238382922645,-0.26961228907004536,-0.43331803323992246
1644.0,0.6573546613051099,0.7014474868141226,1.380395157110326,0.9550658586862687,-0.008239242443315522,0.609667591366808,0.3584888610282371,1.1247433917364913,1.3872679558943146
1645.0,0.23718575591465962,-0.6826297432483448,0.13834001792298492,-0.5131879462296599,-0.8347307237961005,-0.3132481024994828,-0.1401279154238986,-0.22798120999826246,0.39309397595659223
1646.0,1.1535512308215012,0.07819360646652336,-1.0765107840036763,0.8416864254825296,0.2512412404653477,-1.3704050911686005,-0.6473851442503726,0.24924674660643806,0.22906431879050296
1647.0,-0.5838842723004414,0.2060858482639475,0.3259425094151732,0.15682107329786027,-0.7771470282110342,-0.2033040090031281,-0.04624745326712288,1.5465727308007615,0.3330292712862651
1648.0,-0.35769952117196685,0.9301959345368375,0.4362518379718278,-2.0419005832768384,-1.010830507854055,0.47613473753621044,-0.46566991295804383,-1.1542015937199377,-0.05018810027763761
1649.0,1.8659631584651732,0.1529683938872442,-1.7930944058747371,0.9571791301318898,0.5578987818334676,-0.6738035479982356,-0.7599343137473762,-0.5232430841002642,-0.19485328767473747
1650.0,0.1233601091805461,0.10328272109176773,-0.10555158296757843,-0.8724461070879156,-1.7986319083488467,-1.1122935354108292,0.01004558899061215,-0.4228143247947435,0.0673944995866108
1651.0,-0.5879997701725118,0.28870750697750047,1.4401510288359467,0.5323457576646637,0.45142650713624016,1.198178616563451,1.1227539817198473,1.581204997991985,1.083467635458223
1652.0,-2.235212855731031,-0.4518323727911058,-0.29980463130329515,-0.3570815637009356,0.30793732445474803,-1.5945338521276653,-0.47274724380811595,-2.516764259854306,-0.3472348932513691
1653.0,-0.4024540203673756,1.325081711050982,1.998068580608612,0.9430615988988863,0.4023460610288321,0.6060074792378055,0.49843373047379147,2.761088200725713,1.0997823018740287
1654.0,0.8111749712419204,0.2902958764486389,-0.056656529656577644,1.274031403992548,1.389369548406926,0.591349666123458,-0.06432389055634605,0.8836073116828322,0.3851824033897752
1655.0,-2.397483364818162,-1.5224195668954774,-1.0266236453984663,-0.003495331941771845,-0.5559028396616708,-1.2201914271999479,-0.5505892055364989,2.2759937650903295,-1.7922319206137425
1656.0,1.108263249273753,-0.541024583141418,0.8865843443779226,0.3985772474920348,1.4627234444018038,-0.3845962979001916,0.42806345071546337,-0.8344036990531344,0.2167110171713826
1657.0,1.334535769971827,0.16577632148212118,1.4708891424420913,-0.310695389937311,-1.063758553475334,0.24121712319629351,0.040890493069330056,0.9083425875518647,2.3290963930929824
1658.0,0.7101113539157102,0.12132660808599804,-0.3551831445216002,-0.554470227576047,-0.3840613003094226,-0.35726193402358075,-0.8972112023136269,-0.4704977015268387,-0.00262983406509204
1659.0,0.5934546552905551,-0.8104928893670896,0.2388605851043286,1.8744848409733916,2.863405602329368,1.0823884822166923,1.2996328559062285,1.7939634354408955,0.478850784296476
1660.0,0.5778020193341254,-0.3711197354297316,0.6402062514961788,0.2661560346861565,1.6292236235580309,0.9963835535693222,0.9661176166328285,0.8628640768009845,0.5492865616165568
1661.0,-1.8912481341672165,1.5850209953616141,-1.1809371194064955,-0.469823842411256,0.804558762709268,-1.281743424913557,-1.1923835963253502,-0.8032317179242029,-0.628047538549869
1662.0,-0.45369906100858376,-1.5345232412313683,-2.7538721727962283,0.2327589248334999,-0.48113944942759296,-3.001719373684206,-3.2772866740373603,-3.035878274929824,-2.923856355050926
1663.0,0.08198535228347324,-0.15781581670339323,-0.39673839681750916,-0.4576578650486205,-1.0386311930296777,-0.10728133166318173,-1.143793488156711,-0.08669007127073275,-0.3884998988284468
1664.0,0.308223184047306,-1.2640931679413818,0.2534398048174632,0.9574949281090928,0.7024549755195656,0.1886182070550248,-1.3894535564603552,-0.8254378472247165,-1.4072316687738646
1665.0,-1.5546186731172638,-0.7991382486853924,-0.053516833485319576,-0.7146581519088387,-0.36632740275230513,-0.4883023307179351,0.5250527790146621,-0.028357391364769297,-0.4645126320747651
1666.0,-0.14773014141810445,-0.7539297940581712,-1.6310099954478652,-0.7101780655057909,-0.6365783896993581,-1.733261078191223,-0.6211937252128115,-0.5764771195903897,-0.7730444542766579
1667.0,-0.23116814829234833,0.6348268032309036,-0.7849324007831775,2.557609246360371,0.016181969896628987,0.6450396111792337,1.8308088490469587,1.3371231216763912,0.5678735075448421
1668.0,-0.13252740911268912,0.44086864259325115,-0.38109088030738225,0.37301676048796445,1.0597276009456513,-0.1783851402422226,-0.6605805564265332,0.2789386108955204,-0.8298653758321588
1669.0,-0.19198030998540538,0.5186493687233265,-0.773680312188326,-0.8348054187295135,-0.007593000821821201,-1.794111732141234,-0.7167578649909309,0.3852076808195028,-0.5443071766688855
1670.0,0.18807946097555003,0.8381710716424158,0.24525222230065322,-1.5577666522248677,-0.4529769456356103,1.002949374724077,0.35304444189730794,-0.6611135408510196,0.8880176270709144
1671.0,0.6759460059493898,0.949983318299585,1.8854131900448161,-0.15115139403623992,0.30867852269564067,0.20132661570668464,1.5415984365730893,-0.13295965399877327,1.0878757387309197
1672.0,-0.5009421631650482,-0.1272621280977699,-1.3761441231902414,-1.5466292671614732,-0.2894299782562637,-0.989287760416282,-0.18544692399333368,0.7303047261562626,-0.13741547870937149
1673.0,-0.5258400637627698,0.6511202885505616,1.629734156522066,-0.0027435926271986437,1.1048549106702084,2.006528130855963,1.842152260656874,1.1545429438790062,1.9486230979390273
1674.0,0.14900083910125655,0.019521456115673023,-1.0340462534607724,-1.5630024416029449,-0.49055084628786033,-0.9224327749496539,-0.6327588458813802,-1.4262083472877058,-0.18460224071342946
1675.0,2.0173045484975622,0.3305396952082127,2.0546968430463055,0.1496237566381736,0.4816337449440089,2.7851541447247126,1.9567049152621605,0.6728895042200674,2.4743108223200583
1676.0,0.8164587096984905,2.185121400049429,0.9093645741909018,-0.6095328653866414,0.7966713389688712,0.5497828999422262,0.05325040138572389,0.16691644955649867,1.1201639173763818
1677.0,-0.4712363320697853,1.033743261843732,-0.48011081233425595,-0.5929217835707756,-0.0526250689431912,-0.9814191118858698,-1.415439599855264,-0.5808257692909776,-0.7950924685221691
1678.0,-1.3714817781837536,-0.6991489805391893,-0.9274110215660829,-0.46899867167755266,-0.32005356041854505,-1.8261832591458163,-2.125806406840458,-0.3904518430209276,-2.090690851400608
1679.0,-0.3075883299927388,0.8937539560747858,-1.515910975138121,1.1831096298823944,2.676743405384693,-0.14188148547881174,-0.7443296724410775,0.029005870185212175,-0.7326490641315864
1680.0,-0.32253053804207504,0.15236115454567192,-1.4962821051597939,0.8414026099122855,0.11076882443125034,-2.9602369851604102,-0.8989526099642012,-0.3668999085731713,-0.3655111170870702
1681.0,-0.6802898722104381,-1.500546058108057,-1.8449256856548522,0.024597710991690634,1.3599014635944495,-1.1706294079644732,-0.6370337766382906,-1.3071429508026362,-1.650671672530047
1682.0,1.074462727274588,0.7020775168649233,-0.06582176326836651,0.9334698482714683,-0.39517124196983955,-1.6456455082992034,0.6523978885602056,0.0005329733252081986,1.4368289998526695
1683.0,-1.1867410199668944,-0.4806679196432824,-0.7009652620646372,1.9058278977824132,0.46492173148015126,-0.449902713455323,-0.3052895966749416,-0.149992279708073,-0.628878603741101
1684.0,0.5397599547276625,0.5834782190334995,0.1260320080791847,0.6210081439373323,0.46269775858984497,-0.22417593260717888,-0.8013702766480226,0.34907540909838525,0.06988716559812082
1685.0,0.9094043188021305,1.8995092152495905,1.7331374080077784,2.190451100041913,-0.4188236382630759,0.6632162744130949,-0.6536134274719765,-0.38470462184675774,1.403767226745625
1686.0,-0.31472408310820943,-0.3587555627601802,-1.8276944829844104,-0.5703156702483361,-1.6281076732230544,-0.18903047641064577,-0.019886618183787383,-1.1402817113650845,-0.8458525363025629
1687.0,-1.150713663711303,-0.7265335859341404,1.0099105692199422,-0.7190898611312064,-1.5155379600791412,-0.7170602579955662,0.42792420808598025,0.6388147789918146,-0.22033499020238548
1688.0,1.023562865701808,-0.8277614094063139,0.24972808291901086,-1.5192709076606985,-1.0637947699089978,0.4297291152898443,-0.41055232970563266,0.4613212860369322,1.0032336341168822
1689.0,0.1583570278133092,0.4235769740419235,0.4452652145792445,0.5602767645797372,0.00428817137633853,-0.5434950335828922,0.32614537732394777,-1.8113759477714007,0.3626953223325005
1690.0,1.3121816945436575,0.8227619744861832,0.8566393783377112,1.438843362386161,-0.2661176258774624,0.6065276655968403,1.8719123974649468,0.39202187810254946,0.515270175655272
1691.0,1.6113215591553944,-0.9019329186994733,0.6460265937483309,-0.9922994608482432,-0.9611296077174507,-0.8080302692097023,-0.650387100070125,0.20943876359660857,0.2874845104241587
1692.0,0.716394111748143,0.590505985699662,1.527282117632661,-0.17058527392309822,-0.9765850011592294,0.39759653094600195,-0.30756390379852505,0.5352801483674897,0.21358140794685165
1693.0,0.7481360927219223,0.07321774994901771,0.19791495100858994,0.41511823548319593,0.21726934075557294,0.07443501386173827,-0.5844821428182965,-1.1160099587288201,0.3137438414881832
1694.0,0.10026585326139058,0.5426640241665701,-0.5272480727021329,-0.7250842600960075,0.07038278250494984,-1.4990914624673217,-0.5110792810144709,-0.15302445488782634,-0.6147593426123995
1695.0,1.831504499679615,0.45299820911213384,-0.6078658062818949,-0.8758902656865427,-0.947068877010116,-0.9317231139963431,-0.033830594180792914,-0.15453780312918572,0.06738126445705885
1696.0,0.6381783455544832,0.14389397159823616,0.06509431606489774,1.8606861773264873,2.497075772794767,-0.6478123914459855,-0.6995866785443215,-0.9538649082706739,-0.6613331949320892
1697.0,1.4381855473449299,-0.38299298654374103,0.7577141066846601,-0.41877890627811826,-0.6660347470329012,1.8602856129639154,0.6458130743523516,3.077144052543323,2.3279213623654886
1698.0,-0.66694011055453,0.26919040651662984,-0.8476766719871679,-0.6290454564303801,0.6798703865661356,1.7734544976585163,-0.3439250849370289,0.5617618109502877,0.4420462636033566
1699.0,-0.5881993937718519,0.3690401406144275,0.2088852120685631,-0.9107509828432464,-0.15228562503379808,-0.22353432490954928,1.1417007515453321,0.16837880890534188,1.0084064743486405
1700.0,1.4082171054495285,1.6411816320842085,0.5165135633629939,-1.0354936595590905,0.38249407070030605,0.979410240072134,0.41947062517217637,-1.0713539421330944,-0.26033279519392805
1701.0,-0.8800634292486381,-1.3544838016112473,0.963146296692252,1.9546735275644473,1.8737639533105082,0.22920083021600696,-0.4289244728132847,0.7758421074976144,0.2136895238630997
1702.0,0.7702218035199639,0.09729747670483353,0.9829559219208336,0.7487529651021662,0.7078062777904802,0.3331340898510984,0.06893198540523264,1.7772500122360844,0.629299711845363
1703.0,-0.729498495007605,-0.33711893056457987,0.23328751493511657,1.7937926572212648,-0.23977353628997244,-0.4051599361680186,-1.3977755204926514,0.05068885632131259,-1.13611556654913
1704.0,-0.4014560438725585,-0.3171255435044555,-1.0880557894545653,0.24740923311113447,1.3868933113138397,-0.7440609672912556,-0.7583937185255492,-0.15595289729026254,-1.1094727963822004
1705.0,-0.9273748148700542,-0.5795945870568138,-2.3282385978512985,-1.36955534723128,-2.7992777659179353,-2.477230057031222,-2.236807396898517,-0.9033382925057258,-2.737111606452221
1706.0,0.15273684942934315,-1.4215884910703962,-0.7192613537352045,-0.30017672995488265,-0.44253404295285764,1.292768873591128,1.070256920060002,-0.40374293568114183,0.06732929149196663
1707.0,-0.8893629086386816,0.48876509312839717,-0.6828793895458524,0.3240303206271283,0.3001797266930598,-1.3603167277921682,0.1469124239988912,-0.7234725430818219,0.005735051322396811
1708.0,-1.3909510839534007,0.936571389883605,-1.2037914695630383,-0.29688669413760466,0.626858327161447,-0.20460608785473944,-1.4541063069714804,-0.5013487436715536,-1.2813047096110586
1709.0,-0.9620224812015801,0.19540564403216262,-1.1728196794952526,1.0096940974771023,2.0893084093315792,-1.162407413235307,-1.0028669415955533,-0.20705010742359176,-0.21180434262629266
1710.0,-0.5539656065778953,0.3274348934065908,-0.536467890059413,-0.5950464189713099,0.2406931414104957,0.37222957997615047,0.3208335510497031,-1.3071382995513223,-0.6709051709635512
1711.0,-0.7950003701212969,-2.1496990724087084,-2.100895986759556,-0.37125524471859245,-0.6573271756153976,-0.8816402163185786,1.3872374089227975,-2.4027979604387473,-1.5279403307927821
1712.0,-0.30456800575613935,0.25241940733160334,-0.6564592592448869,-0.37645587158664323,-0.31337148630573464,-0.6826957218532337,-1.4803930531768668,0.6567164103066744,-1.338994147517573
1713.0,0.1756438218460701,0.3845773969937276,-0.031043610473124893,-0.37973646285473955,-0.8875239148825338,0.22591051400335488,0.7941109521189674,-1.2926736742511389,0.7416855147648778
1714.0,-1.4884226251571828,-1.2599779859720885,-0.4180950937107317,0.12288592288300143,-2.1473912859237654,0.40456175946591383,-1.2503744058879305,-0.5303898937338927,-0.5989331876200104
1715.0,0.10960831221854225,0.3146503080766332,0.8690672604331077,0.7232485400736751,2.694592888445725,1.3324965408781517,-0.7368757779501071,0.8454673538546097,0.7472597816673184
1716.0,0.2903581758638123,0.7624200735445296,0.6976710368466574,1.3136744128935618,-1.3028812042510416,2.212214898226367,1.7135115658389963,2.2969518575953627,2.2034571951114
1717.0,-0.9148849033641581,0.6017769782320092,-0.14701679214389,-0.7918829355091045,1.3900441311973153,-0.32403565050245897,-0.49358256562777586,1.0441495788521196,-0.6396026957233414
1718.0,0.08974511780090802,2.1169971108246664,1.489685863717367,-0.3582548487962783,-0.7303850816094762,0.20286468397110824,1.2353240821206208,1.965492768991629,1.498668071301005
1719.0,-1.2325759362713626,-1.212199026610228,-0.9487638977038553,-1.7531867005845265,-1.055716134178957,-0.04679571265714099,-1.4007616105761844,-1.0946999523904088,-1.4528607391501782
1720.0,-1.0121962550878003,0.11774045263856181,0.19101831110303147,0.4319072159347803,0.21157990417660316,-1.5926911109231772,-1.6388713504479695,-1.1891223759281668,-1.8622199426100625
1721.0,-0.08872502784717606,-0.9421168048092597,1.2265224051986185,-1.0215973570875085,-1.1025911588016712,0.39778512601874577,-0.6381990302167527,-0.39596324433474,-0.3821741285536853
1722.0,-0.403971675936777,-0.29774990274755964,1.0610847601460867,-0.61575122819423,-0.7585281040774479,0.9119473654151102,0.6532117496057203,-0.8523069565073581,0.5325041590727855
1723.0,1.5866153032265533,-0.2948469366464711,0.11579344514480977,1.0308889331479905,-1.0111044946986532,1.330605272570637,1.7776565160280244,1.4364918424923276,0.6205837945014402
1724.0,-0.7960831242900279,-0.35846626640758195,0.3195065209846276,0.7537347667647316,-0.3912816178132805,-0.1530896697929017,-0.7178871230555024,0.044056059170472624,0.559767034124023
1725.0,-1.5085915049696959,0.3902930786829887,-1.2586025903635525,0.005231940208702012,-1.091459675053153,0.31006050313586375,0.5268604823096691,-1.3253497435096884,-1.0843743181807317
1726.0,-1.2926282816505352,-0.8529586652895832,-0.9714477034698588,-0.3775504742985673,0.85399802712218,-1.2926761454606834,-0.9711158262116799,-0.9254846320848601,-1.1392390498409848
1727.0,0.35482125769337985,0.24218178416456812,0.2928552099795495,0.2920837449523796,-0.31848387017823326,-0.5893499798530938,0.3918137683118012,0.35754825323626543,0.6137858123391503
1728.0,1.2432892413804322,0.028405537247669765,1.6309294083729824,-0.2389727564400617,0.0025092094303322513,0.46387742140094423,0.6070143772724966,0.22034997852667537,0.7165464669009932
1729.0,-0.1386344789286579,-0.32181283018400797,1.3857773796290358,-1.3556442112449862,-0.22427184934068894,0.47069977644270256,1.6660281969921515,2.0563469307878117,1.6964376158882557
1730.0,1.1992777127658136,0.48887734916244113,-0.2793106767556987,-1.1622440548661395,0.14148548680650555,-0.30112515869609857,0.39412965124647076,0.4565194807082901,1.1451813775770328
1731.0,0.33945111536361755,1.0015948726343336,-1.0858439464689553,-0.35175485238243437,0.5529384785623883,-2.304294949263653,-1.624875188691497,-1.065886537540676,-0.5443514137830726
1732.0,0.10517712124973161,-0.6728393821460646,0.7783937667252515,1.4490931999495953,-0.6597941781054872,-0.00862094610457631,0.7444154454235737,-0.7838961091843119,0.13708925163223012
1733.0,0.48649258391162425,2.1393708016059017,-0.06784416719652896,-1.1118471281083417,-1.3753951612546422,-0.2680046275244439,-0.06129114041698207,0.1478092883271552,-0.26563837984575245
1734.0,0.25541968962667766,-1.8468852577526131,0.2443501319552862,-1.1573973178611352,-0.09890673864313913,0.16566429307537997,-0.29144684438814666,1.0712816367421252,-0.6618493071295877
1735.0,0.4836505649993065,-0.41279552925625124,-1.2030126098305791,0.6691675127542954,0.32303440926070864,1.0918687889017193,0.1106203620793321,1.4327644245229125,-0.5656606523518011
1736.0,-0.5235541415964485,-1.6903557356633045,-0.4521827420155905,0.08778066434617414,-0.4119868320237196,0.49084183613590915,-1.7472129068611073,0.06563647235501933,-1.6694786943541864
1737.0,1.0611471048367243,2.186494570474914,0.07045548294882362,0.01714306786221623,0.9186459101363343,-0.12999049572055818,1.1333330945932576,-1.4619846260924978,0.9533490634627314
1738.0,-0.9405912509258717,-1.550231500299323,-0.443301144483041,-0.17456899426137928,-0.31973488833291247,-0.4065701227119283,-1.3496817216647998,-0.36120061231362927,-0.8149918445928357
1739.0,0.8380956244125953,-0.7227653508181416,-0.8726554496313584,1.8016337464741794,0.8869888041146455,-3.037242759658959,0.22909305507549702,-1.148395157018537,-0.6924255447700983
1740.0,0.9293204762592026,0.9271991370876032,-0.6649064523320646,-0.04146871504873366,-0.9067867262066162,1.201465673369083,0.04554831199910767,-0.3232316392137382,0.6242476885486962
1741.0,-1.4030800670120371,-1.0348498824053802,-0.0205266257378815,-1.2604620431249203,-0.4984036035956324,0.7536300342350559,0.7152491248514052,-2.505590525215887,-0.33728926400083004
1742.0,1.2781996993241824,-0.43968148461978257,0.9360020368538682,1.3265839557025283,-1.5478331561415393,1.005848454593549,1.366483222812704,0.2302513075959624,1.849240651369986
1743.0,0.8622126832261661,0.007876553249271341,-0.7818324251089471,0.6419019066803024,-0.7034701173829668,0.3323387637394774,-0.4166531031548248,0.42462467524340175,0.5170054323505658
1744.0,-1.5498220035679742,-0.2568591342254583,-0.6285821113698085,0.902122034914282,0.3932736784178954,-0.179912931868994,0.5865861691430245,0.40355690033438046,-0.4334845464989598
1745.0,3.1241323142691564,-0.0682672351985503,0.5112929651773044,0.5190338597747263,0.9851989101460135,0.6940773101663174,0.05377453582305773,0.7605797634143391,1.7023851975701971
1746.0,0.05128170386582016,0.26321072445266236,1.5456270204729772,-0.43709375014204355,-1.2718866285782857,0.3436764559681171,-0.006379849192137554,0.7802274191256724,1.7543564975637949
1747.0,1.2516373482962913,-0.1253171352680412,0.8283376762294009,0.032576768809227406,0.6902547385556418,-0.3996652768205283,1.1264926528876207,0.7339353784487221,1.5195849975636881
1748.0,0.7488052517310687,-0.7875839726258996,-2.390070421310087,-1.2990609121635688,-0.7653526797853327,-0.9221092971655068,-1.5188602218528788,0.8134627948310625,-0.4761692790916955
1749.0,-1.1136471572820466,-0.3892712877931973,-0.6402253047530952,-1.5672911450892997,-1.172258079531529,-0.5398584344616825,0.24040562795669418,-0.9100769881078539,-0.5362032813308989
1750.0,0.7758947408549453,0.01099661262601288,0.6958074564165575,1.9950512768200874,-0.24361856072543106,1.4414892227817844,0.2588485182583772,0.8411935792591292,1.1956820517201932
1751.0,1.048482685262709,-0.8735846988845244,1.2989486017813723,0.3872874137463391,-1.5174607905610855,-0.3593537615815627,1.1081745676809105,2.174436425182613,1.333173098483625
1752.0,-0.31880072909391477,-0.1028564971975494,0.27863432055644727,0.4680792864890778,0.5767317186047735,-0.04896514921482395,-0.6894163127640348,0.5868298007725677,0.1491413013699891
1753.0,0.7676865025762939,0.9433719536612826,1.2743302772117262,-1.4224000827263075,-0.8671674928029927,1.3892851992151183,1.794709348470613,1.6203858425028197,1.462211942894452
1754.0,0.0831495972598612,-0.07190738460081947,-0.07387039507901223,-0.9315047015792675,-0.7816019710165252,-1.4356210144135204,0.011361403612758926,1.3855751196648027,0.09761508948995463
1755.0,0.30041883312577145,0.6625704683807395,-0.12195475556880486,-1.250772152525497,-0.23798235835733533,-1.807254725305476,-1.9100119494525538,0.1463808290255189,-0.9493423026887161
1756.0,-0.7135899055525347,-1.2556181489365328,-1.1782502466543678,1.7225095755559146,0.4558382983349755,-1.2161927750279358,-0.3361329521567501,-1.0108491188486168,-1.7873590861751099
1757.0,-0.5402557893528096,-2.1396531631146645,-1.8843293152757352,-0.5943484753119676,0.23577579590490313,-0.4846879663069819,-0.8956081313582147,-0.43744668870562853,-1.5774447622433707
1758.0,1.1465139354531038,1.180688476299312,1.255034764769962,-1.1983955746577255,-0.45183981730303097,0.9497355658586397,1.1077375079255651,-0.13777319261335264,1.9929979548702792
1759.0,-0.39376560055037896,0.31980194681967644,-0.8072203139493287,0.7430993127504121,-0.2737193913256253,0.707187421422539,-0.6034443185072622,0.08318921495446625,-0.9945158279780755
1760.0,1.3448995581311205,0.035880153928884884,0.9608957036748221,-1.2176700701794398,-0.5477474782369518,0.6887720948374145,0.8202661604221364,1.7317918180653589,1.030585795845936
1761.0,0.8787411155900535,1.589949113017161,0.9453637954057176,-0.8373223053103532,-0.5355476749396683,0.28895714341780165,-0.5458336230924549,0.9277435629958842,0.5954490458887732
1762.0,-0.7715269404903308,-0.3499312804566455,0.47439234815168374,-0.71362305756354,-0.1614812333656257,1.2287394250935815,0.3267310349968369,1.0765799823911475,0.44087757627115337
1763.0,-2.4066354857339616,-0.7899437801705248,-1.9486636595579476,-0.10922306519095287,-0.8432307034314486,-0.8194399266098589,-0.2800578915551505,0.04529950045160958,-0.6564370322360124
1764.0,0.5122550620775982,-0.8942365320541161,-0.3062307376073864,0.6579933274367851,2.7392874738189765,-1.3536461010824625,-0.7798957857366708,-0.09028910672692682,-0.31645867918403364
1765.0,-0.2536620404291503,0.14667645764020107,1.2504309792280162,-0.6206723409057309,-1.572424750004714,0.5285391953227987,-0.42896576647758133,-0.5867613127809784,0.771799163198965
1766.0,-1.1316654877158852,-1.6762635584356442,0.35622232080588895,1.0069773521884473,-0.7848468408112582,0.2712369443597887,-0.011706093557685492,-1.124717401550122,-0.8302706518000061
1767.0,0.46458007833509346,1.8544855154252784,-0.5382208600023773,0.8725871445899674,-1.3988785983301208,-0.2679757609993434,-1.0548190555012646,1.2291245151173504,0.6828860979761755
1768.0,-1.1572044151372662,0.40835807998328183,-0.7371181643901662,0.30084960690785156,-0.4949561536711109,-1.8965870331498176,0.24231967051009257,-0.6373907816323753,-1.0172116741641912
1769.0,-0.2154543923385691,0.4252889199051758,-1.3565434322816958,0.1493686032063371,0.33212361998455975,0.2081714225551361,1.1226908856736664,-0.7637566633787563,0.13425501221503808
1770.0,1.645649594350648,-0.05462328404354577,0.6415938791012146,-0.5359562394218604,-1.0369951126234866,1.082659466120725,0.4589735051859813,1.0884901322055032,1.4409665643162324
1771.0,-1.9399608425910946,0.3597520357717953,0.35012743299269317,-0.3428800918688652,0.8853139739885024,0.8870744746488314,-0.7042213069163499,-0.8241587000678856,-0.3384146112100349
1772.0,-0.03208819564107564,0.6544929752697909,-1.6794071098687278,1.069464542938094,0.19857219630691575,0.2959757548121509,-0.23231412472856078,-1.235277456959289,-0.3681910809603202
1773.0,-0.6649777216452465,-1.556641491900533,-1.61319852480014,1.567130566000046,-0.673514243472369,-1.9307566328660974,-0.37613005858404613,0.6482601902133471,-0.09108563538273799
1774.0,-0.706519498597866,-0.3661402509970721,-1.941386534427818,-1.2011237885895891,0.09274816292606579,-0.7202585869451481,0.2973673665788103,-1.1266561015429586,-2.126229741963961
1775.0,0.12405366122250282,-0.8311241025742598,-0.421631953920972,-0.6927259279178325,0.3037793656112576,0.22904647886010154,0.04298738785497444,-0.4077728635577379,-0.456333434367313
1776.0,-0.15648713472585435,-1.1788453841941702,-0.12757921726357216,0.6355889667261173,-0.9537066193470615,0.5413376934171534,1.156916173336166,1.453790556864108,0.056681688675361386
1777.0,0.2806270348256006,0.45863293252919235,-1.3874526926905844,0.47690928452132114,-0.56722596582647,-1.1677901161857047,-0.42680320609298006,-1.9328278742052487,-0.32312607629388285
1778.0,-0.4245516396444156,0.3856467737192955,0.39275242062010834,-0.8747243782838857,-0.46748889815797473,-2.0317239453872076,-0.5269167985450569,-1.3637136388531776,-1.172572432503665
1779.0,0.5120798616433552,0.822723302854358,0.3923923405555377,-0.7092872958925465,0.09456731876396265,1.5322919689579215,1.6107809759778795,0.30454375846464254,1.7345017833813456
1780.0,0.5694915395337689,-0.6308809244948669,0.3774999985132287,-0.2631867426373117,-0.05508358663534342,0.18592433394987773,-0.7098441897227585,-0.5746239356198465,-0.23880983563287175
1781.0,1.1727454788359382,1.1355377205400377,0.8503242496998303,0.5561432435946635,0.21255612839362123,1.4252616090145562,1.3558685003326931,-0.029957267015252732,0.33404408861715096
1782.0,0.7033851239513054,1.9673507424757124,0.7569933299513115,-0.6177422586018396,-1.6729558502649948,-1.0215377252230502,0.32341478693545817,-0.4160086811146491,-0.12514913812800552
1783.0,0.19701691093044552,1.170023801395762,0.6851711186537705,-0.2032290041125345,-0.04113905723031019,1.2111570537987384,0.6804530927473724,-0.6046186457076059,0.8636092676765542
1784.0,-1.9433290019756078,0.05541963036192956,-2.0925071613738155,-0.3607203160726582,0.1399436875634811,-2.621289872898429,-1.6035261203762052,-0.4358913062172148,-1.8167294495161468
1785.0,-0.5467503882938919,0.5400704377402353,0.7685384134857133,0.04513847074742011,-2.1604026821175943,1.2353547117663897,2.640241085232713,1.07270684070959,1.0998189974829804
1786.0,1.403870311009351,0.1271315894216968,0.0212807553263847,0.7981181843743588,-0.28574226710662143,-1.1328725012373848,-1.4409886063898032,0.2169045518932347,0.251711573812628
1787.0,2.3673101801972196,0.7214428058218083,1.7989828202981117,-1.1345404130338042,0.19572393044495207,2.5634999225423156,1.45979954070627,1.0946870514951452,1.3450704331855254
1788.0,0.2622886822966541,-2.0936495812443865,2.1200217569731388,-0.5098932058371191,-0.17018864914038334,0.2631513323270313,0.9051723817656304,-0.29119925435223676,0.20946193401502164
1789.0,-1.6053352028770818,-0.4333131380912768,-0.5148708351482003,0.684015521434314,-0.17571915181041206,-1.451905403975251,0.8584968271277778,-1.6143311231571098,-1.1606884692894268
1790.0,0.12796357934804353,0.0901036101090925,-0.6377770958853054,-0.9667227451495988,-0.8926496492661955,-0.8892844888243463,-0.9710980616042483,-1.63868457386091,-1.2279434865654109
1791.0,-1.8909962417138577,-0.2828504255016055,0.9514369713989665,-0.021056753534941196,-0.23094634056685354,-0.044750037825318355,-0.19145615441347077,-0.8846434343094249,-0.5663977961831108
1792.0,-0.5191488376083782,-2.019017021814794,-0.647240520651546,-0.4105794555375528,0.03385252811269696,-0.6376196512852172,-1.1355425593436201,0.07534969776834867,-2.0848051060947053
1793.0,0.7079291959376965,0.36118321053475855,-0.04345297557754284,2.913253374943516,0.7407274241311691,0.3484420780960567,-0.45031453814520606,0.17697044803742606,0.09400575974729576
1794.0,1.24594873568932,-0.35219786512241974,1.0905301659814786,1.3527488379900752,1.1002722400837637,-0.8047378229578976,-0.06114434468403496,0.6894655300161031,0.7871646279169577
1795.0,0.25635111564035507,-1.4724209894372358,0.11846355730769136,0.8650015137551692,-0.4747985873221678,0.5543356133833267,-0.3215652618083718,0.30653489750751123,-0.11174144347475164
1796.0,-0.8094139236304839,-0.39882489962502266,-1.6796889889386797,0.0835244404510036,-0.8636434082003079,-0.13665903995755316,-0.18172631428275898,0.2362371361815147,0.0629921147878826
1797.0,1.3184448831731415,0.3223273493345035,0.48978581359131856,-1.425129472122841,-0.5202979914008005,1.4154707448900443,-0.16513780633511707,0.5124424357675478,0.38342150136659403
1798.0,0.43013765981634566,0.9182495103437428,1.530035937815839,-0.915550326087436,-0.9029163126214389,0.12779542803590865,0.23134428807861349,1.410778914610618,0.6854058527410257
1799.0,0.2789286924930935,-0.640963579499481,1.315398975401861,-0.19551882529751785,1.9030630525455272,-0.11516989795610025,1.6065234036102436,-1.1821740464875323,-0.08528453454482002
1800.0,-0.31761068761447964,0.2923349727646421,-0.02377186300955487,0.31327119868328446,0.5026428947702812,-0.70472436399551,0.7168445740425108,0.5987372546626211,0.03668400487580876
1801.0,0.5284978986727636,-1.3141777832219808,-0.8352738821139113,1.5808878060510148,1.0438990896014801,0.27534797572790765,0.214856779833061,-0.7366088301752042,0.06248725266913706
1802.0,0.2926836389633672,0.6298005581222534,2.1784617430074644,-1.383363747710142,-1.6131055096706755,1.6922457834887161,1.5185425585559411,0.26727339026139324,1.8087735016606852
1803.0,-1.037236690981008,0.7389081421663691,-0.07731499978151074,-0.5563417850155769,0.818312321968801,0.9321954273451634,0.44093917615022576,1.2203183453549302,0.6223286508913662
1804.0,-2.9420124735143256,1.0266788593283347,-1.5139061146569868,1.5514796521985077,-0.4194422650231808,-0.5003986261387188,-0.5861930307397211,-2.3208039891446615,-1.047273898726371
1805.0,0.7473402845185843,2.3764628680416298,-0.9285186980226047,-1.4996723797349254,0.6690153023599666,0.8820857029756541,-0.541360963741363,-0.39635258891989794,-0.671497994107909
1806.0,-0.5113559445652857,-1.7517468541675711,0.45187337779277853,1.3050200268167218,-0.4255796203864936,-0.06282953074877151,-0.6844562725258229,-0.6173282558533774,-0.7872185276860316
1807.0,0.3156674913505134,-0.001639457699529714,0.8857356697792822,1.8930520146411571,2.2256552386983004,-0.7934405424543568,-0.9752488710736764,-1.5738505984626425,-0.3993016637710846
1808.0,-0.1304554388631172,-0.5543744812135173,0.7347024782993603,-2.137698155002175,-1.0830105069480644,0.055660135287981125,-0.4776114823928898,0.31359654762291184,-0.07709191399524488
1809.0,0.25640503662780556,-0.5795523329978494,1.763893547692579,-0.6569991582262159,-2.827919772256445,0.9342310225571437,0.056521224272702314,2.17826654609561,1.0386123138923338
1810.0,-0.3826234174027397,-0.38570339907954765,-1.9240442540923763,0.22423732062155305,-1.8818749295198987,-1.6099198942780613,-2.546347952485413,-0.19751756842695625,-1.0562437881552982
1811.0,-1.2847889301603743,1.0989372511661257,-0.9217067119689916,0.11410487760683566,-0.49282727479829774,-0.0428334579433989,-0.5828584794195372,0.9393303148478609,-0.31513637782002224
1812.0,-0.5005140114292737,-1.6859316128806894,-0.4438557271383714,-2.754639365836398,-2.1475925825505144,0.1999763306304055,0.008744439601817333,-0.9970143966296436,-0.646543733282692
1813.0,-0.3782165595267287,1.1051841583883626,-0.6124044581573479,2.377865502973319,1.2723913937476952,1.5572704415063006,1.5190104319523683,-0.3944850209825355,-0.10281699628721723
1814.0,2.421661974337627,-0.2716586986482955,-0.3460383787375449,0.2142104806952583,-1.2773739907851496,1.190223107635332,0.31455229029340837,-0.3090701486094209,1.2048078801711424
1815.0,-0.4075646356939553,-2.0250627688132528,-1.94861250883733,-0.5075776144092511,-0.530967069187261,0.27802395039728633,0.4417746263420127,-1.7946492516439843,-1.5881931445008277
1816.0,0.2171321487572998,-0.42977094267994004,2.2353688567149472,-1.0151867267210917,-0.6717383581283629,-0.4727437323834486,-0.31238973031215717,-0.20898112378968256,-0.6097399152256945
1817.0,-1.0438636232719694,-1.877826153207595,-0.5400669261587183,0.6610516939048625,0.6756136052808888,-0.19984195110242733,1.8685731689353062,-0.29925515682843984,-0.025141230978760906
1818.0,-0.3634018739680183,0.36813633446149585,-1.7396342556920006,-0.5939225187538802,0.9122221757645517,-1.9020596803621324,-0.8433604537299811,-1.747676787415324,-1.719494100390068
1819.0,-0.6860068380720274,0.452653377517212,0.9213604909637031,-0.10342164459287136,-1.707950524548952,-0.1047510044509124,-1.0967632612986615,1.071851396041021,-0.6364411740119016
1820.0,1.1918220716213195,0.6992553064894701,-0.1305533628156377,-1.1955879513014187,0.11020598741542637,0.34104471603220127,-0.14414786743546418,0.06822666292475059,0.3320868226495641
1821.0,0.13119869720420346,1.1890428290372097,0.3318094577266425,0.10364673225295941,0.49324215930909043,-0.3335292861929073,1.2628843148613853,0.08739666518143661,-0.31389228351423865
1822.0,-1.664414849722669,0.09495207410667818,0.7472925464144535,-0.7099694098892352,1.0337152433592727,1.3028290060068197,0.2089645517445531,1.0640221445258278,-0.5185011289293743
1823.0,-1.0784421153036432,-0.3455248904223368,-0.15371781055473843,0.6992654380328034,-0.9884908515169403,-0.6123126368270572,1.0182991163141872,-0.43377026091739346,0.6799863869920316
1824.0,0.09844507405498773,0.19863309132911822,-0.04603980573503808,-0.2882349109404623,0.5267116647227161,-1.6136180148781005,-1.3005695726504618,-2.074161523691227,-0.835349190243782
1825.0,0.5027233921462079,-1.0009195492464906,0.22462339032961598,1.0184964656987168,-0.05341335350631463,0.8384845110782164,0.45614062335048733,-1.3624732412453582,0.19143182319619784
1826.0,-0.6658687789187504,-0.21872505312920393,-0.4743759061700519,1.3688122419898132,1.8758410829119536,-1.5347089597876749,-0.7958685524068652,0.2928823643177117,-1.6607073865372908
1827.0,1.2132325851251506,0.8871768323745575,-0.9586539307501143,0.9815202591722986,0.4945900841593752,-1.6957364457782185,-0.7727482450371973,-0.5100205479533128,0.2965009308786833
1828.0,0.4423472337134206,-0.3652723302684294,-0.6408041408351208,0.812647472542837,0.10322945479204032,-0.512653289522998,-0.9857169136650451,1.1965732802025482,-0.004987398989109658
1829.0,0.46278214067266205,-1.1995858781489772,0.01682591985513609,-0.2629458407870734,-0.9754568975864517,0.24659007379807846,-0.9122091861345901,2.084499629115539,-0.08519279433342682
1830.0,0.8357818739242517,2.443432232682052,1.7427992362279139,-0.5278209089533473,-0.06002272181149501,1.0565388652023309,0.08785700425955167,1.16316950301913,1.2578152222836887
1831.0,-1.128109705059294,-0.8538755718521727,-0.97564487031493,0.2628876300905067,0.4383369472923023,-1.9296605368453446,-0.6449557616966939,0.6410749547275444,-0.6588080529110804
1832.0,0.46029312825948504,-0.397375586161836,0.9115178804391149,0.06586896818651593,0.18274602073172833,-0.10908015150910827,1.5189334945478576,1.0405055615311052,2.106626320909148
1833.0,-0.729143814753605,0.5015099351171534,-1.891032769875904,1.274926105487485,0.31213041954070825,-1.3603710571553922,-0.9689972617269537,-1.912177926900816,-1.692764953673162
1834.0,-0.47128876724247737,0.9487434350898333,-1.09018579399474,0.12342054142957003,-0.41728793914256895,-0.512153074037352,-1.4137795884809956,0.048894361976967074,-0.3318295798358183
1835.0,-1.07370817939008,-0.30252329080878615,-0.3444326605644519,-1.9385008049314532,-1.3683073858625194,-0.10048767253948583,-0.18566147465284522,-0.15669605200167563,-1.1607840057683507
1836.0,-1.818054584881634,0.750056059167427,-0.45587549198223737,-1.1345503739459337,-0.7461888455020598,-0.07740529192838112,-2.122840074421683,0.1266883235268669,-0.8637587927211017
1837.0,-0.3988650640721185,0.5555735333570848,1.4462548768636458,-0.7491895023178877,-2.0306245110182135,0.21050091623915884,-0.9608206076610033,0.0648798032108515,1.2391370883645008
1838.0,-0.004237333298267303,-0.23389068910222824,0.1451766506594327,1.08273617742059,1.3592951518888525,1.4314751739897829,0.6992967906288527,-0.03813912084676484,-0.09692133679343655
1839.0,1.5430028892530712,-0.23727252131996157,-0.4582382146190885,0.04094052849663324,1.478405897813236,0.2878198451223631,0.7755570645643723,0.06953029610056688,0.932921131668998
1840.0,1.3283185070301127,2.8620884137812057,2.2670674860269697,-0.08398236958307885,0.3469749667959476,1.1673318523809304,2.292416193742881,0.724201992086072,2.081983520190418
1841.0,-0.9136804278527961,0.6419529751995856,-1.0257947866744022,0.6556513509500476,1.1521431010741388,-1.5381858406807234,-1.0294845191934685,0.2278512050572572,-0.9189240134202828
1842.0,1.0047819078508988,0.6039468085537776,0.3235440850501188,0.6969424679841941,-1.0416781423441615,0.43923253105116095,0.15486292021545808,-1.1891366853872123,1.4404091285968703
1843.0,0.8908052161007938,0.3591469070080509,0.5473756068126211,-0.6902104828242961,0.9197293535611718,-0.09049529500328439,1.797153544112625,-0.2260360860695143,0.6406810774713433
1844.0,1.5724785007161328,0.810981533347662,0.5109330832235961,-0.8261060619854421,0.7705672744710907,-0.7871404163939653,0.22794162268311335,1.6574661050557644,0.09209076177758327
1845.0,0.8939274013468316,0.772128439442967,-0.2783664895894819,0.28168498643107537,1.3473529737205634,0.7012897268286478,0.43241135358292876,0.6976720197570581,0.4163201128562009
1846.0,-0.7490776125108188,0.4923195632522353,-0.5174127031004463,1.2188377641125112,0.027047678013442673,-1.7395283943850213,-0.41296815173938206,0.8597115479121971,-0.5379828929762548
1847.0,1.7857180391259175,-0.710829044421263,0.3487513221832647,0.14806939606272662,0.6069694145133611,0.2959632146476249,0.14883819096952344,-1.1905590998711815,0.4832220493645145
1848.0,-0.1636307654240203,0.780970597130251,-1.1189800393856935,0.033190619640517775,1.6786164011351088,-1.1724601314595522,-0.4900522578491754,0.20937893982637001,-0.3589333236141351
1849.0,-1.7747943257057097,0.23686627923461748,-1.4707911672160596,2.325956090464127,2.6179344015523727,-0.09328077459818723,0.5481665807802067,-0.7652745145972032,-0.17295413300468396
1850.0,-0.7863334332857658,-0.023945332130019606,-0.3195508941523042,-0.6698516955730323,1.485932727307816,-1.3019271820692269,-0.16555903263275223,-0.7376687676901996,0.24049822928153367
1851.0,0.9882472906851152,-0.5534005537304961,-0.07785108434025186,-0.6186503663341821,-0.7932326360102229,-0.11188452335373153,0.30736062529157493,1.169852138176818,0.3088523360403038
1852.0,-1.1429574943264513,-1.3804177793601693,0.12819208670090393,-0.4799899853880241,-0.0487435050801222,-0.44755211625667546,0.09095568917744061,0.8039858566810439,-0.31970016890584596
1853.0,1.9019673860245478,0.5195442253970004,0.24012500022988836,0.5934988148916391,1.774495633426733,1.5789667948972663,1.2689484822537211,1.4143688101531353,2.0641813659216037
1854.0,1.6691692017307211,-0.14023242223847424,-1.2362653940691002,0.9192468510183853,-1.049466725040969,-1.5322678582352627,0.9282505380452062,0.2965132102462852,0.8345231611989495
1855.0,0.0536705482509512,0.458856545613747,0.1285885297478591,-0.459992167055522,1.6631881296096014,0.7404953053266919,0.6141862376841343,-1.222473625485347,0.5337311218361239
1856.0,-0.8740857805143503,-0.8279647897698692,-1.1261841639720813,-1.5385842561020178,0.28937469478826017,-0.5407534076889664,-0.4418811008131436,-0.7571154373074933,-1.1536390571198263
1857.0,1.9132877074455088,1.9527772853123702,0.09804651249331944,1.7088873799512503,1.3547373599119699,1.3806036139890396,0.6977137165092329,1.9204276706874213,1.3772829599715275
1858.0,0.307129162948995,-0.9106285460752451,-0.007312529446597892,-1.7065362610967856,0.6677217989678071,1.5954426578002456,0.08920910356411947,-0.26773453591962787,0.17461157725315188
1859.0,2.0563381884129304,0.78340379112475,0.45379835574643523,1.3109137745306796,0.625591101527189,0.4318282895741905,0.9909142310335386,0.9407669291100337,1.1176122041494732
1860.0,3.3345828603674623,1.0023676922631737,1.363291105941455,0.30075665976083693,0.6566728297888774,1.464646246928895,1.0625504759101427,-0.008660209032601314,2.198841567761534
1861.0,-0.07050269185092718,-1.4594156630664388,-1.6713572194267075,-0.20733588244631335,-0.8826871149674704,-0.9616976170942536,-1.1412366139533134,-0.0014044419145872785,-1.479355816515638
1862.0,-1.0277953503454897,-1.3599310462165703,0.18580192478773933,0.3579388642370179,-0.10813863844573235,-0.5113411579598653,0.3337354128532327,0.30011262060689364,0.3181263575093481
1863.0,-0.5681700695979003,-0.5112447158309145,-1.8902990312155838,-1.4067917655938655,-0.3709141483856264,-1.3639776472796128,-2.5300327699464904,-2.131315566999388,-2.2793317802155393
1864.0,0.8337270576830451,0.39856303762150597,1.1334726120861867,0.8459509974252977,-0.7376798478595473,1.6575085788155752,-0.10483044650413771,2.7592109898988273,1.1827518780699269
1865.0,-0.8849834120023032,1.4002649379217689,-0.12246014907921629,0.6986989000915342,2.6835286638018485,0.9921056857837599,-1.5527030721452695,0.10950020852298348,-0.26892000196396865
1866.0,1.110217650014469,1.356006906556542,-1.0272114462568187,1.9364277442684443,1.942254064715358,0.433905726293992,0.8520939488173543,-0.4803308856289588,0.7407432977319036
1867.0,-0.2673477672435022,1.1624409297060025,0.2137671525427507,1.5112639936048315,1.3664852742021103,0.6797376030530685,2.048815546506312,0.7201635820414691,-0.2178239005792629
1868.0,1.3106054882609575,1.35548385968013,0.5097342963681784,0.5289701983651438,1.6289129162091585,1.7454603336699428,0.6540663350578111,0.31161451365009746,0.6180435127349977
1869.0,0.4999340488293658,0.30453254178464556,-0.270810012886942,1.1862443279954067,2.0255337143658023,-0.5566069178669351,-0.07356416174134148,-0.769283410824691,0.4503389060398705
1870.0,0.09511393493314968,-0.46666822038363187,0.5993646574836011,0.7659761439589886,1.218221316791566,-0.043076587601802045,-1.3375658387759137,0.4030869441081884,-0.07757198195508204
1871.0,0.18795988162694283,-0.5991916661300254,0.7346898094616074,1.7503960751712038,-1.484782354188686,-0.024952281993111575,0.8871406375992751,-0.033601837678648036,0.53758862551513
1872.0,1.26689637004916,0.45850983589733263,-0.769271969961225,-0.8713307972235667,-0.9566235212400576,-0.1872704725080361,-0.6861164653276448,1.6028806943433331,-0.4018700453763724
1873.0,0.9989813097333758,-0.6265464437114387,0.7037951657221586,-0.8243637486365862,0.752395614689541,0.4272602480446114,0.836397687755993,0.27880711483487525,1.0992153729885095
1874.0,-1.4322078504877171,-1.426761257901718,-2.216547227053616,-1.0473020465623633,0.2501469306195595,-1.3038543915831369,-0.7472565981671728,0.4691340526376494,-1.5697764136448202
1875.0,-0.5144703278158491,-0.07453288505116606,-0.39420607748634184,0.18662398135556446,0.0923802833533798,-0.07399331481187593,0.5600299622975901,0.4174313821103309,0.016215892218325086
1876.0,1.5930519283324684,2.1970047603003935,1.3225360488470894,0.2938664154227233,0.3847304280362992,0.31801554532002935,0.8839226683679371,-0.1109252500881697,1.3094175927887606
1877.0,0.9820514808095346,0.5397729390612538,1.3324271872511517,0.008474606982092698,0.09623948485879576,0.4001716334742613,1.0800950693870184,0.8934182902451018,0.7410416664157825
1878.0,0.4403372179840806,-0.05101450819524853,0.3809924902257166,2.2645256114806642,1.6418518281748613,1.0381278127289169,0.8319498012814868,0.8790999747919873,1.0140928461501686
1879.0,-0.8885631413136549,-0.1763532350276937,-0.952259524551032,0.3944373325447166,-0.031738453043830966,0.710145700702615,-0.4260738104114734,-1.00022123638181,-1.2853255455118524
1880.0,1.8708085011178823,1.6309871468160786,1.4959911614217478,0.27098011060939853,0.711143056418212,3.075188283801215,1.6852818236857945,0.29194041269861276,1.194817223256826
1881.0,-1.134389184771746,1.1018737660649547,-2.1560584744706532,-1.3770744448644119,-0.5712856916546035,-2.2121287635000395,-2.186281914382322,-2.028103359540179,-1.7878930847158048
1882.0,-0.6896671937187538,-0.9118470123080801,-0.7859169749603115,-0.5652776392978801,-1.0762933737063756,-0.15736062055797,-0.30967518558130913,0.16724236410364937,-1.0983126744725695
1883.0,1.4948161782232579,0.42511589308937536,0.4100265148136894,0.799112862406913,1.8430035401023563,-0.9178595590707168,0.46556935839749225,0.12332968224796438,-0.6419051982019106
1884.0,0.5961350429737807,-0.8517084850474487,-0.009707941093141154,1.9220154337530007,-0.7240515748800747,0.3716654752935226,-0.134775561014584,-0.574552237924895,0.9067428080447314
1885.0,2.1828177119928194,-0.12475969793808447,-0.003110632519305202,-1.0681977527950781,-0.036120022671945244,0.6517883318336691,2.953785933514035,-0.02872127416690593,0.44804545943756785
1886.0,2.05774062805928,1.3517491574713654,1.0162843528338534,0.6800984136525939,0.027956775641447988,1.4997160387884385,2.3491600761045133,1.5732805414483433,1.3311818677544367
1887.0,0.35054117829527964,-0.13920829213482988,-1.336491126841931,0.30922414396271053,-0.2609421855053938,-1.430300510253173,0.979816166413658,-0.44385098486949026,-0.22420526271910762
1888.0,0.45999637907588314,-0.8801677130634913,0.1760829764542247,-0.3294099493216025,-2.4587099300198694,0.03770268818850132,0.39665415868069565,1.1820263317163866,0.19564945579575463
1889.0,-0.7326395134167752,1.3793188208697267,0.25195246523666875,0.2955557245857058,0.14148943721824842,1.5082366888987582,0.23269851211159925,-0.07043393154450431,0.4407676635775066
1890.0,0.03529131311252315,0.37759815147096865,2.732693196556605,-0.6086819581119652,1.714425684497241,1.6664037297192367,1.9284323163885655,1.3779840731777169,1.4886285297311992
1891.0,-1.028358142251856,-0.2527068736595015,-1.4514169521147355,-1.1593151423693122,-0.1919001857349931,-2.201891239164855,-1.7105034926316232,-0.8680486711840399,-1.203078948564213
1892.0,-0.5588780134459106,0.5172619539372534,-0.4159787864572196,-0.9639867169698911,-0.4601517681958486,-1.3291099723175157,-0.9846957136749416,-0.07395684069649391,-0.32534301098941665
1893.0,0.8919841466996759,3.0629857194815915,1.7401972424953687,1.1896053453834428,1.0282479842460277,0.9431254934491606,1.459922719004555,0.45818104354602185,1.945730668833399
1894.0,0.6939867800707036,-0.5817270648850266,-0.4119900763414188,0.7255429511307447,-0.14321403104709926,-0.2336248348249387,2.309625447431177,0.9950712699939732,-0.135397228064831
1895.0,-0.6571850877604455,-1.1199446858964974,-0.8467536502943572,-0.09553232115104343,1.3543163816575827,0.9164532905695473,-0.11714736351339763,0.25049646329133035,-0.9270105206450485
1896.0,-0.6309330891172064,-1.5439498552661997,0.3197650776336021,-1.3403483863730714,-3.3914157121518684,-0.8777889016708206,-1.482836864224077,-0.014341624165720294,-0.1919573248187507
1897.0,-1.0204634061889897,-0.02456677437425061,-0.7270681554886103,-0.3104021038507705,-0.38894687766804925,-1.0098995319810025,-1.051495113694489,-2.1737293463112963,-1.6631603008155695
1898.0,1.0635876019776276,0.9210767107862827,1.296491510880183,0.5648545548740714,-0.5474784444420143,0.5018881602217541,0.3322984441035343,-0.07047678938091495,1.7069525807995392
1899.0,-0.5038972944880785,-0.262351056107048,0.4050179470560413,0.5000451021764358,0.8839230320135166,0.7329266724845054,0.16285379657299426,0.5997945482856412,0.226059944441804
1900.0,0.9189756795970235,0.5367187606436205,1.2180205643350965,1.9956925579059992,0.18733001166149318,-0.0019790579417240045,1.5510943904993781,0.7946714161840649,1.3320146142945188
1901.0,1.2311515544996825,0.14614819117272443,0.261054861286001,-0.20428768764892127,0.07476211073751296,0.5800849501445212,-0.10035307218639367,-0.1825580337207461,0.42029619601124923
1902.0,0.594841702300494,0.8951738957848412,0.4655861694825629,-0.6516658435112722,0.8553391017130646,1.2860714314987294,1.221433089762454,-0.9973928682908867,0.3512099063370826
1903.0,1.6963259714640477,0.9257823762047325,-0.1536925573010943,-0.05824386637136917,-0.3121293968786462,1.245064139089355,0.3817150882400983,0.1653579370100453,1.6475246273004287
1904.0,-2.9210979053132884,-1.7171766445633418,0.4061606148025231,-0.37600566527396784,-0.7902076333671473,-0.3567020428149877,-0.7004264721071304,-0.5164446512389554,-1.335648445225612
1905.0,0.0013409469296879993,-1.7527439931240059,0.8096254069484453,-0.29773892248560974,-0.2345008506622109,-0.5353972039790703,-1.2619467033808431,0.7348877115235867,0.062396537486045144
1906.0,-0.5176601571588079,0.016067424287442983,1.4029260940973507,-1.3629174936940278,-0.5654872036292441,0.6615141585767954,0.7059149282516646,-0.14617079582254958,-0.06012413861160888
1907.0,0.7122522131968729,0.6232624099260438,2.2597810796127145,-1.1877376258277816,-1.5659085580208536,0.9771310395127639,2.5709106134343207,1.0223701517240753,2.0554257817050523
1908.0,1.2631651345706267,1.268957624016562,-0.5878801261636484,2.1114010808284673,-0.05866624193041033,-1.0153224084969192,-1.4016688209969888,-0.35626176081580463,0.2688363062188135
1909.0,0.6225966412586783,-0.7324477203741844,1.1385011869500463,-0.5817189205100837,-0.06431485999686867,0.564675349568039,0.7629757396409393,-0.22554794950922674,0.5946545872186181
1910.0,-1.325538939795428,-1.5711679173403772,-0.4761206408241146,-1.5515747194374443,-2.4251641974535088,0.12782260133410334,-0.6924545759743234,1.504239401092543,-1.2698830861925832
1911.0,0.3276039652262743,-0.4172232725108648,-0.3282820706017563,-1.0327906769972284,-0.44353620221915474,0.4599525741424849,-0.5198394385284768,0.9265700629006995,-1.037082534402316
1912.0,1.1832202928849755,1.833454687093252,-0.3902047041132246,-0.0682163882576,0.0023027617198443573,0.7794337814332141,-0.4540033191601534,-1.10790976711594,1.3424047718508056
1913.0,0.3005438118103456,0.30769912667148935,-0.7482807108716264,1.1565675614287934,1.464459958159851,0.08435052277682716,1.7724893175197793,-0.459102818611889,0.05032592481652873
1914.0,0.37016082932882594,0.38307496529354224,1.0401634505528365,-0.442662467921527,-0.7142025987172635,1.4325839044188051,0.9727117829366919,-0.38379688967493786,-0.05618647862081642
1915.0,0.5845676849225453,0.27264559346818096,0.7600221339022125,-0.9929771611330244,-0.9159450800686457,0.16007132186177886,-0.3099970964380753,0.2707372769433029,1.0485655109727567
1916.0,1.150651432801007,0.2832994579012724,0.7234800600554717,1.4221128256054134,0.36915620203630517,1.4261515556861026,2.4721203546406807,0.7030710272928906,1.937198863579507
1917.0,2.026696264099524,0.16259481439242549,0.6885226472815782,-0.7748200094802704,0.7515061935468983,-0.7064331511867212,0.4304468268278983,2.4779859535819657,1.4879456625028107
1918.0,1.057619804165582,1.1413992185454793,0.6042663629844686,-0.5549431623675606,0.7663373904905543,-0.7114473664829113,-0.2002026043262111,1.7471871044821417,0.9170771479461246
1919.0,0.7058204494103408,0.10205081437540099,1.0555558876447824,-0.6555731216753506,-0.19602467722165234,0.0578194360624696,1.0255605008473678,0.6621786455274734,1.4767497879966514
1920.0,0.9911790789942618,-1.2795173733795389,0.38781845856150743,2.8466122499429516,0.6438795640995222,0.17250069620970565,-0.30951095615262203,0.7541638464396518,0.7542836027545765
1921.0,-1.7263541036967396,-1.9403141293040373,-0.9631021893687532,0.7295573554943342,1.7812473020117747,-0.3225249382761199,-0.215102687668321,0.11517028362132356,-2.1951794293605515
1922.0,0.08311431479149284,1.5528648791654551,-1.7882601307702777,0.04957607616278461,1.3211048737307183,-0.8335650272173435,-0.9298389263017078,-0.07593132285118787,-1.7444111870771983
1923.0,-0.42130944533305387,-0.5440042910117648,-0.0568999409927308,-0.8941040043151675,-0.9577847730532075,-0.36061582358190675,1.594166197228806,-0.13770090447742853,0.6421127972180157
1924.0,-2.1025602506734393,-1.3658784612592882,-1.5273213552085265,0.7354501270805416,-0.6490718470872258,-1.7195373991347263,-0.5412041560722828,-2.1572631416697927,-2.6062838679550984
1925.0,1.1498973231675635,1.3392670633682633,1.6122243861526722,-0.39460352866035464,-0.8086814447036942,1.4041577266601888,1.2239944946821735,-0.039990650879877625,1.9024389940456736
1926.0,-0.8014315822791934,-0.2885553683633425,0.03971248192832572,0.8416204817317895,1.1047669156530675,-0.337594824466045,0.8924185130753498,0.34951899196163133,-0.738795954714626
1927.0,0.1916705396317077,1.6317028638931277,0.5334408075632188,0.3673268823055885,1.111673867213977,0.023735806447777598,1.7417194816748864,-1.5328209870312162,0.562281972557888
1928.0,-0.8470489841068952,-1.1357539823189362,0.258480746923936,-0.5242363295726559,0.46452246300430355,-0.8563029284566313,-0.9268896976495414,-0.04648131273396481,-0.7121644027221116
1929.0,-0.30973731383052705,-0.2114398008078577,0.8352374638174479,0.8609380251487849,1.343845353934318,2.527216026218044,0.8559257877388885,-0.3869054821596948,-0.3510034175440236
1930.0,-0.4982182668100082,0.5651210267735757,-0.5498495591587327,0.5760925297186472,0.0937175673601595,0.3753384204516064,0.9501866791401153,-0.5172383046606199,-0.46072129411276164
1931.0,-0.838704939676246,-0.1930843591692909,-0.9151579340603275,1.0058076844798085,-1.0143025487663881,-0.47198775901307316,0.05497999266423741,-1.2742862194750697,-0.5138210178484138
1932.0,-1.5597209604661697,-0.79435784087572,0.0962851963223668,-1.8588824192198066,-0.9804469055734448,-0.37320415787131744,0.0734560118265483,-0.11688511064294693,-1.100320154408618
1933.0,0.7369065390067785,-1.4714837614788694,-1.4158708626239525,-0.7678069685945652,-2.0758384975283874,-0.8440353107048136,-1.8931810341010251,0.3338111858758856,-0.3500936958416448
1934.0,0.34821029097323364,0.4844602533426281,2.11066442299951,0.15881583423035459,0.17733655031235843,0.30777969143259415,0.9235850327603129,0.8171707861854715,2.2631942778260172
1935.0,1.140437144518377,-1.0561840010560346,-1.2988764475666916,-0.6046501040844435,0.5888347385352686,-1.2484978950704937,-0.7136632285345886,0.18600099153507593,-0.5254624352128707
1936.0,-0.06507103626032767,-0.33513887487750166,1.2860721693792128,-0.9891100252758404,0.9030379545333976,-1.357447040921924,-0.3648086407450259,-0.2317253860850997,-0.8103417135631891
1937.0,-0.9757723971990171,-0.010427514087628785,-0.6753343270320824,0.5218710962090605,-0.254547669953785,-0.6801959208243702,-1.6375018744515102,-1.4367902744633598,-1.0899850966221993
1938.0,0.460625284703591,2.2338636345003824,-0.7528709005685065,0.9957370880001225,0.2018709253579557,0.7471925292452263,0.06237610320038481,0.4484804334307361,1.3163307904927362
1939.0,0.5705193262348836,-1.5377118635555103,1.5596054104380417,0.8039836691527857,-0.4451665067388231,-0.045428212063652454,-0.01049331354803698,-0.5378919593749032,0.04911464148662556
1940.0,-1.5742593458568241,-2.161841141806439,-1.1505146667542328,-0.33593553598622383,-0.2744473496320928,-1.440597308732757,0.26783143131281284,-0.5563314072367943,-0.13605270162324506
1941.0,-0.9316737730398988,-0.16296087674281245,-0.4157895633289205,-0.3648724318465058,-0.6661098900790077,0.35804821640619794,-0.31070380059622,-0.26322012608493817,0.22980421673375936
1942.0,-1.2539407358401382,-0.3832543199686165,-2.138014214759557,2.61326587570108,-0.0746788486898423,-0.4231127850075101,-0.5899752386699985,-1.690745024149864,-1.1894927660894166
1943.0,-1.3461664449574806,-1.4446403830147225,-1.8450649198086628,-1.6422174011197446,-1.2202332617808684,-2.6071972982367977,-2.0583042516330723,-0.9004711598206109,-1.9635493506487363
1944.0,-0.801151984326756,0.3006385162152194,0.041703215477103345,1.7630130005828901,0.1840804843982759,1.230301821599226,-1.0249317086542398,0.7475132506852143,-0.887580032154301
1945.0,0.5743810055384281,0.3353589834449096,-0.23668344962502375,0.8418347366514678,-0.17807970972306017,-0.42183339371158945,-0.5920699043353616,-0.22683356445385783,0.5160952775410554
1946.0,1.1144372749575187,0.28802078291881555,1.9771693208648036,0.9926482603285735,0.6189032830027061,1.9141601315132648,1.5926581082901554,1.2800758718547138,2.4499453476530104
1947.0,-0.4825320006585208,-0.7744154415403304,-1.0510293190281936,-0.16294867409160824,-0.741527371027445,-1.2506762809056686,-0.42680313032741,-0.8960606948747778,-0.7392804477416149
1948.0,-0.29159574018961676,0.1923112186230738,-0.01218943318728622,-1.4697043059259498,-1.0254935745576945,-0.634041642824273,0.5118686599726674,1.2765238833512262,-0.4673084690256417
1949.0,0.17975022587158315,-2.5075480321428802,-1.6153939307577274,-0.35974544184342794,0.5971038223875663,-0.30793217338937406,-0.5038237964129751,-1.431318635596875,-1.0352108974983298
1950.0,-0.9269169755780737,-0.8286924936675041,-1.67679987459418,-0.2396642942097452,-1.4828242276734946,-1.2901183651227635,-2.0735161102206776,-0.39643095303504067,-1.0543141194595402
1951.0,-0.15367333021256369,-1.483283092333425,-0.8100907235878902,1.3533734643753694,-0.12228541902265569,-0.5545322013645677,-0.7598241269848743,-1.6352509365444643,-1.3972179299140097
1952.0,0.28409142923269093,-0.08459602854417031,-1.0353530299206155,-0.47528030345631544,1.3476767458358674,-1.273676502752485,-1.173812135700648,-0.5208221210003922,-1.4147135762973522
1953.0,1.7535202274583588,1.1192546154503236,0.48391109611699984,0.9621943011339265,0.8146878224798801,-0.7433862385189964,0.7989989644676111,0.873301186367925,1.635554711586347
1954.0,0.8195082872509891,-0.056007346952664884,0.39412110179227183,-0.6680294924389325,-1.3011310604286481,0.32396585422442736,-0.07655256538400175,0.5382896729662985,-0.39879796752249835
1955.0,0.49922933646611534,-0.36735883232532246,0.8464376677921573,0.11759392482551827,1.0349426699740245,-0.0822910104643047,0.7432149437441827,-0.5134878582748309,0.8173686206026773
1956.0,-1.4462728611175846,-1.2351178866180872,0.2681097127221993,-1.3483548940295982,0.5012988445262148,-1.016498057810398,-1.2041745436418803,-0.4964244934842324,-1.3012262089084954
1957.0,-2.4623502029377518,0.039621157724260565,-2.0910347882888978,0.6574370374286618,0.35621464684920184,-1.217691335643609,-2.29757785656969,-0.4768974148680134,-2.3340124246814886
1958.0,1.466144503301135,0.18684798363775965,-0.3597672633284472,0.09189826419821313,-0.6486124903190142,-0.5620695213631546,0.023380138212857147,0.6621111504637375,0.3654017838294359
1959.0,-0.1540005522978296,-0.6304504892519879,1.3850263003373722,1.418764883726004,-0.1980614526656404,-0.4927429878371774,0.6360895381327077,0.6000793551020857,0.920327506203017
1960.0,0.17659468242135237,-0.6839437610432832,-0.017504941301042697,0.8987581354169025,0.10588690473568099,1.801014719203034,0.8354867357763537,1.6612632002089351,1.1315050941611529
1961.0,0.008379711277210284,-0.34355344495720497,-0.36751464053613675,-1.1301856821520653,-0.48504748464572733,-0.4943039082081134,-0.049979392993630335,1.400355408730136,0.29500213890473853
1962.0,0.17571548770612277,0.36024320822680406,-0.020001328444914854,-0.4437832481101882,0.8491565415635918,0.037025101650803395,0.9366732983009128,0.3521289192841848,0.4839376281132358
1963.0,-0.4235537685683365,1.5933723851373356,-1.2965557971948145,-0.27711790234308303,0.29909748112155377,-0.619661347921155,-0.435248077806213,0.12897541131969795,-0.37980331320895455
1964.0,-0.9974112203683824,0.30796690999447474,-0.5143141332582851,1.7244439610497873,0.6421863453997723,-0.09090785912001974,0.2604717213813038,-1.5633588703145227,-1.3136331842270017
1965.0,-1.3369692234233213,-0.9730146144944287,-0.19036168405713158,-0.5507327309860279,-0.8377078019669649,-0.7858710738818511,0.01728414201527902,-0.5714955549045966,-1.1323429259789326
1966.0,0.7588904838207468,0.41347624904530356,0.14904798194950122,0.3208925225307467,2.043454576165329,0.2293056107169373,0.5940025029031555,-1.1296400841756824,-0.3326740207175299
1967.0,1.1376413994509396,0.8341597877831495,1.1479104072311863,0.8714518360826148,0.16642827315749376,1.1177153722711866,0.37075084664533803,0.12226081089785149,1.202600468951769
1968.0,0.5357487275142063,-0.12452804859800211,1.336743651358747,0.1344765980286454,0.16148683200762529,1.8229934693222092,1.1625189439432084,0.8313636046837515,0.42648287425357717
1969.0,-0.9692908056068137,-1.700648147427567,0.07158226994824458,0.06051405142582541,-1.5209132316555622,-1.2014180665657594,0.036175563969631064,-0.2776630092672118,0.3466497219242654
1970.0,-0.9976760617713554,-0.11731041548463413,0.07526958754341263,-0.21999832471689004,-0.19908862879670536,-1.045722165138898,-1.9678152247072829,-0.062045112320336895,-1.3740007209236547
1971.0,-0.24124857807416486,1.5075113461179277,0.14377812002219578,-0.8061624382777912,0.35908252765718696,-0.44002670717504583,-0.1544750750353142,-0.3670042354301941,0.31879790105371136
1972.0,1.2399146822755933,-0.20973971210217243,-0.0867681806360329,0.5149909573530099,0.8788883033943429,1.0048215876004112,1.0830619291302686,-0.404425768768167,0.18093363595672668
1973.0,-0.8891461519875976,0.24099694005727973,-1.447089089585583,0.6593411744244736,0.9203564251828257,1.090447889552549,-0.7184892756016792,-1.839011922605621,-0.11474219274355396
1974.0,0.9613695408781349,2.3091197872859666,1.5882538319837518,0.26151055663842315,-1.0833975352768366,0.676029339817427,-0.5345355967250901,0.45420805619001486,0.550037692650277
1975.0,-0.8230221927654825,-1.1744961327493302,-0.21181598495295967,-0.34026548167644866,-1.3151806633544472,-1.193818994207538,0.5842934557471859,0.10472126404043874,0.15854082070962808
1976.0,0.32936763643286104,1.4573277800071385,0.017073252266119,-1.1249322516617712,-0.21559496515093282,-0.21174965540231863,0.30049926135223043,-0.1636315822839659,0.3115187025359818
1977.0,1.111647966750121,1.9742733655719618,2.4754439265031953,0.03239503517355526,0.10774123835291388,2.046134314496782,0.8707307675354705,1.672767607861051,1.367245438426351
1978.0,-0.440697505181463,0.25751222933834456,-0.5553622143862206,0.5319274075318428,0.4822748608181508,0.2753519587673666,0.6170626239403761,-0.0243570711631299,0.5772445695303171
1979.0,-1.3355912851485425,-0.8968036094301833,-1.6463810406525843,1.7260365497458392,2.063459504450524,-1.6378592724374068,-0.9250376935085344,-1.0921541942092177,-1.4835996454718015
1980.0,1.492194639325354,0.9493540228717854,1.3977621249938261,-0.2051463047587557,-0.16259611933822987,1.5269360905202174,1.2283195142885446,-0.37738466382639696,2.307540888403088
1981.0,0.43783697246636577,-0.5192620655827611,-0.4737014113421064,1.6722661678331154,0.08745577690467597,-0.5239164405713616,0.0684830729927814,-0.5795530791549499,0.04115717868888935
1982.0,-0.4731139733060585,0.35801056044952684,0.04448320086028256,-0.031470279477537416,-0.4881987690227534,-0.5347661092931113,-0.5120272158938561,0.21295264876930023,-0.7628795485783955
1983.0,0.3698990618654932,0.9237989408856523,1.1691571352624366,-0.6744604177831741,0.09862181752316217,-1.0175194137530696,0.21578188777779983,2.6308786594033435,0.7723270161411213
1984.0,-0.6379679985139697,-1.1540474574670254,0.10985966264729356,-0.34416131759347834,-0.19896469132237393,0.9709417117201933,-1.3786242751773115,0.8903407883591423,0.3252010908674841
1985.0,-0.4622354441073236,0.754998815756921,0.10573400573576741,-0.7298327458478014,0.9007546467767782,0.6011074772729417,0.33424641839000563,0.10389769642928405,0.33427947564391963
1986.0,0.35956460304288523,-0.7531879187094019,-0.4243122792293712,-1.3750888807620245,-1.130310604963579,1.0297500322875721,0.18947366000880675,-0.12227457659576833,0.4479204560601944
1987.0,0.3568947536675243,1.2814771964634926,0.502233525419341,2.0087086525918214,0.608644706193674,-0.04837211546418084,-0.6346087306465916,0.661719803455429,0.7159355429811615
1988.0,-0.1607491847995434,-0.9255628189667204,-0.517695930526839,0.6528765284622782,0.04526598536498891,0.2221798835024269,0.5815803330916106,-0.8533385979674387,-0.043672381757104965
1989.0,1.2684067181764476,0.8552377185410182,0.686549806239526,0.6822636068882265,1.440904565137081,0.05070015149525436,0.5446600323701285,-2.109162230913516,-0.43346587923296387
1990.0,0.7521058840103396,1.8637782590024374,-0.2940464473673616,-0.44150527542669576,-0.01584885105634741,-0.5313816934627702,0.4069662302524426,0.2616034150410796,0.8151014533026661
1991.0,-1.8479538160998041,-1.3383643718990803,-1.830442242708507,1.5586934280498335,0.7293765711062825,-0.824745208839514,-1.70080092197352,-2.5583208318955695,-2.9366961883731197
1992.0,0.734169707246859,0.6910128582357695,1.106154461984945,0.7161521955145699,-0.9001987656011949,0.79194941737027,1.2691129807413115,0.025173654307575684,0.8458461154954446
1993.0,-0.15658352637195025,-0.31461106592802035,-1.2398513944003882,-0.7650173874988713,-0.691906384657249,-0.8121811776600081,-1.0939381236821977,-1.531123192423505,-0.7086103172151914
1994.0,-0.3710803474866325,0.2649339070233329,-1.3870013037812847,0.6276050033993855,0.03503699928729424,1.467999359285283,1.548487625267965,0.0444753736976066,0.45335124869699217
1995.0,1.1309367198976323,-0.6685135809476271,0.02373770565076403,-0.39809695536421613,0.6016092298832159,0.9979173927030697,-0.4773041430166452,0.03776364812742369,-1.255919950975656
1996.0,0.9260840735871672,0.38125530592334744,1.0204973670277657,-1.2926384059025278,-1.4182248145291367,1.0753067294615752,0.6646735989190199,0.5332989225596373,1.2072012215611907
1997.0,1.0517965365305042,-0.492835987455442,1.5527341762055071,-1.8950838881430692,-2.5276891888369466,2.0194731309152694,0.7173139678334673,1.2530777352297695,1.6148882355758825
1998.0,-0.929138278718942,-2.0211813454424483,-0.8714806585205351,0.4933689857078283,0.7631850118828828,-1.0958704395182166,-0.02329383797185543,0.9244205180943573,-0.22807839128576354
1999.0,1.3909998500878797,2.1061752090386383,1.7936073740387772,0.4320069931799273,0.5543207123202716,0.947367874139996,1.8585874345129088,-0.0936371639758803,1.6058928298627873
2000.0,0.9313236362218055,-0.559533644219849,0.9599625308300858,-0.41025135217415387,-0.10020715956236777,0.7448707377228343,-0.7092581160267346,1.8645393126981487,0.36624942333802446
2001.0,0.09077971233922816,0.5974891203149877,-0.5322047293311036,-1.304598628044642,0.45299894516006006,-0.7776422254769815,-0.07050440968547694,-0.41181650475108533,0.32086029837752966
2002.0,0.05216248127620763,0.7465852792314163,-2.0839427233963717,0.2615729351203107,1.904591426309471,0.6165723023258632,-0.29633000704050716,-0.9864637143741681,-0.5371417983695238
2003.0,-0.481948808679888,0.21198233539787992,-0.976860048501495,0.11072001061699599,0.9691941920983909,0.4042580086152001,-1.2573283285351775,-0.21265696571945172,-0.4261147864508683
2004.0,-1.9756576447586516,-1.9566840115049606,0.1872494814694675,-0.3822202172971148,-0.32521946042461036,-0.27022293099779965,0.6941697462640356,0.18817130716693012,-0.6145159050099893
2005.0,-0.3654186328904003,1.0978062864953748,1.6906671143954943,0.914855422722915,-0.7646745860223932,0.9106383387779429,1.6213055128484917,-0.17082073658932348,1.1891709268323996
2006.0,-0.4296070620697272,0.9845987940603602,1.386946979386576,0.9692226849634744,-1.187853004645718,0.15625605162130446,1.2377849204135964,1.9229905162886944,1.4130752256197647
2007.0,-0.6631437343059203,-0.30938901379012584,-1.3458136010105077,1.061104712687189,-1.452107527670283,-0.9039580258660839,-0.9008604573923149,-0.23732883236806476,-0.6804509162510356
2008.0,2.3154498749647603,0.7168444542500649,0.8464039910555529,0.8506442919045744,-0.6607889649678288,-0.15641027542468794,1.1582773753931344,0.2266062501413997,1.3897361853976427
2009.0,0.22616067226179568,0.4067927511985044,-0.3181663067657128,0.9288512472061602,-1.1755101614748562,-0.16200659599278042,-0.059176544855154084,0.10394440113321572,-0.9612277308828353
2010.0,-0.3195631544812308,-0.538052428068914,-0.46013161087611315,-0.40045919111149264,-0.31348807391469874,-0.16213707236556393,-0.14662547052940397,-1.4353524463830243,-0.192560938482049
2011.0,-0.095956490949043,-0.6944143875972215,0.46600645781957456,1.7804173219544444,0.7863159032965396,-0.2766732606697739,-0.5911344006546644,0.7578244522510095,0.5576613280018446
2012.0,-0.35747622503198506,1.17668543429612,-1.9001687630315738,1.255378083286117,1.2413350967463672,0.3478030658891591,-0.5567865675789145,-0.057304493768566174,-0.7529918601737535
2013.0,-0.2739570654696569,-1.0021583318846856,-0.6024722169370744,-0.5105291414576596,-1.685079736353576,-1.3426837825919582,-1.3463805286094643,-1.9383632960156887,-0.5680092374171588
2014.0,0.7604889403398174,-2.096156859816252,0.2106823620825565,-2.2581882804169044,-0.41336790944266305,0.78797200695713,0.6001543543478459,0.7275380065647139,0.020130673797519486
2015.0,-1.4573159864196943,-0.13917769975634248,0.7000472974100287,-1.9305854278336323,0.771053680618338,-0.08153854828577055,-0.8742707460326767,0.04373143249989053,-0.9994603579208857
2016.0,-0.9158658352057486,0.7975453522044225,0.3705129131333996,-0.557428650477242,-1.0340435703298805,-1.13846697137472,-0.6996226778876614,-0.12608432467830558,0.10428844459969476
2017.0,-0.07976601838979669,-0.5954818845153136,-0.9908467297315844,-0.8457718177532518,0.19137831077480688,-1.4977691855000235,-0.8882724477888059,-0.5693463837496383,-1.1909732053103437
2018.0,-1.2300644270123187,-0.5265273769093612,-0.8572049225837483,1.2545072459252218,1.745653030010788,-0.325580676950568,0.3507467937255676,-0.45017592764338094,-1.191731591355667
2019.0,0.6684660847743675,0.13711064412962923,3.0288605340585586,1.9255131358071083,0.7579003582336372,0.9907884292159341,1.942443179131461,0.5937174291062465,1.6151384681688705
2020.0,0.09203542778010762,0.04809638329426853,-0.5189120867426762,-1.549584393830324,-0.4125275822036387,-1.5786042775716984,-0.10924733789233775,-0.017949271950033867,-0.0520594158409216
2021.0,-0.5166156927842654,-0.3120701596454653,0.16461157822722983,-0.24599089305972902,0.002559867393527858,-1.640772689746666,-0.7746162249153066,-0.8821750797836365,-0.25293785491862836
2022.0,-0.9060876011081095,-0.43819038082962364,0.3705102140064595,-0.5008559936240805,-1.0427724012583692,-0.21398672919784373,0.012224425949564528,0.5740570829130636,-0.06564892410949426
2023.0,1.10018580695346,-0.47766887952057346,0.8469120861795814,0.9587409625115724,0.015670957344969098,-0.06694468775849817,-0.9473713497316167,-0.4021126809343721,0.13611163126066445
2024.0,0.3262719957297475,0.01905357988558593,-0.25871833276296563,0.9913124445642126,-1.7046540623623916,-0.16590547208480286,0.3287369841157714,-1.2602463154368524,-1.0133483025074859
2025.0,-0.2918468381443486,-0.1793875258023812,-0.3055392719254915,0.964184419800436,0.7943645394584441,0.9088670927004314,-1.0265237699741672,-0.2736036362469406,-0.22752828944002895
2026.0,2.951938526407262,0.22155066799164463,1.9324958291537593,0.7229089807113313,0.836751123423789,2.0082689310228283,2.215785838273499,2.0092565805384437,2.1975543318654034
2027.0,0.3577359741394086,-0.11298079655388822,-0.9561114129085971,0.1908647376192808,0.2956536930858025,0.5203509791647062,0.16487794949243306,-1.5253406958008784,-0.1768366772112544
2028.0,-1.0524844017731336,0.7496831257384698,0.4786381455537532,-1.6334632083704275,0.8229106948411955,0.6545283786054025,3.0037012354349018,0.9897620940929761,0.4269905495503332
2029.0,-0.31189725204310237,-0.08426996350184515,-0.6184007185813192,0.21275671154941128,-0.9015327703238786,-0.96582942948436,-1.1436625037728314,-2.2203314728989363,-1.8042680315864816
2030.0,-1.243943825001204,1.134058270151032,-0.15661732809182538,-1.489291988962826,-0.4662342598023994,0.4788141880739815,0.6367369027545997,1.1778303777433254,0.49240623217979257
2031.0,-1.582574347458046,-0.32200976532858816,0.5919943649128175,-1.4170241101897778,-0.9873585314537144,0.10949590867557817,-1.0423318434034359,0.5490864570571895,-0.8068256249585898
2032.0,-0.667981584426479,-0.4674286606804913,-0.14129202028610305,0.9063577846429837,1.2012645334146967,1.2594237319103299,-0.03944050550885223,0.23528753649357861,0.2725863101174701
2033.0,0.6052433968450579,-0.12689799176243446,-0.4448725070792483,-0.08690826197915599,-1.4135294556676739,1.311330152214157,-0.7171342205824593,1.611026701525692,0.35505871835533126
2034.0,-0.23260912171443035,0.966219463900679,-0.13672809292463872,-0.8674135547945904,1.0232242059188907,-0.2345520054826721,0.6791179149244019,-0.9471584033215985,-0.31063888366648995
2035.0,-0.547034655570727,-1.0760919906251414,-1.8905241942331221,-1.0744057482194371,-0.33998668542113114,-0.4561964499751276,-1.1323335779952253,0.11220360084582866,-0.7451092053476915
2036.0,-0.09970862924641846,-1.6293684683719798,0.2630786169481031,1.4899444712736085,0.2992975335326776,-0.8456522994245689,-0.3931357375371205,1.7199068274792517,0.5779773118071994
2037.0,1.85368245086333,0.6433602588376962,0.9748282160195756,-0.631850755062372,-1.0651326889771995,1.1983235106768604,1.6808890992362722,2.2269749326973485,0.8182101531219649
2038.0,0.3952154555330091,0.672482294437129,-0.5258408907841258,-0.5839886522100124,-0.5382323622856525,1.344451244227114,2.1988439751510667,1.1877236376703089,1.120287378151423
2039.0,-1.7058378615706205,-0.35999224520740586,-0.5201989801920428,-1.0606582238166236,-0.8428607634001757,-0.9223941939926392,0.9779156128065728,-0.6582279986052474,-1.1338515878044955
2040.0,0.46015052771881176,-0.3960960323891841,1.3781012235424561,-2.212758817113031,-1.2719878648202048,-0.32226113843054305,-0.7316919527348421,1.1417497300164858,0.25725419028682056
2041.0,-1.3920310214261058,-0.2522004826040934,-1.9559298971841905,0.18233769746898112,0.7847554298032811,-0.8462204260580733,-0.22648374530408663,0.21633902084626913,-1.9231512996015516
2042.0,0.5408367161936528,-0.16132983980219467,0.14515693880780103,1.2444210824841,0.959193699860238,0.581902445221534,0.15901937214645898,0.3035853399254862,0.23423445006379562
2043.0,-0.617690586956582,-1.9988863440832072,-1.304330709594322,-1.1458222000952365,-0.9523946491868606,-1.7895771726540262,-0.07105947560193232,-1.4276533459256118,-0.6897874696340811
2044.0,0.7646003230411195,-0.25018023940750883,-0.7313507722525528,0.11372753741954751,0.1061093655556238,-1.910966976212952,0.5695441163952341,-0.8337341834524504,0.5718947667696629
2045.0,0.35306257674880726,0.22514835702002262,0.6580271594123871,0.9426172764270992,0.20560644482049364,2.412132685248604,1.0648323038025802,-0.33046864098320033,1.2461407254714505
2046.0,0.03265505356187189,-0.6302029918784525,-0.1338975980096348,0.6211420702607797,-0.12250812924388911,-0.2691704128276495,0.08933543958094595,-0.5183274781370356,-0.7286836410698151
2047.0,-0.30493234315465545,-0.5123156283780019,1.8457558125020197,1.7609452699463533,0.6201170746313709,0.9923651543779008,0.7593147857598701,1.8882166571524812,1.709303671876784
2048.0,-0.3686932407135879,-0.7103354732465472,-0.09094510802765712,0.5463568391609045,-0.3179914237200138,-2.138286028784985,-1.111448670392592,0.10651143822579866,-0.7990466815377868
2049.0,0.2764710548878874,-0.09623678304375956,0.43653035101634236,-2.0204923494436002,-0.31800544279261633,0.19206701946285454,-0.11144644875686337,0.8305177078987092,0.3212697519692696
2050.0,0.4953566356058929,-0.6278038356754929,0.4275325703836983,0.5698074445834916,1.5383425637459132,0.14184197755173927,0.8606154386403805,-0.42636226139473793,0.14003026487139222
2051.0,-0.4922483901582952,-0.2921639594495939,0.41730207333868413,0.9790674235324321,0.7585371391211322,0.6895132821334697,2.160103833669301,-1.1377559783892606,-0.20923825916183225
2052.0,1.3495211244867735,-0.16171123931945808,0.871444284965248,0.22345278366835128,0.5613794450508361,0.1653817721894733,1.1169328857308416,-0.24578731838860138,0.2103178851526004
2053.0,0.8394131914793176,-2.2860211470125136,-0.04505164631143267,0.6011003811265175,0.3960411500325996,0.46724161154233573,1.4750889912384524,-0.431945026417156,-0.0006432500859402516
2054.0,0.6847553104732689,-1.1596223336886564,1.3656590358912992,-0.5464336194014544,0.9654962799077507,0.9725224411290101,1.2043725084354409,-0.2239836196388314,1.3529895041884974
2055.0,1.0114490257804147,-0.4694355746720012,2.404116237252015,-1.3123743860734252,-2.2101194280500738,0.43930669850733256,0.6374776113123316,0.816642032022273,2.1929154751372044
2056.0,-0.9989901517505136,-1.4726991046692652,-3.2699756385902723,0.8933513529768827,-0.5442808976435105,-2.871349547276314,-1.5426283568402746,-2.6087999512842575,-2.259264388379251
2057.0,-1.0106345831773416,-0.4034965277405795,-0.27636430337909595,0.9792040254034043,0.10216373650819924,2.0287384917203157,0.18635777160619182,0.739702881839973,-0.22244427408589879
2058.0,-0.9195918617466342,0.5169433688350267,0.9439436906180195,0.5625579147197971,0.5414658751927223,-0.12292877962249922,-0.5558190493295457,-0.8470182784079432,-0.7256345331949179
2059.0,0.46911147184407087,0.6524606054571448,-1.3816790201689697,-0.012714977866499508,-1.4416340890731278,-0.41210763426302927,-0.4278108051437994,-0.6894150807028234,-0.4343511959611274
2060.0,0.09586316757826582,0.030557087959194415,0.5825778613363577,-1.1149371741037781,2.2589469618431575,-0.13348248810587438,1.237211804148485,0.4663696308401032,0.8945313932020296
2061.0,-1.48914330219284,-0.49776846360465415,-1.2119267752676792,0.8547845932125911,0.9435618082547803,0.009459124835908484,-0.4034075695711884,0.19106906102015617,-0.0997336302930593
2062.0,1.46283132160055,0.5185147508735791,-0.1248621587691128,-0.877824642369123,-0.04991308845064397,-0.22437326131505209,0.16685517773044128,-1.3503038890151702,0.8171372716810978
2063.0,-1.7656800185325132,-0.9150903114563007,-0.3983309154182991,-2.5401814613438622,0.7460630388072583,0.19164614606831606,0.9009144823898549,-0.050909525237295916,-1.334689625571559
2064.0,0.18547180343767106,0.9404343045990187,-0.8069177840753406,-0.009885286555258024,0.5530113128231845,0.5231523847545363,-0.19040269487653388,0.5758785091683859,-0.11057063548335268
2065.0,0.20584310390238258,0.3744382112664625,-0.7483448010521956,0.8448366561563883,0.4560976343065688,0.9760912103308571,0.34780901478440013,0.24172165010463986,0.06121796718655811
2066.0,0.7346831150671914,1.2091180965617436,-1.6157281285410046,1.0531450860271832,0.26038407571732863,-1.0510160511621633,0.43789563055373754,0.8241752108488009,-0.28295317779179346
2067.0,-0.32756264827848125,-0.18359736083703357,-0.34748741840199115,1.2193026460814778,-0.3080649203161981,-0.4555633025412673,0.3735105600574266,-1.0406103922535286,0.683451895002514
2068.0,1.5543136912196966,-0.4518976404074901,1.042265747260998,-1.298172570006648,-0.8632424346017941,-0.9890533576102906,0.45703311403798563,0.8702611169829907,1.2566987127007032
2069.0,-1.0045142755773764,-0.7106105331430004,-0.8960373428451623,0.508588218541789,-0.5886696051315727,-0.22791897568762048,0.1403634842261312,0.4222786012941671,-1.136695391818936
2070.0,1.7012889336532517,1.5893928950063556,0.7377596059888861,1.5135432943646487,2.081188622756053,2.7705263050571536,0.9727069545096402,0.21716048611627262,1.771613701810685
2071.0,-0.3293929099042749,-0.4718751156857735,-0.5495892162869949,-0.744799035661044,-1.1917255923180234,-0.7688774400023766,-0.30509833062368025,-0.12054579495427208,-0.6395269417315353
2072.0,0.36495255016221,0.8899447334408234,0.6181606228325047,1.1268322043801515,1.2994635239024963,0.6789902935327065,-1.2194965089346814,-0.6684727271968928,-0.3129628117562649
2073.0,-1.375020482953149,-1.0633018329385475,-1.0090100915132798,0.32527146354388736,-2.9019436145727284,-0.7603124119290222,-1.634208265585873,-1.338225730473389,-1.172679077377791
2074.0,-0.9855099620989906,0.366734257966969,-1.4682397254172683,-1.1272707580892338,0.03805357795960895,-0.9073736588533601,-0.20558470071276344,-1.153594814256347,-0.5111578531167272
2075.0,-0.14928398546720129,-0.5624486287677151,-0.5114933916629298,0.5130090812188964,0.53381810872747,-0.6037875144883821,0.15323131818434552,-0.6172114256662712,-0.3421104823613099
2076.0,-0.5437623531550959,0.5127541155608872,-0.410326799378387,0.511667396136738,-0.5225715516011187,-0.03751094447212169,0.631516537949673,-0.3442586374879737,-0.151581967583386
2077.0,0.18841524592486716,0.6306279204632707,-0.12369584438327236,0.3030633650240352,0.39919041340338146,0.020490330169935254,-0.3582969003545538,-0.0031333887690695138,-0.125891692604797
2078.0,-0.5723360498290156,0.246703354271453,-0.630590094654943,-0.2055598948670851,0.8770319759448387,-0.7950422746004968,-0.11037656186218205,0.7974820197238135,0.07806560691345198
2079.0,-0.2569057141263956,0.9874029400658414,0.5815151815640138,-0.29069440848878236,0.657384875706644,-0.40472471938848037,0.3935903922657361,0.14267294447319154,1.0109430629430185
2080.0,-1.385609354282872,-1.3996460391402643,-1.2884608078710666,-1.6644726787150632,-0.9138779417240697,-0.7498430937378918,-0.03244009428231864,-0.8232299430721219,-0.5652808201924044
2081.0,1.6017352902965485,-0.21228136709907444,0.8603199336633153,1.120221173136402,-0.31831810647824804,0.7571764335086603,1.5079424859190258,2.2300656788566995,1.1595092255966333
2082.0,-1.847398397414248,-1.486216405155942,0.13163961939390276,-0.06483081269385782,-0.7609576468415402,-0.8050033563145932,-1.5418471755044678,0.31116808766865506,-1.63489231296035
2083.0,2.1704419718196433,2.13855933211376,3.4478762221248562,0.042178355548209735,-0.2506187901077846,1.9464252441885401,1.224588720036856,1.7330065318731214,2.863818476885613
2084.0,0.8747315302094727,0.23238286433001254,1.006227855433799,-0.4512689532574865,-1.0519347330981221,1.5021918529576637,2.269765236925921,0.4119469200120847,1.7494921452347882
2085.0,-0.4280860017113808,0.20649602288903024,0.40038768395692836,-0.8517221731035284,-0.5530399695793715,-0.24273379509524307,-0.8157066861201451,0.8282324804543718,-0.15700345317093004
2086.0,1.8286529701578311,-0.9615599091658116,0.46733293505991375,0.45553019060866684,-0.5494260946512526,-0.4092923199840852,0.14200355182012622,0.2081608552594844,0.3838048248335314
2087.0,0.9587930281160157,0.2004077217440873,1.1189317503555765,1.2288131408946519,0.5288476130177413,0.7534880118100404,-0.4451954069718257,1.9053919563520876,1.0075494573875183
2088.0,1.0445848471082593,1.3416916106721453,0.8789474791487519,0.20357899400435414,0.6452049351280414,-0.11386361731994671,0.19399008897216372,-0.3939032149651783,0.3746675295339484
2089.0,0.2515172068744007,-0.3631563421656021,0.1215301753182043,-0.733800587293514,-1.4555639397820788,0.19460003145873636,-0.02700111102039438,0.5633151004126067,-0.3073122090285571
2090.0,-0.37950121334247955,1.0665288275617344,-0.9286855038479529,-1.2942552749067977,-0.2478764548736273,0.30108113913440593,0.18679528925277225,0.9703902733692424,-0.52873970187792
2091.0,0.1799162405315691,-0.6290536811385055,-0.06791301469177392,-0.8766591677888101,-1.6760581068749132,-0.08030965971066271,-0.11437818575334605,0.2456240810412062,0.05908854168524886
2092.0,-0.5167917599777752,0.28638866791991663,-0.6845148277455388,-0.8515806023162317,-1.2103812305463248,0.4787513988715908,-2.0425265453717754,-1.5922849321437493,0.5702224704070525
2093.0,-0.8771055662863777,-0.6943575971053711,-0.8967744946707129,-0.11474024209780904,-1.509445624102666,-1.303216943442123,-0.4508251186682051,0.38195661264906927,-1.5679183382430686
2094.0,-0.32049416982170825,-0.444877872328384,-0.4835745983563352,-1.4544470288487596,-2.115213199515162,-0.8225135358503123,0.8202637045275808,-0.0985573129460743,-0.9567028439191749
2095.0,0.9217999383273539,0.8069446046503623,-0.01003048748069962,-1.9274633697732615,-2.2493021608761357,0.040734812432497984,-1.5600869743170984,-1.2635158332591188,-0.20534494897230765
2096.0,0.022452203615012614,0.2975851661710159,1.113648746349498,-0.24016561954253357,1.7589501547613864,1.5842797113346772,0.7617381296072646,1.1059010033510481,0.6153995357795503
2097.0,1.354912531129851,0.31694002759166967,1.11902248296557,2.686767950852071,1.049154504741708,0.19599791383677045,0.36719310597607613,0.9356780897702444,1.2154056424213169
2098.0,0.471828358811191,1.1868425916869212,-0.4700058312285932,-0.7247409850016002,-0.036188609904051754,-0.9780182497823428,-0.6261839380527929,-1.14705658302226,-0.1253215142214759
2099.0,-0.3470700658092456,0.25048241183856135,-0.8554355086757673,-2.111900126117365,-1.3121891026151205,-0.9109819393309915,-0.5476468806702498,-0.5017012144473758,-0.5247954464806476
2100.0,0.3343586237960552,-0.7096695193509268,1.0539378072802554,-1.1541608839241395,0.3911499680037186,1.5726669786631227,1.2320800908472442,0.04764112753418898,1.1462982561184059
2101.0,-0.08980853441108291,1.9855527259844326,-0.49464634375497935,-1.019948021128056,-0.2403434453187629,-0.8041377101156858,-0.28301712063883716,0.9336499995257451,0.08246355394610619
2102.0,-0.9814114778895875,-0.247778717312743,0.9288585407275712,0.6691845846577634,-0.15664140087130066,0.08749158380482105,0.6922647380505951,-0.08413232293021942,0.23029817848416154
2103.0,0.824066895827089,-0.13733779881376576,0.1748283018838133,1.9740456062441836,-0.058161336091748415,0.7798792733175327,0.17127637633029816,-0.9049399152880261,0.6383706707483324
2104.0,-0.297691394317192,-2.1673086955114225,-1.5566563722379678,-1.2544839059736763,-1.1793548333674972,-1.3859653376868315,-0.3413462369206175,0.34351808641997367,-1.7575338869982422
2105.0,0.5964956194310883,1.208161824358041,1.2231468747313339,-0.037245791240266675,1.217521524368654,1.2569377103337576,-0.11780557414559398,-0.14647112916490623,1.3247264366664253
2106.0,0.09267480821439845,0.4638166701069223,2.1902266241675745,-2.3611368839254188,0.3669294639869206,0.963757166885238,1.3272690978108515,2.0817899377006297,0.7566617840602391
2107.0,0.35865156964329664,-1.1188560487972063,-0.41616656276947767,0.09735947189967277,0.8794284241279618,-1.8218586316828123,0.8288014719716973,1.729151044094804,-0.7350452940918696
2108.0,1.3102722147681178,0.898711285760615,-0.024090264414966922,0.6781231523039306,2.0655760774302254,0.7869208458841298,-0.5088358374827235,0.8733531393646933,1.2078175609594046
2109.0,-0.8727229676952561,0.4245415268684944,0.48047574296079854,0.3063213499858133,-0.19909573522624313,-0.8832135325776725,-0.5018541605361262,-0.41674226769577705,-0.5459509220652458
2110.0,-0.690861784106461,0.7531951643537477,-0.14742919158104614,-0.18641216051810253,-1.1816049482826736,-1.1556667677504424,-0.739757184614764,-0.9095034826382113,-0.5167324963576901
2111.0,-0.23517301634193066,0.20324278933221437,-1.7507785772972377,-0.20348127996561327,-0.5636148159622615,0.1117389352944646,0.18636052322405927,-0.777206787998141,-0.9543392034676479
2112.0,-0.8004571197952337,0.037264189352089014,0.10758612032495754,-2.083013169560508,-1.7848547153024201,0.5422255158314345,0.5309885929072885,-1.0272404069008736,-0.26613407336399375
2113.0,1.7541844168509786,-0.5394375769655833,0.6540105654081143,1.7092948058995372,0.0997854715446066,0.23145033617901065,-0.23831752358027836,-0.2386111180328981,0.04652575776714228
2114.0,0.19885992563432886,0.7930918838722673,0.8441029951460008,-0.7794947803128203,-0.015882806964024346,-1.004195562568907,-0.896919613182627,0.8056658113347391,0.4564924136416507
2115.0,0.47989946909884224,-0.2584869181522931,-0.811598765408181,0.6750219515730348,0.5074571242691948,0.25485860248585457,-1.5095160762543915,0.4779691756152624,-0.41697226817874533
2116.0,-0.6645734573403216,-1.3406767729658746,-1.3129276643345913,0.3128524177594948,0.9547071997163832,-1.047602873974372,-1.8148293264553588,0.6536458164655963,-0.9719529798070305
2117.0,-1.2882489747304462,-2.1534932751430715,-1.5800917048501049,-0.04214376551202868,1.3670720610266816,-1.4124578346266816,-0.6623066283293748,-1.1439764280659352,-1.463632085530122
2118.0,-1.352352380038101,-1.9503250203253097,-0.13528085738547418,0.9252709477882627,0.719583708518883,-0.557009930351251,-1.7187208349987668,-0.9786371333563971,-1.5325342467353122
2119.0,-0.09654343524387289,-0.9999501965986962,-0.3542282046991367,-0.9877670560328753,-0.4625359097909781,-0.3939093564864394,0.5612514047671912,-0.48710885101992757,-0.20908897037191088
2120.0,0.7233930105674229,1.264916906572503,0.5703729166499214,-0.11669875002420645,0.08420385006365448,-0.3940631427120042,1.5657743779716256,-0.5362558195840225,0.9031737838077487
2121.0,0.6748686290405508,-1.2587494124050347,0.3815164854903678,-0.529246876265103,0.031547484740935904,0.18369934635957177,1.213677362223617,0.4708199667133364,0.32171985512343915
2122.0,-0.17036774610710706,0.8844274017348838,0.8925990707315117,1.4238524618220132,0.8093866425665402,0.9072804312756727,0.9841443564353706,0.47232811147173154,1.2010962072827915
2123.0,1.6885123294997044,1.640538536165062,-1.0113252809451094,0.5733456455183413,-0.9352691398296233,-1.1713582059038616,-0.8508388631484297,-0.49556584018966454,-0.13918786248221235
2124.0,-0.38540681379175595,-1.0969762351090442,0.5732323588031581,0.06907078529169311,-1.01899559134505,-0.3474283734829063,-0.9675123030365238,0.9584157763151235,0.9824130635278124
2125.0,0.027327685552682134,-0.8981572154499253,-0.6684760732980348,-0.28071881670145526,0.6828832685308381,-0.20331861474706334,-0.6837864157086557,-1.262223767812841,-0.5303587771247352
2126.0,-0.32852343570408704,-0.3490536435193625,-0.6925805379491065,0.5647389507807127,-0.667461215309152,-1.0117594387451097,-0.15997496400320846,-1.460246498781347,-1.3787064424021376
2127.0,-1.2766836104310846,-0.4189988747668103,0.40235438252838274,-0.4072113770029445,-1.7521434899161163,0.2767613235963604,-1.242183584259192,-0.8861223003032529,-0.5537356247965279
2128.0,1.5969120857788703,1.6869117583034765,1.1052586847472152,-0.8241714927131444,1.6563908613310534,0.5838959991630636,0.07480509131123507,0.6271101946999745,1.0199611381000329
2129.0,0.686218211338455,1.8384200819091838,1.2247961668155722,-0.23092481551039545,-1.4326719307304885,2.3182185891543434,0.08843943602651608,-0.7372370427996269,0.6045294953577101
2130.0,0.7689171510645197,0.05210748094834298,0.08659853707384624,-1.6386682424637211,0.22056380271276363,0.3925560674945786,0.3013257851512415,0.24703286205106295,0.8288598351228735
2131.0,1.451563573218677,0.05241327873670841,-0.13176684532101193,1.8942632169405214,-0.002911787755494667,-0.1567554086846227,-0.0016511459961135084,-1.0019213389364485,0.31266088706496753
2132.0,0.9589656842653509,0.8491738428179356,2.20647261537679,0.34398742355924233,0.36840529664150606,1.6642727981929533,2.017864971026327,-0.31014308700535387,0.7515661551084849
2133.0,-0.4076890324916413,-0.6139953440181075,0.10033172947808504,1.147863915749277,1.7944335829972113,0.6604029013154878,0.4532516399904634,0.5937924184312683,-0.4259420096492888
2134.0,-0.9586886170923573,-0.47327133861318715,0.9111662098972916,-0.9554704965097652,-1.29141821175288,-1.1769008756566566,0.7645773692590968,-1.4597151576207532,-1.626344355478789
2135.0,-0.7238149690976862,-0.3098436419447425,-1.4590827398439843,-0.5926378660057615,-1.2555801450547417,-0.8856483009653153,-1.3815972604930287,-2.297115369390217,-1.6549473710360967
2136.0,0.41027653473178577,0.42766505121378756,-0.6474243939227169,0.44081291107149045,0.3098721015254164,-0.7948136537211542,-0.6866691362505206,-0.6031459109392301,-1.0191204759582448
2137.0,1.0082815708022594,1.4510771561493876,1.7858369695888983,2.3262005741087264,-0.3168852992223506,0.5919768109312837,1.0627112185497212,0.5384148949160321,2.652483047910223
2138.0,0.5790750420339437,-0.625366196844388,0.022865518099416303,-0.3947311797207584,1.2560684364442627,-0.5404824251043422,1.1373023267170335,-0.09333295488089295,0.5684329672901367
2139.0,1.1993007347879396,1.1084869566530866,-0.10551675464093885,1.2524169491243,1.0616664153240514,-0.07596297233060545,0.21914716852137425,2.1795567620577345,0.22322126628367267
2140.0,0.9748851900424788,-0.04598243948693856,0.569378256068793,0.2286118845643301,1.9959891674791297,-0.6865845395252999,-0.5242839580837441,1.592095687141126,0.1999677228211418
2141.0,-0.3758746131566802,2.624662716473848,1.746024187287365,0.6878879182037448,2.3544945779701103,-0.40603413097724994,-0.4220595566820391,1.7156529376167984,1.0945944518768485
2142.0,-0.1790353949295905,0.07056000646048272,-0.8473441627546271,0.870304141143752,0.11177220417924383,-0.7495282236570278,-0.745432590601686,-0.8571318194751922,-0.40796377602770934
2143.0,-1.7063230235714868,-0.2620428449210144,0.13457414193561007,-1.1762033668796747,-1.5405884554463627,0.6493478519976548,0.9004522836146404,0.2665725064702319,-0.9680416445133945
2144.0,1.9221941323574228,0.17743001259678978,0.837437588016169,0.48712529122418025,0.9196724753907637,1.4961047853794693,0.04227810249316693,0.4858424849662539,1.5760434981885216
2145.0,0.13726536123331617,0.16219026355718671,-0.8330923147261425,0.94491859556985,0.707291608516145,-0.06115737181226011,-0.6532969625114741,-1.8619092682112517,0.4604270930711856
2146.0,0.01642126315307981,-0.9537204711183997,-0.8645354607110026,-0.5952732193562296,1.079811156361091,-1.682522630662449,-0.9445441536473503,-0.7866454203068237,-1.0365410462050284
2147.0,0.8218795400226526,1.5329758293405866,-0.49045006293045584,0.8318509348891449,-1.180685134086228,0.6664837482214231,0.04618534593715582,-0.15625310295924208,0.5746234076269612
2148.0,0.176088861012467,1.531261271880543,-0.6151267658189724,-1.1021814081107575,0.3848324297075445,0.008860657078852963,0.5493522929820983,-0.6485247897272483,0.4406517682812294
2149.0,-1.4428775872138078,-0.20341705204740057,1.3439526541622573,2.2724614154542695,-0.03168226486403939,1.3764385044601435,-0.5715521465048122,0.47225205772748197,-0.35107391737628857
2150.0,-1.2168693960574237,-1.1230259056994873,-0.8097140540934376,-0.6173785492139451,-0.15810464178386288,-1.0370701667421685,-1.1101769969816735,0.5866642312920165,-1.1207452813416905
2151.0,-0.13762552506924047,0.43536809107948093,-0.6270382157967445,0.35161248628086883,0.7458865978693056,-0.48257703255015466,-0.14787674530766753,1.1420603836123464,0.0169198317261449
2152.0,-0.23073479664349977,2.059602249311748,0.5096104662874013,0.4508914376353539,-1.392540279191916,1.4170758525549494,0.7478098515592045,-0.7509202199136382,0.8981830743141545
2153.0,-0.10196964116734984,-0.5311961193684954,0.2738652484802603,1.8967332804309687,2.012038111533244,-2.5292729795645954,0.9343179543835805,0.7139687558613582,1.2208500214248412
2154.0,-0.2618569472191369,-0.14219812787832822,0.3884465330013407,-0.4353802948486184,-0.10750745304160703,0.25210352436043093,1.505810121032094,-1.0688286280799233,0.14636499972052083
2155.0,1.2429112195540626,0.44229419804305986,0.4032971730614667,1.3528085979485667,0.2684250139804312,-0.721867990571261,-0.591111316764593,2.117703542155451,0.4001155579105957
2156.0,-1.160299122811555,-1.3650460075034156,-1.3555087963915922,0.4003668471342617,0.0651419120301514,-0.15510954422004317,-0.9230644315152611,-1.216361840661409,-1.379740598486926
2157.0,-3.3819775600901583,-1.5756659906317094,-2.909084284303881,-2.238530489147234,-1.5361608085947953,-1.5924523614224328,-1.5067499241340179,-2.4795198564544907,-3.1845005259456016
2158.0,0.8550742473205479,0.8695928925608848,-0.9220954677671099,1.3894220781815234,1.802518982629961,-0.5303323596288956,-1.2312026749071716,0.5415282699837783,-0.02822162629440644
2159.0,1.1972672143334098,0.7416270723173648,0.22647751727843368,1.0393502339432787,2.7815114997061654,0.30061767194017286,0.3028347142509999,0.0660928628468382,0.4698131480933188
2160.0,-0.3582525577199597,1.2556984491645125,0.10320440204034054,0.7350001700565018,1.9142693024547583,0.5873415307654115,-0.4544356510930754,0.04473319425028466,-0.09248723030130325
2161.0,-0.15591512447731493,2.712110748617463,-0.4512500112729914,-1.5741927356948053,-0.806471474119315,-0.345124769270784,0.7027724030493785,-0.5749570846656455,-0.1035558051076698
2162.0,-0.5788391921419427,1.4002103544730498,-0.5857296184246749,0.9294413622564353,0.6879114917655963,-0.6938158551216372,-0.33618422040774376,-0.47454661527886216,-0.5902672007100966
2163.0,0.10703300121667962,0.5953561433282875,0.46810895451834017,-0.9531736934746524,-0.6023918040076406,-0.14014621596100912,1.4741813268266646,0.2325923190216946,0.15567623212737075
2164.0,1.2354946244934617,0.76420934204481,1.745725175871901,-1.4678516278684572,-1.0930352989474321,1.817538395930279,1.6569171887324998,0.10496266429748465,1.3676112546766646
2165.0,0.6206949820263903,-0.666101369636633,0.5293474905593182,-0.5072415744924798,0.35842711826886275,1.225021983674248,-0.6627431723643491,0.6590165302163479,1.131759811264195
2166.0,1.0753590290735624,1.4784072301890052,1.2705165762493424,0.4378191795246918,0.660415156018702,0.5341066667859333,0.096251524181763,0.35187369481933506,1.6577584614080325
2167.0,0.7402146740271122,-0.6825835333096222,0.8388801170494224,0.7293868376562067,0.37692688307767713,0.7768989182002914,0.4484530547633564,0.4889654592928102,0.32379327323722196
2168.0,0.9403596821204778,0.47257599008381906,0.6761801657071727,-1.7879820586077184,-1.2046362749812258,-0.3175915915176964,1.152598816578056,-1.29077994715973,0.6439352829818944
2169.0,0.6436544471458558,1.8445048395915817,-0.20488158882994853,0.8735676632595522,2.309153331005737,1.7203173140091172,0.4332553696780799,0.08050250572920008,0.6481632043521907
2170.0,-0.7615752233586776,-0.24275641619905544,0.6164203783648462,-0.2802775683416831,-0.8226905088687178,0.05669912765544796,-0.22036209954420713,0.8990049600687072,0.7855431162480637
2171.0,1.284623362143653,1.0472788132732036,1.9268479171853845,-0.18801335343758036,0.9389855687299206,-0.8281752741733119,0.9368993844725175,0.6741708775289257,1.5955184096100894
2172.0,2.1156780364068677,1.9127470695905826,1.8081948602510554,-0.17666762641263983,0.3925190135407699,0.5444806146970594,1.2199065306262138,1.9724617168323726,1.938590960612702
2173.0,0.2732515568689592,-0.2872251634788718,0.4098648426940747,1.158399707523515,-0.44169221877571974,0.3213024518877109,1.0714451781350427,0.45110206226097327,0.9570847445134535
2174.0,-0.26569847973201455,-0.5651522738540086,-0.042914639145157085,-1.5749431044967528,-1.1466585962437934,0.9818165250117995,2.356086340086052,-0.5928938191262559,0.807507398412645
2175.0,-0.38663768088797723,0.7715231052805557,0.30469119220724966,0.20270849647234918,0.5609280950097556,0.29089480836350806,1.208982770922329,1.2056468333299954,0.2613238166821699
2176.0,-0.7407074337730432,0.4452114371932644,0.5649806347341195,0.3486094827540877,1.2623640789846793,0.06938760277558816,0.08076392022221139,-0.364651005415814,0.024544006984267196
2177.0,1.4298242060023358,-1.228989852657786,-1.3409883578342183,-0.11707092833110613,0.15055149677325916,0.18097114487581223,0.5618825209838938,-0.5520687621793496,-0.30202589252842504
2178.0,-0.17723726849874877,0.7868469978084053,1.024124095756422,0.3964614914432597,0.8953470318560315,0.584729962058249,1.0373532728555535,-0.4514765153174425,1.214373841019697
2179.0,-0.15298115588895417,0.35404617184712855,-0.44529789292571104,1.2749660342662537,1.0183153996191752,0.2676291034656017,-0.2636980146963692,0.09158889048248696,0.3402508743630788
2180.0,0.39401206301510205,0.7342990731536955,-0.7814132799760884,0.755046354844124,0.7008683595486634,0.24135653986812627,-2.4089304139266603,1.1347508755761089,-0.39398121767597316
2181.0,0.32091256432754395,1.3917514012653016,0.09349310334844944,0.903135388511374,0.7643038223092319,-0.211891355075102,0.848726471770171,-0.518284507166315,0.9057946035676078
2182.0,0.03460496588373477,0.11913163716529925,-2.562936108604607,-0.10329293162863422,0.06630926437356024,-1.3899560997465592,-1.7008017415079175,-0.4260067604839055,-1.1313915643488242
2183.0,0.3631848876750322,-0.6346096732710383,-0.7042766994990216,-0.8063132205271913,-0.6218705259787084,0.12700707230374964,-1.014859689385743,-0.0552786563852251,0.2888638757804973
2184.0,0.16565291157302245,0.4435372904153244,1.1815475867982246,-0.2364681463930321,-0.4131880394416766,0.9396219992425644,0.313712079511863,0.09919778217652687,1.143837492598969
2185.0,0.993380923380104,0.02696254893121918,1.003939470162154,-0.8861772196455446,-1.5589263084351366,0.04357090941649684,0.9196491252552479,-0.10887518630953805,0.8083461944214192
2186.0,-0.7313601719469696,0.0686181022640093,-0.5699728866063666,1.019649364018165,1.3527360921186,0.07552217991670905,-0.059481502964493026,-1.7416623968742515,-0.8845861159932166
2187.0,-0.6762207337926537,-2.47396208920991,-2.041595212920986,-0.10704681046496387,-1.1576589003208597,-0.785825334845865,-1.367345837805294,0.411929797434833,-2.036784347126741
2188.0,-0.360274571556086,-0.5500124207982343,0.12187532327361057,-0.8046224900887575,0.16536135670917787,0.18927741234306353,-0.4400702343583538,-0.04882426085806859,-0.3099369987739952
2189.0,0.8809502766840726,-0.2883485569095403,-0.34836635349187056,-1.9513776206792823,-0.3119795609003912,0.5662323312743953,0.4328721952468461,-0.7046710066074809,0.142020795854189
2190.0,-0.3668472499831635,0.2486826690589916,0.3864345518468855,1.1284012201671565,0.2055303353455626,0.8475917504100836,0.6077122556985476,1.2446383305976496,1.6420823954167307
2191.0,1.114583054486208,1.3789363120165317,1.4461730677431919,-1.253663156629167,-0.7322914592040837,0.6599827486257845,3.3238619494752846,0.62138029563475,0.8301631691130261
2192.0,0.6467528044042712,0.9083263676495809,-0.4891727634012641,0.7893332405832555,0.7183985962856851,0.6815086511957235,1.7786536566625284,1.195136275491453,0.5370614612278488
2193.0,0.820087334202863,0.1594003923555034,0.11037154540760291,-1.080095151710882,0.60721528265311,0.7956266319404752,-0.10212660672560157,0.12108755538063842,0.558330958239309
2194.0,0.09641370503772223,1.7329416617779376,0.5785416530569444,1.024429723944469,0.21738261875130988,2.095353252939482,1.844129791822096,2.6323530823142556,1.0160816637269678
2195.0,-0.1698116082210373,-1.223872074536125,-1.889074276955968,-0.5425486304292948,0.11879335740590911,-2.315055063429289,-0.5367927915888223,-0.6395201024944057,-0.9755965031131877
2196.0,1.121909607601034,2.0224233590065515,1.2349832421009632,-0.37107996902412355,-1.1748957538387683,2.017751299187009,-0.04002801971284402,1.6890619967936986,0.8530264879202208
2197.0,-0.21046024506068386,-1.4752419506509242,-0.3138906742450845,0.9665882554808172,-0.39376650857878703,0.4873370220103196,0.3144162694166361,-0.38102497998446916,-0.529943483588656
2198.0,-0.2715710204140104,1.685559654107296,-1.0124794661222205,-2.096943530318335,-1.632749640448822,0.5839746168118194,-0.052671803504284534,-0.5461487495931966,-0.41038530556841835
2199.0,-0.06556242582132929,0.5557982994480931,-0.43456528043522286,0.6336960806619133,-0.322024167370573,-0.32671831995211104,-0.48847659050171827,0.3335477786285562,-0.936905325682622
2200.0,-2.276176729705906,-0.9459026223765024,-0.8440477640198167,0.5301120452486223,-0.15864891437195325,-0.3788241980962589,-1.6500548530501833,-2.275057754836199,-1.6750484387345195
2201.0,-1.9556838536047758,-0.4288364291924744,-0.2671825369390952,-0.10350160450314652,0.10832958850874852,-0.20216982308849402,-1.9580126487418725,0.08845917424845039,-1.101094559025165
2202.0,-0.46650249069205235,-0.14560540855791604,-2.207819014165806,0.8832646319684822,1.246023994624506,0.3390072677824609,-1.7310805194173275,-1.7905845419572097,-1.0973648515251642
2203.0,-0.6944494054456439,0.09242343632737136,-1.5864056339727564,-1.201308795388136,0.2704923529273549,-0.9027152991002336,0.6171585985892585,-1.7167041547758857,-0.880946629960729
2204.0,-0.4195514288449602,-0.7721841544488093,-1.286662088917464,2.1466003101789024,-0.1551294557397829,-0.6677503777237829,-1.7681324699691179,-1.8647667993583934,-0.8694083426077405
2205.0,-1.6110724913920256,0.4132813492802114,-0.8416852169454968,-0.9228176046669094,-0.10548685082497393,-0.34509620491598936,-0.6369779512703821,-0.6409107279526803,-0.7416811730275817
2206.0,-0.7924358001426739,0.6805208924660562,-0.3362659280940452,-0.3552674405848583,0.496865670252531,0.10649146124209752,-0.056486010798832954,-1.43705629514766,-0.3136964698175325
2207.0,-0.8848778916381729,1.1199577506957652,1.0016117266278106,-0.2180192493648642,1.1641028396795903,1.0315072917945296,0.8660547138957125,-0.06161590344078386,0.019470541341873957
2208.0,-1.7419490051022717,-0.7200344528935143,-0.9378869579447228,0.4112692126731211,0.6049872171507297,-1.2761672723278386,-0.9832453314357316,-0.8258382254008415,-1.5917711270709503
2209.0,0.8893328601066675,2.587622245594244,0.5038814381331576,-0.027884485247161635,1.7192632406019315,0.36275893918115903,1.144240713565838,1.336224078599839,0.22650020566836188
2210.0,0.004662781968116197,-0.492534140879916,-1.4386449740440832,1.7141894818356438,0.2451144661732005,0.6215545599076495,0.5957215675805178,0.17420984130068448,-0.1367313644251284
2211.0,0.6210215668944992,-0.06779751639102927,1.128039864775388,-0.6701981889872127,-1.0424424347551244,1.0881366239657102,-0.2697021162674585,2.5238706225245386,0.2876203963986522
2212.0,-1.1973478871433842,1.939281219097573,1.0122100778394485,-0.059184253569319896,-0.592680511462728,0.5390222600638769,-0.8947889916597044,0.7302725614048456,0.4580680038635993
2213.0,-0.025243149185209243,-0.9276662908296932,-0.08199654652554236,-0.27092453048055404,0.9448812060402505,-0.19993913714071718,0.5249655494134546,-0.051767654072932955,0.3982546031693195
2214.0,-0.16222040667328697,-0.34746102962569747,0.24035510324323692,-0.30275547898689,-0.1737893252007137,0.994610839857456,1.0015095964465577,0.6605617499955521,0.6072360921337377
2215.0,0.22617205483967937,-0.20270745857423805,-0.5200738277567261,0.7824714552717282,-0.3539872897139802,0.2622647317025307,0.5610202199263169,0.3139018822577535,-0.1720849242103256
2216.0,-1.577756715897332,-0.49536983200685125,-1.35564804610577,0.004150121804573658,-0.5471300010192401,-0.5414925188371971,0.4032883938767029,-0.5100971109416352,0.0631375288972731
2217.0,-0.030233396359306868,0.8669299084103007,1.3000260848087632,1.1118519699080036,1.2485460302595999,-0.8940352082513613,-1.0610657600130424,-0.5235940333720838,0.4058571632650708
2218.0,0.5220319153526117,0.6441447439466018,-1.1386480300850632,1.218821427859184,0.3728538632160464,0.1874276614268772,-0.20521331557486527,-0.1834952135363063,0.30848065598389063
2219.0,-1.9991386471927546,-0.4900064036091624,-0.738747359769718,-0.3280105053712647,0.3401049677486853,0.35068147500862723,-1.215005346004027,-0.6713008627584334,-0.7899872730525367
2220.0,-1.1757906509942784,-0.5223372402021816,-0.31679478787670623,0.18399519892180194,0.10575847652794172,-0.8958161657414568,-1.4811238133253797,1.1908389038056058,0.30100399776820785
2221.0,-0.24395005859594865,-1.7670962638016467,0.8625837719865629,-0.16937468504751246,-0.783952163226362,0.41328515323380693,0.08292926345525332,-0.5753764537299428,0.6239643348167978
2222.0,0.7308277023390669,1.9121087972590094,0.3310066979845301,0.7290064187726314,-1.071523848312053,0.6221368050687356,0.05952968616312651,-0.2661799989171063,-0.01385979358926789
2223.0,-1.067328995453424,-0.5931407011263423,-0.5764503288274707,0.05571475031287441,0.4011153920004142,-1.5787776768350135,-0.19541275940519973,-0.9687026256509155,-1.5672035352905394
2224.0,0.21726345762944502,0.3431965007954066,-1.8265776459906242,-0.8896658743684779,0.3379937029949139,-1.1598608123590621,0.22369068705796383,-0.12402331259358432,0.12272333943083369
2225.0,0.0034872311302588856,-1.3398450312395642,-2.217056219071628,-0.28629003838748013,-0.5194371704361932,-0.3932842899735521,-0.049534064284996,-1.1257229918181646,0.40684792098906003
2226.0,-1.267794970261084,-1.1942048155466958,0.68074292489106,-1.5644805016379215,-2.9197376693868082,-0.8465235897404385,0.11419146473395045,-0.18199225727498977,-0.5873800766863585
2227.0,0.7616064383265578,0.4365085008834951,1.0973518882834923,-0.739358524055831,-1.285458347774675,1.2370107509625599,0.8024130080231154,1.669943970869213,0.7617530195769777
2228.0,-0.092801040384441,-1.3372718245334365,-0.531496389157012,-2.132521235224862,-1.0624951515516734,-2.5401403568827896,-0.38153565501362535,0.03417545388167853,-0.8982351358137404
2229.0,0.0800194203957365,-0.4949780968515171,-0.8195243885216491,-0.010518032655003038,-1.1875121904665724,-1.6949032434316165,-1.2338848815262113,-1.023958870973341,-1.2392729467227055
2230.0,0.5320081681070254,-0.815155048939489,1.4073820818304843,-0.1396764334071681,-1.4252353822404171,0.3736141856003434,0.8988932060374443,0.7719721450351786,0.36241506968008813
2231.0,0.3301982793757443,0.11797955771921367,-1.0893505887081663,0.4273707720271158,-0.885017957517062,0.37271087978505846,-0.9809313551087878,-2.404092729440346,-0.9362728598042942
2232.0,0.2663791498875589,-1.2596936845810767,-1.3109721926511033,-0.05460173913704254,-0.4942734117210011,-0.1737499209600654,0.06285970126992396,-0.31568218634163014,-0.14305486074109816
2233.0,-1.7322889215880142,-0.8918077535212858,-2.0215783863694154,-0.9782990203489078,-1.2135172118848936,-0.9371668750293881,-1.9861237529345472,-2.6588245121995007,-2.1265884675526796
2234.0,0.311260051705415,-0.38465940942417337,1.1393831611743652,-0.9742144892351063,0.7014751068003557,0.3391996410174434,0.5284770113266958,0.23038611148876587,-0.0886573549628356
2235.0,-1.4981291302398922,-0.23059382143885446,-0.6536014163815241,0.9198908204618038,0.4882040230441147,0.6619167269099915,0.1475020255491266,-0.8590921430731482,-1.0114518496093852
2236.0,-0.7206320745515441,-1.7057910563712246,0.7265086175811384,-0.14879823883729157,-0.04676035301006243,-0.7560468624974418,0.9684445150854575,-0.49026042180738505,-0.12626641652556325
2237.0,-1.3770001673060597,-2.3769531408608326,-0.21120275712029232,-0.27626231366872084,1.0137433538160152,0.5100184242387159,0.905615399064254,-0.5651659568587272,-1.221459056083968
2238.0,0.054737425734804716,1.0588802655325262,-0.3386606662766843,-0.4750100651521311,-0.2866914534423832,-0.5315387850359309,0.7735033960945014,-0.5926026671038419,-0.2648886005777882
2239.0,0.27029703662877985,-1.056647728007439,-1.5344205332802774,-0.3579745152598826,-1.3594353218932476,-0.8090153945914738,-1.132533229221208,0.5500236726668825,-0.39850784869364153
2240.0,0.1082500176874643,0.6466537572935289,0.938527058180585,0.7325037109178782,0.439706944649012,0.21371600782895675,1.487422756147575,1.0206907624776513,0.8577407776634312
2241.0,0.4798489104280705,0.032255922345187184,0.35810000249626417,-0.3688584847835535,-0.3330655188017466,0.19957333449726325,0.4144282324944937,0.06490512796941661,0.9533159742784276
2242.0,1.4659294842646626,-0.32838647673078736,-1.002535025586562,-0.8396337822047576,0.30294398504623415,-1.283502970066032,-0.9876280760951274,-0.3622341381574786,0.32062490037469754
2243.0,-1.6514439652985866,-1.0537897604495707,-0.46954535189403096,0.3535542631683534,-0.4588821469746912,0.37518691458492065,-0.43196919975270476,-0.1653342150866489,-1.3456981069120417
2244.0,1.1349172553002493,-0.5109739645849174,0.9240268552096927,0.5976466294361825,0.665036432273172,0.6373837886484705,-0.6758649504814548,0.7606316801777177,-0.5163445349676027
2245.0,-2.274419320520662,-0.3285834155872243,-0.12158358890836764,0.31873587247083046,0.4139193000514365,0.029811775817872633,0.2368558538158037,-0.974464667094338,0.23687937625425698
2246.0,-0.823484089081906,0.32595023192622274,0.44628590940247825,-0.39901369452862223,-0.9622993765925212,-0.8559251886105073,0.0022099952988946184,0.15785557592567948,-0.5961975412957389
2247.0,-0.578542750804855,-3.281083307417123,-0.673495837174395,-1.0244384457074893,-2.6902177809581698,-0.6902511152319382,-0.3667010934840593,-0.9802106208708128,-0.9881856310989291
2248.0,-1.4318667911212566,-0.5168462414658143,0.03371140626718578,0.5547995917818832,1.0249203371741962,-0.4649312567272398,-0.9611852652903813,0.17722603959281114,-1.1664300544504658
2249.0,2.6890504720300266,0.09153955616377807,0.48698502829115536,0.3213628076591996,-0.3292522212576747,-0.7675586274681687,-0.33911139994950446,1.7300881223341074,1.5789114748564788
2250.0,1.0641526835564317,0.8240218104841318,-0.3588737477141819,-0.9723767825390994,-1.5671005983857753,0.1274899116625042,0.03296807642229375,0.7438294703524388,-0.05571382694624349
2251.0,0.21662361548295878,0.04752218437068949,-1.3832544333900718,0.39484484375240575,0.4997683500406865,-0.5839799955796318,-1.2333767565406415,-1.2633347192324236,-1.4380812531054536
2252.0,-0.700714886717236,2.509276922492389,1.5388026544178608,-0.4793707855545946,0.2182854436692163,0.7125436833255026,-0.9655559214583336,-1.3619648822492811,-0.34778447446424604
2253.0,-0.6257924185449171,-2.0431868651931464,-0.4343786476069053,-0.14176574903931205,-0.32743368870267786,0.5487941649308747,-0.6577308112995784,0.36171379978570245,-0.6007847009122907
2254.0,0.3352575400220205,2.2432168010130074,1.0783520760778542,-0.07625586157518258,-0.15021366872553846,-0.8470859044777682,0.5376102687658163,0.4550354131337054,0.31409147868333565
2255.0,0.8517899540279121,-0.6632967695386205,1.2573848568709307,0.9473256900047785,0.7835180489334223,0.4463810879372792,0.7561335518843051,-1.4419383411318636,0.22473619158198235
2256.0,1.0479089613485533,1.8883718044981865,2.035912796347016,-0.539803217336361,0.013449100585740377,2.0867575834019254,-0.01106256978491722,1.321094915352644,1.825310001945495
2257.0,0.08506436387459873,-1.352685250718353,0.5883526958917223,-0.19032942321232918,-0.5849854239637873,-0.4567292333008017,0.03200518215661663,1.7046769017782522,0.46553145617690567
2258.0,-1.2287156197654383,-0.028410934218331532,-0.3167785721238894,1.5089407075986039,1.7400837136627338,-0.32000255759984564,0.053102427240108635,0.1656040858221097,-0.6815051122340572
2259.0,1.7749519367223892,0.6048389809775281,1.3028669472587342,0.45756412864548013,-0.2718894083863518,1.5037542318630872,0.8784780811715731,1.2636760267858491,2.563911497637272
2260.0,-0.47211007344871425,-2.279935651014564,-0.4952316368798369,-0.5703343042107386,0.7910046532606865,-0.405542483964337,-1.2567230138811905,-0.7470154223533975,-0.995281059052027
2261.0,-0.5426375991776485,-1.0553849038767835,-0.36574917388975026,-0.35587041250443824,0.7986848270329701,-0.8747395701600191,-0.6810904241083661,-0.9071667236001799,-0.9750687685044938
2262.0,0.3333593183187111,1.250915479099149,0.08079622872977273,0.44118228172210905,1.4280812656231896,-0.14753123938504528,0.7454907013389473,0.5553114587015812,0.4951935213548108
2263.0,-2.433714032791301,-3.0517182451052114,-0.4914952899613171,-0.47277342968065833,-2.341760340933796,-0.09195837915542686,-1.226158322369727,0.7876002101881157,-1.737484729416856
2264.0,1.7848369712939485,1.1889075987730549,1.0776027747793697,-1.5697042236156835,1.2482929205890665,1.7628661756232686,0.041695167875397746,-0.42098186699570733,1.2341941603690412
2265.0,1.1645683078206255,-0.26056870408118077,-0.10966067040259439,-1.5638265321523293,-0.0030795530925475465,0.10266976435745927,-0.25844232688842655,-1.0530469012149999,0.5113239904232293
2266.0,-0.7110880059870525,0.927898836151405,1.137213086455844,1.1361898918193665,0.48762809715095645,2.116751095255814,0.0033401489100153923,0.691257900525055,0.28810258102404196
2267.0,1.9315913514574108,0.8523898596320608,1.5518182666333218,0.393234137890443,0.008219291644991068,1.267799952894815,1.3920356266627676,1.7312261278429684,1.663432803752933
2268.0,-0.6520805009283441,-0.34509752701498286,-1.5471888486764116,-0.6599531076683509,1.1149914090763458,-0.8365659134255398,-1.3934540827023203,-0.1725061887863273,-0.4444587985004163
2269.0,0.627186850862493,0.07490043529010398,1.0386970939631213,1.5735382324403087,1.2004587252717416,1.5013120891264295,1.3399248756147035,1.0613351205873853,1.0586740704982882
2270.0,-2.60626061973605,-0.47442459771537154,-0.7610471461306078,-1.6475651890631111,-1.0566448942404791,-0.10976722380941492,-1.7356548335235353,-0.7264557798875516,-0.7370568284745205
2271.0,-0.9706387533379375,-0.1996439921410223,-2.16434585444131,-1.4290250201072976,0.11384352714175867,-1.0068525113780549,-0.5485908112179756,0.14053641397115899,-0.3377625559579263
2272.0,-1.2321958180882566,-2.1059658682094082,0.19928740743876833,-1.7827209803626278,-1.3173560566145945,-0.36487880299069764,-1.1007206579818742,-1.267917926351612,-1.2984317273366832
2273.0,-0.599555522928842,2.3951222239780767,-0.154800887220907,0.747979723553808,0.6507604498124457,0.23978669189880364,0.7063008320485414,0.8719436046040597,0.5624069439019507
2274.0,-0.07783599777226884,0.5641678756424721,-0.19105909601531976,0.6538557755557146,0.3466486000339265,-1.1489667052731154,-0.6865011301775554,-0.3471819852983625,1.0221096191265204
2275.0,0.6391413921156148,0.38910051991579986,-0.8981649218592931,-1.4813769487494264,0.010410911267912482,1.5474458046317259,-0.37426520944629194,0.20517967024083458,-0.05676753643362093
2276.0,-1.1252594497021724,-0.1739724033617799,-0.5864621660583633,-0.047967059047699614,0.3002710769259159,-0.1886507274255475,-0.9711846213950807,-0.7766643006923047,-0.851737167773132
2277.0,0.025539688088204775,-0.2898766730738209,0.46674944688229647,-1.5837904227065043,-1.1922275271073237,-0.022427093360959136,-0.5185563788727521,-0.2203204903805286,0.093235253869838
2278.0,1.1499044842830013,0.5078187258837519,-0.06516444360072216,0.04505211486090985,-0.5773597353544598,0.9749067693156501,0.6735261530327916,-1.0149800802032738,1.1387723896208537
2279.0,-0.5723332355441955,-0.045226916152079515,-1.7566321802443408,-0.6662267668372658,-1.1956782452773573,-0.2822283735743222,-0.5927746481416252,0.6236708446082159,-0.5078048491635586
2280.0,0.45640560439282385,1.631216359954305,0.17990524011951184,0.7995494554126304,0.3174892495833098,1.0169627870131552,0.13041964604021586,0.015284909811699048,0.6976134256119906
2281.0,0.1568075263803816,-0.14323797704439806,-1.1650003467785193,0.5131921628404293,0.16606516941743912,-0.6617767302881973,-1.4147236614048027,0.04082033289781233,-0.7407692907964728
2282.0,0.479558281877955,-0.8543955151989927,-0.6400371787228664,1.2632857616728213,-0.4127488275419138,0.03252528283032666,0.14530545166074496,0.8055546402826103,-0.5673298422263935
2283.0,-0.4474764263386404,0.8463903316011566,0.7395010809858445,2.6033370772239937,1.47406263808341,0.47328451123564225,1.1478856906008728,-0.07131124545748638,0.6361176124166847
2284.0,0.03699062518771916,-0.3792386947907043,-1.6684078948859205,0.8325288127781146,1.5482870092000676,-1.2134404939260957,-0.8702623712289693,-2.0175439414079466,-1.357325939380459
2285.0,0.8156688129842734,0.036591529438591466,-0.1560159477520113,-0.622758404238017,0.9477670471418501,-0.46697116219405327,-1.0522766874043377,1.0675194787169426,0.7118730244056296
2286.0,-0.12689163539175452,0.6829740292076043,-0.43552178968632443,1.650062159748082,0.35292536308605965,-0.8567047393524199,-0.6377246203140648,-0.5649081008304274,0.3464299283474346
2287.0,1.6614790406521358,1.0068965126134268,-0.32847592071943704,0.5469637138718078,0.671423654683755,0.3607172892497151,0.14421814070290181,0.9429050146794962,0.4185537689186477
2288.0,-0.302429073930953,-0.7197069503894798,0.07065636860413092,-0.3118451823510365,-0.997194342894213,-0.014653585932222313,0.8311706661020662,0.34074683296569114,0.14158067094361657
2289.0,1.181124756164281,1.2995469090436487,1.0891726776531803,-1.5519270163502248,-0.8869230761513979,0.23493736644977942,1.2432059545409422,-1.172832933071677,-0.38596334969987905
2290.0,2.284701602356922,0.6751228539172902,0.790598567736926,0.4906273849092697,-0.1567765179863149,1.6498082010812445,1.1217998471561295,0.297763595256585,0.8062119280443698
2291.0,1.81500872220009,0.7620709799957551,0.6075378233031286,1.8912313875242122,1.019816771609328,1.154923595487786,-0.7771564801477868,1.4045541384234967,0.49367104410209217
2292.0,-2.5153753115353545,-2.133924934892054,-1.4024793565607223,0.044787299894657434,-1.351952173659017,-2.3226081334089743,-2.0251180001815414,-1.1951172563346628,-1.6505398599952181
2293.0,-0.02319263213522305,-2.87534850012933,0.2592420603954637,-0.8241948975498417,-1.1873041975456942,1.1603568253653045,-0.4078444692262767,2.306641853575698,0.5249252531314933
2294.0,0.5559493062620314,2.1362995008462558,1.2908418661764829,0.07530100252203291,-0.7511996030410668,1.4981290573927224,2.2092113649143625,0.33563618970949216,1.0774145888368436
2295.0,-0.4249218315189101,0.9111350596233639,0.23013669092286712,-0.34707801321472487,-0.4770348613420405,0.11514256592615668,-1.8086063965856918,-1.9190342396951867,-0.9616746498458297
2296.0,-1.8853683225847022,0.35760870074288764,-0.7723615300226487,-0.6856540761367572,0.2460661351394284,-0.5744474716846345,-0.9427863040141032,0.41356923062482764,-0.7394452264107264
2297.0,0.30259936383204367,-0.34098598012545434,-1.017548340260078,0.09185623440299606,1.0277913412448616,-0.4328549922277225,-0.9407242678325819,-1.2041078140383947,-0.4657048008736222
2298.0,0.1299299474918009,-0.8829804884108114,-0.5115439580562351,2.2491894653217845,2.9736956713164444,0.5686078191150381,1.6343173282361863,1.43966294359291,-0.44802038685995715
2299.0,-0.8826784661643138,0.29085453868706473,0.2869695466675785,1.117261465004264,-0.5233354861491092,-0.8475386185848094,-0.5155111524209517,-0.5758250898529825,-0.47665613082479064
2300.0,-1.4478389463534898,-2.127549754016795,-0.6587815090539544,-0.305595576305323,-0.7358165395298224,-0.6418931612278329,0.3599176691380794,0.3188425980414613,0.1574212905157193
2301.0,-1.1352301342952051,-0.7317384913884089,0.2789951088042136,-0.18976950718565466,0.22909526903519048,-0.9798959525129679,0.15293639919549668,-0.31211103238304794,-0.8915745593532085
2302.0,1.011468707796758,-1.390697538452095,0.41789572578041984,-1.437486759742263,0.8850547801139553,0.2961452946325616,-0.13125193477980637,-1.0266640835349412,0.2255048319765324
2303.0,0.5713461556824223,-1.3947130528079013,-0.3388161910846396,0.09809733435780336,0.24135694321373113,0.04368082847789374,-1.2066667316472632,-0.6954818882160723,-1.0524778453851191
2304.0,0.33842128633227614,-1.1676608022924104,0.4101036763358229,-0.42183819123269034,-0.6223004756955138,-0.6257770691012847,-0.1443107231071345,-0.6158752750792276,0.24272698583164376
2305.0,1.080886231397556,0.6119946055022127,0.9307040602278966,0.8805645613054346,0.5565546205532679,0.7520525220026361,-1.633714192639621,0.5815167406011159,0.3445363333711511
2306.0,-0.11497643483915337,-1.047089470170566,2.068604290558815,0.01687742748712488,-1.3178026486268477,-0.6495617335012495,0.467463057009575,1.6032995418816653,0.31223531608828864
2307.0,1.325456847055295,-0.2732073848338883,0.8726623980102679,2.4922402790365967,-0.24973141159874254,-0.0771546818655754,-0.26009895661564,-1.057076480003977,0.15776339437193235
2308.0,-0.2589613409303643,1.0924049032886936,-0.8913945624066572,1.055743012417551,-0.5063234561856835,-0.8459235473147153,0.8814661634215839,-1.075112416167197,-0.6412557925423985
2309.0,-0.4874583907197028,0.23924403939460537,-1.0989796688112297,-0.40480573787888413,0.8815692055165837,-1.530203439880254,-2.292911009988922,-0.3397044043079571,-0.9477239015010982
2310.0,-1.0347772817906356,-1.1610193615294069,-0.8190210992468101,-1.2712746324310475,-0.16703825464130256,-2.543965165747044,-0.1679478436354186,-0.39612416895482266,-0.7877615573157891
2311.0,-0.48373570330132787,-0.41290296043827723,-0.4318147536084413,-0.2464249290544139,-0.363258663011394,-0.3744975066216704,-1.0506741207443084,0.5724144102296966,-1.305003845266111
2312.0,-0.6130364705122374,0.8304970247218558,-1.234127951484572,1.7261638238804864,1.0497134368046621,-0.37278665059960614,-2.0155124054752154,0.07974614056792236,-1.7068497352090073
2313.0,0.1368635557531295,-1.8101334628573573,-0.19069847759385264,1.7103674547726342,0.8557490802120223,-0.433094893967102,0.5674200392448611,1.3775883473760933,-0.2358797792000185
2314.0,0.5062444111021446,-3.620443788927726,-0.4638585948264068,-1.3877298515984067,-1.5716143372003086,-0.8795126915594843,-1.6986175094300047,1.4999943835850145,-0.47339068477803903
2315.0,-1.0865842095264557,0.627405918709426,-0.19992414172519407,-0.6583617319913302,-0.2712362346820903,-0.33801910726293927,-0.09163220488382706,-0.6247649068301818,0.034800429755707636
2316.0,-0.5562783272478504,-1.1858639881725723,0.9880293612943375,1.3703886136009158,0.43878395092461125,-1.3964906619018835,-0.4814714495368225,-2.560334654518812,-1.408084860819355
2317.0,-0.5651162659934988,0.4406517900299918,0.4458559600681535,2.7565430967706446,1.247811541349809,-0.5426162646222156,-0.5549661731393791,-0.4646441580469434,-0.0682568823358764
2318.0,0.38795252526466184,0.6468090450267445,-0.037418399241593785,-1.0603231299173408,0.040255483129765804,0.2390063332384364,1.520533576801518,-0.15497539746171624,-0.04639546402722469
2319.0,-0.08825841067146281,0.5296882883994761,0.4507054280645249,-1.5393384587475842,-0.30049490000078866,1.0619263380916693,1.420518843097509,-0.05518046222307668,0.1689480644935772
2320.0,-0.5264208915179208,-2.0258380332520747,1.8190150227041655,-0.3768456132442081,0.9505933961430899,0.676532227464389,-0.3360387393773523,0.22000322754721083,0.252283780440519
2321.0,0.15357850128805076,0.05621618239919416,1.2200596102677945,1.1438723962747646,1.1057523774945663,-0.41632626794158023,-0.22769304616740338,2.0835166174521986,1.2233628873930937
2322.0,-0.44321509693188,0.6179166907495572,1.0455240672252748,-0.7630260613900677,0.9716910992372949,0.1265190470149679,-0.8605474542755074,0.5225502382860221,0.1395536785403861
2323.0,-0.35628786178662347,-0.2146124177240001,0.5630088022636468,1.0319946666373936,-0.12531278385611563,0.49444165513281096,0.3754959771344011,-1.0228019243122237,0.3584928814310146
2324.0,0.2472077382558532,-0.5132000619671772,-0.04927792473503102,1.1806231735337753,-0.9506105287131983,-1.405903431479394,-0.4539083754707428,0.02802745790717444,-0.5957809219777895
2325.0,0.32254340414779026,0.6815931496801437,0.284518792283026,-0.8172375604813299,0.3670161443612685,1.0332854146297865,-1.5363820213069277,0.2632953942235552,0.7157273999344153
2326.0,-2.04917731204297,-1.3209790543133473,-1.4827185524397923,0.1868189130120963,-0.25217201734916955,-0.0409506283062413,-3.6028966412021854,-1.024650662713626,-1.964787342400713
2327.0,-1.2764830829615956,1.3598519495989205,0.6458109702372367,0.9530149524035552,1.3968037635140154,0.09349961962196633,1.3904569911032485,-0.08518923621065266,0.9331154445689747
2328.0,-0.42064311780275426,-1.0613709701548366,-0.05918377070941436,-0.17414257842372832,-1.3917759842389958,0.5043668964149745,0.9454954825734558,-0.46535386816607993,-0.04416649272611438
2329.0,-0.17698865727786423,-0.7826207567161668,1.0667133831029907,-1.6385726834341636,-0.462187969395977,1.8029153058829042,0.42617490696145527,2.06997364979869,0.6169128433379463
2330.0,-0.7095260577835247,-1.2527243734078384,-1.0169255417236194,-0.09609972892160777,-0.3206520048348982,0.21125944072624314,-0.2490467643106762,0.2992352272447286,-0.029783230483599252
2331.0,-0.6868211315138846,-0.43954094033640684,-1.0348679690323679,-0.9354090674592099,-0.9040814304241722,-2.5513191787198033,-1.7454783174620576,0.48755454205323034,0.2535268442026658
2332.0,0.02804165776708131,-0.40161808476676814,-0.3622780968929916,-0.2800269621061315,0.12632462029004746,0.3707342165828258,0.221233359566177,1.4333955550086184,-0.0010266809252473823
2333.0,-0.2905120438615324,0.5758448131295341,0.34640213382091617,0.5602537562239333,-1.0774070257695918,1.6743486829381462,1.9480162578871336,1.5848947319371482,0.8442285295545856
2334.0,0.922595461013378,0.21903207558665355,-0.8808839310819804,1.5852235205999454,0.09079745728560719,0.5405788857375917,1.4216157677209205,0.5116746111434131,0.838509549845171
2335.0,-0.99111900171471,0.30850756289257275,1.2699050297757464,-1.316864512799432,-0.814447864498001,1.1640563314261003,2.2185955119280174,-0.3945792341252693,0.11001348320138932
2336.0,-0.013279958873325219,-0.38474887827426274,0.9399668229589926,-0.09078802126221322,-1.2220986604572832,0.11208428528832576,0.6160787391961146,-0.9820591249885205,-0.22871509358136835
2337.0,-0.048915469540591824,1.3105332747184335,0.16456968252228268,-1.1298735930966968,-1.3307010863889885,-0.1007311561229867,-0.3305855433650809,0.43236871383322467,0.8362776157854064
2338.0,-0.13984064595609022,1.3963759251711285,-0.09054525898055522,0.8357602611587568,0.5001441058973575,1.597230755451598,2.016630039292559,-0.5317254799145538,0.15228758682793894
2339.0,0.09214919267182752,0.10095241322492181,0.8245555538531462,-0.9094725683199618,-0.6769785089071431,0.047308221182280764,-0.1875760169805866,0.11079959773397005,0.1548297825086506
2340.0,0.9653332357168085,0.6408381728394096,-0.46615786631550943,0.3777737371653886,-0.2859640836610251,0.45025614072161685,-0.916785305514502,-0.23525728255911404,-0.731554511624042
2341.0,0.1543113410946515,-0.31497672502484975,-0.250907155434401,-0.016709021623260482,-0.34881734260698677,0.140761595682253,-0.717032891287099,1.6237534520263377,-0.14948268261834066
2342.0,2.022331078839143,0.3863123082795068,1.7279677944766036,0.8270694724995319,-1.1267517016348876,0.519239193193723,0.6383219945036407,1.160438052719423,1.0593556955903607
2343.0,-1.2946227741351333,-0.5647469117835852,0.367709844824981,-0.4864257563888472,-0.1743097841047167,-0.3642624992494253,-1.2705431546403148,-1.0132579499540624,-1.0660075572955234
2344.0,1.3114188583692852,1.5765629355881687,1.6020895833060782,-0.5707162183627146,1.4550193553692237,1.6404436738159716,-0.9602934070830929,-1.242631857050998,1.123261239184082
2345.0,0.1612307436357362,-0.08594768625844294,1.1332673460756557,-0.8659483775651934,-2.0070948573410567,-1.4790338712717168,-0.5394521166064338,-1.0057033480272435,0.17756064645078354
2346.0,1.6831282355282888,-0.3438130515237714,1.674427317730134,0.5164384101568822,0.022923757343998825,-0.1541361271234358,2.0704125359697274,1.317488121498872,1.896756912450478
2347.0,-0.1598964805389078,-1.3203914648329693,0.20704288396203105,-0.01907094784034182,-0.23482974982464577,-0.495530591539252,1.0637596439309778,0.9650266101368609,1.002332318227265
2348.0,0.2643349716084657,0.9080804168545838,0.5324687628971313,-0.4180445167098411,0.560371873099882,0.5528013499841762,-2.01932291565579,0.5438871252771027,0.9023430641881464
2349.0,0.5297376278611535,0.5436000098736907,-0.29266673413494965,1.8949595711465703,0.517279576086612,0.2588955014069833,1.517557090577958,0.6603453532768276,0.48412112990122175
2350.0,0.372036951928397,0.8864811659569908,0.04289162379056944,-1.2639281998433103,0.17903839273265917,1.3079587891487754,0.4893743418072605,0.32004660608493524,0.06857059531820674
2351.0,-0.7359527310201248,-0.8391672201602467,0.4741764970175099,-1.0436215978388017,-1.1774402733045277,-1.1315588769322131,-0.06971268490841544,0.2952975559925059,1.127790092587974
2352.0,1.606361259154908,-1.436445071192416,0.34566938133189357,0.4570387388339122,-0.13903896954160544,0.28723017901755854,0.25517464906112897,-0.7440613266567634,0.9731314699806084
2353.0,-0.8604427973396075,-1.149025519189665,-0.12449913298835986,-1.7304441059342575,-0.6197173947667024,-1.2456854117826328,-0.07306757150913458,0.11392779403187689,-1.0979707797426521
2354.0,-0.5725874699969807,0.971294792513882,0.8373725767958169,0.06802446891000484,-0.24458033725238523,0.29336816745523386,-0.12455198488631522,-0.2892872270918405,0.40514853673720536
2355.0,-0.433105812437699,0.5123563234989837,-0.6368422052645845,0.9533223465616606,-0.5183840497701818,0.45406533748817923,-0.21473670835366301,0.1067985268428914,0.11077739609039235
2356.0,0.23057160955846925,-0.6985699271474605,-0.08052090483841237,0.7001301639473667,0.5284531470688271,-0.5816455283814777,-0.4567873520536819,-0.46320179380573845,0.47695555044706833
2357.0,0.5749832593683794,0.301929223444252,-0.020592742934307174,0.28814659640040696,0.1448485787276827,0.1613506610776796,0.7890348997783334,-0.2873472358136777,0.3534405038980808
2358.0,-0.6642772247437412,-1.7093702210142374,-1.0542224370349593,0.73051268999591,-0.501314345325287,-0.03354975644004715,-0.8486654611169312,-0.5850468505533715,-0.19831441633606184
2359.0,1.781852681027141,-0.08162471090761728,0.9427609725935386,0.5248671251988452,0.3722549863495729,0.12926530379883805,0.5220107077095757,1.0850769597925405,1.9809245855420428
2360.0,0.3417868087874237,-0.3667487225799233,0.6725162729038777,-0.09627636852361816,-1.545434685354489,0.5984813887156368,-0.46090060124469767,-0.5807149197154854,0.06797268382421687
2361.0,0.31340593300013075,0.7806677417798795,0.13964277941275263,1.604263826947648,1.778841022251987,0.7020894562242571,1.2034786287332875,0.42283701140132074,1.2355131899771912
2362.0,0.039683103942236474,2.275451245528153,-0.38217809379493,-1.1361542605076056,0.24805741823799504,-0.7455978465977706,0.5404296535888321,0.5446821582272318,0.8951917795211338
2363.0,-1.629787792918644,-0.9013767632443097,-0.22131661343982115,-0.7451156570115468,-1.726539671605526,-0.3611372660617012,-1.3451519809277264,-1.45239139305115,-0.2154856343344059
2364.0,0.786583860541802,0.28988650261705795,0.527712628229649,-1.2903280809118685,0.7361930558039613,0.2000908486765282,0.5366108639373703,-0.1602674011773861,0.21022019080867635
2365.0,2.4236152311246864,1.0055027791074778,0.5172291844149954,-1.2907632246124323,-1.4605390492986232,-0.6918687655479371,-0.39169453459066816,-0.3794078714201208,0.8265980219401036
2366.0,0.960971291794363,-0.249712123641066,1.0688276272776205,-0.4411160377175148,-0.2577762427912701,0.25868329910950044,1.3465386803189316,1.0745625164438728,0.6944925195177191
2367.0,-0.36016305022334827,0.8192010783581782,1.3640506040040141,-1.3117986116108074,-0.6385911641990646,1.7752057481481256,0.8598071260417556,1.1595458777868288,0.48957379562216535
2368.0,0.4122215695928389,-1.4766773705715712,0.28619141983298996,1.5590916738812732,0.8343881329147625,0.09724641925823023,1.0532567194466238,-1.779603841620642,-0.4580869151718807
2369.0,0.5706629580103205,1.6306264493331286,-1.1190399969312281,2.1024443573095493,0.671119994634497,-0.37207675666336215,-1.3405838346845214,-0.29246053156562923,0.2410690650732661
2370.0,1.2039387531473145,0.8182560057832285,2.328219291343303,0.9902591063501253,0.046106900883204946,1.187083384818026,0.4139381444620047,2.703903973979833,2.2956303486452723
2371.0,1.4905032766052544,1.14387517980125,-1.476898711551269,0.3285577946054407,0.4940321286079641,-0.730416485262881,-1.0905071121818233,1.8295566752706443,0.019839290917002275
2372.0,1.4845028801588271,0.7241969207957403,-0.4270738331830887,1.3357856197596252,1.5611850714628854,0.8107271485834179,1.6799250621489257,-0.41707371810304356,1.242486356011414
2373.0,1.5803267099307268,1.0313452132884766,0.37042023893296133,0.1692706720147421,-0.009110269433899207,0.37126957805306887,0.05827124846340885,-1.4510311648171585,-0.4513393182549025
2374.0,0.645344673092367,1.098665333239009,0.5110556751090843,0.8492195566810307,-0.3218175409450229,1.5385532686387113,1.5040984761194345,-0.5361893521506771,1.2718580507182788
2375.0,-0.5931221381523144,0.4926470465852846,-1.2558321376419173,0.5384258157701294,-1.5049352954236173,-0.2962223327123941,-0.41745446892210064,-1.2916111985376486,-1.1378391915067232
2376.0,0.07733249739932228,0.4101216926321207,-0.7173327945290356,0.42658268282111156,0.24138160262619784,0.09431139378669548,-0.16113757276184973,-1.4459491933261783,0.12605290329784405
2377.0,-0.7801917015775549,-0.06160627414630717,-1.9026531168025143,-0.06540014511765038,-0.25047298130349877,-1.1162333084314622,-2.3131837256557137,-1.1660537330192735,-1.3325595341986014
2378.0,0.15520401052260901,0.39531962408488475,0.45865742349555466,-0.47548734991204067,-0.8487428479626107,1.3096751819972303,-0.5325741405683925,-1.1633555443585712,-0.8894290908249285
2379.0,0.04295259539487962,0.08940655793340459,-0.5627649059570343,0.005849415949079544,-1.4476143744231613,-0.20822473904268554,-0.613427495653383,-0.42726917029882633,0.21679993088726748
2380.0,0.5064584810000676,0.20479360743312788,-0.11383360038031322,1.057079033830594,1.6461788721178223,-1.1880616312021188,0.5357911288098746,0.35266345983647895,-1.1417358142188576
2381.0,-0.03279983647237522,-0.6921359677456517,-0.7389255441524263,-0.7665600755725256,0.12275866009121264,0.6370968926623768,-0.16874851204785937,-0.16476780702389623,0.13805685034472132
2382.0,-1.0097015202885098,-1.4372899971717712,-0.26917277336650486,-0.48658005266622173,0.043785233365838776,-0.4949282087013324,0.04706536945520543,0.2651324277344173,-0.07080780419529452
2383.0,2.280507038730251,0.5148019837341472,0.6892405334002181,0.2422937172045408,-0.646532714232847,0.3486450802551295,1.4068063981390302,0.5808243596643599,-0.23785598319591217
2384.0,-0.09175617497417843,-0.18057516549825176,0.97675203865325,-0.4882028992346085,0.9898820125402441,2.0264236084446594,-0.2829966688507167,0.35805878262116975,0.12875751689740342
2385.0,2.638995511734685,0.7524835055963958,0.532137092206868,-1.166460963994858,0.8804298741090739,1.4212550091929632,1.02821762862247,-0.11347893086486463,1.3580831919460288
2386.0,-0.0912015471478728,-1.2043288450396856,0.4741757232777463,-2.095750986716603,-1.4697266521524832,-1.2653918839949228,-0.3528161042353371,-0.26324001599566715,-0.8392580716909076
2387.0,1.3228291956376492,1.8034208420015168,0.873147221907829,-0.3338565702344241,0.5542607216868084,0.7560365708837057,1.3832171507854543,-0.1515996269831596,0.9938174800071289
2388.0,-0.34683051300770196,-1.7257551964580422,-1.2387780730479223,-1.9054844068385226,-2.837526736955119,-0.5980147171909815,-1.34616669330529,-0.05332903759607403,-0.3305842455061015
2389.0,-0.48376167915375445,0.09244085267782544,-1.5549973439696483,1.3528843923549583,0.4651948696558995,0.2766265457730208,-0.30427906505266317,-0.20671783176598588,-0.8233155955881074
2390.0,-0.7721372998635799,0.661238126921139,1.4739164975389665,0.8703076127683594,-0.8677251557085446,-0.22162042396946022,-0.28371989167474265,-2.307059699358642,-0.6723339859696861
2391.0,-0.22013935913469454,0.9152542928167443,-1.2963696052274853,-0.561316702396581,0.5128493105056859,2.3786066788391924,1.844105379199241,-0.2009578771902108,-0.5535950175958728
2392.0,0.20614154786201105,-1.319939449114548,-1.3020081556486256,0.6471633394384734,0.24082659843682597,-0.7391408811389816,0.5421101486399325,0.11977909386840198,-1.0679534406353643
2393.0,-1.3279104172730636,-2.00249508380365,-0.7792125009835685,-1.0420381668072713,-1.7232903372073338,-1.8100705472945138,-1.9114716761382349,-2.2186186342231564,-1.6052922772541005
2394.0,0.9844594384557778,1.120526107601789,1.1639243315991878,-2.5452470746101628,-0.6515773757334342,0.19005673258904393,-0.04856941543632833,-0.6522812427989231,0.8278239791720741
2395.0,0.1737711967548761,-0.20415360802509855,-0.4553446115517072,0.20293224707141588,-0.8205382386895358,-0.6585025895710003,-0.031548189767779865,-0.4207653386714181,-0.8623060059325381
2396.0,-0.8650256056559015,-0.11686023637011805,0.29913346793156337,-0.09851915586848871,1.5261511660755627,-0.7128973710176665,0.015505956868204393,0.883319246284133,0.018633329542116335
2397.0,-0.08076603606951573,0.9755262148382137,0.5470044536701968,1.1365265148537507,-0.996718315567546,0.4919109458740297,0.36605961544886123,-0.412806185403965,-0.37177197923064137
2398.0,-0.8777185541609491,-0.7808394755104262,-0.04884565442787128,0.5511556982966683,0.4405155235512465,-1.385428378819404,-0.07358006459403169,-0.5436023761244647,-1.1420142508471232
2399.0,-0.5793874179295257,0.10944251737891383,0.43798559724505853,-1.4932548536340668,-0.5371795110450115,0.2909336418226675,-0.1946937427012635,-1.7457184785464452,0.21711757772300627
2400.0,-0.2815466654964659,-0.08683507198873819,0.32137024513648743,0.4370253348147002,-0.240316798818919,0.8759101258133353,-0.18319077754169769,0.96969465363658,0.95005356688677
2401.0,0.15694545215122369,-0.14551511111301815,-0.4522765878070169,-0.4659814410936307,-0.3766104098741368,-1.5373959410836477,-1.3130255586573425,-0.9099864590152585,-0.7979723703242595
2402.0,0.14458175274645835,2.3524084760134722,0.4808674755271369,-1.8539764969096288,-0.6381761892116279,0.9689837490795645,-0.33291308988969925,0.6051126965777688,0.2959854473216242
2403.0,-1.8050363319352343,-0.30862328533543315,-0.7194427798542187,-0.720142884801728,-1.9729870583218867,-1.7368454959195365,-3.21309693029011,-1.173798559066465,-1.895142765063184
2404.0,0.20226265765064783,-0.4205850550196702,0.7298964656899531,-2.0416435759743212,-0.6441083149370652,1.1396382884918426,-1.1781001105929696,-0.40138718757248326,0.09336106583227732
2405.0,1.2511100208654642,0.5069739220577631,1.699087202273249,-0.8124553148766062,-0.6095890584651489,0.8158811344224787,0.8361321067998232,0.3720462374118348,1.0065392572271168
2406.0,-0.06230763568535774,-1.773786338847254,-0.42813729876572604,1.4469875030353094,0.942733289647358,-1.8845054144505,-0.7846617682913303,-2.2709144393102902,-1.5640667737092624
2407.0,1.1800927926221236,1.623213804477536,1.4925167021996255,0.6178704255366524,-0.259410250120849,0.9597980159419783,-0.16169119178222316,0.9111913936557459,1.398274740697032
2408.0,-0.5380489583410317,-0.04518656254131065,0.6569467524570812,0.3075129188575254,0.047908750287998084,0.3582874388481998,0.6127907515036674,-0.3228852604671143,0.5336566248176107
2409.0,-1.0951098700940973,-1.0698609616131136,0.0678589292348374,0.4544687729348301,-1.1810943846519024,1.1325612900181625,0.527841109997107,-0.19678853017937917,-0.741825601661025
2410.0,0.11891696604834685,0.45274161450247924,-0.2994623869604753,1.1402282715509262,-0.24830670671885055,-0.9072794208556937,-0.5755415299366657,0.9267816911676469,-0.2676853478531425
2411.0,-1.2094561224522802,-0.6419117351344436,0.46092189320348803,-0.04337180829171458,0.6060508016081179,-0.1911153495193265,-0.32327152532992004,0.3129414281798808,-1.364428840566725
2412.0,1.3248927331319753,1.0691612630861964,1.3548291429458406,-0.7565636323132522,2.94799779357545,1.6062495828176069,1.0776869213210212,1.0334797028917329,0.365839462731031
2413.0,-1.3080800259098289,-0.13528916775155633,-0.7381726671119059,-0.8129312589311544,0.1818221550054605,0.23296857078044855,1.1592967483937493,0.5894368711774843,-0.6794088535259867
2414.0,-0.5980468927626603,0.020686891475970384,0.6758085921818334,0.819119229858678,-0.08507929534301092,-0.2325225972422492,0.6058840309129128,1.4488398097262167,0.7073293938278347
2415.0,1.3994624684228372,1.7457219210179502,1.821336640252719,0.03916028878201419,0.2651376035854864,1.9305751744829722,1.7663976554258511,0.881564926599113,1.4532845639335514
2416.0,0.4442578256621978,-0.4466116765705723,0.1834696959816936,0.22793672973055581,0.8566238525223373,1.0734687496852378,-0.1843275414413375,-1.3392566531137615,0.8683686761125857
2417.0,0.3037579163624456,0.6964196617442884,0.5563425718814718,0.2634328201531373,-0.20569848125831003,0.8003494392491918,0.1263576098215402,0.7837162020975578,1.0274303395105635
2418.0,0.031661418616337575,-2.0105267100490343,-1.8540213494919313,-0.43653664090848615,0.5840432592336551,-1.5153423717717833,0.1245017488137858,-0.5819334986158604,-0.6122382103870356
2419.0,-0.10144046095575797,1.5719585231073414,0.8760268876364521,-0.2591620519336121,-0.02176217119167823,-0.08328761606068218,-0.7034763891521995,0.1724743015976016,0.7388147326794974
2420.0,0.6810394298003718,0.1414721231274045,1.652668134120285,-0.530485109698408,-2.4694468234011326,0.6280138847642497,-0.23811581304075333,0.11015139969977643,0.2685147788705907
2421.0,0.936870915399161,0.22851360848992264,0.40897866923577203,-1.7997981955114115,-0.039714571728909215,-0.407966888617909,0.328105889037251,0.22999905493834616,0.6807660554104833
2422.0,-0.519313519750806,-0.7952808453240735,0.9190171230616752,1.0102287000986843,0.7783342785383611,0.3951537218470965,-0.0712522279440879,-0.6360975628476861,-0.5012944893661323
2423.0,0.7179228685451776,0.39965138687422974,0.5046894795019925,1.4652817993810956,1.26251087229169,1.0011354783095465,1.4885052920178898,2.4007271955951404,1.6521978542085762
2424.0,0.7970904099693618,-0.03889467144019097,-0.7344656957927616,-0.7610626795116261,0.4301998500850706,0.11581687951590229,0.7706437984279787,-1.2625513799237327,-0.6892149276804028
2425.0,0.9640131347943716,0.44865843590904814,0.9254690293935601,-0.7666739539101909,0.07439224489016764,0.7348357073332221,0.6039229436836988,0.4596238475612675,0.2426118552101136
2426.0,1.7603051120079254,1.2290731589618002,0.6885682268307004,-0.9336719211541759,0.6832539240616995,0.9370070817703365,-0.12733121718979598,-1.2516328316717389,-0.01658095679741987
2427.0,-1.0803490373197286,0.08131808213958591,-2.6199294624042446,-1.7383210976432149,-0.7478817062844036,-1.9509188081353823,-1.3169850414196431,-0.6369368164890885,-1.8492338775824375
2428.0,1.2945505938421402,0.7954753610582066,0.1876339985508129,-0.9520208265295329,-0.8703924111313205,0.15782217502827411,0.25840182506060255,-0.4666765584542005,-0.018846466027168694
2429.0,0.05197234654381472,-0.5135092913095541,0.49077585658915934,-1.0635542703345917,-1.2242191582815531,0.6873408597632372,-0.3776607200568983,0.8558398787747942,0.5611187283390582
2430.0,-0.33117363820152457,1.3189302006624843,0.18137067272397092,0.9739698380121218,1.1890384264843334,0.8589792552305898,-0.5852114429990267,0.7709012757500097,-0.20937238809428385
2431.0,-0.7086054718342737,0.18832215574549788,0.45347408826797536,-1.1921205834735258,-0.1568511828047336,0.039956331126192644,-1.4044533711340885,-0.9680627098991215,-0.9517855164196559
2432.0,-2.895766838397877,-1.1828833113764214,-1.5947327836817746,0.25958249727929045,-0.24739999341316096,-2.4982174104889063,-0.00370795963055361,-3.4535593376999327,-2.195650878175407
2433.0,1.3570648761910367,-1.708601823970214,-0.6988173745945895,1.2837297985526506,-0.726639852796205,-0.15405049790548278,0.5110973480561429,0.23373221497607882,0.6077018864502284
2434.0,-0.30983077681844684,-1.0199958638479714,-0.5359207797004478,-2.694597882367087,-0.4663487139073009,0.2703014107128154,-1.1745638735441604,-0.7797936633162078,-0.986502916893278
2435.0,-0.9542166671059565,-0.1372947938002523,0.9816438517952358,1.911781840589553,0.8840817165645409,0.46196339451660184,-0.007127193549228429,1.8411298304576094,0.7675065218704079
2436.0,0.6689674012949659,-0.49304095451836744,-0.6820116209690948,0.9155281120376856,-0.14204458435307615,-0.923998282162235,-1.1473063051976828,0.06850438800400355,0.1709005515314193
2437.0,0.7367644579618082,-0.518576919422674,0.5054207974454902,-0.22941145686435835,-0.20079531872280407,0.6702392079163135,0.16758360128490413,-0.17336897467690315,0.4237706610228419
2438.0,-1.6404804528421797,-0.17205408723079257,-0.6777210467115994,-1.760630383174559,-1.2838803462394834,0.4688858430302855,-0.24894002461028014,0.023809422711978816,-0.662002230335856
2439.0,0.32904523789882806,0.024183353437277944,-0.32179857140152407,0.03721421340552496,1.3845823003395201,-1.069693638598851,-0.6094023203809976,-1.6563603644213578,-0.41385972891964323
2440.0,0.4241781721574584,-0.44042190562632527,-0.2301524680642863,-0.5536693586451501,-0.029537032536733645,1.4234695462581766,0.4908186586423363,0.5486121743515885,0.15790261354614615
2441.0,-0.4563285937147004,-1.5056616285000426,-0.41335422159251534,-0.013488207394222596,1.0565395272149667,0.11718185456932699,-0.6094697092437443,0.608512592953384,0.549959252339767
2442.0,0.4354620326097593,0.4600114428379217,0.28231405966193457,0.9172682164473462,-0.06794976305785849,-0.08752921775596648,-0.2977131335173097,-0.24810925517662044,-0.08448190990515454
2443.0,1.0087652777271776,2.09136764595407,0.3166208600315781,-0.4528147429738471,-1.0346640315004136,0.458193560567589,0.5597322791703679,1.8033758811443477,1.310953892463265
2444.0,0.4588088812471551,0.38310251787461025,1.0670160435640992,-1.6140103500310987,-0.39258629469986134,0.14450091257775893,-0.47341407636586674,0.4821884948157886,0.5865509378765337
2445.0,1.1526590438559776,-1.1231203036632618,0.4743845283405614,2.1234723795556185,2.5771605962276514,1.6725351621259494,0.22702504577186558,0.35961830800612804,0.1338598124630144
2446.0,-1.5106215090880792,1.1188868527511233,0.8810294912527474,0.5409322116116818,2.4734626322585225,-0.7105040675200648,-0.038873989668491454,1.3521899983264705,0.8581690573027495
2447.0,-1.0836469254314258,-0.7400234041806943,0.9184662283397027,-1.174037461142145,-1.2209685466962563,-0.009642248446560305,-1.2444859115843385,1.7719654780750145,-0.42675374628684704
2448.0,0.3723787396001909,-1.234908874901974,1.1983627720576286,-0.5293787316121226,-0.47297874786769784,1.5005634601039934,0.7113642216090793,0.9713966228653986,1.519148665964239
2449.0,0.5681529705361781,-0.5549373586848039,-0.014320596279710725,-0.2508247566410764,-0.5878937139024942,0.3341233766319637,-0.7344623915803875,0.31699015916694784,0.4284659436120445
2450.0,-1.5818896043810238,0.885898699897001,0.10459904848052644,-1.1019865055340041,0.6971265198863074,-0.2734934212192298,-0.8943885269801203,1.096376489120397,-0.0441013101388626
2451.0,-0.7694764748258272,0.6843126154799136,-0.11641102129608046,0.9126096611123545,-0.787622614065787,0.6336553510353969,2.188466151844648,1.5630253706028192,-0.17532614612461406
2452.0,-0.42940834821070745,-0.9479527898886163,0.21835719838991383,0.9916831430014261,0.7113761150802735,-0.11486449807765206,-1.0202554964070247,-1.064548788523053,-0.14193778456577757
2453.0,-0.2734864805656873,1.3873099237491928,-0.4385591393048639,-0.3894955137145729,-0.1133024153393331,-0.5438145594092236,0.1974361752316126,-0.7476207726028695,-0.4160168754424984
2454.0,-0.5121020962132176,-0.26824568028525564,-1.2089006269608062,-0.9391818236141981,1.056021250265985,0.10252869657472191,-1.5638251691510647,-1.0996803308821461,-1.2977219718364255
2455.0,-0.016303853322870633,0.20339613538401813,-0.2730280294903358,0.29507752317189395,-0.1873416478941388,-0.10707544581517699,0.5496807930604076,-2.1658428096237983,-0.9771506436232703
2456.0,0.8219984496060904,-1.004606959388212,0.6972309083255617,-0.04018905864237777,-2.01506455574601,0.2366003449226852,-0.9040587379371571,-0.3340073012699236,-0.40283374306393255
2457.0,1.1017057172808242,-0.44610017709053396,-0.19353856656579113,0.16837275626967468,0.016689015559905977,0.275404587915667,1.1089569212080297,-0.07260527589120898,0.2582121448195057
2458.0,-1.0514304225630928,-2.3372190298389417,-0.39288593855438503,0.24058992376060712,-0.1745017399454274,-0.04695621948769867,0.47211079150907526,-0.25602500416961005,-0.6540090241062847
2459.0,-1.9877815219881108,-0.2686533246841827,-0.22936502818247964,0.10212487583094129,-0.16655526813477584,-0.9850513192494872,-1.556079988877138,0.5901181440918716,-0.9693110331703343
2460.0,-2.186981912782834,0.24196007089307356,-0.5260822290959919,0.3181620842513032,0.31869185202632844,-1.1765502899176215,-0.6779225076619367,0.1993937314513025,-1.1315800675477292
2461.0,0.08436696625702454,1.2472513034686104,0.7976072145815063,0.07147401924492326,-1.6896902131542442,1.0599812234863233,-0.2937471800043529,-0.8390361812004488,0.12814510759207476
2462.0,1.1337202683842207,-1.3434159841417428,-0.3743140689482971,0.2515712272726582,-0.49759235026376963,0.9713867950458678,1.0370047186143483,-0.013831494387886492,1.1121621818754648
2463.0,0.8058655878063548,1.6266917470407585,1.9919914811040642,-0.41640765769682764,-1.1707815145164575,2.379117954976434,-0.03305191466855019,0.7983600353939527,1.499867387820441
2464.0,-1.1628430346277672,-0.6341790584770647,-2.764297803507011,-0.3043258706965915,0.5844408355272266,-1.927757407712472,0.4192922480583118,-0.17179801823554108,-0.9679389436731439
2465.0,-1.3482080602446473,0.3653420746254115,2.0855828898835416,-0.5774206777294053,-2.232892546139619,0.8299690159054992,-1.671023649473276,0.8849105692688561,0.4649125894940057
2466.0,1.0835941861380305,0.5128358205677711,0.10298332539141607,-0.22081274109213064,0.34370823513191834,0.2848568190792776,0.3917375791896848,-0.6271554055286332,0.7783248551969135
2467.0,-0.34393629987406976,0.02191220359163924,-0.7024657042762211,0.2032806675585453,0.1132160259504225,-0.0650438315880617,0.47013415873667574,-1.495671961375479,-0.9530129989206142
2468.0,1.0366058510056664,-0.07488809542889398,0.9451185343485056,-1.8756062973978713,0.5596281443484988,-0.3905170624957967,-0.3310638196512956,-0.3766840745324083,0.8943435281970786
2469.0,0.36295525276033713,-0.230186468143764,-0.27402160272922593,-0.9022899149223417,0.42184929472331306,-0.4730688149302213,0.06701539620983796,-1.681976173567732,-2.0779050174695812
2470.0,-0.6681014282010942,0.5904958609147374,0.17129774983257776,0.5918920236567781,-0.39774711457325707,-0.050793418057494856,-0.12506187761214033,0.8719992020852986,0.16631211270725427
2471.0,-0.09193706932994675,1.0840572720173849,-0.10715066597976203,0.7574943296425013,0.7086942717914393,0.5242411651023372,-0.0206397617767637,-0.6472946587959609,0.43685706285327364
2472.0,-0.17889323804458437,0.7629431576280095,-0.6931381069404509,0.9900937652395089,0.25667003308022396,0.331636418123815,0.7631300393305276,-1.9711781804438275,-0.47342436982622793
2473.0,0.2926215003943153,-0.9961816676721721,0.09301542864484783,0.7049045785928367,-0.2339500591792717,-0.059778041226206176,-0.5412646235337032,0.99174119085511,-0.08860798928341143
2474.0,-0.17679979465390114,0.030364981531074225,0.3591931029390051,-0.8190134245123577,0.25073764452500424,-0.9733549639948019,-0.8665762139161739,-0.9929121335527737,0.22662766055501335
2475.0,1.3316673453279024,0.8719831204372537,0.5259555997621493,0.6712536433619917,0.7039263378803052,0.5371506743768938,1.9769272584292101,-1.153862300991642,1.642280082549213
2476.0,-0.8035998045175268,-0.0007712405717821775,-1.25598777117832,1.0130645722330966,1.1803283284889694,-1.0262660823973035,-1.2370713830077436,-1.3779253504153914,-0.7509156112299298
2477.0,0.006727422454179803,0.49202147140326136,0.14038828624330543,0.10648872825462738,1.858309846741948,-0.09480714445152291,-0.38270633704933643,0.6898570472532373,0.9549209583461533
2478.0,0.23784011904381017,-1.5534603832349336,-0.305346921975096,1.6732584883439199,0.8383661960987775,-0.8331588066353586,-2.4279390626392128,-0.08540051974175727,-0.10553346238383776
2479.0,-0.1398914730546314,0.4176654024927435,-0.6224815413966317,-1.6820354628006167,-1.8485571325320977,-0.7351867980735761,-0.31659232969688655,-0.3426192658743434,-0.6432151641741503
2480.0,-0.0761619751641611,-0.00592991960224717,1.4897786254892833,-0.23520290044418946,1.1314986584223081,-0.03695676704478984,0.6617737141725714,-0.31913093526431424,0.3979314592558456
2481.0,-0.6489917848058332,-0.5082705598852819,-1.2609925572214802,0.575953100304666,-0.4738146946887292,0.02966205981002976,-0.5434556799200377,-1.0681274287102878,-0.5233080671623616
2482.0,0.7561840137156163,-0.4487478307704433,0.3411744694993385,0.6329900485713496,0.7644889165325067,0.25038919826658645,-1.0882560058147202,0.8203259205393244,0.476607416751405
2483.0,-0.6231145291671504,0.2291933804237978,0.22395889624768495,-1.261269481037912,0.8129357147695497,0.11280458870073409,-1.1027442081985115,-0.10586351793995433,-0.2818664370990794
2484.0,-0.14430519982322312,-0.28115071198954444,-0.45886712800502844,1.4674061379562118,1.4359268791184305,1.1689458726682809,-0.18647401584228165,2.7067872502813963,0.7182879808511845
2485.0,-0.8209586619105319,-0.18028141056362262,1.0269954368278142,-0.28637568751931014,1.7380392334574657,0.3457191848013207,0.6782860012688928,-1.4715963486802521,-0.6591930477432953
2486.0,-0.5735911253505404,0.21739498432660162,-0.4153007363238864,-0.04208155370977675,-0.8869883472169017,0.0646922490503732,-0.3406527491246887,-0.8854521128558612,-0.3599501436161354
2487.0,1.3741821768704763,0.46784226914221566,0.2025200750216723,0.8379046018264219,-0.07633628005857379,1.6944086492156074,0.7505772326578285,1.5994533201739698,1.5750082968992316
2488.0,-0.4318446244851569,-1.1929952597479447,-0.2502493590152575,-0.8507078548195148,-0.745218783287842,-1.0425987489017141,-0.5952248530419028,0.08887505456743786,0.7353159400623326
2489.0,-0.45249438399373354,-0.347636359234166,-0.7941563812426125,-0.316449110189667,-0.6059119219685868,-0.4417529670467333,0.9987183799718974,0.3783684849704176,0.38089937734163626
2490.0,-0.6808950812072289,0.013768268067863944,-0.1379580974456701,-0.0016711954668243959,0.5960953206066855,-0.6203764223018635,0.00040677876810032575,0.8593263130508829,0.7335665209376944
2491.0,-0.47779692635822596,0.38196485988182166,0.20785575537818954,-1.131261850310445,-1.0660121395167095,0.4124129148592106,0.22226975440122082,-0.036681889553586464,-0.1728343359706825
2492.0,0.7513831602392971,-0.3215619458563935,-2.0678420039402066,-1.0701929560569445,-0.9615001102791428,-2.9202158945515384,-0.7092657755458137,-0.5738311047243445,-1.552654869168156
2493.0,1.7943305929659936,0.8055780514779591,0.8047484709998903,-0.2768984453380996,-0.0515350485701215,0.22475505864222556,-0.2765533298996429,2.086831870120088,1.6485579003468631
2494.0,0.4681765350683831,0.08961306865110791,0.01548899253107129,0.8241091029076524,0.007505934678604091,-0.6115486932133108,0.09412172792763843,-1.1034206286691075,0.1932693465953437
2495.0,0.04505493018459553,1.7926975297426953,-0.368761597009085,0.9369553843779757,2.2743588558430807,-0.47751266452395613,-0.13494894851327247,0.5738713633551163,-0.6704511149581812
2496.0,0.3480382118334405,-0.6204527528887361,-0.06164133121655901,-1.6809709899513978,-1.7088964239508564,-0.1216467262638694,-0.11118846948789492,1.002167846677757,0.3396053964487487
2497.0,-0.45578186821440475,0.5124210503385304,0.4499905099646498,-0.03139469178659285,0.7440841070807045,0.484189026879292,0.6622236872518075,0.7766055136924708,-0.4310278471524131
2498.0,1.1326596416513512,-0.7620078290891806,-0.2651930501028449,-0.029951175025371073,0.7282489686947708,0.10604281486614754,0.6394953837760726,-1.1363957540989995,0.23223586654939213
2499.0,0.0466312586117237,0.37733796175667467,0.25233167654827676,0.25509763236717853,-0.20305891880573484,0.29090806854372164,-0.01040869351826553,-0.17342998557751624,0.21887735889868437
2500.0,0.19680081622144507,1.0654634021928053,1.7651050591511173,-1.1726675942734415,-0.13643796890207693,0.6773821636603454,1.0886099920109096,1.7853020385447782,2.7003364668319074
2501.0,-2.121193372420534,-1.7912949896355652,-0.3975848268770856,-2.3251384615100306,-0.9859709993494098,-0.8153918629370291,-0.2747442338329971,0.02312090733990625,-1.2155822785393582
2502.0,1.0036663362845857,1.9585274895284057,0.21538272345330364,2.193728823332211,-0.18900935369649566,1.7029145163837478,1.094375233167422,0.4246784346024151,1.8131521512936783
2503.0,1.246899415667215,0.7278704824751548,0.36620807335716016,0.27785649210149066,0.7947541382419472,-0.7552985942625826,-0.12835391715459127,-0.09944764543339626,0.921260057756889
2504.0,1.981597111579162,1.0094860285833687,0.8161161469199111,2.8883448054890586,0.7623784928676645,2.112490075902498,0.4168473684702079,2.397943578312928,2.2084511564658382
2505.0,-0.5069201577680729,-0.5153353351561624,-0.6958701542416492,0.14143086341180594,1.6530080325855134,-2.2017029449065575,-0.3093974278716667,0.6026220878166595,-0.9555847682333265
2506.0,-0.24440231332417672,0.04781026813511085,-0.5477904254484521,0.10633345968278005,0.8009265853748766,-0.04375013915208018,1.2289058414279879,-0.7767245892895406,-0.5108084281697532
2507.0,1.3626621596450614,0.23680523436579515,0.9926065600499933,0.11281329706820584,-1.5215484397162127,1.1640705663497428,2.001673672441117,1.3827411558623082,1.5760356309536177
2508.0,-0.9046149372447192,0.4224240509426087,0.4284837022896183,-0.22289270469592323,-0.9609046159483194,0.7504929538134837,0.49788783072480264,0.27721844666243245,0.6234283950266797
2509.0,-1.182102554740636,-1.8124356500431364,-1.6940799938994349,0.2712988573065138,-0.9159902280859334,-1.709817064103224,-1.186191496152754,-0.14067191495183,-0.9536990125391359
2510.0,-1.986795542844231,-1.5363175308220545,-1.8896122205043002,0.39717285795956403,-1.9850538937936262,-1.4695637896218476,-2.265761848718468,-2.122107281799438,-2.027002945495926
2511.0,-0.2202724892563822,-0.014834298477889796,0.35251167595428284,1.39807726604672,-1.7147111702588682,1.3594582419096135,-1.5620629650086995,-1.3464406865061906,-0.16958471400511319
2512.0,-0.05667361044716856,-0.7931209099123004,-0.013490088148858133,0.3527353614585432,0.6359662450013062,-1.5574304640860055,0.5863156605599034,-1.4298435152922466,-0.6067515386219172
2513.0,-1.3432923837321336,-1.6731755582325223,-1.1601176289069048,-0.43881537892111433,-0.8675111157464334,-0.22407384750369416,-0.3414208230947476,0.21904806609448468,-0.7674835438328385
2514.0,-0.4327002801519647,1.0599655169430016,-1.1757822976180343,0.6815087917485947,1.621598250156009,-1.0312355716267745,-0.25997360717759077,-0.9813677414441146,-0.19256984741731734
2515.0,-0.3363276936879043,-1.0048023683641598,-0.18334024560246454,-0.9590000143031254,-0.8672754689202566,-0.7999992408258774,-0.7726953601631925,-0.0903818325275084,-0.5474296783114531
2516.0,-0.04616947031183797,-1.3749599480172323,0.6799283627979097,0.7971974645948402,0.7537109275513372,1.2848341140986534,0.3916179887396596,0.8885663111505204,-0.0065625104152484005
2517.0,0.4908358573745089,0.8522783826943477,-0.6573925365264623,2.342279718196338,0.8384437763171975,0.8638997756925701,0.3145569107612714,-0.9142579981069291,0.6600557571623854
2518.0,1.103083431918147,-0.2746267821441151,0.0010995534524408258,1.4508613134206099,0.831370550477166,-0.40307265925316377,-0.12680079215389062,-1.2309299944060823,-0.21666580765962223
2519.0,0.5513616242092937,-0.29821024736326585,-0.1726949114281989,0.6813619087746768,-0.06403172670546027,-0.2575978710014341,-0.4561521709608112,0.4033306745716667,-0.031874896909676306
2520.0,-0.9307187257977679,-1.6400932428585937,0.3367782486146983,-1.4204157400193882,0.7439514819849858,0.7264400925932551,0.29656038977182386,-1.0214159960142661,-1.0595910852382642
2521.0,0.03448363796908354,1.065868733900558,-0.03870106690456913,-0.3799141372699966,-0.6877409167121755,-0.9843230625771,-0.9320432711618477,1.4819822771416533,0.1303024628530004
2522.0,-0.8821639676721292,1.2805746206736812,-1.0731342567829454,1.1479986671632212,0.15449489014460926,-1.2652134981683536,0.3938533516842141,-1.1945135157091527,0.07613586803900073
2523.0,0.9948113206459992,0.4789308770222325,-0.4609244719115696,-1.0428445575278134,0.5008311980895711,-0.8120423112528516,0.3906123910941971,-0.7313956892880265,-0.6987177790973286
2524.0,0.02770085383461063,-0.3404177045714432,0.2524285552141614,0.31363685296461946,0.0910610762622957,-0.6313024031737846,0.12855126053502963,-0.36032672694263707,0.2189193490753812
2525.0,-0.17846696137057835,-0.5610002890263416,0.34439593930194146,0.28557516349752404,0.05338756894464234,-0.7070466826318338,0.8086984755455194,-0.12686087921057568,-0.17353270541233373
2526.0,-0.25612736298698036,0.1707190436649043,0.6066655879266457,0.20440236322290112,-0.6123768741103516,0.21996501064343638,0.29933926220604434,0.19796135340425997,-0.08848161498736841
2527.0,1.5252599110424165,-0.4257513367800288,1.2158899980928786,-0.45251155159012346,-0.04958332946293099,-0.4820301508361457,0.5795666373182325,-1.3554799558217157,-0.1409247141769713
2528.0,-1.2978363702378077,-2.0337943002242818,-1.2626377047721116,-0.24249597148378,-1.1594266894222294,-2.085570046312483,-1.0074548797774137,-0.34508968272735263,-1.5988596924507994
2529.0,0.045880365530943185,-0.44594355323301466,-0.6656096708116362,0.241203227174267,0.42587227477785683,0.5026253562409506,-0.0559748557967573,-0.07636218408003947,0.08819186360336832
2530.0,0.1118296582823767,-2.254529754613993,0.16986919912654014,1.2600370950319377,1.0421086172041831,0.06835669571078633,-0.5521719818550871,0.2270783282911386,-0.48537808668689364
2531.0,-0.2405672368184984,-1.9110976641615496,-0.61817218809403,-0.8218502642495505,-2.1748998459477806,0.5068472186665443,1.5790998181290146,-0.2667858628956141,0.33817079864438865
2532.0,0.36594063191239923,0.0849404383664766,-0.3728306896130004,-0.8698316323322764,-0.9619437183535015,-0.2666534836567967,0.26350141385667175,0.4015535476448825,0.00645187921895318
2533.0,0.6226020658961339,0.4766326629650894,0.5741695752178044,-1.7515822050014702,-2.1413438256753214,0.6544782518089024,-1.1583943694098353,0.6591035101990103,0.28595477760970606
2534.0,0.5654428597723653,-0.24523176911292113,1.547128023419104,0.04483363729158169,-0.47097931567185786,0.7459483476012798,0.639409943358136,0.13086258397663506,1.493410051327231
2535.0,0.8244883738168324,0.9992310195376537,-0.06315609461695344,-0.05139356657699248,-0.1574225684807114,0.9433127877761496,0.9508665403819392,0.5541315850124853,0.8089646808903794
2536.0,-1.1087519897528293,-0.19969582586362428,0.38147795577384824,1.5666221728742087,1.2247958222390611,1.0404403953780936,0.7482712904487723,0.41821580825658183,0.05457745083404529
2537.0,-0.24857642499832924,0.3554195827769448,-0.8209119006295438,1.8432949325432901,-0.9229083270403593,-0.3155264814386778,-0.80581278926376,-0.3313663848546276,-0.41450571935859465
2538.0,-1.563736900768349,-0.15273701269947587,-1.3930360378876687,-0.0389191111353271,-0.022299943621907806,0.46223432432658,0.49021632878706956,0.004087059649385978,-0.21658597659269768
2539.0,-1.0546777516217491,0.12255895739127569,-0.9249031175759812,-1.7643994214331757,-0.3764386366198185,-1.5111388800837784,-0.9178944563787044,0.522474489340216,-0.8434287241789135
2540.0,-0.7478282589208592,0.14689167255290048,-1.0888530480594576,-1.3507675705830486,-1.386131720021813,-1.356325050435564,-0.3251543311622785,-0.3501823785727119,-1.7888238814652035
2541.0,0.0007035266634589769,0.6740846720987401,1.322705895917816,-0.6041098381098983,0.6454200201686776,2.0908974976281263,1.1603265378833576,0.8120075690876256,0.7279512111804525
2542.0,-1.3184430707485295,-0.6878245365374526,-1.4111072093189438,-0.010335167433385882,0.29207852558248826,0.16653274064366147,-0.5342174923119157,-0.7792992590801425,-1.532279581218973
2543.0,0.055908053245258424,-0.3808312968000368,-0.18547502320383366,-1.2327387918069683,0.8783244058937907,-1.0375152133089383,-0.6587130128467605,0.35224210558807734,0.5324911745180153
2544.0,-1.1687774138684852,1.8810604331193745,1.3249484931124202,-0.0343891207156349,0.7792096434521999,-0.24869514862670392,-0.019519765554045596,-0.5063922170359042,-1.2864879478473112
2545.0,0.3188101081600254,-0.0021742424491971615,1.1830162677517593,2.440993506920603,1.5322340066530258,1.2611121276077573,-0.4174656237124345,1.4062003558463476,1.5496683267860003
2546.0,1.5373909443693783,0.8876264024507954,1.6865919058689087,-0.9337416291871482,-1.1226882223253278,1.3654242424923382,1.7944920441395709,0.6817492620500002,2.2594710124354185
2547.0,0.1758470208147606,-0.535464991450546,-1.0646480091182045,-0.2640218718676465,0.36379902949449067,-1.5560415950069313,-1.6774676661836643,-1.4434084316259024,-1.355277967689527
2548.0,-0.023439781848764447,-1.138608811920499,-0.9386945213372151,0.22269537798263403,0.15621938412433453,0.9344591481220331,-0.5321216218294661,-1.421861001801035,-0.6002633055805189
2549.0,-0.6460058532926112,-0.21371288647524003,-1.13013254382293,-0.48553046584550064,0.2422442387376521,-1.4270449414182718,-1.8838447017889293,-0.7762676006669849,-1.9917274534045066
2550.0,-0.19157437725375612,-0.6957658429693218,-1.527690594148105,-0.926741859245576,-0.03450292728707463,-0.5051257441117769,-0.9519844020145278,-1.3106685695937015,-2.058539240915419
2551.0,-0.04988680473478861,0.1912201114194021,-0.5636427209206105,0.43503652986905433,0.2061821852707432,0.33461642942952524,1.3868075048921473,0.9564536586801032,0.2187094048220708
2552.0,0.9297474858838721,-0.021704058491310203,0.16588750760615545,0.6417610881203543,0.6127924061730162,1.0197315055016243,1.0203541380408772,1.841029877037189,0.12581349902854538
2553.0,0.42927903628190733,-0.5087015243920048,0.36623361278139277,-0.6204330901086932,-0.9975523761699153,2.1497796715079325,1.4040457099501762,1.061441512190258,1.6179688255059697
2554.0,-1.753657283834774,-1.9241549886832743,-1.7625786460231687,0.4387213447472795,0.5477041168786659,-0.333110125277783,-0.23865667358495632,-2.1992436477818615,-2.437015096408045
2555.0,-1.4633367616806339,-0.7799156998638924,-1.5144131752679069,1.0494521950612279,-0.9244083293115464,-2.2933483612460424,-2.6190709164145094,-2.3951913920625163,-2.6869346645967207
2556.0,1.5447875009754366,-0.6119558144788184,1.288391549168133,-0.30784487139113925,-1.1862709934407805,1.9925177508145315,1.1304583815386446,0.7832599984900992,1.0900494134711993
2557.0,1.7058810887503173,-0.047106591768934655,1.2960218579350082,1.8516301805324533,0.5704901476397588,1.8354897918672606,0.7053302553539378,0.3553099545996535,1.557032745294725
2558.0,1.5260260202030327,0.6664808251537077,0.36049150463375984,0.615030768307527,0.5156067225715226,0.8659666541017607,1.3906527970589164,0.9684780784706772,1.0713878852234568
2559.0,-0.26525491025489284,0.9408991615876211,1.0781790754248362,-0.8195490003366159,-0.7571665394070537,0.8507275326317192,1.6437639327895437,-0.050948512937734426,-0.05349448501898686
2560.0,0.6725536452450571,-0.7116841359133073,-1.740700440914325,-1.0659553167601064,0.044811086846343336,-1.0989403156025066,-0.8254394312456473,0.08582488366514966,-1.7583973612566608
2561.0,0.45657261994307646,0.7003369837005712,0.8842577314942971,0.2541574761986227,1.6523683881354811,-1.029881065031447,0.336323771172456,0.4540287806317549,0.15902213910656474
2562.0,0.33413164587713434,0.6057545513392948,0.9961182741856955,-0.027192573166586305,-0.7571981059420851,2.2983762142585675,1.1029751108707877,-0.26662980674545367,1.3523516133478115
2563.0,-1.0630105867174007,-0.6645204919134481,0.1662923700829539,-0.058734986438002935,-0.03806720415602492,0.2046397982772877,-0.3423750673151172,-1.3322039730185289,-1.7040930869319215
2564.0,-0.286738380936639,0.23073239485053562,-0.19642230261995713,-0.6135821778195265,-2.659840796123848,-0.042803142624913706,-0.19760598239262175,0.2801098671573897,0.271643709656716
2565.0,-0.00013701786119674298,0.4898066827713676,0.12507988974862913,-0.45666639773427786,0.9909004023498836,-0.06689870957974314,-0.8202590252171867,-0.7212841847135197,-0.17180449690975444
2566.0,-0.01689894152004549,-2.1154181573324258,0.12270983060610893,0.11164995490771544,-1.4771901018157807,-0.6003415785823613,1.351814564885732,-1.3976629551174267,-0.5039207675992705
2567.0,-0.5806187844032262,0.7282482468905184,-0.4787522934323144,-1.0759357430774148,-0.5679412228520493,-1.6926982727557696,0.3077819831113978,-0.6645979536843867,-0.36209254202399915
2568.0,-0.3404624114998636,-1.0023787112541516,0.2749910886966376,1.5590452453779016,1.6592272856699515,0.10243243241780145,-1.471199945889449,0.11554874009856002,-0.4551473785682189
2569.0,-0.581253825707658,0.36387223986305445,-0.7982352698494798,1.767306113496872,-0.9911176352575121,-1.1926907800316402,-0.5090091645288088,-0.6816701350815014,-1.0978517055496502
2570.0,-0.18459232959951025,0.3537817969128814,1.1989046130658225,0.16554759503367514,0.1746234906067497,1.961596698750291,0.3231061400233057,1.9801397262907434,1.608567766867925
2571.0,0.5627499216858154,-0.22151693551119497,0.8737497488149812,-0.6630844889267504,0.17701037414653814,2.071075362156627,0.7518583156469826,0.7536929445344901,0.24136051089598345
2572.0,1.199678544288859,0.15678591373694062,1.1385504709907872,0.5035157990605782,-0.28256454904393824,1.315920783809508,0.05076716823158756,1.6084122186897885,1.2123827805444556
2573.0,0.7142169037330752,-0.7918117339945673,0.6283516780767325,1.2229622189449698,0.42753068470500866,0.30338540242050527,0.7871575376775397,0.5106220763350887,0.512209524415257
2574.0,1.258384298524582,-0.9838199793897385,1.4068222263839631,1.316210529740587,0.23831816040109846,1.0890618034508521,0.9183746960171095,0.09883503330144028,1.5125336137035097
2575.0,1.3084419638315472,0.5156389627220556,1.4027274327424217,-0.020982901463077384,-1.5280673255318826,0.23618509213675026,0.16802246257757386,-0.8023273100453003,0.7123147500829077
2576.0,-0.226690032228189,-0.4787851351567254,-0.49024839414132376,-0.43515808896093294,-0.12698124482134235,-1.629408864194068,-0.224357246165458,0.05390633101832536,-0.7138780390203253
2577.0,-0.9964295554176084,-1.5867461660782898,-2.1972074617472224,-0.15693242044133793,-0.4739295420289779,-2.198164904193595,-0.620368769217831,-1.248889230753134,-0.9581213081173551
2578.0,0.08906412762555638,-0.8811385969005658,-0.019115405784172444,-0.1441327744973501,-0.7826253121519764,0.25782157434692493,-0.26847701341308644,0.332637793602808,0.4580164091506936
2579.0,0.3480606113424077,0.24944412817162795,-0.05420754333185436,0.8589646738342644,0.5872795329932504,-0.8555562879630965,0.18886285154514593,-1.0191100499598444,-0.7555121014353813
2580.0,-0.3579252320660083,0.7400593590389117,1.0517175098459643,-0.3791517958873414,-0.47235682747813607,-0.16161088387649614,0.6533354369338529,-0.2658723045573275,-0.07833687713921733
2581.0,-0.3412457071008547,-0.7871959901865002,-0.17787244045448591,-0.5095297008189643,-0.13116459428325813,1.4512125666865667,1.2036776466439127,0.35538040974979834,0.11947385403961465
2582.0,1.2688775352940656,0.46343964918999553,1.2683280652317226,-0.7465785392073456,-0.5050513586323276,0.06859979511592358,0.23164768393544774,-0.03845762117378797,-0.5599950594282025
2583.0,0.5119979316607689,1.2897084148003721,-0.24633841585910327,0.07313236914737394,-1.817930145848927,-0.24888252206846892,-0.21584572164635504,1.7608718233360199,1.520056346971592
2584.0,-0.1419202606745889,2.5782660861276017,0.7621835557041028,0.8880569357002823,-0.7685386216347763,0.01740193654350995,0.02577857591601186,0.2412253729035655,0.2881666872660304
2585.0,0.7877899172147893,-1.405067839747987,-0.33931713054585944,0.18643802463120976,-0.8427800633216639,1.2479783299427303,0.08572743775101067,0.9201120398886586,0.45248121494704996
2586.0,1.4585258201080442,-0.8080267290088682,1.157061080222397,1.4779826777783167,0.982593895296182,1.8988750310931668,0.519852926284637,0.7855650737445947,1.4603653230744102
2587.0,0.925193440705896,-1.6040782367102029,-0.217959689490598,-1.1712240669837268,-2.080299054134511,-1.7030510201757794,-0.8772219129855974,0.5628462462427811,-0.11719394416230286
2588.0,1.703282254915398,1.6618898291468438,-0.6228920218096103,-0.1833900575327266,0.2092567298479872,0.6606923156250015,0.7474554976403971,0.8282711905689211,0.6946670955035131
2589.0,0.578674083178586,-0.48907290507518697,-0.4961496454855953,-2.19942130718599,-2.143214252922189,0.5991846574157864,-0.049915578784560544,0.17860347084508763,0.5935060169572024
2590.0,0.2216855828894867,-0.8798172644679242,-1.5706514114752872,-0.7365839168450414,-0.4407902482009648,0.28027820750009624,-0.31279116621580516,-0.44101849116760633,-0.3178977202844537
2591.0,0.6697295294977859,0.37381753564930464,-0.3348360237465281,-0.7710764985015268,-1.4418107710079417,0.33186011868427756,0.7798504404475125,0.8887627443067846,0.6066415787420328
2592.0,-1.1594381571131223,-0.24612758214213515,-1.3423405576802365,-1.222649528487586,-0.9487031414353944,-1.3814877099286627,-1.5253137017727474,-0.11684062177931334,-0.9264971249110275
2593.0,0.7549505333940342,-0.9541203903567431,0.059650766989973084,-1.3234722986021454,-1.0721451886035782,1.3219517504816611,0.07639321139535568,0.03916172921231928,0.22623143027329756
2594.0,0.572232967496698,0.017282402499995627,0.3203660692848556,-0.5848212931537206,-1.4613072404980325,0.29086074558164093,-0.5702215081301033,0.555126739834643,0.9428127767123657
2595.0,0.3144211567292858,-0.0896778199379972,0.5243119395620103,-1.037828609319698,-0.1724764351666046,-0.11955509791663274,0.027247577106266647,0.999129412081104,0.8383273429814557
2596.0,1.388827923046199,-0.653215347428531,0.019786927638060593,-0.2932088786450132,0.5692054071275195,0.5446944272024223,-0.9918319670965778,-1.6961248123357346,-0.4932105434248411
2597.0,0.5491346052652509,-7.920217655153051e-05,0.2829939885440541,0.6511794595856827,-0.06428916910694495,-0.8479692682466293,-0.4314549309303721,-0.34010590198378904,-0.5963179828793516
2598.0,1.0759141463260513,-1.292375510353636,0.17360707873898557,-0.8734308279786079,-0.839713985548589,-0.17608243027956771,0.2268808891732489,-0.38082668078611104,-0.6306100168996344
2599.0,-0.25917565902255074,0.3902228087160046,0.06406022789784993,1.1476023187732285,-0.07765892629437826,0.7140164521414937,-1.1784364211153686,0.46229406039829923,-0.2699389594954823
2600.0,-0.5321095845111875,2.017051324931283,-1.0041677188211202,-0.4877523712289676,-0.6041557224765093,-0.05219136406200344,0.2652901745215126,0.5407384815173996,-0.5233814355158808
2601.0,1.8461536408235701,-1.3088674193609209,-0.12887013702276764,0.46330000177252395,-1.527073208336685,0.7752113890283764,-0.8925548828376705,1.205694948302083,0.5615653907701393
2602.0,-0.8214036593602386,-0.4307287140269838,-0.41049906179825996,0.7833273475653978,0.9277531878174409,-1.6275119050938311,-0.8569292736457933,-0.2985105153094279,-1.478631739978856
2603.0,-2.139543306031585,-1.8733749614923798,-0.2891086230072505,0.9431403689688396,0.4552333113451103,-0.7430109257149996,-1.361750220386539,-1.1814542432918713,-0.8849457629496905
2604.0,-0.7145783439503239,-0.4613957753097659,-0.7585458099874598,0.5295083503384279,-1.0406937526682243,-0.8035912564744194,-0.13748188161483502,1.364403267476174,-0.741154281098993
2605.0,-0.3264478842847859,-0.6880663854293112,-0.1949293117724649,1.8785686125605414,0.4399830829392002,-0.6463321734257096,-0.5222726619898488,-1.4087836986091153,-0.7366317556388499
2606.0,0.435890255805437,-0.4029566160106384,-0.7380829515913365,0.45828659650637016,0.595955334243315,0.5620960454290137,0.26104833493107693,0.10436230277452711,0.3893183630094475
2607.0,-0.13774234922310985,1.1289469896713054,-0.9078788666939093,0.9813803327958862,2.1203496796481085,-0.4939774187249915,0.15670853292082024,0.7427674935023754,0.0820445987382485
2608.0,-0.6075772095537937,-0.05905762731891308,0.28079340683758924,0.36171427144761015,-0.7268037525163196,1.1070705866874186,0.8741533770807621,0.16144641519145495,0.3285329227143969
2609.0,0.9433040244355403,0.34768797219675907,-0.2105465886770715,-0.5846304652877576,1.142050710568143,0.2839344152597172,0.0067638541042172795,-1.439113943354506,-0.3706577279742356
2610.0,-0.6242151556822635,-1.4122288912345549,0.31782772804575227,0.171459872096133,-0.7282503339139081,0.5674167991885233,1.6138333535020353,-0.5654949114974768,-0.2644856100586409
2611.0,-0.8624723972559706,-0.08451872983939128,1.2004836078095096,-1.3410150828984209,0.26274267377032795,-0.5962274448315622,-0.6374639420284093,-0.14364639420751066,-1.3044875223986017
2612.0,-0.5625588028052577,0.43087262346760347,-0.6151399073773635,0.18457317756652292,0.3889113352080685,-1.3357526856568922,0.20727922964680368,1.4119285292988726,-0.06356278834704226
2613.0,-1.2685977656813636,-0.3457068666175083,-0.9811529268656476,-0.8647775044277298,1.3725376875570903,0.4773124114815971,0.8270700345757944,-1.4897793871767355,-1.636723282726853
2614.0,0.9081488960661956,0.7089998734560164,0.3645577674341235,0.03197801672807772,-0.061908280537954455,-0.5980664104021638,-0.475824913941694,-0.052198817021039644,-0.17838063118489184
2615.0,1.051408654619294,-0.710811207587095,-0.46605633353325865,-0.18358170483173591,1.0586708208200755,0.9290051656443821,-0.5076315110521268,-0.5886810848098971,-0.2308192444676996
2616.0,-0.7053622575091096,-0.4880439199434846,-0.33137541786269337,-0.9237480565506452,-0.3346184076884638,-1.666648462690302,-0.12851674231398502,-1.4866395262738374,-0.6091340318329048
2617.0,-0.3086419919209568,-0.09362669461622991,1.1370070123923628,1.1167767328246552,0.5770281235325866,0.8194800495178742,1.352522954060562,-0.6979648185341603,0.16413181767052182
2618.0,0.6481215810059182,1.041868946820154,0.1500183102382494,-0.056813454939441566,1.0631374189224168,-0.3435652879817651,-0.5642516962489285,-0.9768135639775525,0.039830534404040996
2619.0,-0.6455067406616034,0.671289539317439,-0.5340386855298407,0.5120805874602934,0.8372519866549387,1.0160526968393635,-2.6879291957734526,0.3351812981603554,-0.2514616047491421
2620.0,-1.1737173975451063,0.7868506013310851,0.40577814830956743,-1.3012116085614802,-0.8233044190337181,-1.8726932919575936,-1.310197504512497,-0.6970186694947402,-0.5824869402550009
2621.0,0.9872214924060637,0.1802988667168883,-0.7618499404855207,-1.8598889157642402,-0.037848945748822624,-1.8051854362960094,-1.822791954449949,-2.0452522069763694,-0.8058940790760163
2622.0,0.43467047108138224,2.0875224413437894,-0.39864836637855466,-0.5309690755837011,-0.5464656344383848,1.345346911493853,1.4441136456443313,1.3904722558571065,1.1037530764564762
2623.0,0.689182419833734,0.7817592422444972,-0.7545001947910375,-1.7050506124544142,-1.3523367459433189,0.3117462269499217,1.0679962217095196,0.531979210352222,-0.042016918035377104
2624.0,0.46114931628432826,0.5943447189476391,1.0609131304476802,-0.8403893195766537,-1.3366362216325043,1.9867173652694912,0.575766121657894,1.566995756676915,1.9145837000615522
2625.0,-0.14890472650649986,-0.15905952086813235,-0.14079577779690547,-0.1543533867143826,-0.6277852114383169,-0.8298389877577016,-0.5664986185439045,-0.8217260336657704,-1.039585162452001
2626.0,0.7167737412417233,-0.2701423012169009,0.021311547829756815,-0.6528100623589986,-0.8407685034868859,-0.9927708990796871,-0.08326639991774593,-0.6933322459301385,-0.6247463098973844
2627.0,-1.1052796905479956,-1.1876257079172794,-1.4323138188855633,-0.31228254062430794,-1.9272400306971946,-1.3044085858118204,-0.012861007936005243,-1.8326841554728899,-0.13404591405685296
2628.0,0.23021882670419266,-0.6033703948744733,0.15401963385968656,1.8471281049727997,0.484659028643488,-0.2909743539783958,1.4402157004454006,-0.5021956827181613,0.1463545131426223
2629.0,-0.3299392821888207,-0.11578523187850018,0.6161289425607718,-1.0073245991423105,-0.5689366813889432,0.298444865426604,0.6974763114759479,-0.03193095309432042,0.015019690038402577
2630.0,0.005162553624122935,0.5798587843579233,0.4928180830821372,0.3428013446374496,0.5611699146284451,-0.19287372571211497,-0.37083162918518636,0.8003215990544813,0.1760263762153036
2631.0,0.8685515093510389,-0.40820331277805655,0.31349837759837723,-0.9345483703939045,-0.142307393619981,0.6118989290180652,0.07939377691216414,0.3797944249024897,-0.11893882589899334
2632.0,0.29777236256017553,-0.02047366378880846,1.0246890263948716,-0.9541000788595959,-0.35692884206170766,0.10557436886697437,-0.22216920133857931,-0.46677362979283293,0.10557850357420558
2633.0,0.8742120585759126,0.30435392948246315,-0.15646061412673876,-0.189614107842832,0.552606999621285,0.5212137994925392,-1.5347593499189007,-1.2729719756142226,-0.45668819597880517
2634.0,2.121890398121563,1.333126586501994,0.4779540258666493,-1.1919212078033152,0.8936457007314775,1.6086244785834858,-0.16240657198537783,-0.5257096064404537,0.47388581681968756
2635.0,-1.4397485965679957,-1.6066940574564974,-1.4855714664057973,-0.5816782070485457,-2.4679190736583285,-1.0663786072115158,-1.3380213848433757,0.4232199115072567,-0.5490198444608149
2636.0,0.11213407218250707,-0.618507740778656,0.8102933591519924,-1.4553954451360176,-0.2895312150894646,0.6488076652673179,-0.5164999642347996,0.8899978220504052,0.08919959695534763
2637.0,-1.7213921382269484,0.543805416258313,0.7720484321320913,0.6301128121079167,0.5685223844410366,-0.3893720353826712,-0.36811994631447564,0.6130970654001333,-0.23252050108376607
2638.0,-0.15011843240886408,-0.17147438249628938,-1.0352754016456187,0.7361129865158718,0.18654819340041146,0.2178436477286971,1.263994566439925,-0.40012951426249116,-0.3900020535759958
2639.0,0.07079444063593136,-0.2262128832110116,0.31313772737303514,-0.34044701062911753,1.0740320405186332,0.2953951707977904,1.3093669888502413,-1.6268444938071343,0.34455587763072165
2640.0,-1.2576066210733097,-0.4241718427784064,-0.16411028785229878,-0.20397230057477117,0.9843956929624132,-0.12391423383248043,-1.456454073194973,-0.9888316572935131,-1.386360950370591
2641.0,-0.004399720935334945,1.6319119007528322,0.4565815714235406,0.15300515803514939,0.16276336622966836,1.902745832178075,-0.5656593344499177,1.5189045736128493,0.5622294983813289
2642.0,-2.1358875214717745,-1.5579798213606668,-0.779372861915521,0.06550164555175815,0.8391437061120551,-0.29538006353432983,1.3063253082306145,1.31871248284418,-1.066373139733237
2643.0,-0.8579233405522458,-0.9554015376532647,-0.09735834342054671,-1.0586348348895651,-0.2220965244099477,-0.4087160769760428,1.5382408412897706,0.992520135451223,-0.7116700173639663
2644.0,-0.2651173533990033,0.5661166638850097,0.3098930537523921,-2.461135091852287,-0.6548200924562002,1.1568188061811877,0.30454673884747663,1.320687121959181,0.5915783736312776
2645.0,-0.596523289500519,0.977099252957246,0.5488204861522294,0.42065258842561276,0.9866365715233866,-0.23961190387464174,-1.8997160734123641,-0.4491330619254318,0.45178559960045617
2646.0,0.11249134503311352,-1.09093841607317,-0.7472419201488065,0.02902103842153006,-0.659775679360824,-1.8884845268865835,-1.5112074658498311,-0.4012187735092577,-0.6651804275389743
2647.0,1.2793097672166105,-0.41314745771924,0.26772450454523,0.9107534396353434,-0.09591904971155728,-0.8554829104626288,1.481189603169812,1.488486643738817,0.6574572641821492
2648.0,-0.02054041497389505,0.219736867425066,-0.6512583968000739,1.0582828741632073,-0.2525725739273662,0.395758163973227,-0.4700897767167303,-0.08806973430088104,-0.13522348557240602
2649.0,0.4471141965918906,0.46189252571033024,1.8416954814373037,0.09413265999207616,-0.11617782838440092,0.1246723854100381,2.255212413539502,1.9005135333733216,1.9208238626734149
2650.0,-1.5504598191987826,-1.7921024815532585,0.9201686921298907,1.3948210793533238,-0.8936755800017807,0.1329193629982696,0.35536506351649483,-0.7452774347506561,0.10037227882058299
2651.0,0.9508353612371665,1.8151231195802326,-0.06936693483072937,-0.8585956272961938,0.3958682906201327,0.4263491726316215,-0.07304579273964344,-0.033717305147819294,0.7099406768486153
2652.0,1.890087246289036,1.355982853283069,-0.324128452847476,-1.1681117178551121,-0.6819553659201608,-0.300974717386197,-0.340198881607648,0.2255152796928582,-0.09406977761933129
2653.0,0.5963809913493902,-0.6887960756661969,0.5567575492224227,0.025305540494178547,-2.005778288473145,0.8983464821916166,0.76023214780184,-0.17616394583832332,0.6916216170636632
2654.0,1.3357749715959557,-0.16640532339560954,1.4961969099441201,2.0799596646450587,2.216321394290511,1.7477855679092802,-0.17468536596032308,0.5074582226350723,0.5782626292821823
2655.0,-0.13768840388868436,1.4246326706146293,-0.9620875294598077,0.4869398198381142,0.8200959223845183,-0.33567385159780005,0.2090158197399227,0.9418245724419542,1.0414433454074208
2656.0,0.9026134679300303,-0.38227616919154916,0.9949966569367416,-0.3141628793029522,0.023976083185627824,-0.6171386725748943,-0.24840723915032192,-0.8437512050854407,-0.49353660155628254
2657.0,-0.16765967442684623,-0.2740802682770145,-0.5535680585639513,-0.3115127613433697,0.6642773145707018,-0.4741017547488421,0.7084101805858946,-0.6159089233829779,0.3884709742635612
2658.0,0.5930940144968219,-0.05849290885949889,-0.903433072219102,0.9299795851878103,1.2109698576952346,0.06376708694953213,1.050943113487644,1.1152961683562423,-0.06661876684224376
2659.0,0.6276448007680018,-0.058179879077229345,-0.2732064285659745,0.31018193003149713,0.2033377657464619,-0.8170628101057429,-0.2149997715603583,1.391734564112716,0.34873212251526453
2660.0,0.2906438268693119,-0.06872970344254566,-1.362279931441201,-0.8041886999790347,-0.31375165083970286,-1.5850911856409653,-0.39494949698241805,0.2862443192087054,-0.008130988432195823
2661.0,-1.0070963377972353,-0.3289028285432659,-0.18168480763189135,0.7193564203245412,0.9496121510008705,0.0587933639254417,0.5838671728751899,0.810709989098671,0.4986555381075687
2662.0,-0.9939236082233888,-0.20122253250391658,-0.6363156440048939,-0.8567542839756614,0.045425056394293915,-0.7540903185169764,-0.28120296354646457,0.26123595705798497,-0.6638497470113218
2663.0,0.64242057987458,-0.26735580484256327,1.0605011489419298,-1.589455175950417,-0.5541335572913919,-0.28681352524078707,1.1151113971681583,-0.32884800074830683,0.02232632261785241
2664.0,1.6032185561833716,1.750282907412668,0.44730276650503337,0.24774636334778516,-1.002693969658315,-0.19192578100778995,0.6167262755855404,0.13016800557016284,1.6905297352758548
2665.0,0.19071111529501122,-0.10276038258726358,-0.08484251331978697,0.689925610643026,0.08737734834652384,1.120058483927264,0.36255857636075073,0.5397191552384141,0.28402420901618575
2666.0,0.4169774437129525,-1.832788202750749,-0.6229604909255826,1.0875019286905017,1.3361844005399026,-0.5492205930663934,-1.1480652708824675,-0.07384851307680304,-0.4843106960607493
2667.0,2.2440655969033196,-0.578533440888627,0.7383889582801635,-1.0485029459612398,-0.5496373174912559,0.8082488942743689,0.21603820862304865,0.6636751888301156,0.816369853850219
2668.0,-0.8931395413755944,-0.09386732170022627,0.726209157164154,0.32100486482935514,0.08025700824981435,0.5019279691782706,-0.5754033385927938,0.2096917112996863,-0.08518444931927911
2669.0,0.8143765669556278,0.002569223042454318,1.1866515339845312,-1.2815076336347042,-0.5329987672598041,0.6977241518289956,-0.17976652503499593,0.8819851280603066,0.10979095139000147
2670.0,0.5292959450928133,1.536651014371735,0.4700843638025622,-0.12711737098251116,-1.7230116350563658,1.140264571828399,0.06661773097517222,0.7206726156994248,0.2074698833950341
2671.0,-0.07224210672152963,0.19284272806598993,-0.4376724489522092,0.2988790958496924,0.6353561860864837,-0.820839576481611,-0.6785578805692803,-0.6809126260320019,-0.8508888867222736
2672.0,0.9358036243576594,0.8849203884937694,0.6537367764854138,-0.1121769729791825,0.1298260275935003,0.6666144913912637,1.5024050596663392,1.0018365651483125,0.41442771593660244
2673.0,-3.4929355293539914,-2.856185063149027,-2.2610530595069496,0.26130199240372487,0.5981627670305071,-3.061981067918076,-2.5170050290501456,-2.7152727173047166,-3.3921503858528443
2674.0,0.873092575299962,-0.32507229661936116,0.6542859870454818,-1.6097911973602284,-0.1602436523549134,0.4323845913726786,1.073997965494563,1.2799610231058118,-0.10276595539597819
2675.0,-0.4811971900796704,-0.8705017085662826,-0.7531265295032561,1.0851502073787298,1.0513950392825706,0.17353778411646406,0.21238067172882125,-0.55526268020125,0.11598318756485908
2676.0,-1.960401091100413,-0.24066520494990623,0.20779475896194224,-0.949920296781148,-1.7907833701949882,0.542684143895863,-0.5485331881264554,0.07709447167835771,-0.49912749087782343
2677.0,-1.561107431792952,1.4137566205306762,0.24084587980294506,-0.19122343490344473,0.3510784770384988,0.9671339637345016,-0.13259188327198057,0.16404469425330714,-0.2566285193843309
2678.0,-1.5644377764419108,0.5058242298245815,-0.6975008414865536,-0.8760838217773874,-1.0697028560364408,-0.7666076105387316,-1.0154519387020404,0.8977144670245468,-0.7107446457693719
2679.0,2.009597880641917,0.6375166152540036,1.1349446611344247,0.4477766683469299,-0.19402441937058582,1.4835588634768262,0.3724501568216601,0.9530615414303131,0.8364258191198453
2680.0,-0.13190264457747908,-0.49117796839194794,2.2046724842897514,0.5232127465579918,0.7615590358932507,0.9430828136592211,1.58727012093658,0.8886480098271211,1.6330602618395582
2681.0,-1.8361648697070818,-0.9116029715230084,-0.405063847713785,-0.5760961216075287,0.4293458345092769,-0.2530960746430884,-0.48890541483924393,-0.5747182807126027,-1.5434845832267965
2682.0,-0.47563990306682835,-1.4370585110253642,-1.5313810297407673,-0.07028852922021263,-0.8335914529219424,-0.03340891514470398,-0.7035663637953,0.8357353255383777,-0.10223979087297652
2683.0,-0.6492379520571111,0.8084683190548037,-1.2799423666648317,0.06404781582073663,0.8473317036879084,-0.22832991446519285,0.2629227712739075,-1.6473987052454795,-0.5876009863475872
2684.0,-1.2136035827896399,-1.5293482641281417,-1.5192997666940364,0.08441893877297495,-0.41447516168441845,-1.752829351124893,-2.0069810020308294,-1.2079051447589617,-1.7053206615600462
2685.0,0.5433406994137494,-0.588385599038514,1.4362484459030367,0.3292371633388779,-0.11881801545561445,1.0562538583970653,1.1884741979649531,0.49380660954821043,0.6807035543722991
2686.0,-0.2017044259265945,0.026257176487578516,1.3083645734004283,0.5910243741304373,-0.7869717376384288,-0.06471436626587086,-1.006452340229672,0.28809370854577454,-0.12078021182964689
2687.0,-0.5904759519235034,0.157823085482439,-0.3230099479562619,-0.5791210148758207,-0.6983036013062159,-0.555255823793945,0.2455831452325348,-0.34579999385355287,0.39099194345072585
2688.0,0.05126606124142383,-1.1298576377599188,-0.6494654040345675,0.28143995797943533,0.6477723198746598,1.1126644485819421,-0.19070183061121826,2.1952659801388754,0.23233275008311435
2689.0,-1.216188672102322,0.01616669989954892,-0.12168414775726209,1.8275930045541768,1.1561289038627989,-0.991418522679582,-0.9244828412147384,-0.8647924097104328,-0.7992893103622545
2690.0,-0.6611518650003678,-0.9609811531715843,-0.8774419118021457,-0.4605654307449496,0.5208290585963975,-0.045253010375246275,-0.3888033547350131,-1.5692965409142536,-1.406180453340126
2691.0,-0.6635235274481759,0.03493006324207738,-0.7409642846987663,0.015712422839628672,-0.7549960949076266,-1.5379653430585802,-0.6206754268585647,-1.5577876144826055,-1.4313508158899362
2692.0,0.9451565399080966,1.6656436552449367,0.7971486261737021,-0.3828786532093618,0.6528346855106503,-0.4995023734708325,0.5778463230817587,-1.0976580200824277,1.1377966386581455
2693.0,-0.2550152955218851,1.8959966591765491,-0.5758726343305567,-1.1833591893695736,-0.09149120388746446,-0.2470463901828261,-0.7011127480023938,-1.6303189667508653,-0.42014705316218376
2694.0,1.0500378274768516,0.6363987431099897,1.6241258959384868,0.9829278793198736,0.9661562889245957,2.350577827518967,2.7308366055095723,0.3195033512679833,1.8669493219919948
2695.0,1.06327847429123,1.242151640171424,1.284925684255816,-0.37264945301698443,0.039448533097302986,2.4019160375274593,2.0800970212106735,1.4637501918720883,1.6119733840186143
2696.0,0.38669133151190127,0.7024746353272477,-0.2750190097393928,0.03403303162126886,0.8749717781514064,0.10420111694836506,0.8519424418590789,0.025503937940893735,-0.47452613853021536
2697.0,0.47889056116188466,0.36757286186726745,-0.3024331916400145,0.6265234593878385,1.071751168721547,-0.5429629350516902,-0.36793624272167375,0.1610318933663843,0.14709316093413335
2698.0,-0.39345269052081966,-0.13022050301781218,0.2745170475412908,0.12778035527414106,-0.9196889481705189,0.3454061979040494,-1.7693484572210016,-0.008123767914587956,-0.24721041258244364
2699.0,1.6852670652476855,0.6303673647201542,-0.7461278195567079,-0.14114830201174772,0.08068209775546163,0.15000168323607438,0.444257272352255,-0.08078821421400671,0.9152759267627578
2700.0,-2.2322711899494365,-0.3106708619844324,-0.38910315530406203,-0.041913416842131,0.545054164634243,-1.789918310220652,-0.7510558736580465,-0.2163178475721413,-1.477478080439607
2701.0,0.8589283686774692,1.1384609525264429,0.7034120425399961,0.048140194567718106,-0.6254726835588216,0.45795032613626485,1.6515385185361553,0.7804382791046908,1.3895076603279422
2702.0,0.5186790317061917,1.2715342697092709,0.997493369547479,-0.6590371454081525,-1.2382587383451602,1.696762105864263,0.9999275477213061,0.8199165609015755,0.9719288692861536
2703.0,-0.13509573960105548,-0.13178005131847464,0.19554267702778771,-0.2592976004221175,-0.8407511058168076,-0.10333297371871146,1.521084337382652,1.2101359663467153,0.8407464064727717
2704.0,1.308254120752871,-0.3286904686398072,0.5328661631008635,-0.8901438850648511,-0.629585301828838,0.8907914632144509,1.3263889599320835,-0.10272546850404438,0.8088809279894276
2705.0,-0.272809220167964,-0.2148196406849245,-1.4768175954159763,-0.15277067477961415,-0.7127169896280147,-0.1505525511759746,-0.8680065925077525,-0.43809696224707473,-1.1298734651855749
2706.0,-0.1293886189624847,1.4445211756732264,0.8398068965333898,-0.35849505247364644,0.25060259824928527,-0.05423035189165303,0.44168793553780267,0.06058915280957612,-0.005633054777824816
2707.0,0.5555537900585494,-1.8168892303850583,0.300196233786319,0.20340423558228382,-2.6716468102113065,0.07452607967293334,-0.6622471658728422,0.08300607159141452,-0.3765291780204361
2708.0,-0.08549071250738288,0.1368191851276318,0.6096682049961151,1.2322143496419842,1.7282124828731544,0.430961615908051,0.52224356672583,-0.2754586156528506,-0.03776381437057406
2709.0,-0.685890058984391,-1.4083105232608994,-0.1409470494812113,-1.8646208379483278,-1.4063876402574071,1.200059295656919,0.2845602904124019,-0.20362648678834686,-0.18611458682855117
2710.0,0.29333811089427053,0.34205643156862076,0.5392772898378267,-1.1813902669414271,-0.9607227168293907,0.7163255637968812,0.5932502918570525,2.184145585206881,1.8879162772055538
2711.0,0.8524473392393308,-0.25055791329679455,0.7340039458846463,1.7017298430236574,1.7608663472672963,1.510694212727248,0.7289867705993276,0.9017324626951729,1.0934494267978652
2712.0,2.2762784385619788,0.8290099110461667,1.0773993766154355,0.5577377252396999,-1.2733392763985634,1.266072406109739,1.8708285491850956,0.2767953643229942,1.42972378889618
2713.0,-2.0053153683071345,-1.9463002338702302,-1.59027297916485,-1.481880430039652,0.7888434653883982,-2.5317216415471298,-2.3102108148040066,-0.710666685308756,-2.2641569149599703
2714.0,0.4290065037196696,1.1307577458971563,-0.642761898908949,1.3087885595871833,-1.4531278217885477,0.15607117082976207,-0.3021648365133309,-0.26902061543542066,0.5657895674315078
2715.0,1.7719752104704138,2.10513189543144,1.3856462243808245,1.0724220047457396,0.7324803521350868,-0.08652256087151172,1.9067100783075797,2.111247172841988,1.7404500288733036
2716.0,-0.9038362004968543,-1.4296850016670763,-1.165483765253974,1.2621304213025513,0.057663481504739295,-0.12067284012892832,-0.43239176503472443,1.061803623045507,-0.7855006711528217
2717.0,0.3028669839793813,-0.18197480159334528,-0.13511126063946288,-0.6174685415035118,-0.39792452048945925,0.4584005512650597,0.9887125602398698,1.0848176941592573,0.5088332738452028
2718.0,0.0021960607143877977,-1.8477672907279645,-0.6975743663328661,-0.39545200604788866,-1.595880710022582,0.6608782647840714,-0.2017436069367959,0.8874917825009672,-0.5078682416220199
2719.0,-0.787973922787433,-0.40496298455258023,0.8052864932775837,-0.304746070708561,-1.3845770103095916,1.125879276346426,-0.06281858934305164,3.048675001467188,0.7688002630338455
2720.0,-0.005012811636950335,0.7416083836936445,-0.8023097789432795,0.9057872354471015,0.5975532017812162,-0.7073765175660122,0.6293378702859562,-0.19150600539142776,-0.23294452866976045
2721.0,0.6485794722654932,0.5280328461897073,1.4410193356837804,-0.20398228217236053,0.5367260849039128,-0.5915163318816387,0.6641882710659592,0.40078212324748996,1.7096795019565751
2722.0,-2.4449002079265254,-0.04484892210709802,-0.49916965755842224,0.7842302054229072,-0.537764377412919,-0.8649591215573733,-0.011738428029830678,0.8133004100966864,-1.1252804075714162
2723.0,-0.6638722265617404,-0.378401926657396,0.5346848655415958,-0.46493180441758597,-0.28116551356626024,-0.20327171303816283,-0.14937546138515362,-0.07435315399602462,-1.2438319830132751
2724.0,-0.35200330383646095,-0.4176033665691167,1.474671075872416,-0.7438640018628694,-0.017652365976091072,1.6263919226778756,1.6743625362687928,1.8831329802181418,1.1436370365003674
2725.0,1.1223296942996532,0.10753892940336336,-0.09090025054102424,-0.7986499407755304,-0.24308563998864757,0.888450313643722,0.36186016323661163,-0.17115501601558814,0.5164414590438757
2726.0,-1.0477141178731437,-0.7343342520916164,-0.8766913237644919,0.10300170683866818,-1.7750249883777638,-0.42832157879211435,-0.08180605180585981,-0.7640368987608908,-0.7339052898420096
2727.0,-0.2358744128913987,-0.3531383237882367,-0.5073021206531894,1.4778664491019837,-1.4018890432292284,-0.16151257618924972,0.1316102812517179,0.9838984328131986,0.615970204783324
2728.0,0.6965869112595742,-0.1666261126926756,-0.08045124704174368,0.6809622765632471,-0.1647240162323285,-0.21429980664763149,-0.5083130537755153,1.7933980099995168,1.0545846529465552
2729.0,0.2655390648863694,0.5623516392253273,-0.7978676846697781,0.3300338923606929,0.35339819905074504,-0.19471190640691458,0.9105964242546418,0.817555352315066,-0.2638903048388387
2730.0,-1.3456322069042304,-0.19282241366091812,-0.9623414849001155,-0.671437710605414,-1.9122478160965006,-1.1663998216785938,-2.2853103996608977,0.09881169743943717,-2.294687790555539
2731.0,0.22479906140023756,-1.0943087790247714,0.7959530854045324,0.053791176305954556,0.7374299421833223,0.0769218512249692,0.9984710283343907,-0.1522497315904247,0.509014140540936
2732.0,-0.1610714181160419,-0.1684764129874178,-0.06782297645970448,0.9612647312191502,0.9006586835377763,-0.6230814454566151,0.42157528256008303,-0.5853763001786266,-0.18127285003726307
2733.0,-0.39785289719422784,0.9541366227991255,1.3167748437363025,0.27281688280882227,1.0404642449082617,1.6772912533508064,0.5297978688073675,1.1699122717434705,0.08996850145456899
2734.0,-1.3070484240218099,-0.19900564009431593,-0.02014797880610876,-1.349765009283389,1.331389756475819,-0.23125201135885243,-1.730189475730925,0.20152669250110042,-0.9915350759430799
2735.0,-0.28970725986093226,-1.7520844270316713,1.7669005177591284,-0.541698217474584,0.914134108974205,0.8247838573606125,-0.30193933363091013,0.29932943303816445,0.7920358177934542
2736.0,-1.3747792576002837,-1.9933007955678763,-1.051474526918851,0.5512646181965554,0.0763134062353769,-2.200192201886752,-2.223444366354751,-0.6513696459076539,-1.6223586582935228
2737.0,-1.8308033891250275,-0.8920942177166638,-1.9476257566798372,0.2449779163575765,-0.7448740211546738,-2.5972080369003527,-1.9756993245610917,-0.5486831791540088,-2.111995651899516
2738.0,-0.6728002575579847,0.7659263998484943,-0.19703387773148545,-2.3297616475259955,-1.4561979377566416,-1.0626473181383123,-0.3811973212835501,0.12318140330124462,-0.12679028724325261
2739.0,2.334159375799828,-0.4540892150177131,-0.3513689721890513,-1.8744889453707083,-0.1833773724934727,-0.04583158833978249,-0.00837627360859979,0.16505663430773454,1.1732980137483486
2740.0,0.6178693213835313,1.085148357778497,0.8734576343162141,2.1868655578217107,-0.21057992943873163,1.154950544212582,-1.771820221433327,0.4621764390705377,1.1747586610611396
2741.0,0.19441867589329206,-1.1158859070224705,-0.6969624928706251,-0.11883691361082843,-0.12781119412723813,-0.4683518935056932,-0.756917492975825,0.363965441367614,0.4492191253649159
2742.0,-1.626062060107492,0.4107373234994399,-0.4519953106464736,-1.4740757923555474,1.1988769422404162,-1.7991217589729247,0.240563129791341,-2.2828814633889736,-1.310389407626636
2743.0,-1.0996146028047915,-0.11279464814870448,1.0421078907120693,1.3999493492452988,0.6088574017875172,-1.01824351864496,-0.6256083233973319,0.8416872477826105,-0.1787609278295494
2744.0,0.9439425661157035,0.5621299840324825,2.432989956149599,0.23084463939041885,-0.011521153084993834,1.1548111607646283,1.556764268824101,1.1333003338939922,1.9972496992469069
2745.0,0.42399818622866325,1.585170833451303,1.7895600868325914,1.1824283965049596,0.5947683630833454,1.606119409379521,0.7106528854997878,1.815643480547505,1.8225374547422928
2746.0,-0.20849836545629685,-1.976566040287659,-0.5928464870217921,-0.7913445912248372,-1.8411681813888923,-0.41742304753236614,-0.3541104593545803,-1.2542248718568287,-0.35589384088392007
2747.0,-0.3930607844231395,0.37842695547167104,0.6933535601123969,1.0290481406820473,1.6121728937566684,0.322802278088116,-0.607493777022681,0.8022402621259684,-0.39302442518484665
2748.0,0.7112086064342724,0.8509080551814217,2.0853330040745397,0.3015755884404477,1.0479911350120652,1.289314961389842,1.1673213088619054,-0.10178542042304493,1.3205481661040008
2749.0,-0.48994982614621085,0.2901687139350666,-0.10900886929763552,0.4734878281036225,0.23738478942757335,0.48820695074578835,1.274077641795925,0.9809672956658118,0.4109577937624848
2750.0,2.005158966250802,2.1390335361533186,0.29175869503514057,-0.30363857570928854,1.3896281029404574,1.9800309524126407,1.785612235858663,1.5712923023936638,2.4635881163480318
2751.0,0.8094089224467585,-0.2616210574197905,1.8050743157240923,0.1174633289338327,0.4576129325816692,1.3356895749830358,0.8472204836240677,0.4308708731199305,0.5740585907228262
2752.0,0.5501763605839374,0.20849464790085348,-1.2121598661261903,0.6435886001927714,-1.4969316252361797,-1.2877786470919699,-0.695642066570253,-1.5362607164225044,-0.5511454125370059
2753.0,0.3302033694726699,-0.022409471529389158,0.8989060887149647,1.1059462509046196,4.110886764143861,0.9413623135149823,1.4398879007072336,0.18086098466620168,0.5502867588616418
2754.0,-1.6533821447645105,0.037852735878309035,0.4031333396200271,-0.31659171017076243,-0.4200064072635356,-0.03050309019577977,0.3027367683003964,-0.3721985667831255,-0.558725395595789
2755.0,0.022889121326981263,-0.08299855821524535,0.766947166444734,-0.22841520966257836,0.14815845856146334,0.1660437098144452,0.20489744986482514,0.46272183302094366,0.025988032811077935
2756.0,-0.012371743255983687,-0.25140594687836326,0.025474074763227366,0.7448025209683479,0.23491712972624645,-1.20475478398432,-0.7103553186779236,-0.8668245126997559,-0.5175185277515965
2757.0,-0.10710508646982339,0.9448498619070449,-0.05648864629251325,0.3916664988703872,-0.10048183713336718,-0.05009665498017312,-0.07466273487473762,0.22072688713459915,-1.4880880962700305
2758.0,-1.0578462704351428,-0.6712750455589594,-0.9555237924639918,-0.7825314378784928,0.04580640056936353,-0.43755322203058766,-0.16243219664347455,-1.8441002163713471,-1.4256166519408346
2759.0,-0.05969796281177566,0.5263751024140503,0.08208312687724768,-0.22324218151405367,-0.1661139163663168,-1.5442794614279682,-0.5665310354194983,0.5913489611508209,-0.3131062662514139
2760.0,1.9985605873932735,0.8667515578494709,1.6891755892814722,0.13421241656542401,-0.8496322445236292,1.8256390849325106,-0.027351249261028106,3.3069846938343095,2.537955317032506
2761.0,1.3761144351607804,1.217604979693905,1.1877241763994866,-0.025832845748560356,0.3995012520059258,1.9643152918292337,2.643459146309299,0.21675165368963792,1.2996988009628145
2762.0,0.030464218732865134,0.09738730889922356,0.008250403935529227,0.42946368719900246,0.12205116938169032,0.20288587861187132,0.42795085022545853,1.7476227913445928,-0.44148047341836005
2763.0,-0.323535882436457,1.3315478510940406,-0.631545984198146,2.4830805423574396,2.0815126723776953,0.7117358707792267,0.5933015852389093,-0.47970033540781437,0.010404863297040566
2764.0,0.35118117434543017,0.6137435873928815,0.07966314873224095,1.526244308735775,1.3069007612181223,1.1670397810624327,1.288838618042023,0.1396453386438287,-0.12421732644569207
2765.0,0.05459877689085371,0.10116123676777035,0.8258123581970198,-0.1764925366640006,0.7149043082670868,0.7425796666396653,1.9373832684142447,0.6224958707820925,1.3759755195185177
2766.0,-1.121279210984793,-1.6852285995396554,-0.9404309528696178,-0.881923314612188,-0.21493524799789207,-1.0597128448007722,-1.2168686950641143,1.1036621489357386,-1.4470435176437062
2767.0,-1.0795237118900936,0.19515138320128236,0.4658789014194231,-0.7554396273304871,-0.015736457101313543,0.313219252007969,0.3790497372912796,-0.21141855128187428,-0.08333302806947092
2768.0,1.5487294761775463,1.562351579497389,1.28025291008661,-1.6935131151902079,-0.5538120330336657,-0.02219098353758966,0.32895576149271183,0.9054844797121558,1.1045366122201798
2769.0,0.7001577078292088,0.2352466111098022,0.9278110006373682,0.451836939632654,0.1194332653082395,1.0010106832399739,1.6269238723485067,1.0313478383193757,1.24036819325658
2770.0,0.8513418809309713,-0.10397109517928298,0.8174147079969127,0.04200693111067704,-0.9395168773914326,2.00118933514793,-0.9000969000283393,0.07631925068364559,0.9505136501437236
2771.0,-1.0647638807045257,0.09112210274136953,0.20859753921515106,-1.5145539898074976,-1.3257614439168406,-1.4172750271867092,-0.6370732744621905,-0.3491585879209641,0.04281924631143875
2772.0,0.1599801449930642,-3.097787611582149,0.17856154142327224,-1.6612435208173237,-2.3320371255365697,-1.4909717998819862,-1.2771638638796363,0.5941302412327545,-0.01477995539383887
2773.0,-1.102199920759207,0.5498889694214674,-1.329684627958916,-0.8014516505770136,0.5657253093973725,-1.4179211595836698,0.051810748466666966,-0.19487967668879014,-1.0101967650690094
2774.0,-2.078159374943053,-1.6925234034000354,-0.5770692002388867,0.4923319729590478,0.35624126192571526,-1.1214135266144774,-1.6326735554245255,-0.8008000685320987,-1.1585964004145528
2775.0,1.305049706679337,1.2482631453080948,0.3970146157537703,-0.6404061271442479,-1.4969714984193723,0.36582558773725055,-0.9252385938115805,1.8561543495255055,0.5851667606325925
2776.0,0.36506094975580466,1.0914879793866914,1.425998127875487,-1.3882282120499871,-2.021870538108395,1.241654188985628,0.9301475268947702,1.0773335703852933,0.3971423650370846
2777.0,-2.74947828287539,0.617493915053072,-0.823332341323824,2.414588909259247,1.3692729558683143,-1.9413403107514002,-1.332762410420614,-1.5422091710283177,-1.7520697101199454
2778.0,1.7430075783101908,0.964349204808047,1.7909135344180187,-0.6720042072044828,1.1309293315200584,0.029943911716247162,0.09043472903408072,0.4313891049036389,2.066322186128017
2779.0,-1.2358074007295055,0.14665500808258583,-0.21943008587912108,0.9150586952917983,0.9934319734816183,-0.6370504685066779,-0.4209771085082052,-0.08980787979618803,-1.1383095645586225
2780.0,0.272184746066938,-0.10135764544725721,0.38987269784941847,0.09002135873251653,-0.15054156915295708,-0.21545950091950136,0.42389801303287716,-0.5341119174219752,0.3368227904082359
2781.0,1.0505979258371643,0.6029801136618452,-0.2766807880040859,0.575855725634142,-0.4962903725108266,-0.6018327948256768,0.12827736556996427,0.15948245233731867,0.8991457784362593
2782.0,-1.261579546208176,-0.25868826426826935,0.4671164099601183,1.1169481114041024,1.1168807644752103,0.05098296953649617,-0.06928521183329735,-0.07431064755256978,0.06387084227139395
2783.0,0.5089721713598515,-0.9942383322868479,1.1459325772329387,-1.2796636149565033,-0.5650710931900632,0.48073722549678166,0.45122077207498107,0.6072720923450936,1.2776687354985192
2784.0,-0.7555441590227855,-0.3349387804235048,-0.5795105338482971,-1.3797602367940112,0.07930371889899737,-1.2297636006235835,-2.0471979574776187,0.755067824845379,0.15545246750601013
2785.0,0.515586153302998,-0.3925882545638904,0.45316764841673535,0.020693905349121806,1.0844951575198059,0.017116580286319724,0.2901300673174208,0.5455216220017419,-0.5880175312601276
2786.0,-0.13996488779796531,0.2695540654667215,0.9858827701360643,0.32005509688087325,-1.1088745694996305,2.1950691507544966,-0.2598705586297658,0.3583720325709807,0.9271164584533524
2787.0,0.007425143334399447,1.4902334553199144,0.3769429022516422,0.18567286594644153,0.19418146944328787,1.0813423006538816,-0.26330693148623774,-1.429089247803052,-0.24579103928114066
2788.0,-1.272439140371507,1.7529302058408662,0.5207068516098997,-0.1564796873076529,0.4141928046062925,1.0345285708210494,0.8481029275080558,-1.7828113902822107,0.6500798400302353
2789.0,0.7633619257227133,-0.6987254658107188,-1.662320592565601,-0.9000186954426413,-1.1625513112069263,-0.9334451442847688,-0.9061037488313486,0.29193312075236943,-0.5066391190945614
2790.0,-0.9186982899848298,0.6957713772435297,0.32576690130875613,2.024913238258973,-0.6030924477190188,0.20271546406592053,0.5619870593904323,-0.9063403268165274,-1.606347950197229
2791.0,0.7920957517739675,-0.2539051540263539,0.33694530919917265,-1.6298433595433008,0.20004900422486827,-0.7036379580259772,-1.5897369756195134,1.6017956609248172,0.5577277233264093
2792.0,-1.2470746762994076,-1.2208688362070221,-0.17229589879583865,0.09589881402459748,0.5112792339994741,-0.23154124987410699,-1.9945966276875415,-1.016235003556137,-1.3767279713178875
2793.0,1.632025424590665,-0.9463760429320709,0.20284733809052025,-0.007232765233789862,-1.22011543834711,-0.7587782013872959,-0.7184538398511817,-0.3655563047426272,0.7476219310047767
2794.0,1.5337378513386553,-1.7687210226879584,-1.066758392633239,-0.5898392096314216,-1.1140001441165592,-0.8901443568126115,-1.6529539687481352,0.4370156201486801,-0.20494551125342303
2795.0,-0.1554019792268336,-0.9178192008025388,-0.9813774893861443,-0.8664687137919168,-0.6550038138489316,1.4813378527336294,-2.5627498349262257,0.4382022629527168,-0.09932662490042518
2796.0,0.44111745969898947,-0.29085872408749924,0.022941231667572063,-0.3361428104127297,0.04313374597825432,0.2135315172652676,-0.3273533979235538,-0.008372539321551985,0.9176350537469173
2797.0,0.4827555403782274,-0.23014646203204678,0.23165052619698148,-0.5155241868489944,0.16060178547108403,-1.2268911008855208,-1.7770272412820176,1.5680424686150574,0.5993237875195817
2798.0,1.012746954228059,1.4381014581235898,1.3245559875609298,-0.7803132787675098,0.8927614623980439,2.553452089905016,1.8581740972694296,1.300912574523958,2.0165746891442176
2799.0,0.09098868686462817,-0.047466677150109916,-2.590552785854666,-0.16609901452492987,0.11991117186220768,-2.308310419350597,-0.9447865617787544,-2.2435438083047368,-1.5224192780536003
2800.0,-0.9429681806029421,-0.9532575993194247,-1.8889015886536786,-0.29068954908553996,-0.6965105325658881,-1.1289426865614385,-1.6138393119547396,-0.7554990605532937,-1.2310472424089713
2801.0,-0.6187966259000373,-0.3264579046278475,-1.4976345615708544,-0.8282294092133373,-0.9927871477033899,-0.46969814023515843,-0.7033561868368093,-1.3822993539871729,-1.8184470919318836
2802.0,-0.5266189096647843,-0.20472734590913863,1.041096055351162,-0.2565025571238914,-2.467473355238776,0.06487849850126497,0.4851128434971775,-0.1901628245683448,-0.10937361090770714
2803.0,-0.9094830134405211,-0.27209896150385227,-0.9460586918243246,0.6861637109386931,0.43258702629122003,-0.7400054087353138,-1.8141918558368961,-1.2224534920170578,-1.2781151118915604
2804.0,-0.8391810921696653,-2.0639798244374457,-1.6272254993085633,-0.0548718476126084,-0.749858741152297,0.2929738603980303,-1.8223848126786386,-0.9658256350178799,-1.7326960518853565
2805.0,0.17646038086240942,-1.615319558373861,0.7131681740895066,0.40942843594873674,-0.8355747243770195,-0.9670688685881821,-0.4376238800609717,-0.7505927171603047,-0.034508588229592435
2806.0,-0.3187051227146909,0.0741147198195647,-0.7767691950302604,-0.8936304654469689,-0.30632769983072833,-1.1288931603799004,-1.6424738070928633,-0.8865921035676005,-0.41970290539980526
2807.0,1.0209747175160737,-1.2025565238090852,-1.4509682822779755,-0.6891653684931454,0.9418109427874961,0.8303062896393503,0.2541453809491499,-0.21309325014658778,0.09620408751355125
2808.0,0.5546721026184289,-1.6200374991183204,0.22312228940256162,-0.8213089967589726,-1.5116139404420894,0.6076751396013548,-0.33919752660400515,0.541054529909881,-0.26357935978852426
2809.0,0.3932532963673269,1.171754958435683,0.8006252989196933,0.5166051130619017,-0.4965155384565466,1.4558493592002932,0.9241159719757717,-0.0822472834930172,0.446027331970898
2810.0,0.3522810249397357,1.589215004567823,-1.1012332120370347,0.5987086342175817,1.4082417566500756,-0.6832170357954784,0.7073571599885683,-1.7717043391353047,0.17988440059164373
2811.0,1.125138398440693,0.39697693877005136,0.8449501132104604,-0.27940916809112143,-0.2783325405543333,-0.6183947242760311,-1.2602696758762186,-0.5088692083729291,-0.8944028522157276
2812.0,-0.6898741821018136,-1.8637298282429504,-0.8676933828915441,0.9766000516954855,0.554547329578935,0.3517694759472692,1.1428825282973243,-0.9574737577608149,-0.778160245923869
2813.0,0.3260764382586938,-1.0145943518067186,-0.28223424837051786,-0.7851531184386797,-0.4561458033370546,-0.9621038033754103,0.9245813015232733,-1.7619341839035292,-0.19273703178697846
2814.0,0.27816047676913414,0.8369402894698575,-0.4189591343459715,0.5768165022126099,-0.5007014427031944,0.9727151966839144,-1.070195194146675,-1.025711467421566,0.9907883742296235
2815.0,-1.9141897985519924,-1.5087357620421937,-1.2173174334057386,1.9911550550347488,-0.6750930963259965,-1.1465656807862779,-0.7155758417701487,-1.080239738237937,-1.09169447890129
2816.0,-0.5786904381614485,-0.9068836774093538,-2.2412653639286755,0.5477462798670565,0.473711993574647,0.5310194915404786,-0.5626149849606649,0.11911306501248002,-0.9994861455826632
2817.0,0.28252251502541553,-0.5497724180877269,0.982353912544022,0.09910018187493683,0.18481343800159333,0.16799394765775474,0.5902444965305061,0.2843529103587425,-0.41658132322338004
2818.0,0.197235105308176,1.7222125383681222,-1.587241529181167,-0.9026331456667472,0.2103558527218843,-0.8584603249601486,0.7531418122156263,0.9120986221483635,0.8708865104532063
2819.0,-0.017805211734782972,-1.0368280014513702,0.4684903718186539,1.3252550739133877,-0.43642869432945364,0.361644142709959,0.3145432729221171,0.6329188769504562,0.5550844450828376
2820.0,-1.708089824090569,-0.7128796166377908,-1.1095099437640983,0.8689804179496363,-0.0087783069575463,-0.42059728650329203,-0.0911403972615013,-2.4505789340876105,-1.9953805785120178
2821.0,-0.4965767407353823,0.17057117794834756,-0.43708147601421915,0.40111090102666624,-0.699975870932949,-0.21983178149259475,-0.22905635253721873,0.09069072292413924,-0.9941125770369418
2822.0,-0.5652595162839155,-1.0059425936322501,-0.6679906902114949,0.7435742460709948,1.3074517088518456,0.27454606642408536,0.4736839270603304,0.3884776767963417,-1.1292911176790046
2823.0,-0.3667907569822797,0.9160472949138294,-0.9106127052823458,-1.02170905658498,-0.011468499623782463,-0.09155254807684413,1.6209131483024626,1.235547361652475,0.8984855041887808
2824.0,0.06405202379302141,-1.5044953575369369,0.22115785511868724,0.5232579610859224,1.7432349093644008,0.7948396223001498,1.2790028267259128,1.4646420102021636,-0.20023041503613923
2825.0,-1.0976668818098907,-0.8530070075813535,1.8532534679903883,-0.9306106990156633,-0.7120399747701243,0.3377455457256916,-0.816019507089922,0.04001313259156791,0.2944878042335504
2826.0,-0.2677777484150648,0.9215414088655343,-0.586629048398053,-0.6124825067709725,0.17049426307348514,-0.5136830464654779,-0.5319383948308938,-1.2463844173330623,-0.9772798938326887
2827.0,0.6543938476623755,-0.27694731373836573,0.38673770498422094,-0.23332389107097776,-0.019270919050421022,0.03408329737670786,-1.3431970501397676,-0.9527169306441138,-0.41010283498524175
2828.0,-2.479544508346816,-1.3310760588684951,0.18356821832861994,-0.4836151329403032,-0.9719398573057884,0.2009479688550176,0.33196836756988124,-0.9176733291922834,-0.8069163759321678
2829.0,-1.6985344889366927,0.8459052681098149,-0.009340009443464735,-0.4570927822381206,-0.598639126782445,-0.04874966972656703,-0.15453442760016284,-0.10646708391186743,-0.6965873443345185
2830.0,0.16723125642782138,-0.43568474972812843,-0.5472324969983651,-1.161162366230903,-0.7865176922899431,-0.17660539299094094,-1.192900501480994,0.2096523541976747,-1.2030152118012856
2831.0,1.4681964028950774,0.8909329682474101,1.1948979691592048,-1.2344276248147141,-2.2087189871228188,0.08561616525247467,0.17565359256938765,1.0522019413513817,1.739277933471397
2832.0,-0.2138965705948527,0.27854382925078774,0.9965944495560193,-0.2800569119777291,-2.1965809950704265,1.723860797735902,0.15752769950527826,1.2549587593547846,0.5037310877734857
2833.0,-0.6346145080600931,0.8849777064172956,1.4078987290501594,-0.8212427111591025,0.6631794802905021,0.6390307480200023,1.656355538002499,1.3062224514537017,1.511250904730168
2834.0,0.3983950974299449,-0.10755276038358653,0.554930758001918,-0.3750855349429039,0.5396765649209432,0.31160211053819586,0.01910302896003919,-0.6461570674607474,0.33116576966525885
2835.0,0.4329459936538359,1.8025791322199574,1.6547695331865744,0.35738954781595833,-0.3267361382059479,0.6449710884223453,-0.46898457330904253,0.9714690345983641,0.7744400343402557
2836.0,1.3780504309207358,1.2909672971102981,-1.5518778522192314,0.7329755861922459,1.0394535135984906,-0.23775953242060968,-0.14422058892860756,-0.2936138363917128,-0.22289820689979453
2837.0,-0.6586589290131536,-1.3488659625980886,1.2070336301479354,0.047832130120657075,-0.20263263507613616,1.0655119989742958,0.3783656036171434,1.364901671618512,0.31253430040543084
2838.0,0.03940055923648035,0.5456815715703861,-1.0170051362089523,0.34890479665658364,0.9581010359587632,-1.387456479675587,-0.7107444281829514,-1.4521211584105504,-0.8346412428873499
2839.0,0.5236293403002092,-0.5845761099110195,0.2039870204994186,-0.9812769602751413,-0.4685075614245525,0.411331907012167,1.0391362653531822,-1.2004387370457332,-0.2186173957200304
2840.0,-0.5999207791992942,0.9767884134205587,-0.10896937083874679,-1.2265192339908628,1.1319031585641803,0.021513111955987388,-1.284989854760104,0.4534889276621597,-0.12990234945735052
2841.0,-0.0638209624419578,0.6865124481417779,-0.9654598329997017,0.8457190315975174,-0.03412256514844077,-1.354206152875639,-0.9219520033313416,-0.023649320661716697,0.2945837921383275
2842.0,1.3819362231851402,1.5618956472454726,0.7740131493002023,1.038671146123713,0.15244940210645094,1.2409378209171316,0.8691961920561809,2.0180486194509792,1.791979109534028
2843.0,0.33739535594570325,1.7883554143778517,0.037516489141506064,-2.4443924258395975,1.1938767151902443,0.44267772599812016,-0.5424299070390101,0.5944937024120305,0.10741068852460883
2844.0,-0.8186353912097044,0.5233374001759672,-0.7707824294283958,0.588085642464432,0.849088690272827,-1.5750080581986887,-0.11553045657456189,-1.0968457669501221,-1.1610627601621437
2845.0,-0.7556922262849831,0.7417304620895231,-0.10772342197551674,1.0219151528092447,-0.04747482383561909,-0.17846221762658662,-0.5539163732457515,0.4743641039391325,-0.7248785947929005
2846.0,1.4725639064253204,1.2439172326947971,0.31844210284715935,1.4785832410476267,-0.2321786813915965,0.15283089873325853,0.06954637858621042,-0.4121779670292929,1.2042430333405607
2847.0,0.3523291617256223,0.46843188227298055,0.3103838212978513,1.2182854319057126,0.5732974757639475,-0.49029324946281816,0.8267869310193442,-3.0145012356644387,0.7535613579656608
2848.0,0.1478297320250079,-0.7568530847676185,1.1951126235152612,0.8199587327521545,-0.7213773268026644,0.0735492543302344,1.320640538179809,0.3400379719817596,1.0160753302574856
2849.0,0.1080705120097102,1.7079206281427641,0.2927513906574167,0.2775081811703232,-0.20461401299356527,1.2578859618416678,1.2734898193825601,-0.3897109986944797,0.3346539000995958
2850.0,0.21871348981850425,0.3966552528205615,1.4194834781122259,-1.367428799921748,-0.7757679143115406,0.6209000690345103,1.553582538782779,-0.4018164144410516,0.9783312465421578
2851.0,-0.34138495405297836,0.8003479674430549,0.5338240519446672,-0.8872815477088704,0.5739889202905133,-0.16231702464991107,0.23942774333721653,0.48635951055680743,0.37438744868065976
2852.0,-0.17487929664774707,0.09610426917013165,0.09265435647922597,0.179233556135025,0.7456754789677348,-0.9455926738724875,0.27928118088487963,0.4012904628365078,0.04412398950181404
2853.0,-0.04489626677025732,-0.020799986179039043,1.1608331944767127,2.123043006491192,1.600806541973132,-0.6115373768457402,0.4016347039807876,0.578686555311829,-0.08390642632993486
2854.0,-0.7279820417558313,-0.5343083183264993,-0.8769979980241823,0.8860307742906618,-0.7099415073543578,-0.09642050674974965,-0.6257259248698912,1.0976649957124833,-0.2526294739364007
2855.0,-2.1175925737511743,-0.40279949919865576,-0.6549145908679977,-1.065624995438247,-0.6892487925809252,-1.4553482308369061,-1.6311044079435852,-1.6128133740526984,-1.737285125104872
2856.0,0.45460465134148104,0.18660376712050358,0.3971169937579689,-1.852446330805696,-1.3792496166963126,0.3067120611998818,-1.3142880433279556,0.8857606351094964,-0.5593472386130867
2857.0,-1.3922989157856673,-0.4026391662310906,0.05645768236728489,0.07707451434093507,-1.1538603651452837,-0.1521119975225728,0.5618430265093856,-0.038221250858502344,-0.6949046187980484
2858.0,0.7308412108127057,0.05918113372719891,0.669803264751809,0.752040599152866,0.7651059430009525,1.9388305249437279,0.9575764771714054,0.3810644519236788,1.5648974759209948
2859.0,1.196757333257039,1.2362287205748388,1.3656662746298582,1.4727684732450785,0.645118974452037,0.7780512827178012,-0.04477575074426488,2.665435122713073,0.6270549420056774
2860.0,0.0716131916169587,1.2926386176250209,0.03905067791159869,-1.4404574527092597,-1.4167346006921264,-0.04469678251737013,0.19287353530808643,-1.97363970530861,-0.3144667271758338
2861.0,0.10739761722653367,1.0046087819402831,0.8513204405837972,0.8644400465786035,-0.20457658634488649,0.3928038153688435,-0.3206156503220016,1.2515795382385746,0.9664515463173139
2862.0,-0.2179775084229665,-0.3740588645504346,1.497340427745039,0.27235780519777125,-0.46351076042471934,1.9503794850055325,0.4828228240989203,0.32280594229315157,0.43795550040374853
2863.0,-0.608487161074863,0.7675801385210339,-1.4469191806275385,-0.7358150919120975,0.09549510651623597,-1.067755092187334,-0.9863200632696888,-0.8650133762506999,-1.178181512150203
2864.0,0.8930682257506017,1.5110393447556063,1.0536586018857053,-0.36996462481257325,-0.40248963368384916,1.8411872261643027,0.9162145801355401,1.8087142321860272,1.4888414209149605
2865.0,-0.4719477151115525,-0.7521400453056947,-0.2847092593928338,-0.028890639789397207,0.09258281406602398,-1.1543766858056765,-0.5614927581988776,0.40177586621733163,-0.2481463724095556
2866.0,0.8267067325227297,-0.6405421754366282,0.5777182926942357,-0.30331652372336276,-0.07149695242459721,-0.44570503954565033,0.10076169919329442,-0.5950241914070397,-0.1895198989890396
2867.0,1.1334216023908599,0.10483920980193198,0.2691757925021045,-0.40023912911865034,-1.5972546993446632,-0.5124092896268294,-0.9710712149804789,-0.6773964659015712,-0.3088010386513508
2868.0,0.3049058514313526,0.731449245791613,1.5188916771146026,-1.1787137226148852,-1.7608955406771472,-1.009652286608169,-0.9536807188203227,0.8546685590511907,-0.010443890994062243
2869.0,2.906777795255421,1.7284106367173784,1.5068711135524202,1.743324662690145,1.1821745225870057,1.2107398719240474,1.0146280475798446,1.431126258969668,1.6950376064793113
2870.0,1.1065621050279009,-0.6963072978572025,1.6657016308327564,-1.5536047516033982,-0.2538232681657921,0.6530837108565777,0.23488255626582977,0.047495282150303034,1.365048959305861
2871.0,1.6267821945277667,1.069638619626079,0.10845142017540965,-0.6194007309902162,-0.6682801700707214,0.3492465689194299,1.3093771090998496,0.13721567356674857,0.8460848502205812
2872.0,-1.7110834981218532,-0.5269314775030273,-0.2719923408203412,-1.2538105640336386,-0.767056856187765,-0.46375896297327096,0.14460685133669787,0.2589657346336743,-1.1645893727522756
2873.0,-2.431570794243135,-1.4128671123737795,-3.153001752382691,-0.43113521489758966,0.7268860347623902,-1.8862151897811628,0.019112879772740444,-1.402659078741335,-1.1457943895093925
2874.0,0.367008931100751,0.27706839628332025,-0.1429676986493196,0.6104237609999191,-0.5385246960673472,0.2926837959670015,-0.24631166290719306,0.20680774690522796,0.6573913035514105
2875.0,-0.24766503559205122,1.1953251780264287,0.403670296101918,-0.7228441967815601,-0.5324727023353185,-0.8074915062506166,0.2917481821759438,0.2234955208261967,-0.05194220525433551
2876.0,-0.3761375440427957,-0.867214853151846,-0.6579426375444034,-1.232123330454003,-0.530872148794214,-0.8726968823916922,-0.3769841509468455,-1.0285341162669288,-1.1334984916133517
2877.0,0.6037075530521269,-0.14493108759227477,0.37530464548308085,0.4430236048126223,0.8395232848123556,1.774305300545689,0.9402043838852928,-0.5187898646866589,0.4809784327092369
2878.0,-0.7865775441868631,-1.0818733776402343,-1.2185438327465221,0.48004295098000105,-1.541712373067838,-1.2815377242684876,0.2518655815735272,-0.5664712439500194,-0.21948061408042957
2879.0,2.8503184687173464,1.65306235771325,0.1517511041848608,0.1458571437576217,-0.23786539443540355,0.7913131936547242,1.39185742506426,-0.23101598743572815,2.0882025617237345
2880.0,1.7253303281489167,0.13868578596574196,0.4080400225902909,-0.14602306235372867,0.887418705835038,1.4226650891000598,0.9312630581784993,0.5204690808340693,0.6490440222556524
2881.0,0.8054382147035207,1.6154829142931588,-0.5308482152050426,-1.322386262570152,-0.01677901099332199,-1.6836380809946698,-0.2540380142620108,0.09086477548370439,0.6316876925741541
2882.0,-0.8018947139370278,0.8546594181174746,-0.12316288389883866,0.07641479278167618,0.4187538628841494,0.16321060209246332,0.10715600455322317,0.6020392568181674,-0.4449960302518607
2883.0,-2.305874433759201,-0.8800968218970653,-0.32008490721022265,-1.1111718074886583,-1.4703505350883312,-0.34040863289979567,-1.035341067778581,0.3410448744244211,-1.7520179313508013
2884.0,1.2988545963907678,0.4310114679911739,1.1063073871046873,2.324074231811853,-0.027308822874889168,-0.7033866686114515,0.6961890956189517,0.5187269034939479,0.8465814663306058
2885.0,-0.34842467784909203,0.6566534556815817,-0.09935321093821464,1.3818792740744748,1.7091814651775286,-0.15945655450825336,0.009801832589982525,-0.20352197454268847,0.18890778808681347
2886.0,2.156969561651655,0.9266636458746442,0.2696476385953767,-0.4365991678665191,-0.09317753736052264,0.964145564839674,0.8708230177737484,1.237912661666151,1.434560038768865
2887.0,-0.26645875629647303,-1.1967059723921825,-0.01219348166726127,1.76161808728732,0.2577741238662,0.2883981085965945,-0.06265671139386986,-0.5806769620296833,-0.8716696104913181
2888.0,0.9097441478303336,0.783241931511001,1.625337949840804,0.7085275350690389,0.3728630361017191,0.5722291589503534,-0.20983000918604153,0.5230543032008481,0.8720481122081498
2889.0,0.21275862969731268,0.1952340305256194,0.3479887316394058,-0.31667607408409065,-1.0319031391118512,0.17189218564826192,-1.2481409501694043,0.18712973642821618,-0.15279141573148536
2890.0,0.7353292800980331,-1.4927693822367651,-0.6661036508743606,0.12057343419386894,-0.7738410993629893,-1.8855470240967211,-0.9850900211968117,0.31201319133069666,-0.8306842384885165
2891.0,-0.3157716374978815,0.019834384755545928,-0.1303772458131111,0.391848697358136,0.6129701072111662,-0.7437937844541325,-0.16089384330564876,-1.3673134579955468,-0.5086275503648838
2892.0,-1.4374961172713654,-0.03640399581399903,-0.47317974002631136,0.5037886939777204,-0.42163578123355416,-1.7463058707780208,-0.6274952955758741,0.39466921445776976,-1.132494600449334
2893.0,-0.3257971937477034,-0.96374546871034,0.7707679508632495,-1.1562044547149657,-0.4724148855959903,0.7740578319850966,0.35051564842861177,1.3507192276827762,0.12490370972002561
2894.0,-1.2501704901432507,0.5764398914812882,-0.71611789399603,-0.1849955127475365,-1.850670173022904,-0.08422874767261983,1.208821417879246,1.0054195159102073,0.34953029831459465
2895.0,-0.26357080749316136,-0.47726595200641125,-0.6391315392396726,-1.1994486621559555,-0.12061789604946359,0.1546473276759446,-0.7254539902074474,-1.4807433438511963,-0.7395623500203174
2896.0,0.4119847974697859,0.09988060140620854,-1.0836918229921593,1.7964476404953453,0.941757256117834,-0.5785633278249582,-0.8146063049127135,-0.8239114886747684,0.2342923200844293
2897.0,-0.33202891436477866,-0.6446593188208657,1.4133059931864191,1.6389121389549943,1.3382753145738935,0.5673671487650519,-0.15888718130836582,0.5309526247604749,-0.0709041350492869
2898.0,-1.07853683605854,-0.5250957315010978,-1.699314927951423,1.1110325542054666,0.7664039890863882,-0.33784696256790187,-1.159041592441508,-0.5500639454340407,-1.8021593730726593
2899.0,-0.2599059885838135,1.0233793889944685,1.0040777469510833,0.6709958428937467,2.0344390552955103,2.1281090126289635,2.2106746824596892,-0.701109401086304,0.42332076199306395
2900.0,0.7461700908896783,1.61628921638536,2.148605611361126,0.38948293424047475,-0.29556067495336613,-0.05325293815179579,0.11628335482499369,0.9713783806383365,0.6939609909466442
2901.0,-1.0367345390633622,-1.69304714488554,0.2692436999274633,-0.2219510507626687,-0.6968982777348304,0.4944980890125415,0.10052028187694072,-0.4710176008197072,-0.4455785122706248
2902.0,0.43741659209570416,2.017985756403042,1.4275895163670496,-0.41924081143514275,-0.9321180595611112,0.345023707042221,0.4717707543992005,1.9267226750862323,0.24789349605363842
2903.0,0.457946444837432,0.3996664507349851,-0.8834347502435654,0.232999568228444,2.119795540384828,-0.8543622074676136,-1.4131672822651846,-0.28418186648936605,-0.4907835173108164
2904.0,-0.20651434776599162,-0.4865987701100588,0.3752765198556903,-0.37457284514105704,0.2948805210742256,-0.9374290095893457,-0.2883418289119395,-1.624365286540341,0.35431380289976677
2905.0,-0.4189337255810241,-0.016813628215429987,-1.0222614085962645,0.13513588632843465,-1.1725858023657103,0.09410772138190643,-0.5391739644958279,-0.3686766689320515,-0.32770770522947423
2906.0,-0.45412979856380115,-0.0014722488999829408,0.16789904089598245,-0.38138564082392556,0.19552678179550706,1.2509599069661899,0.7407002619433527,0.5899657495026941,0.8835150021516688
2907.0,-0.781437275556761,-1.3289481414752975,-0.6449902937724293,0.48433654987723224,-0.24691769952277562,-1.1910518928785139,-0.21809260686689236,-1.0289769423527606,-0.8177754453299564
2908.0,0.9047350894101768,0.36260363750088437,1.5431064260862601,1.7826635784111666,0.8397541872889396,2.8871172150339004,0.6228560505067359,1.3669797588302923,1.9123269513365049
2909.0,1.5669615270033337,-0.36944242121606385,0.40164959430217523,-0.3817266420507541,-0.9619161041341195,-1.0016766312888252,-0.6757385377004346,0.08745244573418985,0.6451396709202785
2910.0,-0.15051687425087823,0.0009123272168338235,-0.18751381365380196,0.8059773546767971,-1.07935900887547,-0.5121716895405236,0.9089731394730118,-1.6243728166642497,-0.2553727328324951
2911.0,-0.3681866736741151,0.2796179872918647,-0.5390420372369326,-0.1285273297275259,-0.3767192363179629,-0.7707168196248801,-0.3350950700612655,-0.15791726579613313,-0.4470795543012927
2912.0,1.8784394707782244,0.39142202404708065,2.814502977917364,-0.6105779240907578,-1.2131528786108805,1.568531675765167,2.4085741510726804,0.4471220547648284,1.4978880617582906
2913.0,0.5994510366522631,0.28118556755547996,-0.15641145044915092,0.5626106830197876,0.7115847009488211,0.6407686974565199,0.013547931753438313,-1.803098987226666,0.1670597308660133
2914.0,-1.56064101420925,-0.1665100822072349,-0.7651162913564221,0.5857647413058538,0.48424361770749824,-0.926030541143763,-0.9774468750812373,-0.30757756417369486,-1.6533516214364057
2915.0,0.2625314371506646,-1.0338352619224158,1.5534186613623298,1.0396400751654966,0.9836585177672044,0.6952078157444157,0.9404630217205325,1.6673130426908207,0.18858013312691993
2916.0,0.937586528736132,-1.659984022641221,-0.39023986175433634,-0.7773338717175002,-1.184375652879477,-0.9862691302779822,-0.5288430671649784,-0.6312854131525457,-0.6783472090396346
2917.0,-0.13824471886531176,-0.3547664106116365,0.6446066367159416,0.08187538815520799,0.42351421441571746,1.043614097903819,0.7062056382984793,0.4369907052408422,-0.9665501974885139
2918.0,-0.6915234811071036,-1.0931975539429526,0.43037108799516616,0.5353152751601966,-1.8338336580981747,-0.23692400645083267,-0.9585313205979481,0.6088077904649957,0.7393438003679715
2919.0,0.7563275921010366,2.071045127431961,0.17968450138130346,-1.1004839904431685,0.535786306650654,-0.2730196032031949,-0.24184347220450347,-0.2640855193862005,0.8612034850897557
2920.0,0.05380871446401472,-0.2413593278620205,1.2200191274601209,-1.275412031755058,-0.9045921162853475,0.4913304873067962,-1.288751325841482,0.7766446760627679,0.32781090172056215
2921.0,-0.4549202110191577,-0.06327783330061933,-0.1257331033751412,1.6492954321949018,2.0980345227809893,0.7473864451722583,1.1596224421529613,-0.221851894949934,-0.17217784103189027
2922.0,0.9133173372755524,-1.3701439590738151,0.8130214361403482,-0.9148720296190999,-0.5651999737104533,0.2190502213480767,-0.09886284374322606,-0.7621795003374607,-0.05621476071959659
2923.0,-0.24003612192495136,1.4733875399821728,-0.9681743051927357,-0.8410653121310943,1.3517816200415427,0.3452844786219719,-0.8235294937855074,-0.046040785248848595,-0.6066834607091032
2924.0,0.8444662932865794,0.8451529779905627,0.5842089617988395,-0.8010990226448067,0.12046755436192749,-1.9590214881008623,0.12628042802061049,-0.5129098017221986,0.03480911317766087
2925.0,-1.1286299433602567,-0.48917896812197587,-1.7002881607813587,-0.6185014579386151,-0.5024338098336809,-1.5172902448856127,-0.7657219431494707,0.9011030666487797,-0.884888480837625
2926.0,-0.7809869223262762,-1.7726534785211558,0.6845323239752259,0.2889182729991188,-1.189848892036157,0.34954018175778484,0.9893675890314437,-0.1681520376515536,0.33762436938510343
2927.0,0.9245242060490785,1.0104560083845862,0.8048980389742005,1.1632362445608289,0.6287919546395749,1.8443273840058405,0.5448701276009177,-0.206563558034626,0.42587109298829456
2928.0,1.0942880652712947,1.260100728728673,2.0085265733487527,1.2246646164244361,1.6102858196374883,2.0435668635339144,1.2615835294910305,1.9188897701738787,1.445511446737586
2929.0,0.004464753398023447,-0.17252988982230477,-0.4394609159470292,-0.8207841274155413,0.05341421676194415,-0.24342212721171008,-0.9474747424098736,0.6030257541553867,-0.9649237671824695
2930.0,-0.46979127476178373,-0.457705143277046,0.9446326541828945,-0.6381242644582277,2.151309678460434,0.782917125030899,0.8933188400289922,0.7845028183860917,0.5651291284209158
2931.0,-0.4943471728657129,-0.5252875140075275,-0.8779499147324973,-0.6507635596286614,-0.4362653769373557,-1.4889065034289362,-0.37065064785430046,-0.10421975273552293,-0.5405789338833146
2932.0,-1.329570502257787,-0.8112217188932883,0.27980008088495295,0.46826513216888344,2.558963807534031,0.3862430807451335,0.8487419778712985,1.3105392020430067,0.14377337120028452
2933.0,-0.5924812085772646,0.4025410247254035,-1.5866066902402391,0.3226791719518278,0.10625833105135533,-0.5319285807308094,-0.7534655547310177,-1.919360319744546,-0.6387875223722469
2934.0,0.975451300141412,1.072544152015958,0.7757382554939851,2.056105461383784,1.3013661755389396,-0.059301896975588735,0.6203479806180195,0.30162853477580537,0.910510799125307
2935.0,-1.094220736979706,-0.41766059890369955,-0.8155049416665466,-0.3595028979683602,1.0882988589685723,0.05626957564271653,0.907148119452003,-0.08775613717329943,-0.28918010705838765
2936.0,0.7032415109106667,-1.357231594509783,0.76772021180313,-0.3751442528276373,0.11437029168379,0.3373700012383923,0.4530962731185983,-1.1511767370396886,0.355154300575883
2937.0,1.6040759036641026,0.6370667782763914,1.4084719858262946,1.0425292220784188,2.088308896425883,0.5804038425479247,2.66135463965992,0.33084800006161413,1.9896305626508228
2938.0,0.07089686986458846,0.7422904794032741,0.05161707247624216,0.5187269498973884,0.9761670586144838,1.5278313896982914,1.5860052667362705,2.2336698168957194,0.38141757604081267
2939.0,0.5723593393038836,0.5122085614581094,0.02470393084391777,-0.7037670634531551,0.004368595064829733,0.6331128565693773,0.17825791354060905,-0.5860227078902145,0.32150938550303254
2940.0,-0.4266068467093182,-0.745815591585404,-0.29860963845074884,-1.0457077776171493,0.8471458620364991,-0.6954936662803135,0.47630133835785554,0.4611168108826491,-0.2504170188940857
2941.0,-0.5434905723992149,-0.5737865742082434,-0.4212492839450626,-0.18146149565650677,1.9555665197613263,-1.9965483538832445,-1.4586445579347662,-1.1745674366232821,-1.4310036080033073
2942.0,-0.2820931182043259,-0.7930175281828828,0.25229758843193034,-0.3705540767034857,-1.027695777038567,0.24052930994608657,0.43844728161454627,-0.6593729927374041,-0.748090859467745
2943.0,0.40188492596076664,0.52134135666289,-0.6356470613782004,-2.0634743559887383,0.02460504851633052,0.05614669169953223,0.9639599751025436,-1.770825234126088,-0.011498170310456227
2944.0,0.19321867592312797,0.73215217073348,1.0536031984205105,1.3578975620432896,2.668094364159865,1.7543561897917668,-0.02936631648058236,-1.4408278995662214,-0.6307339307751657
2945.0,1.0326167857489208,0.5299201686581138,-0.3982411173790936,0.4061679131925585,-0.6371912703121364,0.10860395095713107,-1.0663643120447515,-0.7041638377943421,0.6245416802559164
2946.0,-0.4137594180303251,-1.34151286931416,-1.3924486463704275,-1.8788739493691544,-0.913764013946838,-0.7386033085821625,-0.6513809041799073,0.25709496871860554,-0.8085354703567064
2947.0,-1.1515246769729452,-0.8430498556032633,-1.6731907402284463,0.483701586815755,0.32197141439859633,0.44058536044143237,-1.9841258152619683,-0.13376411095253238,-2.4462810433263096
2948.0,-0.24214697143917513,-0.1801652689930015,0.4298624075704535,0.26770818606683716,1.493385449025163,0.18504373074821454,-1.3813572912048908,0.9275898282129188,-0.21456362961237826
2949.0,-0.42657852338843705,1.1695034465636938,0.13086239775034145,0.12512437960207032,-1.2322900735475273,0.004282622831808247,0.5997578638116264,0.21881999582409933,0.46527211225692516
2950.0,-0.13593291738038482,0.8798915432531252,0.07132651239855024,-2.145528724185979,-1.2265054647037923,-1.3977295372811065,0.5168233131981878,-0.4198786371633973,-0.2994929045016684
2951.0,-0.7612776952976059,-0.8203951823597475,-0.6989937852010099,0.7383820612785634,-0.29833929110010826,0.03222140777994132,-0.28640772400752684,-0.15374567265731842,-1.8016108411378535
2952.0,0.3293267007107035,1.6435094117437385,1.0396788205572043,1.1302545341844026,0.8012391953702753,0.930977494204301,0.27713966365224457,0.09856799324412983,0.48457242225375324
2953.0,1.1121029910893492,2.231231112364742,2.1910906261315777,-0.3746986370865351,0.26633963399455773,0.5510987268739885,0.7505559984559868,2.655128385514805,2.1370145040049042
2954.0,0.5700314736789832,0.9598605934660083,0.7528961555720923,1.8953387989986357,1.6059476977638043,1.4981842021208867,1.6220780865387558,-0.4237534586110764,0.38971328279622347
2955.0,-0.2482826169083619,-2.097959331350861,0.32683981690227415,-0.19267636593121645,-0.053161802524906036,0.0002657756786906838,0.40221461465684644,-0.21690285912093338,-1.3623179883574048
2956.0,0.7344937754745882,0.5445172146641958,-0.38534529821553537,-0.3180690856295967,-0.30976690893158604,-0.30948283626672746,0.29443395746784773,0.08572095306795241,1.0762324755723174
2957.0,1.0479434272529207,0.30992674535578624,-1.1500765446887884,0.9977390397401594,-0.26372561999824246,-0.4337920652915279,0.8902454955342921,0.20029635175349622,0.302857432034911
2958.0,1.0645022108131954,-0.589829332841499,-1.1017761448306234,-0.6120413310928405,-0.7346097376084194,-1.28443299713874,0.5155666537966744,0.4784126721585602,0.5249455597703381
2959.0,0.8493851395009131,0.38967840322458946,1.1577106237252168,1.5611554618853274,-0.0004686658766723909,0.522420035652965,0.9712143011664829,1.0457034794344569,1.191519929698826
2960.0,0.8397402157981777,0.5845013745705863,2.891559148213103,-0.8536924372583793,0.06137439399914687,1.4619126637704023,0.2495474230401164,0.13072575415984677,0.8515671174963505
2961.0,2.0671952481287894,0.35745599133200795,-0.07623994378387915,0.6054812108743841,1.8407156011884527,0.7132146261458037,0.5903728939176446,0.11179658695384376,0.39005783449277187
2962.0,-0.12722777084077838,0.9226809681824923,-0.4934344915570552,-1.5189821467669937,-0.938128795737357,-0.11400530811588608,-0.24400776906976454,-0.5819689445868266,-0.22032869778637532
2963.0,-0.2685064747802768,0.206465405042498,1.457483416592436,0.23482050983227437,-0.4025196684780154,1.4064455578421486,0.625317821892445,1.3288472777311016,0.7614614341771576
2964.0,0.33858833212070993,0.22352650120808132,0.1867321169321219,0.0365287481624277,0.16566658427851302,0.2511222155540584,0.9437886908357807,0.9379394874200473,-0.26903137396266197
2965.0,-0.7497319965701096,-0.40352651614995755,1.1377222892764678,0.06823534062323328,0.6908589245672561,-0.09434180266723943,-1.93957823725826,1.7402989815115089,-1.1963254644269412
2966.0,1.0432004654870937,0.7662586083766776,0.2510524755925547,0.008659226877365585,-0.10433685178606249,0.15770355587335944,0.13883793368037775,-1.2358097558464987,-0.6043872929557393
2967.0,1.4286364926852493,1.7158807278930563,1.8416440870833406,-0.6223568113109584,-0.7057229167024519,0.5841267733041173,0.1595661452397462,0.6780487661282516,1.2644403498241175
2968.0,-1.8693358048142517,-0.46012689414217384,-0.9288080063376039,-1.646716825629973,0.21056271136376156,-1.4452971754701147,-1.2378740189657025,-0.9411366955592454,-1.5857792373320974
2969.0,-0.3405062526805253,-0.6667990750745263,-0.00666727089661034,-0.7925101642387,0.8108354073500332,-0.7129183343919715,-2.511746192152224,-0.8666710283414615,-2.309916649141101
2970.0,0.3513305622434625,1.8897761290037034,-0.12607553688401504,1.3436794825254317,0.26253487263965447,0.48756355155354414,0.5946033867579079,0.5467807283953067,0.898502526126496
2971.0,-1.6921922095240398,-0.3910594254595406,-0.6048300058922907,1.0677810140210675,-0.5602470073549877,-0.8153107761196339,-2.0399935202872124,-2.501396980960417,-2.1605650162092145
2972.0,-0.3904905095208118,-0.01475266359970888,0.6983310060787182,0.9233166393229748,1.3201854764461696,1.6924772379429633,0.3433581348485684,0.38491027522319987,0.023639420992709954
2973.0,-0.4006385244567824,-0.23893899850442654,-0.6489042765792874,-0.36625890186848803,0.49322380629347595,1.6894425415779633,0.47705977192821014,-0.38288531417007393,-0.009948382277877036
2974.0,-0.5600051127649571,-1.2210447933855595,-1.697394975641442,-0.11957130181556337,0.3199186755410996,-1.307178070736065,-2.235706204153104,-1.2836199565401039,-1.4922314963043244
2975.0,-0.5060476117467829,0.18904820081298243,-0.21922923317671233,0.7020180274140022,0.938695552143319,-0.257101924680831,0.2561203332736388,0.23385227519887478,-0.9680888041364694
2976.0,-1.6304397145157352,1.4413592210785957,0.3735003309010473,-0.9176910498379508,-0.2854812839358497,-0.5220691992598341,-0.3165893441453202,1.4661800318633447,-0.8546434543842765
2977.0,-1.2266939804230035,0.636200810620249,-0.6916050897025118,-0.9534571804575618,-0.13198414976694245,-1.212272939446614,-0.7093970527913535,-0.49861990862306255,-1.5193961013233233
2978.0,0.3487654839226396,0.5718332335088708,1.0379422880370108,0.2078951569172943,0.6385318671523982,0.38023756346744014,0.9149766447129016,0.9439796984181205,1.0849951811181187
2979.0,0.07027756317051069,-0.02654317465760497,-0.3745040669688087,-0.3635153888434598,0.4456565026207161,1.4061630675721013,1.0955805060650292,2.2137856420314135,-0.19327180145799935
2980.0,0.868079376889163,1.3890043816820488,-0.20037568614474124,-0.0007322837963316114,-0.23886634660618597,0.10171632464658872,0.5719738760206057,-0.5421008493033731,0.741902437735846
2981.0,-0.5998361081846812,-1.0101974146645107,-0.9181665091702934,0.47751714378877785,-1.582323434132625,-0.5016457756363525,-1.4957577081778257,-0.39778334176254665,-0.6316379327513354
2982.0,-1.5685118840651142,-1.305770735528753,-1.3586756905395714,2.2601851003564235,-1.1255944379096674,-1.1224098556026212,-3.1281078378104192,-0.1351330239846254,-1.5227757201022858
2983.0,2.3257680830410914,0.283824932605705,-0.4792347930233448,0.10359307879900019,-1.056746190778874,0.16670948214103773,0.7433886593789987,-0.6708620122710969,0.40360675854272854
2984.0,0.28127280610169014,0.9141409229483896,-1.0105960797699372,-0.04452440512632232,-0.4884738057001206,-0.981838959952325,-1.1363025287982653,1.11933834892375,-0.48391703490215404
2985.0,0.08736589770315915,-1.5074324538474604,-0.5064645179805877,1.3278301022970347,0.2827170588038943,1.008626799733604,1.3402827648013782,1.7248262640150565,-0.5194106555594367
2986.0,0.2692379208551741,0.14162130191704317,-0.09007583009400283,-0.01583669474289752,-0.0816617816377896,-1.319670512222455,0.018211296967332032,-0.17165763530931483,-1.5170864256239107
2987.0,0.28735492887792147,0.3718577033019081,-0.24120127775609088,0.9114001476351691,0.9755541250206576,-0.14913695163305188,-0.09789726939611407,1.3071762048548896,0.3961226791759549
2988.0,-1.1558132558374257,-0.6655153225258992,-1.0830827464359953,0.04694833434775395,-0.2252329139801275,-0.7194383646964457,-1.4858987195751514,-1.0759912587280143,-1.9813971713614502
2989.0,-3.716473213763477,-1.2546137421444876,-1.4580311330408808,-0.004520475627643961,-0.07005076355459097,-0.6459558792759907,-1.0156654157312668,-2.221771840694048,-1.897155206903854
2990.0,-0.2970071016568004,0.6197376003059955,1.2712988637036255,0.7057644226871144,0.6816938143817335,0.45008491162526537,0.28327165745409866,-0.5174245934068419,0.9303900464102017
2991.0,0.10875999758315608,1.4435173671607848,0.22305707371572622,-0.7173252436421061,-0.9359261047434997,0.9975986632448284,0.4774258936522869,-0.5306307288332822,0.09668702276711744
2992.0,0.5212731892060407,0.08823224272529391,-0.47034822950216293,-1.4115076791501657,0.35823191448021374,-1.50915231755899,-0.9213688504667109,-0.3123460119700697,-0.6044834479728759
2993.0,-1.5600643676119244,-0.5407315694360688,-1.4833666189905617,1.5446548420102644,0.4692712878918876,-0.5917551687512733,-0.40755250467388243,0.30167138715833725,-1.9062009347820974
2994.0,-0.10380726030959592,-1.127089185412593,-0.15336719761714507,-0.07719451451333391,1.8815610300108323,0.24874682925357708,-0.7506051408641707,-0.04687714811067704,-0.4943214781424354
2995.0,-0.008064450687768437,0.7024093761604429,-0.28546385952681597,-1.2741927659885692,1.241277284334409,-0.8095389758559607,-0.6291822326266366,0.1838993237042971,0.17097550959951113
2996.0,-0.4587216028214754,-1.531529074980215,0.24475271177500726,-0.942450922115559,-1.1687823147153444,-0.880588526947331,-0.8352908138396222,0.46640855541863935,-0.44369626912853904
2997.0,0.6780451355577019,0.32521398962296705,-0.1058559561663793,0.021429077583894358,-1.032299656990893,0.2685059323819454,1.2216393888570478,-0.6470163286113509,0.8380810401801848
2998.0,0.6221020024185088,0.6880896681770996,-0.22131100360145167,-1.3996947006129512,1.1841346790828942,0.13143766071365431,-1.462708254541002,0.7292887526849482,0.22168516779431782
2999.0,0.34159799795223605,-0.8621049846144976,-1.545002735919864,-0.24638938772635716,1.1448250183584086,-2.7395538419823358,-3.0334526862741105,-1.3487110026849969,-2.679123413627307
3000.0,0.4721348192867852,0.2087875395905221,-0.5277624465421533,-0.42935686188726185,0.5500604389784756,0.357537208449748,-0.5793851546669139,0.7177079628440275,-0.3312436360900709
