period,disco,band,customer_class,energy_rate_ngn_per_kwh,fixed_charge_ngn_per_month,energy_rate_usd_per_kwh,provenance,sources
2023-01-01,AEDC,A,residential,130.5,818.05,0.1004,synthetic_fabricated_from_policy_context,NERC publications; media reports
2023-01-01,AEDC,A,commercial,143.55,697.63,0.1104,synthetic_fabricated_from_policy_context,NERC publications; media reports
2023-01-01,AEDC,A,industrial,150.07,939.6,0.1154,synthetic_fabricated_from_policy_context,NERC publications; media reports
2023-01-01,AEDC,B,residential,104.4,584.97,0.0803,synthetic_fabricated_from_policy_context,NERC publications; media reports
2023-01-01,AEDC,B,commercial,114.84,739.39,0.0883,synthetic_fabricated_from_policy_context,NERC publications; media reports
2023-01-01,AEDC,B,industrial,120.06,614.7,0.0924,synthetic_fabricated_from_policy_context,NERC publications; media reports
2023-01-01,AEDC,C,residential,83.52,438.25,0.0642,synthetic_fabricated_from_policy_context,NERC publications; media reports
2023-01-01,AEDC,C,commercial,91.87,459.69,0.0707,synthetic_fabricated_from_policy_context,NERC publications; media reports
2023-01-01,AEDC,C,industrial,96.05,507.77,0.0739,synthetic_fabricated_from_policy_context,NERC publications; media reports
2023-01-01,AEDC,D,residential,67.86,322.07,0.0522,synthetic_fabricated_from_policy_context,NERC publications; media reports
2023-01-01,AEDC,D,commercial,74.64,427.43,0.0574,synthetic_fabricated_from_policy_context,NERC publications; media reports
2023-01-01,AEDC,D,industrial,78.04,391.71,0.06,synthetic_fabricated_from_policy_context,NERC publications; media reports
2023-01-01,AEDC,E,residential,52.2,249.36,0.0402,synthetic_fabricated_from_policy_context,NERC publications; media reports
2023-01-01,AEDC,E,commercial,57.42,265.91,0.0442,synthetic_fabricated_from_policy_context,NERC publications; media reports
2023-01-01,AEDC,E,industrial,60.03,379.09,0.0462,synthetic_fabricated_from_policy_context,NERC publications; media reports
2023-01-01,AEDC,Premium,residential,208.8,1112.53,0.1606,synthetic_fabricated_from_policy_context,NERC publications; media reports
2023-01-01,AEDC,Premium,commercial,229.68,1481.37,0.1767,synthetic_fabricated_from_policy_context,NERC publications; media reports
2023-01-01,AEDC,Premium,industrial,240.12,1580.29,0.1847,synthetic_fabricated_from_policy_context,NERC publications; media reports
2023-01-01,BEDC,A,residential,112.32,675.57,0.0864,synthetic_fabricated_from_policy_context,NERC publications; media reports
2023-01-01,BEDC,A,commercial,123.55,867.6,0.095,synthetic_fabricated_from_policy_context,NERC publications; media reports
2023-01-01,BEDC,A,industrial,129.16,705.99,0.0994,synthetic_fabricated_from_policy_context,NERC publications; media reports
2023-01-01,BEDC,B,residential,89.85,621.82,0.0691,synthetic_fabricated_from_policy_context,NERC publications; media reports
2023-01-01,BEDC,B,commercial,98.84,678.57,0.076,synthetic_fabricated_from_policy_context,NERC publications; media reports
2023-01-01,BEDC,B,industrial,103.33,644.97,0.0795,synthetic_fabricated_from_policy_context,NERC publications; media reports
2023-01-01,BEDC,C,residential,71.88,529.44,0.0553,synthetic_fabricated_from_policy_context,NERC publications; media reports
2023-01-01,BEDC,C,commercial,79.07,530.22,0.0608,synthetic_fabricated_from_policy_context,NERC publications; media reports
2023-01-01,BEDC,C,industrial,82.66,604.34,0.0636,synthetic_fabricated_from_policy_context,NERC publications; media reports
2023-01-01,BEDC,D,residential,58.4,363.27,0.0449,synthetic_fabricated_from_policy_context,NERC publications; media reports
2023-01-01,BEDC,D,commercial,64.24,483.14,0.0494,synthetic_fabricated_from_policy_context,NERC publications; media reports
2023-01-01,BEDC,D,industrial,67.16,428.87,0.0517,synthetic_fabricated_from_policy_context,NERC publications; media reports
2023-01-01,BEDC,E,residential,44.93,318.28,0.0346,synthetic_fabricated_from_policy_context,NERC publications; media reports
2023-01-01,BEDC,E,commercial,49.42,276.75,0.038,synthetic_fabricated_from_policy_context,NERC publications; media reports
2023-01-01,BEDC,E,industrial,51.66,352.26,0.0397,synthetic_fabricated_from_policy_context,NERC publications; media reports
2023-01-01,BEDC,Premium,residential,179.7,1031.8,0.1382,synthetic_fabricated_from_policy_context,NERC publications; media reports
2023-01-01,BEDC,Premium,commercial,197.67,1277.85,0.1521,synthetic_fabricated_from_policy_context,NERC publications; media reports
2023-01-01,BEDC,Premium,industrial,206.66,1262.5,0.159,synthetic_fabricated_from_policy_context,NERC publications; media reports
2023-01-01,EEDC,A,residential,118.94,782.78,0.0915,synthetic_fabricated_from_policy_context,NERC publications; media reports
2023-01-01,EEDC,A,commercial,130.84,827.35,0.1006,synthetic_fabricated_from_policy_context,NERC publications; media reports
2023-01-01,EEDC,A,industrial,136.78,799.41,0.1052,synthetic_fabricated_from_policy_context,NERC publications; media reports
2023-01-01,EEDC,B,residential,95.15,598.74,0.0732,synthetic_fabricated_from_policy_context,NERC publications; media reports
2023-01-01,EEDC,B,commercial,104.67,686.2,0.0805,synthetic_fabricated_from_policy_context,NERC publications; media reports
2023-01-01,EEDC,B,industrial,109.43,630.83,0.0842,synthetic_fabricated_from_policy_context,NERC publications; media reports
2023-01-01,EEDC,C,residential,76.12,483.34,0.0586,synthetic_fabricated_from_policy_context,NERC publications; media reports
2023-01-01,EEDC,C,commercial,83.74,483.96,0.0644,synthetic_fabricated_from_policy_context,NERC publications; media reports
2023-01-01,EEDC,C,industrial,87.54,543.58,0.0673,synthetic_fabricated_from_policy_context,NERC publications; media reports
2023-01-01,EEDC,D,residential,61.85,340.07,0.0476,synthetic_fabricated_from_policy_context,NERC publications; media reports
2023-01-01,EEDC,D,commercial,68.04,438.39,0.0523,synthetic_fabricated_from_policy_context,NERC publications; media reports
2023-01-01,EEDC,D,industrial,71.13,487.07,0.0547,synthetic_fabricated_from_policy_context,NERC publications; media reports
2023-01-01,EEDC,E,residential,47.58,269.8,0.0366,synthetic_fabricated_from_policy_context,NERC publications; media reports
2023-01-01,EEDC,E,commercial,52.33,283.96,0.0403,synthetic_fabricated_from_policy_context,NERC publications; media reports
2023-01-01,EEDC,E,industrial,54.71,389.04,0.0421,synthetic_fabricated_from_policy_context,NERC publications; media reports
2023-01-01,EEDC,Premium,residential,190.31,1129.25,0.1464,synthetic_fabricated_from_policy_context,NERC publications; media reports
2023-01-01,EEDC,Premium,commercial,209.34,1073.57,0.161,synthetic_fabricated_from_policy_context,NERC publications; media reports
2023-01-01,EEDC,Premium,industrial,218.85,1588.61,0.1683,synthetic_fabricated_from_policy_context,NERC publications; media reports
2023-01-01,EKEDC,A,residential,131.15,891.81,0.1009,synthetic_fabricated_from_policy_context,NERC publications; media reports
2023-01-01,EKEDC,A,commercial,144.27,662.28,0.111,synthetic_fabricated_from_policy_context,NERC publications; media reports
2023-01-01,EKEDC,A,industrial,150.83,872.29,0.116,synthetic_fabricated_from_policy_context,NERC publications; media reports
2023-01-01,EKEDC,B,residential,104.92,677.9,0.0807,synthetic_fabricated_from_policy_context,NERC publications; media reports
2023-01-01,EKEDC,B,commercial,115.42,713.07,0.0888,synthetic_fabricated_from_policy_context,NERC publications; media reports
2023-01-01,EKEDC,B,industrial,120.66,667.89,0.0928,synthetic_fabricated_from_policy_context,NERC publications; media reports
2023-01-01,EKEDC,C,residential,83.94,456.25,0.0646,synthetic_fabricated_from_policy_context,NERC publications; media reports
2023-01-01,EKEDC,C,commercial,92.33,528.09,0.071,synthetic_fabricated_from_policy_context,NERC publications; media reports
2023-01-01,EKEDC,C,industrial,96.53,593.02,0.0743,synthetic_fabricated_from_policy_context,NERC publications; media reports
2023-01-01,EKEDC,D,residential,68.2,352.24,0.0525,synthetic_fabricated_from_policy_context,NERC publications; media reports
2023-01-01,EKEDC,D,commercial,75.02,467.0,0.0577,synthetic_fabricated_from_policy_context,NERC publications; media reports
2023-01-01,EKEDC,D,industrial,78.43,366.17,0.0603,synthetic_fabricated_from_policy_context,NERC publications; media reports
2023-01-01,EKEDC,E,residential,52.46,270.37,0.0404,synthetic_fabricated_from_policy_context,NERC publications; media reports
2023-01-01,EKEDC,E,commercial,57.71,383.62,0.0444,synthetic_fabricated_from_policy_context,NERC publications; media reports
2023-01-01,EKEDC,E,industrial,60.33,341.63,0.0464,synthetic_fabricated_from_policy_context,NERC publications; media reports
2023-01-01,EKEDC,Premium,residential,209.85,1154.6,0.1614,synthetic_fabricated_from_policy_context,NERC publications; media reports
2023-01-01,EKEDC,Premium,commercial,230.83,1453.38,0.1776,synthetic_fabricated_from_policy_context,NERC publications; media reports
2023-01-01,EKEDC,Premium,industrial,241.32,1600.93,0.1856,synthetic_fabricated_from_policy_context,NERC publications; media reports
2023-01-01,IBEDC,A,residential,115.36,882.32,0.0887,synthetic_fabricated_from_policy_context,NERC publications; media reports
2023-01-01,IBEDC,A,commercial,126.89,771.19,0.0976,synthetic_fabricated_from_policy_context,NERC publications; media reports
2023-01-01,IBEDC,A,industrial,132.66,886.96,0.102,synthetic_fabricated_from_policy_context,NERC publications; media reports
2023-01-01,IBEDC,B,residential,92.29,646.27,0.071,synthetic_fabricated_from_policy_context,NERC publications; media reports
2023-01-01,IBEDC,B,commercial,101.52,639.2,0.0781,synthetic_fabricated_from_policy_context,NERC publications; media reports
2023-01-01,IBEDC,B,industrial,106.13,794.8,0.0816,synthetic_fabricated_from_policy_context,NERC publications; media reports
2023-01-01,IBEDC,C,residential,73.83,426.99,0.0568,synthetic_fabricated_from_policy_context,NERC publications; media reports
2023-01-01,IBEDC,C,commercial,81.21,490.82,0.0625,synthetic_fabricated_from_policy_context,NERC publications; media reports
2023-01-01,IBEDC,C,industrial,84.9,635.07,0.0653,synthetic_fabricated_from_policy_context,NERC publications; media reports
2023-01-01,IBEDC,D,residential,59.99,445.52,0.0461,synthetic_fabricated_from_policy_context,NERC publications; media reports
2023-01-01,IBEDC,D,commercial,65.99,507.48,0.0508,synthetic_fabricated_from_policy_context,NERC publications; media reports
2023-01-01,IBEDC,D,industrial,68.98,533.4,0.0531,synthetic_fabricated_from_policy_context,NERC publications; media reports
2023-01-01,IBEDC,E,residential,46.14,257.04,0.0355,synthetic_fabricated_from_policy_context,NERC publications; media reports
2023-01-01,IBEDC,E,commercial,50.76,286.65,0.039,synthetic_fabricated_from_policy_context,NERC publications; media reports
2023-01-01,IBEDC,E,industrial,53.07,297.51,0.0408,synthetic_fabricated_from_policy_context,NERC publications; media reports
2023-01-01,IBEDC,Premium,residential,184.57,1399.84,0.142,synthetic_fabricated_from_policy_context,NERC publications; media reports
2023-01-01,IBEDC,Premium,commercial,203.03,1559.87,0.1562,synthetic_fabricated_from_policy_context,NERC publications; media reports
2023-01-01,IBEDC,Premium,industrial,212.26,1483.77,0.1633,synthetic_fabricated_from_policy_context,NERC publications; media reports
2023-01-01,IKEDC,A,residential,136.35,752.63,0.1049,synthetic_fabricated_from_policy_context,NERC publications; media reports
2023-01-01,IKEDC,A,commercial,149.99,729.54,0.1154,synthetic_fabricated_from_policy_context,NERC publications; media reports
2023-01-01,IKEDC,A,industrial,156.8,796.71,0.1206,synthetic_fabricated_from_policy_context,NERC publications; media reports
2023-01-01,IKEDC,B,residential,109.08,711.14,0.0839,synthetic_fabricated_from_policy_context,NERC publications; media reports
2023-01-01,IKEDC,B,commercial,119.99,597.86,0.0923,synthetic_fabricated_from_policy_context,NERC publications; media reports
2023-01-01,IKEDC,B,industrial,125.44,562.36,0.0965,synthetic_fabricated_from_policy_context,NERC publications; media reports
2023-01-01,IKEDC,C,residential,87.26,474.02,0.0671,synthetic_fabricated_from_policy_context,NERC publications; media reports
2023-01-01,IKEDC,C,commercial,95.99,560.1,0.0738,synthetic_fabricated_from_policy_context,NERC publications; media reports
2023-01-01,IKEDC,C,industrial,100.35,521.51,0.0772,synthetic_fabricated_from_policy_context,NERC publications; media reports
2023-01-01,IKEDC,D,residential,70.9,425.41,0.0545,synthetic_fabricated_from_policy_context,NERC publications; media reports
2023-01-01,IKEDC,D,commercial,77.99,505.51,0.06,synthetic_fabricated_from_policy_context,NERC publications; media reports
2023-01-01,IKEDC,D,industrial,81.54,372.01,0.0627,synthetic_fabricated_from_policy_context,NERC publications; media reports
2023-01-01,IKEDC,E,residential,54.54,260.67,0.042,synthetic_fabricated_from_policy_context,NERC publications; media reports
2023-01-01,IKEDC,E,commercial,59.99,326.9,0.0461,synthetic_fabricated_from_policy_context,NERC publications; media reports
2023-01-01,IKEDC,E,industrial,62.72,284.56,0.0482,synthetic_fabricated_from_policy_context,NERC publications; media reports
2023-01-01,IKEDC,Premium,residential,218.16,1205.49,0.1678,synthetic_fabricated_from_policy_context,NERC publications; media reports
2023-01-01,IKEDC,Premium,commercial,239.98,1498.74,0.1846,synthetic_fabricated_from_policy_context,NERC publications; media reports
2023-01-01,IKEDC,Premium,industrial,250.89,1281.88,0.193,synthetic_fabricated_from_policy_context,NERC publications; media reports
2023-01-01,JED,A,residential,135.83,681.02,0.1045,synthetic_fabricated_from_policy_context,NERC publications; media reports
2023-01-01,JED,A,commercial,149.42,666.61,0.1149,synthetic_fabricated_from_policy_context,NERC publications; media reports
2023-01-01,JED,A,industrial,156.21,701.9,0.1202,synthetic_fabricated_from_policy_context,NERC publications; media reports
2023-01-01,JED,B,residential,108.67,530.56,0.0836,synthetic_fabricated_from_policy_context,NERC publications; media reports
2023-01-01,JED,B,commercial,119.53,751.4,0.0919,synthetic_fabricated_from_policy_context,NERC publications; media reports
2023-01-01,JED,B,industrial,124.97,738.62,0.0961,synthetic_fabricated_from_policy_context,NERC publications; media reports
2023-01-01,JED,C,residential,86.93,531.86,0.0669,synthetic_fabricated_from_policy_context,NERC publications; media reports
2023-01-01,JED,C,commercial,95.63,517.95,0.0736,synthetic_fabricated_from_policy_context,NERC publications; media reports
2023-01-01,JED,C,industrial,99.97,462.16,0.0769,synthetic_fabricated_from_policy_context,NERC publications; media reports
2023-01-01,JED,D,residential,70.63,349.17,0.0543,synthetic_fabricated_from_policy_context,NERC publications; media reports
2023-01-01,JED,D,commercial,77.7,455.56,0.0598,synthetic_fabricated_from_policy_context,NERC publications; media reports
2023-01-01,JED,D,industrial,81.23,477.9,0.0625,synthetic_fabricated_from_policy_context,NERC publications; media reports
2023-01-01,JED,E,residential,54.33,346.6,0.0418,synthetic_fabricated_from_policy_context,NERC publications; media reports
2023-01-01,JED,E,commercial,59.77,295.96,0.046,synthetic_fabricated_from_policy_context,NERC publications; media reports
2023-01-01,JED,E,industrial,62.48,363.46,0.0481,synthetic_fabricated_from_policy_context,NERC publications; media reports
2023-01-01,JED,Premium,residential,217.33,1020.22,0.1672,synthetic_fabricated_from_policy_context,NERC publications; media reports
2023-01-01,JED,Premium,commercial,239.06,1363.65,0.1839,synthetic_fabricated_from_policy_context,NERC publications; media reports
2023-01-01,JED,Premium,industrial,249.93,1609.88,0.1923,synthetic_fabricated_from_policy_context,NERC publications; media reports
2023-01-01,KAEDCO,A,residential,127.32,618.29,0.0979,synthetic_fabricated_from_policy_context,NERC publications; media reports
2023-01-01,KAEDCO,A,commercial,140.05,665.49,0.1077,synthetic_fabricated_from_policy_context,NERC publications; media reports
2023-01-01,KAEDCO,A,industrial,146.42,978.46,0.1126,synthetic_fabricated_from_policy_context,NERC publications; media reports
2023-01-01,KAEDCO,B,residential,101.85,706.51,0.0783,synthetic_fabricated_from_policy_context,NERC publications; media reports
2023-01-01,KAEDCO,B,commercial,112.04,742.02,0.0862,synthetic_fabricated_from_policy_context,NERC publications; media reports
2023-01-01,KAEDCO,B,industrial,117.13,585.7,0.0901,synthetic_fabricated_from_policy_context,NERC publications; media reports
2023-01-01,KAEDCO,C,residential,81.48,546.2,0.0627,synthetic_fabricated_from_policy_context,NERC publications; media reports
2023-01-01,KAEDCO,C,commercial,89.63,600.06,0.0689,synthetic_fabricated_from_policy_context,NERC publications; media reports
2023-01-01,KAEDCO,C,industrial,93.71,552.59,0.0721,synthetic_fabricated_from_policy_context,NERC publications; media reports
2023-01-01,KAEDCO,D,residential,66.21,454.04,0.0509,synthetic_fabricated_from_policy_context,NERC publications; media reports
2023-01-01,KAEDCO,D,commercial,72.83,377.64,0.056,synthetic_fabricated_from_policy_context,NERC publications; media reports
2023-01-01,KAEDCO,D,industrial,76.14,508.5,0.0586,synthetic_fabricated_from_policy_context,NERC publications; media reports
2023-01-01,KAEDCO,E,residential,50.93,251.77,0.0392,synthetic_fabricated_from_policy_context,NERC publications; media reports
2023-01-01,KAEDCO,E,commercial,56.02,352.47,0.0431,synthetic_fabricated_from_policy_context,NERC publications; media reports
2023-01-01,KAEDCO,E,industrial,58.57,402.23,0.0451,synthetic_fabricated_from_policy_context,NERC publications; media reports
2023-01-01,KAEDCO,Premium,residential,203.71,1039.73,0.1567,synthetic_fabricated_from_policy_context,NERC publications; media reports
2023-01-01,KAEDCO,Premium,commercial,224.08,1225.06,0.1724,synthetic_fabricated_from_policy_context,NERC publications; media reports
2023-01-01,KAEDCO,Premium,industrial,234.26,1519.02,0.1802,synthetic_fabricated_from_policy_context,NERC publications; media reports
2023-01-01,KEDCO,A,residential,123.71,763.36,0.0952,synthetic_fabricated_from_policy_context,NERC publications; media reports
2023-01-01,KEDCO,A,commercial,136.08,832.04,0.1047,synthetic_fabricated_from_policy_context,NERC publications; media reports
2023-01-01,KEDCO,A,industrial,142.27,760.93,0.1094,synthetic_fabricated_from_policy_context,NERC publications; media reports
2023-01-01,KEDCO,B,residential,98.97,530.67,0.0761,synthetic_fabricated_from_policy_context,NERC publications; media reports
2023-01-01,KEDCO,B,commercial,108.86,639.88,0.0837,synthetic_fabricated_from_policy_context,NERC publications; media reports
2023-01-01,KEDCO,B,industrial,113.81,816.58,0.0875,synthetic_fabricated_from_policy_context,NERC publications; media reports
2023-01-01,KEDCO,C,residential,79.17,479.21,0.0609,synthetic_fabricated_from_policy_context,NERC publications; media reports
2023-01-01,KEDCO,C,commercial,87.09,433.77,0.067,synthetic_fabricated_from_policy_context,NERC publications; media reports
2023-01-01,KEDCO,C,industrial,91.05,566.12,0.07,synthetic_fabricated_from_policy_context,NERC publications; media reports
2023-01-01,KEDCO,D,residential,64.33,461.38,0.0495,synthetic_fabricated_from_policy_context,NERC publications; media reports
2023-01-01,KEDCO,D,commercial,70.76,451.88,0.0544,synthetic_fabricated_from_policy_context,NERC publications; media reports
2023-01-01,KEDCO,D,industrial,73.98,529.73,0.0569,synthetic_fabricated_from_policy_context,NERC publications; media reports
2023-01-01,KEDCO,E,residential,49.48,285.24,0.0381,synthetic_fabricated_from_policy_context,NERC publications; media reports
2023-01-01,KEDCO,E,commercial,54.43,334.08,0.0419,synthetic_fabricated_from_policy_context,NERC publications; media reports
2023-01-01,KEDCO,E,industrial,56.91,287.3,0.0438,synthetic_fabricated_from_policy_context,NERC publications; media reports
2023-01-01,KEDCO,Premium,residential,197.93,1174.31,0.1523,synthetic_fabricated_from_policy_context,NERC publications; media reports
2023-01-01,KEDCO,Premium,commercial,217.73,1246.57,0.1675,synthetic_fabricated_from_policy_context,NERC publications; media reports
2023-01-01,KEDCO,Premium,industrial,227.62,1505.31,0.1751,synthetic_fabricated_from_policy_context,NERC publications; media reports
2023-01-01,PHED,A,residential,136.83,638.07,0.1053,synthetic_fabricated_from_policy_context,NERC publications; media reports
2023-01-01,PHED,A,commercial,150.51,923.89,0.1158,synthetic_fabricated_from_policy_context,NERC publications; media reports
2023-01-01,PHED,A,industrial,157.35,782.9,0.121,synthetic_fabricated_from_policy_context,NERC publications; media reports
2023-01-01,PHED,B,residential,109.46,690.68,0.0842,synthetic_fabricated_from_policy_context,NERC publications; media reports
2023-01-01,PHED,B,commercial,120.41,584.04,0.0926,synthetic_fabricated_from_policy_context,NERC publications; media reports
2023-01-01,PHED,B,industrial,125.88,724.58,0.0968,synthetic_fabricated_from_policy_context,NERC publications; media reports
2023-01-01,PHED,C,residential,87.57,492.91,0.0674,synthetic_fabricated_from_policy_context,NERC publications; media reports
2023-01-01,PHED,C,commercial,96.33,423.84,0.0741,synthetic_fabricated_from_policy_context,NERC publications; media reports
2023-01-01,PHED,C,industrial,100.71,560.27,0.0775,synthetic_fabricated_from_policy_context,NERC publications; media reports
2023-01-01,PHED,D,residential,71.15,427.59,0.0547,synthetic_fabricated_from_policy_context,NERC publications; media reports
2023-01-01,PHED,D,commercial,78.27,509.67,0.0602,synthetic_fabricated_from_policy_context,NERC publications; media reports
2023-01-01,PHED,D,industrial,81.82,358.85,0.0629,synthetic_fabricated_from_policy_context,NERC publications; media reports
2023-01-01,PHED,E,residential,54.73,306.17,0.0421,synthetic_fabricated_from_policy_context,NERC publications; media reports
2023-01-01,PHED,E,commercial,60.21,333.51,0.0463,synthetic_fabricated_from_policy_context,NERC publications; media reports
2023-01-01,PHED,E,industrial,62.94,378.87,0.0484,synthetic_fabricated_from_policy_context,NERC publications; media reports
2023-01-01,PHED,Premium,residential,218.93,1349.37,0.1684,synthetic_fabricated_from_policy_context,NERC publications; media reports
2023-01-01,PHED,Premium,commercial,240.82,1101.17,0.1852,synthetic_fabricated_from_policy_context,NERC publications; media reports
2023-01-01,PHED,Premium,industrial,251.77,1225.02,0.1937,synthetic_fabricated_from_policy_context,NERC publications; media reports
2023-01-01,YEDC,A,residential,111.19,725.64,0.0855,synthetic_fabricated_from_policy_context,NERC publications; media reports
2023-01-01,YEDC,A,commercial,122.31,813.0,0.0941,synthetic_fabricated_from_policy_context,NERC publications; media reports
2023-01-01,YEDC,A,industrial,127.87,933.58,0.0984,synthetic_fabricated_from_policy_context,NERC publications; media reports
2023-01-01,YEDC,B,residential,88.95,523.2,0.0684,synthetic_fabricated_from_policy_context,NERC publications; media reports
2023-01-01,YEDC,B,commercial,97.85,707.72,0.0753,synthetic_fabricated_from_policy_context,NERC publications; media reports
2023-01-01,YEDC,B,industrial,102.3,650.96,0.0787,synthetic_fabricated_from_policy_context,NERC publications; media reports
2023-01-01,YEDC,C,residential,71.16,398.82,0.0547,synthetic_fabricated_from_policy_context,NERC publications; media reports
2023-01-01,YEDC,C,commercial,78.28,430.33,0.0602,synthetic_fabricated_from_policy_context,NERC publications; media reports
2023-01-01,YEDC,C,industrial,81.84,611.14,0.063,synthetic_fabricated_from_policy_context,NERC publications; media reports
2023-01-01,YEDC,D,residential,57.82,422.11,0.0445,synthetic_fabricated_from_policy_context,NERC publications; media reports
2023-01-01,YEDC,D,commercial,63.6,496.42,0.0489,synthetic_fabricated_from_policy_context,NERC publications; media reports
2023-01-01,YEDC,D,industrial,66.49,375.44,0.0511,synthetic_fabricated_from_policy_context,NERC publications; media reports
2023-01-01,YEDC,E,residential,44.48,335.55,0.0342,synthetic_fabricated_from_policy_context,NERC publications; media reports
2023-01-01,YEDC,E,commercial,48.92,390.06,0.0376,synthetic_fabricated_from_policy_context,NERC publications; media reports
2023-01-01,YEDC,E,industrial,51.15,336.89,0.0393,synthetic_fabricated_from_policy_context,NERC publications; media reports
2023-01-01,YEDC,Premium,residential,177.91,1338.72,0.1369,synthetic_fabricated_from_policy_context,NERC publications; media reports
2023-01-01,YEDC,Premium,commercial,195.7,1537.48,0.1505,synthetic_fabricated_from_policy_context,NERC publications; media reports
2023-01-01,YEDC,Premium,industrial,204.59,1258.94,0.1574,synthetic_fabricated_from_policy_context,NERC publications; media reports
2023-02-01,AEDC,A,residential,134.51,669.12,0.1035,synthetic_fabricated_from_policy_context,NERC publications; media reports
2023-02-01,AEDC,A,commercial,147.96,734.18,0.1138,synthetic_fabricated_from_policy_context,NERC publications; media reports
2023-02-01,AEDC,A,industrial,154.69,692.53,0.119,synthetic_fabricated_from_policy_context,NERC publications; media reports
2023-02-01,AEDC,B,residential,107.61,500.49,0.0828,synthetic_fabricated_from_policy_context,NERC publications; media reports
2023-02-01,AEDC,B,commercial,118.37,666.54,0.0911,synthetic_fabricated_from_policy_context,NERC publications; media reports
2023-02-01,AEDC,B,industrial,123.75,600.37,0.0952,synthetic_fabricated_from_policy_context,NERC publications; media reports
2023-02-01,AEDC,C,residential,86.09,444.11,0.0662,synthetic_fabricated_from_policy_context,NERC publications; media reports
2023-02-01,AEDC,C,commercial,94.7,451.16,0.0728,synthetic_fabricated_from_policy_context,NERC publications; media reports
2023-02-01,AEDC,C,industrial,99.0,519.12,0.0762,synthetic_fabricated_from_policy_context,NERC publications; media reports
2023-02-01,AEDC,D,residential,69.95,341.36,0.0538,synthetic_fabricated_from_policy_context,NERC publications; media reports
2023-02-01,AEDC,D,commercial,76.94,365.59,0.0592,synthetic_fabricated_from_policy_context,NERC publications; media reports
2023-02-01,AEDC,D,industrial,80.44,403.19,0.0619,synthetic_fabricated_from_policy_context,NERC publications; media reports
2023-02-01,AEDC,E,residential,53.8,290.8,0.0414,synthetic_fabricated_from_policy_context,NERC publications; media reports
2023-02-01,AEDC,E,commercial,59.18,389.08,0.0455,synthetic_fabricated_from_policy_context,NERC publications; media reports
2023-02-01,AEDC,E,industrial,61.87,335.8,0.0476,synthetic_fabricated_from_policy_context,NERC publications; media reports
2023-02-01,AEDC,Premium,residential,215.22,1125.26,0.1656,synthetic_fabricated_from_policy_context,NERC publications; media reports
2023-02-01,AEDC,Premium,commercial,236.74,1227.3,0.1821,synthetic_fabricated_from_policy_context,NERC publications; media reports
2023-02-01,AEDC,Premium,industrial,247.5,1466.94,0.1904,synthetic_fabricated_from_policy_context,NERC publications; media reports
2023-02-01,BEDC,A,residential,140.27,797.06,0.1079,synthetic_fabricated_from_policy_context,NERC publications; media reports
2023-02-01,BEDC,A,commercial,154.3,731.53,0.1187,synthetic_fabricated_from_policy_context,NERC publications; media reports
2023-02-01,BEDC,A,industrial,161.31,811.76,0.1241,synthetic_fabricated_from_policy_context,NERC publications; media reports
2023-02-01,BEDC,B,residential,112.21,540.26,0.0863,synthetic_fabricated_from_policy_context,NERC publications; media reports
2023-02-01,BEDC,B,commercial,123.44,610.96,0.095,synthetic_fabricated_from_policy_context,NERC publications; media reports
2023-02-01,BEDC,B,industrial,129.05,737.22,0.0993,synthetic_fabricated_from_policy_context,NERC publications; media reports
2023-02-01,BEDC,C,residential,89.77,502.28,0.0691,synthetic_fabricated_from_policy_context,NERC publications; media reports
2023-02-01,BEDC,C,commercial,98.75,453.7,0.076,synthetic_fabricated_from_policy_context,NERC publications; media reports
2023-02-01,BEDC,C,industrial,103.24,473.87,0.0794,synthetic_fabricated_from_policy_context,NERC publications; media reports
2023-02-01,BEDC,D,residential,72.94,432.65,0.0561,synthetic_fabricated_from_policy_context,NERC publications; media reports
2023-02-01,BEDC,D,commercial,80.23,472.07,0.0617,synthetic_fabricated_from_policy_context,NERC publications; media reports
2023-02-01,BEDC,D,industrial,83.88,451.74,0.0645,synthetic_fabricated_from_policy_context,NERC publications; media reports
2023-02-01,BEDC,E,residential,56.11,328.93,0.0432,synthetic_fabricated_from_policy_context,NERC publications; media reports
2023-02-01,BEDC,E,commercial,61.72,389.4,0.0475,synthetic_fabricated_from_policy_context,NERC publications; media reports
2023-02-01,BEDC,E,industrial,64.52,313.75,0.0496,synthetic_fabricated_from_policy_context,NERC publications; media reports
2023-02-01,BEDC,Premium,residential,224.43,1096.98,0.1726,synthetic_fabricated_from_policy_context,NERC publications; media reports
2023-02-01,BEDC,Premium,commercial,246.87,1463.32,0.1899,synthetic_fabricated_from_policy_context,NERC publications; media reports
2023-02-01,BEDC,Premium,industrial,258.09,1353.67,0.1985,synthetic_fabricated_from_policy_context,NERC publications; media reports
2023-02-01,EEDC,A,residential,138.24,731.17,0.1063,synthetic_fabricated_from_policy_context,NERC publications; media reports
2023-02-01,EEDC,A,commercial,152.06,797.0,0.117,synthetic_fabricated_from_policy_context,NERC publications; media reports
2023-02-01,EEDC,A,industrial,158.98,722.03,0.1223,synthetic_fabricated_from_policy_context,NERC publications; media reports
2023-02-01,EEDC,B,residential,110.59,690.31,0.0851,synthetic_fabricated_from_policy_context,NERC publications; media reports
2023-02-01,EEDC,B,commercial,121.65,781.46,0.0936,synthetic_fabricated_from_policy_context,NERC publications; media reports
2023-02-01,EEDC,B,industrial,127.18,784.43,0.0978,synthetic_fabricated_from_policy_context,NERC publications; media reports
2023-02-01,EEDC,C,residential,88.47,486.46,0.0681,synthetic_fabricated_from_policy_context,NERC publications; media reports
2023-02-01,EEDC,C,commercial,97.32,474.74,0.0749,synthetic_fabricated_from_policy_context,NERC publications; media reports
2023-02-01,EEDC,C,industrial,101.75,559.48,0.0783,synthetic_fabricated_from_policy_context,NERC publications; media reports
2023-02-01,EEDC,D,residential,71.89,414.31,0.0553,synthetic_fabricated_from_policy_context,NERC publications; media reports
2023-02-01,EEDC,D,commercial,79.07,504.01,0.0608,synthetic_fabricated_from_policy_context,NERC publications; media reports
2023-02-01,EEDC,D,industrial,82.67,517.57,0.0636,synthetic_fabricated_from_policy_context,NERC publications; media reports
2023-02-01,EEDC,E,residential,55.3,312.83,0.0425,synthetic_fabricated_from_policy_context,NERC publications; media reports
2023-02-01,EEDC,E,commercial,60.83,329.64,0.0468,synthetic_fabricated_from_policy_context,NERC publications; media reports
2023-02-01,EEDC,E,industrial,63.59,317.53,0.0489,synthetic_fabricated_from_policy_context,NERC publications; media reports
2023-02-01,EEDC,Premium,residential,221.19,1100.46,0.1701,synthetic_fabricated_from_policy_context,NERC publications; media reports
2023-02-01,EEDC,Premium,commercial,243.3,1100.89,0.1872,synthetic_fabricated_from_policy_context,NERC publications; media reports
2023-02-01,EEDC,Premium,industrial,254.36,1483.94,0.1957,synthetic_fabricated_from_policy_context,NERC publications; media reports
2023-02-01,EKEDC,A,residential,114.09,611.22,0.0878,synthetic_fabricated_from_policy_context,NERC publications; media reports
2023-02-01,EKEDC,A,commercial,125.49,880.59,0.0965,synthetic_fabricated_from_policy_context,NERC publications; media reports
2023-02-01,EKEDC,A,industrial,131.2,844.28,0.1009,synthetic_fabricated_from_policy_context,NERC publications; media reports
2023-02-01,EKEDC,B,residential,91.27,557.3,0.0702,synthetic_fabricated_from_policy_context,NERC publications; media reports
2023-02-01,EKEDC,B,commercial,100.4,673.05,0.0772,synthetic_fabricated_from_policy_context,NERC publications; media reports
2023-02-01,EKEDC,B,industrial,104.96,660.23,0.0807,synthetic_fabricated_from_policy_context,NERC publications; media reports
2023-02-01,EKEDC,C,residential,73.02,450.24,0.0562,synthetic_fabricated_from_policy_context,NERC publications; media reports
2023-02-01,EKEDC,C,commercial,80.32,490.67,0.0618,synthetic_fabricated_from_policy_context,NERC publications; media reports
2023-02-01,EKEDC,C,industrial,83.97,531.07,0.0646,synthetic_fabricated_from_policy_context,NERC publications; media reports
2023-02-01,EKEDC,D,residential,59.32,366.48,0.0456,synthetic_fabricated_from_policy_context,NERC publications; media reports
2023-02-01,EKEDC,D,commercial,65.26,417.89,0.0502,synthetic_fabricated_from_policy_context,NERC publications; media reports
2023-02-01,EKEDC,D,industrial,68.22,472.99,0.0525,synthetic_fabricated_from_policy_context,NERC publications; media reports
2023-02-01,EKEDC,E,residential,45.63,308.71,0.0351,synthetic_fabricated_from_policy_context,NERC publications; media reports
2023-02-01,EKEDC,E,commercial,50.2,296.31,0.0386,synthetic_fabricated_from_policy_context,NERC publications; media reports
2023-02-01,EKEDC,E,industrial,52.48,344.13,0.0404,synthetic_fabricated_from_policy_context,NERC publications; media reports
2023-02-01,EKEDC,Premium,residential,182.54,1361.64,0.1404,synthetic_fabricated_from_policy_context,NERC publications; media reports
2023-02-01,EKEDC,Premium,commercial,200.79,1101.56,0.1545,synthetic_fabricated_from_policy_context,NERC publications; media reports
2023-02-01,EKEDC,Premium,industrial,209.92,1598.78,0.1615,synthetic_fabricated_from_policy_context,NERC publications; media reports
2023-02-01,IBEDC,A,residential,123.93,606.88,0.0953,synthetic_fabricated_from_policy_context,NERC publications; media reports
2023-02-01,IBEDC,A,commercial,136.32,708.56,0.1049,synthetic_fabricated_from_policy_context,NERC publications; media reports
2023-02-01,IBEDC,A,industrial,142.52,1013.53,0.1096,synthetic_fabricated_from_policy_context,NERC publications; media reports
2023-02-01,IBEDC,B,residential,99.14,657.31,0.0763,synthetic_fabricated_from_policy_context,NERC publications; media reports
2023-02-01,IBEDC,B,commercial,109.06,707.81,0.0839,synthetic_fabricated_from_policy_context,NERC publications; media reports
2023-02-01,IBEDC,B,industrial,114.01,771.42,0.0877,synthetic_fabricated_from_policy_context,NERC publications; media reports
2023-02-01,IBEDC,C,residential,79.31,548.24,0.061,synthetic_fabricated_from_policy_context,NERC publications; media reports
2023-02-01,IBEDC,C,commercial,87.25,578.23,0.0671,synthetic_fabricated_from_policy_context,NERC publications; media reports
2023-02-01,IBEDC,C,industrial,91.21,509.57,0.0702,synthetic_fabricated_from_policy_context,NERC publications; media reports
2023-02-01,IBEDC,D,residential,64.44,461.28,0.0496,synthetic_fabricated_from_policy_context,NERC publications; media reports
2023-02-01,IBEDC,D,commercial,70.89,363.61,0.0545,synthetic_fabricated_from_policy_context,NERC publications; media reports
2023-02-01,IBEDC,D,industrial,74.11,454.36,0.057,synthetic_fabricated_from_policy_context,NERC publications; media reports
2023-02-01,IBEDC,E,residential,49.57,346.81,0.0381,synthetic_fabricated_from_policy_context,NERC publications; media reports
2023-02-01,IBEDC,E,commercial,54.53,395.58,0.0419,synthetic_fabricated_from_policy_context,NERC publications; media reports
2023-02-01,IBEDC,E,industrial,57.01,319.89,0.0439,synthetic_fabricated_from_policy_context,NERC publications; media reports
2023-02-01,IBEDC,Premium,residential,198.28,1213.66,0.1525,synthetic_fabricated_from_policy_context,NERC publications; media reports
2023-02-01,IBEDC,Premium,commercial,218.11,1112.7,0.1678,synthetic_fabricated_from_policy_context,NERC publications; media reports
2023-02-01,IBEDC,Premium,industrial,228.03,1242.94,0.1754,synthetic_fabricated_from_policy_context,NERC publications; media reports
2023-02-01,IKEDC,A,residential,115.69,755.0,0.089,synthetic_fabricated_from_policy_context,NERC publications; media reports
2023-02-01,IKEDC,A,commercial,127.26,701.99,0.0979,synthetic_fabricated_from_policy_context,NERC publications; media reports
2023-02-01,IKEDC,A,industrial,133.04,751.33,0.1023,synthetic_fabricated_from_policy_context,NERC publications; media reports
2023-02-01,IKEDC,B,residential,92.55,495.65,0.0712,synthetic_fabricated_from_policy_context,NERC publications; media reports
2023-02-01,IKEDC,B,commercial,101.81,695.14,0.0783,synthetic_fabricated_from_policy_context,NERC publications; media reports
2023-02-01,IKEDC,B,industrial,106.43,683.65,0.0819,synthetic_fabricated_from_policy_context,NERC publications; media reports
2023-02-01,IKEDC,C,residential,74.04,409.39,0.057,synthetic_fabricated_from_policy_context,NERC publications; media reports
2023-02-01,IKEDC,C,commercial,81.44,527.07,0.0626,synthetic_fabricated_from_policy_context,NERC publications; media reports
2023-02-01,IKEDC,C,industrial,85.15,619.91,0.0655,synthetic_fabricated_from_policy_context,NERC publications; media reports
2023-02-01,IKEDC,D,residential,60.16,317.83,0.0463,synthetic_fabricated_from_policy_context,NERC publications; media reports
2023-02-01,IKEDC,D,commercial,66.17,461.92,0.0509,synthetic_fabricated_from_policy_context,NERC publications; media reports
2023-02-01,IKEDC,D,industrial,69.18,463.41,0.0532,synthetic_fabricated_from_policy_context,NERC publications; media reports
2023-02-01,IKEDC,E,residential,46.28,311.44,0.0356,synthetic_fabricated_from_policy_context,NERC publications; media reports
2023-02-01,IKEDC,E,commercial,50.9,273.62,0.0392,synthetic_fabricated_from_policy_context,NERC publications; media reports
2023-02-01,IKEDC,E,industrial,53.22,364.7,0.0409,synthetic_fabricated_from_policy_context,NERC publications; media reports
2023-02-01,IKEDC,Premium,residential,185.1,1122.0,0.1424,synthetic_fabricated_from_policy_context,NERC publications; media reports
2023-02-01,IKEDC,Premium,commercial,203.61,1075.97,0.1566,synthetic_fabricated_from_policy_context,NERC publications; media reports
2023-02-01,IKEDC,Premium,industrial,212.87,1194.05,0.1637,synthetic_fabricated_from_policy_context,NERC publications; media reports
2023-02-01,JED,A,residential,115.15,894.07,0.0886,synthetic_fabricated_from_policy_context,NERC publications; media reports
2023-02-01,JED,A,commercial,126.66,834.72,0.0974,synthetic_fabricated_from_policy_context,NERC publications; media reports
2023-02-01,JED,A,industrial,132.42,954.67,0.1019,synthetic_fabricated_from_policy_context,NERC publications; media reports
2023-02-01,JED,B,residential,92.12,495.24,0.0709,synthetic_fabricated_from_policy_context,NERC publications; media reports
2023-02-01,JED,B,commercial,101.33,694.64,0.0779,synthetic_fabricated_from_policy_context,NERC publications; media reports
2023-02-01,JED,B,industrial,105.93,569.88,0.0815,synthetic_fabricated_from_policy_context,NERC publications; media reports
2023-02-01,JED,C,residential,73.69,445.85,0.0567,synthetic_fabricated_from_policy_context,NERC publications; media reports
2023-02-01,JED,C,commercial,81.06,476.52,0.0624,synthetic_fabricated_from_policy_context,NERC publications; media reports
2023-02-01,JED,C,industrial,84.75,464.79,0.0652,synthetic_fabricated_from_policy_context,NERC publications; media reports
2023-02-01,JED,D,residential,59.88,344.08,0.0461,synthetic_fabricated_from_policy_context,NERC publications; media reports
2023-02-01,JED,D,commercial,65.86,485.55,0.0507,synthetic_fabricated_from_policy_context,NERC publications; media reports
2023-02-01,JED,D,industrial,68.86,490.03,0.053,synthetic_fabricated_from_policy_context,NERC publications; media reports
2023-02-01,JED,E,residential,46.06,281.29,0.0354,synthetic_fabricated_from_policy_context,NERC publications; media reports
2023-02-01,JED,E,commercial,50.66,387.68,0.039,synthetic_fabricated_from_policy_context,NERC publications; media reports
2023-02-01,JED,E,industrial,52.97,306.25,0.0407,synthetic_fabricated_from_policy_context,NERC publications; media reports
2023-02-01,JED,Premium,residential,184.23,1137.89,0.1417,synthetic_fabricated_from_policy_context,NERC publications; media reports
2023-02-01,JED,Premium,commercial,202.66,1278.26,0.1559,synthetic_fabricated_from_policy_context,NERC publications; media reports
2023-02-01,JED,Premium,industrial,211.87,1616.94,0.163,synthetic_fabricated_from_policy_context,NERC publications; media reports
2023-02-01,KAEDCO,A,residential,126.97,623.68,0.0977,synthetic_fabricated_from_policy_context,NERC publications; media reports
2023-02-01,KAEDCO,A,commercial,139.67,862.38,0.1074,synthetic_fabricated_from_policy_context,NERC publications; media reports
2023-02-01,KAEDCO,A,industrial,146.02,727.5,0.1123,synthetic_fabricated_from_policy_context,NERC publications; media reports
2023-02-01,KAEDCO,B,residential,101.58,674.84,0.0781,synthetic_fabricated_from_policy_context,NERC publications; media reports
2023-02-01,KAEDCO,B,commercial,111.73,554.74,0.0859,synthetic_fabricated_from_policy_context,NERC publications; media reports
2023-02-01,KAEDCO,B,industrial,116.81,763.92,0.0899,synthetic_fabricated_from_policy_context,NERC publications; media reports
2023-02-01,KAEDCO,C,residential,81.26,532.76,0.0625,synthetic_fabricated_from_policy_context,NERC publications; media reports
2023-02-01,KAEDCO,C,commercial,89.39,577.57,0.0688,synthetic_fabricated_from_policy_context,NERC publications; media reports
2023-02-01,KAEDCO,C,industrial,93.45,628.46,0.0719,synthetic_fabricated_from_policy_context,NERC publications; media reports
2023-02-01,KAEDCO,D,residential,66.02,450.15,0.0508,synthetic_fabricated_from_policy_context,NERC publications; media reports
2023-02-01,KAEDCO,D,commercial,72.63,480.06,0.0559,synthetic_fabricated_from_policy_context,NERC publications; media reports
2023-02-01,KAEDCO,D,industrial,75.93,397.19,0.0584,synthetic_fabricated_from_policy_context,NERC publications; media reports
2023-02-01,KAEDCO,E,residential,50.79,295.66,0.0391,synthetic_fabricated_from_policy_context,NERC publications; media reports
2023-02-01,KAEDCO,E,commercial,55.87,264.05,0.043,synthetic_fabricated_from_policy_context,NERC publications; media reports
2023-02-01,KAEDCO,E,industrial,58.41,413.79,0.0449,synthetic_fabricated_from_policy_context,NERC publications; media reports
2023-02-01,KAEDCO,Premium,residential,203.15,1272.71,0.1563,synthetic_fabricated_from_policy_context,NERC publications; media reports
2023-02-01,KAEDCO,Premium,commercial,223.47,1321.16,0.1719,synthetic_fabricated_from_policy_context,NERC publications; media reports
2023-02-01,KAEDCO,Premium,industrial,233.62,1528.84,0.1797,synthetic_fabricated_from_policy_context,NERC publications; media reports
2023-02-01,KEDCO,A,residential,125.02,801.57,0.0962,synthetic_fabricated_from_policy_context,NERC publications; media reports
2023-02-01,KEDCO,A,commercial,137.53,852.46,0.1058,synthetic_fabricated_from_policy_context,NERC publications; media reports
2023-02-01,KEDCO,A,industrial,143.78,891.26,0.1106,synthetic_fabricated_from_policy_context,NERC publications; media reports
2023-02-01,KEDCO,B,residential,100.02,554.9,0.0769,synthetic_fabricated_from_policy_context,NERC publications; media reports
2023-02-01,KEDCO,B,commercial,110.02,560.15,0.0846,synthetic_fabricated_from_policy_context,NERC publications; media reports
2023-02-01,KEDCO,B,industrial,115.02,792.3,0.0885,synthetic_fabricated_from_policy_context,NERC publications; media reports
2023-02-01,KEDCO,C,residential,80.02,540.5,0.0616,synthetic_fabricated_from_policy_context,NERC publications; media reports
2023-02-01,KEDCO,C,commercial,88.02,441.46,0.0677,synthetic_fabricated_from_policy_context,NERC publications; media reports
2023-02-01,KEDCO,C,industrial,92.02,494.19,0.0708,synthetic_fabricated_from_policy_context,NERC publications; media reports
2023-02-01,KEDCO,D,residential,65.01,375.17,0.05,synthetic_fabricated_from_policy_context,NERC publications; media reports
2023-02-01,KEDCO,D,commercial,71.51,394.87,0.055,synthetic_fabricated_from_policy_context,NERC publications; media reports
2023-02-01,KEDCO,D,industrial,74.76,360.24,0.0575,synthetic_fabricated_from_policy_context,NERC publications; media reports
2023-02-01,KEDCO,E,residential,50.01,289.0,0.0385,synthetic_fabricated_from_policy_context,NERC publications; media reports
2023-02-01,KEDCO,E,commercial,55.01,323.55,0.0423,synthetic_fabricated_from_policy_context,NERC publications; media reports
2023-02-01,KEDCO,E,industrial,57.51,324.8,0.0442,synthetic_fabricated_from_policy_context,NERC publications; media reports
2023-02-01,KEDCO,Premium,residential,200.04,1104.36,0.1539,synthetic_fabricated_from_policy_context,NERC publications; media reports
2023-02-01,KEDCO,Premium,commercial,220.04,1260.28,0.1693,synthetic_fabricated_from_policy_context,NERC publications; media reports
2023-02-01,KEDCO,Premium,industrial,230.04,1522.14,0.177,synthetic_fabricated_from_policy_context,NERC publications; media reports
2023-02-01,PHED,A,residential,126.13,652.43,0.097,synthetic_fabricated_from_policy_context,NERC publications; media reports
2023-02-01,PHED,A,commercial,138.75,871.65,0.1067,synthetic_fabricated_from_policy_context,NERC publications; media reports
2023-02-01,PHED,A,industrial,145.05,823.46,0.1116,synthetic_fabricated_from_policy_context,NERC publications; media reports
2023-02-01,PHED,B,residential,100.91,709.74,0.0776,synthetic_fabricated_from_policy_context,NERC publications; media reports
2023-02-01,PHED,B,commercial,111.0,678.76,0.0854,synthetic_fabricated_from_policy_context,NERC publications; media reports
2023-02-01,PHED,B,industrial,116.04,709.88,0.0893,synthetic_fabricated_from_policy_context,NERC publications; media reports
2023-02-01,PHED,C,residential,80.73,520.16,0.0621,synthetic_fabricated_from_policy_context,NERC publications; media reports
2023-02-01,PHED,C,commercial,88.8,573.5,0.0683,synthetic_fabricated_from_policy_context,NERC publications; media reports
2023-02-01,PHED,C,industrial,92.83,484.56,0.0714,synthetic_fabricated_from_policy_context,NERC publications; media reports
2023-02-01,PHED,D,residential,65.59,373.85,0.0505,synthetic_fabricated_from_policy_context,NERC publications; media reports
2023-02-01,PHED,D,commercial,72.15,469.8,0.0555,synthetic_fabricated_from_policy_context,NERC publications; media reports
2023-02-01,PHED,D,industrial,75.43,432.69,0.058,synthetic_fabricated_from_policy_context,NERC publications; media reports
2023-02-01,PHED,E,residential,50.45,352.22,0.0388,synthetic_fabricated_from_policy_context,NERC publications; media reports
2023-02-01,PHED,E,commercial,55.5,310.46,0.0427,synthetic_fabricated_from_policy_context,NERC publications; media reports
2023-02-01,PHED,E,industrial,58.02,346.75,0.0446,synthetic_fabricated_from_policy_context,NERC publications; media reports
2023-02-01,PHED,Premium,residential,201.81,1211.12,0.1552,synthetic_fabricated_from_policy_context,NERC publications; media reports
2023-02-01,PHED,Premium,commercial,222.0,1481.62,0.1708,synthetic_fabricated_from_policy_context,NERC publications; media reports
2023-02-01,PHED,Premium,industrial,232.09,1283.32,0.1785,synthetic_fabricated_from_policy_context,NERC publications; media reports
2023-02-01,YEDC,A,residential,141.08,600.98,0.1085,synthetic_fabricated_from_policy_context,NERC publications; media reports
2023-02-01,YEDC,A,commercial,155.19,770.8,0.1194,synthetic_fabricated_from_policy_context,NERC publications; media reports
2023-02-01,YEDC,A,industrial,162.24,747.42,0.1248,synthetic_fabricated_from_policy_context,NERC publications; media reports
2023-02-01,YEDC,B,residential,112.86,570.73,0.0868,synthetic_fabricated_from_policy_context,NERC publications; media reports
2023-02-01,YEDC,B,commercial,124.15,606.21,0.0955,synthetic_fabricated_from_policy_context,NERC publications; media reports
2023-02-01,YEDC,B,industrial,129.79,655.76,0.0998,synthetic_fabricated_from_policy_context,NERC publications; media reports
2023-02-01,YEDC,C,residential,90.29,398.69,0.0695,synthetic_fabricated_from_policy_context,NERC publications; media reports
2023-02-01,YEDC,C,commercial,99.32,452.36,0.0764,synthetic_fabricated_from_policy_context,NERC publications; media reports
2023-02-01,YEDC,C,industrial,103.83,614.27,0.0799,synthetic_fabricated_from_policy_context,NERC publications; media reports
2023-02-01,YEDC,D,residential,73.36,415.37,0.0564,synthetic_fabricated_from_policy_context,NERC publications; media reports
2023-02-01,YEDC,D,commercial,80.7,476.68,0.0621,synthetic_fabricated_from_policy_context,NERC publications; media reports
2023-02-01,YEDC,D,industrial,84.36,482.71,0.0649,synthetic_fabricated_from_policy_context,NERC publications; media reports
2023-02-01,YEDC,E,residential,56.43,265.68,0.0434,synthetic_fabricated_from_policy_context,NERC publications; media reports
2023-02-01,YEDC,E,commercial,62.07,288.69,0.0477,synthetic_fabricated_from_policy_context,NERC publications; media reports
2023-02-01,YEDC,E,industrial,64.9,277.1,0.0499,synthetic_fabricated_from_policy_context,NERC publications; media reports
2023-02-01,YEDC,Premium,residential,225.72,1414.48,0.1736,synthetic_fabricated_from_policy_context,NERC publications; media reports
2023-02-01,YEDC,Premium,commercial,248.3,1521.29,0.191,synthetic_fabricated_from_policy_context,NERC publications; media reports
2023-02-01,YEDC,Premium,industrial,259.58,1653.98,0.1997,synthetic_fabricated_from_policy_context,NERC publications; media reports
2023-03-01,AEDC,A,residential,124.12,736.51,0.0955,synthetic_fabricated_from_policy_context,NERC publications; media reports
2023-03-01,AEDC,A,commercial,136.54,783.02,0.105,synthetic_fabricated_from_policy_context,NERC publications; media reports
2023-03-01,AEDC,A,industrial,142.74,813.32,0.1098,synthetic_fabricated_from_policy_context,NERC publications; media reports
2023-03-01,AEDC,B,residential,99.3,480.58,0.0764,synthetic_fabricated_from_policy_context,NERC publications; media reports
2023-03-01,AEDC,B,commercial,109.23,562.45,0.084,synthetic_fabricated_from_policy_context,NERC publications; media reports
2023-03-01,AEDC,B,industrial,114.19,723.61,0.0878,synthetic_fabricated_from_policy_context,NERC publications; media reports
2023-03-01,AEDC,C,residential,79.44,525.24,0.0611,synthetic_fabricated_from_policy_context,NERC publications; media reports
2023-03-01,AEDC,C,commercial,87.38,424.21,0.0672,synthetic_fabricated_from_policy_context,NERC publications; media reports
2023-03-01,AEDC,C,industrial,91.36,658.5,0.0703,synthetic_fabricated_from_policy_context,NERC publications; media reports
2023-03-01,AEDC,D,residential,64.54,386.17,0.0496,synthetic_fabricated_from_policy_context,NERC publications; media reports
2023-03-01,AEDC,D,commercial,71.0,431.69,0.0546,synthetic_fabricated_from_policy_context,NERC publications; media reports
2023-03-01,AEDC,D,industrial,74.23,524.8,0.0571,synthetic_fabricated_from_policy_context,NERC publications; media reports
2023-03-01,AEDC,E,residential,49.65,251.53,0.0382,synthetic_fabricated_from_policy_context,NERC publications; media reports
2023-03-01,AEDC,E,commercial,54.61,340.7,0.042,synthetic_fabricated_from_policy_context,NERC publications; media reports
2023-03-01,AEDC,E,industrial,57.1,347.43,0.0439,synthetic_fabricated_from_policy_context,NERC publications; media reports
2023-03-01,AEDC,Premium,residential,198.6,1015.48,0.1528,synthetic_fabricated_from_policy_context,NERC publications; media reports
2023-03-01,AEDC,Premium,commercial,218.46,1541.21,0.168,synthetic_fabricated_from_policy_context,NERC publications; media reports
2023-03-01,AEDC,Premium,industrial,228.39,1586.12,0.1757,synthetic_fabricated_from_policy_context,NERC publications; media reports
2023-03-01,BEDC,A,residential,144.82,647.51,0.1114,synthetic_fabricated_from_policy_context,NERC publications; media reports
2023-03-01,BEDC,A,commercial,159.3,684.14,0.1225,synthetic_fabricated_from_policy_context,NERC publications; media reports
2023-03-01,BEDC,A,industrial,166.54,922.43,0.1281,synthetic_fabricated_from_policy_context,NERC publications; media reports
2023-03-01,BEDC,B,residential,115.86,566.57,0.0891,synthetic_fabricated_from_policy_context,NERC publications; media reports
2023-03-01,BEDC,B,commercial,127.44,663.11,0.098,synthetic_fabricated_from_policy_context,NERC publications; media reports
2023-03-01,BEDC,B,industrial,133.23,607.85,0.1025,synthetic_fabricated_from_policy_context,NERC publications; media reports
2023-03-01,BEDC,C,residential,92.68,508.35,0.0713,synthetic_fabricated_from_policy_context,NERC publications; media reports
2023-03-01,BEDC,C,commercial,101.95,449.15,0.0784,synthetic_fabricated_from_policy_context,NERC publications; media reports
2023-03-01,BEDC,C,industrial,106.59,551.78,0.082,synthetic_fabricated_from_policy_context,NERC publications; media reports
2023-03-01,BEDC,D,residential,75.31,374.87,0.0579,synthetic_fabricated_from_policy_context,NERC publications; media reports
2023-03-01,BEDC,D,commercial,82.84,513.23,0.0637,synthetic_fabricated_from_policy_context,NERC publications; media reports
2023-03-01,BEDC,D,industrial,86.6,476.93,0.0666,synthetic_fabricated_from_policy_context,NERC publications; media reports
2023-03-01,BEDC,E,residential,57.93,338.58,0.0446,synthetic_fabricated_from_policy_context,NERC publications; media reports
2023-03-01,BEDC,E,commercial,63.72,342.42,0.049,synthetic_fabricated_from_policy_context,NERC publications; media reports
2023-03-01,BEDC,E,industrial,66.62,291.54,0.0512,synthetic_fabricated_from_policy_context,NERC publications; media reports
2023-03-01,BEDC,Premium,residential,231.71,1053.49,0.1782,synthetic_fabricated_from_policy_context,NERC publications; media reports
2023-03-01,BEDC,Premium,commercial,254.88,1099.76,0.1961,synthetic_fabricated_from_policy_context,NERC publications; media reports
2023-03-01,BEDC,Premium,industrial,266.47,1115.41,0.205,synthetic_fabricated_from_policy_context,NERC publications; media reports
2023-03-01,EEDC,A,residential,134.31,690.6,0.1033,synthetic_fabricated_from_policy_context,NERC publications; media reports
2023-03-01,EEDC,A,commercial,147.74,705.66,0.1136,synthetic_fabricated_from_policy_context,NERC publications; media reports
2023-03-01,EEDC,A,industrial,154.45,732.65,0.1188,synthetic_fabricated_from_policy_context,NERC publications; media reports
2023-03-01,EEDC,B,residential,107.45,540.38,0.0827,synthetic_fabricated_from_policy_context,NERC publications; media reports
2023-03-01,EEDC,B,commercial,118.19,608.59,0.0909,synthetic_fabricated_from_policy_context,NERC publications; media reports
2023-03-01,EEDC,B,industrial,123.56,789.36,0.095,synthetic_fabricated_from_policy_context,NERC publications; media reports
2023-03-01,EEDC,C,residential,85.96,397.33,0.0661,synthetic_fabricated_from_policy_context,NERC publications; media reports
2023-03-01,EEDC,C,commercial,94.55,467.98,0.0727,synthetic_fabricated_from_policy_context,NERC publications; media reports
2023-03-01,EEDC,C,industrial,98.85,660.53,0.076,synthetic_fabricated_from_policy_context,NERC publications; media reports
2023-03-01,EEDC,D,residential,69.84,381.74,0.0537,synthetic_fabricated_from_policy_context,NERC publications; media reports
2023-03-01,EEDC,D,commercial,76.82,504.88,0.0591,synthetic_fabricated_from_policy_context,NERC publications; media reports
2023-03-01,EEDC,D,industrial,80.32,536.81,0.0618,synthetic_fabricated_from_policy_context,NERC publications; media reports
2023-03-01,EEDC,E,residential,53.72,350.6,0.0413,synthetic_fabricated_from_policy_context,NERC publications; media reports
2023-03-01,EEDC,E,commercial,59.09,276.31,0.0455,synthetic_fabricated_from_policy_context,NERC publications; media reports
2023-03-01,EEDC,E,industrial,61.78,344.04,0.0475,synthetic_fabricated_from_policy_context,NERC publications; media reports
2023-03-01,EEDC,Premium,residential,214.89,999.2,0.1653,synthetic_fabricated_from_policy_context,NERC publications; media reports
2023-03-01,EEDC,Premium,commercial,236.38,1399.6,0.1818,synthetic_fabricated_from_policy_context,NERC publications; media reports
2023-03-01,EEDC,Premium,industrial,247.12,1560.58,0.1901,synthetic_fabricated_from_policy_context,NERC publications; media reports
2023-03-01,EKEDC,A,residential,117.61,660.71,0.0905,synthetic_fabricated_from_policy_context,NERC publications; media reports
2023-03-01,EKEDC,A,commercial,129.37,834.71,0.0995,synthetic_fabricated_from_policy_context,NERC publications; media reports
2023-03-01,EKEDC,A,industrial,135.25,755.32,0.104,synthetic_fabricated_from_policy_context,NERC publications; media reports
2023-03-01,EKEDC,B,residential,94.09,681.92,0.0724,synthetic_fabricated_from_policy_context,NERC publications; media reports
2023-03-01,EKEDC,B,commercial,103.49,531.41,0.0796,synthetic_fabricated_from_policy_context,NERC publications; media reports
2023-03-01,EKEDC,B,industrial,108.2,596.73,0.0832,synthetic_fabricated_from_policy_context,NERC publications; media reports
2023-03-01,EKEDC,C,residential,75.27,418.67,0.0579,synthetic_fabricated_from_policy_context,NERC publications; media reports
2023-03-01,EKEDC,C,commercial,82.8,516.71,0.0637,synthetic_fabricated_from_policy_context,NERC publications; media reports
2023-03-01,EKEDC,C,industrial,86.56,609.43,0.0666,synthetic_fabricated_from_policy_context,NERC publications; media reports
2023-03-01,EKEDC,D,residential,61.16,461.6,0.047,synthetic_fabricated_from_policy_context,NERC publications; media reports
2023-03-01,EKEDC,D,commercial,67.27,399.35,0.0517,synthetic_fabricated_from_policy_context,NERC publications; media reports
2023-03-01,EKEDC,D,industrial,70.33,504.14,0.0541,synthetic_fabricated_from_policy_context,NERC publications; media reports
2023-03-01,EKEDC,E,residential,47.04,262.63,0.0362,synthetic_fabricated_from_policy_context,NERC publications; media reports
2023-03-01,EKEDC,E,commercial,51.75,271.67,0.0398,synthetic_fabricated_from_policy_context,NERC publications; media reports
2023-03-01,EKEDC,E,industrial,54.1,289.72,0.0416,synthetic_fabricated_from_policy_context,NERC publications; media reports
2023-03-01,EKEDC,Premium,residential,188.17,1067.37,0.1447,synthetic_fabricated_from_policy_context,NERC publications; media reports
2023-03-01,EKEDC,Premium,commercial,206.99,1249.11,0.1592,synthetic_fabricated_from_policy_context,NERC publications; media reports
2023-03-01,EKEDC,Premium,industrial,216.4,1322.61,0.1665,synthetic_fabricated_from_policy_context,NERC publications; media reports
2023-03-01,IBEDC,A,residential,123.07,878.77,0.0947,synthetic_fabricated_from_policy_context,NERC publications; media reports
2023-03-01,IBEDC,A,commercial,135.38,706.16,0.1041,synthetic_fabricated_from_policy_context,NERC publications; media reports
2023-03-01,IBEDC,A,industrial,141.53,943.59,0.1089,synthetic_fabricated_from_policy_context,NERC publications; media reports
2023-03-01,IBEDC,B,residential,98.46,608.37,0.0757,synthetic_fabricated_from_policy_context,NERC publications; media reports
2023-03-01,IBEDC,B,commercial,108.3,783.9,0.0833,synthetic_fabricated_from_policy_context,NERC publications; media reports
2023-03-01,IBEDC,B,industrial,113.23,725.82,0.0871,synthetic_fabricated_from_policy_context,NERC publications; media reports
2023-03-01,IBEDC,C,residential,78.77,538.1,0.0606,synthetic_fabricated_from_policy_context,NERC publications; media reports
2023-03-01,IBEDC,C,commercial,86.64,440.02,0.0666,synthetic_fabricated_from_policy_context,NERC publications; media reports
2023-03-01,IBEDC,C,industrial,90.58,468.75,0.0697,synthetic_fabricated_from_policy_context,NERC publications; media reports
2023-03-01,IBEDC,D,residential,64.0,394.47,0.0492,synthetic_fabricated_from_policy_context,NERC publications; media reports
2023-03-01,IBEDC,D,commercial,70.4,505.02,0.0542,synthetic_fabricated_from_policy_context,NERC publications; media reports
2023-03-01,IBEDC,D,industrial,73.6,398.75,0.0566,synthetic_fabricated_from_policy_context,NERC publications; media reports
2023-03-01,IBEDC,E,residential,49.23,284.37,0.0379,synthetic_fabricated_from_policy_context,NERC publications; media reports
2023-03-01,IBEDC,E,commercial,54.15,341.69,0.0417,synthetic_fabricated_from_policy_context,NERC publications; media reports
2023-03-01,IBEDC,E,industrial,56.61,337.16,0.0435,synthetic_fabricated_from_policy_context,NERC publications; media reports
2023-03-01,IBEDC,Premium,residential,196.92,974.16,0.1515,synthetic_fabricated_from_policy_context,NERC publications; media reports
2023-03-01,IBEDC,Premium,commercial,216.61,1287.65,0.1666,synthetic_fabricated_from_policy_context,NERC publications; media reports
2023-03-01,IBEDC,Premium,industrial,226.45,1298.85,0.1742,synthetic_fabricated_from_policy_context,NERC publications; media reports
2023-03-01,IKEDC,A,residential,120.99,645.22,0.0931,synthetic_fabricated_from_policy_context,NERC publications; media reports
2023-03-01,IKEDC,A,commercial,133.08,975.8,0.1024,synthetic_fabricated_from_policy_context,NERC publications; media reports
2023-03-01,IKEDC,A,industrial,139.13,861.38,0.107,synthetic_fabricated_from_policy_context,NERC publications; media reports
2023-03-01,IKEDC,B,residential,96.79,623.71,0.0745,synthetic_fabricated_from_policy_context,NERC publications; media reports
2023-03-01,IKEDC,B,commercial,106.47,661.17,0.0819,synthetic_fabricated_from_policy_context,NERC publications; media reports
2023-03-01,IKEDC,B,industrial,111.31,783.66,0.0856,synthetic_fabricated_from_policy_context,NERC publications; media reports
2023-03-01,IKEDC,C,residential,77.43,526.6,0.0596,synthetic_fabricated_from_policy_context,NERC publications; media reports
2023-03-01,IKEDC,C,commercial,85.17,518.27,0.0655,synthetic_fabricated_from_policy_context,NERC publications; media reports
2023-03-01,IKEDC,C,industrial,89.05,546.84,0.0685,synthetic_fabricated_from_policy_context,NERC publications; media reports
2023-03-01,IKEDC,D,residential,62.91,335.39,0.0484,synthetic_fabricated_from_policy_context,NERC publications; media reports
2023-03-01,IKEDC,D,commercial,69.2,361.94,0.0532,synthetic_fabricated_from_policy_context,NERC publications; media reports
2023-03-01,IKEDC,D,industrial,72.35,439.8,0.0557,synthetic_fabricated_from_policy_context,NERC publications; media reports
2023-03-01,IKEDC,E,residential,48.39,337.55,0.0372,synthetic_fabricated_from_policy_context,NERC publications; media reports
2023-03-01,IKEDC,E,commercial,53.23,279.85,0.0409,synthetic_fabricated_from_policy_context,NERC publications; media reports
2023-03-01,IKEDC,E,industrial,55.65,377.74,0.0428,synthetic_fabricated_from_policy_context,NERC publications; media reports
2023-03-01,IKEDC,Premium,residential,193.58,970.23,0.1489,synthetic_fabricated_from_policy_context,NERC publications; media reports
2023-03-01,IKEDC,Premium,commercial,212.94,1300.82,0.1638,synthetic_fabricated_from_policy_context,NERC publications; media reports
2023-03-01,IKEDC,Premium,industrial,222.61,1410.98,0.1712,synthetic_fabricated_from_policy_context,NERC publications; media reports
2023-03-01,JED,A,residential,121.84,891.11,0.0937,synthetic_fabricated_from_policy_context,NERC publications; media reports
2023-03-01,JED,A,commercial,134.03,770.13,0.1031,synthetic_fabricated_from_policy_context,NERC publications; media reports
2023-03-01,JED,A,industrial,140.12,907.98,0.1078,synthetic_fabricated_from_policy_context,NERC publications; media reports
2023-03-01,JED,B,residential,97.47,644.55,0.075,synthetic_fabricated_from_policy_context,NERC publications; media reports
2023-03-01,JED,B,commercial,107.22,572.66,0.0825,synthetic_fabricated_from_policy_context,NERC publications; media reports
2023-03-01,JED,B,industrial,112.1,790.34,0.0862,synthetic_fabricated_from_policy_context,NERC publications; media reports
2023-03-01,JED,C,residential,77.98,394.0,0.06,synthetic_fabricated_from_policy_context,NERC publications; media reports
2023-03-01,JED,C,commercial,85.78,516.38,0.066,synthetic_fabricated_from_policy_context,NERC publications; media reports
2023-03-01,JED,C,industrial,89.68,490.66,0.069,synthetic_fabricated_from_policy_context,NERC publications; media reports
2023-03-01,JED,D,residential,63.36,405.55,0.0487,synthetic_fabricated_from_policy_context,NERC publications; media reports
2023-03-01,JED,D,commercial,69.69,435.76,0.0536,synthetic_fabricated_from_policy_context,NERC publications; media reports
2023-03-01,JED,D,industrial,72.86,423.0,0.056,synthetic_fabricated_from_policy_context,NERC publications; media reports
2023-03-01,JED,E,residential,48.74,283.19,0.0375,synthetic_fabricated_from_policy_context,NERC publications; media reports
2023-03-01,JED,E,commercial,53.61,360.15,0.0412,synthetic_fabricated_from_policy_context,NERC publications; media reports
2023-03-01,JED,E,industrial,56.05,338.68,0.0431,synthetic_fabricated_from_policy_context,NERC publications; media reports
2023-03-01,JED,Premium,residential,194.95,971.51,0.15,synthetic_fabricated_from_policy_context,NERC publications; media reports
2023-03-01,JED,Premium,commercial,214.44,1295.05,0.165,synthetic_fabricated_from_policy_context,NERC publications; media reports
2023-03-01,JED,Premium,industrial,224.19,1497.96,0.1725,synthetic_fabricated_from_policy_context,NERC publications; media reports
2023-03-01,KAEDCO,A,residential,131.99,653.43,0.1015,synthetic_fabricated_from_policy_context,NERC publications; media reports
2023-03-01,KAEDCO,A,commercial,145.19,684.23,0.1117,synthetic_fabricated_from_policy_context,NERC publications; media reports
2023-03-01,KAEDCO,A,industrial,151.79,900.07,0.1168,synthetic_fabricated_from_policy_context,NERC publications; media reports
2023-03-01,KAEDCO,B,residential,105.59,701.05,0.0812,synthetic_fabricated_from_policy_context,NERC publications; media reports
2023-03-01,KAEDCO,B,commercial,116.15,636.95,0.0893,synthetic_fabricated_from_policy_context,NERC publications; media reports
2023-03-01,KAEDCO,B,industrial,121.43,683.87,0.0934,synthetic_fabricated_from_policy_context,NERC publications; media reports
2023-03-01,KAEDCO,C,residential,84.47,435.54,0.065,synthetic_fabricated_from_policy_context,NERC publications; media reports
2023-03-01,KAEDCO,C,commercial,92.92,455.06,0.0715,synthetic_fabricated_from_policy_context,NERC publications; media reports
2023-03-01,KAEDCO,C,industrial,97.15,488.89,0.0747,synthetic_fabricated_from_policy_context,NERC publications; media reports
2023-03-01,KAEDCO,D,residential,68.64,412.61,0.0528,synthetic_fabricated_from_policy_context,NERC publications; media reports
2023-03-01,KAEDCO,D,commercial,75.5,507.74,0.0581,synthetic_fabricated_from_policy_context,NERC publications; media reports
2023-03-01,KAEDCO,D,industrial,78.93,413.36,0.0607,synthetic_fabricated_from_policy_context,NERC publications; media reports
2023-03-01,KAEDCO,E,residential,52.8,299.93,0.0406,synthetic_fabricated_from_policy_context,NERC publications; media reports
2023-03-01,KAEDCO,E,commercial,58.08,345.1,0.0447,synthetic_fabricated_from_policy_context,NERC publications; media reports
2023-03-01,KAEDCO,E,industrial,60.72,279.09,0.0467,synthetic_fabricated_from_policy_context,NERC publications; media reports
2023-03-01,KAEDCO,Premium,residential,211.19,1022.44,0.1625,synthetic_fabricated_from_policy_context,NERC publications; media reports
2023-03-01,KAEDCO,Premium,commercial,232.3,1179.87,0.1787,synthetic_fabricated_from_policy_context,NERC publications; media reports
2023-03-01,KAEDCO,Premium,industrial,242.86,1380.7,0.1868,synthetic_fabricated_from_policy_context,NERC publications; media reports
2023-03-01,KEDCO,A,residential,124.7,778.62,0.0959,synthetic_fabricated_from_policy_context,NERC publications; media reports
2023-03-01,KEDCO,A,commercial,137.17,746.29,0.1055,synthetic_fabricated_from_policy_context,NERC publications; media reports
2023-03-01,KEDCO,A,industrial,143.4,859.66,0.1103,synthetic_fabricated_from_policy_context,NERC publications; media reports
2023-03-01,KEDCO,B,residential,99.76,496.07,0.0767,synthetic_fabricated_from_policy_context,NERC publications; media reports
2023-03-01,KEDCO,B,commercial,109.73,724.1,0.0844,synthetic_fabricated_from_policy_context,NERC publications; media reports
2023-03-01,KEDCO,B,industrial,114.72,659.69,0.0882,synthetic_fabricated_from_policy_context,NERC publications; media reports
2023-03-01,KEDCO,C,residential,79.81,402.45,0.0614,synthetic_fabricated_from_policy_context,NERC publications; media reports
2023-03-01,KEDCO,C,commercial,87.79,505.21,0.0675,synthetic_fabricated_from_policy_context,NERC publications; media reports
2023-03-01,KEDCO,C,industrial,91.78,584.03,0.0706,synthetic_fabricated_from_policy_context,NERC publications; media reports
2023-03-01,KEDCO,D,residential,64.84,367.33,0.0499,synthetic_fabricated_from_policy_context,NERC publications; media reports
2023-03-01,KEDCO,D,commercial,71.33,365.11,0.0549,synthetic_fabricated_from_policy_context,NERC publications; media reports
2023-03-01,KEDCO,D,industrial,74.57,410.64,0.0574,synthetic_fabricated_from_policy_context,NERC publications; media reports
2023-03-01,KEDCO,E,residential,49.88,295.16,0.0384,synthetic_fabricated_from_policy_context,NERC publications; media reports
2023-03-01,KEDCO,E,commercial,54.87,343.12,0.0422,synthetic_fabricated_from_policy_context,NERC publications; media reports
2023-03-01,KEDCO,E,industrial,57.36,309.24,0.0441,synthetic_fabricated_from_policy_context,NERC publications; media reports
2023-03-01,KEDCO,Premium,residential,199.51,1118.96,0.1535,synthetic_fabricated_from_policy_context,NERC publications; media reports
2023-03-01,KEDCO,Premium,commercial,219.46,1097.66,0.1688,synthetic_fabricated_from_policy_context,NERC publications; media reports
2023-03-01,KEDCO,Premium,industrial,229.44,1326.04,0.1765,synthetic_fabricated_from_policy_context,NERC publications; media reports
2023-03-01,PHED,A,residential,124.95,638.77,0.0961,synthetic_fabricated_from_policy_context,NERC publications; media reports
2023-03-01,PHED,A,commercial,137.44,674.01,0.1057,synthetic_fabricated_from_policy_context,NERC publications; media reports
2023-03-01,PHED,A,industrial,143.69,948.33,0.1105,synthetic_fabricated_from_policy_context,NERC publications; media reports
2023-03-01,PHED,B,residential,99.96,718.07,0.0769,synthetic_fabricated_from_policy_context,NERC publications; media reports
2023-03-01,PHED,B,commercial,109.95,735.75,0.0846,synthetic_fabricated_from_policy_context,NERC publications; media reports
2023-03-01,PHED,B,industrial,114.95,600.51,0.0884,synthetic_fabricated_from_policy_context,NERC publications; media reports
2023-03-01,PHED,C,residential,79.97,418.47,0.0615,synthetic_fabricated_from_policy_context,NERC publications; media reports
2023-03-01,PHED,C,commercial,87.96,455.11,0.0677,synthetic_fabricated_from_policy_context,NERC publications; media reports
2023-03-01,PHED,C,industrial,91.96,457.56,0.0707,synthetic_fabricated_from_policy_context,NERC publications; media reports
2023-03-01,PHED,D,residential,64.97,441.68,0.05,synthetic_fabricated_from_policy_context,NERC publications; media reports
2023-03-01,PHED,D,commercial,71.47,393.38,0.055,synthetic_fabricated_from_policy_context,NERC publications; media reports
2023-03-01,PHED,D,industrial,74.72,522.41,0.0575,synthetic_fabricated_from_policy_context,NERC publications; media reports
2023-03-01,PHED,E,residential,49.98,264.87,0.0384,synthetic_fabricated_from_policy_context,NERC publications; media reports
2023-03-01,PHED,E,commercial,54.98,277.05,0.0423,synthetic_fabricated_from_policy_context,NERC publications; media reports
2023-03-01,PHED,E,industrial,57.48,340.68,0.0442,synthetic_fabricated_from_policy_context,NERC publications; media reports
2023-03-01,PHED,Premium,residential,199.91,1085.77,0.1538,synthetic_fabricated_from_policy_context,NERC publications; media reports
2023-03-01,PHED,Premium,commercial,219.91,1413.15,0.1692,synthetic_fabricated_from_policy_context,NERC publications; media reports
2023-03-01,PHED,Premium,industrial,229.9,1630.88,0.1768,synthetic_fabricated_from_policy_context,NERC publications; media reports
2023-03-01,YEDC,A,residential,119.71,733.33,0.0921,synthetic_fabricated_from_policy_context,NERC publications; media reports
2023-03-01,YEDC,A,commercial,131.68,757.52,0.1013,synthetic_fabricated_from_policy_context,NERC publications; media reports
2023-03-01,YEDC,A,industrial,137.67,792.67,0.1059,synthetic_fabricated_from_policy_context,NERC publications; media reports
2023-03-01,YEDC,B,residential,95.77,706.26,0.0737,synthetic_fabricated_from_policy_context,NERC publications; media reports
2023-03-01,YEDC,B,commercial,105.35,598.62,0.081,synthetic_fabricated_from_policy_context,NERC publications; media reports
2023-03-01,YEDC,B,industrial,110.14,677.84,0.0847,synthetic_fabricated_from_policy_context,NERC publications; media reports
2023-03-01,YEDC,C,residential,76.62,455.74,0.0589,synthetic_fabricated_from_policy_context,NERC publications; media reports
2023-03-01,YEDC,C,commercial,84.28,516.49,0.0648,synthetic_fabricated_from_policy_context,NERC publications; media reports
2023-03-01,YEDC,C,industrial,88.11,625.77,0.0678,synthetic_fabricated_from_policy_context,NERC publications; media reports
2023-03-01,YEDC,D,residential,62.25,322.35,0.0479,synthetic_fabricated_from_policy_context,NERC publications; media reports
2023-03-01,YEDC,D,commercial,68.48,404.59,0.0527,synthetic_fabricated_from_policy_context,NERC publications; media reports
2023-03-01,YEDC,D,industrial,71.59,516.91,0.0551,synthetic_fabricated_from_policy_context,NERC publications; media reports
2023-03-01,YEDC,E,residential,47.89,272.36,0.0368,synthetic_fabricated_from_policy_context,NERC publications; media reports
2023-03-01,YEDC,E,commercial,52.67,297.31,0.0405,synthetic_fabricated_from_policy_context,NERC publications; media reports
2023-03-01,YEDC,E,industrial,55.07,293.68,0.0424,synthetic_fabricated_from_policy_context,NERC publications; media reports
2023-03-01,YEDC,Premium,residential,191.54,1376.91,0.1473,synthetic_fabricated_from_policy_context,NERC publications; media reports
2023-03-01,YEDC,Premium,commercial,210.69,1056.5,0.1621,synthetic_fabricated_from_policy_context,NERC publications; media reports
2023-03-01,YEDC,Premium,industrial,220.27,1154.55,0.1694,synthetic_fabricated_from_policy_context,NERC publications; media reports
2023-04-01,AEDC,A,residential,129.77,774.15,0.0998,synthetic_fabricated_from_policy_context,NERC publications; media reports
2023-04-01,AEDC,A,commercial,142.75,890.55,0.1098,synthetic_fabricated_from_policy_context,NERC publications; media reports
2023-04-01,AEDC,A,industrial,149.24,893.85,0.1148,synthetic_fabricated_from_policy_context,NERC publications; media reports
2023-04-01,AEDC,B,residential,103.82,603.9,0.0799,synthetic_fabricated_from_policy_context,NERC publications; media reports
2023-04-01,AEDC,B,commercial,114.2,667.58,0.0878,synthetic_fabricated_from_policy_context,NERC publications; media reports
2023-04-01,AEDC,B,industrial,119.39,780.87,0.0918,synthetic_fabricated_from_policy_context,NERC publications; media reports
2023-04-01,AEDC,C,residential,83.05,467.73,0.0639,synthetic_fabricated_from_policy_context,NERC publications; media reports
2023-04-01,AEDC,C,commercial,91.36,480.33,0.0703,synthetic_fabricated_from_policy_context,NERC publications; media reports
2023-04-01,AEDC,C,industrial,95.51,614.5,0.0735,synthetic_fabricated_from_policy_context,NERC publications; media reports
2023-04-01,AEDC,D,residential,67.48,375.86,0.0519,synthetic_fabricated_from_policy_context,NERC publications; media reports
2023-04-01,AEDC,D,commercial,74.23,371.83,0.0571,synthetic_fabricated_from_policy_context,NERC publications; media reports
2023-04-01,AEDC,D,industrial,77.6,536.86,0.0597,synthetic_fabricated_from_policy_context,NERC publications; media reports
2023-04-01,AEDC,E,residential,51.91,327.2,0.0399,synthetic_fabricated_from_policy_context,NERC publications; media reports
2023-04-01,AEDC,E,commercial,57.1,265.22,0.0439,synthetic_fabricated_from_policy_context,NERC publications; media reports
2023-04-01,AEDC,E,industrial,59.69,403.95,0.0459,synthetic_fabricated_from_policy_context,NERC publications; media reports
2023-04-01,AEDC,Premium,residential,207.63,1374.43,0.1597,synthetic_fabricated_from_policy_context,NERC publications; media reports
2023-04-01,AEDC,Premium,commercial,228.4,1133.08,0.1757,synthetic_fabricated_from_policy_context,NERC publications; media reports
2023-04-01,AEDC,Premium,industrial,238.78,1380.25,0.1837,synthetic_fabricated_from_policy_context,NERC publications; media reports
2023-04-01,BEDC,A,residential,130.9,697.97,0.1007,synthetic_fabricated_from_policy_context,NERC publications; media reports
2023-04-01,BEDC,A,commercial,143.99,820.7,0.1108,synthetic_fabricated_from_policy_context,NERC publications; media reports
2023-04-01,BEDC,A,industrial,150.54,780.07,0.1158,synthetic_fabricated_from_policy_context,NERC publications; media reports
2023-04-01,BEDC,B,residential,104.72,671.0,0.0806,synthetic_fabricated_from_policy_context,NERC publications; media reports
2023-04-01,BEDC,B,commercial,115.2,720.59,0.0886,synthetic_fabricated_from_policy_context,NERC publications; media reports
2023-04-01,BEDC,B,industrial,120.43,665.82,0.0926,synthetic_fabricated_from_policy_context,NERC publications; media reports
2023-04-01,BEDC,C,residential,83.78,523.17,0.0644,synthetic_fabricated_from_policy_context,NERC publications; media reports
2023-04-01,BEDC,C,commercial,92.16,533.37,0.0709,synthetic_fabricated_from_policy_context,NERC publications; media reports
2023-04-01,BEDC,C,industrial,96.35,657.56,0.0741,synthetic_fabricated_from_policy_context,NERC publications; media reports
2023-04-01,BEDC,D,residential,68.07,447.73,0.0524,synthetic_fabricated_from_policy_context,NERC publications; media reports
2023-04-01,BEDC,D,commercial,74.88,402.0,0.0576,synthetic_fabricated_from_policy_context,NERC publications; media reports
2023-04-01,BEDC,D,industrial,78.28,387.25,0.0602,synthetic_fabricated_from_policy_context,NERC publications; media reports
2023-04-01,BEDC,E,residential,52.36,292.69,0.0403,synthetic_fabricated_from_policy_context,NERC publications; media reports
2023-04-01,BEDC,E,commercial,57.6,282.21,0.0443,synthetic_fabricated_from_policy_context,NERC publications; media reports
2023-04-01,BEDC,E,industrial,60.22,403.95,0.0463,synthetic_fabricated_from_policy_context,NERC publications; media reports
2023-04-01,BEDC,Premium,residential,209.45,1006.84,0.1611,synthetic_fabricated_from_policy_context,NERC publications; media reports
2023-04-01,BEDC,Premium,commercial,230.39,1380.69,0.1772,synthetic_fabricated_from_policy_context,NERC publications; media reports
2023-04-01,BEDC,Premium,industrial,240.86,1351.08,0.1853,synthetic_fabricated_from_policy_context,NERC publications; media reports
2023-04-01,EEDC,A,residential,143.45,638.57,0.1103,synthetic_fabricated_from_policy_context,NERC publications; media reports
2023-04-01,EEDC,A,commercial,157.8,858.64,0.1214,synthetic_fabricated_from_policy_context,NERC publications; media reports
2023-04-01,EEDC,A,industrial,164.97,895.09,0.1269,synthetic_fabricated_from_policy_context,NERC publications; media reports
2023-04-01,EEDC,B,residential,114.76,681.5,0.0883,synthetic_fabricated_from_policy_context,NERC publications; media reports
2023-04-01,EEDC,B,commercial,126.24,701.23,0.0971,synthetic_fabricated_from_policy_context,NERC publications; media reports
2023-04-01,EEDC,B,industrial,131.97,775.24,0.1015,synthetic_fabricated_from_policy_context,NERC publications; media reports
2023-04-01,EEDC,C,residential,91.81,414.37,0.0706,synthetic_fabricated_from_policy_context,NERC publications; media reports
2023-04-01,EEDC,C,commercial,100.99,462.55,0.0777,synthetic_fabricated_from_policy_context,NERC publications; media reports
2023-04-01,EEDC,C,industrial,105.58,574.21,0.0812,synthetic_fabricated_from_policy_context,NERC publications; media reports
2023-04-01,EEDC,D,residential,74.59,419.51,0.0574,synthetic_fabricated_from_policy_context,NERC publications; media reports
2023-04-01,EEDC,D,commercial,82.05,489.39,0.0631,synthetic_fabricated_from_policy_context,NERC publications; media reports
2023-04-01,EEDC,D,industrial,85.78,532.11,0.066,synthetic_fabricated_from_policy_context,NERC publications; media reports
2023-04-01,EEDC,E,residential,57.38,319.77,0.0441,synthetic_fabricated_from_policy_context,NERC publications; media reports
2023-04-01,EEDC,E,commercial,63.12,312.76,0.0486,synthetic_fabricated_from_policy_context,NERC publications; media reports
2023-04-01,EEDC,E,industrial,65.99,286.73,0.0508,synthetic_fabricated_from_policy_context,NERC publications; media reports
2023-04-01,EEDC,Premium,residential,229.52,1042.69,0.1766,synthetic_fabricated_from_policy_context,NERC publications; media reports
2023-04-01,EEDC,Premium,commercial,252.47,1262.37,0.1942,synthetic_fabricated_from_policy_context,NERC publications; media reports
2023-04-01,EEDC,Premium,industrial,263.95,1206.08,0.203,synthetic_fabricated_from_policy_context,NERC publications; media reports
2023-04-01,EKEDC,A,residential,139.46,668.88,0.1073,synthetic_fabricated_from_policy_context,NERC publications; media reports
2023-04-01,EKEDC,A,commercial,153.41,835.36,0.118,synthetic_fabricated_from_policy_context,NERC publications; media reports
2023-04-01,EKEDC,A,industrial,160.38,1034.81,0.1234,synthetic_fabricated_from_policy_context,NERC publications; media reports
2023-04-01,EKEDC,B,residential,111.57,559.84,0.0858,synthetic_fabricated_from_policy_context,NERC publications; media reports
2023-04-01,EKEDC,B,commercial,122.73,696.65,0.0944,synthetic_fabricated_from_policy_context,NERC publications; media reports
2023-04-01,EKEDC,B,industrial,128.3,743.21,0.0987,synthetic_fabricated_from_policy_context,NERC publications; media reports
2023-04-01,EKEDC,C,residential,89.25,435.7,0.0687,synthetic_fabricated_from_policy_context,NERC publications; media reports
2023-04-01,EKEDC,C,commercial,98.18,581.55,0.0755,synthetic_fabricated_from_policy_context,NERC publications; media reports
2023-04-01,EKEDC,C,industrial,102.64,460.18,0.079,synthetic_fabricated_from_policy_context,NERC publications; media reports
2023-04-01,EKEDC,D,residential,72.52,356.28,0.0558,synthetic_fabricated_from_policy_context,NERC publications; media reports
2023-04-01,EKEDC,D,commercial,79.77,510.95,0.0614,synthetic_fabricated_from_policy_context,NERC publications; media reports
2023-04-01,EKEDC,D,industrial,83.4,535.81,0.0642,synthetic_fabricated_from_policy_context,NERC publications; media reports
2023-04-01,EKEDC,E,residential,55.78,313.88,0.0429,synthetic_fabricated_from_policy_context,NERC publications; media reports
2023-04-01,EKEDC,E,commercial,61.36,307.9,0.0472,synthetic_fabricated_from_policy_context,NERC publications; media reports
2023-04-01,EKEDC,E,industrial,64.15,354.11,0.0493,synthetic_fabricated_from_policy_context,NERC publications; media reports
2023-04-01,EKEDC,Premium,residential,223.14,971.86,0.1716,synthetic_fabricated_from_policy_context,NERC publications; media reports
2023-04-01,EKEDC,Premium,commercial,245.45,1261.7,0.1888,synthetic_fabricated_from_policy_context,NERC publications; media reports
2023-04-01,EKEDC,Premium,industrial,256.61,1287.43,0.1974,synthetic_fabricated_from_policy_context,NERC publications; media reports
2023-04-01,IBEDC,A,residential,128.55,706.4,0.0989,synthetic_fabricated_from_policy_context,NERC publications; media reports
2023-04-01,IBEDC,A,commercial,141.41,918.73,0.1088,synthetic_fabricated_from_policy_context,NERC publications; media reports
2023-04-01,IBEDC,A,industrial,147.84,841.91,0.1137,synthetic_fabricated_from_policy_context,NERC publications; media reports
2023-04-01,IBEDC,B,residential,102.84,635.5,0.0791,synthetic_fabricated_from_policy_context,NERC publications; media reports
2023-04-01,IBEDC,B,commercial,113.13,716.76,0.087,synthetic_fabricated_from_policy_context,NERC publications; media reports
2023-04-01,IBEDC,B,industrial,118.27,641.23,0.091,synthetic_fabricated_from_policy_context,NERC publications; media reports
2023-04-01,IBEDC,C,residential,82.27,466.84,0.0633,synthetic_fabricated_from_policy_context,NERC publications; media reports
2023-04-01,IBEDC,C,commercial,90.5,593.01,0.0696,synthetic_fabricated_from_policy_context,NERC publications; media reports
2023-04-01,IBEDC,C,industrial,94.62,599.63,0.0728,synthetic_fabricated_from_policy_context,NERC publications; media reports
2023-04-01,IBEDC,D,residential,66.85,400.66,0.0514,synthetic_fabricated_from_policy_context,NERC publications; media reports
2023-04-01,IBEDC,D,commercial,73.53,502.98,0.0566,synthetic_fabricated_from_policy_context,NERC publications; media reports
2023-04-01,IBEDC,D,industrial,76.88,485.1,0.0591,synthetic_fabricated_from_policy_context,NERC publications; media reports
2023-04-01,IBEDC,E,residential,51.42,262.12,0.0396,synthetic_fabricated_from_policy_context,NERC publications; media reports
2023-04-01,IBEDC,E,commercial,56.56,303.92,0.0435,synthetic_fabricated_from_policy_context,NERC publications; media reports
2023-04-01,IBEDC,E,industrial,59.13,385.35,0.0455,synthetic_fabricated_from_policy_context,NERC publications; media reports
2023-04-01,IBEDC,Premium,residential,205.69,1350.83,0.1582,synthetic_fabricated_from_policy_context,NERC publications; media reports
2023-04-01,IBEDC,Premium,commercial,226.25,1302.63,0.174,synthetic_fabricated_from_policy_context,NERC publications; media reports
2023-04-01,IBEDC,Premium,industrial,236.54,1281.89,0.182,synthetic_fabricated_from_policy_context,NERC publications; media reports
2023-04-01,IKEDC,A,residential,139.4,775.1,0.1072,synthetic_fabricated_from_policy_context,NERC publications; media reports
2023-04-01,IKEDC,A,commercial,153.34,978.63,0.118,synthetic_fabricated_from_policy_context,NERC publications; media reports
2023-04-01,IKEDC,A,industrial,160.31,919.12,0.1233,synthetic_fabricated_from_policy_context,NERC publications; media reports
2023-04-01,IKEDC,B,residential,111.52,543.11,0.0858,synthetic_fabricated_from_policy_context,NERC publications; media reports
2023-04-01,IKEDC,B,commercial,122.67,705.93,0.0944,synthetic_fabricated_from_policy_context,NERC publications; media reports
2023-04-01,IKEDC,B,industrial,128.25,665.01,0.0987,synthetic_fabricated_from_policy_context,NERC publications; media reports
2023-04-01,IKEDC,C,residential,89.22,429.51,0.0686,synthetic_fabricated_from_policy_context,NERC publications; media reports
2023-04-01,IKEDC,C,commercial,98.14,475.74,0.0755,synthetic_fabricated_from_policy_context,NERC publications; media reports
2023-04-01,IKEDC,C,industrial,102.6,578.78,0.0789,synthetic_fabricated_from_policy_context,NERC publications; media reports
2023-04-01,IKEDC,D,residential,72.49,319.57,0.0558,synthetic_fabricated_from_policy_context,NERC publications; media reports
2023-04-01,IKEDC,D,commercial,79.74,452.94,0.0613,synthetic_fabricated_from_policy_context,NERC publications; media reports
2023-04-01,IKEDC,D,industrial,83.36,449.62,0.0641,synthetic_fabricated_from_policy_context,NERC publications; media reports
2023-04-01,IKEDC,E,residential,55.76,337.79,0.0429,synthetic_fabricated_from_policy_context,NERC publications; media reports
2023-04-01,IKEDC,E,commercial,61.34,335.48,0.0472,synthetic_fabricated_from_policy_context,NERC publications; media reports
2023-04-01,IKEDC,E,industrial,64.12,333.75,0.0493,synthetic_fabricated_from_policy_context,NERC publications; media reports
2023-04-01,IKEDC,Premium,residential,223.04,1173.3,0.1716,synthetic_fabricated_from_policy_context,NERC publications; media reports
2023-04-01,IKEDC,Premium,commercial,245.35,1180.06,0.1887,synthetic_fabricated_from_policy_context,NERC publications; media reports
2023-04-01,IKEDC,Premium,industrial,256.5,1239.87,0.1973,synthetic_fabricated_from_policy_context,NERC publications; media reports
2023-04-01,JED,A,residential,140.09,875.8,0.1078,synthetic_fabricated_from_policy_context,NERC publications; media reports
2023-04-01,JED,A,commercial,154.1,859.61,0.1185,synthetic_fabricated_from_policy_context,NERC publications; media reports
2023-04-01,JED,A,industrial,161.11,879.51,0.1239,synthetic_fabricated_from_policy_context,NERC publications; media reports
2023-04-01,JED,B,residential,112.08,685.57,0.0862,synthetic_fabricated_from_policy_context,NERC publications; media reports
2023-04-01,JED,B,commercial,123.28,586.8,0.0948,synthetic_fabricated_from_policy_context,NERC publications; media reports
2023-04-01,JED,B,industrial,128.89,579.05,0.0991,synthetic_fabricated_from_policy_context,NERC publications; media reports
2023-04-01,JED,C,residential,89.66,556.71,0.069,synthetic_fabricated_from_policy_context,NERC publications; media reports
2023-04-01,JED,C,commercial,98.63,588.64,0.0759,synthetic_fabricated_from_policy_context,NERC publications; media reports
2023-04-01,JED,C,industrial,103.11,498.83,0.0793,synthetic_fabricated_from_policy_context,NERC publications; media reports
2023-04-01,JED,D,residential,72.85,411.88,0.056,synthetic_fabricated_from_policy_context,NERC publications; media reports
2023-04-01,JED,D,commercial,80.13,507.93,0.0616,synthetic_fabricated_from_policy_context,NERC publications; media reports
2023-04-01,JED,D,industrial,83.78,499.45,0.0644,synthetic_fabricated_from_policy_context,NERC publications; media reports
2023-04-01,JED,E,residential,56.04,299.26,0.0431,synthetic_fabricated_from_policy_context,NERC publications; media reports
2023-04-01,JED,E,commercial,61.64,367.24,0.0474,synthetic_fabricated_from_policy_context,NERC publications; media reports
2023-04-01,JED,E,industrial,64.44,385.37,0.0496,synthetic_fabricated_from_policy_context,NERC publications; media reports
2023-04-01,JED,Premium,residential,224.15,1276.66,0.1724,synthetic_fabricated_from_policy_context,NERC publications; media reports
2023-04-01,JED,Premium,commercial,246.57,1569.2,0.1897,synthetic_fabricated_from_policy_context,NERC publications; media reports
2023-04-01,JED,Premium,industrial,257.77,1263.84,0.1983,synthetic_fabricated_from_policy_context,NERC publications; media reports
2023-04-01,KAEDCO,A,residential,122.07,832.96,0.0939,synthetic_fabricated_from_policy_context,NERC publications; media reports
2023-04-01,KAEDCO,A,commercial,134.28,812.63,0.1033,synthetic_fabricated_from_policy_context,NERC publications; media reports
2023-04-01,KAEDCO,A,industrial,140.39,714.45,0.108,synthetic_fabricated_from_policy_context,NERC publications; media reports
2023-04-01,KAEDCO,B,residential,97.66,717.58,0.0751,synthetic_fabricated_from_policy_context,NERC publications; media reports
2023-04-01,KAEDCO,B,commercial,107.43,570.49,0.0826,synthetic_fabricated_from_policy_context,NERC publications; media reports
2023-04-01,KAEDCO,B,industrial,112.31,590.48,0.0864,synthetic_fabricated_from_policy_context,NERC publications; media reports
2023-04-01,KAEDCO,C,residential,78.13,410.65,0.0601,synthetic_fabricated_from_policy_context,NERC publications; media reports
2023-04-01,KAEDCO,C,commercial,85.94,481.73,0.0661,synthetic_fabricated_from_policy_context,NERC publications; media reports
2023-04-01,KAEDCO,C,industrial,89.85,595.42,0.0691,synthetic_fabricated_from_policy_context,NERC publications; media reports
2023-04-01,KAEDCO,D,residential,63.48,430.21,0.0488,synthetic_fabricated_from_policy_context,NERC publications; media reports
2023-04-01,KAEDCO,D,commercial,69.83,386.44,0.0537,synthetic_fabricated_from_policy_context,NERC publications; media reports
2023-04-01,KAEDCO,D,industrial,73.0,450.25,0.0562,synthetic_fabricated_from_policy_context,NERC publications; media reports
2023-04-01,KAEDCO,E,residential,48.83,334.28,0.0376,synthetic_fabricated_from_policy_context,NERC publications; media reports
2023-04-01,KAEDCO,E,commercial,53.71,265.99,0.0413,synthetic_fabricated_from_policy_context,NERC publications; media reports
2023-04-01,KAEDCO,E,industrial,56.15,352.65,0.0432,synthetic_fabricated_from_policy_context,NERC publications; media reports
2023-04-01,KAEDCO,Premium,residential,195.32,1324.35,0.1502,synthetic_fabricated_from_policy_context,NERC publications; media reports
2023-04-01,KAEDCO,Premium,commercial,214.85,1569.06,0.1653,synthetic_fabricated_from_policy_context,NERC publications; media reports
2023-04-01,KAEDCO,Premium,industrial,224.62,1181.57,0.1728,synthetic_fabricated_from_policy_context,NERC publications; media reports
2023-04-01,KEDCO,A,residential,124.22,759.6,0.0956,synthetic_fabricated_from_policy_context,NERC publications; media reports
2023-04-01,KEDCO,A,commercial,136.64,704.71,0.1051,synthetic_fabricated_from_policy_context,NERC publications; media reports
2023-04-01,KEDCO,A,industrial,142.85,778.35,0.1099,synthetic_fabricated_from_policy_context,NERC publications; media reports
2023-04-01,KEDCO,B,residential,99.37,675.7,0.0764,synthetic_fabricated_from_policy_context,NERC publications; media reports
2023-04-01,KEDCO,B,commercial,109.31,713.2,0.0841,synthetic_fabricated_from_policy_context,NERC publications; media reports
2023-04-01,KEDCO,B,industrial,114.28,648.42,0.0879,synthetic_fabricated_from_policy_context,NERC publications; media reports
2023-04-01,KEDCO,C,residential,79.5,426.2,0.0612,synthetic_fabricated_from_policy_context,NERC publications; media reports
2023-04-01,KEDCO,C,commercial,87.45,532.02,0.0673,synthetic_fabricated_from_policy_context,NERC publications; media reports
2023-04-01,KEDCO,C,industrial,91.42,533.51,0.0703,synthetic_fabricated_from_policy_context,NERC publications; media reports
2023-04-01,KEDCO,D,residential,64.59,438.17,0.0497,synthetic_fabricated_from_policy_context,NERC publications; media reports
2023-04-01,KEDCO,D,commercial,71.05,473.47,0.0547,synthetic_fabricated_from_policy_context,NERC publications; media reports
2023-04-01,KEDCO,D,industrial,74.28,408.72,0.0571,synthetic_fabricated_from_policy_context,NERC publications; media reports
2023-04-01,KEDCO,E,residential,49.69,293.57,0.0382,synthetic_fabricated_from_policy_context,NERC publications; media reports
2023-04-01,KEDCO,E,commercial,54.65,342.54,0.042,synthetic_fabricated_from_policy_context,NERC publications; media reports
2023-04-01,KEDCO,E,industrial,57.14,314.99,0.044,synthetic_fabricated_from_policy_context,NERC publications; media reports
2023-04-01,KEDCO,Premium,residential,198.74,1171.98,0.1529,synthetic_fabricated_from_policy_context,NERC publications; media reports
2023-04-01,KEDCO,Premium,commercial,218.62,1434.04,0.1682,synthetic_fabricated_from_policy_context,NERC publications; media reports
2023-04-01,KEDCO,Premium,industrial,228.56,1435.45,0.1758,synthetic_fabricated_from_policy_context,NERC publications; media reports
2023-04-01,PHED,A,residential,117.53,739.67,0.0904,synthetic_fabricated_from_policy_context,NERC publications; media reports
2023-04-01,PHED,A,commercial,129.28,801.37,0.0994,synthetic_fabricated_from_policy_context,NERC publications; media reports
2023-04-01,PHED,A,industrial,135.16,916.24,0.104,synthetic_fabricated_from_policy_context,NERC publications; media reports
2023-04-01,PHED,B,residential,94.02,589.8,0.0723,synthetic_fabricated_from_policy_context,NERC publications; media reports
2023-04-01,PHED,B,commercial,103.42,532.0,0.0796,synthetic_fabricated_from_policy_context,NERC publications; media reports
2023-04-01,PHED,B,industrial,108.12,724.29,0.0832,synthetic_fabricated_from_policy_context,NERC publications; media reports
2023-04-01,PHED,C,residential,75.22,475.23,0.0579,synthetic_fabricated_from_policy_context,NERC publications; media reports
2023-04-01,PHED,C,commercial,82.74,510.43,0.0636,synthetic_fabricated_from_policy_context,NERC publications; media reports
2023-04-01,PHED,C,industrial,86.5,543.68,0.0665,synthetic_fabricated_from_policy_context,NERC publications; media reports
2023-04-01,PHED,D,residential,61.11,438.86,0.047,synthetic_fabricated_from_policy_context,NERC publications; media reports
2023-04-01,PHED,D,commercial,67.23,376.26,0.0517,synthetic_fabricated_from_policy_context,NERC publications; media reports
2023-04-01,PHED,D,industrial,70.28,508.62,0.0541,synthetic_fabricated_from_policy_context,NERC publications; media reports
2023-04-01,PHED,E,residential,47.01,350.79,0.0362,synthetic_fabricated_from_policy_context,NERC publications; media reports
2023-04-01,PHED,E,commercial,51.71,314.16,0.0398,synthetic_fabricated_from_policy_context,NERC publications; media reports
2023-04-01,PHED,E,industrial,54.06,332.94,0.0416,synthetic_fabricated_from_policy_context,NERC publications; media reports
2023-04-01,PHED,Premium,residential,188.04,1217.4,0.1446,synthetic_fabricated_from_policy_context,NERC publications; media reports
2023-04-01,PHED,Premium,commercial,206.85,1494.4,0.1591,synthetic_fabricated_from_policy_context,NERC publications; media reports
2023-04-01,PHED,Premium,industrial,216.25,1471.57,0.1663,synthetic_fabricated_from_policy_context,NERC publications; media reports
2023-04-01,YEDC,A,residential,140.25,609.58,0.1079,synthetic_fabricated_from_policy_context,NERC publications; media reports
2023-04-01,YEDC,A,commercial,154.28,767.72,0.1187,synthetic_fabricated_from_policy_context,NERC publications; media reports
2023-04-01,YEDC,A,industrial,161.29,789.36,0.1241,synthetic_fabricated_from_policy_context,NERC publications; media reports
2023-04-01,YEDC,B,residential,112.2,489.17,0.0863,synthetic_fabricated_from_policy_context,NERC publications; media reports
2023-04-01,YEDC,B,commercial,123.42,605.28,0.0949,synthetic_fabricated_from_policy_context,NERC publications; media reports
2023-04-01,YEDC,B,industrial,129.03,579.56,0.0993,synthetic_fabricated_from_policy_context,NERC publications; media reports
2023-04-01,YEDC,C,residential,89.76,536.11,0.069,synthetic_fabricated_from_policy_context,NERC publications; media reports
2023-04-01,YEDC,C,commercial,98.74,531.45,0.076,synthetic_fabricated_from_policy_context,NERC publications; media reports
2023-04-01,YEDC,C,industrial,103.22,550.38,0.0794,synthetic_fabricated_from_policy_context,NERC publications; media reports
2023-04-01,YEDC,D,residential,72.93,362.54,0.0561,synthetic_fabricated_from_policy_context,NERC publications; media reports
2023-04-01,YEDC,D,commercial,80.22,457.73,0.0617,synthetic_fabricated_from_policy_context,NERC publications; media reports
2023-04-01,YEDC,D,industrial,83.87,395.78,0.0645,synthetic_fabricated_from_policy_context,NERC publications; media reports
2023-04-01,YEDC,E,residential,56.1,293.03,0.0432,synthetic_fabricated_from_policy_context,NERC publications; media reports
2023-04-01,YEDC,E,commercial,61.71,289.04,0.0475,synthetic_fabricated_from_policy_context,NERC publications; media reports
2023-04-01,YEDC,E,industrial,64.52,383.23,0.0496,synthetic_fabricated_from_policy_context,NERC publications; media reports
2023-04-01,YEDC,Premium,residential,224.4,1041.86,0.1726,synthetic_fabricated_from_policy_context,NERC publications; media reports
2023-04-01,YEDC,Premium,commercial,246.84,1099.59,0.1899,synthetic_fabricated_from_policy_context,NERC publications; media reports
2023-04-01,YEDC,Premium,industrial,258.06,1217.55,0.1985,synthetic_fabricated_from_policy_context,NERC publications; media reports
2023-05-01,AEDC,A,residential,134.38,718.42,0.1034,synthetic_fabricated_from_policy_context,NERC publications; media reports
2023-05-01,AEDC,A,commercial,147.82,954.67,0.1137,synthetic_fabricated_from_policy_context,NERC publications; media reports
2023-05-01,AEDC,A,industrial,154.54,774.2,0.1189,synthetic_fabricated_from_policy_context,NERC publications; media reports
2023-05-01,AEDC,B,residential,107.5,609.79,0.0827,synthetic_fabricated_from_policy_context,NERC publications; media reports
2023-05-01,AEDC,B,commercial,118.25,789.4,0.091,synthetic_fabricated_from_policy_context,NERC publications; media reports
2023-05-01,AEDC,B,industrial,123.63,810.3,0.0951,synthetic_fabricated_from_policy_context,NERC publications; media reports
2023-05-01,AEDC,C,residential,86.0,564.16,0.0662,synthetic_fabricated_from_policy_context,NERC publications; media reports
2023-05-01,AEDC,C,commercial,94.6,597.65,0.0728,synthetic_fabricated_from_policy_context,NERC publications; media reports
2023-05-01,AEDC,C,industrial,98.9,484.06,0.0761,synthetic_fabricated_from_policy_context,NERC publications; media reports
2023-05-01,AEDC,D,residential,69.88,426.06,0.0538,synthetic_fabricated_from_policy_context,NERC publications; media reports
2023-05-01,AEDC,D,commercial,76.87,506.04,0.0591,synthetic_fabricated_from_policy_context,NERC publications; media reports
2023-05-01,AEDC,D,industrial,80.36,385.77,0.0618,synthetic_fabricated_from_policy_context,NERC publications; media reports
2023-05-01,AEDC,E,residential,53.75,350.21,0.0413,synthetic_fabricated_from_policy_context,NERC publications; media reports
2023-05-01,AEDC,E,commercial,59.13,343.54,0.0455,synthetic_fabricated_from_policy_context,NERC publications; media reports
2023-05-01,AEDC,E,industrial,61.81,290.09,0.0475,synthetic_fabricated_from_policy_context,NERC publications; media reports
2023-05-01,AEDC,Premium,residential,215.01,1398.86,0.1654,synthetic_fabricated_from_policy_context,NERC publications; media reports
2023-05-01,AEDC,Premium,commercial,236.51,1156.04,0.1819,synthetic_fabricated_from_policy_context,NERC publications; media reports
2023-05-01,AEDC,Premium,industrial,247.26,1412.74,0.1902,synthetic_fabricated_from_policy_context,NERC publications; media reports
2023-05-01,BEDC,A,residential,148.29,690.49,0.1141,synthetic_fabricated_from_policy_context,NERC publications; media reports
2023-05-01,BEDC,A,commercial,163.12,768.65,0.1255,synthetic_fabricated_from_policy_context,NERC publications; media reports
2023-05-01,BEDC,A,industrial,170.53,916.36,0.1312,synthetic_fabricated_from_policy_context,NERC publications; media reports
2023-05-01,BEDC,B,residential,118.63,612.25,0.0913,synthetic_fabricated_from_policy_context,NERC publications; media reports
2023-05-01,BEDC,B,commercial,130.49,644.31,0.1004,synthetic_fabricated_from_policy_context,NERC publications; media reports
2023-05-01,BEDC,B,industrial,136.42,791.67,0.1049,synthetic_fabricated_from_policy_context,NERC publications; media reports
2023-05-01,BEDC,C,residential,94.9,475.27,0.073,synthetic_fabricated_from_policy_context,NERC publications; media reports
2023-05-01,BEDC,C,commercial,104.39,622.83,0.0803,synthetic_fabricated_from_policy_context,NERC publications; media reports
2023-05-01,BEDC,C,industrial,109.14,475.44,0.084,synthetic_fabricated_from_policy_context,NERC publications; media reports
2023-05-01,BEDC,D,residential,77.11,465.0,0.0593,synthetic_fabricated_from_policy_context,NERC publications; media reports
2023-05-01,BEDC,D,commercial,84.82,383.04,0.0652,synthetic_fabricated_from_policy_context,NERC publications; media reports
2023-05-01,BEDC,D,industrial,88.68,472.76,0.0682,synthetic_fabricated_from_policy_context,NERC publications; media reports
2023-05-01,BEDC,E,residential,59.32,271.24,0.0456,synthetic_fabricated_from_policy_context,NERC publications; media reports
2023-05-01,BEDC,E,commercial,65.25,293.63,0.0502,synthetic_fabricated_from_policy_context,NERC publications; media reports
2023-05-01,BEDC,E,industrial,68.21,412.87,0.0525,synthetic_fabricated_from_policy_context,NERC publications; media reports
2023-05-01,BEDC,Premium,residential,237.26,1360.81,0.1825,synthetic_fabricated_from_policy_context,NERC publications; media reports
2023-05-01,BEDC,Premium,commercial,260.99,1228.55,0.2008,synthetic_fabricated_from_policy_context,NERC publications; media reports
2023-05-01,BEDC,Premium,industrial,272.85,1629.8,0.2099,synthetic_fabricated_from_policy_context,NERC publications; media reports
2023-05-01,EEDC,A,residential,133.08,600.44,0.1024,synthetic_fabricated_from_policy_context,NERC publications; media reports
2023-05-01,EEDC,A,commercial,146.39,945.44,0.1126,synthetic_fabricated_from_policy_context,NERC publications; media reports
2023-05-01,EEDC,A,industrial,153.05,762.68,0.1177,synthetic_fabricated_from_policy_context,NERC publications; media reports
2023-05-01,EEDC,B,residential,106.47,628.48,0.0819,synthetic_fabricated_from_policy_context,NERC publications; media reports
2023-05-01,EEDC,B,commercial,117.11,577.37,0.0901,synthetic_fabricated_from_policy_context,NERC publications; media reports
2023-05-01,EEDC,B,industrial,122.44,672.14,0.0942,synthetic_fabricated_from_policy_context,NERC publications; media reports
2023-05-01,EEDC,C,residential,85.17,444.04,0.0655,synthetic_fabricated_from_policy_context,NERC publications; media reports
2023-05-01,EEDC,C,commercial,93.69,520.7,0.0721,synthetic_fabricated_from_policy_context,NERC publications; media reports
2023-05-01,EEDC,C,industrial,97.95,661.11,0.0753,synthetic_fabricated_from_policy_context,NERC publications; media reports
2023-05-01,EEDC,D,residential,69.2,426.19,0.0532,synthetic_fabricated_from_policy_context,NERC publications; media reports
2023-05-01,EEDC,D,commercial,76.12,481.41,0.0586,synthetic_fabricated_from_policy_context,NERC publications; media reports
2023-05-01,EEDC,D,industrial,79.58,427.1,0.0612,synthetic_fabricated_from_policy_context,NERC publications; media reports
2023-05-01,EEDC,E,residential,53.23,354.42,0.0409,synthetic_fabricated_from_policy_context,NERC publications; media reports
2023-05-01,EEDC,E,commercial,58.56,345.94,0.045,synthetic_fabricated_from_policy_context,NERC publications; media reports
2023-05-01,EEDC,E,industrial,61.22,284.27,0.0471,synthetic_fabricated_from_policy_context,NERC publications; media reports
2023-05-01,EEDC,Premium,residential,212.93,1371.53,0.1638,synthetic_fabricated_from_policy_context,NERC publications; media reports
2023-05-01,EEDC,Premium,commercial,234.23,1359.81,0.1802,synthetic_fabricated_from_policy_context,NERC publications; media reports
2023-05-01,EEDC,Premium,industrial,244.87,1474.61,0.1884,synthetic_fabricated_from_policy_context,NERC publications; media reports
2023-05-01,EKEDC,A,residential,141.87,786.68,0.1091,synthetic_fabricated_from_policy_context,NERC publications; media reports
2023-05-01,EKEDC,A,commercial,156.06,739.95,0.12,synthetic_fabricated_from_policy_context,NERC publications; media reports
2023-05-01,EKEDC,A,industrial,163.15,760.55,0.1255,synthetic_fabricated_from_policy_context,NERC publications; media reports
2023-05-01,EKEDC,B,residential,113.5,616.51,0.0873,synthetic_fabricated_from_policy_context,NERC publications; media reports
2023-05-01,EKEDC,B,commercial,124.85,603.71,0.096,synthetic_fabricated_from_policy_context,NERC publications; media reports
2023-05-01,EKEDC,B,industrial,130.52,782.47,0.1004,synthetic_fabricated_from_policy_context,NERC publications; media reports
2023-05-01,EKEDC,C,residential,90.8,448.85,0.0698,synthetic_fabricated_from_policy_context,NERC publications; media reports
2023-05-01,EKEDC,C,commercial,99.88,472.92,0.0768,synthetic_fabricated_from_policy_context,NERC publications; media reports
2023-05-01,EKEDC,C,industrial,104.42,517.11,0.0803,synthetic_fabricated_from_policy_context,NERC publications; media reports
2023-05-01,EKEDC,D,residential,73.77,362.26,0.0567,synthetic_fabricated_from_policy_context,NERC publications; media reports
2023-05-01,EKEDC,D,commercial,81.15,387.39,0.0624,synthetic_fabricated_from_policy_context,NERC publications; media reports
2023-05-01,EKEDC,D,industrial,84.84,375.99,0.0653,synthetic_fabricated_from_policy_context,NERC publications; media reports
2023-05-01,EKEDC,E,residential,56.75,284.11,0.0437,synthetic_fabricated_from_policy_context,NERC publications; media reports
2023-05-01,EKEDC,E,commercial,62.42,348.62,0.048,synthetic_fabricated_from_policy_context,NERC publications; media reports
2023-05-01,EKEDC,E,industrial,65.26,352.07,0.0502,synthetic_fabricated_from_policy_context,NERC publications; media reports
2023-05-01,EKEDC,Premium,residential,227.0,1378.74,0.1746,synthetic_fabricated_from_policy_context,NERC publications; media reports
2023-05-01,EKEDC,Premium,commercial,249.7,1502.23,0.1921,synthetic_fabricated_from_policy_context,NERC publications; media reports
2023-05-01,EKEDC,Premium,industrial,261.05,1195.73,0.2008,synthetic_fabricated_from_policy_context,NERC publications; media reports
2023-05-01,IBEDC,A,residential,146.14,849.98,0.1124,synthetic_fabricated_from_policy_context,NERC publications; media reports
2023-05-01,IBEDC,A,commercial,160.75,789.2,0.1237,synthetic_fabricated_from_policy_context,NERC publications; media reports
2023-05-01,IBEDC,A,industrial,168.06,923.97,0.1293,synthetic_fabricated_from_policy_context,NERC publications; media reports
2023-05-01,IBEDC,B,residential,116.91,533.29,0.0899,synthetic_fabricated_from_policy_context,NERC publications; media reports
2023-05-01,IBEDC,B,commercial,128.6,597.2,0.0989,synthetic_fabricated_from_policy_context,NERC publications; media reports
2023-05-01,IBEDC,B,industrial,134.45,671.44,0.1034,synthetic_fabricated_from_policy_context,NERC publications; media reports
2023-05-01,IBEDC,C,residential,93.53,408.98,0.0719,synthetic_fabricated_from_policy_context,NERC publications; media reports
2023-05-01,IBEDC,C,commercial,102.88,452.95,0.0791,synthetic_fabricated_from_policy_context,NERC publications; media reports
2023-05-01,IBEDC,C,industrial,107.56,465.51,0.0827,synthetic_fabricated_from_policy_context,NERC publications; media reports
2023-05-01,IBEDC,D,residential,75.99,374.79,0.0585,synthetic_fabricated_from_policy_context,NERC publications; media reports
2023-05-01,IBEDC,D,commercial,83.59,421.52,0.0643,synthetic_fabricated_from_policy_context,NERC publications; media reports
2023-05-01,IBEDC,D,industrial,87.39,377.77,0.0672,synthetic_fabricated_from_policy_context,NERC publications; media reports
2023-05-01,IBEDC,E,residential,58.46,305.28,0.045,synthetic_fabricated_from_policy_context,NERC publications; media reports
2023-05-01,IBEDC,E,commercial,64.3,293.39,0.0495,synthetic_fabricated_from_policy_context,NERC publications; media reports
2023-05-01,IBEDC,E,industrial,67.22,366.31,0.0517,synthetic_fabricated_from_policy_context,NERC publications; media reports
2023-05-01,IBEDC,Premium,residential,233.82,1407.64,0.1799,synthetic_fabricated_from_policy_context,NERC publications; media reports
2023-05-01,IBEDC,Premium,commercial,257.2,1414.17,0.1978,synthetic_fabricated_from_policy_context,NERC publications; media reports
2023-05-01,IBEDC,Premium,industrial,268.9,1186.82,0.2068,synthetic_fabricated_from_policy_context,NERC publications; media reports
2023-05-01,IKEDC,A,residential,149.54,652.4,0.115,synthetic_fabricated_from_policy_context,NERC publications; media reports
2023-05-01,IKEDC,A,commercial,164.49,910.14,0.1265,synthetic_fabricated_from_policy_context,NERC publications; media reports
2023-05-01,IKEDC,A,industrial,171.97,873.2,0.1323,synthetic_fabricated_from_policy_context,NERC publications; media reports
2023-05-01,IKEDC,B,residential,119.63,555.9,0.092,synthetic_fabricated_from_policy_context,NERC publications; media reports
2023-05-01,IKEDC,B,commercial,131.59,688.2,0.1012,synthetic_fabricated_from_policy_context,NERC publications; media reports
2023-05-01,IKEDC,B,industrial,137.57,803.16,0.1058,synthetic_fabricated_from_policy_context,NERC publications; media reports
2023-05-01,IKEDC,C,residential,95.7,468.97,0.0736,synthetic_fabricated_from_policy_context,NERC publications; media reports
2023-05-01,IKEDC,C,commercial,105.27,598.35,0.081,synthetic_fabricated_from_policy_context,NERC publications; media reports
2023-05-01,IKEDC,C,industrial,110.06,647.91,0.0847,synthetic_fabricated_from_policy_context,NERC publications; media reports
2023-05-01,IKEDC,D,residential,77.76,395.02,0.0598,synthetic_fabricated_from_policy_context,NERC publications; media reports
2023-05-01,IKEDC,D,commercial,85.53,420.34,0.0658,synthetic_fabricated_from_policy_context,NERC publications; media reports
2023-05-01,IKEDC,D,industrial,89.42,420.07,0.0688,synthetic_fabricated_from_policy_context,NERC publications; media reports
2023-05-01,IKEDC,E,residential,59.81,319.0,0.046,synthetic_fabricated_from_policy_context,NERC publications; media reports
2023-05-01,IKEDC,E,commercial,65.8,324.57,0.0506,synthetic_fabricated_from_policy_context,NERC publications; media reports
2023-05-01,IKEDC,E,industrial,68.79,370.45,0.0529,synthetic_fabricated_from_policy_context,NERC publications; media reports
2023-05-01,IKEDC,Premium,residential,239.26,1207.63,0.184,synthetic_fabricated_from_policy_context,NERC publications; media reports
2023-05-01,IKEDC,Premium,commercial,263.18,1295.62,0.2024,synthetic_fabricated_from_policy_context,NERC publications; media reports
2023-05-01,IKEDC,Premium,industrial,275.15,1155.53,0.2117,synthetic_fabricated_from_policy_context,NERC publications; media reports
2023-05-01,JED,A,residential,144.74,667.79,0.1113,synthetic_fabricated_from_policy_context,NERC publications; media reports
2023-05-01,JED,A,commercial,159.21,759.7,0.1225,synthetic_fabricated_from_policy_context,NERC publications; media reports
2023-05-01,JED,A,industrial,166.45,994.46,0.128,synthetic_fabricated_from_policy_context,NERC publications; media reports
2023-05-01,JED,B,residential,115.79,611.54,0.0891,synthetic_fabricated_from_policy_context,NERC publications; media reports
2023-05-01,JED,B,commercial,127.37,667.75,0.098,synthetic_fabricated_from_policy_context,NERC publications; media reports
2023-05-01,JED,B,industrial,133.16,598.14,0.1024,synthetic_fabricated_from_policy_context,NERC publications; media reports
2023-05-01,JED,C,residential,92.63,480.01,0.0713,synthetic_fabricated_from_policy_context,NERC publications; media reports
2023-05-01,JED,C,commercial,101.9,531.26,0.0784,synthetic_fabricated_from_policy_context,NERC publications; media reports
2023-05-01,JED,C,industrial,106.53,558.07,0.0819,synthetic_fabricated_from_policy_context,NERC publications; media reports
2023-05-01,JED,D,residential,75.26,404.83,0.0579,synthetic_fabricated_from_policy_context,NERC publications; media reports
2023-05-01,JED,D,commercial,82.79,429.45,0.0637,synthetic_fabricated_from_policy_context,NERC publications; media reports
2023-05-01,JED,D,industrial,86.55,504.73,0.0666,synthetic_fabricated_from_policy_context,NERC publications; media reports
2023-05-01,JED,E,residential,57.9,307.98,0.0445,synthetic_fabricated_from_policy_context,NERC publications; media reports
2023-05-01,JED,E,commercial,63.69,367.06,0.049,synthetic_fabricated_from_policy_context,NERC publications; media reports
2023-05-01,JED,E,industrial,66.58,305.61,0.0512,synthetic_fabricated_from_policy_context,NERC publications; media reports
2023-05-01,JED,Premium,residential,231.58,1325.33,0.1781,synthetic_fabricated_from_policy_context,NERC publications; media reports
2023-05-01,JED,Premium,commercial,254.74,1224.56,0.196,synthetic_fabricated_from_policy_context,NERC publications; media reports
2023-05-01,JED,Premium,industrial,266.32,1310.22,0.2049,synthetic_fabricated_from_policy_context,NERC publications; media reports
2023-05-01,KAEDCO,A,residential,129.48,854.12,0.0996,synthetic_fabricated_from_policy_context,NERC publications; media reports
2023-05-01,KAEDCO,A,commercial,142.43,845.37,0.1096,synthetic_fabricated_from_policy_context,NERC publications; media reports
2023-05-01,KAEDCO,A,industrial,148.91,949.02,0.1145,synthetic_fabricated_from_policy_context,NERC publications; media reports
2023-05-01,KAEDCO,B,residential,103.59,681.47,0.0797,synthetic_fabricated_from_policy_context,NERC publications; media reports
2023-05-01,KAEDCO,B,commercial,113.95,605.25,0.0877,synthetic_fabricated_from_policy_context,NERC publications; media reports
2023-05-01,KAEDCO,B,industrial,119.12,707.49,0.0916,synthetic_fabricated_from_policy_context,NERC publications; media reports
2023-05-01,KAEDCO,C,residential,82.87,532.91,0.0637,synthetic_fabricated_from_policy_context,NERC publications; media reports
2023-05-01,KAEDCO,C,commercial,91.16,565.53,0.0701,synthetic_fabricated_from_policy_context,NERC publications; media reports
2023-05-01,KAEDCO,C,industrial,95.3,564.34,0.0733,synthetic_fabricated_from_policy_context,NERC publications; media reports
2023-05-01,KAEDCO,D,residential,67.33,332.93,0.0518,synthetic_fabricated_from_policy_context,NERC publications; media reports
2023-05-01,KAEDCO,D,commercial,74.06,432.77,0.057,synthetic_fabricated_from_policy_context,NERC publications; media reports
2023-05-01,KAEDCO,D,industrial,77.43,375.34,0.0596,synthetic_fabricated_from_policy_context,NERC publications; media reports
2023-05-01,KAEDCO,E,residential,51.79,356.5,0.0398,synthetic_fabricated_from_policy_context,NERC publications; media reports
2023-05-01,KAEDCO,E,commercial,56.97,311.42,0.0438,synthetic_fabricated_from_policy_context,NERC publications; media reports
2023-05-01,KAEDCO,E,industrial,59.56,393.74,0.0458,synthetic_fabricated_from_policy_context,NERC publications; media reports
2023-05-01,KAEDCO,Premium,residential,207.17,1297.38,0.1594,synthetic_fabricated_from_policy_context,NERC publications; media reports
2023-05-01,KAEDCO,Premium,commercial,227.89,1517.35,0.1753,synthetic_fabricated_from_policy_context,NERC publications; media reports
2023-05-01,KAEDCO,Premium,industrial,238.25,1286.02,0.1833,synthetic_fabricated_from_policy_context,NERC publications; media reports
2023-05-01,KEDCO,A,residential,153.23,791.37,0.1179,synthetic_fabricated_from_policy_context,NERC publications; media reports
2023-05-01,KEDCO,A,commercial,168.55,769.05,0.1297,synthetic_fabricated_from_policy_context,NERC publications; media reports
2023-05-01,KEDCO,A,industrial,176.21,754.77,0.1355,synthetic_fabricated_from_policy_context,NERC publications; media reports
2023-05-01,KEDCO,B,residential,122.58,560.43,0.0943,synthetic_fabricated_from_policy_context,NERC publications; media reports
2023-05-01,KEDCO,B,commercial,134.84,686.68,0.1037,synthetic_fabricated_from_policy_context,NERC publications; media reports
2023-05-01,KEDCO,B,industrial,140.97,682.12,0.1084,synthetic_fabricated_from_policy_context,NERC publications; media reports
2023-05-01,KEDCO,C,residential,98.07,551.91,0.0754,synthetic_fabricated_from_policy_context,NERC publications; media reports
2023-05-01,KEDCO,C,commercial,107.87,574.7,0.083,synthetic_fabricated_from_policy_context,NERC publications; media reports
2023-05-01,KEDCO,C,industrial,112.78,498.01,0.0868,synthetic_fabricated_from_policy_context,NERC publications; media reports
2023-05-01,KEDCO,D,residential,79.68,424.96,0.0613,synthetic_fabricated_from_policy_context,NERC publications; media reports
2023-05-01,KEDCO,D,commercial,87.65,461.38,0.0674,synthetic_fabricated_from_policy_context,NERC publications; media reports
2023-05-01,KEDCO,D,industrial,91.63,446.35,0.0705,synthetic_fabricated_from_policy_context,NERC publications; media reports
2023-05-01,KEDCO,E,residential,61.29,282.16,0.0471,synthetic_fabricated_from_policy_context,NERC publications; media reports
2023-05-01,KEDCO,E,commercial,67.42,294.4,0.0519,synthetic_fabricated_from_policy_context,NERC publications; media reports
2023-05-01,KEDCO,E,industrial,70.49,365.24,0.0542,synthetic_fabricated_from_policy_context,NERC publications; media reports
2023-05-01,KEDCO,Premium,residential,245.17,1368.61,0.1886,synthetic_fabricated_from_policy_context,NERC publications; media reports
2023-05-01,KEDCO,Premium,commercial,269.68,1296.54,0.2074,synthetic_fabricated_from_policy_context,NERC publications; media reports
2023-05-01,KEDCO,Premium,industrial,281.94,1415.54,0.2169,synthetic_fabricated_from_policy_context,NERC publications; media reports
2023-05-01,PHED,A,residential,136.13,653.92,0.1047,synthetic_fabricated_from_policy_context,NERC publications; media reports
2023-05-01,PHED,A,commercial,149.75,880.52,0.1152,synthetic_fabricated_from_policy_context,NERC publications; media reports
2023-05-01,PHED,A,industrial,156.55,996.38,0.1204,synthetic_fabricated_from_policy_context,NERC publications; media reports
2023-05-01,PHED,B,residential,108.91,480.09,0.0838,synthetic_fabricated_from_policy_context,NERC publications; media reports
2023-05-01,PHED,B,commercial,119.8,581.07,0.0922,synthetic_fabricated_from_policy_context,NERC publications; media reports
2023-05-01,PHED,B,industrial,125.24,662.96,0.0963,synthetic_fabricated_from_policy_context,NERC publications; media reports
2023-05-01,PHED,C,residential,87.12,533.67,0.067,synthetic_fabricated_from_policy_context,NERC publications; media reports
2023-05-01,PHED,C,commercial,95.84,467.57,0.0737,synthetic_fabricated_from_policy_context,NERC publications; media reports
2023-05-01,PHED,C,industrial,100.19,543.36,0.0771,synthetic_fabricated_from_policy_context,NERC publications; media reports
2023-05-01,PHED,D,residential,70.79,403.25,0.0545,synthetic_fabricated_from_policy_context,NERC publications; media reports
2023-05-01,PHED,D,commercial,77.87,440.98,0.0599,synthetic_fabricated_from_policy_context,NERC publications; media reports
2023-05-01,PHED,D,industrial,81.41,446.31,0.0626,synthetic_fabricated_from_policy_context,NERC publications; media reports
2023-05-01,PHED,E,residential,54.45,271.12,0.0419,synthetic_fabricated_from_policy_context,NERC publications; media reports
2023-05-01,PHED,E,commercial,59.9,292.04,0.0461,synthetic_fabricated_from_policy_context,NERC publications; media reports
2023-05-01,PHED,E,industrial,62.62,404.61,0.0482,synthetic_fabricated_from_policy_context,NERC publications; media reports
2023-05-01,PHED,Premium,residential,217.81,1313.36,0.1675,synthetic_fabricated_from_policy_context,NERC publications; media reports
2023-05-01,PHED,Premium,commercial,239.59,1190.2,0.1843,synthetic_fabricated_from_policy_context,NERC publications; media reports
2023-05-01,PHED,Premium,industrial,250.48,1220.25,0.1927,synthetic_fabricated_from_policy_context,NERC publications; media reports
2023-05-01,YEDC,A,residential,136.96,832.63,0.1054,synthetic_fabricated_from_policy_context,NERC publications; media reports
2023-05-01,YEDC,A,commercial,150.65,786.9,0.1159,synthetic_fabricated_from_policy_context,NERC publications; media reports
2023-05-01,YEDC,A,industrial,157.5,958.21,0.1212,synthetic_fabricated_from_policy_context,NERC publications; media reports
2023-05-01,YEDC,B,residential,109.57,591.88,0.0843,synthetic_fabricated_from_policy_context,NERC publications; media reports
2023-05-01,YEDC,B,commercial,120.52,532.67,0.0927,synthetic_fabricated_from_policy_context,NERC publications; media reports
2023-05-01,YEDC,B,industrial,126.0,752.87,0.0969,synthetic_fabricated_from_policy_context,NERC publications; media reports
2023-05-01,YEDC,C,residential,87.65,569.98,0.0674,synthetic_fabricated_from_policy_context,NERC publications; media reports
2023-05-01,YEDC,C,commercial,96.42,566.43,0.0742,synthetic_fabricated_from_policy_context,NERC publications; media reports
2023-05-01,YEDC,C,industrial,100.8,522.91,0.0775,synthetic_fabricated_from_policy_context,NERC publications; media reports
2023-05-01,YEDC,D,residential,71.22,410.18,0.0548,synthetic_fabricated_from_policy_context,NERC publications; media reports
2023-05-01,YEDC,D,commercial,78.34,372.43,0.0603,synthetic_fabricated_from_policy_context,NERC publications; media reports
2023-05-01,YEDC,D,industrial,81.9,437.16,0.063,synthetic_fabricated_from_policy_context,NERC publications; media reports
2023-05-01,YEDC,E,residential,54.78,346.05,0.0421,synthetic_fabricated_from_policy_context,NERC publications; media reports
2023-05-01,YEDC,E,commercial,60.26,392.27,0.0464,synthetic_fabricated_from_policy_context,NERC publications; media reports
2023-05-01,YEDC,E,industrial,63.0,330.92,0.0485,synthetic_fabricated_from_policy_context,NERC publications; media reports
2023-05-01,YEDC,Premium,residential,219.13,1227.52,0.1686,synthetic_fabricated_from_policy_context,NERC publications; media reports
2023-05-01,YEDC,Premium,commercial,241.05,1086.48,0.1854,synthetic_fabricated_from_policy_context,NERC publications; media reports
2023-05-01,YEDC,Premium,industrial,252.0,1196.89,0.1938,synthetic_fabricated_from_policy_context,NERC publications; media reports
2023-06-01,AEDC,A,residential,149.38,643.39,0.1149,synthetic_fabricated_from_policy_context,NERC publications; media reports
2023-06-01,AEDC,A,commercial,164.31,966.19,0.1264,synthetic_fabricated_from_policy_context,NERC publications; media reports
2023-06-01,AEDC,A,industrial,171.78,799.09,0.1321,synthetic_fabricated_from_policy_context,NERC publications; media reports
2023-06-01,AEDC,B,residential,119.5,482.35,0.0919,synthetic_fabricated_from_policy_context,NERC publications; media reports
2023-06-01,AEDC,B,commercial,131.45,531.06,0.1011,synthetic_fabricated_from_policy_context,NERC publications; media reports
2023-06-01,AEDC,B,industrial,137.43,704.57,0.1057,synthetic_fabricated_from_policy_context,NERC publications; media reports
2023-06-01,AEDC,C,residential,95.6,539.2,0.0735,synthetic_fabricated_from_policy_context,NERC publications; media reports
2023-06-01,AEDC,C,commercial,105.16,612.61,0.0809,synthetic_fabricated_from_policy_context,NERC publications; media reports
2023-06-01,AEDC,C,industrial,109.94,660.33,0.0846,synthetic_fabricated_from_policy_context,NERC publications; media reports
2023-06-01,AEDC,D,residential,77.68,421.2,0.0598,synthetic_fabricated_from_policy_context,NERC publications; media reports
2023-06-01,AEDC,D,commercial,85.44,387.77,0.0657,synthetic_fabricated_from_policy_context,NERC publications; media reports
2023-06-01,AEDC,D,industrial,89.33,501.59,0.0687,synthetic_fabricated_from_policy_context,NERC publications; media reports
2023-06-01,AEDC,E,residential,59.75,339.73,0.046,synthetic_fabricated_from_policy_context,NERC publications; media reports
2023-06-01,AEDC,E,commercial,65.73,268.64,0.0506,synthetic_fabricated_from_policy_context,NERC publications; media reports
2023-06-01,AEDC,E,industrial,68.71,309.06,0.0529,synthetic_fabricated_from_policy_context,NERC publications; media reports
2023-06-01,AEDC,Premium,residential,239.0,1101.11,0.1838,synthetic_fabricated_from_policy_context,NERC publications; media reports
2023-06-01,AEDC,Premium,commercial,262.9,1549.61,0.2022,synthetic_fabricated_from_policy_context,NERC publications; media reports
2023-06-01,AEDC,Premium,industrial,274.85,1176.41,0.2114,synthetic_fabricated_from_policy_context,NERC publications; media reports
2023-06-01,BEDC,A,residential,153.23,745.97,0.1179,synthetic_fabricated_from_policy_context,NERC publications; media reports
2023-06-01,BEDC,A,commercial,168.55,950.95,0.1297,synthetic_fabricated_from_policy_context,NERC publications; media reports
2023-06-01,BEDC,A,industrial,176.21,760.65,0.1355,synthetic_fabricated_from_policy_context,NERC publications; media reports
2023-06-01,BEDC,B,residential,122.58,541.79,0.0943,synthetic_fabricated_from_policy_context,NERC publications; media reports
2023-06-01,BEDC,B,commercial,134.84,611.52,0.1037,synthetic_fabricated_from_policy_context,NERC publications; media reports
2023-06-01,BEDC,B,industrial,140.97,663.63,0.1084,synthetic_fabricated_from_policy_context,NERC publications; media reports
2023-06-01,BEDC,C,residential,98.06,385.3,0.0754,synthetic_fabricated_from_policy_context,NERC publications; media reports
2023-06-01,BEDC,C,commercial,107.87,620.41,0.083,synthetic_fabricated_from_policy_context,NERC publications; media reports
2023-06-01,BEDC,C,industrial,112.77,495.62,0.0867,synthetic_fabricated_from_policy_context,NERC publications; media reports
2023-06-01,BEDC,D,residential,79.68,376.77,0.0613,synthetic_fabricated_from_policy_context,NERC publications; media reports
2023-06-01,BEDC,D,commercial,87.64,466.56,0.0674,synthetic_fabricated_from_policy_context,NERC publications; media reports
2023-06-01,BEDC,D,industrial,91.63,397.5,0.0705,synthetic_fabricated_from_policy_context,NERC publications; media reports
2023-06-01,BEDC,E,residential,61.29,245.43,0.0471,synthetic_fabricated_from_policy_context,NERC publications; media reports
2023-06-01,BEDC,E,commercial,67.42,327.67,0.0519,synthetic_fabricated_from_policy_context,NERC publications; media reports
2023-06-01,BEDC,E,industrial,70.48,392.82,0.0542,synthetic_fabricated_from_policy_context,NERC publications; media reports
2023-06-01,BEDC,Premium,residential,245.16,990.31,0.1886,synthetic_fabricated_from_policy_context,NERC publications; media reports
2023-06-01,BEDC,Premium,commercial,269.68,1177.29,0.2074,synthetic_fabricated_from_policy_context,NERC publications; media reports
2023-06-01,BEDC,Premium,industrial,281.93,1472.42,0.2169,synthetic_fabricated_from_policy_context,NERC publications; media reports
2023-06-01,EEDC,A,residential,136.55,746.22,0.105,synthetic_fabricated_from_policy_context,NERC publications; media reports
2023-06-01,EEDC,A,commercial,150.21,895.24,0.1155,synthetic_fabricated_from_policy_context,NERC publications; media reports
2023-06-01,EEDC,A,industrial,157.03,1009.51,0.1208,synthetic_fabricated_from_policy_context,NERC publications; media reports
2023-06-01,EEDC,B,residential,109.24,534.12,0.084,synthetic_fabricated_from_policy_context,NERC publications; media reports
2023-06-01,EEDC,B,commercial,120.17,635.08,0.0924,synthetic_fabricated_from_policy_context,NERC publications; media reports
2023-06-01,EEDC,B,industrial,125.63,672.51,0.0966,synthetic_fabricated_from_policy_context,NERC publications; media reports
2023-06-01,EEDC,C,residential,87.39,543.02,0.0672,synthetic_fabricated_from_policy_context,NERC publications; media reports
2023-06-01,EEDC,C,commercial,96.13,618.93,0.0739,synthetic_fabricated_from_policy_context,NERC publications; media reports
2023-06-01,EEDC,C,industrial,100.5,632.13,0.0773,synthetic_fabricated_from_policy_context,NERC publications; media reports
2023-06-01,EEDC,D,residential,71.01,421.95,0.0546,synthetic_fabricated_from_policy_context,NERC publications; media reports
2023-06-01,EEDC,D,commercial,78.11,457.25,0.0601,synthetic_fabricated_from_policy_context,NERC publications; media reports
2023-06-01,EEDC,D,industrial,81.66,434.81,0.0628,synthetic_fabricated_from_policy_context,NERC publications; media reports
2023-06-01,EEDC,E,residential,54.62,253.2,0.042,synthetic_fabricated_from_policy_context,NERC publications; media reports
2023-06-01,EEDC,E,commercial,60.08,290.6,0.0462,synthetic_fabricated_from_policy_context,NERC publications; media reports
2023-06-01,EEDC,E,industrial,62.81,411.99,0.0483,synthetic_fabricated_from_policy_context,NERC publications; media reports
2023-06-01,EEDC,Premium,residential,218.48,1357.82,0.1681,synthetic_fabricated_from_policy_context,NERC publications; media reports
2023-06-01,EEDC,Premium,commercial,240.33,1322.36,0.1849,synthetic_fabricated_from_policy_context,NERC publications; media reports
2023-06-01,EEDC,Premium,industrial,251.26,1395.06,0.1933,synthetic_fabricated_from_policy_context,NERC publications; media reports
2023-06-01,EKEDC,A,residential,133.35,805.87,0.1026,synthetic_fabricated_from_policy_context,NERC publications; media reports
2023-06-01,EKEDC,A,commercial,146.69,773.95,0.1128,synthetic_fabricated_from_policy_context,NERC publications; media reports
2023-06-01,EKEDC,A,industrial,153.35,1005.69,0.118,synthetic_fabricated_from_policy_context,NERC publications; media reports
2023-06-01,EKEDC,B,residential,106.68,558.36,0.0821,synthetic_fabricated_from_policy_context,NERC publications; media reports
2023-06-01,EKEDC,B,commercial,117.35,782.93,0.0903,synthetic_fabricated_from_policy_context,NERC publications; media reports
2023-06-01,EKEDC,B,industrial,122.68,634.14,0.0944,synthetic_fabricated_from_policy_context,NERC publications; media reports
2023-06-01,EKEDC,C,residential,85.34,504.75,0.0656,synthetic_fabricated_from_policy_context,NERC publications; media reports
2023-06-01,EKEDC,C,commercial,93.88,472.85,0.0722,synthetic_fabricated_from_policy_context,NERC publications; media reports
2023-06-01,EKEDC,C,industrial,98.15,567.25,0.0755,synthetic_fabricated_from_policy_context,NERC publications; media reports
2023-06-01,EKEDC,D,residential,69.34,356.18,0.0533,synthetic_fabricated_from_policy_context,NERC publications; media reports
2023-06-01,EKEDC,D,commercial,76.28,473.05,0.0587,synthetic_fabricated_from_policy_context,NERC publications; media reports
2023-06-01,EKEDC,D,industrial,79.74,399.42,0.0613,synthetic_fabricated_from_policy_context,NERC publications; media reports
2023-06-01,EKEDC,E,residential,53.34,317.25,0.041,synthetic_fabricated_from_policy_context,NERC publications; media reports
2023-06-01,EKEDC,E,commercial,58.67,383.06,0.0451,synthetic_fabricated_from_policy_context,NERC publications; media reports
2023-06-01,EKEDC,E,industrial,61.34,362.34,0.0472,synthetic_fabricated_from_policy_context,NERC publications; media reports
2023-06-01,EKEDC,Premium,residential,213.36,1385.69,0.1641,synthetic_fabricated_from_policy_context,NERC publications; media reports
2023-06-01,EKEDC,Premium,commercial,234.7,1066.31,0.1805,synthetic_fabricated_from_policy_context,NERC publications; media reports
2023-06-01,EKEDC,Premium,industrial,245.37,1506.47,0.1887,synthetic_fabricated_from_policy_context,NERC publications; media reports
2023-06-01,IBEDC,A,residential,140.36,629.55,0.108,synthetic_fabricated_from_policy_context,NERC publications; media reports
2023-06-01,IBEDC,A,commercial,154.39,966.77,0.1188,synthetic_fabricated_from_policy_context,NERC publications; media reports
2023-06-01,IBEDC,A,industrial,161.41,872.94,0.1242,synthetic_fabricated_from_policy_context,NERC publications; media reports
2023-06-01,IBEDC,B,residential,112.29,613.33,0.0864,synthetic_fabricated_from_policy_context,NERC publications; media reports
2023-06-01,IBEDC,B,commercial,123.51,773.27,0.095,synthetic_fabricated_from_policy_context,NERC publications; media reports
2023-06-01,IBEDC,B,industrial,129.13,791.14,0.0993,synthetic_fabricated_from_policy_context,NERC publications; media reports
2023-06-01,IBEDC,C,residential,89.83,391.5,0.0691,synthetic_fabricated_from_policy_context,NERC publications; media reports
2023-06-01,IBEDC,C,commercial,98.81,460.75,0.076,synthetic_fabricated_from_policy_context,NERC publications; media reports
2023-06-01,IBEDC,C,industrial,103.3,634.66,0.0795,synthetic_fabricated_from_policy_context,NERC publications; media reports
2023-06-01,IBEDC,D,residential,72.99,400.92,0.0561,synthetic_fabricated_from_policy_context,NERC publications; media reports
2023-06-01,IBEDC,D,commercial,80.28,417.88,0.0618,synthetic_fabricated_from_policy_context,NERC publications; media reports
2023-06-01,IBEDC,D,industrial,83.93,397.9,0.0646,synthetic_fabricated_from_policy_context,NERC publications; media reports
2023-06-01,IBEDC,E,residential,56.14,347.63,0.0432,synthetic_fabricated_from_policy_context,NERC publications; media reports
2023-06-01,IBEDC,E,commercial,61.76,354.9,0.0475,synthetic_fabricated_from_policy_context,NERC publications; media reports
2023-06-01,IBEDC,E,industrial,64.56,381.2,0.0497,synthetic_fabricated_from_policy_context,NERC publications; media reports
2023-06-01,IBEDC,Premium,residential,224.57,1403.69,0.1727,synthetic_fabricated_from_policy_context,NERC publications; media reports
2023-06-01,IBEDC,Premium,commercial,247.03,1411.55,0.19,synthetic_fabricated_from_policy_context,NERC publications; media reports
2023-06-01,IBEDC,Premium,industrial,258.26,1389.25,0.1987,synthetic_fabricated_from_policy_context,NERC publications; media reports
2023-06-01,IKEDC,A,residential,148.28,681.07,0.1141,synthetic_fabricated_from_policy_context,NERC publications; media reports
2023-06-01,IKEDC,A,commercial,163.11,787.45,0.1255,synthetic_fabricated_from_policy_context,NERC publications; media reports
2023-06-01,IKEDC,A,industrial,170.52,1010.84,0.1312,synthetic_fabricated_from_policy_context,NERC publications; media reports
2023-06-01,IKEDC,B,residential,118.62,688.14,0.0912,synthetic_fabricated_from_policy_context,NERC publications; media reports
2023-06-01,IKEDC,B,commercial,130.49,787.17,0.1004,synthetic_fabricated_from_policy_context,NERC publications; media reports
2023-06-01,IKEDC,B,industrial,136.42,782.44,0.1049,synthetic_fabricated_from_policy_context,NERC publications; media reports
2023-06-01,IKEDC,C,residential,94.9,457.43,0.073,synthetic_fabricated_from_policy_context,NERC publications; media reports
2023-06-01,IKEDC,C,commercial,104.39,516.7,0.0803,synthetic_fabricated_from_policy_context,NERC publications; media reports
2023-06-01,IKEDC,C,industrial,109.13,559.53,0.0839,synthetic_fabricated_from_policy_context,NERC publications; media reports
2023-06-01,IKEDC,D,residential,77.1,364.52,0.0593,synthetic_fabricated_from_policy_context,NERC publications; media reports
2023-06-01,IKEDC,D,commercial,84.82,502.92,0.0652,synthetic_fabricated_from_policy_context,NERC publications; media reports
2023-06-01,IKEDC,D,industrial,88.67,374.21,0.0682,synthetic_fabricated_from_policy_context,NERC publications; media reports
2023-06-01,IKEDC,E,residential,59.31,327.81,0.0456,synthetic_fabricated_from_policy_context,NERC publications; media reports
2023-06-01,IKEDC,E,commercial,65.24,311.19,0.0502,synthetic_fabricated_from_policy_context,NERC publications; media reports
2023-06-01,IKEDC,E,industrial,68.21,312.27,0.0525,synthetic_fabricated_from_policy_context,NERC publications; media reports
2023-06-01,IKEDC,Premium,residential,237.25,1281.07,0.1825,synthetic_fabricated_from_policy_context,NERC publications; media reports
2023-06-01,IKEDC,Premium,commercial,260.97,1441.01,0.2007,synthetic_fabricated_from_policy_context,NERC publications; media reports
2023-06-01,IKEDC,Premium,industrial,272.83,1484.16,0.2099,synthetic_fabricated_from_policy_context,NERC publications; media reports
2023-06-01,JED,A,residential,155.39,667.96,0.1195,synthetic_fabricated_from_policy_context,NERC publications; media reports
2023-06-01,JED,A,commercial,170.93,694.54,0.1315,synthetic_fabricated_from_policy_context,NERC publications; media reports
2023-06-01,JED,A,industrial,178.7,903.73,0.1375,synthetic_fabricated_from_policy_context,NERC publications; media reports
2023-06-01,JED,B,residential,124.31,656.5,0.0956,synthetic_fabricated_from_policy_context,NERC publications; media reports
2023-06-01,JED,B,commercial,136.74,705.42,0.1052,synthetic_fabricated_from_policy_context,NERC publications; media reports
2023-06-01,JED,B,industrial,142.96,706.97,0.11,synthetic_fabricated_from_policy_context,NERC publications; media reports
2023-06-01,JED,C,residential,99.45,397.4,0.0765,synthetic_fabricated_from_policy_context,NERC publications; media reports
2023-06-01,JED,C,commercial,109.39,614.36,0.0841,synthetic_fabricated_from_policy_context,NERC publications; media reports
2023-06-01,JED,C,industrial,114.37,511.25,0.088,synthetic_fabricated_from_policy_context,NERC publications; media reports
2023-06-01,JED,D,residential,80.8,403.18,0.0622,synthetic_fabricated_from_policy_context,NERC publications; media reports
2023-06-01,JED,D,commercial,88.88,462.67,0.0684,synthetic_fabricated_from_policy_context,NERC publications; media reports
2023-06-01,JED,D,industrial,92.92,465.44,0.0715,synthetic_fabricated_from_policy_context,NERC publications; media reports
2023-06-01,JED,E,residential,62.16,266.75,0.0478,synthetic_fabricated_from_policy_context,NERC publications; media reports
2023-06-01,JED,E,commercial,68.37,327.42,0.0526,synthetic_fabricated_from_policy_context,NERC publications; media reports
2023-06-01,JED,E,industrial,71.48,277.72,0.055,synthetic_fabricated_from_policy_context,NERC publications; media reports
2023-06-01,JED,Premium,residential,248.62,1358.16,0.1912,synthetic_fabricated_from_policy_context,NERC publications; media reports
2023-06-01,JED,Premium,commercial,273.48,1297.5,0.2104,synthetic_fabricated_from_policy_context,NERC publications; media reports
2023-06-01,JED,Premium,industrial,285.91,1402.35,0.2199,synthetic_fabricated_from_policy_context,NERC publications; media reports
2023-06-01,KAEDCO,A,residential,150.18,749.82,0.1155,synthetic_fabricated_from_policy_context,NERC publications; media reports
2023-06-01,KAEDCO,A,commercial,165.2,662.72,0.1271,synthetic_fabricated_from_policy_context,NERC publications; media reports
2023-06-01,KAEDCO,A,industrial,172.71,999.78,0.1329,synthetic_fabricated_from_policy_context,NERC publications; media reports
2023-06-01,KAEDCO,B,residential,120.15,529.64,0.0924,synthetic_fabricated_from_policy_context,NERC publications; media reports
2023-06-01,KAEDCO,B,commercial,132.16,566.24,0.1017,synthetic_fabricated_from_policy_context,NERC publications; media reports
2023-06-01,KAEDCO,B,industrial,138.17,752.87,0.1063,synthetic_fabricated_from_policy_context,NERC publications; media reports
2023-06-01,KAEDCO,C,residential,96.12,404.22,0.0739,synthetic_fabricated_from_policy_context,NERC publications; media reports
2023-06-01,KAEDCO,C,commercial,105.73,442.14,0.0813,synthetic_fabricated_from_policy_context,NERC publications; media reports
2023-06-01,KAEDCO,C,industrial,110.53,486.12,0.085,synthetic_fabricated_from_policy_context,NERC publications; media reports
2023-06-01,KAEDCO,D,residential,78.09,430.68,0.0601,synthetic_fabricated_from_policy_context,NERC publications; media reports
2023-06-01,KAEDCO,D,commercial,85.9,402.56,0.0661,synthetic_fabricated_from_policy_context,NERC publications; media reports
2023-06-01,KAEDCO,D,industrial,89.81,385.05,0.0691,synthetic_fabricated_from_policy_context,NERC publications; media reports
2023-06-01,KAEDCO,E,residential,60.07,247.07,0.0462,synthetic_fabricated_from_policy_context,NERC publications; media reports
2023-06-01,KAEDCO,E,commercial,66.08,362.0,0.0508,synthetic_fabricated_from_policy_context,NERC publications; media reports
2023-06-01,KAEDCO,E,industrial,69.08,351.08,0.0531,synthetic_fabricated_from_policy_context,NERC publications; media reports
2023-06-01,KAEDCO,Premium,residential,240.29,1021.47,0.1848,synthetic_fabricated_from_policy_context,NERC publications; media reports
2023-06-01,KAEDCO,Premium,commercial,264.32,1089.81,0.2033,synthetic_fabricated_from_policy_context,NERC publications; media reports
2023-06-01,KAEDCO,Premium,industrial,276.34,1399.83,0.2126,synthetic_fabricated_from_policy_context,NERC publications; media reports
2023-06-01,KEDCO,A,residential,151.4,818.63,0.1165,synthetic_fabricated_from_policy_context,NERC publications; media reports
2023-06-01,KEDCO,A,commercial,166.54,805.02,0.1281,synthetic_fabricated_from_policy_context,NERC publications; media reports
2023-06-01,KEDCO,A,industrial,174.11,836.38,0.1339,synthetic_fabricated_from_policy_context,NERC publications; media reports
2023-06-01,KEDCO,B,residential,121.12,603.1,0.0932,synthetic_fabricated_from_policy_context,NERC publications; media reports
2023-06-01,KEDCO,B,commercial,133.23,688.78,0.1025,synthetic_fabricated_from_policy_context,NERC publications; media reports
2023-06-01,KEDCO,B,industrial,139.29,572.84,0.1071,synthetic_fabricated_from_policy_context,NERC publications; media reports
2023-06-01,KEDCO,C,residential,96.9,475.24,0.0745,synthetic_fabricated_from_policy_context,NERC publications; media reports
2023-06-01,KEDCO,C,commercial,106.59,633.13,0.082,synthetic_fabricated_from_policy_context,NERC publications; media reports
2023-06-01,KEDCO,C,industrial,111.43,597.37,0.0857,synthetic_fabricated_from_policy_context,NERC publications; media reports
2023-06-01,KEDCO,D,residential,78.73,386.94,0.0606,synthetic_fabricated_from_policy_context,NERC publications; media reports
2023-06-01,KEDCO,D,commercial,86.6,437.38,0.0666,synthetic_fabricated_from_policy_context,NERC publications; media reports
2023-06-01,KEDCO,D,industrial,90.54,497.14,0.0696,synthetic_fabricated_from_policy_context,NERC publications; media reports
2023-06-01,KEDCO,E,residential,60.56,347.97,0.0466,synthetic_fabricated_from_policy_context,NERC publications; media reports
2023-06-01,KEDCO,E,commercial,66.62,386.17,0.0512,synthetic_fabricated_from_policy_context,NERC publications; media reports
2023-06-01,KEDCO,E,industrial,69.64,357.52,0.0536,synthetic_fabricated_from_policy_context,NERC publications; media reports
2023-06-01,KEDCO,Premium,residential,242.24,1358.87,0.1863,synthetic_fabricated_from_policy_context,NERC publications; media reports
2023-06-01,KEDCO,Premium,commercial,266.47,1404.28,0.205,synthetic_fabricated_from_policy_context,NERC publications; media reports
2023-06-01,KEDCO,Premium,industrial,278.58,1466.4,0.2143,synthetic_fabricated_from_policy_context,NERC publications; media reports
2023-06-01,PHED,A,residential,134.77,772.47,0.1037,synthetic_fabricated_from_policy_context,NERC publications; media reports
2023-06-01,PHED,A,commercial,148.24,677.61,0.114,synthetic_fabricated_from_policy_context,NERC publications; media reports
2023-06-01,PHED,A,industrial,154.98,1010.19,0.1192,synthetic_fabricated_from_policy_context,NERC publications; media reports
2023-06-01,PHED,B,residential,107.81,687.65,0.0829,synthetic_fabricated_from_policy_context,NERC publications; media reports
2023-06-01,PHED,B,commercial,118.59,785.45,0.0912,synthetic_fabricated_from_policy_context,NERC publications; media reports
2023-06-01,PHED,B,industrial,123.99,659.5,0.0954,synthetic_fabricated_from_policy_context,NERC publications; media reports
2023-06-01,PHED,C,residential,86.25,422.38,0.0663,synthetic_fabricated_from_policy_context,NERC publications; media reports
2023-06-01,PHED,C,commercial,94.88,585.71,0.073,synthetic_fabricated_from_policy_context,NERC publications; media reports
2023-06-01,PHED,C,industrial,99.19,544.79,0.0763,synthetic_fabricated_from_policy_context,NERC publications; media reports
2023-06-01,PHED,D,residential,70.08,425.13,0.0539,synthetic_fabricated_from_policy_context,NERC publications; media reports
2023-06-01,PHED,D,commercial,77.09,488.85,0.0593,synthetic_fabricated_from_policy_context,NERC publications; media reports
2023-06-01,PHED,D,industrial,80.59,529.79,0.062,synthetic_fabricated_from_policy_context,NERC publications; media reports
2023-06-01,PHED,E,residential,53.91,344.13,0.0415,synthetic_fabricated_from_policy_context,NERC publications; media reports
2023-06-01,PHED,E,commercial,59.3,323.28,0.0456,synthetic_fabricated_from_policy_context,NERC publications; media reports
2023-06-01,PHED,E,industrial,61.99,346.55,0.0477,synthetic_fabricated_from_policy_context,NERC publications; media reports
2023-06-01,PHED,Premium,residential,215.63,1099.5,0.1659,synthetic_fabricated_from_policy_context,NERC publications; media reports
2023-06-01,PHED,Premium,commercial,237.19,1194.4,0.1825,synthetic_fabricated_from_policy_context,NERC publications; media reports
2023-06-01,PHED,Premium,industrial,247.97,1453.65,0.1907,synthetic_fabricated_from_policy_context,NERC publications; media reports
2023-06-01,YEDC,A,residential,138.32,806.37,0.1064,synthetic_fabricated_from_policy_context,NERC publications; media reports
2023-06-01,YEDC,A,commercial,152.15,929.13,0.117,synthetic_fabricated_from_policy_context,NERC publications; media reports
2023-06-01,YEDC,A,industrial,159.07,796.43,0.1224,synthetic_fabricated_from_policy_context,NERC publications; media reports
2023-06-01,YEDC,B,residential,110.66,546.25,0.0851,synthetic_fabricated_from_policy_context,NERC publications; media reports
2023-06-01,YEDC,B,commercial,121.72,756.43,0.0936,synthetic_fabricated_from_policy_context,NERC publications; media reports
2023-06-01,YEDC,B,industrial,127.26,735.02,0.0979,synthetic_fabricated_from_policy_context,NERC publications; media reports
2023-06-01,YEDC,C,residential,88.53,562.93,0.0681,synthetic_fabricated_from_policy_context,NERC publications; media reports
2023-06-01,YEDC,C,commercial,97.38,629.63,0.0749,synthetic_fabricated_from_policy_context,NERC publications; media reports
2023-06-01,YEDC,C,industrial,101.8,473.23,0.0783,synthetic_fabricated_from_policy_context,NERC publications; media reports
2023-06-01,YEDC,D,residential,71.93,338.4,0.0553,synthetic_fabricated_from_policy_context,NERC publications; media reports
2023-06-01,YEDC,D,commercial,79.12,373.28,0.0609,synthetic_fabricated_from_policy_context,NERC publications; media reports
2023-06-01,YEDC,D,industrial,82.72,413.39,0.0636,synthetic_fabricated_from_policy_context,NERC publications; media reports
2023-06-01,YEDC,E,residential,55.33,281.41,0.0426,synthetic_fabricated_from_policy_context,NERC publications; media reports
2023-06-01,YEDC,E,commercial,60.86,290.39,0.0468,synthetic_fabricated_from_policy_context,NERC publications; media reports
2023-06-01,YEDC,E,industrial,63.63,292.64,0.0489,synthetic_fabricated_from_policy_context,NERC publications; media reports
2023-06-01,YEDC,Premium,residential,221.32,1076.18,0.1702,synthetic_fabricated_from_policy_context,NERC publications; media reports
2023-06-01,YEDC,Premium,commercial,243.45,1506.11,0.1873,synthetic_fabricated_from_policy_context,NERC publications; media reports
2023-06-01,YEDC,Premium,industrial,254.51,1170.29,0.1958,synthetic_fabricated_from_policy_context,NERC publications; media reports
2023-07-01,AEDC,A,residential,138.62,745.44,0.1066,synthetic_fabricated_from_policy_context,NERC publications; media reports
2023-07-01,AEDC,A,commercial,152.49,762.91,0.1173,synthetic_fabricated_from_policy_context,NERC publications; media reports
2023-07-01,AEDC,A,industrial,159.42,1027.96,0.1226,synthetic_fabricated_from_policy_context,NERC publications; media reports
2023-07-01,AEDC,B,residential,110.9,596.66,0.0853,synthetic_fabricated_from_policy_context,NERC publications; media reports
2023-07-01,AEDC,B,commercial,121.99,622.56,0.0938,synthetic_fabricated_from_policy_context,NERC publications; media reports
2023-07-01,AEDC,B,industrial,127.53,747.81,0.0981,synthetic_fabricated_from_policy_context,NERC publications; media reports
2023-07-01,AEDC,C,residential,88.72,424.39,0.0682,synthetic_fabricated_from_policy_context,NERC publications; media reports
2023-07-01,AEDC,C,commercial,97.59,539.58,0.0751,synthetic_fabricated_from_policy_context,NERC publications; media reports
2023-07-01,AEDC,C,industrial,102.03,464.26,0.0785,synthetic_fabricated_from_policy_context,NERC publications; media reports
2023-07-01,AEDC,D,residential,72.08,327.15,0.0554,synthetic_fabricated_from_policy_context,NERC publications; media reports
2023-07-01,AEDC,D,commercial,79.29,394.29,0.061,synthetic_fabricated_from_policy_context,NERC publications; media reports
2023-07-01,AEDC,D,industrial,82.9,403.34,0.0638,synthetic_fabricated_from_policy_context,NERC publications; media reports
2023-07-01,AEDC,E,residential,55.45,291.05,0.0427,synthetic_fabricated_from_policy_context,NERC publications; media reports
2023-07-01,AEDC,E,commercial,60.99,373.45,0.0469,synthetic_fabricated_from_policy_context,NERC publications; media reports
2023-07-01,AEDC,E,industrial,63.77,276.35,0.0491,synthetic_fabricated_from_policy_context,NERC publications; media reports
2023-07-01,AEDC,Premium,residential,221.8,986.24,0.1706,synthetic_fabricated_from_policy_context,NERC publications; media reports
2023-07-01,AEDC,Premium,commercial,243.98,1240.31,0.1877,synthetic_fabricated_from_policy_context,NERC publications; media reports
2023-07-01,AEDC,Premium,industrial,255.07,1496.63,0.1962,synthetic_fabricated_from_policy_context,NERC publications; media reports
2023-07-01,BEDC,A,residential,157.87,733.13,0.1214,synthetic_fabricated_from_policy_context,NERC publications; media reports
2023-07-01,BEDC,A,commercial,173.65,856.26,0.1336,synthetic_fabricated_from_policy_context,NERC publications; media reports
2023-07-01,BEDC,A,industrial,181.54,1022.17,0.1396,synthetic_fabricated_from_policy_context,NERC publications; media reports
2023-07-01,BEDC,B,residential,126.29,557.51,0.0971,synthetic_fabricated_from_policy_context,NERC publications; media reports
2023-07-01,BEDC,B,commercial,138.92,552.0,0.1069,synthetic_fabricated_from_policy_context,NERC publications; media reports
2023-07-01,BEDC,B,industrial,145.24,677.71,0.1117,synthetic_fabricated_from_policy_context,NERC publications; media reports
2023-07-01,BEDC,C,residential,101.03,510.29,0.0777,synthetic_fabricated_from_policy_context,NERC publications; media reports
2023-07-01,BEDC,C,commercial,111.14,577.22,0.0855,synthetic_fabricated_from_policy_context,NERC publications; media reports
2023-07-01,BEDC,C,industrial,116.19,595.95,0.0894,synthetic_fabricated_from_policy_context,NERC publications; media reports
2023-07-01,BEDC,D,residential,82.09,345.7,0.0631,synthetic_fabricated_from_policy_context,NERC publications; media reports
2023-07-01,BEDC,D,commercial,90.3,473.47,0.0695,synthetic_fabricated_from_policy_context,NERC publications; media reports
2023-07-01,BEDC,D,industrial,94.4,358.97,0.0726,synthetic_fabricated_from_policy_context,NERC publications; media reports
2023-07-01,BEDC,E,residential,63.15,333.78,0.0486,synthetic_fabricated_from_policy_context,NERC publications; media reports
2023-07-01,BEDC,E,commercial,69.46,274.97,0.0534,synthetic_fabricated_from_policy_context,NERC publications; media reports
2023-07-01,BEDC,E,industrial,72.62,339.05,0.0559,synthetic_fabricated_from_policy_context,NERC publications; media reports
2023-07-01,BEDC,Premium,residential,252.58,1158.86,0.1943,synthetic_fabricated_from_policy_context,NERC publications; media reports
2023-07-01,BEDC,Premium,commercial,277.84,1059.37,0.2137,synthetic_fabricated_from_policy_context,NERC publications; media reports
2023-07-01,BEDC,Premium,industrial,290.47,1236.66,0.2234,synthetic_fabricated_from_policy_context,NERC publications; media reports
2023-07-01,EEDC,A,residential,135.98,890.74,0.1046,synthetic_fabricated_from_policy_context,NERC publications; media reports
2023-07-01,EEDC,A,commercial,149.58,749.11,0.1151,synthetic_fabricated_from_policy_context,NERC publications; media reports
2023-07-01,EEDC,A,industrial,156.38,945.0,0.1203,synthetic_fabricated_from_policy_context,NERC publications; media reports
2023-07-01,EEDC,B,residential,108.79,579.6,0.0837,synthetic_fabricated_from_policy_context,NERC publications; media reports
2023-07-01,EEDC,B,commercial,119.67,585.53,0.0921,synthetic_fabricated_from_policy_context,NERC publications; media reports
2023-07-01,EEDC,B,industrial,125.11,597.74,0.0962,synthetic_fabricated_from_policy_context,NERC publications; media reports
2023-07-01,EEDC,C,residential,87.03,402.54,0.0669,synthetic_fabricated_from_policy_context,NERC publications; media reports
2023-07-01,EEDC,C,commercial,95.73,568.69,0.0736,synthetic_fabricated_from_policy_context,NERC publications; media reports
2023-07-01,EEDC,C,industrial,100.08,600.9,0.077,synthetic_fabricated_from_policy_context,NERC publications; media reports
2023-07-01,EEDC,D,residential,70.71,386.9,0.0544,synthetic_fabricated_from_policy_context,NERC publications; media reports
2023-07-01,EEDC,D,commercial,77.78,349.06,0.0598,synthetic_fabricated_from_policy_context,NERC publications; media reports
2023-07-01,EEDC,D,industrial,81.32,387.02,0.0626,synthetic_fabricated_from_policy_context,NERC publications; media reports
2023-07-01,EEDC,E,residential,54.39,303.59,0.0418,synthetic_fabricated_from_policy_context,NERC publications; media reports
2023-07-01,EEDC,E,commercial,59.83,336.23,0.046,synthetic_fabricated_from_policy_context,NERC publications; media reports
2023-07-01,EEDC,E,industrial,62.55,363.3,0.0481,synthetic_fabricated_from_policy_context,NERC publications; media reports
2023-07-01,EEDC,Premium,residential,217.58,1030.1,0.1674,synthetic_fabricated_from_policy_context,NERC publications; media reports
2023-07-01,EEDC,Premium,commercial,239.33,1250.26,0.1841,synthetic_fabricated_from_policy_context,NERC publications; media reports
2023-07-01,EEDC,Premium,industrial,250.21,1473.82,0.1925,synthetic_fabricated_from_policy_context,NERC publications; media reports
2023-07-01,EKEDC,A,residential,140.56,898.34,0.1081,synthetic_fabricated_from_policy_context,NERC publications; media reports
2023-07-01,EKEDC,A,commercial,154.62,734.24,0.1189,synthetic_fabricated_from_policy_context,NERC publications; media reports
2023-07-01,EKEDC,A,industrial,161.64,956.11,0.1243,synthetic_fabricated_from_policy_context,NERC publications; media reports
2023-07-01,EKEDC,B,residential,112.45,557.63,0.0865,synthetic_fabricated_from_policy_context,NERC publications; media reports
2023-07-01,EKEDC,B,commercial,123.69,639.58,0.0951,synthetic_fabricated_from_policy_context,NERC publications; media reports
2023-07-01,EKEDC,B,industrial,129.32,690.89,0.0995,synthetic_fabricated_from_policy_context,NERC publications; media reports
2023-07-01,EKEDC,C,residential,89.96,521.73,0.0692,synthetic_fabricated_from_policy_context,NERC publications; media reports
2023-07-01,EKEDC,C,commercial,98.95,609.15,0.0761,synthetic_fabricated_from_policy_context,NERC publications; media reports
2023-07-01,EKEDC,C,industrial,103.45,584.17,0.0796,synthetic_fabricated_from_policy_context,NERC publications; media reports
2023-07-01,EKEDC,D,residential,73.09,331.84,0.0562,synthetic_fabricated_from_policy_context,NERC publications; media reports
2023-07-01,EKEDC,D,commercial,80.4,481.9,0.0618,synthetic_fabricated_from_policy_context,NERC publications; media reports
2023-07-01,EKEDC,D,industrial,84.05,536.74,0.0647,synthetic_fabricated_from_policy_context,NERC publications; media reports
2023-07-01,EKEDC,E,residential,56.22,322.19,0.0432,synthetic_fabricated_from_policy_context,NERC publications; media reports
2023-07-01,EKEDC,E,commercial,61.85,373.43,0.0476,synthetic_fabricated_from_policy_context,NERC publications; media reports
2023-07-01,EKEDC,E,industrial,64.66,373.11,0.0497,synthetic_fabricated_from_policy_context,NERC publications; media reports
2023-07-01,EKEDC,Premium,residential,224.9,1389.18,0.173,synthetic_fabricated_from_policy_context,NERC publications; media reports
2023-07-01,EKEDC,Premium,commercial,247.39,1116.19,0.1903,synthetic_fabricated_from_policy_context,NERC publications; media reports
2023-07-01,EKEDC,Premium,industrial,258.63,1591.56,0.1989,synthetic_fabricated_from_policy_context,NERC publications; media reports
2023-07-01,IBEDC,A,residential,146.61,706.36,0.1128,synthetic_fabricated_from_policy_context,NERC publications; media reports
2023-07-01,IBEDC,A,commercial,161.28,871.71,0.1241,synthetic_fabricated_from_policy_context,NERC publications; media reports
2023-07-01,IBEDC,A,industrial,168.61,887.99,0.1297,synthetic_fabricated_from_policy_context,NERC publications; media reports
2023-07-01,IBEDC,B,residential,117.29,604.58,0.0902,synthetic_fabricated_from_policy_context,NERC publications; media reports
2023-07-01,IBEDC,B,commercial,129.02,667.09,0.0992,synthetic_fabricated_from_policy_context,NERC publications; media reports
2023-07-01,IBEDC,B,industrial,134.89,697.83,0.1038,synthetic_fabricated_from_policy_context,NERC publications; media reports
2023-07-01,IBEDC,C,residential,93.83,499.93,0.0722,synthetic_fabricated_from_policy_context,NERC publications; media reports
2023-07-01,IBEDC,C,commercial,103.22,517.94,0.0794,synthetic_fabricated_from_policy_context,NERC publications; media reports
2023-07-01,IBEDC,C,industrial,107.91,480.19,0.083,synthetic_fabricated_from_policy_context,NERC publications; media reports
2023-07-01,IBEDC,D,residential,76.24,336.4,0.0586,synthetic_fabricated_from_policy_context,NERC publications; media reports
2023-07-01,IBEDC,D,commercial,83.86,477.96,0.0645,synthetic_fabricated_from_policy_context,NERC publications; media reports
2023-07-01,IBEDC,D,industrial,87.68,460.12,0.0674,synthetic_fabricated_from_policy_context,NERC publications; media reports
2023-07-01,IBEDC,E,residential,58.65,318.92,0.0451,synthetic_fabricated_from_policy_context,NERC publications; media reports
2023-07-01,IBEDC,E,commercial,64.51,293.11,0.0496,synthetic_fabricated_from_policy_context,NERC publications; media reports
2023-07-01,IBEDC,E,industrial,67.44,350.98,0.0519,synthetic_fabricated_from_policy_context,NERC publications; media reports
2023-07-01,IBEDC,Premium,residential,234.58,984.27,0.1804,synthetic_fabricated_from_policy_context,NERC publications; media reports
2023-07-01,IBEDC,Premium,commercial,258.04,1063.44,0.1985,synthetic_fabricated_from_policy_context,NERC publications; media reports
2023-07-01,IBEDC,Premium,industrial,269.77,1203.4,0.2075,synthetic_fabricated_from_policy_context,NERC publications; media reports
2023-07-01,IKEDC,A,residential,139.59,617.02,0.1074,synthetic_fabricated_from_policy_context,NERC publications; media reports
2023-07-01,IKEDC,A,commercial,153.54,773.35,0.1181,synthetic_fabricated_from_policy_context,NERC publications; media reports
2023-07-01,IKEDC,A,industrial,160.52,977.82,0.1235,synthetic_fabricated_from_policy_context,NERC publications; media reports
2023-07-01,IKEDC,B,residential,111.67,573.9,0.0859,synthetic_fabricated_from_policy_context,NERC publications; media reports
2023-07-01,IKEDC,B,commercial,122.84,628.7,0.0945,synthetic_fabricated_from_policy_context,NERC publications; media reports
2023-07-01,IKEDC,B,industrial,128.42,745.16,0.0988,synthetic_fabricated_from_policy_context,NERC publications; media reports
2023-07-01,IKEDC,C,residential,89.33,515.56,0.0687,synthetic_fabricated_from_policy_context,NERC publications; media reports
2023-07-01,IKEDC,C,commercial,98.27,536.22,0.0756,synthetic_fabricated_from_policy_context,NERC publications; media reports
2023-07-01,IKEDC,C,industrial,102.73,527.58,0.079,synthetic_fabricated_from_policy_context,NERC publications; media reports
2023-07-01,IKEDC,D,residential,72.58,347.81,0.0558,synthetic_fabricated_from_policy_context,NERC publications; media reports
2023-07-01,IKEDC,D,commercial,79.84,478.64,0.0614,synthetic_fabricated_from_policy_context,NERC publications; media reports
2023-07-01,IKEDC,D,industrial,83.47,529.14,0.0642,synthetic_fabricated_from_policy_context,NERC publications; media reports
2023-07-01,IKEDC,E,residential,55.83,326.51,0.0429,synthetic_fabricated_from_policy_context,NERC publications; media reports
2023-07-01,IKEDC,E,commercial,61.42,341.67,0.0472,synthetic_fabricated_from_policy_context,NERC publications; media reports
2023-07-01,IKEDC,E,industrial,64.21,363.73,0.0494,synthetic_fabricated_from_policy_context,NERC publications; media reports
2023-07-01,IKEDC,Premium,residential,223.34,1219.16,0.1718,synthetic_fabricated_from_policy_context,NERC publications; media reports
2023-07-01,IKEDC,Premium,commercial,245.67,1199.42,0.189,synthetic_fabricated_from_policy_context,NERC publications; media reports
2023-07-01,IKEDC,Premium,industrial,256.84,1618.77,0.1976,synthetic_fabricated_from_policy_context,NERC publications; media reports
2023-07-01,JED,A,residential,138.7,651.55,0.1067,synthetic_fabricated_from_policy_context,NERC publications; media reports
2023-07-01,JED,A,commercial,152.57,728.66,0.1174,synthetic_fabricated_from_policy_context,NERC publications; media reports
2023-07-01,JED,A,industrial,159.51,767.83,0.1227,synthetic_fabricated_from_policy_context,NERC publications; media reports
2023-07-01,JED,B,residential,110.96,543.81,0.0854,synthetic_fabricated_from_policy_context,NERC publications; media reports
2023-07-01,JED,B,commercial,122.06,528.69,0.0939,synthetic_fabricated_from_policy_context,NERC publications; media reports
2023-07-01,JED,B,industrial,127.61,795.72,0.0982,synthetic_fabricated_from_policy_context,NERC publications; media reports
2023-07-01,JED,C,residential,88.77,475.42,0.0683,synthetic_fabricated_from_policy_context,NERC publications; media reports
2023-07-01,JED,C,commercial,97.65,631.95,0.0751,synthetic_fabricated_from_policy_context,NERC publications; media reports
2023-07-01,JED,C,industrial,102.08,454.31,0.0785,synthetic_fabricated_from_policy_context,NERC publications; media reports
2023-07-01,JED,D,residential,72.12,354.84,0.0555,synthetic_fabricated_from_policy_context,NERC publications; media reports
2023-07-01,JED,D,commercial,79.34,400.46,0.061,synthetic_fabricated_from_policy_context,NERC publications; media reports
2023-07-01,JED,D,industrial,82.94,487.08,0.0638,synthetic_fabricated_from_policy_context,NERC publications; media reports
2023-07-01,JED,E,residential,55.48,284.75,0.0427,synthetic_fabricated_from_policy_context,NERC publications; media reports
2023-07-01,JED,E,commercial,61.03,288.72,0.0469,synthetic_fabricated_from_policy_context,NERC publications; media reports
2023-07-01,JED,E,industrial,63.8,403.91,0.0491,synthetic_fabricated_from_policy_context,NERC publications; media reports
2023-07-01,JED,Premium,residential,221.92,1225.83,0.1707,synthetic_fabricated_from_policy_context,NERC publications; media reports
2023-07-01,JED,Premium,commercial,244.12,1566.25,0.1878,synthetic_fabricated_from_policy_context,NERC publications; media reports
2023-07-01,JED,Premium,industrial,255.21,1461.76,0.1963,synthetic_fabricated_from_policy_context,NERC publications; media reports
2023-07-01,KAEDCO,A,residential,157.41,893.77,0.1211,synthetic_fabricated_from_policy_context,NERC publications; media reports
2023-07-01,KAEDCO,A,commercial,173.16,672.93,0.1332,synthetic_fabricated_from_policy_context,NERC publications; media reports
2023-07-01,KAEDCO,A,industrial,181.03,1015.4,0.1393,synthetic_fabricated_from_policy_context,NERC publications; media reports
2023-07-01,KAEDCO,B,residential,125.93,558.11,0.0969,synthetic_fabricated_from_policy_context,NERC publications; media reports
2023-07-01,KAEDCO,B,commercial,138.52,736.8,0.1066,synthetic_fabricated_from_policy_context,NERC publications; media reports
2023-07-01,KAEDCO,B,industrial,144.82,685.33,0.1114,synthetic_fabricated_from_policy_context,NERC publications; media reports
2023-07-01,KAEDCO,C,residential,100.75,452.82,0.0775,synthetic_fabricated_from_policy_context,NERC publications; media reports
2023-07-01,KAEDCO,C,commercial,110.82,441.1,0.0852,synthetic_fabricated_from_policy_context,NERC publications; media reports
2023-07-01,KAEDCO,C,industrial,115.86,527.07,0.0891,synthetic_fabricated_from_policy_context,NERC publications; media reports
2023-07-01,KAEDCO,D,residential,81.86,418.28,0.063,synthetic_fabricated_from_policy_context,NERC publications; media reports
2023-07-01,KAEDCO,D,commercial,90.04,428.59,0.0693,synthetic_fabricated_from_policy_context,NERC publications; media reports
2023-07-01,KAEDCO,D,industrial,94.13,465.35,0.0724,synthetic_fabricated_from_policy_context,NERC publications; media reports
2023-07-01,KAEDCO,E,residential,62.97,242.24,0.0484,synthetic_fabricated_from_policy_context,NERC publications; media reports
2023-07-01,KAEDCO,E,commercial,69.26,271.01,0.0533,synthetic_fabricated_from_policy_context,NERC publications; media reports
2023-07-01,KAEDCO,E,industrial,72.41,333.93,0.0557,synthetic_fabricated_from_policy_context,NERC publications; media reports
2023-07-01,KAEDCO,Premium,residential,251.86,1098.8,0.1937,synthetic_fabricated_from_policy_context,NERC publications; media reports
2023-07-01,KAEDCO,Premium,commercial,277.05,1180.46,0.2131,synthetic_fabricated_from_policy_context,NERC publications; media reports
2023-07-01,KAEDCO,Premium,industrial,289.64,1151.11,0.2228,synthetic_fabricated_from_policy_context,NERC publications; media reports
2023-07-01,KEDCO,A,residential,158.73,843.21,0.1221,synthetic_fabricated_from_policy_context,NERC publications; media reports
2023-07-01,KEDCO,A,commercial,174.61,823.79,0.1343,synthetic_fabricated_from_policy_context,NERC publications; media reports
2023-07-01,KEDCO,A,industrial,182.54,733.47,0.1404,synthetic_fabricated_from_policy_context,NERC publications; media reports
2023-07-01,KEDCO,B,residential,126.99,625.85,0.0977,synthetic_fabricated_from_policy_context,NERC publications; media reports
2023-07-01,KEDCO,B,commercial,139.68,616.81,0.1074,synthetic_fabricated_from_policy_context,NERC publications; media reports
2023-07-01,KEDCO,B,industrial,146.03,575.53,0.1123,synthetic_fabricated_from_policy_context,NERC publications; media reports
2023-07-01,KEDCO,C,residential,101.59,482.64,0.0781,synthetic_fabricated_from_policy_context,NERC publications; media reports
2023-07-01,KEDCO,C,commercial,111.75,629.75,0.086,synthetic_fabricated_from_policy_context,NERC publications; media reports
2023-07-01,KEDCO,C,industrial,116.83,641.94,0.0899,synthetic_fabricated_from_policy_context,NERC publications; media reports
2023-07-01,KEDCO,D,residential,82.54,451.61,0.0635,synthetic_fabricated_from_policy_context,NERC publications; media reports
2023-07-01,KEDCO,D,commercial,90.79,437.56,0.0698,synthetic_fabricated_from_policy_context,NERC publications; media reports
2023-07-01,KEDCO,D,industrial,94.92,400.41,0.073,synthetic_fabricated_from_policy_context,NERC publications; media reports
2023-07-01,KEDCO,E,residential,63.49,343.66,0.0488,synthetic_fabricated_from_policy_context,NERC publications; media reports
2023-07-01,KEDCO,E,commercial,69.84,303.38,0.0537,synthetic_fabricated_from_policy_context,NERC publications; media reports
2023-07-01,KEDCO,E,industrial,73.02,410.66,0.0562,synthetic_fabricated_from_policy_context,NERC publications; media reports
2023-07-01,KEDCO,Premium,residential,253.97,1197.42,0.1954,synthetic_fabricated_from_policy_context,NERC publications; media reports
2023-07-01,KEDCO,Premium,commercial,279.37,1345.18,0.2149,synthetic_fabricated_from_policy_context,NERC publications; media reports
2023-07-01,KEDCO,Premium,industrial,292.07,1612.06,0.2247,synthetic_fabricated_from_policy_context,NERC publications; media reports
2023-07-01,PHED,A,residential,147.96,779.37,0.1138,synthetic_fabricated_from_policy_context,NERC publications; media reports
2023-07-01,PHED,A,commercial,162.76,986.04,0.1252,synthetic_fabricated_from_policy_context,NERC publications; media reports
2023-07-01,PHED,A,industrial,170.16,745.88,0.1309,synthetic_fabricated_from_policy_context,NERC publications; media reports
2023-07-01,PHED,B,residential,118.37,480.97,0.0911,synthetic_fabricated_from_policy_context,NERC publications; media reports
2023-07-01,PHED,B,commercial,130.21,657.14,0.1002,synthetic_fabricated_from_policy_context,NERC publications; media reports
2023-07-01,PHED,B,industrial,136.13,631.72,0.1047,synthetic_fabricated_from_policy_context,NERC publications; media reports
2023-07-01,PHED,C,residential,94.7,395.79,0.0728,synthetic_fabricated_from_policy_context,NERC publications; media reports
2023-07-01,PHED,C,commercial,104.17,522.72,0.0801,synthetic_fabricated_from_policy_context,NERC publications; media reports
2023-07-01,PHED,C,industrial,108.9,594.85,0.0838,synthetic_fabricated_from_policy_context,NERC publications; media reports
2023-07-01,PHED,D,residential,76.94,373.29,0.0592,synthetic_fabricated_from_policy_context,NERC publications; media reports
2023-07-01,PHED,D,commercial,84.64,467.95,0.0651,synthetic_fabricated_from_policy_context,NERC publications; media reports
2023-07-01,PHED,D,industrial,88.48,393.21,0.0681,synthetic_fabricated_from_policy_context,NERC publications; media reports
2023-07-01,PHED,E,residential,59.19,265.18,0.0455,synthetic_fabricated_from_policy_context,NERC publications; media reports
2023-07-01,PHED,E,commercial,65.1,273.14,0.0501,synthetic_fabricated_from_policy_context,NERC publications; media reports
2023-07-01,PHED,E,industrial,68.06,301.52,0.0524,synthetic_fabricated_from_policy_context,NERC publications; media reports
2023-07-01,PHED,Premium,residential,236.74,1268.37,0.1821,synthetic_fabricated_from_policy_context,NERC publications; media reports
2023-07-01,PHED,Premium,commercial,260.42,1156.51,0.2003,synthetic_fabricated_from_policy_context,NERC publications; media reports
2023-07-01,PHED,Premium,industrial,272.25,1389.61,0.2094,synthetic_fabricated_from_policy_context,NERC publications; media reports
2023-07-01,YEDC,A,residential,160.16,608.05,0.1232,synthetic_fabricated_from_policy_context,NERC publications; media reports
2023-07-01,YEDC,A,commercial,176.18,981.73,0.1355,synthetic_fabricated_from_policy_context,NERC publications; media reports
2023-07-01,YEDC,A,industrial,184.19,904.48,0.1417,synthetic_fabricated_from_policy_context,NERC publications; media reports
2023-07-01,YEDC,B,residential,128.13,495.03,0.0986,synthetic_fabricated_from_policy_context,NERC publications; media reports
2023-07-01,YEDC,B,commercial,140.94,713.81,0.1084,synthetic_fabricated_from_policy_context,NERC publications; media reports
2023-07-01,YEDC,B,industrial,147.35,709.02,0.1133,synthetic_fabricated_from_policy_context,NERC publications; media reports
2023-07-01,YEDC,C,residential,102.5,411.69,0.0788,synthetic_fabricated_from_policy_context,NERC publications; media reports
2023-07-01,YEDC,C,commercial,112.75,553.95,0.0867,synthetic_fabricated_from_policy_context,NERC publications; media reports
2023-07-01,YEDC,C,industrial,117.88,490.78,0.0907,synthetic_fabricated_from_policy_context,NERC publications; media reports
2023-07-01,YEDC,D,residential,83.28,426.24,0.0641,synthetic_fabricated_from_policy_context,NERC publications; media reports
2023-07-01,YEDC,D,commercial,91.61,391.9,0.0705,synthetic_fabricated_from_policy_context,NERC publications; media reports
2023-07-01,YEDC,D,industrial,95.78,389.79,0.0737,synthetic_fabricated_from_policy_context,NERC publications; media reports
2023-07-01,YEDC,E,residential,64.06,347.13,0.0493,synthetic_fabricated_from_policy_context,NERC publications; media reports
2023-07-01,YEDC,E,commercial,70.47,319.91,0.0542,synthetic_fabricated_from_policy_context,NERC publications; media reports
2023-07-01,YEDC,E,industrial,73.67,299.0,0.0567,synthetic_fabricated_from_policy_context,NERC publications; media reports
2023-07-01,YEDC,Premium,residential,256.26,1367.46,0.1971,synthetic_fabricated_from_policy_context,NERC publications; media reports
2023-07-01,YEDC,Premium,commercial,281.88,1299.45,0.2168,synthetic_fabricated_from_policy_context,NERC publications; media reports
2023-07-01,YEDC,Premium,industrial,294.7,1482.17,0.2267,synthetic_fabricated_from_policy_context,NERC publications; media reports
2023-08-01,AEDC,A,residential,135.84,712.31,0.1045,synthetic_fabricated_from_policy_context,NERC publications; media reports
2023-08-01,AEDC,A,commercial,149.42,824.98,0.1149,synthetic_fabricated_from_policy_context,NERC publications; media reports
2023-08-01,AEDC,A,industrial,156.22,970.22,0.1202,synthetic_fabricated_from_policy_context,NERC publications; media reports
2023-08-01,AEDC,B,residential,108.67,582.75,0.0836,synthetic_fabricated_from_policy_context,NERC publications; media reports
2023-08-01,AEDC,B,commercial,119.54,589.21,0.092,synthetic_fabricated_from_policy_context,NERC publications; media reports
2023-08-01,AEDC,B,industrial,124.97,724.92,0.0961,synthetic_fabricated_from_policy_context,NERC publications; media reports
2023-08-01,AEDC,C,residential,86.94,428.52,0.0669,synthetic_fabricated_from_policy_context,NERC publications; media reports
2023-08-01,AEDC,C,commercial,95.63,595.76,0.0736,synthetic_fabricated_from_policy_context,NERC publications; media reports
2023-08-01,AEDC,C,industrial,99.98,576.32,0.0769,synthetic_fabricated_from_policy_context,NERC publications; media reports
2023-08-01,AEDC,D,residential,70.64,395.2,0.0543,synthetic_fabricated_from_policy_context,NERC publications; media reports
2023-08-01,AEDC,D,commercial,77.7,472.24,0.0598,synthetic_fabricated_from_policy_context,NERC publications; media reports
2023-08-01,AEDC,D,industrial,81.23,425.26,0.0625,synthetic_fabricated_from_policy_context,NERC publications; media reports
2023-08-01,AEDC,E,residential,54.34,330.32,0.0418,synthetic_fabricated_from_policy_context,NERC publications; media reports
2023-08-01,AEDC,E,commercial,59.77,270.64,0.046,synthetic_fabricated_from_policy_context,NERC publications; media reports
2023-08-01,AEDC,E,industrial,62.49,296.32,0.0481,synthetic_fabricated_from_policy_context,NERC publications; media reports
2023-08-01,AEDC,Premium,residential,217.34,1399.59,0.1672,synthetic_fabricated_from_policy_context,NERC publications; media reports
2023-08-01,AEDC,Premium,commercial,239.08,1321.67,0.1839,synthetic_fabricated_from_policy_context,NERC publications; media reports
2023-08-01,AEDC,Premium,industrial,249.95,1612.42,0.1923,synthetic_fabricated_from_policy_context,NERC publications; media reports
2023-08-01,BEDC,A,residential,154.21,683.54,0.1186,synthetic_fabricated_from_policy_context,NERC publications; media reports
2023-08-01,BEDC,A,commercial,169.63,818.24,0.1305,synthetic_fabricated_from_policy_context,NERC publications; media reports
2023-08-01,BEDC,A,industrial,177.34,980.13,0.1364,synthetic_fabricated_from_policy_context,NERC publications; media reports
2023-08-01,BEDC,B,residential,123.36,606.72,0.0949,synthetic_fabricated_from_policy_context,NERC publications; media reports
2023-08-01,BEDC,B,commercial,135.7,709.53,0.1044,synthetic_fabricated_from_policy_context,NERC publications; media reports
2023-08-01,BEDC,B,industrial,141.87,775.51,0.1091,synthetic_fabricated_from_policy_context,NERC publications; media reports
2023-08-01,BEDC,C,residential,98.69,423.14,0.0759,synthetic_fabricated_from_policy_context,NERC publications; media reports
2023-08-01,BEDC,C,commercial,108.56,442.0,0.0835,synthetic_fabricated_from_policy_context,NERC publications; media reports
2023-08-01,BEDC,C,industrial,113.5,584.13,0.0873,synthetic_fabricated_from_policy_context,NERC publications; media reports
2023-08-01,BEDC,D,residential,80.19,390.42,0.0617,synthetic_fabricated_from_policy_context,NERC publications; media reports
2023-08-01,BEDC,D,commercial,88.21,463.0,0.0679,synthetic_fabricated_from_policy_context,NERC publications; media reports
2023-08-01,BEDC,D,industrial,92.21,519.06,0.0709,synthetic_fabricated_from_policy_context,NERC publications; media reports
2023-08-01,BEDC,E,residential,61.68,336.39,0.0474,synthetic_fabricated_from_policy_context,NERC publications; media reports
2023-08-01,BEDC,E,commercial,67.85,335.19,0.0522,synthetic_fabricated_from_policy_context,NERC publications; media reports
2023-08-01,BEDC,E,industrial,70.93,381.0,0.0546,synthetic_fabricated_from_policy_context,NERC publications; media reports
2023-08-01,BEDC,Premium,residential,246.73,1312.27,0.1898,synthetic_fabricated_from_policy_context,NERC publications; media reports
2023-08-01,BEDC,Premium,commercial,271.4,1161.91,0.2088,synthetic_fabricated_from_policy_context,NERC publications; media reports
2023-08-01,BEDC,Premium,industrial,283.74,1111.93,0.2183,synthetic_fabricated_from_policy_context,NERC publications; media reports
2023-08-01,EEDC,A,residential,138.98,681.97,0.1069,synthetic_fabricated_from_policy_context,NERC publications; media reports
2023-08-01,EEDC,A,commercial,152.88,916.7,0.1176,synthetic_fabricated_from_policy_context,NERC publications; media reports
2023-08-01,EEDC,A,industrial,159.83,972.77,0.1229,synthetic_fabricated_from_policy_context,NERC publications; media reports
2023-08-01,EEDC,B,residential,111.18,676.28,0.0855,synthetic_fabricated_from_policy_context,NERC publications; media reports
2023-08-01,EEDC,B,commercial,122.3,596.27,0.0941,synthetic_fabricated_from_policy_context,NERC publications; media reports
2023-08-01,EEDC,B,industrial,127.86,686.94,0.0984,synthetic_fabricated_from_policy_context,NERC publications; media reports
2023-08-01,EEDC,C,residential,88.95,551.15,0.0684,synthetic_fabricated_from_policy_context,NERC publications; media reports
2023-08-01,EEDC,C,commercial,97.84,464.76,0.0753,synthetic_fabricated_from_policy_context,NERC publications; media reports
2023-08-01,EEDC,C,industrial,102.29,621.58,0.0787,synthetic_fabricated_from_policy_context,NERC publications; media reports
2023-08-01,EEDC,D,residential,72.27,375.22,0.0556,synthetic_fabricated_from_policy_context,NERC publications; media reports
2023-08-01,EEDC,D,commercial,79.5,417.0,0.0612,synthetic_fabricated_from_policy_context,NERC publications; media reports
2023-08-01,EEDC,D,industrial,83.11,532.84,0.0639,synthetic_fabricated_from_policy_context,NERC publications; media reports
2023-08-01,EEDC,E,residential,55.59,242.44,0.0428,synthetic_fabricated_from_policy_context,NERC publications; media reports
2023-08-01,EEDC,E,commercial,61.15,383.27,0.047,synthetic_fabricated_from_policy_context,NERC publications; media reports
2023-08-01,EEDC,E,industrial,63.93,401.23,0.0492,synthetic_fabricated_from_policy_context,NERC publications; media reports
2023-08-01,EEDC,Premium,residential,222.37,1151.69,0.1711,synthetic_fabricated_from_policy_context,NERC publications; media reports
2023-08-01,EEDC,Premium,commercial,244.6,1081.25,0.1882,synthetic_fabricated_from_policy_context,NERC publications; media reports
2023-08-01,EEDC,Premium,industrial,255.72,1140.87,0.1967,synthetic_fabricated_from_policy_context,NERC publications; media reports
2023-08-01,EKEDC,A,residential,145.08,701.59,0.1116,synthetic_fabricated_from_policy_context,NERC publications; media reports
2023-08-01,EKEDC,A,commercial,159.58,837.44,0.1228,synthetic_fabricated_from_policy_context,NERC publications; media reports
2023-08-01,EKEDC,A,industrial,166.84,953.84,0.1283,synthetic_fabricated_from_policy_context,NERC publications; media reports
2023-08-01,EKEDC,B,residential,116.06,520.66,0.0893,synthetic_fabricated_from_policy_context,NERC publications; media reports
2023-08-01,EKEDC,B,commercial,127.67,597.66,0.0982,synthetic_fabricated_from_policy_context,NERC publications; media reports
2023-08-01,EKEDC,B,industrial,133.47,791.61,0.1027,synthetic_fabricated_from_policy_context,NERC publications; media reports
2023-08-01,EKEDC,C,residential,92.85,455.21,0.0714,synthetic_fabricated_from_policy_context,NERC publications; media reports
2023-08-01,EKEDC,C,commercial,102.13,473.55,0.0786,synthetic_fabricated_from_policy_context,NERC publications; media reports
2023-08-01,EKEDC,C,industrial,106.78,481.57,0.0821,synthetic_fabricated_from_policy_context,NERC publications; media reports
2023-08-01,EKEDC,D,residential,75.44,461.52,0.058,synthetic_fabricated_from_policy_context,NERC publications; media reports
2023-08-01,EKEDC,D,commercial,82.98,382.65,0.0638,synthetic_fabricated_from_policy_context,NERC publications; media reports
2023-08-01,EKEDC,D,industrial,86.76,508.21,0.0667,synthetic_fabricated_from_policy_context,NERC publications; media reports
2023-08-01,EKEDC,E,residential,58.03,265.1,0.0446,synthetic_fabricated_from_policy_context,NERC publications; media reports
2023-08-01,EKEDC,E,commercial,63.83,275.89,0.0491,synthetic_fabricated_from_policy_context,NERC publications; media reports
2023-08-01,EKEDC,E,industrial,66.73,370.79,0.0513,synthetic_fabricated_from_policy_context,NERC publications; media reports
2023-08-01,EKEDC,Premium,residential,232.12,1230.01,0.1786,synthetic_fabricated_from_policy_context,NERC publications; media reports
2023-08-01,EKEDC,Premium,commercial,255.33,1168.34,0.1964,synthetic_fabricated_from_policy_context,NERC publications; media reports
2023-08-01,EKEDC,Premium,industrial,266.94,1583.04,0.2053,synthetic_fabricated_from_policy_context,NERC publications; media reports
2023-08-01,IBEDC,A,residential,145.02,646.14,0.1116,synthetic_fabricated_from_policy_context,NERC publications; media reports
2023-08-01,IBEDC,A,commercial,159.52,771.61,0.1227,synthetic_fabricated_from_policy_context,NERC publications; media reports
2023-08-01,IBEDC,A,industrial,166.77,954.09,0.1283,synthetic_fabricated_from_policy_context,NERC publications; media reports
2023-08-01,IBEDC,B,residential,116.01,717.26,0.0892,synthetic_fabricated_from_policy_context,NERC publications; media reports
2023-08-01,IBEDC,B,commercial,127.61,714.87,0.0982,synthetic_fabricated_from_policy_context,NERC publications; media reports
2023-08-01,IBEDC,B,industrial,133.41,616.43,0.1026,synthetic_fabricated_from_policy_context,NERC publications; media reports
2023-08-01,IBEDC,C,residential,92.81,551.82,0.0714,synthetic_fabricated_from_policy_context,NERC publications; media reports
2023-08-01,IBEDC,C,commercial,102.09,536.09,0.0785,synthetic_fabricated_from_policy_context,NERC publications; media reports
2023-08-01,IBEDC,C,industrial,106.73,613.08,0.0821,synthetic_fabricated_from_policy_context,NERC publications; media reports
2023-08-01,IBEDC,D,residential,75.41,363.63,0.058,synthetic_fabricated_from_policy_context,NERC publications; media reports
2023-08-01,IBEDC,D,commercial,82.95,370.94,0.0638,synthetic_fabricated_from_policy_context,NERC publications; media reports
2023-08-01,IBEDC,D,industrial,86.72,440.93,0.0667,synthetic_fabricated_from_policy_context,NERC publications; media reports
2023-08-01,IBEDC,E,residential,58.01,344.43,0.0446,synthetic_fabricated_from_policy_context,NERC publications; media reports
2023-08-01,IBEDC,E,commercial,63.81,367.68,0.0491,synthetic_fabricated_from_policy_context,NERC publications; media reports
2023-08-01,IBEDC,E,industrial,66.71,276.06,0.0513,synthetic_fabricated_from_policy_context,NERC publications; media reports
2023-08-01,IBEDC,Premium,residential,232.02,1040.49,0.1785,synthetic_fabricated_from_policy_context,NERC publications; media reports
2023-08-01,IBEDC,Premium,commercial,255.23,1429.18,0.1963,synthetic_fabricated_from_policy_context,NERC publications; media reports
2023-08-01,IBEDC,Premium,industrial,266.83,1244.19,0.2053,synthetic_fabricated_from_policy_context,NERC publications; media reports
2023-08-01,IKEDC,A,residential,164.42,731.49,0.1265,synthetic_fabricated_from_policy_context,NERC publications; media reports
2023-08-01,IKEDC,A,commercial,180.86,945.94,0.1391,synthetic_fabricated_from_policy_context,NERC publications; media reports
2023-08-01,IKEDC,A,industrial,189.08,1027.66,0.1454,synthetic_fabricated_from_policy_context,NERC publications; media reports
2023-08-01,IKEDC,B,residential,131.53,670.87,0.1012,synthetic_fabricated_from_policy_context,NERC publications; media reports
2023-08-01,IKEDC,B,commercial,144.69,757.98,0.1113,synthetic_fabricated_from_policy_context,NERC publications; media reports
2023-08-01,IKEDC,B,industrial,151.26,574.35,0.1164,synthetic_fabricated_from_policy_context,NERC publications; media reports
2023-08-01,IKEDC,C,residential,105.23,495.91,0.0809,synthetic_fabricated_from_policy_context,NERC publications; media reports
2023-08-01,IKEDC,C,commercial,115.75,441.5,0.089,synthetic_fabricated_from_policy_context,NERC publications; media reports
2023-08-01,IKEDC,C,industrial,121.01,600.64,0.0931,synthetic_fabricated_from_policy_context,NERC publications; media reports
2023-08-01,IKEDC,D,residential,85.5,332.98,0.0658,synthetic_fabricated_from_policy_context,NERC publications; media reports
2023-08-01,IKEDC,D,commercial,94.05,440.22,0.0723,synthetic_fabricated_from_policy_context,NERC publications; media reports
2023-08-01,IKEDC,D,industrial,98.32,478.5,0.0756,synthetic_fabricated_from_policy_context,NERC publications; media reports
2023-08-01,IKEDC,E,residential,65.77,357.72,0.0506,synthetic_fabricated_from_policy_context,NERC publications; media reports
2023-08-01,IKEDC,E,commercial,72.34,313.63,0.0556,synthetic_fabricated_from_policy_context,NERC publications; media reports
2023-08-01,IKEDC,E,industrial,75.63,278.28,0.0582,synthetic_fabricated_from_policy_context,NERC publications; media reports
2023-08-01,IKEDC,Premium,residential,263.07,1331.27,0.2024,synthetic_fabricated_from_policy_context,NERC publications; media reports
2023-08-01,IKEDC,Premium,commercial,289.38,1521.89,0.2226,synthetic_fabricated_from_policy_context,NERC publications; media reports
2023-08-01,IKEDC,Premium,industrial,302.53,1505.3,0.2327,synthetic_fabricated_from_policy_context,NERC publications; media reports
2023-08-01,JED,A,residential,144.08,897.04,0.1108,synthetic_fabricated_from_policy_context,NERC publications; media reports
2023-08-01,JED,A,commercial,158.49,919.81,0.1219,synthetic_fabricated_from_policy_context,NERC publications; media reports
2023-08-01,JED,A,industrial,165.7,727.71,0.1275,synthetic_fabricated_from_policy_context,NERC publications; media reports
2023-08-01,JED,B,residential,115.27,707.14,0.0887,synthetic_fabricated_from_policy_context,NERC publications; media reports
2023-08-01,JED,B,commercial,126.79,585.17,0.0975,synthetic_fabricated_from_policy_context,NERC publications; media reports
2023-08-01,JED,B,industrial,132.56,802.7,0.102,synthetic_fabricated_from_policy_context,NERC publications; media reports
2023-08-01,JED,C,residential,92.21,551.15,0.0709,synthetic_fabricated_from_policy_context,NERC publications; media reports
2023-08-01,JED,C,commercial,101.43,444.82,0.078,synthetic_fabricated_from_policy_context,NERC publications; media reports
2023-08-01,JED,C,industrial,106.04,449.05,0.0816,synthetic_fabricated_from_policy_context,NERC publications; media reports
2023-08-01,JED,D,residential,74.92,316.37,0.0576,synthetic_fabricated_from_policy_context,NERC publications; media reports
2023-08-01,JED,D,commercial,82.42,388.32,0.0634,synthetic_fabricated_from_policy_context,NERC publications; media reports
2023-08-01,JED,D,industrial,86.16,372.78,0.0663,synthetic_fabricated_from_policy_context,NERC publications; media reports
2023-08-01,JED,E,residential,57.63,265.49,0.0443,synthetic_fabricated_from_policy_context,NERC publications; media reports
2023-08-01,JED,E,commercial,63.4,388.5,0.0488,synthetic_fabricated_from_policy_context,NERC publications; media reports
2023-08-01,JED,E,industrial,66.28,380.5,0.051,synthetic_fabricated_from_policy_context,NERC publications; media reports
2023-08-01,JED,Premium,residential,230.53,1128.64,0.1773,synthetic_fabricated_from_policy_context,NERC publications; media reports
2023-08-01,JED,Premium,commercial,253.59,1167.73,0.1951,synthetic_fabricated_from_policy_context,NERC publications; media reports
2023-08-01,JED,Premium,industrial,265.11,1300.72,0.2039,synthetic_fabricated_from_policy_context,NERC publications; media reports
2023-08-01,KAEDCO,A,residential,144.89,722.83,0.1115,synthetic_fabricated_from_policy_context,NERC publications; media reports
2023-08-01,KAEDCO,A,commercial,159.38,780.89,0.1226,synthetic_fabricated_from_policy_context,NERC publications; media reports
2023-08-01,KAEDCO,A,industrial,166.62,790.14,0.1282,synthetic_fabricated_from_policy_context,NERC publications; media reports
2023-08-01,KAEDCO,B,residential,115.91,508.81,0.0892,synthetic_fabricated_from_policy_context,NERC publications; media reports
2023-08-01,KAEDCO,B,commercial,127.5,745.85,0.0981,synthetic_fabricated_from_policy_context,NERC publications; media reports
2023-08-01,KAEDCO,B,industrial,133.3,703.15,0.1025,synthetic_fabricated_from_policy_context,NERC publications; media reports
2023-08-01,KAEDCO,C,residential,92.73,531.04,0.0713,synthetic_fabricated_from_policy_context,NERC publications; media reports
2023-08-01,KAEDCO,C,commercial,102.0,458.87,0.0785,synthetic_fabricated_from_policy_context,NERC publications; media reports
2023-08-01,KAEDCO,C,industrial,106.64,627.65,0.082,synthetic_fabricated_from_policy_context,NERC publications; media reports
2023-08-01,KAEDCO,D,residential,75.34,371.49,0.058,synthetic_fabricated_from_policy_context,NERC publications; media reports
2023-08-01,KAEDCO,D,commercial,82.88,425.8,0.0638,synthetic_fabricated_from_policy_context,NERC publications; media reports
2023-08-01,KAEDCO,D,industrial,86.64,434.21,0.0666,synthetic_fabricated_from_policy_context,NERC publications; media reports
2023-08-01,KAEDCO,E,residential,57.96,307.19,0.0446,synthetic_fabricated_from_policy_context,NERC publications; media reports
2023-08-01,KAEDCO,E,commercial,63.75,395.04,0.049,synthetic_fabricated_from_policy_context,NERC publications; media reports
2023-08-01,KAEDCO,E,industrial,66.65,410.31,0.0513,synthetic_fabricated_from_policy_context,NERC publications; media reports
2023-08-01,KAEDCO,Premium,residential,231.82,1378.85,0.1783,synthetic_fabricated_from_policy_context,NERC publications; media reports
2023-08-01,KAEDCO,Premium,commercial,255.0,1404.36,0.1962,synthetic_fabricated_from_policy_context,NERC publications; media reports
2023-08-01,KAEDCO,Premium,industrial,266.59,1251.83,0.2051,synthetic_fabricated_from_policy_context,NERC publications; media reports
2023-08-01,KEDCO,A,residential,153.85,832.35,0.1183,synthetic_fabricated_from_policy_context,NERC publications; media reports
2023-08-01,KEDCO,A,commercial,169.23,776.83,0.1302,synthetic_fabricated_from_policy_context,NERC publications; media reports
2023-08-01,KEDCO,A,industrial,176.92,855.65,0.1361,synthetic_fabricated_from_policy_context,NERC publications; media reports
2023-08-01,KEDCO,B,residential,123.08,702.69,0.0947,synthetic_fabricated_from_policy_context,NERC publications; media reports
2023-08-01,KEDCO,B,commercial,135.38,656.2,0.1041,synthetic_fabricated_from_policy_context,NERC publications; media reports
2023-08-01,KEDCO,B,industrial,141.54,825.28,0.1089,synthetic_fabricated_from_policy_context,NERC publications; media reports
2023-08-01,KEDCO,C,residential,98.46,475.27,0.0757,synthetic_fabricated_from_policy_context,NERC publications; media reports
2023-08-01,KEDCO,C,commercial,108.31,433.6,0.0833,synthetic_fabricated_from_policy_context,NERC publications; media reports
2023-08-01,KEDCO,C,industrial,113.23,588.54,0.0871,synthetic_fabricated_from_policy_context,NERC publications; media reports
2023-08-01,KEDCO,D,residential,80.0,426.05,0.0615,synthetic_fabricated_from_policy_context,NERC publications; media reports
2023-08-01,KEDCO,D,commercial,88.0,410.44,0.0677,synthetic_fabricated_from_policy_context,NERC publications; media reports
2023-08-01,KEDCO,D,industrial,92.0,452.85,0.0708,synthetic_fabricated_from_policy_context,NERC publications; media reports
2023-08-01,KEDCO,E,residential,61.54,351.02,0.0473,synthetic_fabricated_from_policy_context,NERC publications; media reports
2023-08-01,KEDCO,E,commercial,67.69,387.6,0.0521,synthetic_fabricated_from_policy_context,NERC publications; media reports
2023-08-01,KEDCO,E,industrial,70.77,388.64,0.0544,synthetic_fabricated_from_policy_context,NERC publications; media reports
2023-08-01,KEDCO,Premium,residential,246.15,1165.82,0.1893,synthetic_fabricated_from_policy_context,NERC publications; media reports
2023-08-01,KEDCO,Premium,commercial,270.77,1250.27,0.2083,synthetic_fabricated_from_policy_context,NERC publications; media reports
2023-08-01,KEDCO,Premium,industrial,283.08,1297.49,0.2178,synthetic_fabricated_from_policy_context,NERC publications; media reports
2023-08-01,PHED,A,residential,152.26,875.66,0.1171,synthetic_fabricated_from_policy_context,NERC publications; media reports
2023-08-01,PHED,A,commercial,167.48,811.78,0.1288,synthetic_fabricated_from_policy_context,NERC publications; media reports
2023-08-01,PHED,A,industrial,175.09,1027.99,0.1347,synthetic_fabricated_from_policy_context,NERC publications; media reports
2023-08-01,PHED,B,residential,121.8,576.95,0.0937,synthetic_fabricated_from_policy_context,NERC publications; media reports
2023-08-01,PHED,B,commercial,133.98,674.97,0.1031,synthetic_fabricated_from_policy_context,NERC publications; media reports
2023-08-01,PHED,B,industrial,140.07,650.85,0.1077,synthetic_fabricated_from_policy_context,NERC publications; media reports
2023-08-01,PHED,C,residential,97.44,532.27,0.075,synthetic_fabricated_from_policy_context,NERC publications; media reports
2023-08-01,PHED,C,commercial,107.19,631.08,0.0825,synthetic_fabricated_from_policy_context,NERC publications; media reports
2023-08-01,PHED,C,industrial,112.06,635.49,0.0862,synthetic_fabricated_from_policy_context,NERC publications; media reports
2023-08-01,PHED,D,residential,79.17,457.96,0.0609,synthetic_fabricated_from_policy_context,NERC publications; media reports
2023-08-01,PHED,D,commercial,87.09,422.61,0.067,synthetic_fabricated_from_policy_context,NERC publications; media reports
2023-08-01,PHED,D,industrial,91.05,390.83,0.07,synthetic_fabricated_from_policy_context,NERC publications; media reports
2023-08-01,PHED,E,residential,60.9,336.4,0.0468,synthetic_fabricated_from_policy_context,NERC publications; media reports
2023-08-01,PHED,E,commercial,66.99,279.92,0.0515,synthetic_fabricated_from_policy_context,NERC publications; media reports
2023-08-01,PHED,E,industrial,70.04,358.66,0.0539,synthetic_fabricated_from_policy_context,NERC publications; media reports
2023-08-01,PHED,Premium,residential,243.61,1373.78,0.1874,synthetic_fabricated_from_policy_context,NERC publications; media reports
2023-08-01,PHED,Premium,commercial,267.97,1196.37,0.2061,synthetic_fabricated_from_policy_context,NERC publications; media reports
2023-08-01,PHED,Premium,industrial,280.15,1128.4,0.2155,synthetic_fabricated_from_policy_context,NERC publications; media reports
2023-08-01,YEDC,A,residential,157.22,744.6,0.1209,synthetic_fabricated_from_policy_context,NERC publications; media reports
2023-08-01,YEDC,A,commercial,172.95,758.01,0.133,synthetic_fabricated_from_policy_context,NERC publications; media reports
2023-08-01,YEDC,A,industrial,180.81,876.8,0.1391,synthetic_fabricated_from_policy_context,NERC publications; media reports
2023-08-01,YEDC,B,residential,125.78,526.18,0.0968,synthetic_fabricated_from_policy_context,NERC publications; media reports
2023-08-01,YEDC,B,commercial,138.36,749.09,0.1064,synthetic_fabricated_from_policy_context,NERC publications; media reports
2023-08-01,YEDC,B,industrial,144.65,815.48,0.1113,synthetic_fabricated_from_policy_context,NERC publications; media reports
2023-08-01,YEDC,C,residential,100.62,480.78,0.0774,synthetic_fabricated_from_policy_context,NERC publications; media reports
2023-08-01,YEDC,C,commercial,110.69,600.32,0.0851,synthetic_fabricated_from_policy_context,NERC publications; media reports
2023-08-01,YEDC,C,industrial,115.72,524.84,0.089,synthetic_fabricated_from_policy_context,NERC publications; media reports
2023-08-01,YEDC,D,residential,81.76,391.91,0.0629,synthetic_fabricated_from_policy_context,NERC publications; media reports
2023-08-01,YEDC,D,commercial,89.93,456.1,0.0692,synthetic_fabricated_from_policy_context,NERC publications; media reports
2023-08-01,YEDC,D,industrial,94.02,480.87,0.0723,synthetic_fabricated_from_policy_context,NERC publications; media reports
2023-08-01,YEDC,E,residential,62.89,285.11,0.0484,synthetic_fabricated_from_policy_context,NERC publications; media reports
2023-08-01,YEDC,E,commercial,69.18,336.4,0.0532,synthetic_fabricated_from_policy_context,NERC publications; media reports
2023-08-01,YEDC,E,industrial,72.32,321.84,0.0556,synthetic_fabricated_from_policy_context,NERC publications; media reports
2023-08-01,YEDC,Premium,residential,251.56,1024.21,0.1935,synthetic_fabricated_from_policy_context,NERC publications; media reports
2023-08-01,YEDC,Premium,commercial,276.72,1134.18,0.2129,synthetic_fabricated_from_policy_context,NERC publications; media reports
2023-08-01,YEDC,Premium,industrial,289.29,1232.36,0.2225,synthetic_fabricated_from_policy_context,NERC publications; media reports
2023-09-01,AEDC,A,residential,156.67,607.16,0.1205,synthetic_fabricated_from_policy_context,NERC publications; media reports
2023-09-01,AEDC,A,commercial,172.33,779.41,0.1326,synthetic_fabricated_from_policy_context,NERC publications; media reports
2023-09-01,AEDC,A,industrial,180.17,873.96,0.1386,synthetic_fabricated_from_policy_context,NERC publications; media reports
2023-09-01,AEDC,B,residential,125.33,627.51,0.0964,synthetic_fabricated_from_policy_context,NERC publications; media reports
2023-09-01,AEDC,B,commercial,137.87,719.5,0.1061,synthetic_fabricated_from_policy_context,NERC publications; media reports
2023-09-01,AEDC,B,industrial,144.13,644.06,0.1109,synthetic_fabricated_from_policy_context,NERC publications; media reports
2023-09-01,AEDC,C,residential,100.27,564.92,0.0771,synthetic_fabricated_from_policy_context,NERC publications; media reports
2023-09-01,AEDC,C,commercial,110.29,529.81,0.0848,synthetic_fabricated_from_policy_context,NERC publications; media reports
2023-09-01,AEDC,C,industrial,115.31,571.81,0.0887,synthetic_fabricated_from_policy_context,NERC publications; media reports
2023-09-01,AEDC,D,residential,81.47,351.72,0.0627,synthetic_fabricated_from_policy_context,NERC publications; media reports
2023-09-01,AEDC,D,commercial,89.61,481.87,0.0689,synthetic_fabricated_from_policy_context,NERC publications; media reports
2023-09-01,AEDC,D,industrial,93.69,404.57,0.0721,synthetic_fabricated_from_policy_context,NERC publications; media reports
2023-09-01,AEDC,E,residential,62.67,260.03,0.0482,synthetic_fabricated_from_policy_context,NERC publications; media reports
2023-09-01,AEDC,E,commercial,68.93,326.91,0.053,synthetic_fabricated_from_policy_context,NERC publications; media reports
2023-09-01,AEDC,E,industrial,72.07,400.36,0.0554,synthetic_fabricated_from_policy_context,NERC publications; media reports
2023-09-01,AEDC,Premium,residential,250.67,1283.66,0.1928,synthetic_fabricated_from_policy_context,NERC publications; media reports
2023-09-01,AEDC,Premium,commercial,275.74,1488.51,0.2121,synthetic_fabricated_from_policy_context,NERC publications; media reports
2023-09-01,AEDC,Premium,industrial,288.27,1314.34,0.2217,synthetic_fabricated_from_policy_context,NERC publications; media reports
2023-09-01,BEDC,A,residential,146.45,635.17,0.1127,synthetic_fabricated_from_policy_context,NERC publications; media reports
2023-09-01,BEDC,A,commercial,161.1,858.92,0.1239,synthetic_fabricated_from_policy_context,NERC publications; media reports
2023-09-01,BEDC,A,industrial,168.42,777.55,0.1296,synthetic_fabricated_from_policy_context,NERC publications; media reports
2023-09-01,BEDC,B,residential,117.16,489.77,0.0901,synthetic_fabricated_from_policy_context,NERC publications; media reports
2023-09-01,BEDC,B,commercial,128.88,624.04,0.0991,synthetic_fabricated_from_policy_context,NERC publications; media reports
2023-09-01,BEDC,B,industrial,134.74,590.82,0.1036,synthetic_fabricated_from_policy_context,NERC publications; media reports
2023-09-01,BEDC,C,residential,93.73,450.12,0.0721,synthetic_fabricated_from_policy_context,NERC publications; media reports
2023-09-01,BEDC,C,commercial,103.1,550.44,0.0793,synthetic_fabricated_from_policy_context,NERC publications; media reports
2023-09-01,BEDC,C,industrial,107.79,652.77,0.0829,synthetic_fabricated_from_policy_context,NERC publications; media reports
2023-09-01,BEDC,D,residential,76.15,458.48,0.0586,synthetic_fabricated_from_policy_context,NERC publications; media reports
2023-09-01,BEDC,D,commercial,83.77,439.07,0.0644,synthetic_fabricated_from_policy_context,NERC publications; media reports
2023-09-01,BEDC,D,industrial,87.58,362.64,0.0674,synthetic_fabricated_from_policy_context,NERC publications; media reports
2023-09-01,BEDC,E,residential,58.58,315.9,0.0451,synthetic_fabricated_from_policy_context,NERC publications; media reports
2023-09-01,BEDC,E,commercial,64.44,271.46,0.0496,synthetic_fabricated_from_policy_context,NERC publications; media reports
2023-09-01,BEDC,E,industrial,67.37,407.96,0.0518,synthetic_fabricated_from_policy_context,NERC publications; media reports
2023-09-01,BEDC,Premium,residential,234.32,1194.25,0.1802,synthetic_fabricated_from_policy_context,NERC publications; media reports
2023-09-01,BEDC,Premium,commercial,257.75,1274.25,0.1983,synthetic_fabricated_from_policy_context,NERC publications; media reports
2023-09-01,BEDC,Premium,industrial,269.47,1206.58,0.2073,synthetic_fabricated_from_policy_context,NERC publications; media reports
2023-09-01,EEDC,A,residential,162.59,866.44,0.1251,synthetic_fabricated_from_policy_context,NERC publications; media reports
2023-09-01,EEDC,A,commercial,178.85,825.67,0.1376,synthetic_fabricated_from_policy_context,NERC publications; media reports
2023-09-01,EEDC,A,industrial,186.98,709.03,0.1438,synthetic_fabricated_from_policy_context,NERC publications; media reports
2023-09-01,EEDC,B,residential,130.07,680.77,0.1001,synthetic_fabricated_from_policy_context,NERC publications; media reports
2023-09-01,EEDC,B,commercial,143.08,612.89,0.1101,synthetic_fabricated_from_policy_context,NERC publications; media reports
2023-09-01,EEDC,B,industrial,149.58,737.71,0.1151,synthetic_fabricated_from_policy_context,NERC publications; media reports
2023-09-01,EEDC,C,residential,104.06,482.91,0.08,synthetic_fabricated_from_policy_context,NERC publications; media reports
2023-09-01,EEDC,C,commercial,114.46,481.91,0.088,synthetic_fabricated_from_policy_context,NERC publications; media reports
2023-09-01,EEDC,C,industrial,119.67,456.23,0.0921,synthetic_fabricated_from_policy_context,NERC publications; media reports
2023-09-01,EEDC,D,residential,84.55,391.24,0.065,synthetic_fabricated_from_policy_context,NERC publications; media reports
2023-09-01,EEDC,D,commercial,93.0,375.12,0.0715,synthetic_fabricated_from_policy_context,NERC publications; media reports
2023-09-01,EEDC,D,industrial,97.23,375.18,0.0748,synthetic_fabricated_from_policy_context,NERC publications; media reports
2023-09-01,EEDC,E,residential,65.04,314.08,0.05,synthetic_fabricated_from_policy_context,NERC publications; media reports
2023-09-01,EEDC,E,commercial,71.54,360.23,0.055,synthetic_fabricated_from_policy_context,NERC publications; media reports
2023-09-01,EEDC,E,industrial,74.79,400.05,0.0575,synthetic_fabricated_from_policy_context,NERC publications; media reports
2023-09-01,EEDC,Premium,residential,260.15,1017.48,0.2001,synthetic_fabricated_from_policy_context,NERC publications; media reports
2023-09-01,EEDC,Premium,commercial,286.16,1097.29,0.2201,synthetic_fabricated_from_policy_context,NERC publications; media reports
2023-09-01,EEDC,Premium,industrial,299.17,1302.65,0.2301,synthetic_fabricated_from_policy_context,NERC publications; media reports
2023-09-01,EKEDC,A,residential,146.24,654.96,0.1125,synthetic_fabricated_from_policy_context,NERC publications; media reports
2023-09-01,EKEDC,A,commercial,160.86,930.3,0.1237,synthetic_fabricated_from_policy_context,NERC publications; media reports
2023-09-01,EKEDC,A,industrial,168.18,988.3,0.1294,synthetic_fabricated_from_policy_context,NERC publications; media reports
2023-09-01,EKEDC,B,residential,116.99,561.0,0.09,synthetic_fabricated_from_policy_context,NERC publications; media reports
2023-09-01,EKEDC,B,commercial,128.69,559.31,0.099,synthetic_fabricated_from_policy_context,NERC publications; media reports
2023-09-01,EKEDC,B,industrial,134.54,827.8,0.1035,synthetic_fabricated_from_policy_context,NERC publications; media reports
2023-09-01,EKEDC,C,residential,93.59,536.98,0.072,synthetic_fabricated_from_policy_context,NERC publications; media reports
2023-09-01,EKEDC,C,commercial,102.95,503.71,0.0792,synthetic_fabricated_from_policy_context,NERC publications; media reports
2023-09-01,EKEDC,C,industrial,107.63,499.92,0.0828,synthetic_fabricated_from_policy_context,NERC publications; media reports
2023-09-01,EKEDC,D,residential,76.04,455.85,0.0585,synthetic_fabricated_from_policy_context,NERC publications; media reports
2023-09-01,EKEDC,D,commercial,83.65,396.96,0.0643,synthetic_fabricated_from_policy_context,NERC publications; media reports
2023-09-01,EKEDC,D,industrial,87.45,401.51,0.0673,synthetic_fabricated_from_policy_context,NERC publications; media reports
2023-09-01,EKEDC,E,residential,58.5,332.05,0.045,synthetic_fabricated_from_policy_context,NERC publications; media reports
2023-09-01,EKEDC,E,commercial,64.35,289.72,0.0495,synthetic_fabricated_from_policy_context,NERC publications; media reports
2023-09-01,EKEDC,E,industrial,67.27,385.97,0.0517,synthetic_fabricated_from_policy_context,NERC publications; media reports
2023-09-01,EKEDC,Premium,residential,233.98,1041.59,0.18,synthetic_fabricated_from_policy_context,NERC publications; media reports
2023-09-01,EKEDC,Premium,commercial,257.38,1305.37,0.198,synthetic_fabricated_from_policy_context,NERC publications; media reports
2023-09-01,EKEDC,Premium,industrial,269.08,1166.54,0.207,synthetic_fabricated_from_policy_context,NERC publications; media reports
2023-09-01,IBEDC,A,residential,161.16,605.58,0.124,synthetic_fabricated_from_policy_context,NERC publications; media reports
2023-09-01,IBEDC,A,commercial,177.28,851.59,0.1364,synthetic_fabricated_from_policy_context,NERC publications; media reports
2023-09-01,IBEDC,A,industrial,185.34,932.69,0.1426,synthetic_fabricated_from_policy_context,NERC publications; media reports
2023-09-01,IBEDC,B,residential,128.93,608.45,0.0992,synthetic_fabricated_from_policy_context,NERC publications; media reports
2023-09-01,IBEDC,B,commercial,141.82,567.65,0.1091,synthetic_fabricated_from_policy_context,NERC publications; media reports
2023-09-01,IBEDC,B,industrial,148.27,628.39,0.1141,synthetic_fabricated_from_policy_context,NERC publications; media reports
2023-09-01,IBEDC,C,residential,103.14,458.16,0.0793,synthetic_fabricated_from_policy_context,NERC publications; media reports
2023-09-01,IBEDC,C,commercial,113.46,478.07,0.0873,synthetic_fabricated_from_policy_context,NERC publications; media reports
2023-09-01,IBEDC,C,industrial,118.61,661.59,0.0912,synthetic_fabricated_from_policy_context,NERC publications; media reports
2023-09-01,IBEDC,D,residential,83.8,450.6,0.0645,synthetic_fabricated_from_policy_context,NERC publications; media reports
2023-09-01,IBEDC,D,commercial,92.18,396.74,0.0709,synthetic_fabricated_from_policy_context,NERC publications; media reports
2023-09-01,IBEDC,D,industrial,96.37,383.62,0.0741,synthetic_fabricated_from_policy_context,NERC publications; media reports
2023-09-01,IBEDC,E,residential,64.46,283.77,0.0496,synthetic_fabricated_from_policy_context,NERC publications; media reports
2023-09-01,IBEDC,E,commercial,70.91,319.34,0.0545,synthetic_fabricated_from_policy_context,NERC publications; media reports
2023-09-01,IBEDC,E,industrial,74.13,363.19,0.057,synthetic_fabricated_from_policy_context,NERC publications; media reports
2023-09-01,IBEDC,Premium,residential,257.86,1104.02,0.1984,synthetic_fabricated_from_policy_context,NERC publications; media reports
2023-09-01,IBEDC,Premium,commercial,283.64,1102.73,0.2182,synthetic_fabricated_from_policy_context,NERC publications; media reports
2023-09-01,IBEDC,Premium,industrial,296.54,1640.21,0.2281,synthetic_fabricated_from_policy_context,NERC publications; media reports
2023-09-01,IKEDC,A,residential,146.46,818.7,0.1127,synthetic_fabricated_from_policy_context,NERC publications; media reports
2023-09-01,IKEDC,A,commercial,161.1,801.33,0.1239,synthetic_fabricated_from_policy_context,NERC publications; media reports
2023-09-01,IKEDC,A,industrial,168.42,797.57,0.1296,synthetic_fabricated_from_policy_context,NERC publications; media reports
2023-09-01,IKEDC,B,residential,117.16,517.67,0.0901,synthetic_fabricated_from_policy_context,NERC publications; media reports
2023-09-01,IKEDC,B,commercial,128.88,566.7,0.0991,synthetic_fabricated_from_policy_context,NERC publications; media reports
2023-09-01,IKEDC,B,industrial,134.74,600.76,0.1036,synthetic_fabricated_from_policy_context,NERC publications; media reports
2023-09-01,IKEDC,C,residential,93.73,488.64,0.0721,synthetic_fabricated_from_policy_context,NERC publications; media reports
2023-09-01,IKEDC,C,commercial,103.1,495.35,0.0793,synthetic_fabricated_from_policy_context,NERC publications; media reports
2023-09-01,IKEDC,C,industrial,107.79,468.8,0.0829,synthetic_fabricated_from_policy_context,NERC publications; media reports
2023-09-01,IKEDC,D,residential,76.16,447.13,0.0586,synthetic_fabricated_from_policy_context,NERC publications; media reports
2023-09-01,IKEDC,D,commercial,83.77,467.25,0.0644,synthetic_fabricated_from_policy_context,NERC publications; media reports
2023-09-01,IKEDC,D,industrial,87.58,359.57,0.0674,synthetic_fabricated_from_policy_context,NERC publications; media reports
2023-09-01,IKEDC,E,residential,58.58,315.86,0.0451,synthetic_fabricated_from_policy_context,NERC publications; media reports
2023-09-01,IKEDC,E,commercial,64.44,313.03,0.0496,synthetic_fabricated_from_policy_context,NERC publications; media reports
2023-09-01,IKEDC,E,industrial,67.37,296.4,0.0518,synthetic_fabricated_from_policy_context,NERC publications; media reports
2023-09-01,IKEDC,Premium,residential,234.33,995.99,0.1803,synthetic_fabricated_from_policy_context,NERC publications; media reports
2023-09-01,IKEDC,Premium,commercial,257.76,1374.05,0.1983,synthetic_fabricated_from_policy_context,NERC publications; media reports
2023-09-01,IKEDC,Premium,industrial,269.48,1129.47,0.2073,synthetic_fabricated_from_policy_context,NERC publications; media reports
2023-09-01,JED,A,residential,166.32,775.78,0.1279,synthetic_fabricated_from_policy_context,NERC publications; media reports
2023-09-01,JED,A,commercial,182.96,791.34,0.1407,synthetic_fabricated_from_policy_context,NERC publications; media reports
2023-09-01,JED,A,industrial,191.27,694.19,0.1471,synthetic_fabricated_from_policy_context,NERC publications; media reports
2023-09-01,JED,B,residential,133.06,677.14,0.1024,synthetic_fabricated_from_policy_context,NERC publications; media reports
2023-09-01,JED,B,commercial,146.36,691.82,0.1126,synthetic_fabricated_from_policy_context,NERC publications; media reports
2023-09-01,JED,B,industrial,153.02,826.49,0.1177,synthetic_fabricated_from_policy_context,NERC publications; media reports
2023-09-01,JED,C,residential,106.45,456.94,0.0819,synthetic_fabricated_from_policy_context,NERC publications; media reports
2023-09-01,JED,C,commercial,117.09,622.52,0.0901,synthetic_fabricated_from_policy_context,NERC publications; media reports
2023-09-01,JED,C,industrial,122.41,634.17,0.0942,synthetic_fabricated_from_policy_context,NERC publications; media reports
2023-09-01,JED,D,residential,86.49,379.12,0.0665,synthetic_fabricated_from_policy_context,NERC publications; media reports
2023-09-01,JED,D,commercial,95.14,398.57,0.0732,synthetic_fabricated_from_policy_context,NERC publications; media reports
2023-09-01,JED,D,industrial,99.46,457.59,0.0765,synthetic_fabricated_from_policy_context,NERC publications; media reports
2023-09-01,JED,E,residential,66.53,314.39,0.0512,synthetic_fabricated_from_policy_context,NERC publications; media reports
2023-09-01,JED,E,commercial,73.18,364.41,0.0563,synthetic_fabricated_from_policy_context,NERC publications; media reports
2023-09-01,JED,E,industrial,76.51,382.09,0.0589,synthetic_fabricated_from_policy_context,NERC publications; media reports
2023-09-01,JED,Premium,residential,266.12,1198.4,0.2047,synthetic_fabricated_from_policy_context,NERC publications; media reports
2023-09-01,JED,Premium,commercial,292.73,1277.24,0.2252,synthetic_fabricated_from_policy_context,NERC publications; media reports
2023-09-01,JED,Premium,industrial,306.03,1324.04,0.2354,synthetic_fabricated_from_policy_context,NERC publications; media reports
2023-09-01,KAEDCO,A,residential,165.16,735.01,0.127,synthetic_fabricated_from_policy_context,NERC publications; media reports
2023-09-01,KAEDCO,A,commercial,181.68,845.97,0.1398,synthetic_fabricated_from_policy_context,NERC publications; media reports
2023-09-01,KAEDCO,A,industrial,189.93,708.02,0.1461,synthetic_fabricated_from_policy_context,NERC publications; media reports
2023-09-01,KAEDCO,B,residential,132.13,678.22,0.1016,synthetic_fabricated_from_policy_context,NERC publications; media reports
2023-09-01,KAEDCO,B,commercial,145.34,751.61,0.1118,synthetic_fabricated_from_policy_context,NERC publications; media reports
2023-09-01,KAEDCO,B,industrial,151.95,570.15,0.1169,synthetic_fabricated_from_policy_context,NERC publications; media reports
2023-09-01,KAEDCO,C,residential,105.7,415.48,0.0813,synthetic_fabricated_from_policy_context,NERC publications; media reports
2023-09-01,KAEDCO,C,commercial,116.27,583.14,0.0894,synthetic_fabricated_from_policy_context,NERC publications; media reports
2023-09-01,KAEDCO,C,industrial,121.56,537.3,0.0935,synthetic_fabricated_from_policy_context,NERC publications; media reports
2023-09-01,KAEDCO,D,residential,85.88,353.92,0.0661,synthetic_fabricated_from_policy_context,NERC publications; media reports
2023-09-01,KAEDCO,D,commercial,94.47,400.78,0.0727,synthetic_fabricated_from_policy_context,NERC publications; media reports
2023-09-01,KAEDCO,D,industrial,98.77,517.59,0.076,synthetic_fabricated_from_policy_context,NERC publications; media reports
2023-09-01,KAEDCO,E,residential,66.06,353.25,0.0508,synthetic_fabricated_from_policy_context,NERC publications; media reports
2023-09-01,KAEDCO,E,commercial,72.67,322.48,0.0559,synthetic_fabricated_from_policy_context,NERC publications; media reports
2023-09-01,KAEDCO,E,industrial,75.97,304.33,0.0584,synthetic_fabricated_from_policy_context,NERC publications; media reports
2023-09-01,KAEDCO,Premium,residential,264.26,1305.91,0.2033,synthetic_fabricated_from_policy_context,NERC publications; media reports
2023-09-01,KAEDCO,Premium,commercial,290.68,1111.52,0.2236,synthetic_fabricated_from_policy_context,NERC publications; media reports
2023-09-01,KAEDCO,Premium,industrial,303.89,1436.74,0.2338,synthetic_fabricated_from_policy_context,NERC publications; media reports
2023-09-01,KEDCO,A,residential,157.8,694.22,0.1214,synthetic_fabricated_from_policy_context,NERC publications; media reports
2023-09-01,KEDCO,A,commercial,173.58,769.01,0.1335,synthetic_fabricated_from_policy_context,NERC publications; media reports
2023-09-01,KEDCO,A,industrial,181.47,995.61,0.1396,synthetic_fabricated_from_policy_context,NERC publications; media reports
2023-09-01,KEDCO,B,residential,126.24,568.94,0.0971,synthetic_fabricated_from_policy_context,NERC publications; media reports
2023-09-01,KEDCO,B,commercial,138.86,560.1,0.1068,synthetic_fabricated_from_policy_context,NERC publications; media reports
2023-09-01,KEDCO,B,industrial,145.18,796.59,0.1117,synthetic_fabricated_from_policy_context,NERC publications; media reports
2023-09-01,KEDCO,C,residential,100.99,555.39,0.0777,synthetic_fabricated_from_policy_context,NERC publications; media reports
2023-09-01,KEDCO,C,commercial,111.09,559.59,0.0855,synthetic_fabricated_from_policy_context,NERC publications; media reports
2023-09-01,KEDCO,C,industrial,116.14,562.01,0.0893,synthetic_fabricated_from_policy_context,NERC publications; media reports
2023-09-01,KEDCO,D,residential,82.06,414.92,0.0631,synthetic_fabricated_from_policy_context,NERC publications; media reports
2023-09-01,KEDCO,D,commercial,90.26,372.07,0.0694,synthetic_fabricated_from_policy_context,NERC publications; media reports
2023-09-01,KEDCO,D,industrial,94.36,393.72,0.0726,synthetic_fabricated_from_policy_context,NERC publications; media reports
2023-09-01,KEDCO,E,residential,63.12,331.07,0.0486,synthetic_fabricated_from_policy_context,NERC publications; media reports
2023-09-01,KEDCO,E,commercial,69.43,302.72,0.0534,synthetic_fabricated_from_policy_context,NERC publications; media reports
2023-09-01,KEDCO,E,industrial,72.59,375.51,0.0558,synthetic_fabricated_from_policy_context,NERC publications; media reports
2023-09-01,KEDCO,Premium,residential,252.48,1272.06,0.1942,synthetic_fabricated_from_policy_context,NERC publications; media reports
2023-09-01,KEDCO,Premium,commercial,277.73,1214.14,0.2136,synthetic_fabricated_from_policy_context,NERC publications; media reports
2023-09-01,KEDCO,Premium,industrial,290.35,1476.93,0.2233,synthetic_fabricated_from_policy_context,NERC publications; media reports
2023-09-01,PHED,A,residential,138.98,865.83,0.1069,synthetic_fabricated_from_policy_context,NERC publications; media reports
2023-09-01,PHED,A,commercial,152.88,853.54,0.1176,synthetic_fabricated_from_policy_context,NERC publications; media reports
2023-09-01,PHED,A,industrial,159.83,964.0,0.1229,synthetic_fabricated_from_policy_context,NERC publications; media reports
2023-09-01,PHED,B,residential,111.18,535.39,0.0855,synthetic_fabricated_from_policy_context,NERC publications; media reports
2023-09-01,PHED,B,commercial,122.3,761.89,0.0941,synthetic_fabricated_from_policy_context,NERC publications; media reports
2023-09-01,PHED,B,industrial,127.86,644.67,0.0984,synthetic_fabricated_from_policy_context,NERC publications; media reports
2023-09-01,PHED,C,residential,88.95,516.05,0.0684,synthetic_fabricated_from_policy_context,NERC publications; media reports
2023-09-01,PHED,C,commercial,97.84,629.37,0.0753,synthetic_fabricated_from_policy_context,NERC publications; media reports
2023-09-01,PHED,C,industrial,102.29,476.1,0.0787,synthetic_fabricated_from_policy_context,NERC publications; media reports
2023-09-01,PHED,D,residential,72.27,326.08,0.0556,synthetic_fabricated_from_policy_context,NERC publications; media reports
2023-09-01,PHED,D,commercial,79.5,438.64,0.0612,synthetic_fabricated_from_policy_context,NERC publications; media reports
2023-09-01,PHED,D,industrial,83.11,390.53,0.0639,synthetic_fabricated_from_policy_context,NERC publications; media reports
2023-09-01,PHED,E,residential,55.59,303.8,0.0428,synthetic_fabricated_from_policy_context,NERC publications; media reports
2023-09-01,PHED,E,commercial,61.15,289.94,0.047,synthetic_fabricated_from_policy_context,NERC publications; media reports
2023-09-01,PHED,E,industrial,63.93,355.95,0.0492,synthetic_fabricated_from_policy_context,NERC publications; media reports
2023-09-01,PHED,Premium,residential,222.37,1377.5,0.1711,synthetic_fabricated_from_policy_context,NERC publications; media reports
2023-09-01,PHED,Premium,commercial,244.61,1275.08,0.1882,synthetic_fabricated_from_policy_context,NERC publications; media reports
2023-09-01,PHED,Premium,industrial,255.72,1262.02,0.1967,synthetic_fabricated_from_policy_context,NERC publications; media reports
2023-09-01,YEDC,A,residential,165.34,609.19,0.1272,synthetic_fabricated_from_policy_context,NERC publications; media reports
2023-09-01,YEDC,A,commercial,181.87,822.95,0.1399,synthetic_fabricated_from_policy_context,NERC publications; media reports
2023-09-01,YEDC,A,industrial,190.14,930.4,0.1463,synthetic_fabricated_from_policy_context,NERC publications; media reports
2023-09-01,YEDC,B,residential,132.27,708.07,0.1017,synthetic_fabricated_from_policy_context,NERC publications; media reports
2023-09-01,YEDC,B,commercial,145.5,655.19,0.1119,synthetic_fabricated_from_policy_context,NERC publications; media reports
2023-09-01,YEDC,B,industrial,152.11,637.85,0.117,synthetic_fabricated_from_policy_context,NERC publications; media reports
2023-09-01,YEDC,C,residential,105.82,476.24,0.0814,synthetic_fabricated_from_policy_context,NERC publications; media reports
2023-09-01,YEDC,C,commercial,116.4,527.88,0.0895,synthetic_fabricated_from_policy_context,NERC publications; media reports
2023-09-01,YEDC,C,industrial,121.69,620.65,0.0936,synthetic_fabricated_from_policy_context,NERC publications; media reports
2023-09-01,YEDC,D,residential,85.98,429.1,0.0661,synthetic_fabricated_from_policy_context,NERC publications; media reports
2023-09-01,YEDC,D,commercial,94.57,484.63,0.0727,synthetic_fabricated_from_policy_context,NERC publications; media reports
2023-09-01,YEDC,D,industrial,98.87,390.5,0.0761,synthetic_fabricated_from_policy_context,NERC publications; media reports
2023-09-01,YEDC,E,residential,66.14,294.71,0.0509,synthetic_fabricated_from_policy_context,NERC publications; media reports
2023-09-01,YEDC,E,commercial,72.75,307.42,0.056,synthetic_fabricated_from_policy_context,NERC publications; media reports
2023-09-01,YEDC,E,industrial,76.06,374.69,0.0585,synthetic_fabricated_from_policy_context,NERC publications; media reports
2023-09-01,YEDC,Premium,residential,264.55,1262.52,0.2035,synthetic_fabricated_from_policy_context,NERC publications; media reports
2023-09-01,YEDC,Premium,commercial,291.0,1186.73,0.2238,synthetic_fabricated_from_policy_context,NERC publications; media reports
2023-09-01,YEDC,Premium,industrial,304.23,1413.67,0.234,synthetic_fabricated_from_policy_context,NERC publications; media reports
2023-10-01,AEDC,A,residential,150.24,849.46,0.1156,synthetic_fabricated_from_policy_context,NERC publications; media reports
2023-10-01,AEDC,A,commercial,165.27,874.93,0.1271,synthetic_fabricated_from_policy_context,NERC publications; media reports
2023-10-01,AEDC,A,industrial,172.78,919.92,0.1329,synthetic_fabricated_from_policy_context,NERC publications; media reports
2023-10-01,AEDC,B,residential,120.2,640.71,0.0925,synthetic_fabricated_from_policy_context,NERC publications; media reports
2023-10-01,AEDC,B,commercial,132.22,612.63,0.1017,synthetic_fabricated_from_policy_context,NERC publications; media reports
2023-10-01,AEDC,B,industrial,138.23,552.19,0.1063,synthetic_fabricated_from_policy_context,NERC publications; media reports
2023-10-01,AEDC,C,residential,96.16,428.93,0.074,synthetic_fabricated_from_policy_context,NERC publications; media reports
2023-10-01,AEDC,C,commercial,105.77,596.13,0.0814,synthetic_fabricated_from_policy_context,NERC publications; media reports
2023-10-01,AEDC,C,industrial,110.58,560.71,0.0851,synthetic_fabricated_from_policy_context,NERC publications; media reports
2023-10-01,AEDC,D,residential,78.13,340.11,0.0601,synthetic_fabricated_from_policy_context,NERC publications; media reports
2023-10-01,AEDC,D,commercial,85.94,393.8,0.0661,synthetic_fabricated_from_policy_context,NERC publications; media reports
2023-10-01,AEDC,D,industrial,89.85,538.04,0.0691,synthetic_fabricated_from_policy_context,NERC publications; media reports
2023-10-01,AEDC,E,residential,60.1,262.48,0.0462,synthetic_fabricated_from_policy_context,NERC publications; media reports
2023-10-01,AEDC,E,commercial,66.11,352.59,0.0509,synthetic_fabricated_from_policy_context,NERC publications; media reports
2023-10-01,AEDC,E,industrial,69.11,332.66,0.0532,synthetic_fabricated_from_policy_context,NERC publications; media reports
2023-10-01,AEDC,Premium,residential,240.39,1322.86,0.1849,synthetic_fabricated_from_policy_context,NERC publications; media reports
2023-10-01,AEDC,Premium,commercial,264.43,1276.66,0.2034,synthetic_fabricated_from_policy_context,NERC publications; media reports
2023-10-01,AEDC,Premium,industrial,276.45,1152.66,0.2127,synthetic_fabricated_from_policy_context,NERC publications; media reports
2023-10-01,BEDC,A,residential,164.56,771.57,0.1266,synthetic_fabricated_from_policy_context,NERC publications; media reports
2023-10-01,BEDC,A,commercial,181.02,773.53,0.1392,synthetic_fabricated_from_policy_context,NERC publications; media reports
2023-10-01,BEDC,A,industrial,189.25,701.24,0.1456,synthetic_fabricated_from_policy_context,NERC publications; media reports
2023-10-01,BEDC,B,residential,131.65,636.18,0.1013,synthetic_fabricated_from_policy_context,NERC publications; media reports
2023-10-01,BEDC,B,commercial,144.82,591.73,0.1114,synthetic_fabricated_from_policy_context,NERC publications; media reports
2023-10-01,BEDC,B,industrial,151.4,814.91,0.1165,synthetic_fabricated_from_policy_context,NERC publications; media reports
2023-10-01,BEDC,C,residential,105.32,486.69,0.081,synthetic_fabricated_from_policy_context,NERC publications; media reports
2023-10-01,BEDC,C,commercial,115.85,499.12,0.0891,synthetic_fabricated_from_policy_context,NERC publications; media reports
2023-10-01,BEDC,C,industrial,121.12,524.95,0.0932,synthetic_fabricated_from_policy_context,NERC publications; media reports
2023-10-01,BEDC,D,residential,85.57,429.3,0.0658,synthetic_fabricated_from_policy_context,NERC publications; media reports
2023-10-01,BEDC,D,commercial,94.13,362.55,0.0724,synthetic_fabricated_from_policy_context,NERC publications; media reports
2023-10-01,BEDC,D,industrial,98.41,372.32,0.0757,synthetic_fabricated_from_policy_context,NERC publications; media reports
2023-10-01,BEDC,E,residential,65.83,254.46,0.0506,synthetic_fabricated_from_policy_context,NERC publications; media reports
2023-10-01,BEDC,E,commercial,72.41,269.67,0.0557,synthetic_fabricated_from_policy_context,NERC publications; media reports
2023-10-01,BEDC,E,industrial,75.7,314.5,0.0582,synthetic_fabricated_from_policy_context,NERC publications; media reports
2023-10-01,BEDC,Premium,residential,263.3,1429.45,0.2025,synthetic_fabricated_from_policy_context,NERC publications; media reports
2023-10-01,BEDC,Premium,commercial,289.63,1161.42,0.2228,synthetic_fabricated_from_policy_context,NERC publications; media reports
2023-10-01,BEDC,Premium,industrial,302.8,1378.01,0.2329,synthetic_fabricated_from_policy_context,NERC publications; media reports
2023-10-01,EEDC,A,residential,170.54,899.41,0.1312,synthetic_fabricated_from_policy_context,NERC publications; media reports
2023-10-01,EEDC,A,commercial,187.59,735.28,0.1443,synthetic_fabricated_from_policy_context,NERC publications; media reports
2023-10-01,EEDC,A,industrial,196.12,699.21,0.1509,synthetic_fabricated_from_policy_context,NERC publications; media reports
2023-10-01,EEDC,B,residential,136.43,575.62,0.1049,synthetic_fabricated_from_policy_context,NERC publications; media reports
2023-10-01,EEDC,B,commercial,150.07,653.1,0.1154,synthetic_fabricated_from_policy_context,NERC publications; media reports
2023-10-01,EEDC,B,industrial,156.89,757.46,0.1207,synthetic_fabricated_from_policy_context,NERC publications; media reports
2023-10-01,EEDC,C,residential,109.14,564.61,0.084,synthetic_fabricated_from_policy_context,NERC publications; media reports
2023-10-01,EEDC,C,commercial,120.06,532.66,0.0924,synthetic_fabricated_from_policy_context,NERC publications; media reports
2023-10-01,EEDC,C,industrial,125.51,505.75,0.0965,synthetic_fabricated_from_policy_context,NERC publications; media reports
2023-10-01,EEDC,D,residential,88.68,437.75,0.0682,synthetic_fabricated_from_policy_context,NERC publications; media reports
2023-10-01,EEDC,D,commercial,97.55,402.32,0.075,synthetic_fabricated_from_policy_context,NERC publications; media reports
2023-10-01,EEDC,D,industrial,101.98,500.87,0.0784,synthetic_fabricated_from_policy_context,NERC publications; media reports
2023-10-01,EEDC,E,residential,68.21,240.05,0.0525,synthetic_fabricated_from_policy_context,NERC publications; media reports
2023-10-01,EEDC,E,commercial,75.04,294.43,0.0577,synthetic_fabricated_from_policy_context,NERC publications; media reports
2023-10-01,EEDC,E,industrial,78.45,357.59,0.0603,synthetic_fabricated_from_policy_context,NERC publications; media reports
2023-10-01,EEDC,Premium,residential,272.86,1396.48,0.2099,synthetic_fabricated_from_policy_context,NERC publications; media reports
2023-10-01,EEDC,Premium,commercial,300.14,1306.94,0.2309,synthetic_fabricated_from_policy_context,NERC publications; media reports
2023-10-01,EEDC,Premium,industrial,313.79,1312.45,0.2414,synthetic_fabricated_from_policy_context,NERC publications; media reports
2023-10-01,EKEDC,A,residential,164.23,797.0,0.1263,synthetic_fabricated_from_policy_context,NERC publications; media reports
2023-10-01,EKEDC,A,commercial,180.65,755.28,0.139,synthetic_fabricated_from_policy_context,NERC publications; media reports
2023-10-01,EKEDC,A,industrial,188.86,1009.49,0.1453,synthetic_fabricated_from_policy_context,NERC publications; media reports
2023-10-01,EKEDC,B,residential,131.38,614.02,0.1011,synthetic_fabricated_from_policy_context,NERC publications; media reports
2023-10-01,EKEDC,B,commercial,144.52,668.58,0.1112,synthetic_fabricated_from_policy_context,NERC publications; media reports
2023-10-01,EKEDC,B,industrial,151.09,625.85,0.1162,synthetic_fabricated_from_policy_context,NERC publications; media reports
2023-10-01,EKEDC,C,residential,105.1,390.81,0.0808,synthetic_fabricated_from_policy_context,NERC publications; media reports
2023-10-01,EKEDC,C,commercial,115.61,549.82,0.0889,synthetic_fabricated_from_policy_context,NERC publications; media reports
2023-10-01,EKEDC,C,industrial,120.87,592.58,0.093,synthetic_fabricated_from_policy_context,NERC publications; media reports
2023-10-01,EKEDC,D,residential,85.4,397.93,0.0657,synthetic_fabricated_from_policy_context,NERC publications; media reports
2023-10-01,EKEDC,D,commercial,93.94,471.7,0.0723,synthetic_fabricated_from_policy_context,NERC publications; media reports
2023-10-01,EKEDC,D,industrial,98.21,418.02,0.0755,synthetic_fabricated_from_policy_context,NERC publications; media reports
2023-10-01,EKEDC,E,residential,65.69,355.3,0.0505,synthetic_fabricated_from_policy_context,NERC publications; media reports
2023-10-01,EKEDC,E,commercial,72.26,317.42,0.0556,synthetic_fabricated_from_policy_context,NERC publications; media reports
2023-10-01,EKEDC,E,industrial,75.54,311.15,0.0581,synthetic_fabricated_from_policy_context,NERC publications; media reports
2023-10-01,EKEDC,Premium,residential,262.76,1239.95,0.2021,synthetic_fabricated_from_policy_context,NERC publications; media reports
2023-10-01,EKEDC,Premium,commercial,289.04,1370.47,0.2223,synthetic_fabricated_from_policy_context,NERC publications; media reports
2023-10-01,EKEDC,Premium,industrial,302.18,1453.24,0.2324,synthetic_fabricated_from_policy_context,NERC publications; media reports
2023-10-01,IBEDC,A,residential,168.7,689.37,0.1298,synthetic_fabricated_from_policy_context,NERC publications; media reports
2023-10-01,IBEDC,A,commercial,185.57,764.44,0.1427,synthetic_fabricated_from_policy_context,NERC publications; media reports
2023-10-01,IBEDC,A,industrial,194.0,935.16,0.1492,synthetic_fabricated_from_policy_context,NERC publications; media reports
2023-10-01,IBEDC,B,residential,134.96,491.95,0.1038,synthetic_fabricated_from_policy_context,NERC publications; media reports
2023-10-01,IBEDC,B,commercial,148.45,784.65,0.1142,synthetic_fabricated_from_policy_context,NERC publications; media reports
2023-10-01,IBEDC,B,industrial,155.2,695.15,0.1194,synthetic_fabricated_from_policy_context,NERC publications; media reports
2023-10-01,IBEDC,C,residential,107.97,448.25,0.0831,synthetic_fabricated_from_policy_context,NERC publications; media reports
2023-10-01,IBEDC,C,commercial,118.76,459.89,0.0914,synthetic_fabricated_from_policy_context,NERC publications; media reports
2023-10-01,IBEDC,C,industrial,124.16,602.23,0.0955,synthetic_fabricated_from_policy_context,NERC publications; media reports
2023-10-01,IBEDC,D,residential,87.72,331.51,0.0675,synthetic_fabricated_from_policy_context,NERC publications; media reports
2023-10-01,IBEDC,D,commercial,96.5,408.25,0.0742,synthetic_fabricated_from_policy_context,NERC publications; media reports
2023-10-01,IBEDC,D,industrial,100.88,507.12,0.0776,synthetic_fabricated_from_policy_context,NERC publications; media reports
2023-10-01,IBEDC,E,residential,67.48,307.31,0.0519,synthetic_fabricated_from_policy_context,NERC publications; media reports
2023-10-01,IBEDC,E,commercial,74.23,282.01,0.0571,synthetic_fabricated_from_policy_context,NERC publications; media reports
2023-10-01,IBEDC,E,industrial,77.6,288.29,0.0597,synthetic_fabricated_from_policy_context,NERC publications; media reports
2023-10-01,IBEDC,Premium,residential,269.92,1177.23,0.2076,synthetic_fabricated_from_policy_context,NERC publications; media reports
2023-10-01,IBEDC,Premium,commercial,296.91,1090.0,0.2284,synthetic_fabricated_from_policy_context,NERC publications; media reports
2023-10-01,IBEDC,Premium,industrial,310.41,1309.06,0.2388,synthetic_fabricated_from_policy_context,NERC publications; media reports
2023-10-01,IKEDC,A,residential,147.31,660.64,0.1133,synthetic_fabricated_from_policy_context,NERC publications; media reports
2023-10-01,IKEDC,A,commercial,162.04,900.93,0.1246,synthetic_fabricated_from_policy_context,NERC publications; media reports
2023-10-01,IKEDC,A,industrial,169.4,765.84,0.1303,synthetic_fabricated_from_policy_context,NERC publications; media reports
2023-10-01,IKEDC,B,residential,117.85,647.29,0.0907,synthetic_fabricated_from_policy_context,NERC publications; media reports
2023-10-01,IKEDC,B,commercial,129.63,558.85,0.0997,synthetic_fabricated_from_policy_context,NERC publications; media reports
2023-10-01,IKEDC,B,industrial,135.52,797.21,0.1042,synthetic_fabricated_from_policy_context,NERC publications; media reports
2023-10-01,IKEDC,C,residential,94.28,394.13,0.0725,synthetic_fabricated_from_policy_context,NERC publications; media reports
2023-10-01,IKEDC,C,commercial,103.7,559.84,0.0798,synthetic_fabricated_from_policy_context,NERC publications; media reports
2023-10-01,IKEDC,C,industrial,108.42,539.9,0.0834,synthetic_fabricated_from_policy_context,NERC publications; media reports
2023-10-01,IKEDC,D,residential,76.6,330.47,0.0589,synthetic_fabricated_from_policy_context,NERC publications; media reports
2023-10-01,IKEDC,D,commercial,84.26,506.2,0.0648,synthetic_fabricated_from_policy_context,NERC publications; media reports
2023-10-01,IKEDC,D,industrial,88.09,461.22,0.0678,synthetic_fabricated_from_policy_context,NERC publications; media reports
2023-10-01,IKEDC,E,residential,58.92,282.74,0.0453,synthetic_fabricated_from_policy_context,NERC publications; media reports
2023-10-01,IKEDC,E,commercial,64.81,391.34,0.0499,synthetic_fabricated_from_policy_context,NERC publications; media reports
2023-10-01,IKEDC,E,industrial,67.76,307.12,0.0521,synthetic_fabricated_from_policy_context,NERC publications; media reports
2023-10-01,IKEDC,Premium,residential,235.69,1225.47,0.1813,synthetic_fabricated_from_policy_context,NERC publications; media reports
2023-10-01,IKEDC,Premium,commercial,259.26,1300.36,0.1994,synthetic_fabricated_from_policy_context,NERC publications; media reports
2023-10-01,IKEDC,Premium,industrial,271.04,1495.69,0.2085,synthetic_fabricated_from_policy_context,NERC publications; media reports
2023-10-01,JED,A,residential,144.18,617.81,0.1109,synthetic_fabricated_from_policy_context,NERC publications; media reports
2023-10-01,JED,A,commercial,158.6,889.56,0.122,synthetic_fabricated_from_policy_context,NERC publications; media reports
2023-10-01,JED,A,industrial,165.8,835.46,0.1275,synthetic_fabricated_from_policy_context,NERC publications; media reports
2023-10-01,JED,B,residential,115.34,541.38,0.0887,synthetic_fabricated_from_policy_context,NERC publications; media reports
2023-10-01,JED,B,commercial,126.88,785.5,0.0976,synthetic_fabricated_from_policy_context,NERC publications; media reports
2023-10-01,JED,B,industrial,132.64,638.0,0.102,synthetic_fabricated_from_policy_context,NERC publications; media reports
2023-10-01,JED,C,residential,92.27,541.4,0.071,synthetic_fabricated_from_policy_context,NERC publications; media reports
2023-10-01,JED,C,commercial,101.5,481.28,0.0781,synthetic_fabricated_from_policy_context,NERC publications; media reports
2023-10-01,JED,C,industrial,106.11,485.75,0.0816,synthetic_fabricated_from_policy_context,NERC publications; media reports
2023-10-01,JED,D,residential,74.97,356.41,0.0577,synthetic_fabricated_from_policy_context,NERC publications; media reports
2023-10-01,JED,D,commercial,82.47,385.07,0.0634,synthetic_fabricated_from_policy_context,NERC publications; media reports
2023-10-01,JED,D,industrial,86.22,386.69,0.0663,synthetic_fabricated_from_policy_context,NERC publications; media reports
2023-10-01,JED,E,residential,57.67,273.84,0.0444,synthetic_fabricated_from_policy_context,NERC publications; media reports
2023-10-01,JED,E,commercial,63.44,375.46,0.0488,synthetic_fabricated_from_policy_context,NERC publications; media reports
2023-10-01,JED,E,industrial,66.32,368.73,0.051,synthetic_fabricated_from_policy_context,NERC publications; media reports
2023-10-01,JED,Premium,residential,230.68,1181.8,0.1774,synthetic_fabricated_from_policy_context,NERC publications; media reports
2023-10-01,JED,Premium,commercial,253.75,1194.85,0.1952,synthetic_fabricated_from_policy_context,NERC publications; media reports
2023-10-01,JED,Premium,industrial,265.29,1356.7,0.2041,synthetic_fabricated_from_policy_context,NERC publications; media reports
2023-10-01,KAEDCO,A,residential,159.25,619.93,0.1225,synthetic_fabricated_from_policy_context,NERC publications; media reports
2023-10-01,KAEDCO,A,commercial,175.18,884.45,0.1348,synthetic_fabricated_from_policy_context,NERC publications; media reports
2023-10-01,KAEDCO,A,industrial,183.14,892.18,0.1409,synthetic_fabricated_from_policy_context,NERC publications; media reports
2023-10-01,KAEDCO,B,residential,127.4,524.55,0.098,synthetic_fabricated_from_policy_context,NERC publications; media reports
2023-10-01,KAEDCO,B,commercial,140.14,592.08,0.1078,synthetic_fabricated_from_policy_context,NERC publications; media reports
2023-10-01,KAEDCO,B,industrial,146.51,761.52,0.1127,synthetic_fabricated_from_policy_context,NERC publications; media reports
2023-10-01,KAEDCO,C,residential,101.92,442.55,0.0784,synthetic_fabricated_from_policy_context,NERC publications; media reports
2023-10-01,KAEDCO,C,commercial,112.11,566.75,0.0862,synthetic_fabricated_from_policy_context,NERC publications; media reports
2023-10-01,KAEDCO,C,industrial,117.21,453.29,0.0902,synthetic_fabricated_from_policy_context,NERC publications; media reports
2023-10-01,KAEDCO,D,residential,82.81,392.46,0.0637,synthetic_fabricated_from_policy_context,NERC publications; media reports
2023-10-01,KAEDCO,D,commercial,91.09,504.95,0.0701,synthetic_fabricated_from_policy_context,NERC publications; media reports
2023-10-01,KAEDCO,D,industrial,95.23,424.82,0.0733,synthetic_fabricated_from_policy_context,NERC publications; media reports
2023-10-01,KAEDCO,E,residential,63.7,267.62,0.049,synthetic_fabricated_from_policy_context,NERC publications; media reports
2023-10-01,KAEDCO,E,commercial,70.07,332.14,0.0539,synthetic_fabricated_from_policy_context,NERC publications; media reports
2023-10-01,KAEDCO,E,industrial,73.26,334.74,0.0564,synthetic_fabricated_from_policy_context,NERC publications; media reports
2023-10-01,KAEDCO,Premium,residential,254.81,1173.38,0.196,synthetic_fabricated_from_policy_context,NERC publications; media reports
2023-10-01,KAEDCO,Premium,commercial,280.29,1211.09,0.2156,synthetic_fabricated_from_policy_context,NERC publications; media reports
2023-10-01,KAEDCO,Premium,industrial,293.03,1417.42,0.2254,synthetic_fabricated_from_policy_context,NERC publications; media reports
2023-10-01,KEDCO,A,residential,147.91,832.85,0.1138,synthetic_fabricated_from_policy_context,NERC publications; media reports
2023-10-01,KEDCO,A,commercial,162.7,926.26,0.1252,synthetic_fabricated_from_policy_context,NERC publications; media reports
2023-10-01,KEDCO,A,industrial,170.09,824.18,0.1308,synthetic_fabricated_from_policy_context,NERC publications; media reports
2023-10-01,KEDCO,B,residential,118.32,688.69,0.091,synthetic_fabricated_from_policy_context,NERC publications; media reports
2023-10-01,KEDCO,B,commercial,130.16,788.29,0.1001,synthetic_fabricated_from_policy_context,NERC publications; media reports
2023-10-01,KEDCO,B,industrial,136.07,700.4,0.1047,synthetic_fabricated_from_policy_context,NERC publications; media reports
2023-10-01,KEDCO,C,residential,94.66,495.22,0.0728,synthetic_fabricated_from_policy_context,NERC publications; media reports
2023-10-01,KEDCO,C,commercial,104.13,543.59,0.0801,synthetic_fabricated_from_policy_context,NERC publications; media reports
2023-10-01,KEDCO,C,industrial,108.86,581.08,0.0837,synthetic_fabricated_from_policy_context,NERC publications; media reports
2023-10-01,KEDCO,D,residential,76.91,437.59,0.0592,synthetic_fabricated_from_policy_context,NERC publications; media reports
2023-10-01,KEDCO,D,commercial,84.6,478.12,0.0651,synthetic_fabricated_from_policy_context,NERC publications; media reports
2023-10-01,KEDCO,D,industrial,88.45,447.19,0.068,synthetic_fabricated_from_policy_context,NERC publications; media reports
2023-10-01,KEDCO,E,residential,59.16,259.22,0.0455,synthetic_fabricated_from_policy_context,NERC publications; media reports
2023-10-01,KEDCO,E,commercial,65.08,324.24,0.0501,synthetic_fabricated_from_policy_context,NERC publications; media reports
2023-10-01,KEDCO,E,industrial,68.04,305.35,0.0523,synthetic_fabricated_from_policy_context,NERC publications; media reports
2023-10-01,KEDCO,Premium,residential,236.65,1122.23,0.182,synthetic_fabricated_from_policy_context,NERC publications; media reports
2023-10-01,KEDCO,Premium,commercial,260.31,1217.68,0.2002,synthetic_fabricated_from_policy_context,NERC publications; media reports
2023-10-01,KEDCO,Premium,industrial,272.15,1434.82,0.2093,synthetic_fabricated_from_policy_context,NERC publications; media reports
2023-10-01,PHED,A,residential,149.88,744.05,0.1153,synthetic_fabricated_from_policy_context,NERC publications; media reports
2023-10-01,PHED,A,commercial,164.87,737.72,0.1268,synthetic_fabricated_from_policy_context,NERC publications; media reports
2023-10-01,PHED,A,industrial,172.36,844.4,0.1326,synthetic_fabricated_from_policy_context,NERC publications; media reports
2023-10-01,PHED,B,residential,119.91,602.08,0.0922,synthetic_fabricated_from_policy_context,NERC publications; media reports
2023-10-01,PHED,B,commercial,131.9,677.41,0.1015,synthetic_fabricated_from_policy_context,NERC publications; media reports
2023-10-01,PHED,B,industrial,137.89,590.73,0.1061,synthetic_fabricated_from_policy_context,NERC publications; media reports
2023-10-01,PHED,C,residential,95.92,575.24,0.0738,synthetic_fabricated_from_policy_context,NERC publications; media reports
2023-10-01,PHED,C,commercial,105.52,568.16,0.0812,synthetic_fabricated_from_policy_context,NERC publications; media reports
2023-10-01,PHED,C,industrial,110.31,477.86,0.0849,synthetic_fabricated_from_policy_context,NERC publications; media reports
2023-10-01,PHED,D,residential,77.94,458.08,0.06,synthetic_fabricated_from_policy_context,NERC publications; media reports
2023-10-01,PHED,D,commercial,85.73,464.12,0.0659,synthetic_fabricated_from_policy_context,NERC publications; media reports
2023-10-01,PHED,D,industrial,89.63,367.35,0.0689,synthetic_fabricated_from_policy_context,NERC publications; media reports
2023-10-01,PHED,E,residential,59.95,347.97,0.0461,synthetic_fabricated_from_policy_context,NERC publications; media reports
2023-10-01,PHED,E,commercial,65.95,266.12,0.0507,synthetic_fabricated_from_policy_context,NERC publications; media reports
2023-10-01,PHED,E,industrial,68.95,335.63,0.053,synthetic_fabricated_from_policy_context,NERC publications; media reports
2023-10-01,PHED,Premium,residential,239.81,1106.07,0.1845,synthetic_fabricated_from_policy_context,NERC publications; media reports
2023-10-01,PHED,Premium,commercial,263.79,1341.33,0.2029,synthetic_fabricated_from_policy_context,NERC publications; media reports
2023-10-01,PHED,Premium,industrial,275.78,1559.18,0.2121,synthetic_fabricated_from_policy_context,NERC publications; media reports
2023-10-01,YEDC,A,residential,174.12,733.9,0.1339,synthetic_fabricated_from_policy_context,NERC publications; media reports
2023-10-01,YEDC,A,commercial,191.54,970.64,0.1473,synthetic_fabricated_from_policy_context,NERC publications; media reports
2023-10-01,YEDC,A,industrial,200.24,738.48,0.154,synthetic_fabricated_from_policy_context,NERC publications; media reports
2023-10-01,YEDC,B,residential,139.3,648.31,0.1072,synthetic_fabricated_from_policy_context,NERC publications; media reports
2023-10-01,YEDC,B,commercial,153.23,721.25,0.1179,synthetic_fabricated_from_policy_context,NERC publications; media reports
2023-10-01,YEDC,B,industrial,160.19,587.55,0.1232,synthetic_fabricated_from_policy_context,NERC publications; media reports
2023-10-01,YEDC,C,residential,111.44,504.69,0.0857,synthetic_fabricated_from_policy_context,NERC publications; media reports
2023-10-01,YEDC,C,commercial,122.58,531.91,0.0943,synthetic_fabricated_from_policy_context,NERC publications; media reports
2023-10-01,YEDC,C,industrial,128.16,561.0,0.0986,synthetic_fabricated_from_policy_context,NERC publications; media reports
2023-10-01,YEDC,D,residential,90.54,429.93,0.0696,synthetic_fabricated_from_policy_context,NERC publications; media reports
2023-10-01,YEDC,D,commercial,99.6,404.03,0.0766,synthetic_fabricated_from_policy_context,NERC publications; media reports
2023-10-01,YEDC,D,industrial,104.13,497.34,0.0801,synthetic_fabricated_from_policy_context,NERC publications; media reports
2023-10-01,YEDC,E,residential,69.65,250.3,0.0536,synthetic_fabricated_from_policy_context,NERC publications; media reports
2023-10-01,YEDC,E,commercial,76.61,364.39,0.0589,synthetic_fabricated_from_policy_context,NERC publications; media reports
2023-10-01,YEDC,E,industrial,80.1,287.73,0.0616,synthetic_fabricated_from_policy_context,NERC publications; media reports
2023-10-01,YEDC,Premium,residential,278.6,1268.01,0.2143,synthetic_fabricated_from_policy_context,NERC publications; media reports
2023-10-01,YEDC,Premium,commercial,306.46,1245.62,0.2357,synthetic_fabricated_from_policy_context,NERC publications; media reports
2023-10-01,YEDC,Premium,industrial,320.39,1108.05,0.2465,synthetic_fabricated_from_policy_context,NERC publications; media reports
2023-11-01,AEDC,A,residential,172.21,810.83,0.1325,synthetic_fabricated_from_policy_context,NERC publications; media reports
2023-11-01,AEDC,A,commercial,189.43,951.16,0.1457,synthetic_fabricated_from_policy_context,NERC publications; media reports
2023-11-01,AEDC,A,industrial,198.04,919.21,0.1523,synthetic_fabricated_from_policy_context,NERC publications; media reports
2023-11-01,AEDC,B,residential,137.77,616.75,0.106,synthetic_fabricated_from_policy_context,NERC publications; media reports
2023-11-01,AEDC,B,commercial,151.55,541.42,0.1166,synthetic_fabricated_from_policy_context,NERC publications; media reports
2023-11-01,AEDC,B,industrial,158.44,692.42,0.1219,synthetic_fabricated_from_policy_context,NERC publications; media reports
2023-11-01,AEDC,C,residential,110.22,467.03,0.0848,synthetic_fabricated_from_policy_context,NERC publications; media reports
2023-11-01,AEDC,C,commercial,121.24,459.78,0.0933,synthetic_fabricated_from_policy_context,NERC publications; media reports
2023-11-01,AEDC,C,industrial,126.75,554.92,0.0975,synthetic_fabricated_from_policy_context,NERC publications; media reports
2023-11-01,AEDC,D,residential,89.55,463.53,0.0689,synthetic_fabricated_from_policy_context,NERC publications; media reports
2023-11-01,AEDC,D,commercial,98.51,416.46,0.0758,synthetic_fabricated_from_policy_context,NERC publications; media reports
2023-11-01,AEDC,D,industrial,102.98,488.86,0.0792,synthetic_fabricated_from_policy_context,NERC publications; media reports
2023-11-01,AEDC,E,residential,68.88,271.11,0.053,synthetic_fabricated_from_policy_context,NERC publications; media reports
2023-11-01,AEDC,E,commercial,75.77,340.75,0.0583,synthetic_fabricated_from_policy_context,NERC publications; media reports
2023-11-01,AEDC,E,industrial,79.22,340.35,0.0609,synthetic_fabricated_from_policy_context,NERC publications; media reports
2023-11-01,AEDC,Premium,residential,275.54,1115.32,0.212,synthetic_fabricated_from_policy_context,NERC publications; media reports
2023-11-01,AEDC,Premium,commercial,303.09,1576.78,0.2331,synthetic_fabricated_from_policy_context,NERC publications; media reports
2023-11-01,AEDC,Premium,industrial,316.87,1390.91,0.2437,synthetic_fabricated_from_policy_context,NERC publications; media reports
2023-11-01,BEDC,A,residential,179.52,624.9,0.1381,synthetic_fabricated_from_policy_context,NERC publications; media reports
2023-11-01,BEDC,A,commercial,197.47,861.28,0.1519,synthetic_fabricated_from_policy_context,NERC publications; media reports
2023-11-01,BEDC,A,industrial,206.45,808.5,0.1588,synthetic_fabricated_from_policy_context,NERC publications; media reports
2023-11-01,BEDC,B,residential,143.62,636.65,0.1105,synthetic_fabricated_from_policy_context,NERC publications; media reports
2023-11-01,BEDC,B,commercial,157.98,712.64,0.1215,synthetic_fabricated_from_policy_context,NERC publications; media reports
2023-11-01,BEDC,B,industrial,165.16,720.77,0.127,synthetic_fabricated_from_policy_context,NERC publications; media reports
2023-11-01,BEDC,C,residential,114.89,512.45,0.0884,synthetic_fabricated_from_policy_context,NERC publications; media reports
2023-11-01,BEDC,C,commercial,126.38,595.57,0.0972,synthetic_fabricated_from_policy_context,NERC publications; media reports
2023-11-01,BEDC,C,industrial,132.13,527.23,0.1016,synthetic_fabricated_from_policy_context,NERC publications; media reports
2023-11-01,BEDC,D,residential,93.35,399.97,0.0718,synthetic_fabricated_from_policy_context,NERC publications; media reports
2023-11-01,BEDC,D,commercial,102.69,512.69,0.079,synthetic_fabricated_from_policy_context,NERC publications; media reports
2023-11-01,BEDC,D,industrial,107.35,397.29,0.0826,synthetic_fabricated_from_policy_context,NERC publications; media reports
2023-11-01,BEDC,E,residential,71.81,256.12,0.0552,synthetic_fabricated_from_policy_context,NERC publications; media reports
2023-11-01,BEDC,E,commercial,78.99,348.61,0.0608,synthetic_fabricated_from_policy_context,NERC publications; media reports
2023-11-01,BEDC,E,industrial,82.58,350.26,0.0635,synthetic_fabricated_from_policy_context,NERC publications; media reports
2023-11-01,BEDC,Premium,residential,287.23,1026.61,0.2209,synthetic_fabricated_from_policy_context,NERC publications; media reports
2023-11-01,BEDC,Premium,commercial,315.96,1094.85,0.243,synthetic_fabricated_from_policy_context,NERC publications; media reports
2023-11-01,BEDC,Premium,industrial,330.32,1333.07,0.2541,synthetic_fabricated_from_policy_context,NERC publications; media reports
2023-11-01,EEDC,A,residential,149.06,754.24,0.1147,synthetic_fabricated_from_policy_context,NERC publications; media reports
2023-11-01,EEDC,A,commercial,163.97,867.38,0.1261,synthetic_fabricated_from_policy_context,NERC publications; media reports
2023-11-01,EEDC,A,industrial,171.42,712.16,0.1319,synthetic_fabricated_from_policy_context,NERC publications; media reports
2023-11-01,EEDC,B,residential,119.25,617.44,0.0917,synthetic_fabricated_from_policy_context,NERC publications; media reports
2023-11-01,EEDC,B,commercial,131.18,701.74,0.1009,synthetic_fabricated_from_policy_context,NERC publications; media reports
2023-11-01,EEDC,B,industrial,137.14,558.48,0.1055,synthetic_fabricated_from_policy_context,NERC publications; media reports
2023-11-01,EEDC,C,residential,95.4,501.89,0.0734,synthetic_fabricated_from_policy_context,NERC publications; media reports
2023-11-01,EEDC,C,commercial,104.94,593.36,0.0807,synthetic_fabricated_from_policy_context,NERC publications; media reports
2023-11-01,EEDC,C,industrial,109.71,450.34,0.0844,synthetic_fabricated_from_policy_context,NERC publications; media reports
2023-11-01,EEDC,D,residential,77.51,334.66,0.0596,synthetic_fabricated_from_policy_context,NERC publications; media reports
2023-11-01,EEDC,D,commercial,85.26,343.94,0.0656,synthetic_fabricated_from_policy_context,NERC publications; media reports
2023-11-01,EEDC,D,industrial,89.14,458.7,0.0686,synthetic_fabricated_from_policy_context,NERC publications; media reports
2023-11-01,EEDC,E,residential,59.63,270.92,0.0459,synthetic_fabricated_from_policy_context,NERC publications; media reports
2023-11-01,EEDC,E,commercial,65.59,384.94,0.0505,synthetic_fabricated_from_policy_context,NERC publications; media reports
2023-11-01,EEDC,E,industrial,68.57,287.87,0.0527,synthetic_fabricated_from_policy_context,NERC publications; media reports
2023-11-01,EEDC,Premium,residential,238.5,1176.45,0.1835,synthetic_fabricated_from_policy_context,NERC publications; media reports
2023-11-01,EEDC,Premium,commercial,262.35,1461.67,0.2018,synthetic_fabricated_from_policy_context,NERC publications; media reports
2023-11-01,EEDC,Premium,industrial,274.28,1617.32,0.211,synthetic_fabricated_from_policy_context,NERC publications; media reports
2023-11-01,EKEDC,A,residential,157.32,877.0,0.121,synthetic_fabricated_from_policy_context,NERC publications; media reports
2023-11-01,EKEDC,A,commercial,173.05,864.76,0.1331,synthetic_fabricated_from_policy_context,NERC publications; media reports
2023-11-01,EKEDC,A,industrial,180.92,957.29,0.1392,synthetic_fabricated_from_policy_context,NERC publications; media reports
2023-11-01,EKEDC,B,residential,125.86,545.6,0.0968,synthetic_fabricated_from_policy_context,NERC publications; media reports
2023-11-01,EKEDC,B,commercial,138.44,552.56,0.1065,synthetic_fabricated_from_policy_context,NERC publications; media reports
2023-11-01,EKEDC,B,industrial,144.74,741.6,0.1113,synthetic_fabricated_from_policy_context,NERC publications; media reports
2023-11-01,EKEDC,C,residential,100.69,565.51,0.0775,synthetic_fabricated_from_policy_context,NERC publications; media reports
2023-11-01,EKEDC,C,commercial,110.76,602.69,0.0852,synthetic_fabricated_from_policy_context,NERC publications; media reports
2023-11-01,EKEDC,C,industrial,115.79,593.36,0.0891,synthetic_fabricated_from_policy_context,NERC publications; media reports
2023-11-01,EKEDC,D,residential,81.81,331.04,0.0629,synthetic_fabricated_from_policy_context,NERC publications; media reports
2023-11-01,EKEDC,D,commercial,89.99,506.67,0.0692,synthetic_fabricated_from_policy_context,NERC publications; media reports
2023-11-01,EKEDC,D,industrial,94.08,446.76,0.0724,synthetic_fabricated_from_policy_context,NERC publications; media reports
2023-11-01,EKEDC,E,residential,62.93,353.15,0.0484,synthetic_fabricated_from_policy_context,NERC publications; media reports
2023-11-01,EKEDC,E,commercial,69.22,318.73,0.0532,synthetic_fabricated_from_policy_context,NERC publications; media reports
2023-11-01,EKEDC,E,industrial,72.37,313.79,0.0557,synthetic_fabricated_from_policy_context,NERC publications; media reports
2023-11-01,EKEDC,Premium,residential,251.72,1125.97,0.1936,synthetic_fabricated_from_policy_context,NERC publications; media reports
2023-11-01,EKEDC,Premium,commercial,276.89,1491.67,0.213,synthetic_fabricated_from_policy_context,NERC publications; media reports
2023-11-01,EKEDC,Premium,industrial,289.47,1121.46,0.2227,synthetic_fabricated_from_policy_context,NERC publications; media reports
2023-11-01,IBEDC,A,residential,149.3,834.72,0.1148,synthetic_fabricated_from_policy_context,NERC publications; media reports
2023-11-01,IBEDC,A,commercial,164.23,769.81,0.1263,synthetic_fabricated_from_policy_context,NERC publications; media reports
2023-11-01,IBEDC,A,industrial,171.69,964.26,0.1321,synthetic_fabricated_from_policy_context,NERC publications; media reports
2023-11-01,IBEDC,B,residential,119.44,574.1,0.0919,synthetic_fabricated_from_policy_context,NERC publications; media reports
2023-11-01,IBEDC,B,commercial,131.38,721.74,0.1011,synthetic_fabricated_from_policy_context,NERC publications; media reports
2023-11-01,IBEDC,B,industrial,137.36,790.17,0.1057,synthetic_fabricated_from_policy_context,NERC publications; media reports
2023-11-01,IBEDC,C,residential,95.55,539.87,0.0735,synthetic_fabricated_from_policy_context,NERC publications; media reports
2023-11-01,IBEDC,C,commercial,105.11,432.08,0.0809,synthetic_fabricated_from_policy_context,NERC publications; media reports
2023-11-01,IBEDC,C,industrial,109.88,473.56,0.0845,synthetic_fabricated_from_policy_context,NERC publications; media reports
2023-11-01,IBEDC,D,residential,77.64,348.1,0.0597,synthetic_fabricated_from_policy_context,NERC publications; media reports
2023-11-01,IBEDC,D,commercial,85.4,345.48,0.0657,synthetic_fabricated_from_policy_context,NERC publications; media reports
2023-11-01,IBEDC,D,industrial,89.28,500.75,0.0687,synthetic_fabricated_from_policy_context,NERC publications; media reports
2023-11-01,IBEDC,E,residential,59.72,268.68,0.0459,synthetic_fabricated_from_policy_context,NERC publications; media reports
2023-11-01,IBEDC,E,commercial,65.69,326.1,0.0505,synthetic_fabricated_from_policy_context,NERC publications; media reports
2023-11-01,IBEDC,E,industrial,68.68,306.13,0.0528,synthetic_fabricated_from_policy_context,NERC publications; media reports
2023-11-01,IBEDC,Premium,residential,238.88,1092.14,0.1838,synthetic_fabricated_from_policy_context,NERC publications; media reports
2023-11-01,IBEDC,Premium,commercial,262.77,1070.62,0.2021,synthetic_fabricated_from_policy_context,NERC publications; media reports
2023-11-01,IBEDC,Premium,industrial,274.71,1363.12,0.2113,synthetic_fabricated_from_policy_context,NERC publications; media reports
2023-11-01,IKEDC,A,residential,171.99,678.52,0.1323,synthetic_fabricated_from_policy_context,NERC publications; media reports
2023-11-01,IKEDC,A,commercial,189.19,921.67,0.1455,synthetic_fabricated_from_policy_context,NERC publications; media reports
2023-11-01,IKEDC,A,industrial,197.79,1001.72,0.1521,synthetic_fabricated_from_policy_context,NERC publications; media reports
2023-11-01,IKEDC,B,residential,137.59,665.17,0.1058,synthetic_fabricated_from_policy_context,NERC publications; media reports
2023-11-01,IKEDC,B,commercial,151.35,545.93,0.1164,synthetic_fabricated_from_policy_context,NERC publications; media reports
2023-11-01,IKEDC,B,industrial,158.23,641.83,0.1217,synthetic_fabricated_from_policy_context,NERC publications; media reports
2023-11-01,IKEDC,C,residential,110.07,496.82,0.0847,synthetic_fabricated_from_policy_context,NERC publications; media reports
2023-11-01,IKEDC,C,commercial,121.08,454.01,0.0931,synthetic_fabricated_from_policy_context,NERC publications; media reports
2023-11-01,IKEDC,C,industrial,126.58,582.59,0.0974,synthetic_fabricated_from_policy_context,NERC publications; media reports
2023-11-01,IKEDC,D,residential,89.43,458.76,0.0688,synthetic_fabricated_from_policy_context,NERC publications; media reports
2023-11-01,IKEDC,D,commercial,98.38,396.53,0.0757,synthetic_fabricated_from_policy_context,NERC publications; media reports
2023-11-01,IKEDC,D,industrial,102.85,410.2,0.0791,synthetic_fabricated_from_policy_context,NERC publications; media reports
2023-11-01,IKEDC,E,residential,68.8,326.2,0.0529,synthetic_fabricated_from_policy_context,NERC publications; media reports
2023-11-01,IKEDC,E,commercial,75.67,341.14,0.0582,synthetic_fabricated_from_policy_context,NERC publications; media reports
2023-11-01,IKEDC,E,industrial,79.11,341.52,0.0609,synthetic_fabricated_from_policy_context,NERC publications; media reports
2023-11-01,IKEDC,Premium,residential,275.18,1382.74,0.2117,synthetic_fabricated_from_policy_context,NERC publications; media reports
2023-11-01,IKEDC,Premium,commercial,302.7,1316.44,0.2328,synthetic_fabricated_from_policy_context,NERC publications; media reports
2023-11-01,IKEDC,Premium,industrial,316.46,1508.23,0.2434,synthetic_fabricated_from_policy_context,NERC publications; media reports
2023-11-01,JED,A,residential,164.93,834.81,0.1269,synthetic_fabricated_from_policy_context,NERC publications; media reports
2023-11-01,JED,A,commercial,181.42,957.52,0.1396,synthetic_fabricated_from_policy_context,NERC publications; media reports
2023-11-01,JED,A,industrial,189.66,714.57,0.1459,synthetic_fabricated_from_policy_context,NERC publications; media reports
2023-11-01,JED,B,residential,131.94,602.25,0.1015,synthetic_fabricated_from_policy_context,NERC publications; media reports
2023-11-01,JED,B,commercial,145.13,627.85,0.1116,synthetic_fabricated_from_policy_context,NERC publications; media reports
2023-11-01,JED,B,industrial,151.73,582.21,0.1167,synthetic_fabricated_from_policy_context,NERC publications; media reports
2023-11-01,JED,C,residential,105.55,537.23,0.0812,synthetic_fabricated_from_policy_context,NERC publications; media reports
2023-11-01,JED,C,commercial,116.11,500.46,0.0893,synthetic_fabricated_from_policy_context,NERC publications; media reports
2023-11-01,JED,C,industrial,121.39,572.61,0.0934,synthetic_fabricated_from_policy_context,NERC publications; media reports
2023-11-01,JED,D,residential,85.76,349.12,0.066,synthetic_fabricated_from_policy_context,NERC publications; media reports
2023-11-01,JED,D,commercial,94.34,413.19,0.0726,synthetic_fabricated_from_policy_context,NERC publications; media reports
2023-11-01,JED,D,industrial,98.63,380.24,0.0759,synthetic_fabricated_from_policy_context,NERC publications; media reports
2023-11-01,JED,E,residential,65.97,317.94,0.0507,synthetic_fabricated_from_policy_context,NERC publications; media reports
2023-11-01,JED,E,commercial,72.57,349.33,0.0558,synthetic_fabricated_from_policy_context,NERC publications; media reports
2023-11-01,JED,E,industrial,75.87,291.75,0.0584,synthetic_fabricated_from_policy_context,NERC publications; media reports
2023-11-01,JED,Premium,residential,263.88,1001.83,0.203,synthetic_fabricated_from_policy_context,NERC publications; media reports
2023-11-01,JED,Premium,commercial,290.27,1411.54,0.2233,synthetic_fabricated_from_policy_context,NERC publications; media reports
2023-11-01,JED,Premium,industrial,303.46,1509.44,0.2334,synthetic_fabricated_from_policy_context,NERC publications; media reports
2023-11-01,KAEDCO,A,residential,145.64,691.31,0.112,synthetic_fabricated_from_policy_context,NERC publications; media reports
2023-11-01,KAEDCO,A,commercial,160.2,814.74,0.1232,synthetic_fabricated_from_policy_context,NERC publications; media reports
2023-11-01,KAEDCO,A,industrial,167.49,973.73,0.1288,synthetic_fabricated_from_policy_context,NERC publications; media reports
2023-11-01,KAEDCO,B,residential,116.51,586.87,0.0896,synthetic_fabricated_from_policy_context,NERC publications; media reports
2023-11-01,KAEDCO,B,commercial,128.16,612.98,0.0986,synthetic_fabricated_from_policy_context,NERC publications; media reports
2023-11-01,KAEDCO,B,industrial,133.99,775.29,0.1031,synthetic_fabricated_from_policy_context,NERC publications; media reports
2023-11-01,KAEDCO,C,residential,93.21,500.77,0.0717,synthetic_fabricated_from_policy_context,NERC publications; media reports
2023-11-01,KAEDCO,C,commercial,102.53,503.63,0.0789,synthetic_fabricated_from_policy_context,NERC publications; media reports
2023-11-01,KAEDCO,C,industrial,107.19,454.72,0.0825,synthetic_fabricated_from_policy_context,NERC publications; media reports
2023-11-01,KAEDCO,D,residential,75.73,336.29,0.0583,synthetic_fabricated_from_policy_context,NERC publications; media reports
2023-11-01,KAEDCO,D,commercial,83.31,463.1,0.0641,synthetic_fabricated_from_policy_context,NERC publications; media reports
2023-11-01,KAEDCO,D,industrial,87.09,524.7,0.067,synthetic_fabricated_from_policy_context,NERC publications; media reports
2023-11-01,KAEDCO,E,residential,58.26,319.08,0.0448,synthetic_fabricated_from_policy_context,NERC publications; media reports
2023-11-01,KAEDCO,E,commercial,64.08,301.96,0.0493,synthetic_fabricated_from_policy_context,NERC publications; media reports
2023-11-01,KAEDCO,E,industrial,66.99,395.64,0.0515,synthetic_fabricated_from_policy_context,NERC publications; media reports
2023-11-01,KAEDCO,Premium,residential,233.02,1109.67,0.1792,synthetic_fabricated_from_policy_context,NERC publications; media reports
2023-11-01,KAEDCO,Premium,commercial,256.32,1459.68,0.1972,synthetic_fabricated_from_policy_context,NERC publications; media reports
2023-11-01,KAEDCO,Premium,industrial,267.98,1321.51,0.2061,synthetic_fabricated_from_policy_context,NERC publications; media reports
2023-11-01,KEDCO,A,residential,150.15,821.85,0.1155,synthetic_fabricated_from_policy_context,NERC publications; media reports
2023-11-01,KEDCO,A,commercial,165.17,962.62,0.1271,synthetic_fabricated_from_policy_context,NERC publications; media reports
2023-11-01,KEDCO,A,industrial,172.68,850.0,0.1328,synthetic_fabricated_from_policy_context,NERC publications; media reports
2023-11-01,KEDCO,B,residential,120.12,602.19,0.0924,synthetic_fabricated_from_policy_context,NERC publications; media reports
2023-11-01,KEDCO,B,commercial,132.13,531.57,0.1016,synthetic_fabricated_from_policy_context,NERC publications; media reports
2023-11-01,KEDCO,B,industrial,138.14,754.42,0.1063,synthetic_fabricated_from_policy_context,NERC publications; media reports
2023-11-01,KEDCO,C,residential,96.1,451.7,0.0739,synthetic_fabricated_from_policy_context,NERC publications; media reports
2023-11-01,KEDCO,C,commercial,105.71,460.51,0.0813,synthetic_fabricated_from_policy_context,NERC publications; media reports
2023-11-01,KEDCO,C,industrial,110.51,457.92,0.085,synthetic_fabricated_from_policy_context,NERC publications; media reports
2023-11-01,KEDCO,D,residential,78.08,337.21,0.0601,synthetic_fabricated_from_policy_context,NERC publications; media reports
2023-11-01,KEDCO,D,commercial,85.89,348.79,0.0661,synthetic_fabricated_from_policy_context,NERC publications; media reports
2023-11-01,KEDCO,D,industrial,89.79,364.37,0.0691,synthetic_fabricated_from_policy_context,NERC publications; media reports
2023-11-01,KEDCO,E,residential,60.06,327.62,0.0462,synthetic_fabricated_from_policy_context,NERC publications; media reports
2023-11-01,KEDCO,E,commercial,66.07,277.15,0.0508,synthetic_fabricated_from_policy_context,NERC publications; media reports
2023-11-01,KEDCO,E,industrial,69.07,375.53,0.0531,synthetic_fabricated_from_policy_context,NERC publications; media reports
2023-11-01,KEDCO,Premium,residential,240.24,1061.82,0.1848,synthetic_fabricated_from_policy_context,NERC publications; media reports
2023-11-01,KEDCO,Premium,commercial,264.27,1064.01,0.2033,synthetic_fabricated_from_policy_context,NERC publications; media reports
2023-11-01,KEDCO,Premium,industrial,276.28,1236.6,0.2125,synthetic_fabricated_from_policy_context,NERC publications; media reports
2023-11-01,PHED,A,residential,175.81,673.26,0.1352,synthetic_fabricated_from_policy_context,NERC publications; media reports
2023-11-01,PHED,A,commercial,193.39,959.99,0.1488,synthetic_fabricated_from_policy_context,NERC publications; media reports
2023-11-01,PHED,A,industrial,202.18,841.72,0.1555,synthetic_fabricated_from_policy_context,NERC publications; media reports
2023-11-01,PHED,B,residential,140.65,710.23,0.1082,synthetic_fabricated_from_policy_context,NERC publications; media reports
2023-11-01,PHED,B,commercial,154.71,696.42,0.119,synthetic_fabricated_from_policy_context,NERC publications; media reports
2023-11-01,PHED,B,industrial,161.74,711.05,0.1244,synthetic_fabricated_from_policy_context,NERC publications; media reports
2023-11-01,PHED,C,residential,112.52,534.97,0.0866,synthetic_fabricated_from_policy_context,NERC publications; media reports
2023-11-01,PHED,C,commercial,123.77,507.98,0.0952,synthetic_fabricated_from_policy_context,NERC publications; media reports
2023-11-01,PHED,C,industrial,129.4,493.21,0.0995,synthetic_fabricated_from_policy_context,NERC publications; media reports
2023-11-01,PHED,D,residential,91.42,333.94,0.0703,synthetic_fabricated_from_policy_context,NERC publications; media reports
2023-11-01,PHED,D,commercial,100.56,505.11,0.0774,synthetic_fabricated_from_policy_context,NERC publications; media reports
2023-11-01,PHED,D,industrial,105.13,400.26,0.0809,synthetic_fabricated_from_policy_context,NERC publications; media reports
2023-11-01,PHED,E,residential,70.32,266.29,0.0541,synthetic_fabricated_from_policy_context,NERC publications; media reports
2023-11-01,PHED,E,commercial,77.36,295.01,0.0595,synthetic_fabricated_from_policy_context,NERC publications; media reports
2023-11-01,PHED,E,industrial,80.87,317.78,0.0622,synthetic_fabricated_from_policy_context,NERC publications; media reports
2023-11-01,PHED,Premium,residential,281.3,1285.0,0.2164,synthetic_fabricated_from_policy_context,NERC publications; media reports
2023-11-01,PHED,Premium,commercial,309.42,1366.92,0.238,synthetic_fabricated_from_policy_context,NERC publications; media reports
2023-11-01,PHED,Premium,industrial,323.49,1498.71,0.2488,synthetic_fabricated_from_policy_context,NERC publications; media reports
2023-11-01,YEDC,A,residential,168.77,875.66,0.1298,synthetic_fabricated_from_policy_context,NERC publications; media reports
2023-11-01,YEDC,A,commercial,185.64,849.56,0.1428,synthetic_fabricated_from_policy_context,NERC publications; media reports
2023-11-01,YEDC,A,industrial,194.08,864.32,0.1493,synthetic_fabricated_from_policy_context,NERC publications; media reports
2023-11-01,YEDC,B,residential,135.01,594.63,0.1039,synthetic_fabricated_from_policy_context,NERC publications; media reports
2023-11-01,YEDC,B,commercial,148.52,662.68,0.1142,synthetic_fabricated_from_policy_context,NERC publications; media reports
2023-11-01,YEDC,B,industrial,155.27,714.09,0.1194,synthetic_fabricated_from_policy_context,NERC publications; media reports
2023-11-01,YEDC,C,residential,108.01,566.03,0.0831,synthetic_fabricated_from_policy_context,NERC publications; media reports
2023-11-01,YEDC,C,commercial,118.81,437.71,0.0914,synthetic_fabricated_from_policy_context,NERC publications; media reports
2023-11-01,YEDC,C,industrial,124.21,514.39,0.0955,synthetic_fabricated_from_policy_context,NERC publications; media reports
2023-11-01,YEDC,D,residential,87.76,449.89,0.0675,synthetic_fabricated_from_policy_context,NERC publications; media reports
2023-11-01,YEDC,D,commercial,96.53,389.13,0.0743,synthetic_fabricated_from_policy_context,NERC publications; media reports
2023-11-01,YEDC,D,industrial,100.92,383.6,0.0776,synthetic_fabricated_from_policy_context,NERC publications; media reports
2023-11-01,YEDC,E,residential,67.51,344.46,0.0519,synthetic_fabricated_from_policy_context,NERC publications; media reports
2023-11-01,YEDC,E,commercial,74.26,365.37,0.0571,synthetic_fabricated_from_policy_context,NERC publications; media reports
2023-11-01,YEDC,E,industrial,77.63,344.64,0.0597,synthetic_fabricated_from_policy_context,NERC publications; media reports
2023-11-01,YEDC,Premium,residential,270.03,1110.78,0.2077,synthetic_fabricated_from_policy_context,NERC publications; media reports
2023-11-01,YEDC,Premium,commercial,297.03,1376.31,0.2285,synthetic_fabricated_from_policy_context,NERC publications; media reports
2023-11-01,YEDC,Premium,industrial,310.53,1176.75,0.2389,synthetic_fabricated_from_policy_context,NERC publications; media reports
2023-12-01,AEDC,A,residential,146.84,879.84,0.113,synthetic_fabricated_from_policy_context,NERC publications; media reports
2023-12-01,AEDC,A,commercial,161.53,977.7,0.1243,synthetic_fabricated_from_policy_context,NERC publications; media reports
2023-12-01,AEDC,A,industrial,168.87,749.13,0.1299,synthetic_fabricated_from_policy_context,NERC publications; media reports
2023-12-01,AEDC,B,residential,117.47,697.32,0.0904,synthetic_fabricated_from_policy_context,NERC publications; media reports
2023-12-01,AEDC,B,commercial,129.22,767.2,0.0994,synthetic_fabricated_from_policy_context,NERC publications; media reports
2023-12-01,AEDC,B,industrial,135.1,656.52,0.1039,synthetic_fabricated_from_policy_context,NERC publications; media reports
2023-12-01,AEDC,C,residential,93.98,435.21,0.0723,synthetic_fabricated_from_policy_context,NERC publications; media reports
2023-12-01,AEDC,C,commercial,103.38,433.46,0.0795,synthetic_fabricated_from_policy_context,NERC publications; media reports
2023-12-01,AEDC,C,industrial,108.08,514.14,0.0831,synthetic_fabricated_from_policy_context,NERC publications; media reports
2023-12-01,AEDC,D,residential,76.36,397.87,0.0587,synthetic_fabricated_from_policy_context,NERC publications; media reports
2023-12-01,AEDC,D,commercial,83.99,411.19,0.0646,synthetic_fabricated_from_policy_context,NERC publications; media reports
2023-12-01,AEDC,D,industrial,87.81,388.49,0.0675,synthetic_fabricated_from_policy_context,NERC publications; media reports
2023-12-01,AEDC,E,residential,58.74,293.43,0.0452,synthetic_fabricated_from_policy_context,NERC publications; media reports
2023-12-01,AEDC,E,commercial,64.61,373.96,0.0497,synthetic_fabricated_from_policy_context,NERC publications; media reports
2023-12-01,AEDC,E,industrial,67.55,384.83,0.052,synthetic_fabricated_from_policy_context,NERC publications; media reports
2023-12-01,AEDC,Premium,residential,234.95,1199.64,0.1807,synthetic_fabricated_from_policy_context,NERC publications; media reports
2023-12-01,AEDC,Premium,commercial,258.44,1471.46,0.1988,synthetic_fabricated_from_policy_context,NERC publications; media reports
2023-12-01,AEDC,Premium,industrial,270.19,1622.54,0.2078,synthetic_fabricated_from_policy_context,NERC publications; media reports
2023-12-01,BEDC,A,residential,183.03,669.88,0.1408,synthetic_fabricated_from_policy_context,NERC publications; media reports
2023-12-01,BEDC,A,commercial,201.34,804.82,0.1549,synthetic_fabricated_from_policy_context,NERC publications; media reports
2023-12-01,BEDC,A,industrial,210.49,1032.32,0.1619,synthetic_fabricated_from_policy_context,NERC publications; media reports
2023-12-01,BEDC,B,residential,146.43,657.06,0.1126,synthetic_fabricated_from_policy_context,NERC publications; media reports
2023-12-01,BEDC,B,commercial,161.07,779.12,0.1239,synthetic_fabricated_from_policy_context,NERC publications; media reports
2023-12-01,BEDC,B,industrial,168.39,787.99,0.1295,synthetic_fabricated_from_policy_context,NERC publications; media reports
2023-12-01,BEDC,C,residential,117.14,502.12,0.0901,synthetic_fabricated_from_policy_context,NERC publications; media reports
2023-12-01,BEDC,C,commercial,128.86,460.05,0.0991,synthetic_fabricated_from_policy_context,NERC publications; media reports
2023-12-01,BEDC,C,industrial,134.71,521.54,0.1036,synthetic_fabricated_from_policy_context,NERC publications; media reports
2023-12-01,BEDC,D,residential,95.18,320.66,0.0732,synthetic_fabricated_from_policy_context,NERC publications; media reports
2023-12-01,BEDC,D,commercial,104.7,358.89,0.0805,synthetic_fabricated_from_policy_context,NERC publications; media reports
2023-12-01,BEDC,D,industrial,109.45,522.67,0.0842,synthetic_fabricated_from_policy_context,NERC publications; media reports
2023-12-01,BEDC,E,residential,73.21,323.81,0.0563,synthetic_fabricated_from_policy_context,NERC publications; media reports
2023-12-01,BEDC,E,commercial,80.53,288.22,0.0619,synthetic_fabricated_from_policy_context,NERC publications; media reports
2023-12-01,BEDC,E,industrial,84.2,393.93,0.0648,synthetic_fabricated_from_policy_context,NERC publications; media reports
2023-12-01,BEDC,Premium,residential,292.85,1241.39,0.2253,synthetic_fabricated_from_policy_context,NERC publications; media reports
2023-12-01,BEDC,Premium,commercial,322.14,1077.62,0.2478,synthetic_fabricated_from_policy_context,NERC publications; media reports
2023-12-01,BEDC,Premium,industrial,336.78,1314.26,0.2591,synthetic_fabricated_from_policy_context,NERC publications; media reports
2023-12-01,EEDC,A,residential,180.94,601.39,0.1392,synthetic_fabricated_from_policy_context,NERC publications; media reports
2023-12-01,EEDC,A,commercial,199.03,798.17,0.1531,synthetic_fabricated_from_policy_context,NERC publications; media reports
2023-12-01,EEDC,A,industrial,208.08,981.03,0.1601,synthetic_fabricated_from_policy_context,NERC publications; media reports
2023-12-01,EEDC,B,residential,144.75,630.93,0.1113,synthetic_fabricated_from_policy_context,NERC publications; media reports
2023-12-01,EEDC,B,commercial,159.23,741.28,0.1225,synthetic_fabricated_from_policy_context,NERC publications; media reports
2023-12-01,EEDC,B,industrial,166.46,679.34,0.128,synthetic_fabricated_from_policy_context,NERC publications; media reports
2023-12-01,EEDC,C,residential,115.8,526.13,0.0891,synthetic_fabricated_from_policy_context,NERC publications; media reports
2023-12-01,EEDC,C,commercial,127.38,469.91,0.098,synthetic_fabricated_from_policy_context,NERC publications; media reports
2023-12-01,EEDC,C,industrial,133.17,560.61,0.1024,synthetic_fabricated_from_policy_context,NERC publications; media reports
2023-12-01,EEDC,D,residential,94.09,416.97,0.0724,synthetic_fabricated_from_policy_context,NERC publications; media reports
2023-12-01,EEDC,D,commercial,103.5,424.43,0.0796,synthetic_fabricated_from_policy_context,NERC publications; media reports
2023-12-01,EEDC,D,industrial,108.2,473.3,0.0832,synthetic_fabricated_from_policy_context,NERC publications; media reports
2023-12-01,EEDC,E,residential,72.38,287.53,0.0557,synthetic_fabricated_from_policy_context,NERC publications; media reports
2023-12-01,EEDC,E,commercial,79.61,374.15,0.0612,synthetic_fabricated_from_policy_context,NERC publications; media reports
2023-12-01,EEDC,E,industrial,83.23,296.57,0.064,synthetic_fabricated_from_policy_context,NERC publications; media reports
2023-12-01,EEDC,Premium,residential,289.5,1416.32,0.2227,synthetic_fabricated_from_policy_context,NERC publications; media reports
2023-12-01,EEDC,Premium,commercial,318.45,1139.55,0.245,synthetic_fabricated_from_policy_context,NERC publications; media reports
2023-12-01,EEDC,Premium,industrial,332.93,1286.64,0.2561,synthetic_fabricated_from_policy_context,NERC publications; media reports
2023-12-01,EKEDC,A,residential,148.79,806.55,0.1145,synthetic_fabricated_from_policy_context,NERC publications; media reports
2023-12-01,EKEDC,A,commercial,163.67,878.64,0.1259,synthetic_fabricated_from_policy_context,NERC publications; media reports
2023-12-01,EKEDC,A,industrial,171.11,799.53,0.1316,synthetic_fabricated_from_policy_context,NERC publications; media reports
2023-12-01,EKEDC,B,residential,119.03,490.66,0.0916,synthetic_fabricated_from_policy_context,NERC publications; media reports
2023-12-01,EKEDC,B,commercial,130.94,607.58,0.1007,synthetic_fabricated_from_policy_context,NERC publications; media reports
2023-12-01,EKEDC,B,industrial,136.89,726.12,0.1053,synthetic_fabricated_from_policy_context,NERC publications; media reports
2023-12-01,EKEDC,C,residential,95.23,471.06,0.0733,synthetic_fabricated_from_policy_context,NERC publications; media reports
2023-12-01,EKEDC,C,commercial,104.75,511.84,0.0806,synthetic_fabricated_from_policy_context,NERC publications; media reports
2023-12-01,EKEDC,C,industrial,109.51,641.08,0.0842,synthetic_fabricated_from_policy_context,NERC publications; media reports
2023-12-01,EKEDC,D,residential,77.37,400.59,0.0595,synthetic_fabricated_from_policy_context,NERC publications; media reports
2023-12-01,EKEDC,D,commercial,85.11,412.65,0.0655,synthetic_fabricated_from_policy_context,NERC publications; media reports
2023-12-01,EKEDC,D,industrial,88.98,363.53,0.0684,synthetic_fabricated_from_policy_context,NERC publications; media reports
2023-12-01,EKEDC,E,residential,59.52,312.98,0.0458,synthetic_fabricated_from_policy_context,NERC publications; media reports
2023-12-01,EKEDC,E,commercial,65.47,366.32,0.0504,synthetic_fabricated_from_policy_context,NERC publications; media reports
2023-12-01,EKEDC,E,industrial,68.44,368.86,0.0526,synthetic_fabricated_from_policy_context,NERC publications; media reports
2023-12-01,EKEDC,Premium,residential,238.07,1229.42,0.1831,synthetic_fabricated_from_policy_context,NERC publications; media reports
2023-12-01,EKEDC,Premium,commercial,261.87,1183.04,0.2014,synthetic_fabricated_from_policy_context,NERC publications; media reports
2023-12-01,EKEDC,Premium,industrial,273.78,1137.08,0.2106,synthetic_fabricated_from_policy_context,NERC publications; media reports
2023-12-01,IBEDC,A,residential,147.11,826.16,0.1132,synthetic_fabricated_from_policy_context,NERC publications; media reports
2023-12-01,IBEDC,A,commercial,161.82,764.76,0.1245,synthetic_fabricated_from_policy_context,NERC publications; media reports
2023-12-01,IBEDC,A,industrial,169.18,933.68,0.1301,synthetic_fabricated_from_policy_context,NERC publications; media reports
2023-12-01,IBEDC,B,residential,117.69,682.01,0.0905,synthetic_fabricated_from_policy_context,NERC publications; media reports
2023-12-01,IBEDC,B,commercial,129.46,718.51,0.0996,synthetic_fabricated_from_policy_context,NERC publications; media reports
2023-12-01,IBEDC,B,industrial,135.34,806.22,0.1041,synthetic_fabricated_from_policy_context,NERC publications; media reports
2023-12-01,IBEDC,C,residential,94.15,420.04,0.0724,synthetic_fabricated_from_policy_context,NERC publications; media reports
2023-12-01,IBEDC,C,commercial,103.57,501.89,0.0797,synthetic_fabricated_from_policy_context,NERC publications; media reports
2023-12-01,IBEDC,C,industrial,108.27,544.92,0.0833,synthetic_fabricated_from_policy_context,NERC publications; media reports
2023-12-01,IBEDC,D,residential,76.5,422.62,0.0588,synthetic_fabricated_from_policy_context,NERC publications; media reports
2023-12-01,IBEDC,D,commercial,84.15,481.62,0.0647,synthetic_fabricated_from_policy_context,NERC publications; media reports
2023-12-01,IBEDC,D,industrial,87.97,404.14,0.0677,synthetic_fabricated_from_policy_context,NERC publications; media reports
2023-12-01,IBEDC,E,residential,58.84,302.51,0.0453,synthetic_fabricated_from_policy_context,NERC publications; media reports
2023-12-01,IBEDC,E,commercial,64.73,302.13,0.0498,synthetic_fabricated_from_policy_context,NERC publications; media reports
2023-12-01,IBEDC,E,industrial,67.67,409.33,0.0521,synthetic_fabricated_from_policy_context,NERC publications; media reports
2023-12-01,IBEDC,Premium,residential,235.38,1336.18,0.1811,synthetic_fabricated_from_policy_context,NERC publications; media reports
2023-12-01,IBEDC,Premium,commercial,258.91,1308.21,0.1992,synthetic_fabricated_from_policy_context,NERC publications; media reports
2023-12-01,IBEDC,Premium,industrial,270.68,1228.82,0.2082,synthetic_fabricated_from_policy_context,NERC publications; media reports
2023-12-01,IKEDC,A,residential,156.14,882.91,0.1201,synthetic_fabricated_from_policy_context,NERC publications; media reports
2023-12-01,IKEDC,A,commercial,171.75,843.0,0.1321,synthetic_fabricated_from_policy_context,NERC publications; media reports
2023-12-01,IKEDC,A,industrial,179.56,850.37,0.1381,synthetic_fabricated_from_policy_context,NERC publications; media reports
2023-12-01,IKEDC,B,residential,124.91,589.28,0.0961,synthetic_fabricated_from_policy_context,NERC publications; media reports
2023-12-01,IKEDC,B,commercial,137.4,668.32,0.1057,synthetic_fabricated_from_policy_context,NERC publications; media reports
2023-12-01,IKEDC,B,industrial,143.64,827.59,0.1105,synthetic_fabricated_from_policy_context,NERC publications; media reports
2023-12-01,IKEDC,C,residential,99.93,498.14,0.0769,synthetic_fabricated_from_policy_context,NERC publications; media reports
2023-12-01,IKEDC,C,commercial,109.92,554.66,0.0846,synthetic_fabricated_from_policy_context,NERC publications; media reports
2023-12-01,IKEDC,C,industrial,114.92,600.02,0.0884,synthetic_fabricated_from_policy_context,NERC publications; media reports
2023-12-01,IKEDC,D,residential,81.19,377.32,0.0625,synthetic_fabricated_from_policy_context,NERC publications; media reports
2023-12-01,IKEDC,D,commercial,89.31,373.83,0.0687,synthetic_fabricated_from_policy_context,NERC publications; media reports
2023-12-01,IKEDC,D,industrial,93.37,392.16,0.0718,synthetic_fabricated_from_policy_context,NERC publications; media reports
2023-12-01,IKEDC,E,residential,62.45,273.04,0.048,synthetic_fabricated_from_policy_context,NERC publications; media reports
2023-12-01,IKEDC,E,commercial,68.7,267.16,0.0528,synthetic_fabricated_from_policy_context,NERC publications; media reports
2023-12-01,IKEDC,E,industrial,71.82,343.12,0.0552,synthetic_fabricated_from_policy_context,NERC publications; media reports
2023-12-01,IKEDC,Premium,residential,249.82,1063.17,0.1922,synthetic_fabricated_from_policy_context,NERC publications; media reports
2023-12-01,IKEDC,Premium,commercial,274.8,1273.22,0.2114,synthetic_fabricated_from_policy_context,NERC publications; media reports
2023-12-01,IKEDC,Premium,industrial,287.29,1337.87,0.221,synthetic_fabricated_from_policy_context,NERC publications; media reports
2023-12-01,JED,A,residential,148.17,749.15,0.114,synthetic_fabricated_from_policy_context,NERC publications; media reports
2023-12-01,JED,A,commercial,162.99,756.73,0.1254,synthetic_fabricated_from_policy_context,NERC publications; media reports
2023-12-01,JED,A,industrial,170.39,879.57,0.1311,synthetic_fabricated_from_policy_context,NERC publications; media reports
2023-12-01,JED,B,residential,118.54,535.0,0.0912,synthetic_fabricated_from_policy_context,NERC publications; media reports
2023-12-01,JED,B,commercial,130.39,720.61,0.1003,synthetic_fabricated_from_policy_context,NERC publications; media reports
2023-12-01,JED,B,industrial,136.32,799.7,0.1049,synthetic_fabricated_from_policy_context,NERC publications; media reports
2023-12-01,JED,C,residential,94.83,496.15,0.0729,synthetic_fabricated_from_policy_context,NERC publications; media reports
2023-12-01,JED,C,commercial,104.31,466.08,0.0802,synthetic_fabricated_from_policy_context,NERC publications; media reports
2023-12-01,JED,C,industrial,109.05,626.62,0.0839,synthetic_fabricated_from_policy_context,NERC publications; media reports
2023-12-01,JED,D,residential,77.05,318.51,0.0593,synthetic_fabricated_from_policy_context,NERC publications; media reports
2023-12-01,JED,D,commercial,84.75,457.42,0.0652,synthetic_fabricated_from_policy_context,NERC publications; media reports
2023-12-01,JED,D,industrial,88.61,364.02,0.0682,synthetic_fabricated_from_policy_context,NERC publications; media reports
2023-12-01,JED,E,residential,59.27,280.76,0.0456,synthetic_fabricated_from_policy_context,NERC publications; media reports
2023-12-01,JED,E,commercial,65.19,333.45,0.0501,synthetic_fabricated_from_policy_context,NERC publications; media reports
2023-12-01,JED,E,industrial,68.16,383.74,0.0524,synthetic_fabricated_from_policy_context,NERC publications; media reports
2023-12-01,JED,Premium,residential,237.07,1354.92,0.1824,synthetic_fabricated_from_policy_context,NERC publications; media reports
2023-12-01,JED,Premium,commercial,260.78,1344.91,0.2006,synthetic_fabricated_from_policy_context,NERC publications; media reports
2023-12-01,JED,Premium,industrial,272.63,1509.09,0.2097,synthetic_fabricated_from_policy_context,NERC publications; media reports
2023-12-01,KAEDCO,A,residential,158.25,607.52,0.1217,synthetic_fabricated_from_policy_context,NERC publications; media reports
2023-12-01,KAEDCO,A,commercial,174.07,951.26,0.1339,synthetic_fabricated_from_policy_context,NERC publications; media reports
2023-12-01,KAEDCO,A,industrial,181.98,1013.45,0.14,synthetic_fabricated_from_policy_context,NERC publications; media reports
2023-12-01,KAEDCO,B,residential,126.6,567.48,0.0974,synthetic_fabricated_from_policy_context,NERC publications; media reports
2023-12-01,KAEDCO,B,commercial,139.26,639.73,0.1071,synthetic_fabricated_from_policy_context,NERC publications; media reports
2023-12-01,KAEDCO,B,industrial,145.59,791.87,0.112,synthetic_fabricated_from_policy_context,NERC publications; media reports
2023-12-01,KAEDCO,C,residential,101.28,487.43,0.0779,synthetic_fabricated_from_policy_context,NERC publications; media reports
2023-12-01,KAEDCO,C,commercial,111.41,499.71,0.0857,synthetic_fabricated_from_policy_context,NERC publications; media reports
2023-12-01,KAEDCO,C,industrial,116.47,528.32,0.0896,synthetic_fabricated_from_policy_context,NERC publications; media reports
2023-12-01,KAEDCO,D,residential,82.29,365.1,0.0633,synthetic_fabricated_from_policy_context,NERC publications; media reports
2023-12-01,KAEDCO,D,commercial,90.52,499.46,0.0696,synthetic_fabricated_from_policy_context,NERC publications; media reports
2023-12-01,KAEDCO,D,industrial,94.63,457.8,0.0728,synthetic_fabricated_from_policy_context,NERC publications; media reports
2023-12-01,KAEDCO,E,residential,63.3,347.66,0.0487,synthetic_fabricated_from_policy_context,NERC publications; media reports
2023-12-01,KAEDCO,E,commercial,69.63,266.59,0.0536,synthetic_fabricated_from_policy_context,NERC publications; media reports
2023-12-01,KAEDCO,E,industrial,72.79,361.03,0.056,synthetic_fabricated_from_policy_context,NERC publications; media reports
2023-12-01,KAEDCO,Premium,residential,253.19,1102.53,0.1948,synthetic_fabricated_from_policy_context,NERC publications; media reports
2023-12-01,KAEDCO,Premium,commercial,278.51,1319.57,0.2142,synthetic_fabricated_from_policy_context,NERC publications; media reports
2023-12-01,KAEDCO,Premium,industrial,291.17,1299.29,0.224,synthetic_fabricated_from_policy_context,NERC publications; media reports
2023-12-01,KEDCO,A,residential,182.79,603.43,0.1406,synthetic_fabricated_from_policy_context,NERC publications; media reports
2023-12-01,KEDCO,A,commercial,201.07,879.91,0.1547,synthetic_fabricated_from_policy_context,NERC publications; media reports
2023-12-01,KEDCO,A,industrial,210.21,891.36,0.1617,synthetic_fabricated_from_policy_context,NERC publications; media reports
2023-12-01,KEDCO,B,residential,146.23,536.43,0.1125,synthetic_fabricated_from_policy_context,NERC publications; media reports
2023-12-01,KEDCO,B,commercial,160.86,732.04,0.1237,synthetic_fabricated_from_policy_context,NERC publications; media reports
2023-12-01,KEDCO,B,industrial,168.17,649.95,0.1294,synthetic_fabricated_from_policy_context,NERC publications; media reports
2023-12-01,KEDCO,C,residential,116.99,548.17,0.09,synthetic_fabricated_from_policy_context,NERC publications; media reports
2023-12-01,KEDCO,C,commercial,128.68,490.4,0.099,synthetic_fabricated_from_policy_context,NERC publications; media reports
2023-12-01,KEDCO,C,industrial,134.53,602.53,0.1035,synthetic_fabricated_from_policy_context,NERC publications; media reports
2023-12-01,KEDCO,D,residential,95.05,376.2,0.0731,synthetic_fabricated_from_policy_context,NERC publications; media reports
2023-12-01,KEDCO,D,commercial,104.56,384.11,0.0804,synthetic_fabricated_from_policy_context,NERC publications; media reports
2023-12-01,KEDCO,D,industrial,109.31,532.95,0.0841,synthetic_fabricated_from_policy_context,NERC publications; media reports
2023-12-01,KEDCO,E,residential,73.12,245.0,0.0562,synthetic_fabricated_from_policy_context,NERC publications; media reports
2023-12-01,KEDCO,E,commercial,80.43,341.97,0.0619,synthetic_fabricated_from_policy_context,NERC publications; media reports
2023-12-01,KEDCO,E,industrial,84.08,361.21,0.0647,synthetic_fabricated_from_policy_context,NERC publications; media reports
2023-12-01,KEDCO,Premium,residential,292.46,1425.75,0.225,synthetic_fabricated_from_policy_context,NERC publications; media reports
2023-12-01,KEDCO,Premium,commercial,321.71,1485.29,0.2475,synthetic_fabricated_from_policy_context,NERC publications; media reports
2023-12-01,KEDCO,Premium,industrial,336.33,1431.21,0.2587,synthetic_fabricated_from_policy_context,NERC publications; media reports
2023-12-01,PHED,A,residential,155.89,809.36,0.1199,synthetic_fabricated_from_policy_context,NERC publications; media reports
2023-12-01,PHED,A,commercial,171.48,845.28,0.1319,synthetic_fabricated_from_policy_context,NERC publications; media reports
2023-12-01,PHED,A,industrial,179.27,770.92,0.1379,synthetic_fabricated_from_policy_context,NERC publications; media reports
2023-12-01,PHED,B,residential,124.71,534.08,0.0959,synthetic_fabricated_from_policy_context,NERC publications; media reports
2023-12-01,PHED,B,commercial,137.18,537.16,0.1055,synthetic_fabricated_from_policy_context,NERC publications; media reports
2023-12-01,PHED,B,industrial,143.42,763.87,0.1103,synthetic_fabricated_from_policy_context,NERC publications; media reports
2023-12-01,PHED,C,residential,99.77,509.7,0.0767,synthetic_fabricated_from_policy_context,NERC publications; media reports
2023-12-01,PHED,C,commercial,109.75,616.67,0.0844,synthetic_fabricated_from_policy_context,NERC publications; media reports
2023-12-01,PHED,C,industrial,114.74,563.57,0.0883,synthetic_fabricated_from_policy_context,NERC publications; media reports
2023-12-01,PHED,D,residential,81.06,458.8,0.0624,synthetic_fabricated_from_policy_context,NERC publications; media reports
2023-12-01,PHED,D,commercial,89.17,348.27,0.0686,synthetic_fabricated_from_policy_context,NERC publications; media reports
2023-12-01,PHED,D,industrial,93.22,370.48,0.0717,synthetic_fabricated_from_policy_context,NERC publications; media reports
2023-12-01,PHED,E,residential,62.36,258.3,0.048,synthetic_fabricated_from_policy_context,NERC publications; media reports
2023-12-01,PHED,E,commercial,68.59,270.59,0.0528,synthetic_fabricated_from_policy_context,NERC publications; media reports
2023-12-01,PHED,E,industrial,71.71,358.07,0.0552,synthetic_fabricated_from_policy_context,NERC publications; media reports
2023-12-01,PHED,Premium,residential,249.43,1261.36,0.1919,synthetic_fabricated_from_policy_context,NERC publications; media reports
2023-12-01,PHED,Premium,commercial,274.37,1458.79,0.2111,synthetic_fabricated_from_policy_context,NERC publications; media reports
2023-12-01,PHED,Premium,industrial,286.84,1652.49,0.2206,synthetic_fabricated_from_policy_context,NERC publications; media reports
2023-12-01,YEDC,A,residential,172.62,776.3,0.1328,synthetic_fabricated_from_policy_context,NERC publications; media reports
2023-12-01,YEDC,A,commercial,189.88,955.5,0.1461,synthetic_fabricated_from_policy_context,NERC publications; media reports
2023-12-01,YEDC,A,industrial,198.51,933.28,0.1527,synthetic_fabricated_from_policy_context,NERC publications; media reports
2023-12-01,YEDC,B,residential,138.09,616.72,0.1062,synthetic_fabricated_from_policy_context,NERC publications; media reports
2023-12-01,YEDC,B,commercial,151.9,644.69,0.1168,synthetic_fabricated_from_policy_context,NERC publications; media reports
2023-12-01,YEDC,B,industrial,158.81,656.01,0.1222,synthetic_fabricated_from_policy_context,NERC publications; media reports
2023-12-01,YEDC,C,residential,110.47,522.97,0.085,synthetic_fabricated_from_policy_context,NERC publications; media reports
2023-12-01,YEDC,C,commercial,121.52,503.36,0.0935,synthetic_fabricated_from_policy_context,NERC publications; media reports
2023-12-01,YEDC,C,industrial,127.05,495.33,0.0977,synthetic_fabricated_from_policy_context,NERC publications; media reports
2023-12-01,YEDC,D,residential,89.76,330.88,0.069,synthetic_fabricated_from_policy_context,NERC publications; media reports
2023-12-01,YEDC,D,commercial,98.74,474.67,0.076,synthetic_fabricated_from_policy_context,NERC publications; media reports
2023-12-01,YEDC,D,industrial,103.22,524.4,0.0794,synthetic_fabricated_from_policy_context,NERC publications; media reports
2023-12-01,YEDC,E,residential,69.05,287.82,0.0531,synthetic_fabricated_from_policy_context,NERC publications; media reports
2023-12-01,YEDC,E,commercial,75.95,311.83,0.0584,synthetic_fabricated_from_policy_context,NERC publications; media reports
2023-12-01,YEDC,E,industrial,79.4,404.71,0.0611,synthetic_fabricated_from_policy_context,NERC publications; media reports
2023-12-01,YEDC,Premium,residential,276.19,1312.35,0.2125,synthetic_fabricated_from_policy_context,NERC publications; media reports
2023-12-01,YEDC,Premium,commercial,303.81,1306.27,0.2337,synthetic_fabricated_from_policy_context,NERC publications; media reports
2023-12-01,YEDC,Premium,industrial,317.61,1451.09,0.2443,synthetic_fabricated_from_policy_context,NERC publications; media reports
2024-01-01,AEDC,A,residential,163.1,756.91,0.1255,synthetic_fabricated_from_policy_context,NERC publications; media reports
2024-01-01,AEDC,A,commercial,179.41,858.54,0.138,synthetic_fabricated_from_policy_context,NERC publications; media reports
2024-01-01,AEDC,A,industrial,187.57,760.67,0.1443,synthetic_fabricated_from_policy_context,NERC publications; media reports
2024-01-01,AEDC,B,residential,130.48,618.3,0.1004,synthetic_fabricated_from_policy_context,NERC publications; media reports
2024-01-01,AEDC,B,commercial,143.53,764.43,0.1104,synthetic_fabricated_from_policy_context,NERC publications; media reports
2024-01-01,AEDC,B,industrial,150.05,790.21,0.1154,synthetic_fabricated_from_policy_context,NERC publications; media reports
2024-01-01,AEDC,C,residential,104.38,488.96,0.0803,synthetic_fabricated_from_policy_context,NERC publications; media reports
2024-01-01,AEDC,C,commercial,114.82,561.36,0.0883,synthetic_fabricated_from_policy_context,NERC publications; media reports
2024-01-01,AEDC,C,industrial,120.04,607.36,0.0923,synthetic_fabricated_from_policy_context,NERC publications; media reports
2024-01-01,AEDC,D,residential,84.81,397.56,0.0652,synthetic_fabricated_from_policy_context,NERC publications; media reports
2024-01-01,AEDC,D,commercial,93.29,435.62,0.0718,synthetic_fabricated_from_policy_context,NERC publications; media reports
2024-01-01,AEDC,D,industrial,97.53,418.33,0.075,synthetic_fabricated_from_policy_context,NERC publications; media reports
2024-01-01,AEDC,E,residential,65.24,355.67,0.0502,synthetic_fabricated_from_policy_context,NERC publications; media reports
2024-01-01,AEDC,E,commercial,71.76,335.81,0.0552,synthetic_fabricated_from_policy_context,NERC publications; media reports
2024-01-01,AEDC,E,industrial,75.03,326.33,0.0577,synthetic_fabricated_from_policy_context,NERC publications; media reports
2024-01-01,AEDC,Premium,residential,260.96,1384.62,0.2007,synthetic_fabricated_from_policy_context,NERC publications; media reports
2024-01-01,AEDC,Premium,commercial,287.06,1141.24,0.2208,synthetic_fabricated_from_policy_context,NERC publications; media reports
2024-01-01,AEDC,Premium,industrial,300.1,1167.25,0.2308,synthetic_fabricated_from_policy_context,NERC publications; media reports
2024-01-01,BEDC,A,residential,186.05,619.72,0.1431,synthetic_fabricated_from_policy_context,NERC publications; media reports
2024-01-01,BEDC,A,commercial,204.65,767.51,0.1574,synthetic_fabricated_from_policy_context,NERC publications; media reports
2024-01-01,BEDC,A,industrial,213.95,992.83,0.1646,synthetic_fabricated_from_policy_context,NERC publications; media reports
2024-01-01,BEDC,B,residential,148.84,661.29,0.1145,synthetic_fabricated_from_policy_context,NERC publications; media reports
2024-01-01,BEDC,B,commercial,163.72,536.42,0.1259,synthetic_fabricated_from_policy_context,NERC publications; media reports
2024-01-01,BEDC,B,industrial,171.16,786.98,0.1317,synthetic_fabricated_from_policy_context,NERC publications; media reports
2024-01-01,BEDC,C,residential,119.07,506.29,0.0916,synthetic_fabricated_from_policy_context,NERC publications; media reports
2024-01-01,BEDC,C,commercial,130.98,541.74,0.1008,synthetic_fabricated_from_policy_context,NERC publications; media reports
2024-01-01,BEDC,C,industrial,136.93,551.79,0.1053,synthetic_fabricated_from_policy_context,NERC publications; media reports
2024-01-01,BEDC,D,residential,96.74,398.64,0.0744,synthetic_fabricated_from_policy_context,NERC publications; media reports
2024-01-01,BEDC,D,commercial,106.42,469.63,0.0819,synthetic_fabricated_from_policy_context,NERC publications; media reports
2024-01-01,BEDC,D,industrial,111.26,472.52,0.0856,synthetic_fabricated_from_policy_context,NERC publications; media reports
2024-01-01,BEDC,E,residential,74.42,261.1,0.0572,synthetic_fabricated_from_policy_context,NERC publications; media reports
2024-01-01,BEDC,E,commercial,81.86,325.71,0.063,synthetic_fabricated_from_policy_context,NERC publications; media reports
2024-01-01,BEDC,E,industrial,85.58,400.15,0.0658,synthetic_fabricated_from_policy_context,NERC publications; media reports
2024-01-01,BEDC,Premium,residential,297.68,1438.12,0.229,synthetic_fabricated_from_policy_context,NERC publications; media reports
2024-01-01,BEDC,Premium,commercial,327.44,1393.71,0.2519,synthetic_fabricated_from_policy_context,NERC publications; media reports
2024-01-01,BEDC,Premium,industrial,342.33,1277.97,0.2633,synthetic_fabricated_from_policy_context,NERC publications; media reports
2024-01-01,EEDC,A,residential,176.05,807.61,0.1354,synthetic_fabricated_from_policy_context,NERC publications; media reports
2024-01-01,EEDC,A,commercial,193.65,721.93,0.149,synthetic_fabricated_from_policy_context,NERC publications; media reports
2024-01-01,EEDC,A,industrial,202.46,765.0,0.1557,synthetic_fabricated_from_policy_context,NERC publications; media reports
2024-01-01,EEDC,B,residential,140.84,529.65,0.1083,synthetic_fabricated_from_policy_context,NERC publications; media reports
2024-01-01,EEDC,B,commercial,154.92,536.85,0.1192,synthetic_fabricated_from_policy_context,NERC publications; media reports
2024-01-01,EEDC,B,industrial,161.96,797.0,0.1246,synthetic_fabricated_from_policy_context,NERC publications; media reports
2024-01-01,EEDC,C,residential,112.67,515.64,0.0867,synthetic_fabricated_from_policy_context,NERC publications; media reports
2024-01-01,EEDC,C,commercial,123.94,484.49,0.0953,synthetic_fabricated_from_policy_context,NERC publications; media reports
2024-01-01,EEDC,C,industrial,129.57,625.32,0.0997,synthetic_fabricated_from_policy_context,NERC publications; media reports
2024-01-01,EEDC,D,residential,91.55,366.78,0.0704,synthetic_fabricated_from_policy_context,NERC publications; media reports
2024-01-01,EEDC,D,commercial,100.7,446.55,0.0775,synthetic_fabricated_from_policy_context,NERC publications; media reports
2024-01-01,EEDC,D,industrial,105.28,508.96,0.081,synthetic_fabricated_from_policy_context,NERC publications; media reports
2024-01-01,EEDC,E,residential,70.42,242.21,0.0542,synthetic_fabricated_from_policy_context,NERC publications; media reports
2024-01-01,EEDC,E,commercial,77.46,325.16,0.0596,synthetic_fabricated_from_policy_context,NERC publications; media reports
2024-01-01,EEDC,E,industrial,80.98,287.64,0.0623,synthetic_fabricated_from_policy_context,NERC publications; media reports
2024-01-01,EEDC,Premium,residential,281.68,1088.96,0.2167,synthetic_fabricated_from_policy_context,NERC publications; media reports
2024-01-01,EEDC,Premium,commercial,309.85,1253.8,0.2383,synthetic_fabricated_from_policy_context,NERC publications; media reports
2024-01-01,EEDC,Premium,industrial,323.93,1381.57,0.2492,synthetic_fabricated_from_policy_context,NERC publications; media reports
2024-01-01,EKEDC,A,residential,153.28,802.97,0.1179,synthetic_fabricated_from_policy_context,NERC publications; media reports
2024-01-01,EKEDC,A,commercial,168.61,924.21,0.1297,synthetic_fabricated_from_policy_context,NERC publications; media reports
2024-01-01,EKEDC,A,industrial,176.28,699.85,0.1356,synthetic_fabricated_from_policy_context,NERC publications; media reports
2024-01-01,EKEDC,B,residential,122.63,634.97,0.0943,synthetic_fabricated_from_policy_context,NERC publications; media reports
2024-01-01,EKEDC,B,commercial,134.89,567.73,0.1038,synthetic_fabricated_from_policy_context,NERC publications; media reports
2024-01-01,EKEDC,B,industrial,141.02,622.67,0.1085,synthetic_fabricated_from_policy_context,NERC publications; media reports
2024-01-01,EKEDC,C,residential,98.1,404.09,0.0755,synthetic_fabricated_from_policy_context,NERC publications; media reports
2024-01-01,EKEDC,C,commercial,107.91,537.6,0.083,synthetic_fabricated_from_policy_context,NERC publications; media reports
2024-01-01,EKEDC,C,industrial,112.82,525.72,0.0868,synthetic_fabricated_from_policy_context,NERC publications; media reports
2024-01-01,EKEDC,D,residential,79.71,408.63,0.0613,synthetic_fabricated_from_policy_context,NERC publications; media reports
2024-01-01,EKEDC,D,commercial,87.68,388.44,0.0674,synthetic_fabricated_from_policy_context,NERC publications; media reports
2024-01-01,EKEDC,D,industrial,91.66,437.8,0.0705,synthetic_fabricated_from_policy_context,NERC publications; media reports
2024-01-01,EKEDC,E,residential,61.31,296.76,0.0472,synthetic_fabricated_from_policy_context,NERC publications; media reports
2024-01-01,EKEDC,E,commercial,67.44,375.07,0.0519,synthetic_fabricated_from_policy_context,NERC publications; media reports
2024-01-01,EKEDC,E,industrial,70.51,292.58,0.0542,synthetic_fabricated_from_policy_context,NERC publications; media reports
2024-01-01,EKEDC,Premium,residential,245.25,988.01,0.1887,synthetic_fabricated_from_policy_context,NERC publications; media reports
2024-01-01,EKEDC,Premium,commercial,269.78,1467.75,0.2075,synthetic_fabricated_from_policy_context,NERC publications; media reports
2024-01-01,EKEDC,Premium,industrial,282.04,1486.92,0.217,synthetic_fabricated_from_policy_context,NERC publications; media reports
2024-01-01,IBEDC,A,residential,149.9,810.56,0.1153,synthetic_fabricated_from_policy_context,NERC publications; media reports
2024-01-01,IBEDC,A,commercial,164.89,969.12,0.1268,synthetic_fabricated_from_policy_context,NERC publications; media reports
2024-01-01,IBEDC,A,industrial,172.39,1011.94,0.1326,synthetic_fabricated_from_policy_context,NERC publications; media reports
2024-01-01,IBEDC,B,residential,119.92,504.49,0.0922,synthetic_fabricated_from_policy_context,NERC publications; media reports
2024-01-01,IBEDC,B,commercial,131.91,666.66,0.1015,synthetic_fabricated_from_policy_context,NERC publications; media reports
2024-01-01,IBEDC,B,industrial,137.91,560.96,0.1061,synthetic_fabricated_from_policy_context,NERC publications; media reports
2024-01-01,IBEDC,C,residential,95.94,442.45,0.0738,synthetic_fabricated_from_policy_context,NERC publications; media reports
2024-01-01,IBEDC,C,commercial,105.53,487.61,0.0812,synthetic_fabricated_from_policy_context,NERC publications; media reports
2024-01-01,IBEDC,C,industrial,110.33,520.88,0.0849,synthetic_fabricated_from_policy_context,NERC publications; media reports
2024-01-01,IBEDC,D,residential,77.95,390.41,0.06,synthetic_fabricated_from_policy_context,NERC publications; media reports
2024-01-01,IBEDC,D,commercial,85.74,448.97,0.066,synthetic_fabricated_from_policy_context,NERC publications; media reports
2024-01-01,IBEDC,D,industrial,89.64,422.25,0.069,synthetic_fabricated_from_policy_context,NERC publications; media reports
2024-01-01,IBEDC,E,residential,59.96,355.65,0.0461,synthetic_fabricated_from_policy_context,NERC publications; media reports
2024-01-01,IBEDC,E,commercial,65.96,284.76,0.0507,synthetic_fabricated_from_policy_context,NERC publications; media reports
2024-01-01,IBEDC,E,industrial,68.95,340.65,0.053,synthetic_fabricated_from_policy_context,NERC publications; media reports
2024-01-01,IBEDC,Premium,residential,239.84,1107.53,0.1845,synthetic_fabricated_from_policy_context,NERC publications; media reports
2024-01-01,IBEDC,Premium,commercial,263.83,1295.95,0.2029,synthetic_fabricated_from_policy_context,NERC publications; media reports
2024-01-01,IBEDC,Premium,industrial,275.82,1181.85,0.2122,synthetic_fabricated_from_policy_context,NERC publications; media reports
2024-01-01,IKEDC,A,residential,183.6,819.42,0.1412,synthetic_fabricated_from_policy_context,NERC publications; media reports
2024-01-01,IKEDC,A,commercial,201.97,905.54,0.1554,synthetic_fabricated_from_policy_context,NERC publications; media reports
2024-01-01,IKEDC,A,industrial,211.15,720.78,0.1624,synthetic_fabricated_from_policy_context,NERC publications; media reports
2024-01-01,IKEDC,B,residential,146.88,569.4,0.113,synthetic_fabricated_from_policy_context,NERC publications; media reports
2024-01-01,IKEDC,B,commercial,161.57,685.17,0.1243,synthetic_fabricated_from_policy_context,NERC publications; media reports
2024-01-01,IKEDC,B,industrial,168.92,747.21,0.1299,synthetic_fabricated_from_policy_context,NERC publications; media reports
2024-01-01,IKEDC,C,residential,117.51,575.45,0.0904,synthetic_fabricated_from_policy_context,NERC publications; media reports
2024-01-01,IKEDC,C,commercial,129.26,442.75,0.0994,synthetic_fabricated_from_policy_context,NERC publications; media reports
2024-01-01,IKEDC,C,industrial,135.13,657.18,0.1039,synthetic_fabricated_from_policy_context,NERC publications; media reports
2024-01-01,IKEDC,D,residential,95.47,379.24,0.0734,synthetic_fabricated_from_policy_context,NERC publications; media reports
2024-01-01,IKEDC,D,commercial,105.02,461.32,0.0808,synthetic_fabricated_from_policy_context,NERC publications; media reports
2024-01-01,IKEDC,D,industrial,109.8,520.4,0.0845,synthetic_fabricated_from_policy_context,NERC publications; media reports
2024-01-01,IKEDC,E,residential,73.44,321.74,0.0565,synthetic_fabricated_from_policy_context,NERC publications; media reports
2024-01-01,IKEDC,E,commercial,80.79,341.06,0.0621,synthetic_fabricated_from_policy_context,NERC publications; media reports
2024-01-01,IKEDC,E,industrial,84.46,370.02,0.065,synthetic_fabricated_from_policy_context,NERC publications; media reports
2024-01-01,IKEDC,Premium,residential,293.77,1161.4,0.226,synthetic_fabricated_from_policy_context,NERC publications; media reports
2024-01-01,IKEDC,Premium,commercial,323.14,1303.09,0.2486,synthetic_fabricated_from_policy_context,NERC publications; media reports
2024-01-01,IKEDC,Premium,industrial,337.83,1634.77,0.2599,synthetic_fabricated_from_policy_context,NERC publications; media reports
2024-01-01,JED,A,residential,176.0,729.15,0.1354,synthetic_fabricated_from_policy_context,NERC publications; media reports
2024-01-01,JED,A,commercial,193.6,865.98,0.1489,synthetic_fabricated_from_policy_context,NERC publications; media reports
2024-01-01,JED,A,industrial,202.4,710.68,0.1557,synthetic_fabricated_from_policy_context,NERC publications; media reports
2024-01-01,JED,B,residential,140.8,689.55,0.1083,synthetic_fabricated_from_policy_context,NERC publications; media reports
2024-01-01,JED,B,commercial,154.88,651.41,0.1191,synthetic_fabricated_from_policy_context,NERC publications; media reports
2024-01-01,JED,B,industrial,161.92,591.72,0.1246,synthetic_fabricated_from_policy_context,NERC publications; media reports
2024-01-01,JED,C,residential,112.64,413.64,0.0866,synthetic_fabricated_from_policy_context,NERC publications; media reports
2024-01-01,JED,C,commercial,123.9,477.83,0.0953,synthetic_fabricated_from_policy_context,NERC publications; media reports
2024-01-01,JED,C,industrial,129.53,447.17,0.0996,synthetic_fabricated_from_policy_context,NERC publications; media reports
2024-01-01,JED,D,residential,91.52,376.8,0.0704,synthetic_fabricated_from_policy_context,NERC publications; media reports
2024-01-01,JED,D,commercial,100.67,416.77,0.0774,synthetic_fabricated_from_policy_context,NERC publications; media reports
2024-01-01,JED,D,industrial,105.25,481.36,0.081,synthetic_fabricated_from_policy_context,NERC publications; media reports
2024-01-01,JED,E,residential,70.4,280.83,0.0542,synthetic_fabricated_from_policy_context,NERC publications; media reports
2024-01-01,JED,E,commercial,77.44,306.3,0.0596,synthetic_fabricated_from_policy_context,NERC publications; media reports
2024-01-01,JED,E,industrial,80.96,361.6,0.0623,synthetic_fabricated_from_policy_context,NERC publications; media reports
2024-01-01,JED,Premium,residential,281.6,1377.88,0.2166,synthetic_fabricated_from_policy_context,NERC publications; media reports
2024-01-01,JED,Premium,commercial,309.75,1453.43,0.2383,synthetic_fabricated_from_policy_context,NERC publications; media reports
2024-01-01,JED,Premium,industrial,323.83,1523.62,0.2491,synthetic_fabricated_from_policy_context,NERC publications; media reports
2024-01-01,KAEDCO,A,residential,183.45,782.04,0.1411,synthetic_fabricated_from_policy_context,NERC publications; media reports
2024-01-01,KAEDCO,A,commercial,201.8,668.39,0.1552,synthetic_fabricated_from_policy_context,NERC publications; media reports
2024-01-01,KAEDCO,A,industrial,210.97,836.59,0.1623,synthetic_fabricated_from_policy_context,NERC publications; media reports
2024-01-01,KAEDCO,B,residential,146.76,494.86,0.1129,synthetic_fabricated_from_policy_context,NERC publications; media reports
2024-01-01,KAEDCO,B,commercial,161.44,613.08,0.1242,synthetic_fabricated_from_policy_context,NERC publications; media reports
2024-01-01,KAEDCO,B,industrial,168.77,629.22,0.1298,synthetic_fabricated_from_policy_context,NERC publications; media reports
2024-01-01,KAEDCO,C,residential,117.41,390.83,0.0903,synthetic_fabricated_from_policy_context,NERC publications; media reports
2024-01-01,KAEDCO,C,commercial,129.15,556.89,0.0993,synthetic_fabricated_from_policy_context,NERC publications; media reports
2024-01-01,KAEDCO,C,industrial,135.02,610.8,0.1039,synthetic_fabricated_from_policy_context,NERC publications; media reports
2024-01-01,KAEDCO,D,residential,95.39,402.18,0.0734,synthetic_fabricated_from_policy_context,NERC publications; media reports
2024-01-01,KAEDCO,D,commercial,104.93,482.85,0.0807,synthetic_fabricated_from_policy_context,NERC publications; media reports
2024-01-01,KAEDCO,D,industrial,109.7,429.1,0.0844,synthetic_fabricated_from_policy_context,NERC publications; media reports
2024-01-01,KAEDCO,E,residential,73.38,255.19,0.0564,synthetic_fabricated_from_policy_context,NERC publications; media reports
2024-01-01,KAEDCO,E,commercial,80.72,356.88,0.0621,synthetic_fabricated_from_policy_context,NERC publications; media reports
2024-01-01,KAEDCO,E,industrial,84.39,373.98,0.0649,synthetic_fabricated_from_policy_context,NERC publications; media reports
2024-01-01,KAEDCO,Premium,residential,293.52,978.11,0.2258,synthetic_fabricated_from_policy_context,NERC publications; media reports
2024-01-01,KAEDCO,Premium,commercial,322.87,1428.67,0.2484,synthetic_fabricated_from_policy_context,NERC publications; media reports
2024-01-01,KAEDCO,Premium,industrial,337.55,1259.9,0.2597,synthetic_fabricated_from_policy_context,NERC publications; media reports
2024-01-01,KEDCO,A,residential,156.24,823.92,0.1202,synthetic_fabricated_from_policy_context,NERC publications; media reports
2024-01-01,KEDCO,A,commercial,171.86,671.59,0.1322,synthetic_fabricated_from_policy_context,NERC publications; media reports
2024-01-01,KEDCO,A,industrial,179.67,747.81,0.1382,synthetic_fabricated_from_policy_context,NERC publications; media reports
2024-01-01,KEDCO,B,residential,124.99,484.82,0.0961,synthetic_fabricated_from_policy_context,NERC publications; media reports
2024-01-01,KEDCO,B,commercial,137.49,720.98,0.1058,synthetic_fabricated_from_policy_context,NERC publications; media reports
2024-01-01,KEDCO,B,industrial,143.74,676.35,0.1106,synthetic_fabricated_from_policy_context,NERC publications; media reports
2024-01-01,KEDCO,C,residential,99.99,417.85,0.0769,synthetic_fabricated_from_policy_context,NERC publications; media reports
2024-01-01,KEDCO,C,commercial,109.99,604.85,0.0846,synthetic_fabricated_from_policy_context,NERC publications; media reports
2024-01-01,KEDCO,C,industrial,114.99,460.54,0.0885,synthetic_fabricated_from_policy_context,NERC publications; media reports
2024-01-01,KEDCO,D,residential,81.24,422.32,0.0625,synthetic_fabricated_from_policy_context,NERC publications; media reports
2024-01-01,KEDCO,D,commercial,89.37,511.52,0.0687,synthetic_fabricated_from_policy_context,NERC publications; media reports
2024-01-01,KEDCO,D,industrial,93.43,507.94,0.0719,synthetic_fabricated_from_policy_context,NERC publications; media reports
2024-01-01,KEDCO,E,residential,62.5,249.8,0.0481,synthetic_fabricated_from_policy_context,NERC publications; media reports
2024-01-01,KEDCO,E,commercial,68.74,305.94,0.0529,synthetic_fabricated_from_policy_context,NERC publications; media reports
2024-01-01,KEDCO,E,industrial,71.87,332.68,0.0553,synthetic_fabricated_from_policy_context,NERC publications; media reports
2024-01-01,KEDCO,Premium,residential,249.98,996.2,0.1923,synthetic_fabricated_from_policy_context,NERC publications; media reports
2024-01-01,KEDCO,Premium,commercial,274.98,1127.24,0.2115,synthetic_fabricated_from_policy_context,NERC publications; media reports
2024-01-01,KEDCO,Premium,industrial,287.48,1368.57,0.2211,synthetic_fabricated_from_policy_context,NERC publications; media reports
2024-01-01,PHED,A,residential,151.58,655.41,0.1166,synthetic_fabricated_from_policy_context,NERC publications; media reports
2024-01-01,PHED,A,commercial,166.73,886.84,0.1283,synthetic_fabricated_from_policy_context,NERC publications; media reports
2024-01-01,PHED,A,industrial,174.31,749.65,0.1341,synthetic_fabricated_from_policy_context,NERC publications; media reports
2024-01-01,PHED,B,residential,121.26,534.34,0.0933,synthetic_fabricated_from_policy_context,NERC publications; media reports
2024-01-01,PHED,B,commercial,133.39,559.27,0.1026,synthetic_fabricated_from_policy_context,NERC publications; media reports
2024-01-01,PHED,B,industrial,139.45,564.51,0.1073,synthetic_fabricated_from_policy_context,NERC publications; media reports
2024-01-01,PHED,C,residential,97.01,570.61,0.0746,synthetic_fabricated_from_policy_context,NERC publications; media reports
2024-01-01,PHED,C,commercial,106.71,480.09,0.0821,synthetic_fabricated_from_policy_context,NERC publications; media reports
2024-01-01,PHED,C,industrial,111.56,515.21,0.0858,synthetic_fabricated_from_policy_context,NERC publications; media reports
2024-01-01,PHED,D,residential,78.82,319.84,0.0606,synthetic_fabricated_from_policy_context,NERC publications; media reports
2024-01-01,PHED,D,commercial,86.7,409.14,0.0667,synthetic_fabricated_from_policy_context,NERC publications; media reports
2024-01-01,PHED,D,industrial,90.64,372.32,0.0697,synthetic_fabricated_from_policy_context,NERC publications; media reports
2024-01-01,PHED,E,residential,60.63,316.45,0.0466,synthetic_fabricated_from_policy_context,NERC publications; media reports
2024-01-01,PHED,E,commercial,66.69,342.16,0.0513,synthetic_fabricated_from_policy_context,NERC publications; media reports
2024-01-01,PHED,E,industrial,69.72,357.13,0.0536,synthetic_fabricated_from_policy_context,NERC publications; media reports
2024-01-01,PHED,Premium,residential,242.52,1066.2,0.1866,synthetic_fabricated_from_policy_context,NERC publications; media reports
2024-01-01,PHED,Premium,commercial,266.77,1281.78,0.2052,synthetic_fabricated_from_policy_context,NERC publications; media reports
2024-01-01,PHED,Premium,industrial,278.9,1574.28,0.2145,synthetic_fabricated_from_policy_context,NERC publications; media reports
2024-01-01,YEDC,A,residential,182.6,699.09,0.1405,synthetic_fabricated_from_policy_context,NERC publications; media reports
2024-01-01,YEDC,A,commercial,200.86,768.86,0.1545,synthetic_fabricated_from_policy_context,NERC publications; media reports
2024-01-01,YEDC,A,industrial,209.99,915.35,0.1615,synthetic_fabricated_from_policy_context,NERC publications; media reports
2024-01-01,YEDC,B,residential,146.08,662.3,0.1124,synthetic_fabricated_from_policy_context,NERC publications; media reports
2024-01-01,YEDC,B,commercial,160.69,674.48,0.1236,synthetic_fabricated_from_policy_context,NERC publications; media reports
2024-01-01,YEDC,B,industrial,167.99,817.15,0.1292,synthetic_fabricated_from_policy_context,NERC publications; media reports
2024-01-01,YEDC,C,residential,116.86,557.64,0.0899,synthetic_fabricated_from_policy_context,NERC publications; media reports
2024-01-01,YEDC,C,commercial,128.55,547.42,0.0989,synthetic_fabricated_from_policy_context,NERC publications; media reports
2024-01-01,YEDC,C,industrial,134.39,498.41,0.1034,synthetic_fabricated_from_policy_context,NERC publications; media reports
2024-01-01,YEDC,D,residential,94.95,435.91,0.073,synthetic_fabricated_from_policy_context,NERC publications; media reports
2024-01-01,YEDC,D,commercial,104.45,443.51,0.0803,synthetic_fabricated_from_policy_context,NERC publications; media reports
2024-01-01,YEDC,D,industrial,109.19,371.27,0.084,synthetic_fabricated_from_policy_context,NERC publications; media reports
2024-01-01,YEDC,E,residential,73.04,260.51,0.0562,synthetic_fabricated_from_policy_context,NERC publications; media reports
2024-01-01,YEDC,E,commercial,80.34,375.19,0.0618,synthetic_fabricated_from_policy_context,NERC publications; media reports
2024-01-01,YEDC,E,industrial,84.0,331.6,0.0646,synthetic_fabricated_from_policy_context,NERC publications; media reports
2024-01-01,YEDC,Premium,residential,292.16,1062.21,0.2247,synthetic_fabricated_from_policy_context,NERC publications; media reports
2024-01-01,YEDC,Premium,commercial,321.37,1505.48,0.2472,synthetic_fabricated_from_policy_context,NERC publications; media reports
2024-01-01,YEDC,Premium,industrial,335.98,1434.27,0.2584,synthetic_fabricated_from_policy_context,NERC publications; media reports
2024-02-01,AEDC,A,residential,161.7,855.58,0.1244,synthetic_fabricated_from_policy_context,NERC publications; media reports
2024-02-01,AEDC,A,commercial,177.87,934.83,0.1368,synthetic_fabricated_from_policy_context,NERC publications; media reports
2024-02-01,AEDC,A,industrial,185.96,768.97,0.143,synthetic_fabricated_from_policy_context,NERC publications; media reports
2024-02-01,AEDC,B,residential,129.36,489.27,0.0995,synthetic_fabricated_from_policy_context,NERC publications; media reports
2024-02-01,AEDC,B,commercial,142.3,640.39,0.1095,synthetic_fabricated_from_policy_context,NERC publications; media reports
2024-02-01,AEDC,B,industrial,148.77,653.85,0.1144,synthetic_fabricated_from_policy_context,NERC publications; media reports
2024-02-01,AEDC,C,residential,103.49,397.77,0.0796,synthetic_fabricated_from_policy_context,NERC publications; media reports
2024-02-01,AEDC,C,commercial,113.84,468.51,0.0876,synthetic_fabricated_from_policy_context,NERC publications; media reports
2024-02-01,AEDC,C,industrial,119.01,529.72,0.0915,synthetic_fabricated_from_policy_context,NERC publications; media reports
2024-02-01,AEDC,D,residential,84.09,336.86,0.0647,synthetic_fabricated_from_policy_context,NERC publications; media reports
2024-02-01,AEDC,D,commercial,92.49,367.85,0.0711,synthetic_fabricated_from_policy_context,NERC publications; media reports
2024-02-01,AEDC,D,industrial,96.7,507.72,0.0744,synthetic_fabricated_from_policy_context,NERC publications; media reports
2024-02-01,AEDC,E,residential,64.68,339.08,0.0498,synthetic_fabricated_from_policy_context,NERC publications; media reports
2024-02-01,AEDC,E,commercial,71.15,364.19,0.0547,synthetic_fabricated_from_policy_context,NERC publications; media reports
2024-02-01,AEDC,E,industrial,74.38,380.73,0.0572,synthetic_fabricated_from_policy_context,NERC publications; media reports
2024-02-01,AEDC,Premium,residential,258.72,1393.61,0.199,synthetic_fabricated_from_policy_context,NERC publications; media reports
2024-02-01,AEDC,Premium,commercial,284.6,1138.78,0.2189,synthetic_fabricated_from_policy_context,NERC publications; media reports
2024-02-01,AEDC,Premium,industrial,297.53,1247.58,0.2289,synthetic_fabricated_from_policy_context,NERC publications; media reports
2024-02-01,BEDC,A,residential,174.04,717.77,0.1339,synthetic_fabricated_from_policy_context,NERC publications; media reports
2024-02-01,BEDC,A,commercial,191.44,865.74,0.1473,synthetic_fabricated_from_policy_context,NERC publications; media reports
2024-02-01,BEDC,A,industrial,200.14,891.25,0.154,synthetic_fabricated_from_policy_context,NERC publications; media reports
2024-02-01,BEDC,B,residential,139.23,481.14,0.1071,synthetic_fabricated_from_policy_context,NERC publications; media reports
2024-02-01,BEDC,B,commercial,153.15,717.46,0.1178,synthetic_fabricated_from_policy_context,NERC publications; media reports
2024-02-01,BEDC,B,industrial,160.12,743.7,0.1232,synthetic_fabricated_from_policy_context,NERC publications; media reports
2024-02-01,BEDC,C,residential,111.39,411.43,0.0857,synthetic_fabricated_from_policy_context,NERC publications; media reports
2024-02-01,BEDC,C,commercial,122.52,562.74,0.0942,synthetic_fabricated_from_policy_context,NERC publications; media reports
2024-02-01,BEDC,C,industrial,128.09,620.07,0.0985,synthetic_fabricated_from_policy_context,NERC publications; media reports
2024-02-01,BEDC,D,residential,90.5,341.16,0.0696,synthetic_fabricated_from_policy_context,NERC publications; media reports
2024-02-01,BEDC,D,commercial,99.55,359.89,0.0766,synthetic_fabricated_from_policy_context,NERC publications; media reports
2024-02-01,BEDC,D,industrial,104.08,476.85,0.0801,synthetic_fabricated_from_policy_context,NERC publications; media reports
2024-02-01,BEDC,E,residential,69.62,298.49,0.0536,synthetic_fabricated_from_policy_context,NERC publications; media reports
2024-02-01,BEDC,E,commercial,76.58,327.56,0.0589,synthetic_fabricated_from_policy_context,NERC publications; media reports
2024-02-01,BEDC,E,industrial,80.06,407.57,0.0616,synthetic_fabricated_from_policy_context,NERC publications; media reports
2024-02-01,BEDC,Premium,residential,278.46,1070.11,0.2142,synthetic_fabricated_from_policy_context,NERC publications; media reports
2024-02-01,BEDC,Premium,commercial,306.31,1154.36,0.2356,synthetic_fabricated_from_policy_context,NERC publications; media reports
2024-02-01,BEDC,Premium,industrial,320.23,1540.49,0.2463,synthetic_fabricated_from_policy_context,NERC publications; media reports
2024-02-01,EEDC,A,residential,159.65,724.98,0.1228,synthetic_fabricated_from_policy_context,NERC publications; media reports
2024-02-01,EEDC,A,commercial,175.62,855.45,0.1351,synthetic_fabricated_from_policy_context,NERC publications; media reports
2024-02-01,EEDC,A,industrial,183.6,742.78,0.1412,synthetic_fabricated_from_policy_context,NERC publications; media reports
2024-02-01,EEDC,B,residential,127.72,630.61,0.0982,synthetic_fabricated_from_policy_context,NERC publications; media reports
2024-02-01,EEDC,B,commercial,140.49,743.16,0.1081,synthetic_fabricated_from_policy_context,NERC publications; media reports
2024-02-01,EEDC,B,industrial,146.88,586.27,0.113,synthetic_fabricated_from_policy_context,NERC publications; media reports
2024-02-01,EEDC,C,residential,102.18,566.36,0.0786,synthetic_fabricated_from_policy_context,NERC publications; media reports
2024-02-01,EEDC,C,commercial,112.39,454.93,0.0865,synthetic_fabricated_from_policy_context,NERC publications; media reports
2024-02-01,EEDC,C,industrial,117.5,493.15,0.0904,synthetic_fabricated_from_policy_context,NERC publications; media reports
2024-02-01,EEDC,D,residential,83.02,333.63,0.0639,synthetic_fabricated_from_policy_context,NERC publications; media reports
2024-02-01,EEDC,D,commercial,91.32,477.81,0.0702,synthetic_fabricated_from_policy_context,NERC publications; media reports
2024-02-01,EEDC,D,industrial,95.47,510.09,0.0734,synthetic_fabricated_from_policy_context,NERC publications; media reports
2024-02-01,EEDC,E,residential,63.86,270.42,0.0491,synthetic_fabricated_from_policy_context,NERC publications; media reports
2024-02-01,EEDC,E,commercial,70.25,335.9,0.054,synthetic_fabricated_from_policy_context,NERC publications; media reports
2024-02-01,EEDC,E,industrial,73.44,340.84,0.0565,synthetic_fabricated_from_policy_context,NERC publications; media reports
2024-02-01,EEDC,Premium,residential,255.44,1312.5,0.1965,synthetic_fabricated_from_policy_context,NERC publications; media reports
2024-02-01,EEDC,Premium,commercial,280.99,1315.21,0.2161,synthetic_fabricated_from_policy_context,NERC publications; media reports
2024-02-01,EEDC,Premium,industrial,293.76,1241.83,0.226,synthetic_fabricated_from_policy_context,NERC publications; media reports
2024-02-01,EKEDC,A,residential,177.98,884.45,0.1369,synthetic_fabricated_from_policy_context,NERC publications; media reports
2024-02-01,EKEDC,A,commercial,195.78,879.62,0.1506,synthetic_fabricated_from_policy_context,NERC publications; media reports
2024-02-01,EKEDC,A,industrial,204.68,868.84,0.1574,synthetic_fabricated_from_policy_context,NERC publications; media reports
2024-02-01,EKEDC,B,residential,142.38,660.47,0.1095,synthetic_fabricated_from_policy_context,NERC publications; media reports
2024-02-01,EKEDC,B,commercial,156.62,782.15,0.1205,synthetic_fabricated_from_policy_context,NERC publications; media reports
2024-02-01,EKEDC,B,industrial,163.74,782.81,0.126,synthetic_fabricated_from_policy_context,NERC publications; media reports
2024-02-01,EKEDC,C,residential,113.91,540.92,0.0876,synthetic_fabricated_from_policy_context,NERC publications; media reports
2024-02-01,EKEDC,C,commercial,125.3,516.27,0.0964,synthetic_fabricated_from_policy_context,NERC publications; media reports
2024-02-01,EKEDC,C,industrial,130.99,478.64,0.1008,synthetic_fabricated_from_policy_context,NERC publications; media reports
2024-02-01,EKEDC,D,residential,92.55,321.8,0.0712,synthetic_fabricated_from_policy_context,NERC publications; media reports
2024-02-01,EKEDC,D,commercial,101.8,476.04,0.0783,synthetic_fabricated_from_policy_context,NERC publications; media reports
2024-02-01,EKEDC,D,industrial,106.43,416.16,0.0819,synthetic_fabricated_from_policy_context,NERC publications; media reports
2024-02-01,EKEDC,E,residential,71.19,283.16,0.0548,synthetic_fabricated_from_policy_context,NERC publications; media reports
2024-02-01,EKEDC,E,commercial,78.31,291.89,0.0602,synthetic_fabricated_from_policy_context,NERC publications; media reports
2024-02-01,EKEDC,E,industrial,81.87,283.93,0.063,synthetic_fabricated_from_policy_context,NERC publications; media reports
2024-02-01,EKEDC,Premium,residential,284.77,1145.78,0.2191,synthetic_fabricated_from_policy_context,NERC publications; media reports
2024-02-01,EKEDC,Premium,commercial,313.24,1372.01,0.241,synthetic_fabricated_from_policy_context,NERC publications; media reports
2024-02-01,EKEDC,Premium,industrial,327.48,1378.34,0.2519,synthetic_fabricated_from_policy_context,NERC publications; media reports
2024-02-01,IBEDC,A,residential,177.54,763.21,0.1366,synthetic_fabricated_from_policy_context,NERC publications; media reports
2024-02-01,IBEDC,A,commercial,195.3,940.29,0.1502,synthetic_fabricated_from_policy_context,NERC publications; media reports
2024-02-01,IBEDC,A,industrial,204.17,720.14,0.1571,synthetic_fabricated_from_policy_context,NERC publications; media reports
2024-02-01,IBEDC,B,residential,142.03,668.3,0.1093,synthetic_fabricated_from_policy_context,NERC publications; media reports
2024-02-01,IBEDC,B,commercial,156.24,711.47,0.1202,synthetic_fabricated_from_policy_context,NERC publications; media reports
2024-02-01,IBEDC,B,industrial,163.34,568.47,0.1256,synthetic_fabricated_from_policy_context,NERC publications; media reports
2024-02-01,IBEDC,C,residential,113.63,533.42,0.0874,synthetic_fabricated_from_policy_context,NERC publications; media reports
2024-02-01,IBEDC,C,commercial,124.99,598.23,0.0961,synthetic_fabricated_from_policy_context,NERC publications; media reports
2024-02-01,IBEDC,C,industrial,130.67,535.42,0.1005,synthetic_fabricated_from_policy_context,NERC publications; media reports
2024-02-01,IBEDC,D,residential,92.32,431.98,0.071,synthetic_fabricated_from_policy_context,NERC publications; media reports
2024-02-01,IBEDC,D,commercial,101.55,388.06,0.0781,synthetic_fabricated_from_policy_context,NERC publications; media reports
2024-02-01,IBEDC,D,industrial,106.17,440.38,0.0817,synthetic_fabricated_from_policy_context,NERC publications; media reports
2024-02-01,IBEDC,E,residential,71.02,293.91,0.0546,synthetic_fabricated_from_policy_context,NERC publications; media reports
2024-02-01,IBEDC,E,commercial,78.12,369.72,0.0601,synthetic_fabricated_from_policy_context,NERC publications; media reports
2024-02-01,IBEDC,E,industrial,81.67,381.26,0.0628,synthetic_fabricated_from_policy_context,NERC publications; media reports
2024-02-01,IBEDC,Premium,residential,284.07,1029.02,0.2185,synthetic_fabricated_from_policy_context,NERC publications; media reports
2024-02-01,IBEDC,Premium,commercial,312.47,1523.09,0.2404,synthetic_fabricated_from_policy_context,NERC publications; media reports
2024-02-01,IBEDC,Premium,industrial,326.68,1385.3,0.2513,synthetic_fabricated_from_policy_context,NERC publications; media reports
2024-02-01,IKEDC,A,residential,181.24,864.15,0.1394,synthetic_fabricated_from_policy_context,NERC publications; media reports
2024-02-01,IKEDC,A,commercial,199.37,893.41,0.1534,synthetic_fabricated_from_policy_context,NERC publications; media reports
2024-02-01,IKEDC,A,industrial,208.43,984.6,0.1603,synthetic_fabricated_from_policy_context,NERC publications; media reports
2024-02-01,IKEDC,B,residential,144.99,523.41,0.1115,synthetic_fabricated_from_policy_context,NERC publications; media reports
2024-02-01,IKEDC,B,commercial,159.49,777.07,0.1227,synthetic_fabricated_from_policy_context,NERC publications; media reports
2024-02-01,IKEDC,B,industrial,166.74,735.21,0.1283,synthetic_fabricated_from_policy_context,NERC publications; media reports
2024-02-01,IKEDC,C,residential,116.0,396.03,0.0892,synthetic_fabricated_from_policy_context,NERC publications; media reports
2024-02-01,IKEDC,C,commercial,127.6,620.63,0.0982,synthetic_fabricated_from_policy_context,NERC publications; media reports
2024-02-01,IKEDC,C,industrial,133.4,520.82,0.1026,synthetic_fabricated_from_policy_context,NERC publications; media reports
2024-02-01,IKEDC,D,residential,94.25,315.69,0.0725,synthetic_fabricated_from_policy_context,NERC publications; media reports
2024-02-01,IKEDC,D,commercial,103.67,456.56,0.0797,synthetic_fabricated_from_policy_context,NERC publications; media reports
2024-02-01,IKEDC,D,industrial,108.38,492.96,0.0834,synthetic_fabricated_from_policy_context,NERC publications; media reports
2024-02-01,IKEDC,E,residential,72.5,277.02,0.0558,synthetic_fabricated_from_policy_context,NERC publications; media reports
2024-02-01,IKEDC,E,commercial,79.75,377.79,0.0613,synthetic_fabricated_from_policy_context,NERC publications; media reports
2024-02-01,IKEDC,E,industrial,83.37,357.69,0.0641,synthetic_fabricated_from_policy_context,NERC publications; media reports
2024-02-01,IKEDC,Premium,residential,289.99,1079.73,0.2231,synthetic_fabricated_from_policy_context,NERC publications; media reports
2024-02-01,IKEDC,Premium,commercial,318.99,1245.28,0.2454,synthetic_fabricated_from_policy_context,NERC publications; media reports
2024-02-01,IKEDC,Premium,industrial,333.49,1580.43,0.2565,synthetic_fabricated_from_policy_context,NERC publications; media reports
2024-02-01,JED,A,residential,170.06,633.46,0.1308,synthetic_fabricated_from_policy_context,NERC publications; media reports
2024-02-01,JED,A,commercial,187.06,694.74,0.1439,synthetic_fabricated_from_policy_context,NERC publications; media reports
2024-02-01,JED,A,industrial,195.56,1000.89,0.1504,synthetic_fabricated_from_policy_context,NERC publications; media reports
2024-02-01,JED,B,residential,136.04,656.78,0.1046,synthetic_fabricated_from_policy_context,NERC publications; media reports
2024-02-01,JED,B,commercial,149.65,789.27,0.1151,synthetic_fabricated_from_policy_context,NERC publications; media reports
2024-02-01,JED,B,industrial,156.45,588.07,0.1203,synthetic_fabricated_from_policy_context,NERC publications; media reports
2024-02-01,JED,C,residential,108.84,514.95,0.0837,synthetic_fabricated_from_policy_context,NERC publications; media reports
2024-02-01,JED,C,commercial,119.72,602.67,0.0921,synthetic_fabricated_from_policy_context,NERC publications; media reports
2024-02-01,JED,C,industrial,125.16,504.58,0.0963,synthetic_fabricated_from_policy_context,NERC publications; media reports
2024-02-01,JED,D,residential,88.43,420.54,0.068,synthetic_fabricated_from_policy_context,NERC publications; media reports
2024-02-01,JED,D,commercial,97.27,424.07,0.0748,synthetic_fabricated_from_policy_context,NERC publications; media reports
2024-02-01,JED,D,industrial,101.69,504.52,0.0782,synthetic_fabricated_from_policy_context,NERC publications; media reports
2024-02-01,JED,E,residential,68.02,358.6,0.0523,synthetic_fabricated_from_policy_context,NERC publications; media reports
2024-02-01,JED,E,commercial,74.82,277.14,0.0576,synthetic_fabricated_from_policy_context,NERC publications; media reports
2024-02-01,JED,E,industrial,78.23,370.05,0.0602,synthetic_fabricated_from_policy_context,NERC publications; media reports
2024-02-01,JED,Premium,residential,272.09,1005.11,0.2093,synthetic_fabricated_from_policy_context,NERC publications; media reports
2024-02-01,JED,Premium,commercial,299.3,1247.33,0.2302,synthetic_fabricated_from_policy_context,NERC publications; media reports
2024-02-01,JED,Premium,industrial,312.9,1540.36,0.2407,synthetic_fabricated_from_policy_context,NERC publications; media reports
2024-02-01,KAEDCO,A,residential,174.19,745.72,0.134,synthetic_fabricated_from_policy_context,NERC publications; media reports
2024-02-01,KAEDCO,A,commercial,191.61,829.48,0.1474,synthetic_fabricated_from_policy_context,NERC publications; media reports
2024-02-01,KAEDCO,A,industrial,200.32,914.76,0.1541,synthetic_fabricated_from_policy_context,NERC publications; media reports
2024-02-01,KAEDCO,B,residential,139.35,488.67,0.1072,synthetic_fabricated_from_policy_context,NERC publications; media reports
2024-02-01,KAEDCO,B,commercial,153.28,743.49,0.1179,synthetic_fabricated_from_policy_context,NERC publications; media reports
2024-02-01,KAEDCO,B,industrial,160.25,806.83,0.1233,synthetic_fabricated_from_policy_context,NERC publications; media reports
2024-02-01,KAEDCO,C,residential,111.48,525.7,0.0858,synthetic_fabricated_from_policy_context,NERC publications; media reports
2024-02-01,KAEDCO,C,commercial,122.63,444.13,0.0943,synthetic_fabricated_from_policy_context,NERC publications; media reports
2024-02-01,KAEDCO,C,industrial,128.2,597.14,0.0986,synthetic_fabricated_from_policy_context,NERC publications; media reports
2024-02-01,KAEDCO,D,residential,90.58,384.43,0.0697,synthetic_fabricated_from_policy_context,NERC publications; media reports
2024-02-01,KAEDCO,D,commercial,99.64,477.33,0.0766,synthetic_fabricated_from_policy_context,NERC publications; media reports
2024-02-01,KAEDCO,D,industrial,104.16,447.32,0.0801,synthetic_fabricated_from_policy_context,NERC publications; media reports
2024-02-01,KAEDCO,E,residential,69.67,284.74,0.0536,synthetic_fabricated_from_policy_context,NERC publications; media reports
2024-02-01,KAEDCO,E,commercial,76.64,357.86,0.059,synthetic_fabricated_from_policy_context,NERC publications; media reports
2024-02-01,KAEDCO,E,industrial,80.13,310.2,0.0616,synthetic_fabricated_from_policy_context,NERC publications; media reports
2024-02-01,KAEDCO,Premium,residential,278.7,1182.28,0.2144,synthetic_fabricated_from_policy_context,NERC publications; media reports
2024-02-01,KAEDCO,Premium,commercial,306.57,1440.27,0.2358,synthetic_fabricated_from_policy_context,NERC publications; media reports
2024-02-01,KAEDCO,Premium,industrial,320.5,1304.14,0.2465,synthetic_fabricated_from_policy_context,NERC publications; media reports
2024-02-01,KEDCO,A,residential,157.37,675.49,0.1211,synthetic_fabricated_from_policy_context,NERC publications; media reports
2024-02-01,KEDCO,A,commercial,173.11,898.24,0.1332,synthetic_fabricated_from_policy_context,NERC publications; media reports
2024-02-01,KEDCO,A,industrial,180.97,809.6,0.1392,synthetic_fabricated_from_policy_context,NERC publications; media reports
2024-02-01,KEDCO,B,residential,125.9,581.15,0.0968,synthetic_fabricated_from_policy_context,NERC publications; media reports
2024-02-01,KEDCO,B,commercial,138.49,564.34,0.1065,synthetic_fabricated_from_policy_context,NERC publications; media reports
2024-02-01,KEDCO,B,industrial,144.78,562.24,0.1114,synthetic_fabricated_from_policy_context,NERC publications; media reports
2024-02-01,KEDCO,C,residential,100.72,388.73,0.0775,synthetic_fabricated_from_policy_context,NERC publications; media reports
2024-02-01,KEDCO,C,commercial,110.79,514.99,0.0852,synthetic_fabricated_from_policy_context,NERC publications; media reports
2024-02-01,KEDCO,C,industrial,115.82,519.21,0.0891,synthetic_fabricated_from_policy_context,NERC publications; media reports
2024-02-01,KEDCO,D,residential,81.83,466.6,0.0629,synthetic_fabricated_from_policy_context,NERC publications; media reports
2024-02-01,KEDCO,D,commercial,90.02,393.91,0.0692,synthetic_fabricated_from_policy_context,NERC publications; media reports
2024-02-01,KEDCO,D,industrial,94.11,373.83,0.0724,synthetic_fabricated_from_policy_context,NERC publications; media reports
2024-02-01,KEDCO,E,residential,62.95,292.54,0.0484,synthetic_fabricated_from_policy_context,NERC publications; media reports
2024-02-01,KEDCO,E,commercial,69.24,288.65,0.0533,synthetic_fabricated_from_policy_context,NERC publications; media reports
2024-02-01,KEDCO,E,industrial,72.39,342.1,0.0557,synthetic_fabricated_from_policy_context,NERC publications; media reports
2024-02-01,KEDCO,Premium,residential,251.79,1144.74,0.1937,synthetic_fabricated_from_policy_context,NERC publications; media reports
2024-02-01,KEDCO,Premium,commercial,276.97,1554.09,0.2131,synthetic_fabricated_from_policy_context,NERC publications; media reports
2024-02-01,KEDCO,Premium,industrial,289.56,1581.99,0.2227,synthetic_fabricated_from_policy_context,NERC publications; media reports
2024-02-01,PHED,A,residential,166.23,731.6,0.1279,synthetic_fabricated_from_policy_context,NERC publications; media reports
2024-02-01,PHED,A,commercial,182.85,988.66,0.1407,synthetic_fabricated_from_policy_context,NERC publications; media reports
2024-02-01,PHED,A,industrial,191.16,699.04,0.147,synthetic_fabricated_from_policy_context,NERC publications; media reports
2024-02-01,PHED,B,residential,132.98,611.96,0.1023,synthetic_fabricated_from_policy_context,NERC publications; media reports
2024-02-01,PHED,B,commercial,146.28,717.23,0.1125,synthetic_fabricated_from_policy_context,NERC publications; media reports
2024-02-01,PHED,B,industrial,152.93,569.92,0.1176,synthetic_fabricated_from_policy_context,NERC publications; media reports
2024-02-01,PHED,C,residential,106.38,474.8,0.0818,synthetic_fabricated_from_policy_context,NERC publications; media reports
2024-02-01,PHED,C,commercial,117.02,511.09,0.09,synthetic_fabricated_from_policy_context,NERC publications; media reports
2024-02-01,PHED,C,industrial,122.34,583.74,0.0941,synthetic_fabricated_from_policy_context,NERC publications; media reports
2024-02-01,PHED,D,residential,86.44,372.1,0.0665,synthetic_fabricated_from_policy_context,NERC publications; media reports
2024-02-01,PHED,D,commercial,95.08,496.27,0.0731,synthetic_fabricated_from_policy_context,NERC publications; media reports
2024-02-01,PHED,D,industrial,99.4,367.22,0.0765,synthetic_fabricated_from_policy_context,NERC publications; media reports
2024-02-01,PHED,E,residential,66.49,349.63,0.0511,synthetic_fabricated_from_policy_context,NERC publications; media reports
2024-02-01,PHED,E,commercial,73.14,340.71,0.0563,synthetic_fabricated_from_policy_context,NERC publications; media reports
2024-02-01,PHED,E,industrial,76.46,339.83,0.0588,synthetic_fabricated_from_policy_context,NERC publications; media reports
2024-02-01,PHED,Premium,residential,265.96,1221.88,0.2046,synthetic_fabricated_from_policy_context,NERC publications; media reports
2024-02-01,PHED,Premium,commercial,292.56,1341.42,0.225,synthetic_fabricated_from_policy_context,NERC publications; media reports
2024-02-01,PHED,Premium,industrial,305.86,1107.11,0.2353,synthetic_fabricated_from_policy_context,NERC publications; media reports
2024-02-01,YEDC,A,residential,184.25,897.5,0.1417,synthetic_fabricated_from_policy_context,NERC publications; media reports
2024-02-01,YEDC,A,commercial,202.68,949.56,0.1559,synthetic_fabricated_from_policy_context,NERC publications; media reports
2024-02-01,YEDC,A,industrial,211.89,1020.28,0.163,synthetic_fabricated_from_policy_context,NERC publications; media reports
2024-02-01,YEDC,B,residential,147.4,509.33,0.1134,synthetic_fabricated_from_policy_context,NERC publications; media reports
2024-02-01,YEDC,B,commercial,162.14,631.32,0.1247,synthetic_fabricated_from_policy_context,NERC publications; media reports
2024-02-01,YEDC,B,industrial,169.51,780.13,0.1304,synthetic_fabricated_from_policy_context,NERC publications; media reports
2024-02-01,YEDC,C,residential,117.92,426.63,0.0907,synthetic_fabricated_from_policy_context,NERC publications; media reports
2024-02-01,YEDC,C,commercial,129.71,549.29,0.0998,synthetic_fabricated_from_policy_context,NERC publications; media reports
2024-02-01,YEDC,C,industrial,135.61,606.71,0.1043,synthetic_fabricated_from_policy_context,NERC publications; media reports
2024-02-01,YEDC,D,residential,95.81,389.32,0.0737,synthetic_fabricated_from_policy_context,NERC publications; media reports
2024-02-01,YEDC,D,commercial,105.39,390.63,0.0811,synthetic_fabricated_from_policy_context,NERC publications; media reports
2024-02-01,YEDC,D,industrial,110.18,415.07,0.0848,synthetic_fabricated_from_policy_context,NERC publications; media reports
2024-02-01,YEDC,E,residential,73.7,294.33,0.0567,synthetic_fabricated_from_policy_context,NERC publications; media reports
2024-02-01,YEDC,E,commercial,81.07,353.98,0.0624,synthetic_fabricated_from_policy_context,NERC publications; media reports
2024-02-01,YEDC,E,industrial,84.76,322.71,0.0652,synthetic_fabricated_from_policy_context,NERC publications; media reports
2024-02-01,YEDC,Premium,residential,294.8,1302.19,0.2268,synthetic_fabricated_from_policy_context,NERC publications; media reports
2024-02-01,YEDC,Premium,commercial,324.28,1275.11,0.2494,synthetic_fabricated_from_policy_context,NERC publications; media reports
2024-02-01,YEDC,Premium,industrial,339.02,1411.29,0.2608,synthetic_fabricated_from_policy_context,NERC publications; media reports
2024-03-01,AEDC,A,residential,174.1,795.77,0.1339,synthetic_fabricated_from_policy_context,NERC publications; media reports
2024-03-01,AEDC,A,commercial,191.51,717.41,0.1473,synthetic_fabricated_from_policy_context,NERC publications; media reports
2024-03-01,AEDC,A,industrial,200.22,882.69,0.154,synthetic_fabricated_from_policy_context,NERC publications; media reports
2024-03-01,AEDC,B,residential,139.28,661.69,0.1071,synthetic_fabricated_from_policy_context,NERC publications; media reports
2024-03-01,AEDC,B,commercial,153.21,755.18,0.1179,synthetic_fabricated_from_policy_context,NERC publications; media reports
2024-03-01,AEDC,B,industrial,160.17,821.27,0.1232,synthetic_fabricated_from_policy_context,NERC publications; media reports
2024-03-01,AEDC,C,residential,111.42,473.05,0.0857,synthetic_fabricated_from_policy_context,NERC publications; media reports
2024-03-01,AEDC,C,commercial,122.57,602.39,0.0943,synthetic_fabricated_from_policy_context,NERC publications; media reports
2024-03-01,AEDC,C,industrial,128.14,577.32,0.0986,synthetic_fabricated_from_policy_context,NERC publications; media reports
2024-03-01,AEDC,D,residential,90.53,322.53,0.0696,synthetic_fabricated_from_policy_context,NERC publications; media reports
2024-03-01,AEDC,D,commercial,99.59,506.93,0.0766,synthetic_fabricated_from_policy_context,NERC publications; media reports
2024-03-01,AEDC,D,industrial,104.11,478.15,0.0801,synthetic_fabricated_from_policy_context,NERC publications; media reports
2024-03-01,AEDC,E,residential,69.64,279.39,0.0536,synthetic_fabricated_from_policy_context,NERC publications; media reports
2024-03-01,AEDC,E,commercial,76.6,354.09,0.0589,synthetic_fabricated_from_policy_context,NERC publications; media reports
2024-03-01,AEDC,E,industrial,80.09,324.06,0.0616,synthetic_fabricated_from_policy_context,NERC publications; media reports
2024-03-01,AEDC,Premium,residential,278.56,1392.07,0.2143,synthetic_fabricated_from_policy_context,NERC publications; media reports
2024-03-01,AEDC,Premium,commercial,306.42,1395.36,0.2357,synthetic_fabricated_from_policy_context,NERC publications; media reports
2024-03-01,AEDC,Premium,industrial,320.35,1261.51,0.2464,synthetic_fabricated_from_policy_context,NERC publications; media reports
2024-03-01,BEDC,A,residential,156.77,688.45,0.1206,synthetic_fabricated_from_policy_context,NERC publications; media reports
2024-03-01,BEDC,A,commercial,172.45,921.72,0.1327,synthetic_fabricated_from_policy_context,NERC publications; media reports
2024-03-01,BEDC,A,industrial,180.29,924.54,0.1387,synthetic_fabricated_from_policy_context,NERC publications; media reports
2024-03-01,BEDC,B,residential,125.42,625.6,0.0965,synthetic_fabricated_from_policy_context,NERC publications; media reports
2024-03-01,BEDC,B,commercial,137.96,662.63,0.1061,synthetic_fabricated_from_policy_context,NERC publications; media reports
2024-03-01,BEDC,B,industrial,144.23,805.59,0.1109,synthetic_fabricated_from_policy_context,NERC publications; media reports
2024-03-01,BEDC,C,residential,100.33,427.22,0.0772,synthetic_fabricated_from_policy_context,NERC publications; media reports
2024-03-01,BEDC,C,commercial,110.37,564.21,0.0849,synthetic_fabricated_from_policy_context,NERC publications; media reports
2024-03-01,BEDC,C,industrial,115.38,581.35,0.0888,synthetic_fabricated_from_policy_context,NERC publications; media reports
2024-03-01,BEDC,D,residential,81.52,372.45,0.0627,synthetic_fabricated_from_policy_context,NERC publications; media reports
2024-03-01,BEDC,D,commercial,89.67,412.84,0.069,synthetic_fabricated_from_policy_context,NERC publications; media reports
2024-03-01,BEDC,D,industrial,93.75,384.69,0.0721,synthetic_fabricated_from_policy_context,NERC publications; media reports
2024-03-01,BEDC,E,residential,62.71,310.61,0.0482,synthetic_fabricated_from_policy_context,NERC publications; media reports
2024-03-01,BEDC,E,commercial,68.98,271.72,0.0531,synthetic_fabricated_from_policy_context,NERC publications; media reports
2024-03-01,BEDC,E,industrial,72.11,398.38,0.0555,synthetic_fabricated_from_policy_context,NERC publications; media reports
2024-03-01,BEDC,Premium,residential,250.83,1147.06,0.1929,synthetic_fabricated_from_policy_context,NERC publications; media reports
2024-03-01,BEDC,Premium,commercial,275.92,1213.4,0.2122,synthetic_fabricated_from_policy_context,NERC publications; media reports
2024-03-01,BEDC,Premium,industrial,288.46,1514.89,0.2219,synthetic_fabricated_from_policy_context,NERC publications; media reports
2024-03-01,EEDC,A,residential,192.01,890.65,0.1477,synthetic_fabricated_from_policy_context,NERC publications; media reports
2024-03-01,EEDC,A,commercial,211.21,780.06,0.1625,synthetic_fabricated_from_policy_context,NERC publications; media reports
2024-03-01,EEDC,A,industrial,220.81,905.75,0.1699,synthetic_fabricated_from_policy_context,NERC publications; media reports
2024-03-01,EEDC,B,residential,153.61,631.3,0.1182,synthetic_fabricated_from_policy_context,NERC publications; media reports
2024-03-01,EEDC,B,commercial,168.97,756.54,0.13,synthetic_fabricated_from_policy_context,NERC publications; media reports
2024-03-01,EEDC,B,industrial,176.65,554.55,0.1359,synthetic_fabricated_from_policy_context,NERC publications; media reports
2024-03-01,EEDC,C,residential,122.89,550.13,0.0945,synthetic_fabricated_from_policy_context,NERC publications; media reports
2024-03-01,EEDC,C,commercial,135.18,531.16,0.104,synthetic_fabricated_from_policy_context,NERC publications; media reports
2024-03-01,EEDC,C,industrial,141.32,497.44,0.1087,synthetic_fabricated_from_policy_context,NERC publications; media reports
2024-03-01,EEDC,D,residential,99.85,407.51,0.0768,synthetic_fabricated_from_policy_context,NERC publications; media reports
2024-03-01,EEDC,D,commercial,109.83,372.93,0.0845,synthetic_fabricated_from_policy_context,NERC publications; media reports
2024-03-01,EEDC,D,industrial,114.82,445.3,0.0883,synthetic_fabricated_from_policy_context,NERC publications; media reports
2024-03-01,EEDC,E,residential,76.8,247.19,0.0591,synthetic_fabricated_from_policy_context,NERC publications; media reports
2024-03-01,EEDC,E,commercial,84.48,363.45,0.065,synthetic_fabricated_from_policy_context,NERC publications; media reports
2024-03-01,EEDC,E,industrial,88.33,331.27,0.0679,synthetic_fabricated_from_policy_context,NERC publications; media reports
2024-03-01,EEDC,Premium,residential,307.22,1267.36,0.2363,synthetic_fabricated_from_policy_context,NERC publications; media reports
2024-03-01,EEDC,Premium,commercial,337.94,1438.69,0.26,synthetic_fabricated_from_policy_context,NERC publications; media reports
2024-03-01,EEDC,Premium,industrial,353.3,1645.03,0.2718,synthetic_fabricated_from_policy_context,NERC publications; media reports
2024-03-01,EKEDC,A,residential,181.18,882.28,0.1394,synthetic_fabricated_from_policy_context,NERC publications; media reports
2024-03-01,EKEDC,A,commercial,199.3,794.31,0.1533,synthetic_fabricated_from_policy_context,NERC publications; media reports
2024-03-01,EKEDC,A,industrial,208.36,751.28,0.1603,synthetic_fabricated_from_policy_context,NERC publications; media reports
2024-03-01,EKEDC,B,residential,144.94,537.74,0.1115,synthetic_fabricated_from_policy_context,NERC publications; media reports
2024-03-01,EKEDC,B,commercial,159.44,668.28,0.1226,synthetic_fabricated_from_policy_context,NERC publications; media reports
2024-03-01,EKEDC,B,industrial,166.68,721.51,0.1282,synthetic_fabricated_from_policy_context,NERC publications; media reports
2024-03-01,EKEDC,C,residential,115.95,553.19,0.0892,synthetic_fabricated_from_policy_context,NERC publications; media reports
2024-03-01,EKEDC,C,commercial,127.55,628.78,0.0981,synthetic_fabricated_from_policy_context,NERC publications; media reports
2024-03-01,EKEDC,C,industrial,133.35,524.43,0.1026,synthetic_fabricated_from_policy_context,NERC publications; media reports
2024-03-01,EKEDC,D,residential,94.21,438.97,0.0725,synthetic_fabricated_from_policy_context,NERC publications; media reports
2024-03-01,EKEDC,D,commercial,103.63,415.31,0.0797,synthetic_fabricated_from_policy_context,NERC publications; media reports
2024-03-01,EKEDC,D,industrial,108.34,463.94,0.0833,synthetic_fabricated_from_policy_context,NERC publications; media reports
2024-03-01,EKEDC,E,residential,72.47,298.3,0.0557,synthetic_fabricated_from_policy_context,NERC publications; media reports
2024-03-01,EKEDC,E,commercial,79.72,343.43,0.0613,synthetic_fabricated_from_policy_context,NERC publications; media reports
2024-03-01,EKEDC,E,industrial,83.34,384.86,0.0641,synthetic_fabricated_from_policy_context,NERC publications; media reports
2024-03-01,EKEDC,Premium,residential,289.89,1366.08,0.223,synthetic_fabricated_from_policy_context,NERC publications; media reports
2024-03-01,EKEDC,Premium,commercial,318.87,1081.96,0.2453,synthetic_fabricated_from_policy_context,NERC publications; media reports
2024-03-01,EKEDC,Premium,industrial,333.37,1407.22,0.2564,synthetic_fabricated_from_policy_context,NERC publications; media reports
2024-03-01,IBEDC,A,residential,183.07,706.6,0.1408,synthetic_fabricated_from_policy_context,NERC publications; media reports
2024-03-01,IBEDC,A,commercial,201.37,944.29,0.1549,synthetic_fabricated_from_policy_context,NERC publications; media reports
2024-03-01,IBEDC,A,industrial,210.53,918.07,0.1619,synthetic_fabricated_from_policy_context,NERC publications; media reports
2024-03-01,IBEDC,B,residential,146.45,529.28,0.1127,synthetic_fabricated_from_policy_context,NERC publications; media reports
2024-03-01,IBEDC,B,commercial,161.1,569.49,0.1239,synthetic_fabricated_from_policy_context,NERC publications; media reports
2024-03-01,IBEDC,B,industrial,168.42,614.18,0.1296,synthetic_fabricated_from_policy_context,NERC publications; media reports
2024-03-01,IBEDC,C,residential,117.16,530.25,0.0901,synthetic_fabricated_from_policy_context,NERC publications; media reports
2024-03-01,IBEDC,C,commercial,128.88,604.62,0.0991,synthetic_fabricated_from_policy_context,NERC publications; media reports
2024-03-01,IBEDC,C,industrial,134.74,613.19,0.1036,synthetic_fabricated_from_policy_context,NERC publications; media reports
2024-03-01,IBEDC,D,residential,95.2,451.71,0.0732,synthetic_fabricated_from_policy_context,NERC publications; media reports
2024-03-01,IBEDC,D,commercial,104.71,457.75,0.0805,synthetic_fabricated_from_policy_context,NERC publications; media reports
2024-03-01,IBEDC,D,industrial,109.47,510.65,0.0842,synthetic_fabricated_from_policy_context,NERC publications; media reports
2024-03-01,IBEDC,E,residential,73.23,325.2,0.0563,synthetic_fabricated_from_policy_context,NERC publications; media reports
2024-03-01,IBEDC,E,commercial,80.55,367.12,0.062,synthetic_fabricated_from_policy_context,NERC publications; media reports
2024-03-01,IBEDC,E,industrial,84.21,346.17,0.0648,synthetic_fabricated_from_policy_context,NERC publications; media reports
2024-03-01,IBEDC,Premium,residential,292.91,1156.09,0.2253,synthetic_fabricated_from_policy_context,NERC publications; media reports
2024-03-01,IBEDC,Premium,commercial,322.2,1571.6,0.2478,synthetic_fabricated_from_policy_context,NERC publications; media reports
2024-03-01,IBEDC,Premium,industrial,336.84,1570.08,0.2591,synthetic_fabricated_from_policy_context,NERC publications; media reports
2024-03-01,IKEDC,A,residential,174.1,891.14,0.1339,synthetic_fabricated_from_policy_context,NERC publications; media reports
2024-03-01,IKEDC,A,commercial,191.51,975.64,0.1473,synthetic_fabricated_from_policy_context,NERC publications; media reports
2024-03-01,IKEDC,A,industrial,200.22,926.31,0.154,synthetic_fabricated_from_policy_context,NERC publications; media reports
2024-03-01,IKEDC,B,residential,139.28,510.08,0.1071,synthetic_fabricated_from_policy_context,NERC publications; media reports
2024-03-01,IKEDC,B,commercial,153.21,564.58,0.1179,synthetic_fabricated_from_policy_context,NERC publications; media reports
2024-03-01,IKEDC,B,industrial,160.17,617.64,0.1232,synthetic_fabricated_from_policy_context,NERC publications; media reports
2024-03-01,IKEDC,C,residential,111.42,570.95,0.0857,synthetic_fabricated_from_policy_context,NERC publications; media reports
2024-03-01,IKEDC,C,commercial,122.57,547.72,0.0943,synthetic_fabricated_from_policy_context,NERC publications; media reports
2024-03-01,IKEDC,C,industrial,128.14,458.44,0.0986,synthetic_fabricated_from_policy_context,NERC publications; media reports
2024-03-01,IKEDC,D,residential,90.53,345.39,0.0696,synthetic_fabricated_from_policy_context,NERC publications; media reports
2024-03-01,IKEDC,D,commercial,99.59,366.93,0.0766,synthetic_fabricated_from_policy_context,NERC publications; media reports
2024-03-01,IKEDC,D,industrial,104.11,496.92,0.0801,synthetic_fabricated_from_policy_context,NERC publications; media reports
2024-03-01,IKEDC,E,residential,69.64,284.0,0.0536,synthetic_fabricated_from_policy_context,NERC publications; media reports
2024-03-01,IKEDC,E,commercial,76.6,340.16,0.0589,synthetic_fabricated_from_policy_context,NERC publications; media reports
2024-03-01,IKEDC,E,industrial,80.09,382.91,0.0616,synthetic_fabricated_from_policy_context,NERC publications; media reports
2024-03-01,IKEDC,Premium,residential,278.56,1061.54,0.2143,synthetic_fabricated_from_policy_context,NERC publications; media reports
2024-03-01,IKEDC,Premium,commercial,306.42,1398.99,0.2357,synthetic_fabricated_from_policy_context,NERC publications; media reports
2024-03-01,IKEDC,Premium,industrial,320.34,1472.03,0.2464,synthetic_fabricated_from_policy_context,NERC publications; media reports
2024-03-01,JED,A,residential,163.5,646.15,0.1258,synthetic_fabricated_from_policy_context,NERC publications; media reports
2024-03-01,JED,A,commercial,179.84,694.27,0.1383,synthetic_fabricated_from_policy_context,NERC publications; media reports
2024-03-01,JED,A,industrial,188.02,1022.96,0.1446,synthetic_fabricated_from_policy_context,NERC publications; media reports
2024-03-01,JED,B,residential,130.8,653.37,0.1006,synthetic_fabricated_from_policy_context,NERC publications; media reports
2024-03-01,JED,B,commercial,143.88,775.54,0.1107,synthetic_fabricated_from_policy_context,NERC publications; media reports
2024-03-01,JED,B,industrial,150.42,694.37,0.1157,synthetic_fabricated_from_policy_context,NERC publications; media reports
2024-03-01,JED,C,residential,104.64,395.22,0.0805,synthetic_fabricated_from_policy_context,NERC publications; media reports
2024-03-01,JED,C,commercial,115.1,582.43,0.0885,synthetic_fabricated_from_policy_context,NERC publications; media reports
2024-03-01,JED,C,industrial,120.33,628.15,0.0926,synthetic_fabricated_from_policy_context,NERC publications; media reports
2024-03-01,JED,D,residential,85.02,381.77,0.0654,synthetic_fabricated_from_policy_context,NERC publications; media reports
2024-03-01,JED,D,commercial,93.52,425.27,0.0719,synthetic_fabricated_from_policy_context,NERC publications; media reports
2024-03-01,JED,D,industrial,97.77,449.83,0.0752,synthetic_fabricated_from_policy_context,NERC publications; media reports
2024-03-01,JED,E,residential,65.4,245.28,0.0503,synthetic_fabricated_from_policy_context,NERC publications; media reports
2024-03-01,JED,E,commercial,71.94,343.14,0.0553,synthetic_fabricated_from_policy_context,NERC publications; media reports
2024-03-01,JED,E,industrial,75.21,360.4,0.0579,synthetic_fabricated_from_policy_context,NERC publications; media reports
2024-03-01,JED,Premium,residential,261.59,1423.43,0.2012,synthetic_fabricated_from_policy_context,NERC publications; media reports
2024-03-01,JED,Premium,commercial,287.75,1580.62,0.2213,synthetic_fabricated_from_policy_context,NERC publications; media reports
2024-03-01,JED,Premium,industrial,300.83,1516.71,0.2314,synthetic_fabricated_from_policy_context,NERC publications; media reports
2024-03-01,KAEDCO,A,residential,153.38,633.13,0.118,synthetic_fabricated_from_policy_context,NERC publications; media reports
2024-03-01,KAEDCO,A,commercial,168.72,676.56,0.1298,synthetic_fabricated_from_policy_context,NERC publications; media reports
2024-03-01,KAEDCO,A,industrial,176.38,744.97,0.1357,synthetic_fabricated_from_policy_context,NERC publications; media reports
2024-03-01,KAEDCO,B,residential,122.7,684.41,0.0944,synthetic_fabricated_from_policy_context,NERC publications; media reports
2024-03-01,KAEDCO,B,commercial,134.97,645.88,0.1038,synthetic_fabricated_from_policy_context,NERC publications; media reports
2024-03-01,KAEDCO,B,industrial,141.11,726.59,0.1085,synthetic_fabricated_from_policy_context,NERC publications; media reports
2024-03-01,KAEDCO,C,residential,98.16,474.57,0.0755,synthetic_fabricated_from_policy_context,NERC publications; media reports
2024-03-01,KAEDCO,C,commercial,107.98,605.89,0.0831,synthetic_fabricated_from_policy_context,NERC publications; media reports
2024-03-01,KAEDCO,C,industrial,112.89,471.8,0.0868,synthetic_fabricated_from_policy_context,NERC publications; media reports
2024-03-01,KAEDCO,D,residential,79.76,320.11,0.0614,synthetic_fabricated_from_policy_context,NERC publications; media reports
2024-03-01,KAEDCO,D,commercial,87.73,462.36,0.0675,synthetic_fabricated_from_policy_context,NERC publications; media reports
2024-03-01,KAEDCO,D,industrial,91.72,472.69,0.0706,synthetic_fabricated_from_policy_context,NERC publications; media reports
2024-03-01,KAEDCO,E,residential,61.35,265.83,0.0472,synthetic_fabricated_from_policy_context,NERC publications; media reports
2024-03-01,KAEDCO,E,commercial,67.49,358.27,0.0519,synthetic_fabricated_from_policy_context,NERC publications; media reports
2024-03-01,KAEDCO,E,industrial,70.55,316.75,0.0543,synthetic_fabricated_from_policy_context,NERC publications; media reports
2024-03-01,KAEDCO,Premium,residential,245.4,1199.2,0.1888,synthetic_fabricated_from_policy_context,NERC publications; media reports
2024-03-01,KAEDCO,Premium,commercial,269.94,1226.61,0.2076,synthetic_fabricated_from_policy_context,NERC publications; media reports
2024-03-01,KAEDCO,Premium,industrial,282.21,1292.26,0.2171,synthetic_fabricated_from_policy_context,NERC publications; media reports
2024-03-01,KEDCO,A,residential,159.55,750.59,0.1227,synthetic_fabricated_from_policy_context,NERC publications; media reports
2024-03-01,KEDCO,A,commercial,175.51,821.25,0.135,synthetic_fabricated_from_policy_context,NERC publications; media reports
2024-03-01,KEDCO,A,industrial,183.49,834.01,0.1411,synthetic_fabricated_from_policy_context,NERC publications; media reports
2024-03-01,KEDCO,B,residential,127.64,648.87,0.0982,synthetic_fabricated_from_policy_context,NERC publications; media reports
2024-03-01,KEDCO,B,commercial,140.41,605.66,0.108,synthetic_fabricated_from_policy_context,NERC publications; media reports
2024-03-01,KEDCO,B,industrial,146.79,564.07,0.1129,synthetic_fabricated_from_policy_context,NERC publications; media reports
2024-03-01,KEDCO,C,residential,102.11,388.71,0.0785,synthetic_fabricated_from_policy_context,NERC publications; media reports
2024-03-01,KEDCO,C,commercial,112.33,506.74,0.0864,synthetic_fabricated_from_policy_context,NERC publications; media reports
2024-03-01,KEDCO,C,industrial,117.43,601.99,0.0903,synthetic_fabricated_from_policy_context,NERC publications; media reports
2024-03-01,KEDCO,D,residential,82.97,454.83,0.0638,synthetic_fabricated_from_policy_context,NERC publications; media reports
2024-03-01,KEDCO,D,commercial,91.26,492.06,0.0702,synthetic_fabricated_from_policy_context,NERC publications; media reports
2024-03-01,KEDCO,D,industrial,95.41,413.85,0.0734,synthetic_fabricated_from_policy_context,NERC publications; media reports
2024-03-01,KEDCO,E,residential,63.82,315.27,0.0491,synthetic_fabricated_from_policy_context,NERC publications; media reports
2024-03-01,KEDCO,E,commercial,70.2,360.5,0.054,synthetic_fabricated_from_policy_context,NERC publications; media reports
2024-03-01,KEDCO,E,industrial,73.39,316.87,0.0565,synthetic_fabricated_from_policy_context,NERC publications; media reports
2024-03-01,KEDCO,Premium,residential,255.29,1328.62,0.1964,synthetic_fabricated_from_policy_context,NERC publications; media reports
2024-03-01,KEDCO,Premium,commercial,280.81,1291.94,0.216,synthetic_fabricated_from_policy_context,NERC publications; media reports
2024-03-01,KEDCO,Premium,industrial,293.58,1267.85,0.2258,synthetic_fabricated_from_policy_context,NERC publications; media reports
2024-03-01,PHED,A,residential,158.62,823.18,0.122,synthetic_fabricated_from_policy_context,NERC publications; media reports
2024-03-01,PHED,A,commercial,174.48,943.77,0.1342,synthetic_fabricated_from_policy_context,NERC publications; media reports
2024-03-01,PHED,A,industrial,182.41,750.99,0.1403,synthetic_fabricated_from_policy_context,NERC publications; media reports
2024-03-01,PHED,B,residential,126.89,646.36,0.0976,synthetic_fabricated_from_policy_context,NERC publications; media reports
2024-03-01,PHED,B,commercial,139.58,541.5,0.1074,synthetic_fabricated_from_policy_context,NERC publications; media reports
2024-03-01,PHED,B,industrial,145.93,700.7,0.1123,synthetic_fabricated_from_policy_context,NERC publications; media reports
2024-03-01,PHED,C,residential,101.52,459.06,0.0781,synthetic_fabricated_from_policy_context,NERC publications; media reports
2024-03-01,PHED,C,commercial,111.67,431.95,0.0859,synthetic_fabricated_from_policy_context,NERC publications; media reports
2024-03-01,PHED,C,industrial,116.74,592.68,0.0898,synthetic_fabricated_from_policy_context,NERC publications; media reports
2024-03-01,PHED,D,residential,82.48,391.87,0.0634,synthetic_fabricated_from_policy_context,NERC publications; media reports
2024-03-01,PHED,D,commercial,90.73,445.98,0.0698,synthetic_fabricated_from_policy_context,NERC publications; media reports
2024-03-01,PHED,D,industrial,94.85,361.41,0.073,synthetic_fabricated_from_policy_context,NERC publications; media reports
2024-03-01,PHED,E,residential,63.45,254.24,0.0488,synthetic_fabricated_from_policy_context,NERC publications; media reports
2024-03-01,PHED,E,commercial,69.79,366.24,0.0537,synthetic_fabricated_from_policy_context,NERC publications; media reports
2024-03-01,PHED,E,industrial,72.96,369.2,0.0561,synthetic_fabricated_from_policy_context,NERC publications; media reports
2024-03-01,PHED,Premium,residential,253.79,1123.7,0.1952,synthetic_fabricated_from_policy_context,NERC publications; media reports
2024-03-01,PHED,Premium,commercial,279.17,1222.09,0.2147,synthetic_fabricated_from_policy_context,NERC publications; media reports
2024-03-01,PHED,Premium,industrial,291.86,1547.31,0.2245,synthetic_fabricated_from_policy_context,NERC publications; media reports
2024-03-01,YEDC,A,residential,162.1,852.52,0.1247,synthetic_fabricated_from_policy_context,NERC publications; media reports
2024-03-01,YEDC,A,commercial,178.31,981.11,0.1372,synthetic_fabricated_from_policy_context,NERC publications; media reports
2024-03-01,YEDC,A,industrial,186.41,990.97,0.1434,synthetic_fabricated_from_policy_context,NERC publications; media reports
2024-03-01,YEDC,B,residential,129.68,530.63,0.0998,synthetic_fabricated_from_policy_context,NERC publications; media reports
2024-03-01,YEDC,B,commercial,142.64,618.2,0.1097,synthetic_fabricated_from_policy_context,NERC publications; media reports
2024-03-01,YEDC,B,industrial,149.13,680.51,0.1147,synthetic_fabricated_from_policy_context,NERC publications; media reports
2024-03-01,YEDC,C,residential,103.74,556.67,0.0798,synthetic_fabricated_from_policy_context,NERC publications; media reports
2024-03-01,YEDC,C,commercial,114.12,574.25,0.0878,synthetic_fabricated_from_policy_context,NERC publications; media reports
2024-03-01,YEDC,C,industrial,119.3,651.67,0.0918,synthetic_fabricated_from_policy_context,NERC publications; media reports
2024-03-01,YEDC,D,residential,84.29,366.92,0.0648,synthetic_fabricated_from_policy_context,NERC publications; media reports
2024-03-01,YEDC,D,commercial,92.72,500.33,0.0713,synthetic_fabricated_from_policy_context,NERC publications; media reports
2024-03-01,YEDC,D,industrial,96.93,492.26,0.0746,synthetic_fabricated_from_policy_context,NERC publications; media reports
2024-03-01,YEDC,E,residential,64.84,348.93,0.0499,synthetic_fabricated_from_policy_context,NERC publications; media reports
2024-03-01,YEDC,E,commercial,71.32,350.78,0.0549,synthetic_fabricated_from_policy_context,NERC publications; media reports
2024-03-01,YEDC,E,industrial,74.56,375.29,0.0574,synthetic_fabricated_from_policy_context,NERC publications; media reports
2024-03-01,YEDC,Premium,residential,259.35,1223.48,0.1995,synthetic_fabricated_from_policy_context,NERC publications; media reports
2024-03-01,YEDC,Premium,commercial,285.29,1533.61,0.2195,synthetic_fabricated_from_policy_context,NERC publications; media reports
2024-03-01,YEDC,Premium,industrial,298.26,1441.2,0.2294,synthetic_fabricated_from_policy_context,NERC publications; media reports
2024-04-01,AEDC,A,residential,166.92,757.86,0.1284,synthetic_fabricated_from_policy_context,NERC publications; media reports
2024-04-01,AEDC,A,commercial,183.61,975.4,0.1412,synthetic_fabricated_from_policy_context,NERC publications; media reports
2024-04-01,AEDC,A,industrial,191.96,931.04,0.1477,synthetic_fabricated_from_policy_context,NERC publications; media reports
2024-04-01,AEDC,B,residential,133.54,607.09,0.1027,synthetic_fabricated_from_policy_context,NERC publications; media reports
2024-04-01,AEDC,B,commercial,146.89,687.24,0.113,synthetic_fabricated_from_policy_context,NERC publications; media reports
2024-04-01,AEDC,B,industrial,153.57,594.1,0.1181,synthetic_fabricated_from_policy_context,NERC publications; media reports
2024-04-01,AEDC,C,residential,106.83,396.48,0.0822,synthetic_fabricated_from_policy_context,NERC publications; media reports
2024-04-01,AEDC,C,commercial,117.51,478.9,0.0904,synthetic_fabricated_from_policy_context,NERC publications; media reports
2024-04-01,AEDC,C,industrial,122.85,470.78,0.0945,synthetic_fabricated_from_policy_context,NERC publications; media reports
2024-04-01,AEDC,D,residential,86.8,358.41,0.0668,synthetic_fabricated_from_policy_context,NERC publications; media reports
2024-04-01,AEDC,D,commercial,95.48,488.86,0.0734,synthetic_fabricated_from_policy_context,NERC publications; media reports
2024-04-01,AEDC,D,industrial,99.82,417.41,0.0768,synthetic_fabricated_from_policy_context,NERC publications; media reports
2024-04-01,AEDC,E,residential,66.77,350.46,0.0514,synthetic_fabricated_from_policy_context,NERC publications; media reports
2024-04-01,AEDC,E,commercial,73.44,298.97,0.0565,synthetic_fabricated_from_policy_context,NERC publications; media reports
2024-04-01,AEDC,E,industrial,76.78,383.6,0.0591,synthetic_fabricated_from_policy_context,NERC publications; media reports
2024-04-01,AEDC,Premium,residential,267.07,1058.43,0.2054,synthetic_fabricated_from_policy_context,NERC publications; media reports
2024-04-01,AEDC,Premium,commercial,293.78,1130.46,0.226,synthetic_fabricated_from_policy_context,NERC publications; media reports
2024-04-01,AEDC,Premium,industrial,307.13,1267.49,0.2363,synthetic_fabricated_from_policy_context,NERC publications; media reports
2024-04-01,BEDC,A,residential,174.47,614.94,0.1342,synthetic_fabricated_from_policy_context,NERC publications; media reports
2024-04-01,BEDC,A,commercial,191.92,944.43,0.1476,synthetic_fabricated_from_policy_context,NERC publications; media reports
2024-04-01,BEDC,A,industrial,200.64,746.98,0.1543,synthetic_fabricated_from_policy_context,NERC publications; media reports
2024-04-01,BEDC,B,residential,139.58,607.62,0.1074,synthetic_fabricated_from_policy_context,NERC publications; media reports
2024-04-01,BEDC,B,commercial,153.53,709.86,0.1181,synthetic_fabricated_from_policy_context,NERC publications; media reports
2024-04-01,BEDC,B,industrial,160.51,807.36,0.1235,synthetic_fabricated_from_policy_context,NERC publications; media reports
2024-04-01,BEDC,C,residential,111.66,499.99,0.0859,synthetic_fabricated_from_policy_context,NERC publications; media reports
2024-04-01,BEDC,C,commercial,122.83,591.26,0.0945,synthetic_fabricated_from_policy_context,NERC publications; media reports
2024-04-01,BEDC,C,industrial,128.41,493.38,0.0988,synthetic_fabricated_from_policy_context,NERC publications; media reports
2024-04-01,BEDC,D,residential,90.72,358.48,0.0698,synthetic_fabricated_from_policy_context,NERC publications; media reports
2024-04-01,BEDC,D,commercial,99.8,381.96,0.0768,synthetic_fabricated_from_policy_context,NERC publications; media reports
2024-04-01,BEDC,D,industrial,104.33,504.68,0.0803,synthetic_fabricated_from_policy_context,NERC publications; media reports
2024-04-01,BEDC,E,residential,69.79,247.91,0.0537,synthetic_fabricated_from_policy_context,NERC publications; media reports
2024-04-01,BEDC,E,commercial,76.77,390.58,0.0591,synthetic_fabricated_from_policy_context,NERC publications; media reports
2024-04-01,BEDC,E,industrial,80.26,331.31,0.0617,synthetic_fabricated_from_policy_context,NERC publications; media reports
2024-04-01,BEDC,Premium,residential,279.15,1164.42,0.2147,synthetic_fabricated_from_policy_context,NERC publications; media reports
2024-04-01,BEDC,Premium,commercial,307.07,1132.08,0.2362,synthetic_fabricated_from_policy_context,NERC publications; media reports
2024-04-01,BEDC,Premium,industrial,321.02,1115.02,0.2469,synthetic_fabricated_from_policy_context,NERC publications; media reports
2024-04-01,EEDC,A,residential,194.18,617.67,0.1494,synthetic_fabricated_from_policy_context,NERC publications; media reports
2024-04-01,EEDC,A,commercial,213.59,757.3,0.1643,synthetic_fabricated_from_policy_context,NERC publications; media reports
2024-04-01,EEDC,A,industrial,223.3,876.34,0.1718,synthetic_fabricated_from_policy_context,NERC publications; media reports
2024-04-01,EEDC,B,residential,155.34,506.83,0.1195,synthetic_fabricated_from_policy_context,NERC publications; media reports
2024-04-01,EEDC,B,commercial,170.87,543.01,0.1314,synthetic_fabricated_from_policy_context,NERC publications; media reports
2024-04-01,EEDC,B,industrial,178.64,779.25,0.1374,synthetic_fabricated_from_policy_context,NERC publications; media reports
2024-04-01,EEDC,C,residential,124.27,425.15,0.0956,synthetic_fabricated_from_policy_context,NERC publications; media reports
2024-04-01,EEDC,C,commercial,136.7,535.7,0.1052,synthetic_fabricated_from_policy_context,NERC publications; media reports
2024-04-01,EEDC,C,industrial,142.91,459.0,0.1099,synthetic_fabricated_from_policy_context,NERC publications; media reports
2024-04-01,EEDC,D,residential,100.97,431.45,0.0777,synthetic_fabricated_from_policy_context,NERC publications; media reports
2024-04-01,EEDC,D,commercial,111.07,384.72,0.0854,synthetic_fabricated_from_policy_context,NERC publications; media reports
2024-04-01,EEDC,D,industrial,116.12,437.74,0.0893,synthetic_fabricated_from_policy_context,NERC publications; media reports
2024-04-01,EEDC,E,residential,77.67,319.78,0.0597,synthetic_fabricated_from_policy_context,NERC publications; media reports
2024-04-01,EEDC,E,commercial,85.44,393.58,0.0657,synthetic_fabricated_from_policy_context,NERC publications; media reports
2024-04-01,EEDC,E,industrial,89.32,320.89,0.0687,synthetic_fabricated_from_policy_context,NERC publications; media reports
2024-04-01,EEDC,Premium,residential,310.68,1071.83,0.239,synthetic_fabricated_from_policy_context,NERC publications; media reports
2024-04-01,EEDC,Premium,commercial,341.75,1158.54,0.2629,synthetic_fabricated_from_policy_context,NERC publications; media reports
2024-04-01,EEDC,Premium,industrial,357.28,1618.11,0.2748,synthetic_fabricated_from_policy_context,NERC publications; media reports
2024-04-01,EKEDC,A,residential,172.43,695.72,0.1326,synthetic_fabricated_from_policy_context,NERC publications; media reports
2024-04-01,EKEDC,A,commercial,189.67,730.26,0.1459,synthetic_fabricated_from_policy_context,NERC publications; media reports
2024-04-01,EKEDC,A,industrial,198.3,732.87,0.1525,synthetic_fabricated_from_policy_context,NERC publications; media reports
2024-04-01,EKEDC,B,residential,137.94,488.32,0.1061,synthetic_fabricated_from_policy_context,NERC publications; media reports
2024-04-01,EKEDC,B,commercial,151.74,727.54,0.1167,synthetic_fabricated_from_policy_context,NERC publications; media reports
2024-04-01,EKEDC,B,industrial,158.64,821.45,0.122,synthetic_fabricated_from_policy_context,NERC publications; media reports
2024-04-01,EKEDC,C,residential,110.36,510.94,0.0849,synthetic_fabricated_from_policy_context,NERC publications; media reports
2024-04-01,EKEDC,C,commercial,121.39,527.91,0.0934,synthetic_fabricated_from_policy_context,NERC publications; media reports
2024-04-01,EKEDC,C,industrial,126.91,623.34,0.0976,synthetic_fabricated_from_policy_context,NERC publications; media reports
2024-04-01,EKEDC,D,residential,89.66,344.09,0.069,synthetic_fabricated_from_policy_context,NERC publications; media reports
2024-04-01,EKEDC,D,commercial,98.63,344.79,0.0759,synthetic_fabricated_from_policy_context,NERC publications; media reports
2024-04-01,EKEDC,D,industrial,103.11,363.88,0.0793,synthetic_fabricated_from_policy_context,NERC publications; media reports
2024-04-01,EKEDC,E,residential,68.97,280.55,0.0531,synthetic_fabricated_from_policy_context,NERC publications; media reports
2024-04-01,EKEDC,E,commercial,75.87,315.02,0.0584,synthetic_fabricated_from_policy_context,NERC publications; media reports
2024-04-01,EKEDC,E,industrial,79.32,399.24,0.061,synthetic_fabricated_from_policy_context,NERC publications; media reports
2024-04-01,EKEDC,Premium,residential,275.89,1200.76,0.2122,synthetic_fabricated_from_policy_context,NERC publications; media reports
2024-04-01,EKEDC,Premium,commercial,303.48,1527.67,0.2334,synthetic_fabricated_from_policy_context,NERC publications; media reports
2024-04-01,EKEDC,Premium,industrial,317.27,1376.15,0.2441,synthetic_fabricated_from_policy_context,NERC publications; media reports
2024-04-01,IBEDC,A,residential,175.06,809.2,0.1347,synthetic_fabricated_from_policy_context,NERC publications; media reports
2024-04-01,IBEDC,A,commercial,192.56,863.46,0.1481,synthetic_fabricated_from_policy_context,NERC publications; media reports
2024-04-01,IBEDC,A,industrial,201.31,801.14,0.1549,synthetic_fabricated_from_policy_context,NERC publications; media reports
2024-04-01,IBEDC,B,residential,140.04,535.29,0.1077,synthetic_fabricated_from_policy_context,NERC publications; media reports
2024-04-01,IBEDC,B,commercial,154.05,718.49,0.1185,synthetic_fabricated_from_policy_context,NERC publications; media reports
2024-04-01,IBEDC,B,industrial,161.05,684.96,0.1239,synthetic_fabricated_from_policy_context,NERC publications; media reports
2024-04-01,IBEDC,C,residential,112.04,513.35,0.0862,synthetic_fabricated_from_policy_context,NERC publications; media reports
2024-04-01,IBEDC,C,commercial,123.24,438.61,0.0948,synthetic_fabricated_from_policy_context,NERC publications; media reports
2024-04-01,IBEDC,C,industrial,128.84,474.72,0.0991,synthetic_fabricated_from_policy_context,NERC publications; media reports
2024-04-01,IBEDC,D,residential,91.03,353.73,0.07,synthetic_fabricated_from_policy_context,NERC publications; media reports
2024-04-01,IBEDC,D,commercial,100.13,396.2,0.077,synthetic_fabricated_from_policy_context,NERC publications; media reports
2024-04-01,IBEDC,D,industrial,104.68,490.65,0.0805,synthetic_fabricated_from_policy_context,NERC publications; media reports
2024-04-01,IBEDC,E,residential,70.02,244.45,0.0539,synthetic_fabricated_from_policy_context,NERC publications; media reports
2024-04-01,IBEDC,E,commercial,77.02,377.17,0.0592,synthetic_fabricated_from_policy_context,NERC publications; media reports
2024-04-01,IBEDC,E,industrial,80.53,289.46,0.0619,synthetic_fabricated_from_policy_context,NERC publications; media reports
2024-04-01,IBEDC,Premium,residential,280.09,1289.47,0.2155,synthetic_fabricated_from_policy_context,NERC publications; media reports
2024-04-01,IBEDC,Premium,commercial,308.1,1226.33,0.237,synthetic_fabricated_from_policy_context,NERC publications; media reports
2024-04-01,IBEDC,Premium,industrial,322.1,1320.96,0.2478,synthetic_fabricated_from_policy_context,NERC publications; media reports
2024-04-01,IKEDC,A,residential,175.57,874.64,0.1351,synthetic_fabricated_from_policy_context,NERC publications; media reports
2024-04-01,IKEDC,A,commercial,193.12,731.73,0.1486,synthetic_fabricated_from_policy_context,NERC publications; media reports
2024-04-01,IKEDC,A,industrial,201.9,809.27,0.1553,synthetic_fabricated_from_policy_context,NERC publications; media reports
2024-04-01,IKEDC,B,residential,140.45,605.11,0.108,synthetic_fabricated_from_policy_context,NERC publications; media reports
2024-04-01,IKEDC,B,commercial,154.5,555.87,0.1188,synthetic_fabricated_from_policy_context,NERC publications; media reports
2024-04-01,IKEDC,B,industrial,161.52,619.12,0.1242,synthetic_fabricated_from_policy_context,NERC publications; media reports
2024-04-01,IKEDC,C,residential,112.36,474.1,0.0864,synthetic_fabricated_from_policy_context,NERC publications; media reports
2024-04-01,IKEDC,C,commercial,123.6,490.04,0.0951,synthetic_fabricated_from_policy_context,NERC publications; media reports
2024-04-01,IKEDC,C,industrial,129.22,660.04,0.0994,synthetic_fabricated_from_policy_context,NERC publications; media reports
2024-04-01,IKEDC,D,residential,91.29,312.18,0.0702,synthetic_fabricated_from_policy_context,NERC publications; media reports
2024-04-01,IKEDC,D,commercial,100.42,379.33,0.0772,synthetic_fabricated_from_policy_context,NERC publications; media reports
2024-04-01,IKEDC,D,industrial,104.99,363.76,0.0808,synthetic_fabricated_from_policy_context,NERC publications; media reports
2024-04-01,IKEDC,E,residential,70.23,295.45,0.054,synthetic_fabricated_from_policy_context,NERC publications; media reports
2024-04-01,IKEDC,E,commercial,77.25,329.99,0.0594,synthetic_fabricated_from_policy_context,NERC publications; media reports
2024-04-01,IKEDC,E,industrial,80.76,318.9,0.0621,synthetic_fabricated_from_policy_context,NERC publications; media reports
2024-04-01,IKEDC,Premium,residential,280.91,1389.79,0.2161,synthetic_fabricated_from_policy_context,NERC publications; media reports
2024-04-01,IKEDC,Premium,commercial,309.0,1418.33,0.2377,synthetic_fabricated_from_policy_context,NERC publications; media reports
2024-04-01,IKEDC,Premium,industrial,323.04,1219.9,0.2485,synthetic_fabricated_from_policy_context,NERC publications; media reports
2024-04-01,JED,A,residential,179.59,773.73,0.1381,synthetic_fabricated_from_policy_context,NERC publications; media reports
2024-04-01,JED,A,commercial,197.55,883.22,0.152,synthetic_fabricated_from_policy_context,NERC publications; media reports
2024-04-01,JED,A,industrial,206.52,740.23,0.1589,synthetic_fabricated_from_policy_context,NERC publications; media reports
2024-04-01,JED,B,residential,143.67,513.13,0.1105,synthetic_fabricated_from_policy_context,NERC publications; media reports
2024-04-01,JED,B,commercial,158.04,536.29,0.1216,synthetic_fabricated_from_policy_context,NERC publications; media reports
2024-04-01,JED,B,industrial,165.22,825.62,0.1271,synthetic_fabricated_from_policy_context,NERC publications; media reports
2024-04-01,JED,C,residential,114.94,571.72,0.0884,synthetic_fabricated_from_policy_context,NERC publications; media reports
2024-04-01,JED,C,commercial,126.43,618.21,0.0973,synthetic_fabricated_from_policy_context,NERC publications; media reports
2024-04-01,JED,C,industrial,132.18,453.04,0.1017,synthetic_fabricated_from_policy_context,NERC publications; media reports
2024-04-01,JED,D,residential,93.39,422.13,0.0718,synthetic_fabricated_from_policy_context,NERC publications; media reports
2024-04-01,JED,D,commercial,102.72,411.41,0.079,synthetic_fabricated_from_policy_context,NERC publications; media reports
2024-04-01,JED,D,industrial,107.39,408.8,0.0826,synthetic_fabricated_from_policy_context,NERC publications; media reports
2024-04-01,JED,E,residential,71.83,318.83,0.0553,synthetic_fabricated_from_policy_context,NERC publications; media reports
2024-04-01,JED,E,commercial,79.02,343.88,0.0608,synthetic_fabricated_from_policy_context,NERC publications; media reports
2024-04-01,JED,E,industrial,82.61,369.68,0.0635,synthetic_fabricated_from_policy_context,NERC publications; media reports
2024-04-01,JED,Premium,residential,287.34,989.63,0.221,synthetic_fabricated_from_policy_context,NERC publications; media reports
2024-04-01,JED,Premium,commercial,316.07,1096.88,0.2431,synthetic_fabricated_from_policy_context,NERC publications; media reports
2024-04-01,JED,Premium,industrial,330.44,1257.87,0.2542,synthetic_fabricated_from_policy_context,NERC publications; media reports
2024-04-01,KAEDCO,A,residential,180.02,764.8,0.1385,synthetic_fabricated_from_policy_context,NERC publications; media reports
2024-04-01,KAEDCO,A,commercial,198.02,934.03,0.1523,synthetic_fabricated_from_policy_context,NERC publications; media reports
2024-04-01,KAEDCO,A,industrial,207.02,829.38,0.1592,synthetic_fabricated_from_policy_context,NERC publications; media reports
2024-04-01,KAEDCO,B,residential,144.01,702.28,0.1108,synthetic_fabricated_from_policy_context,NERC publications; media reports
2024-04-01,KAEDCO,B,commercial,158.42,588.59,0.1219,synthetic_fabricated_from_policy_context,NERC publications; media reports
2024-04-01,KAEDCO,B,industrial,165.62,599.46,0.1274,synthetic_fabricated_from_policy_context,NERC publications; media reports
2024-04-01,KAEDCO,C,residential,115.21,483.8,0.0886,synthetic_fabricated_from_policy_context,NERC publications; media reports
2024-04-01,KAEDCO,C,commercial,126.73,559.79,0.0975,synthetic_fabricated_from_policy_context,NERC publications; media reports
2024-04-01,KAEDCO,C,industrial,132.49,601.04,0.1019,synthetic_fabricated_from_policy_context,NERC publications; media reports
2024-04-01,KAEDCO,D,residential,93.61,382.25,0.072,synthetic_fabricated_from_policy_context,NERC publications; media reports
2024-04-01,KAEDCO,D,commercial,102.97,494.3,0.0792,synthetic_fabricated_from_policy_context,NERC publications; media reports
2024-04-01,KAEDCO,D,industrial,107.65,490.27,0.0828,synthetic_fabricated_from_policy_context,NERC publications; media reports
2024-04-01,KAEDCO,E,residential,72.01,336.88,0.0554,synthetic_fabricated_from_policy_context,NERC publications; media reports
2024-04-01,KAEDCO,E,commercial,79.21,337.51,0.0609,synthetic_fabricated_from_policy_context,NERC publications; media reports
2024-04-01,KAEDCO,E,industrial,82.81,330.87,0.0637,synthetic_fabricated_from_policy_context,NERC publications; media reports
2024-04-01,KAEDCO,Premium,residential,288.03,1356.27,0.2216,synthetic_fabricated_from_policy_context,NERC publications; media reports
2024-04-01,KAEDCO,Premium,commercial,316.83,1449.14,0.2437,synthetic_fabricated_from_policy_context,NERC publications; media reports
2024-04-01,KAEDCO,Premium,industrial,331.23,1612.91,0.2548,synthetic_fabricated_from_policy_context,NERC publications; media reports
2024-04-01,KEDCO,A,residential,181.54,716.98,0.1396,synthetic_fabricated_from_policy_context,NERC publications; media reports
2024-04-01,KEDCO,A,commercial,199.7,714.26,0.1536,synthetic_fabricated_from_policy_context,NERC publications; media reports
2024-04-01,KEDCO,A,industrial,208.78,767.37,0.1606,synthetic_fabricated_from_policy_context,NERC publications; media reports
2024-04-01,KEDCO,B,residential,145.24,499.2,0.1117,synthetic_fabricated_from_policy_context,NERC publications; media reports
2024-04-01,KEDCO,B,commercial,159.76,540.81,0.1229,synthetic_fabricated_from_policy_context,NERC publications; media reports
2024-04-01,KEDCO,B,industrial,167.02,722.92,0.1285,synthetic_fabricated_from_policy_context,NERC publications; media reports
2024-04-01,KEDCO,C,residential,116.19,408.17,0.0894,synthetic_fabricated_from_policy_context,NERC publications; media reports
2024-04-01,KEDCO,C,commercial,127.81,526.32,0.0983,synthetic_fabricated_from_policy_context,NERC publications; media reports
2024-04-01,KEDCO,C,industrial,133.62,574.03,0.1028,synthetic_fabricated_from_policy_context,NERC publications; media reports
2024-04-01,KEDCO,D,residential,94.4,383.17,0.0726,synthetic_fabricated_from_policy_context,NERC publications; media reports
2024-04-01,KEDCO,D,commercial,103.84,427.53,0.0799,synthetic_fabricated_from_policy_context,NERC publications; media reports
2024-04-01,KEDCO,D,industrial,108.56,525.67,0.0835,synthetic_fabricated_from_policy_context,NERC publications; media reports
2024-04-01,KEDCO,E,residential,72.62,299.0,0.0559,synthetic_fabricated_from_policy_context,NERC publications; media reports
2024-04-01,KEDCO,E,commercial,79.88,367.08,0.0614,synthetic_fabricated_from_policy_context,NERC publications; media reports
2024-04-01,KEDCO,E,industrial,83.51,283.14,0.0642,synthetic_fabricated_from_policy_context,NERC publications; media reports
2024-04-01,KEDCO,Premium,residential,290.47,1136.37,0.2234,synthetic_fabricated_from_policy_context,NERC publications; media reports
2024-04-01,KEDCO,Premium,commercial,319.52,1448.26,0.2458,synthetic_fabricated_from_policy_context,NERC publications; media reports
2024-04-01,KEDCO,Premium,industrial,334.04,1237.76,0.257,synthetic_fabricated_from_policy_context,NERC publications; media reports
2024-04-01,PHED,A,residential,172.34,859.24,0.1326,synthetic_fabricated_from_policy_context,NERC publications; media reports
2024-04-01,PHED,A,commercial,189.58,852.8,0.1458,synthetic_fabricated_from_policy_context,NERC publications; media reports
2024-04-01,PHED,A,industrial,198.2,997.67,0.1525,synthetic_fabricated_from_policy_context,NERC publications; media reports
2024-04-01,PHED,B,residential,137.88,636.28,0.1061,synthetic_fabricated_from_policy_context,NERC publications; media reports
2024-04-01,PHED,B,commercial,151.66,661.93,0.1167,synthetic_fabricated_from_policy_context,NERC publications; media reports
2024-04-01,PHED,B,industrial,158.56,687.22,0.122,synthetic_fabricated_from_policy_context,NERC publications; media reports
2024-04-01,PHED,C,residential,110.3,504.16,0.0848,synthetic_fabricated_from_policy_context,NERC publications; media reports
2024-04-01,PHED,C,commercial,121.33,438.16,0.0933,synthetic_fabricated_from_policy_context,NERC publications; media reports
2024-04-01,PHED,C,industrial,126.85,467.43,0.0976,synthetic_fabricated_from_policy_context,NERC publications; media reports
2024-04-01,PHED,D,residential,89.62,460.67,0.0689,synthetic_fabricated_from_policy_context,NERC publications; media reports
2024-04-01,PHED,D,commercial,98.58,457.58,0.0758,synthetic_fabricated_from_policy_context,NERC publications; media reports
2024-04-01,PHED,D,industrial,103.06,406.74,0.0793,synthetic_fabricated_from_policy_context,NERC publications; media reports
2024-04-01,PHED,E,residential,68.94,353.82,0.053,synthetic_fabricated_from_policy_context,NERC publications; media reports
2024-04-01,PHED,E,commercial,75.83,341.48,0.0583,synthetic_fabricated_from_policy_context,NERC publications; media reports
2024-04-01,PHED,E,industrial,79.28,362.53,0.061,synthetic_fabricated_from_policy_context,NERC publications; media reports
2024-04-01,PHED,Premium,residential,275.75,1089.89,0.2121,synthetic_fabricated_from_policy_context,NERC publications; media reports
2024-04-01,PHED,Premium,commercial,303.33,1271.41,0.2333,synthetic_fabricated_from_policy_context,NERC publications; media reports
2024-04-01,PHED,Premium,industrial,317.11,1151.01,0.2439,synthetic_fabricated_from_policy_context,NERC publications; media reports
2024-04-01,YEDC,A,residential,193.25,637.94,0.1487,synthetic_fabricated_from_policy_context,NERC publications; media reports
2024-04-01,YEDC,A,commercial,212.58,792.26,0.1635,synthetic_fabricated_from_policy_context,NERC publications; media reports
2024-04-01,YEDC,A,industrial,222.24,854.63,0.171,synthetic_fabricated_from_policy_context,NERC publications; media reports
2024-04-01,YEDC,B,residential,154.6,635.07,0.1189,synthetic_fabricated_from_policy_context,NERC publications; media reports
2024-04-01,YEDC,B,commercial,170.06,579.09,0.1308,synthetic_fabricated_from_policy_context,NERC publications; media reports
2024-04-01,YEDC,B,industrial,177.79,706.18,0.1368,synthetic_fabricated_from_policy_context,NERC publications; media reports
2024-04-01,YEDC,C,residential,123.68,550.05,0.0951,synthetic_fabricated_from_policy_context,NERC publications; media reports
2024-04-01,YEDC,C,commercial,136.05,547.24,0.1047,synthetic_fabricated_from_policy_context,NERC publications; media reports
2024-04-01,YEDC,C,industrial,142.23,587.77,0.1094,synthetic_fabricated_from_policy_context,NERC publications; media reports
2024-04-01,YEDC,D,residential,100.49,336.28,0.0773,synthetic_fabricated_from_policy_context,NERC publications; media reports
2024-04-01,YEDC,D,commercial,110.54,392.9,0.085,synthetic_fabricated_from_policy_context,NERC publications; media reports
2024-04-01,YEDC,D,industrial,115.57,367.66,0.0889,synthetic_fabricated_from_policy_context,NERC publications; media reports
2024-04-01,YEDC,E,residential,77.3,338.3,0.0595,synthetic_fabricated_from_policy_context,NERC publications; media reports
2024-04-01,YEDC,E,commercial,85.03,345.61,0.0654,synthetic_fabricated_from_policy_context,NERC publications; media reports
2024-04-01,YEDC,E,industrial,88.9,313.07,0.0684,synthetic_fabricated_from_policy_context,NERC publications; media reports
2024-04-01,YEDC,Premium,residential,309.2,1155.81,0.2378,synthetic_fabricated_from_policy_context,NERC publications; media reports
2024-04-01,YEDC,Premium,commercial,340.12,1273.33,0.2616,synthetic_fabricated_from_policy_context,NERC publications; media reports
2024-04-01,YEDC,Premium,industrial,355.59,1650.77,0.2735,synthetic_fabricated_from_policy_context,NERC publications; media reports
2024-05-01,AEDC,A,residential,183.29,701.78,0.141,synthetic_fabricated_from_policy_context,NERC publications; media reports
2024-05-01,AEDC,A,commercial,201.62,817.23,0.1551,synthetic_fabricated_from_policy_context,NERC publications; media reports
2024-05-01,AEDC,A,industrial,210.78,931.1,0.1621,synthetic_fabricated_from_policy_context,NERC publications; media reports
2024-05-01,AEDC,B,residential,146.63,610.41,0.1128,synthetic_fabricated_from_policy_context,NERC publications; media reports
2024-05-01,AEDC,B,commercial,161.29,702.79,0.1241,synthetic_fabricated_from_policy_context,NERC publications; media reports
2024-05-01,AEDC,B,industrial,168.62,642.16,0.1297,synthetic_fabricated_from_policy_context,NERC publications; media reports
2024-05-01,AEDC,C,residential,117.3,413.41,0.0902,synthetic_fabricated_from_policy_context,NERC publications; media reports
2024-05-01,AEDC,C,commercial,129.03,622.2,0.0993,synthetic_fabricated_from_policy_context,NERC publications; media reports
2024-05-01,AEDC,C,industrial,134.9,566.13,0.1038,synthetic_fabricated_from_policy_context,NERC publications; media reports
2024-05-01,AEDC,D,residential,95.31,439.24,0.0733,synthetic_fabricated_from_policy_context,NERC publications; media reports
2024-05-01,AEDC,D,commercial,104.84,511.85,0.0806,synthetic_fabricated_from_policy_context,NERC publications; media reports
2024-05-01,AEDC,D,industrial,109.61,510.19,0.0843,synthetic_fabricated_from_policy_context,NERC publications; media reports
2024-05-01,AEDC,E,residential,73.32,250.24,0.0564,synthetic_fabricated_from_policy_context,NERC publications; media reports
2024-05-01,AEDC,E,commercial,80.65,276.65,0.062,synthetic_fabricated_from_policy_context,NERC publications; media reports
2024-05-01,AEDC,E,industrial,84.31,294.64,0.0649,synthetic_fabricated_from_policy_context,NERC publications; media reports
2024-05-01,AEDC,Premium,residential,293.26,1418.62,0.2256,synthetic_fabricated_from_policy_context,NERC publications; media reports
2024-05-01,AEDC,Premium,commercial,322.59,1375.33,0.2481,synthetic_fabricated_from_policy_context,NERC publications; media reports
2024-05-01,AEDC,Premium,industrial,337.25,1573.4,0.2594,synthetic_fabricated_from_policy_context,NERC publications; media reports
2024-05-01,BEDC,A,residential,171.92,618.82,0.1322,synthetic_fabricated_from_policy_context,NERC publications; media reports
2024-05-01,BEDC,A,commercial,189.11,865.84,0.1455,synthetic_fabricated_from_policy_context,NERC publications; media reports
2024-05-01,BEDC,A,industrial,197.71,814.49,0.1521,synthetic_fabricated_from_policy_context,NERC publications; media reports
2024-05-01,BEDC,B,residential,137.53,640.23,0.1058,synthetic_fabricated_from_policy_context,NERC publications; media reports
2024-05-01,BEDC,B,commercial,151.29,651.58,0.1164,synthetic_fabricated_from_policy_context,NERC publications; media reports
2024-05-01,BEDC,B,industrial,158.16,728.64,0.1217,synthetic_fabricated_from_policy_context,NERC publications; media reports
2024-05-01,BEDC,C,residential,110.03,482.86,0.0846,synthetic_fabricated_from_policy_context,NERC publications; media reports
2024-05-01,BEDC,C,commercial,121.03,422.81,0.0931,synthetic_fabricated_from_policy_context,NERC publications; media reports
2024-05-01,BEDC,C,industrial,126.53,661.2,0.0973,synthetic_fabricated_from_policy_context,NERC publications; media reports
2024-05-01,BEDC,D,residential,89.4,335.98,0.0688,synthetic_fabricated_from_policy_context,NERC publications; media reports
2024-05-01,BEDC,D,commercial,98.34,483.54,0.0756,synthetic_fabricated_from_policy_context,NERC publications; media reports
2024-05-01,BEDC,D,industrial,102.81,404.33,0.0791,synthetic_fabricated_from_policy_context,NERC publications; media reports
2024-05-01,BEDC,E,residential,68.77,355.82,0.0529,synthetic_fabricated_from_policy_context,NERC publications; media reports
2024-05-01,BEDC,E,commercial,75.64,289.67,0.0582,synthetic_fabricated_from_policy_context,NERC publications; media reports
2024-05-01,BEDC,E,industrial,79.08,299.58,0.0608,synthetic_fabricated_from_policy_context,NERC publications; media reports
2024-05-01,BEDC,Premium,residential,275.07,1303.28,0.2116,synthetic_fabricated_from_policy_context,NERC publications; media reports
2024-05-01,BEDC,Premium,commercial,302.58,1266.39,0.2328,synthetic_fabricated_from_policy_context,NERC publications; media reports
2024-05-01,BEDC,Premium,industrial,316.33,1499.96,0.2433,synthetic_fabricated_from_policy_context,NERC publications; media reports
2024-05-01,EEDC,A,residential,196.59,802.21,0.1512,synthetic_fabricated_from_policy_context,NERC publications; media reports
2024-05-01,EEDC,A,commercial,216.25,824.1,0.1663,synthetic_fabricated_from_policy_context,NERC publications; media reports
2024-05-01,EEDC,A,industrial,226.08,772.6,0.1739,synthetic_fabricated_from_policy_context,NERC publications; media reports
2024-05-01,EEDC,B,residential,157.27,709.55,0.121,synthetic_fabricated_from_policy_context,NERC publications; media reports
2024-05-01,EEDC,B,commercial,173.0,773.64,0.1331,synthetic_fabricated_from_policy_context,NERC publications; media reports
2024-05-01,EEDC,B,industrial,180.86,670.13,0.1391,synthetic_fabricated_from_policy_context,NERC publications; media reports
2024-05-01,EEDC,C,residential,125.82,485.26,0.0968,synthetic_fabricated_from_policy_context,NERC publications; media reports
2024-05-01,EEDC,C,commercial,138.4,502.56,0.1065,synthetic_fabricated_from_policy_context,NERC publications; media reports
2024-05-01,EEDC,C,industrial,144.69,442.11,0.1113,synthetic_fabricated_from_policy_context,NERC publications; media reports
2024-05-01,EEDC,D,residential,102.23,452.34,0.0786,synthetic_fabricated_from_policy_context,NERC publications; media reports
2024-05-01,EEDC,D,commercial,112.45,441.62,0.0865,synthetic_fabricated_from_policy_context,NERC publications; media reports
2024-05-01,EEDC,D,industrial,117.56,443.69,0.0904,synthetic_fabricated_from_policy_context,NERC publications; media reports
2024-05-01,EEDC,E,residential,78.63,338.49,0.0605,synthetic_fabricated_from_policy_context,NERC publications; media reports
2024-05-01,EEDC,E,commercial,86.5,352.08,0.0665,synthetic_fabricated_from_policy_context,NERC publications; media reports
2024-05-01,EEDC,E,industrial,90.43,326.73,0.0696,synthetic_fabricated_from_policy_context,NERC publications; media reports
2024-05-01,EEDC,Premium,residential,314.54,1334.64,0.242,synthetic_fabricated_from_policy_context,NERC publications; media reports
2024-05-01,EEDC,Premium,commercial,345.99,1129.54,0.2661,synthetic_fabricated_from_policy_context,NERC publications; media reports
2024-05-01,EEDC,Premium,industrial,361.72,1201.31,0.2782,synthetic_fabricated_from_policy_context,NERC publications; media reports
2024-05-01,EKEDC,A,residential,182.5,868.11,0.1404,synthetic_fabricated_from_policy_context,NERC publications; media reports
2024-05-01,EKEDC,A,commercial,200.75,973.62,0.1544,synthetic_fabricated_from_policy_context,NERC publications; media reports
2024-05-01,EKEDC,A,industrial,209.87,1005.75,0.1614,synthetic_fabricated_from_policy_context,NERC publications; media reports
2024-05-01,EKEDC,B,residential,146.0,633.96,0.1123,synthetic_fabricated_from_policy_context,NERC publications; media reports
2024-05-01,EKEDC,B,commercial,160.6,575.91,0.1235,synthetic_fabricated_from_policy_context,NERC publications; media reports
2024-05-01,EKEDC,B,industrial,167.9,581.38,0.1292,synthetic_fabricated_from_policy_context,NERC publications; media reports
2024-05-01,EKEDC,C,residential,116.8,525.8,0.0898,synthetic_fabricated_from_policy_context,NERC publications; media reports
2024-05-01,EKEDC,C,commercial,128.48,441.76,0.0988,synthetic_fabricated_from_policy_context,NERC publications; media reports
2024-05-01,EKEDC,C,industrial,134.32,452.75,0.1033,synthetic_fabricated_from_policy_context,NERC publications; media reports
2024-05-01,EKEDC,D,residential,94.9,342.29,0.073,synthetic_fabricated_from_policy_context,NERC publications; media reports
2024-05-01,EKEDC,D,commercial,104.39,452.94,0.0803,synthetic_fabricated_from_policy_context,NERC publications; media reports
2024-05-01,EKEDC,D,industrial,109.13,521.36,0.0839,synthetic_fabricated_from_policy_context,NERC publications; media reports
2024-05-01,EKEDC,E,residential,73.0,338.03,0.0562,synthetic_fabricated_from_policy_context,NERC publications; media reports
2024-05-01,EKEDC,E,commercial,80.3,271.71,0.0618,synthetic_fabricated_from_policy_context,NERC publications; media reports
2024-05-01,EKEDC,E,industrial,83.95,376.9,0.0646,synthetic_fabricated_from_policy_context,NERC publications; media reports
2024-05-01,EKEDC,Premium,residential,292.0,1076.16,0.2246,synthetic_fabricated_from_policy_context,NERC publications; media reports
2024-05-01,EKEDC,Premium,commercial,321.2,1550.34,0.2471,synthetic_fabricated_from_policy_context,NERC publications; media reports
2024-05-01,EKEDC,Premium,industrial,335.8,1377.05,0.2583,synthetic_fabricated_from_policy_context,NERC publications; media reports
2024-05-01,IBEDC,A,residential,176.34,628.63,0.1356,synthetic_fabricated_from_policy_context,NERC publications; media reports
2024-05-01,IBEDC,A,commercial,193.97,714.58,0.1492,synthetic_fabricated_from_policy_context,NERC publications; media reports
2024-05-01,IBEDC,A,industrial,202.79,966.82,0.156,synthetic_fabricated_from_policy_context,NERC publications; media reports
2024-05-01,IBEDC,B,residential,141.07,705.77,0.1085,synthetic_fabricated_from_policy_context,NERC publications; media reports
2024-05-01,IBEDC,B,commercial,155.18,622.77,0.1194,synthetic_fabricated_from_policy_context,NERC publications; media reports
2024-05-01,IBEDC,B,industrial,162.23,732.25,0.1248,synthetic_fabricated_from_policy_context,NERC publications; media reports
2024-05-01,IBEDC,C,residential,112.86,486.95,0.0868,synthetic_fabricated_from_policy_context,NERC publications; media reports
2024-05-01,IBEDC,C,commercial,124.14,509.62,0.0955,synthetic_fabricated_from_policy_context,NERC publications; media reports
2024-05-01,IBEDC,C,industrial,129.79,586.27,0.0998,synthetic_fabricated_from_policy_context,NERC publications; media reports
2024-05-01,IBEDC,D,residential,91.7,377.6,0.0705,synthetic_fabricated_from_policy_context,NERC publications; media reports
2024-05-01,IBEDC,D,commercial,100.87,427.66,0.0776,synthetic_fabricated_from_policy_context,NERC publications; media reports
2024-05-01,IBEDC,D,industrial,105.45,376.39,0.0811,synthetic_fabricated_from_policy_context,NERC publications; media reports
2024-05-01,IBEDC,E,residential,70.54,351.11,0.0543,synthetic_fabricated_from_policy_context,NERC publications; media reports
2024-05-01,IBEDC,E,commercial,77.59,268.67,0.0597,synthetic_fabricated_from_policy_context,NERC publications; media reports
2024-05-01,IBEDC,E,industrial,81.12,411.91,0.0624,synthetic_fabricated_from_policy_context,NERC publications; media reports
2024-05-01,IBEDC,Premium,residential,282.14,1327.88,0.217,synthetic_fabricated_from_policy_context,NERC publications; media reports
2024-05-01,IBEDC,Premium,commercial,310.36,1434.0,0.2387,synthetic_fabricated_from_policy_context,NERC publications; media reports
2024-05-01,IBEDC,Premium,industrial,324.47,1494.73,0.2496,synthetic_fabricated_from_policy_context,NERC publications; media reports
2024-05-01,IKEDC,A,residential,185.13,615.65,0.1424,synthetic_fabricated_from_policy_context,NERC publications; media reports
2024-05-01,IKEDC,A,commercial,203.64,742.85,0.1566,synthetic_fabricated_from_policy_context,NERC publications; media reports
2024-05-01,IKEDC,A,industrial,212.9,759.14,0.1638,synthetic_fabricated_from_policy_context,NERC publications; media reports
2024-05-01,IKEDC,B,residential,148.11,562.09,0.1139,synthetic_fabricated_from_policy_context,NERC publications; media reports
2024-05-01,IKEDC,B,commercial,162.92,593.98,0.1253,synthetic_fabricated_from_policy_context,NERC publications; media reports
2024-05-01,IKEDC,B,industrial,170.32,751.17,0.131,synthetic_fabricated_from_policy_context,NERC publications; media reports
2024-05-01,IKEDC,C,residential,118.48,534.57,0.0911,synthetic_fabricated_from_policy_context,NERC publications; media reports
2024-05-01,IKEDC,C,commercial,130.33,619.91,0.1003,synthetic_fabricated_from_policy_context,NERC publications; media reports
2024-05-01,IKEDC,C,industrial,136.26,600.02,0.1048,synthetic_fabricated_from_policy_context,NERC publications; media reports
2024-05-01,IKEDC,D,residential,96.27,312.06,0.0741,synthetic_fabricated_from_policy_context,NERC publications; media reports
2024-05-01,IKEDC,D,commercial,105.9,472.68,0.0815,synthetic_fabricated_from_policy_context,NERC publications; media reports
2024-05-01,IKEDC,D,industrial,110.71,534.5,0.0852,synthetic_fabricated_from_policy_context,NERC publications; media reports
2024-05-01,IKEDC,E,residential,74.05,272.76,0.057,synthetic_fabricated_from_policy_context,NERC publications; media reports
2024-05-01,IKEDC,E,commercial,81.46,338.56,0.0627,synthetic_fabricated_from_policy_context,NERC publications; media reports
2024-05-01,IKEDC,E,industrial,85.16,412.92,0.0655,synthetic_fabricated_from_policy_context,NERC publications; media reports
2024-05-01,IKEDC,Premium,residential,296.21,1154.07,0.2279,synthetic_fabricated_from_policy_context,NERC publications; media reports
2024-05-01,IKEDC,Premium,commercial,325.83,1571.2,0.2506,synthetic_fabricated_from_policy_context,NERC publications; media reports
2024-05-01,IKEDC,Premium,industrial,340.64,1415.1,0.262,synthetic_fabricated_from_policy_context,NERC publications; media reports
2024-05-01,JED,A,residential,201.5,829.94,0.155,synthetic_fabricated_from_policy_context,NERC publications; media reports
2024-05-01,JED,A,commercial,221.65,860.51,0.1705,synthetic_fabricated_from_policy_context,NERC publications; media reports
2024-05-01,JED,A,industrial,231.72,980.84,0.1782,synthetic_fabricated_from_policy_context,NERC publications; media reports
2024-05-01,JED,B,residential,161.2,677.62,0.124,synthetic_fabricated_from_policy_context,NERC publications; media reports
2024-05-01,JED,B,commercial,177.32,658.3,0.1364,synthetic_fabricated_from_policy_context,NERC publications; media reports
2024-05-01,JED,B,industrial,185.38,592.15,0.1426,synthetic_fabricated_from_policy_context,NERC publications; media reports
2024-05-01,JED,C,residential,128.96,393.58,0.0992,synthetic_fabricated_from_policy_context,NERC publications; media reports
2024-05-01,JED,C,commercial,141.85,489.85,0.1091,synthetic_fabricated_from_policy_context,NERC publications; media reports
2024-05-01,JED,C,industrial,148.3,652.32,0.1141,synthetic_fabricated_from_policy_context,NERC publications; media reports
2024-05-01,JED,D,residential,104.78,326.14,0.0806,synthetic_fabricated_from_policy_context,NERC publications; media reports
2024-05-01,JED,D,commercial,115.26,448.38,0.0887,synthetic_fabricated_from_policy_context,NERC publications; media reports
2024-05-01,JED,D,industrial,120.49,450.38,0.0927,synthetic_fabricated_from_policy_context,NERC publications; media reports
2024-05-01,JED,E,residential,80.6,264.98,0.062,synthetic_fabricated_from_policy_context,NERC publications; media reports
2024-05-01,JED,E,commercial,88.66,362.78,0.0682,synthetic_fabricated_from_policy_context,NERC publications; media reports
2024-05-01,JED,E,industrial,92.69,320.56,0.0713,synthetic_fabricated_from_policy_context,NERC publications; media reports
2024-05-01,JED,Premium,residential,322.39,1056.07,0.248,synthetic_fabricated_from_policy_context,NERC publications; media reports
2024-05-01,JED,Premium,commercial,354.63,1451.15,0.2728,synthetic_fabricated_from_policy_context,NERC publications; media reports
2024-05-01,JED,Premium,industrial,370.75,1105.19,0.2852,synthetic_fabricated_from_policy_context,NERC publications; media reports
2024-05-01,KAEDCO,A,residential,167.84,699.41,0.1291,synthetic_fabricated_from_policy_context,NERC publications; media reports
2024-05-01,KAEDCO,A,commercial,184.62,691.47,0.142,synthetic_fabricated_from_policy_context,NERC publications; media reports
2024-05-01,KAEDCO,A,industrial,193.01,803.26,0.1485,synthetic_fabricated_from_policy_context,NERC publications; media reports
2024-05-01,KAEDCO,B,residential,134.27,577.79,0.1033,synthetic_fabricated_from_policy_context,NERC publications; media reports
2024-05-01,KAEDCO,B,commercial,147.7,558.29,0.1136,synthetic_fabricated_from_policy_context,NERC publications; media reports
2024-05-01,KAEDCO,B,industrial,154.41,603.54,0.1188,synthetic_fabricated_from_policy_context,NERC publications; media reports
2024-05-01,KAEDCO,C,residential,107.41,391.34,0.0826,synthetic_fabricated_from_policy_context,NERC publications; media reports
2024-05-01,KAEDCO,C,commercial,118.16,433.08,0.0909,synthetic_fabricated_from_policy_context,NERC publications; media reports
2024-05-01,KAEDCO,C,industrial,123.53,613.36,0.095,synthetic_fabricated_from_policy_context,NERC publications; media reports
2024-05-01,KAEDCO,D,residential,87.27,454.71,0.0671,synthetic_fabricated_from_policy_context,NERC publications; media reports
2024-05-01,KAEDCO,D,commercial,96.0,425.22,0.0738,synthetic_fabricated_from_policy_context,NERC publications; media reports
2024-05-01,KAEDCO,D,industrial,100.37,510.95,0.0772,synthetic_fabricated_from_policy_context,NERC publications; media reports
2024-05-01,KAEDCO,E,residential,67.13,241.53,0.0516,synthetic_fabricated_from_policy_context,NERC publications; media reports
2024-05-01,KAEDCO,E,commercial,73.85,339.54,0.0568,synthetic_fabricated_from_policy_context,NERC publications; media reports
2024-05-01,KAEDCO,E,industrial,77.2,361.19,0.0594,synthetic_fabricated_from_policy_context,NERC publications; media reports
2024-05-01,KAEDCO,Premium,residential,268.54,1176.63,0.2066,synthetic_fabricated_from_policy_context,NERC publications; media reports
2024-05-01,KAEDCO,Premium,commercial,295.39,1490.07,0.2272,synthetic_fabricated_from_policy_context,NERC publications; media reports
2024-05-01,KAEDCO,Premium,industrial,308.82,1229.21,0.2376,synthetic_fabricated_from_policy_context,NERC publications; media reports
2024-05-01,KEDCO,A,residential,198.41,813.68,0.1526,synthetic_fabricated_from_policy_context,NERC publications; media reports
2024-05-01,KEDCO,A,commercial,218.25,797.27,0.1679,synthetic_fabricated_from_policy_context,NERC publications; media reports
2024-05-01,KEDCO,A,industrial,228.17,863.89,0.1755,synthetic_fabricated_from_policy_context,NERC publications; media reports
2024-05-01,KEDCO,B,residential,158.72,630.81,0.1221,synthetic_fabricated_from_policy_context,NERC publications; media reports
2024-05-01,KEDCO,B,commercial,174.6,755.64,0.1343,synthetic_fabricated_from_policy_context,NERC publications; media reports
2024-05-01,KEDCO,B,industrial,182.53,629.46,0.1404,synthetic_fabricated_from_policy_context,NERC publications; media reports
2024-05-01,KEDCO,C,residential,126.98,422.22,0.0977,synthetic_fabricated_from_policy_context,NERC publications; media reports
2024-05-01,KEDCO,C,commercial,139.68,431.77,0.1074,synthetic_fabricated_from_policy_context,NERC publications; media reports
2024-05-01,KEDCO,C,industrial,146.03,532.82,0.1123,synthetic_fabricated_from_policy_context,NERC publications; media reports
2024-05-01,KEDCO,D,residential,103.17,388.08,0.0794,synthetic_fabricated_from_policy_context,NERC publications; media reports
2024-05-01,KEDCO,D,commercial,113.49,498.59,0.0873,synthetic_fabricated_from_policy_context,NERC publications; media reports
2024-05-01,KEDCO,D,industrial,118.65,411.53,0.0913,synthetic_fabricated_from_policy_context,NERC publications; media reports
2024-05-01,KEDCO,E,residential,79.36,241.25,0.061,synthetic_fabricated_from_policy_context,NERC publications; media reports
2024-05-01,KEDCO,E,commercial,87.3,377.43,0.0672,synthetic_fabricated_from_policy_context,NERC publications; media reports
2024-05-01,KEDCO,E,industrial,91.27,390.63,0.0702,synthetic_fabricated_from_policy_context,NERC publications; media reports
2024-05-01,KEDCO,Premium,residential,317.45,1205.74,0.2442,synthetic_fabricated_from_policy_context,NERC publications; media reports
2024-05-01,KEDCO,Premium,commercial,349.19,1348.04,0.2686,synthetic_fabricated_from_policy_context,NERC publications; media reports
2024-05-01,KEDCO,Premium,industrial,365.07,1203.06,0.2808,synthetic_fabricated_from_policy_context,NERC publications; media reports
2024-05-01,PHED,A,residential,190.23,704.87,0.1463,synthetic_fabricated_from_policy_context,NERC publications; media reports
2024-05-01,PHED,A,commercial,209.25,668.68,0.161,synthetic_fabricated_from_policy_context,NERC publications; media reports
2024-05-01,PHED,A,industrial,218.76,976.02,0.1683,synthetic_fabricated_from_policy_context,NERC publications; media reports
2024-05-01,PHED,B,residential,152.18,560.71,0.1171,synthetic_fabricated_from_policy_context,NERC publications; media reports
2024-05-01,PHED,B,commercial,167.4,742.54,0.1288,synthetic_fabricated_from_policy_context,NERC publications; media reports
2024-05-01,PHED,B,industrial,175.01,752.25,0.1346,synthetic_fabricated_from_policy_context,NERC publications; media reports
2024-05-01,PHED,C,residential,121.75,509.75,0.0937,synthetic_fabricated_from_policy_context,NERC publications; media reports
2024-05-01,PHED,C,commercial,133.92,492.36,0.103,synthetic_fabricated_from_policy_context,NERC publications; media reports
2024-05-01,PHED,C,industrial,140.01,594.03,0.1077,synthetic_fabricated_from_policy_context,NERC publications; media reports
2024-05-01,PHED,D,residential,98.92,344.66,0.0761,synthetic_fabricated_from_policy_context,NERC publications; media reports
2024-05-01,PHED,D,commercial,108.81,392.1,0.0837,synthetic_fabricated_from_policy_context,NERC publications; media reports
2024-05-01,PHED,D,industrial,113.76,532.78,0.0875,synthetic_fabricated_from_policy_context,NERC publications; media reports
2024-05-01,PHED,E,residential,76.09,306.76,0.0585,synthetic_fabricated_from_policy_context,NERC publications; media reports
2024-05-01,PHED,E,commercial,83.7,362.56,0.0644,synthetic_fabricated_from_policy_context,NERC publications; media reports
2024-05-01,PHED,E,industrial,87.5,398.61,0.0673,synthetic_fabricated_from_policy_context,NERC publications; media reports
2024-05-01,PHED,Premium,residential,304.36,987.17,0.2341,synthetic_fabricated_from_policy_context,NERC publications; media reports
2024-05-01,PHED,Premium,commercial,334.8,1403.73,0.2575,synthetic_fabricated_from_policy_context,NERC publications; media reports
2024-05-01,PHED,Premium,industrial,350.02,1249.01,0.2692,synthetic_fabricated_from_policy_context,NERC publications; media reports
2024-05-01,YEDC,A,residential,171.69,688.65,0.1321,synthetic_fabricated_from_policy_context,NERC publications; media reports
2024-05-01,YEDC,A,commercial,188.86,681.77,0.1453,synthetic_fabricated_from_policy_context,NERC publications; media reports
2024-05-01,YEDC,A,industrial,197.44,744.17,0.1519,synthetic_fabricated_from_policy_context,NERC publications; media reports
2024-05-01,YEDC,B,residential,137.35,541.67,0.1057,synthetic_fabricated_from_policy_context,NERC publications; media reports
2024-05-01,YEDC,B,commercial,151.09,683.54,0.1162,synthetic_fabricated_from_policy_context,NERC publications; media reports
2024-05-01,YEDC,B,industrial,157.95,594.57,0.1215,synthetic_fabricated_from_policy_context,NERC publications; media reports
2024-05-01,YEDC,C,residential,109.88,556.9,0.0845,synthetic_fabricated_from_policy_context,NERC publications; media reports
2024-05-01,YEDC,C,commercial,120.87,519.53,0.093,synthetic_fabricated_from_policy_context,NERC publications; media reports
2024-05-01,YEDC,C,industrial,126.36,451.67,0.0972,synthetic_fabricated_from_policy_context,NERC publications; media reports
2024-05-01,YEDC,D,residential,89.28,453.18,0.0687,synthetic_fabricated_from_policy_context,NERC publications; media reports
2024-05-01,YEDC,D,commercial,98.21,391.39,0.0755,synthetic_fabricated_from_policy_context,NERC publications; media reports
2024-05-01,YEDC,D,industrial,102.67,446.58,0.079,synthetic_fabricated_from_policy_context,NERC publications; media reports
2024-05-01,YEDC,E,residential,68.68,251.28,0.0528,synthetic_fabricated_from_policy_context,NERC publications; media reports
2024-05-01,YEDC,E,commercial,75.54,312.09,0.0581,synthetic_fabricated_from_policy_context,NERC publications; media reports
2024-05-01,YEDC,E,industrial,78.98,382.53,0.0608,synthetic_fabricated_from_policy_context,NERC publications; media reports
2024-05-01,YEDC,Premium,residential,274.7,1355.69,0.2113,synthetic_fabricated_from_policy_context,NERC publications; media reports
2024-05-01,YEDC,Premium,commercial,302.17,1149.08,0.2324,synthetic_fabricated_from_policy_context,NERC publications; media reports
2024-05-01,YEDC,Premium,industrial,315.91,1159.83,0.243,synthetic_fabricated_from_policy_context,NERC publications; media reports
2024-06-01,AEDC,A,residential,188.46,663.69,0.145,synthetic_fabricated_from_policy_context,NERC publications; media reports
2024-06-01,AEDC,A,commercial,207.31,807.95,0.1595,synthetic_fabricated_from_policy_context,NERC publications; media reports
2024-06-01,AEDC,A,industrial,216.73,1033.95,0.1667,synthetic_fabricated_from_policy_context,NERC publications; media reports
2024-06-01,AEDC,B,residential,150.77,571.98,0.116,synthetic_fabricated_from_policy_context,NERC publications; media reports
2024-06-01,AEDC,B,commercial,165.84,697.69,0.1276,synthetic_fabricated_from_policy_context,NERC publications; media reports
2024-06-01,AEDC,B,industrial,173.38,725.53,0.1334,synthetic_fabricated_from_policy_context,NERC publications; media reports
2024-06-01,AEDC,C,residential,120.61,415.05,0.0928,synthetic_fabricated_from_policy_context,NERC publications; media reports
2024-06-01,AEDC,C,commercial,132.68,521.23,0.1021,synthetic_fabricated_from_policy_context,NERC publications; media reports
2024-06-01,AEDC,C,industrial,138.71,603.69,0.1067,synthetic_fabricated_from_policy_context,NERC publications; media reports
2024-06-01,AEDC,D,residential,98.0,353.75,0.0754,synthetic_fabricated_from_policy_context,NERC publications; media reports
2024-06-01,AEDC,D,commercial,107.8,484.14,0.0829,synthetic_fabricated_from_policy_context,NERC publications; media reports
2024-06-01,AEDC,D,industrial,112.7,480.77,0.0867,synthetic_fabricated_from_policy_context,NERC publications; media reports
2024-06-01,AEDC,E,residential,75.38,250.1,0.058,synthetic_fabricated_from_policy_context,NERC publications; media reports
2024-06-01,AEDC,E,commercial,82.92,315.98,0.0638,synthetic_fabricated_from_policy_context,NERC publications; media reports
2024-06-01,AEDC,E,industrial,86.69,362.08,0.0667,synthetic_fabricated_from_policy_context,NERC publications; media reports
2024-06-01,AEDC,Premium,residential,301.54,1003.44,0.232,synthetic_fabricated_from_policy_context,NERC publications; media reports
2024-06-01,AEDC,Premium,commercial,331.69,1498.54,0.2551,synthetic_fabricated_from_policy_context,NERC publications; media reports
2024-06-01,AEDC,Premium,industrial,346.77,1415.7,0.2667,synthetic_fabricated_from_policy_context,NERC publications; media reports
2024-06-01,BEDC,A,residential,201.3,676.55,0.1548,synthetic_fabricated_from_policy_context,NERC publications; media reports
2024-06-01,BEDC,A,commercial,221.43,858.24,0.1703,synthetic_fabricated_from_policy_context,NERC publications; media reports
2024-06-01,BEDC,A,industrial,231.5,823.12,0.1781,synthetic_fabricated_from_policy_context,NERC publications; media reports
2024-06-01,BEDC,B,residential,161.04,568.75,0.1239,synthetic_fabricated_from_policy_context,NERC publications; media reports
2024-06-01,BEDC,B,commercial,177.15,597.76,0.1363,synthetic_fabricated_from_policy_context,NERC publications; media reports
2024-06-01,BEDC,B,industrial,185.2,553.36,0.1425,synthetic_fabricated_from_policy_context,NERC publications; media reports
2024-06-01,BEDC,C,residential,128.83,410.38,0.0991,synthetic_fabricated_from_policy_context,NERC publications; media reports
2024-06-01,BEDC,C,commercial,141.72,555.82,0.109,synthetic_fabricated_from_policy_context,NERC publications; media reports
2024-06-01,BEDC,C,industrial,148.16,588.55,0.114,synthetic_fabricated_from_policy_context,NERC publications; media reports
2024-06-01,BEDC,D,residential,104.68,367.31,0.0805,synthetic_fabricated_from_policy_context,NERC publications; media reports
2024-06-01,BEDC,D,commercial,115.15,504.52,0.0886,synthetic_fabricated_from_policy_context,NERC publications; media reports
2024-06-01,BEDC,D,industrial,120.38,409.57,0.0926,synthetic_fabricated_from_policy_context,NERC publications; media reports
2024-06-01,BEDC,E,residential,80.52,243.54,0.0619,synthetic_fabricated_from_policy_context,NERC publications; media reports
2024-06-01,BEDC,E,commercial,88.57,277.42,0.0681,synthetic_fabricated_from_policy_context,NERC publications; media reports
2024-06-01,BEDC,E,industrial,92.6,285.68,0.0712,synthetic_fabricated_from_policy_context,NERC publications; media reports
2024-06-01,BEDC,Premium,residential,322.09,981.73,0.2478,synthetic_fabricated_from_policy_context,NERC publications; media reports
2024-06-01,BEDC,Premium,commercial,354.29,1400.77,0.2725,synthetic_fabricated_from_policy_context,NERC publications; media reports
2024-06-01,BEDC,Premium,industrial,370.4,1615.07,0.2849,synthetic_fabricated_from_policy_context,NERC publications; media reports
2024-06-01,EEDC,A,residential,199.04,819.0,0.1531,synthetic_fabricated_from_policy_context,NERC publications; media reports
2024-06-01,EEDC,A,commercial,218.95,838.81,0.1684,synthetic_fabricated_from_policy_context,NERC publications; media reports
2024-06-01,EEDC,A,industrial,228.9,748.62,0.1761,synthetic_fabricated_from_policy_context,NERC publications; media reports
2024-06-01,EEDC,B,residential,159.24,505.56,0.1225,synthetic_fabricated_from_policy_context,NERC publications; media reports
2024-06-01,EEDC,B,commercial,175.16,569.41,0.1347,synthetic_fabricated_from_policy_context,NERC publications; media reports
2024-06-01,EEDC,B,industrial,183.12,787.36,0.1409,synthetic_fabricated_from_policy_context,NERC publications; media reports
2024-06-01,EEDC,C,residential,127.39,417.0,0.098,synthetic_fabricated_from_policy_context,NERC publications; media reports
2024-06-01,EEDC,C,commercial,140.13,584.27,0.1078,synthetic_fabricated_from_policy_context,NERC publications; media reports
2024-06-01,EEDC,C,industrial,146.5,510.11,0.1127,synthetic_fabricated_from_policy_context,NERC publications; media reports
2024-06-01,EEDC,D,residential,103.5,393.8,0.0796,synthetic_fabricated_from_policy_context,NERC publications; media reports
2024-06-01,EEDC,D,commercial,113.85,410.01,0.0876,synthetic_fabricated_from_policy_context,NERC publications; media reports
2024-06-01,EEDC,D,industrial,119.03,405.96,0.0916,synthetic_fabricated_from_policy_context,NERC publications; media reports
2024-06-01,EEDC,E,residential,79.62,351.77,0.0612,synthetic_fabricated_from_policy_context,NERC publications; media reports
2024-06-01,EEDC,E,commercial,87.58,266.05,0.0674,synthetic_fabricated_from_policy_context,NERC publications; media reports
2024-06-01,EEDC,E,industrial,91.56,372.49,0.0704,synthetic_fabricated_from_policy_context,NERC publications; media reports
2024-06-01,EEDC,Premium,residential,318.47,1384.79,0.245,synthetic_fabricated_from_policy_context,NERC publications; media reports
2024-06-01,EEDC,Premium,commercial,350.32,1289.15,0.2695,synthetic_fabricated_from_policy_context,NERC publications; media reports
2024-06-01,EEDC,Premium,industrial,366.24,1201.68,0.2817,synthetic_fabricated_from_policy_context,NERC publications; media reports
2024-06-01,EKEDC,A,residential,180.73,858.0,0.139,synthetic_fabricated_from_policy_context,NERC publications; media reports
2024-06-01,EKEDC,A,commercial,198.8,928.65,0.1529,synthetic_fabricated_from_policy_context,NERC publications; media reports
2024-06-01,EKEDC,A,industrial,207.84,734.31,0.1599,synthetic_fabricated_from_policy_context,NERC publications; media reports
2024-06-01,EKEDC,B,residential,144.59,564.06,0.1112,synthetic_fabricated_from_policy_context,NERC publications; media reports
2024-06-01,EKEDC,B,commercial,159.04,555.92,0.1223,synthetic_fabricated_from_policy_context,NERC publications; media reports
2024-06-01,EKEDC,B,industrial,166.27,702.14,0.1279,synthetic_fabricated_from_policy_context,NERC publications; media reports
2024-06-01,EKEDC,C,residential,115.67,395.1,0.089,synthetic_fabricated_from_policy_context,NERC publications; media reports
2024-06-01,EKEDC,C,commercial,127.23,539.34,0.0979,synthetic_fabricated_from_policy_context,NERC publications; media reports
2024-06-01,EKEDC,C,industrial,133.02,576.05,0.1023,synthetic_fabricated_from_policy_context,NERC publications; media reports
2024-06-01,EKEDC,D,residential,93.98,441.47,0.0723,synthetic_fabricated_from_policy_context,NERC publications; media reports
2024-06-01,EKEDC,D,commercial,103.38,402.89,0.0795,synthetic_fabricated_from_policy_context,NERC publications; media reports
2024-06-01,EKEDC,D,industrial,108.08,515.84,0.0831,synthetic_fabricated_from_policy_context,NERC publications; media reports
2024-06-01,EKEDC,E,residential,72.29,335.95,0.0556,synthetic_fabricated_from_policy_context,NERC publications; media reports
2024-06-01,EKEDC,E,commercial,79.52,285.25,0.0612,synthetic_fabricated_from_policy_context,NERC publications; media reports
2024-06-01,EKEDC,E,industrial,83.14,365.41,0.064,synthetic_fabricated_from_policy_context,NERC publications; media reports
2024-06-01,EKEDC,Premium,residential,289.17,999.55,0.2224,synthetic_fabricated_from_policy_context,NERC publications; media reports
2024-06-01,EKEDC,Premium,commercial,318.09,1075.24,0.2447,synthetic_fabricated_from_policy_context,NERC publications; media reports
2024-06-01,EKEDC,Premium,industrial,332.55,1168.63,0.2558,synthetic_fabricated_from_policy_context,NERC publications; media reports
2024-06-01,IBEDC,A,residential,180.43,711.76,0.1388,synthetic_fabricated_from_policy_context,NERC publications; media reports
2024-06-01,IBEDC,A,commercial,198.48,835.54,0.1527,synthetic_fabricated_from_policy_context,NERC publications; media reports
2024-06-01,IBEDC,A,industrial,207.5,698.67,0.1596,synthetic_fabricated_from_policy_context,NERC publications; media reports
2024-06-01,IBEDC,B,residential,144.35,691.53,0.111,synthetic_fabricated_from_policy_context,NERC publications; media reports
2024-06-01,IBEDC,B,commercial,158.78,644.76,0.1221,synthetic_fabricated_from_policy_context,NERC publications; media reports
2024-06-01,IBEDC,B,industrial,166.0,748.18,0.1277,synthetic_fabricated_from_policy_context,NERC publications; media reports
2024-06-01,IBEDC,C,residential,115.48,443.95,0.0888,synthetic_fabricated_from_policy_context,NERC publications; media reports
2024-06-01,IBEDC,C,commercial,127.03,525.3,0.0977,synthetic_fabricated_from_policy_context,NERC publications; media reports
2024-06-01,IBEDC,C,industrial,132.8,587.46,0.1022,synthetic_fabricated_from_policy_context,NERC publications; media reports
2024-06-01,IBEDC,D,residential,93.83,388.42,0.0722,synthetic_fabricated_from_policy_context,NERC publications; media reports
2024-06-01,IBEDC,D,commercial,103.21,473.52,0.0794,synthetic_fabricated_from_policy_context,NERC publications; media reports
2024-06-01,IBEDC,D,industrial,107.9,434.69,0.083,synthetic_fabricated_from_policy_context,NERC publications; media reports
2024-06-01,IBEDC,E,residential,72.17,283.68,0.0555,synthetic_fabricated_from_policy_context,NERC publications; media reports
2024-06-01,IBEDC,E,commercial,79.39,275.6,0.0611,synthetic_fabricated_from_policy_context,NERC publications; media reports
2024-06-01,IBEDC,E,industrial,83.0,313.16,0.0638,synthetic_fabricated_from_policy_context,NERC publications; media reports
2024-06-01,IBEDC,Premium,residential,288.7,986.67,0.2221,synthetic_fabricated_from_policy_context,NERC publications; media reports
2024-06-01,IBEDC,Premium,commercial,317.56,1376.7,0.2443,synthetic_fabricated_from_policy_context,NERC publications; media reports
2024-06-01,IBEDC,Premium,industrial,332.0,1216.85,0.2554,synthetic_fabricated_from_policy_context,NERC publications; media reports
2024-06-01,IKEDC,A,residential,164.15,609.0,0.1263,synthetic_fabricated_from_policy_context,NERC publications; media reports
2024-06-01,IKEDC,A,commercial,180.56,691.96,0.1389,synthetic_fabricated_from_policy_context,NERC publications; media reports
2024-06-01,IKEDC,A,industrial,188.77,892.25,0.1452,synthetic_fabricated_from_policy_context,NERC publications; media reports
2024-06-01,IKEDC,B,residential,131.32,584.56,0.101,synthetic_fabricated_from_policy_context,NERC publications; media reports
2024-06-01,IKEDC,B,commercial,144.45,744.97,0.1111,synthetic_fabricated_from_policy_context,NERC publications; media reports
2024-06-01,IKEDC,B,industrial,151.01,791.93,0.1162,synthetic_fabricated_from_policy_context,NERC publications; media reports
2024-06-01,IKEDC,C,residential,105.05,541.6,0.0808,synthetic_fabricated_from_policy_context,NERC publications; media reports
2024-06-01,IKEDC,C,commercial,115.56,460.76,0.0889,synthetic_fabricated_from_policy_context,NERC publications; media reports
2024-06-01,IKEDC,C,industrial,120.81,546.13,0.0929,synthetic_fabricated_from_policy_context,NERC publications; media reports
2024-06-01,IKEDC,D,residential,85.36,465.05,0.0657,synthetic_fabricated_from_policy_context,NERC publications; media reports
2024-06-01,IKEDC,D,commercial,93.89,426.49,0.0722,synthetic_fabricated_from_policy_context,NERC publications; media reports
2024-06-01,IKEDC,D,industrial,98.16,528.62,0.0755,synthetic_fabricated_from_policy_context,NERC publications; media reports
2024-06-01,IKEDC,E,residential,65.66,313.69,0.0505,synthetic_fabricated_from_policy_context,NERC publications; media reports
2024-06-01,IKEDC,E,commercial,72.22,341.3,0.0556,synthetic_fabricated_from_policy_context,NERC publications; media reports
2024-06-01,IKEDC,E,industrial,75.51,316.18,0.0581,synthetic_fabricated_from_policy_context,NERC publications; media reports
2024-06-01,IKEDC,Premium,residential,262.63,1125.97,0.202,synthetic_fabricated_from_policy_context,NERC publications; media reports
2024-06-01,IKEDC,Premium,commercial,288.9,1105.0,0.2222,synthetic_fabricated_from_policy_context,NERC publications; media reports
2024-06-01,IKEDC,Premium,industrial,302.03,1401.8,0.2323,synthetic_fabricated_from_policy_context,NERC publications; media reports
2024-06-01,JED,A,residential,166.47,632.38,0.1281,synthetic_fabricated_from_policy_context,NERC publications; media reports
2024-06-01,JED,A,commercial,183.12,877.71,0.1409,synthetic_fabricated_from_policy_context,NERC publications; media reports
2024-06-01,JED,A,industrial,191.44,827.84,0.1473,synthetic_fabricated_from_policy_context,NERC publications; media reports
2024-06-01,JED,B,residential,133.17,556.93,0.1024,synthetic_fabricated_from_policy_context,NERC publications; media reports
2024-06-01,JED,B,commercial,146.49,729.27,0.1127,synthetic_fabricated_from_policy_context,NERC publications; media reports
2024-06-01,JED,B,industrial,153.15,760.53,0.1178,synthetic_fabricated_from_policy_context,NERC publications; media reports
2024-06-01,JED,C,residential,106.54,455.98,0.082,synthetic_fabricated_from_policy_context,NERC publications; media reports
2024-06-01,JED,C,commercial,117.19,439.56,0.0901,synthetic_fabricated_from_policy_context,NERC publications; media reports
2024-06-01,JED,C,industrial,122.52,445.26,0.0942,synthetic_fabricated_from_policy_context,NERC publications; media reports
2024-06-01,JED,D,residential,86.56,440.31,0.0666,synthetic_fabricated_from_policy_context,NERC publications; media reports
2024-06-01,JED,D,commercial,95.22,490.27,0.0732,synthetic_fabricated_from_policy_context,NERC publications; media reports
2024-06-01,JED,D,industrial,99.55,361.2,0.0766,synthetic_fabricated_from_policy_context,NERC publications; media reports
2024-06-01,JED,E,residential,66.59,272.12,0.0512,synthetic_fabricated_from_policy_context,NERC publications; media reports
2024-06-01,JED,E,commercial,73.25,329.32,0.0563,synthetic_fabricated_from_policy_context,NERC publications; media reports
2024-06-01,JED,E,industrial,76.58,362.11,0.0589,synthetic_fabricated_from_policy_context,NERC publications; media reports
2024-06-01,JED,Premium,residential,266.35,1328.54,0.2049,synthetic_fabricated_from_policy_context,NERC publications; media reports
2024-06-01,JED,Premium,commercial,292.98,1056.9,0.2254,synthetic_fabricated_from_policy_context,NERC publications; media reports
2024-06-01,JED,Premium,industrial,306.3,1286.34,0.2356,synthetic_fabricated_from_policy_context,NERC publications; media reports
2024-06-01,KAEDCO,A,residential,197.53,773.96,0.1519,synthetic_fabricated_from_policy_context,NERC publications; media reports
2024-06-01,KAEDCO,A,commercial,217.28,913.92,0.1671,synthetic_fabricated_from_policy_context,NERC publications; media reports
2024-06-01,KAEDCO,A,industrial,227.16,838.79,0.1747,synthetic_fabricated_from_policy_context,NERC publications; media reports
2024-06-01,KAEDCO,B,residential,158.02,636.16,0.1216,synthetic_fabricated_from_policy_context,NERC publications; media reports
2024-06-01,KAEDCO,B,commercial,173.82,697.68,0.1337,synthetic_fabricated_from_policy_context,NERC publications; media reports
2024-06-01,KAEDCO,B,industrial,181.72,736.55,0.1398,synthetic_fabricated_from_policy_context,NERC publications; media reports
2024-06-01,KAEDCO,C,residential,126.42,488.29,0.0972,synthetic_fabricated_from_policy_context,NERC publications; media reports
2024-06-01,KAEDCO,C,commercial,139.06,508.71,0.107,synthetic_fabricated_from_policy_context,NERC publications; media reports
2024-06-01,KAEDCO,C,industrial,145.38,505.25,0.1118,synthetic_fabricated_from_policy_context,NERC publications; media reports
2024-06-01,KAEDCO,D,residential,102.71,364.91,0.079,synthetic_fabricated_from_policy_context,NERC publications; media reports
2024-06-01,KAEDCO,D,commercial,112.99,448.09,0.0869,synthetic_fabricated_from_policy_context,NERC publications; media reports
2024-06-01,KAEDCO,D,industrial,118.12,480.51,0.0909,synthetic_fabricated_from_policy_context,NERC publications; media reports
2024-06-01,KAEDCO,E,residential,79.01,354.04,0.0608,synthetic_fabricated_from_policy_context,NERC publications; media reports
2024-06-01,KAEDCO,E,commercial,86.91,318.63,0.0669,synthetic_fabricated_from_policy_context,NERC publications; media reports
2024-06-01,KAEDCO,E,industrial,90.86,408.47,0.0699,synthetic_fabricated_from_policy_context,NERC publications; media reports
2024-06-01,KAEDCO,Premium,residential,316.04,977.09,0.2431,synthetic_fabricated_from_policy_context,NERC publications; media reports
2024-06-01,KAEDCO,Premium,commercial,347.65,1248.54,0.2674,synthetic_fabricated_from_policy_context,NERC publications; media reports
2024-06-01,KAEDCO,Premium,industrial,363.45,1347.09,0.2796,synthetic_fabricated_from_policy_context,NERC publications; media reports
2024-06-01,KEDCO,A,residential,173.92,844.45,0.1338,synthetic_fabricated_from_policy_context,NERC publications; media reports
2024-06-01,KEDCO,A,commercial,191.32,976.15,0.1472,synthetic_fabricated_from_policy_context,NERC publications; media reports
2024-06-01,KEDCO,A,industrial,200.01,924.46,0.1539,synthetic_fabricated_from_policy_context,NERC publications; media reports
2024-06-01,KEDCO,B,residential,139.14,616.49,0.107,synthetic_fabricated_from_policy_context,NERC publications; media reports
2024-06-01,KEDCO,B,commercial,153.05,712.41,0.1177,synthetic_fabricated_from_policy_context,NERC publications; media reports
2024-06-01,KEDCO,B,industrial,160.01,704.2,0.1231,synthetic_fabricated_from_policy_context,NERC publications; media reports
2024-06-01,KEDCO,C,residential,111.31,500.25,0.0856,synthetic_fabricated_from_policy_context,NERC publications; media reports
2024-06-01,KEDCO,C,commercial,122.44,548.62,0.0942,synthetic_fabricated_from_policy_context,NERC publications; media reports
2024-06-01,KEDCO,C,industrial,128.01,453.81,0.0985,synthetic_fabricated_from_policy_context,NERC publications; media reports
2024-06-01,KEDCO,D,residential,90.44,395.27,0.0696,synthetic_fabricated_from_policy_context,NERC publications; media reports
2024-06-01,KEDCO,D,commercial,99.48,497.21,0.0765,synthetic_fabricated_from_policy_context,NERC publications; media reports
2024-06-01,KEDCO,D,industrial,104.01,483.4,0.08,synthetic_fabricated_from_policy_context,NERC publications; media reports
2024-06-01,KEDCO,E,residential,69.57,359.71,0.0535,synthetic_fabricated_from_policy_context,NERC publications; media reports
2024-06-01,KEDCO,E,commercial,76.53,269.16,0.0589,synthetic_fabricated_from_policy_context,NERC publications; media reports
2024-06-01,KEDCO,E,industrial,80.01,307.52,0.0615,synthetic_fabricated_from_policy_context,NERC publications; media reports
2024-06-01,KEDCO,Premium,residential,278.28,983.47,0.2141,synthetic_fabricated_from_policy_context,NERC publications; media reports
2024-06-01,KEDCO,Premium,commercial,306.11,1458.06,0.2355,synthetic_fabricated_from_policy_context,NERC publications; media reports
2024-06-01,KEDCO,Premium,industrial,320.02,1307.97,0.2462,synthetic_fabricated_from_policy_context,NERC publications; media reports
2024-06-01,PHED,A,residential,183.01,632.56,0.1408,synthetic_fabricated_from_policy_context,NERC publications; media reports
2024-06-01,PHED,A,commercial,201.31,794.14,0.1549,synthetic_fabricated_from_policy_context,NERC publications; media reports
2024-06-01,PHED,A,industrial,210.46,883.0,0.1619,synthetic_fabricated_from_policy_context,NERC publications; media reports
2024-06-01,PHED,B,residential,146.4,582.97,0.1126,synthetic_fabricated_from_policy_context,NERC publications; media reports
2024-06-01,PHED,B,commercial,161.05,571.8,0.1239,synthetic_fabricated_from_policy_context,NERC publications; media reports
2024-06-01,PHED,B,industrial,168.37,554.59,0.1295,synthetic_fabricated_from_policy_context,NERC publications; media reports
2024-06-01,PHED,C,residential,117.12,399.69,0.0901,synthetic_fabricated_from_policy_context,NERC publications; media reports
2024-06-01,PHED,C,commercial,128.84,604.04,0.0991,synthetic_fabricated_from_policy_context,NERC publications; media reports
2024-06-01,PHED,C,industrial,134.69,633.2,0.1036,synthetic_fabricated_from_policy_context,NERC publications; media reports
2024-06-01,PHED,D,residential,95.16,446.88,0.0732,synthetic_fabricated_from_policy_context,NERC publications; media reports
2024-06-01,PHED,D,commercial,104.68,477.62,0.0805,synthetic_fabricated_from_policy_context,NERC publications; media reports
2024-06-01,PHED,D,industrial,109.44,425.84,0.0842,synthetic_fabricated_from_policy_context,NERC publications; media reports
2024-06-01,PHED,E,residential,73.2,285.09,0.0563,synthetic_fabricated_from_policy_context,NERC publications; media reports
2024-06-01,PHED,E,commercial,80.52,287.12,0.0619,synthetic_fabricated_from_policy_context,NERC publications; media reports
2024-06-01,PHED,E,industrial,84.18,368.89,0.0648,synthetic_fabricated_from_policy_context,NERC publications; media reports
2024-06-01,PHED,Premium,residential,292.81,1059.69,0.2252,synthetic_fabricated_from_policy_context,NERC publications; media reports
2024-06-01,PHED,Premium,commercial,322.09,1256.69,0.2478,synthetic_fabricated_from_policy_context,NERC publications; media reports
2024-06-01,PHED,Premium,industrial,336.73,1595.01,0.259,synthetic_fabricated_from_policy_context,NERC publications; media reports
2024-06-01,YEDC,A,residential,204.88,807.6,0.1576,synthetic_fabricated_from_policy_context,NERC publications; media reports
2024-06-01,YEDC,A,commercial,225.37,818.86,0.1734,synthetic_fabricated_from_policy_context,NERC publications; media reports
2024-06-01,YEDC,A,industrial,235.61,752.48,0.1812,synthetic_fabricated_from_policy_context,NERC publications; media reports
2024-06-01,YEDC,B,residential,163.9,629.29,0.1261,synthetic_fabricated_from_policy_context,NERC publications; media reports
2024-06-01,YEDC,B,commercial,180.29,757.03,0.1387,synthetic_fabricated_from_policy_context,NERC publications; media reports
2024-06-01,YEDC,B,industrial,188.49,630.71,0.145,synthetic_fabricated_from_policy_context,NERC publications; media reports
2024-06-01,YEDC,C,residential,131.12,479.02,0.1009,synthetic_fabricated_from_policy_context,NERC publications; media reports
2024-06-01,YEDC,C,commercial,144.23,624.8,0.1109,synthetic_fabricated_from_policy_context,NERC publications; media reports
2024-06-01,YEDC,C,industrial,150.79,628.81,0.116,synthetic_fabricated_from_policy_context,NERC publications; media reports
2024-06-01,YEDC,D,residential,106.54,332.51,0.082,synthetic_fabricated_from_policy_context,NERC publications; media reports
2024-06-01,YEDC,D,commercial,117.19,412.6,0.0901,synthetic_fabricated_from_policy_context,NERC publications; media reports
2024-06-01,YEDC,D,industrial,122.52,377.38,0.0942,synthetic_fabricated_from_policy_context,NERC publications; media reports
2024-06-01,YEDC,E,residential,81.95,310.81,0.063,synthetic_fabricated_from_policy_context,NERC publications; media reports
2024-06-01,YEDC,E,commercial,90.15,357.15,0.0693,synthetic_fabricated_from_policy_context,NERC publications; media reports
2024-06-01,YEDC,E,industrial,94.24,368.66,0.0725,synthetic_fabricated_from_policy_context,NERC publications; media reports
2024-06-01,YEDC,Premium,residential,327.81,1037.17,0.2522,synthetic_fabricated_from_policy_context,NERC publications; media reports
2024-06-01,YEDC,Premium,commercial,360.59,1365.56,0.2774,synthetic_fabricated_from_policy_context,NERC publications; media reports
2024-06-01,YEDC,Premium,industrial,376.98,1586.08,0.29,synthetic_fabricated_from_policy_context,NERC publications; media reports
2024-07-01,AEDC,A,residential,196.74,845.41,0.1513,synthetic_fabricated_from_policy_context,NERC publications; media reports
2024-07-01,AEDC,A,commercial,216.41,694.26,0.1665,synthetic_fabricated_from_policy_context,NERC publications; media reports
2024-07-01,AEDC,A,industrial,226.25,954.32,0.174,synthetic_fabricated_from_policy_context,NERC publications; media reports
2024-07-01,AEDC,B,residential,157.39,712.31,0.1211,synthetic_fabricated_from_policy_context,NERC publications; media reports
2024-07-01,AEDC,B,commercial,173.13,591.93,0.1332,synthetic_fabricated_from_policy_context,NERC publications; media reports
2024-07-01,AEDC,B,industrial,181.0,607.81,0.1392,synthetic_fabricated_from_policy_context,NERC publications; media reports
2024-07-01,AEDC,C,residential,125.91,467.34,0.0969,synthetic_fabricated_from_policy_context,NERC publications; media reports
2024-07-01,AEDC,C,commercial,138.51,476.46,0.1065,synthetic_fabricated_from_policy_context,NERC publications; media reports
2024-07-01,AEDC,C,industrial,144.8,545.22,0.1114,synthetic_fabricated_from_policy_context,NERC publications; media reports
2024-07-01,AEDC,D,residential,102.3,361.12,0.0787,synthetic_fabricated_from_policy_context,NERC publications; media reports
2024-07-01,AEDC,D,commercial,112.54,427.85,0.0866,synthetic_fabricated_from_policy_context,NERC publications; media reports
2024-07-01,AEDC,D,industrial,117.65,517.78,0.0905,synthetic_fabricated_from_policy_context,NERC publications; media reports
2024-07-01,AEDC,E,residential,78.7,276.18,0.0605,synthetic_fabricated_from_policy_context,NERC publications; media reports
2024-07-01,AEDC,E,commercial,86.57,266.55,0.0666,synthetic_fabricated_from_policy_context,NERC publications; media reports
2024-07-01,AEDC,E,industrial,90.5,288.13,0.0696,synthetic_fabricated_from_policy_context,NERC publications; media reports
2024-07-01,AEDC,Premium,residential,314.78,1143.23,0.2421,synthetic_fabricated_from_policy_context,NERC publications; media reports
2024-07-01,AEDC,Premium,commercial,346.26,1272.58,0.2664,synthetic_fabricated_from_policy_context,NERC publications; media reports
2024-07-01,AEDC,Premium,industrial,362.0,1222.36,0.2785,synthetic_fabricated_from_policy_context,NERC publications; media reports
2024-07-01,BEDC,A,residential,204.66,682.75,0.1574,synthetic_fabricated_from_policy_context,NERC publications; media reports
2024-07-01,BEDC,A,commercial,225.13,930.53,0.1732,synthetic_fabricated_from_policy_context,NERC publications; media reports
2024-07-01,BEDC,A,industrial,235.36,731.93,0.181,synthetic_fabricated_from_policy_context,NERC publications; media reports
2024-07-01,BEDC,B,residential,163.73,550.64,0.1259,synthetic_fabricated_from_policy_context,NERC publications; media reports
2024-07-01,BEDC,B,commercial,180.1,665.24,0.1385,synthetic_fabricated_from_policy_context,NERC publications; media reports
2024-07-01,BEDC,B,industrial,188.29,678.1,0.1448,synthetic_fabricated_from_policy_context,NERC publications; media reports
2024-07-01,BEDC,C,residential,130.98,396.79,0.1008,synthetic_fabricated_from_policy_context,NERC publications; media reports
2024-07-01,BEDC,C,commercial,144.08,507.01,0.1108,synthetic_fabricated_from_policy_context,NERC publications; media reports
2024-07-01,BEDC,C,industrial,150.63,653.54,0.1159,synthetic_fabricated_from_policy_context,NERC publications; media reports
2024-07-01,BEDC,D,residential,106.42,379.31,0.0819,synthetic_fabricated_from_policy_context,NERC publications; media reports
2024-07-01,BEDC,D,commercial,117.07,416.33,0.0901,synthetic_fabricated_from_policy_context,NERC publications; media reports
2024-07-01,BEDC,D,industrial,122.39,441.66,0.0941,synthetic_fabricated_from_policy_context,NERC publications; media reports
2024-07-01,BEDC,E,residential,81.86,336.43,0.063,synthetic_fabricated_from_policy_context,NERC publications; media reports
2024-07-01,BEDC,E,commercial,90.05,364.86,0.0693,synthetic_fabricated_from_policy_context,NERC publications; media reports
2024-07-01,BEDC,E,industrial,94.14,281.49,0.0724,synthetic_fabricated_from_policy_context,NERC publications; media reports
2024-07-01,BEDC,Premium,residential,327.46,1093.47,0.2519,synthetic_fabricated_from_policy_context,NERC publications; media reports
2024-07-01,BEDC,Premium,commercial,360.2,1213.1,0.2771,synthetic_fabricated_from_policy_context,NERC publications; media reports
2024-07-01,BEDC,Premium,industrial,376.57,1280.26,0.2897,synthetic_fabricated_from_policy_context,NERC publications; media reports
2024-07-01,EEDC,A,residential,192.04,898.44,0.1477,synthetic_fabricated_from_policy_context,NERC publications; media reports
2024-07-01,EEDC,A,commercial,211.25,949.47,0.1625,synthetic_fabricated_from_policy_context,NERC publications; media reports
2024-07-01,EEDC,A,industrial,220.85,721.47,0.1699,synthetic_fabricated_from_policy_context,NERC publications; media reports
2024-07-01,EEDC,B,residential,153.63,662.26,0.1182,synthetic_fabricated_from_policy_context,NERC publications; media reports
2024-07-01,EEDC,B,commercial,169.0,653.25,0.13,synthetic_fabricated_from_policy_context,NERC publications; media reports
2024-07-01,EEDC,B,industrial,176.68,561.81,0.1359,synthetic_fabricated_from_policy_context,NERC publications; media reports
2024-07-01,EEDC,C,residential,122.91,428.19,0.0945,synthetic_fabricated_from_policy_context,NERC publications; media reports
2024-07-01,EEDC,C,commercial,135.2,560.94,0.104,synthetic_fabricated_from_policy_context,NERC publications; media reports
2024-07-01,EEDC,C,industrial,141.34,509.0,0.1087,synthetic_fabricated_from_policy_context,NERC publications; media reports
2024-07-01,EEDC,D,residential,99.86,391.51,0.0768,synthetic_fabricated_from_policy_context,NERC publications; media reports
2024-07-01,EEDC,D,commercial,109.85,389.89,0.0845,synthetic_fabricated_from_policy_context,NERC publications; media reports
2024-07-01,EEDC,D,industrial,114.84,517.63,0.0883,synthetic_fabricated_from_policy_context,NERC publications; media reports
2024-07-01,EEDC,E,residential,76.82,263.62,0.0591,synthetic_fabricated_from_policy_context,NERC publications; media reports
2024-07-01,EEDC,E,commercial,84.5,355.66,0.065,synthetic_fabricated_from_policy_context,NERC publications; media reports
2024-07-01,EEDC,E,industrial,88.34,349.16,0.068,synthetic_fabricated_from_policy_context,NERC publications; media reports
2024-07-01,EEDC,Premium,residential,307.27,1056.39,0.2364,synthetic_fabricated_from_policy_context,NERC publications; media reports
2024-07-01,EEDC,Premium,commercial,337.99,1256.21,0.26,synthetic_fabricated_from_policy_context,NERC publications; media reports
2024-07-01,EEDC,Premium,industrial,353.36,1568.51,0.2718,synthetic_fabricated_from_policy_context,NERC publications; media reports
2024-07-01,EKEDC,A,residential,174.23,842.63,0.134,synthetic_fabricated_from_policy_context,NERC publications; media reports
2024-07-01,EKEDC,A,commercial,191.65,789.29,0.1474,synthetic_fabricated_from_policy_context,NERC publications; media reports
2024-07-01,EKEDC,A,industrial,200.37,692.39,0.1541,synthetic_fabricated_from_policy_context,NERC publications; media reports
2024-07-01,EKEDC,B,residential,139.38,487.9,0.1072,synthetic_fabricated_from_policy_context,NERC publications; media reports
2024-07-01,EKEDC,B,commercial,153.32,715.01,0.1179,synthetic_fabricated_from_policy_context,NERC publications; media reports
2024-07-01,EKEDC,B,industrial,160.29,824.61,0.1233,synthetic_fabricated_from_policy_context,NERC publications; media reports
2024-07-01,EKEDC,C,residential,111.51,394.36,0.0858,synthetic_fabricated_from_policy_context,NERC publications; media reports
2024-07-01,EKEDC,C,commercial,122.66,612.83,0.0944,synthetic_fabricated_from_policy_context,NERC publications; media reports
2024-07-01,EKEDC,C,industrial,128.23,443.66,0.0986,synthetic_fabricated_from_policy_context,NERC publications; media reports
2024-07-01,EKEDC,D,residential,90.6,358.95,0.0697,synthetic_fabricated_from_policy_context,NERC publications; media reports
2024-07-01,EKEDC,D,commercial,99.66,406.88,0.0767,synthetic_fabricated_from_policy_context,NERC publications; media reports
2024-07-01,EKEDC,D,industrial,104.19,448.04,0.0801,synthetic_fabricated_from_policy_context,NERC publications; media reports
2024-07-01,EKEDC,E,residential,69.69,333.92,0.0536,synthetic_fabricated_from_policy_context,NERC publications; media reports
2024-07-01,EKEDC,E,commercial,76.66,358.24,0.059,synthetic_fabricated_from_policy_context,NERC publications; media reports
2024-07-01,EKEDC,E,industrial,80.15,385.76,0.0617,synthetic_fabricated_from_policy_context,NERC publications; media reports
2024-07-01,EKEDC,Premium,residential,278.77,1008.87,0.2144,synthetic_fabricated_from_policy_context,NERC publications; media reports
2024-07-01,EKEDC,Premium,commercial,306.65,1437.01,0.2359,synthetic_fabricated_from_policy_context,NERC publications; media reports
2024-07-01,EKEDC,Premium,industrial,320.59,1220.8,0.2466,synthetic_fabricated_from_policy_context,NERC publications; media reports
2024-07-01,IBEDC,A,residential,183.47,898.3,0.1411,synthetic_fabricated_from_policy_context,NERC publications; media reports
2024-07-01,IBEDC,A,commercial,201.81,709.16,0.1552,synthetic_fabricated_from_policy_context,NERC publications; media reports
2024-07-01,IBEDC,A,industrial,210.99,809.52,0.1623,synthetic_fabricated_from_policy_context,NERC publications; media reports
2024-07-01,IBEDC,B,residential,146.77,548.15,0.1129,synthetic_fabricated_from_policy_context,NERC publications; media reports
2024-07-01,IBEDC,B,commercial,161.45,723.77,0.1242,synthetic_fabricated_from_policy_context,NERC publications; media reports
2024-07-01,IBEDC,B,industrial,168.79,734.52,0.1298,synthetic_fabricated_from_policy_context,NERC publications; media reports
2024-07-01,IBEDC,C,residential,117.42,476.67,0.0903,synthetic_fabricated_from_policy_context,NERC publications; media reports
2024-07-01,IBEDC,C,commercial,129.16,615.04,0.0994,synthetic_fabricated_from_policy_context,NERC publications; media reports
2024-07-01,IBEDC,C,industrial,135.03,513.24,0.1039,synthetic_fabricated_from_policy_context,NERC publications; media reports
2024-07-01,IBEDC,D,residential,95.4,316.84,0.0734,synthetic_fabricated_from_policy_context,NERC publications; media reports
2024-07-01,IBEDC,D,commercial,104.94,494.1,0.0807,synthetic_fabricated_from_policy_context,NERC publications; media reports
2024-07-01,IBEDC,D,industrial,109.71,536.71,0.0844,synthetic_fabricated_from_policy_context,NERC publications; media reports
2024-07-01,IBEDC,E,residential,73.39,300.8,0.0565,synthetic_fabricated_from_policy_context,NERC publications; media reports
2024-07-01,IBEDC,E,commercial,80.73,333.02,0.0621,synthetic_fabricated_from_policy_context,NERC publications; media reports
2024-07-01,IBEDC,E,industrial,84.39,393.61,0.0649,synthetic_fabricated_from_policy_context,NERC publications; media reports
2024-07-01,IBEDC,Premium,residential,293.55,1213.19,0.2258,synthetic_fabricated_from_policy_context,NERC publications; media reports
2024-07-01,IBEDC,Premium,commercial,322.9,1559.47,0.2484,synthetic_fabricated_from_policy_context,NERC publications; media reports
2024-07-01,IBEDC,Premium,industrial,337.58,1485.04,0.2597,synthetic_fabricated_from_policy_context,NERC publications; media reports
2024-07-01,IKEDC,A,residential,180.78,736.56,0.1391,synthetic_fabricated_from_policy_context,NERC publications; media reports
2024-07-01,IKEDC,A,commercial,198.86,854.72,0.153,synthetic_fabricated_from_policy_context,NERC publications; media reports
2024-07-01,IKEDC,A,industrial,207.9,751.14,0.1599,synthetic_fabricated_from_policy_context,NERC publications; media reports
2024-07-01,IKEDC,B,residential,144.62,614.61,0.1112,synthetic_fabricated_from_policy_context,NERC publications; media reports
2024-07-01,IKEDC,B,commercial,159.09,530.56,0.1224,synthetic_fabricated_from_policy_context,NERC publications; media reports
2024-07-01,IKEDC,B,industrial,166.32,795.67,0.1279,synthetic_fabricated_from_policy_context,NERC publications; media reports
2024-07-01,IKEDC,C,residential,115.7,483.99,0.089,synthetic_fabricated_from_policy_context,NERC publications; media reports
2024-07-01,IKEDC,C,commercial,127.27,620.87,0.0979,synthetic_fabricated_from_policy_context,NERC publications; media reports
2024-07-01,IKEDC,C,industrial,133.05,465.59,0.1023,synthetic_fabricated_from_policy_context,NERC publications; media reports
2024-07-01,IKEDC,D,residential,94.01,377.44,0.0723,synthetic_fabricated_from_policy_context,NERC publications; media reports
2024-07-01,IKEDC,D,commercial,103.41,461.82,0.0795,synthetic_fabricated_from_policy_context,NERC publications; media reports
2024-07-01,IKEDC,D,industrial,108.11,459.48,0.0832,synthetic_fabricated_from_policy_context,NERC publications; media reports
2024-07-01,IKEDC,E,residential,72.31,263.27,0.0556,synthetic_fabricated_from_policy_context,NERC publications; media reports
2024-07-01,IKEDC,E,commercial,79.54,395.57,0.0612,synthetic_fabricated_from_policy_context,NERC publications; media reports
2024-07-01,IKEDC,E,industrial,83.16,311.82,0.064,synthetic_fabricated_from_policy_context,NERC publications; media reports
2024-07-01,IKEDC,Premium,residential,289.25,1413.57,0.2225,synthetic_fabricated_from_policy_context,NERC publications; media reports
2024-07-01,IKEDC,Premium,commercial,318.17,1562.15,0.2447,synthetic_fabricated_from_policy_context,NERC publications; media reports
2024-07-01,IKEDC,Premium,industrial,332.64,1218.09,0.2559,synthetic_fabricated_from_policy_context,NERC publications; media reports
2024-07-01,JED,A,residential,185.14,685.61,0.1424,synthetic_fabricated_from_policy_context,NERC publications; media reports
2024-07-01,JED,A,commercial,203.66,946.15,0.1567,synthetic_fabricated_from_policy_context,NERC publications; media reports
2024-07-01,JED,A,industrial,212.91,692.69,0.1638,synthetic_fabricated_from_policy_context,NERC publications; media reports
2024-07-01,JED,B,residential,148.11,601.33,0.1139,synthetic_fabricated_from_policy_context,NERC publications; media reports
2024-07-01,JED,B,commercial,162.92,652.35,0.1253,synthetic_fabricated_from_policy_context,NERC publications; media reports
2024-07-01,JED,B,industrial,170.33,609.21,0.131,synthetic_fabricated_from_policy_context,NERC publications; media reports
2024-07-01,JED,C,residential,118.49,511.97,0.0911,synthetic_fabricated_from_policy_context,NERC publications; media reports
2024-07-01,JED,C,commercial,130.34,630.94,0.1003,synthetic_fabricated_from_policy_context,NERC publications; media reports
2024-07-01,JED,C,industrial,136.26,466.38,0.1048,synthetic_fabricated_from_policy_context,NERC publications; media reports
2024-07-01,JED,D,residential,96.27,464.46,0.0741,synthetic_fabricated_from_policy_context,NERC publications; media reports
2024-07-01,JED,D,commercial,105.9,390.01,0.0815,synthetic_fabricated_from_policy_context,NERC publications; media reports
2024-07-01,JED,D,industrial,110.71,450.37,0.0852,synthetic_fabricated_from_policy_context,NERC publications; media reports
2024-07-01,JED,E,residential,74.06,266.48,0.057,synthetic_fabricated_from_policy_context,NERC publications; media reports
2024-07-01,JED,E,commercial,81.46,395.92,0.0627,synthetic_fabricated_from_policy_context,NERC publications; media reports
2024-07-01,JED,E,industrial,85.17,371.18,0.0655,synthetic_fabricated_from_policy_context,NERC publications; media reports
2024-07-01,JED,Premium,residential,296.23,998.11,0.2279,synthetic_fabricated_from_policy_context,NERC publications; media reports
2024-07-01,JED,Premium,commercial,325.85,1332.91,0.2507,synthetic_fabricated_from_policy_context,NERC publications; media reports
2024-07-01,JED,Premium,industrial,340.66,1147.55,0.262,synthetic_fabricated_from_policy_context,NERC publications; media reports
2024-07-01,KAEDCO,A,residential,169.94,785.69,0.1307,synthetic_fabricated_from_policy_context,NERC publications; media reports
2024-07-01,KAEDCO,A,commercial,186.93,989.4,0.1438,synthetic_fabricated_from_policy_context,NERC publications; media reports
2024-07-01,KAEDCO,A,industrial,195.43,821.66,0.1503,synthetic_fabricated_from_policy_context,NERC publications; media reports
2024-07-01,KAEDCO,B,residential,135.95,597.33,0.1046,synthetic_fabricated_from_policy_context,NERC publications; media reports
2024-07-01,KAEDCO,B,commercial,149.54,670.92,0.115,synthetic_fabricated_from_policy_context,NERC publications; media reports
2024-07-01,KAEDCO,B,industrial,156.34,769.82,0.1203,synthetic_fabricated_from_policy_context,NERC publications; media reports
2024-07-01,KAEDCO,C,residential,108.76,401.62,0.0837,synthetic_fabricated_from_policy_context,NERC publications; media reports
2024-07-01,KAEDCO,C,commercial,119.63,462.04,0.092,synthetic_fabricated_from_policy_context,NERC publications; media reports
2024-07-01,KAEDCO,C,industrial,125.07,605.36,0.0962,synthetic_fabricated_from_policy_context,NERC publications; media reports
2024-07-01,KAEDCO,D,residential,88.37,435.78,0.068,synthetic_fabricated_from_policy_context,NERC publications; media reports
2024-07-01,KAEDCO,D,commercial,97.2,420.55,0.0748,synthetic_fabricated_from_policy_context,NERC publications; media reports
2024-07-01,KAEDCO,D,industrial,101.62,414.05,0.0782,synthetic_fabricated_from_policy_context,NERC publications; media reports
2024-07-01,KAEDCO,E,residential,67.97,331.84,0.0523,synthetic_fabricated_from_policy_context,NERC publications; media reports
2024-07-01,KAEDCO,E,commercial,74.77,334.41,0.0575,synthetic_fabricated_from_policy_context,NERC publications; media reports
2024-07-01,KAEDCO,E,industrial,78.17,367.64,0.0601,synthetic_fabricated_from_policy_context,NERC publications; media reports
2024-07-01,KAEDCO,Premium,residential,271.9,1429.55,0.2092,synthetic_fabricated_from_policy_context,NERC publications; media reports
2024-07-01,KAEDCO,Premium,commercial,299.09,1495.36,0.2301,synthetic_fabricated_from_policy_context,NERC publications; media reports
2024-07-01,KAEDCO,Premium,industrial,312.68,1220.48,0.2405,synthetic_fabricated_from_policy_context,NERC publications; media reports
2024-07-01,KEDCO,A,residential,186.03,828.15,0.1431,synthetic_fabricated_from_policy_context,NERC publications; media reports
2024-07-01,KEDCO,A,commercial,204.63,663.18,0.1574,synthetic_fabricated_from_policy_context,NERC publications; media reports
2024-07-01,KEDCO,A,industrial,213.93,837.54,0.1646,synthetic_fabricated_from_policy_context,NERC publications; media reports
2024-07-01,KEDCO,B,residential,148.82,708.85,0.1145,synthetic_fabricated_from_policy_context,NERC publications; media reports
2024-07-01,KEDCO,B,commercial,163.71,536.3,0.1259,synthetic_fabricated_from_policy_context,NERC publications; media reports
2024-07-01,KEDCO,B,industrial,171.15,814.66,0.1317,synthetic_fabricated_from_policy_context,NERC publications; media reports
2024-07-01,KEDCO,C,residential,119.06,414.99,0.0916,synthetic_fabricated_from_policy_context,NERC publications; media reports
2024-07-01,KEDCO,C,commercial,130.96,474.86,0.1007,synthetic_fabricated_from_policy_context,NERC publications; media reports
2024-07-01,KEDCO,C,industrial,136.92,596.82,0.1053,synthetic_fabricated_from_policy_context,NERC publications; media reports
2024-07-01,KEDCO,D,residential,96.74,425.18,0.0744,synthetic_fabricated_from_policy_context,NERC publications; media reports
2024-07-01,KEDCO,D,commercial,106.41,460.08,0.0819,synthetic_fabricated_from_policy_context,NERC publications; media reports
2024-07-01,KEDCO,D,industrial,111.25,405.06,0.0856,synthetic_fabricated_from_policy_context,NERC publications; media reports
2024-07-01,KEDCO,E,residential,74.41,260.2,0.0572,synthetic_fabricated_from_policy_context,NERC publications; media reports
2024-07-01,KEDCO,E,commercial,81.85,390.76,0.063,synthetic_fabricated_from_policy_context,NERC publications; media reports
2024-07-01,KEDCO,E,industrial,85.57,374.21,0.0658,synthetic_fabricated_from_policy_context,NERC publications; media reports
2024-07-01,KEDCO,Premium,residential,297.65,1020.13,0.229,synthetic_fabricated_from_policy_context,NERC publications; media reports
2024-07-01,KEDCO,Premium,commercial,327.41,1252.91,0.2519,synthetic_fabricated_from_policy_context,NERC publications; media reports
2024-07-01,KEDCO,Premium,industrial,342.29,1389.23,0.2633,synthetic_fabricated_from_policy_context,NERC publications; media reports
2024-07-01,PHED,A,residential,207.97,636.82,0.16,synthetic_fabricated_from_policy_context,NERC publications; media reports
2024-07-01,PHED,A,commercial,228.77,695.81,0.176,synthetic_fabricated_from_policy_context,NERC publications; media reports
2024-07-01,PHED,A,industrial,239.17,839.72,0.184,synthetic_fabricated_from_policy_context,NERC publications; media reports
2024-07-01,PHED,B,residential,166.38,584.35,0.128,synthetic_fabricated_from_policy_context,NERC publications; media reports
2024-07-01,PHED,B,commercial,183.01,646.74,0.1408,synthetic_fabricated_from_policy_context,NERC publications; media reports
2024-07-01,PHED,B,industrial,191.33,801.33,0.1472,synthetic_fabricated_from_policy_context,NERC publications; media reports
2024-07-01,PHED,C,residential,133.1,547.71,0.1024,synthetic_fabricated_from_policy_context,NERC publications; media reports
2024-07-01,PHED,C,commercial,146.41,579.59,0.1126,synthetic_fabricated_from_policy_context,NERC publications; media reports
2024-07-01,PHED,C,industrial,153.07,579.62,0.1177,synthetic_fabricated_from_policy_context,NERC publications; media reports
2024-07-01,PHED,D,residential,108.14,341.33,0.0832,synthetic_fabricated_from_policy_context,NERC publications; media reports
2024-07-01,PHED,D,commercial,118.96,490.12,0.0915,synthetic_fabricated_from_policy_context,NERC publications; media reports
2024-07-01,PHED,D,industrial,124.37,502.07,0.0957,synthetic_fabricated_from_policy_context,NERC publications; media reports
2024-07-01,PHED,E,residential,83.19,280.93,0.064,synthetic_fabricated_from_policy_context,NERC publications; media reports
2024-07-01,PHED,E,commercial,91.51,377.92,0.0704,synthetic_fabricated_from_policy_context,NERC publications; media reports
2024-07-01,PHED,E,industrial,95.67,292.87,0.0736,synthetic_fabricated_from_policy_context,NERC publications; media reports
2024-07-01,PHED,Premium,residential,332.75,1050.7,0.256,synthetic_fabricated_from_policy_context,NERC publications; media reports
2024-07-01,PHED,Premium,commercial,366.03,1374.45,0.2816,synthetic_fabricated_from_policy_context,NERC publications; media reports
2024-07-01,PHED,Premium,industrial,382.66,1634.39,0.2944,synthetic_fabricated_from_policy_context,NERC publications; media reports
2024-07-01,YEDC,A,residential,191.86,607.19,0.1476,synthetic_fabricated_from_policy_context,NERC publications; media reports
2024-07-01,YEDC,A,commercial,211.05,833.78,0.1623,synthetic_fabricated_from_policy_context,NERC publications; media reports
2024-07-01,YEDC,A,industrial,220.64,930.07,0.1697,synthetic_fabricated_from_policy_context,NERC publications; media reports
2024-07-01,YEDC,B,residential,153.49,663.11,0.1181,synthetic_fabricated_from_policy_context,NERC publications; media reports
2024-07-01,YEDC,B,commercial,168.84,531.52,0.1299,synthetic_fabricated_from_policy_context,NERC publications; media reports
2024-07-01,YEDC,B,industrial,176.51,575.24,0.1358,synthetic_fabricated_from_policy_context,NERC publications; media reports
2024-07-01,YEDC,C,residential,122.79,418.69,0.0945,synthetic_fabricated_from_policy_context,NERC publications; media reports
2024-07-01,YEDC,C,commercial,135.07,525.69,0.1039,synthetic_fabricated_from_policy_context,NERC publications; media reports
2024-07-01,YEDC,C,industrial,141.21,451.2,0.1086,synthetic_fabricated_from_policy_context,NERC publications; media reports
2024-07-01,YEDC,D,residential,99.77,333.5,0.0767,synthetic_fabricated_from_policy_context,NERC publications; media reports
2024-07-01,YEDC,D,commercial,109.75,459.31,0.0844,synthetic_fabricated_from_policy_context,NERC publications; media reports
2024-07-01,YEDC,D,industrial,114.73,363.95,0.0883,synthetic_fabricated_from_policy_context,NERC publications; media reports
2024-07-01,YEDC,E,residential,76.75,240.06,0.059,synthetic_fabricated_from_policy_context,NERC publications; media reports
2024-07-01,YEDC,E,commercial,84.42,330.91,0.0649,synthetic_fabricated_from_policy_context,NERC publications; media reports
2024-07-01,YEDC,E,industrial,88.26,375.82,0.0679,synthetic_fabricated_from_policy_context,NERC publications; media reports
2024-07-01,YEDC,Premium,residential,306.98,1256.29,0.2361,synthetic_fabricated_from_policy_context,NERC publications; media reports
2024-07-01,YEDC,Premium,commercial,337.68,1320.54,0.2598,synthetic_fabricated_from_policy_context,NERC publications; media reports
2024-07-01,YEDC,Premium,industrial,353.03,1465.84,0.2716,synthetic_fabricated_from_policy_context,NERC publications; media reports
2024-08-01,AEDC,A,residential,175.53,833.36,0.135,synthetic_fabricated_from_policy_context,NERC publications; media reports
2024-08-01,AEDC,A,commercial,193.08,958.93,0.1485,synthetic_fabricated_from_policy_context,NERC publications; media reports
2024-08-01,AEDC,A,industrial,201.86,814.85,0.1553,synthetic_fabricated_from_policy_context,NERC publications; media reports
2024-08-01,AEDC,B,residential,140.42,589.94,0.108,synthetic_fabricated_from_policy_context,NERC publications; media reports
2024-08-01,AEDC,B,commercial,154.47,790.51,0.1188,synthetic_fabricated_from_policy_context,NERC publications; media reports
2024-08-01,AEDC,B,industrial,161.49,798.89,0.1242,synthetic_fabricated_from_policy_context,NERC publications; media reports
2024-08-01,AEDC,C,residential,112.34,501.82,0.0864,synthetic_fabricated_from_policy_context,NERC publications; media reports
2024-08-01,AEDC,C,commercial,123.57,541.56,0.0951,synthetic_fabricated_from_policy_context,NERC publications; media reports
2024-08-01,AEDC,C,industrial,129.19,484.83,0.0994,synthetic_fabricated_from_policy_context,NERC publications; media reports
2024-08-01,AEDC,D,residential,91.28,427.05,0.0702,synthetic_fabricated_from_policy_context,NERC publications; media reports
2024-08-01,AEDC,D,commercial,100.4,388.08,0.0772,synthetic_fabricated_from_policy_context,NERC publications; media reports
2024-08-01,AEDC,D,industrial,104.97,408.38,0.0807,synthetic_fabricated_from_policy_context,NERC publications; media reports
2024-08-01,AEDC,E,residential,70.21,307.28,0.054,synthetic_fabricated_from_policy_context,NERC publications; media reports
2024-08-01,AEDC,E,commercial,77.23,366.08,0.0594,synthetic_fabricated_from_policy_context,NERC publications; media reports
2024-08-01,AEDC,E,industrial,80.74,338.53,0.0621,synthetic_fabricated_from_policy_context,NERC publications; media reports
2024-08-01,AEDC,Premium,residential,280.85,1167.08,0.216,synthetic_fabricated_from_policy_context,NERC publications; media reports
2024-08-01,AEDC,Premium,commercial,308.93,1389.78,0.2376,synthetic_fabricated_from_policy_context,NERC publications; media reports
2024-08-01,AEDC,Premium,industrial,322.98,1355.04,0.2484,synthetic_fabricated_from_policy_context,NERC publications; media reports
2024-08-01,BEDC,A,residential,208.61,654.15,0.1605,synthetic_fabricated_from_policy_context,NERC publications; media reports
2024-08-01,BEDC,A,commercial,229.47,724.48,0.1765,synthetic_fabricated_from_policy_context,NERC publications; media reports
2024-08-01,BEDC,A,industrial,239.9,818.48,0.1845,synthetic_fabricated_from_policy_context,NERC publications; media reports
2024-08-01,BEDC,B,residential,166.89,614.64,0.1284,synthetic_fabricated_from_policy_context,NERC publications; media reports
2024-08-01,BEDC,B,commercial,183.57,683.33,0.1412,synthetic_fabricated_from_policy_context,NERC publications; media reports
2024-08-01,BEDC,B,industrial,191.92,751.45,0.1476,synthetic_fabricated_from_policy_context,NERC publications; media reports
2024-08-01,BEDC,C,residential,133.51,565.07,0.1027,synthetic_fabricated_from_policy_context,NERC publications; media reports
2024-08-01,BEDC,C,commercial,146.86,564.5,0.113,synthetic_fabricated_from_policy_context,NERC publications; media reports
2024-08-01,BEDC,C,industrial,153.54,586.81,0.1181,synthetic_fabricated_from_policy_context,NERC publications; media reports
2024-08-01,BEDC,D,residential,108.48,341.17,0.0834,synthetic_fabricated_from_policy_context,NERC publications; media reports
2024-08-01,BEDC,D,commercial,119.32,429.27,0.0918,synthetic_fabricated_from_policy_context,NERC publications; media reports
2024-08-01,BEDC,D,industrial,124.75,538.08,0.096,synthetic_fabricated_from_policy_context,NERC publications; media reports
2024-08-01,BEDC,E,residential,83.44,293.56,0.0642,synthetic_fabricated_from_policy_context,NERC publications; media reports
2024-08-01,BEDC,E,commercial,91.79,283.08,0.0706,synthetic_fabricated_from_policy_context,NERC publications; media reports
2024-08-01,BEDC,E,industrial,95.96,396.41,0.0738,synthetic_fabricated_from_policy_context,NERC publications; media reports
2024-08-01,BEDC,Premium,residential,333.77,1274.79,0.2567,synthetic_fabricated_from_policy_context,NERC publications; media reports
2024-08-01,BEDC,Premium,commercial,367.15,1104.56,0.2824,synthetic_fabricated_from_policy_context,NERC publications; media reports
2024-08-01,BEDC,Premium,industrial,383.84,1486.08,0.2953,synthetic_fabricated_from_policy_context,NERC publications; media reports
2024-08-01,EEDC,A,residential,175.31,837.75,0.1349,synthetic_fabricated_from_policy_context,NERC publications; media reports
2024-08-01,EEDC,A,commercial,192.84,751.08,0.1483,synthetic_fabricated_from_policy_context,NERC publications; media reports
2024-08-01,EEDC,A,industrial,201.61,849.05,0.1551,synthetic_fabricated_from_policy_context,NERC publications; media reports
2024-08-01,EEDC,B,residential,140.25,541.48,0.1079,synthetic_fabricated_from_policy_context,NERC publications; media reports
2024-08-01,EEDC,B,commercial,154.27,543.43,0.1187,synthetic_fabricated_from_policy_context,NERC publications; media reports
2024-08-01,EEDC,B,industrial,161.29,649.74,0.1241,synthetic_fabricated_from_policy_context,NERC publications; media reports
2024-08-01,EEDC,C,residential,112.2,535.78,0.0863,synthetic_fabricated_from_policy_context,NERC publications; media reports
2024-08-01,EEDC,C,commercial,123.42,465.28,0.0949,synthetic_fabricated_from_policy_context,NERC publications; media reports
2024-08-01,EEDC,C,industrial,129.03,497.29,0.0993,synthetic_fabricated_from_policy_context,NERC publications; media reports
2024-08-01,EEDC,D,residential,91.16,320.18,0.0701,synthetic_fabricated_from_policy_context,NERC publications; media reports
2024-08-01,EEDC,D,commercial,100.28,470.33,0.0771,synthetic_fabricated_from_policy_context,NERC publications; media reports
2024-08-01,EEDC,D,industrial,104.84,517.93,0.0806,synthetic_fabricated_from_policy_context,NERC publications; media reports
2024-08-01,EEDC,E,residential,70.12,251.43,0.0539,synthetic_fabricated_from_policy_context,NERC publications; media reports
2024-08-01,EEDC,E,commercial,77.14,388.95,0.0593,synthetic_fabricated_from_policy_context,NERC publications; media reports
2024-08-01,EEDC,E,industrial,80.64,295.94,0.062,synthetic_fabricated_from_policy_context,NERC publications; media reports
2024-08-01,EEDC,Premium,residential,280.5,1011.11,0.2158,synthetic_fabricated_from_policy_context,NERC publications; media reports
2024-08-01,EEDC,Premium,commercial,308.55,1301.96,0.2373,synthetic_fabricated_from_policy_context,NERC publications; media reports
2024-08-01,EEDC,Premium,industrial,322.57,1314.42,0.2481,synthetic_fabricated_from_policy_context,NERC publications; media reports
2024-08-01,EKEDC,A,residential,211.3,892.08,0.1625,synthetic_fabricated_from_policy_context,NERC publications; media reports
2024-08-01,EKEDC,A,commercial,232.43,752.72,0.1788,synthetic_fabricated_from_policy_context,NERC publications; media reports
2024-08-01,EKEDC,A,industrial,242.99,863.3,0.1869,synthetic_fabricated_from_policy_context,NERC publications; media reports
2024-08-01,EKEDC,B,residential,169.04,672.92,0.13,synthetic_fabricated_from_policy_context,NERC publications; media reports
2024-08-01,EKEDC,B,commercial,185.94,733.11,0.143,synthetic_fabricated_from_policy_context,NERC publications; media reports
2024-08-01,EKEDC,B,industrial,194.4,629.87,0.1495,synthetic_fabricated_from_policy_context,NERC publications; media reports
2024-08-01,EKEDC,C,residential,135.23,544.71,0.104,synthetic_fabricated_from_policy_context,NERC publications; media reports
2024-08-01,EKEDC,C,commercial,148.75,598.19,0.1144,synthetic_fabricated_from_policy_context,NERC publications; media reports
2024-08-01,EKEDC,C,industrial,155.52,556.34,0.1196,synthetic_fabricated_from_policy_context,NERC publications; media reports
2024-08-01,EKEDC,D,residential,109.88,321.01,0.0845,synthetic_fabricated_from_policy_context,NERC publications; media reports
2024-08-01,EKEDC,D,commercial,120.86,465.2,0.093,synthetic_fabricated_from_policy_context,NERC publications; media reports
2024-08-01,EKEDC,D,industrial,126.36,433.63,0.0972,synthetic_fabricated_from_policy_context,NERC publications; media reports
2024-08-01,EKEDC,E,residential,84.52,321.53,0.065,synthetic_fabricated_from_policy_context,NERC publications; media reports
2024-08-01,EKEDC,E,commercial,92.97,341.31,0.0715,synthetic_fabricated_from_policy_context,NERC publications; media reports
2024-08-01,EKEDC,E,industrial,97.2,370.4,0.0748,synthetic_fabricated_from_policy_context,NERC publications; media reports
2024-08-01,EKEDC,Premium,residential,338.08,1421.68,0.2601,synthetic_fabricated_from_policy_context,NERC publications; media reports
2024-08-01,EKEDC,Premium,commercial,371.89,1206.57,0.2861,synthetic_fabricated_from_policy_context,NERC publications; media reports
2024-08-01,EKEDC,Premium,industrial,388.79,1288.54,0.2991,synthetic_fabricated_from_policy_context,NERC publications; media reports
2024-08-01,IBEDC,A,residential,184.48,607.9,0.1419,synthetic_fabricated_from_policy_context,NERC publications; media reports
2024-08-01,IBEDC,A,commercial,202.92,736.17,0.1561,synthetic_fabricated_from_policy_context,NERC publications; media reports
2024-08-01,IBEDC,A,industrial,212.15,755.05,0.1632,synthetic_fabricated_from_policy_context,NERC publications; media reports
2024-08-01,IBEDC,B,residential,147.58,692.4,0.1135,synthetic_fabricated_from_policy_context,NERC publications; media reports
2024-08-01,IBEDC,B,commercial,162.34,618.03,0.1249,synthetic_fabricated_from_policy_context,NERC publications; media reports
2024-08-01,IBEDC,B,industrial,169.72,599.67,0.1306,synthetic_fabricated_from_policy_context,NERC publications; media reports
2024-08-01,IBEDC,C,residential,118.06,476.5,0.0908,synthetic_fabricated_from_policy_context,NERC publications; media reports
2024-08-01,IBEDC,C,commercial,129.87,480.57,0.0999,synthetic_fabricated_from_policy_context,NERC publications; media reports
2024-08-01,IBEDC,C,industrial,135.77,487.4,0.1044,synthetic_fabricated_from_policy_context,NERC publications; media reports
2024-08-01,IBEDC,D,residential,95.93,448.18,0.0738,synthetic_fabricated_from_policy_context,NERC publications; media reports
2024-08-01,IBEDC,D,commercial,105.52,438.07,0.0812,synthetic_fabricated_from_policy_context,NERC publications; media reports
2024-08-01,IBEDC,D,industrial,110.32,497.32,0.0849,synthetic_fabricated_from_policy_context,NERC publications; media reports
2024-08-01,IBEDC,E,residential,73.79,276.23,0.0568,synthetic_fabricated_from_policy_context,NERC publications; media reports
2024-08-01,IBEDC,E,commercial,81.17,298.65,0.0624,synthetic_fabricated_from_policy_context,NERC publications; media reports
2024-08-01,IBEDC,E,industrial,84.86,288.67,0.0653,synthetic_fabricated_from_policy_context,NERC publications; media reports
2024-08-01,IBEDC,Premium,residential,295.16,1342.27,0.227,synthetic_fabricated_from_policy_context,NERC publications; media reports
2024-08-01,IBEDC,Premium,commercial,324.68,1472.75,0.2498,synthetic_fabricated_from_policy_context,NERC publications; media reports
2024-08-01,IBEDC,Premium,industrial,339.43,1282.0,0.2611,synthetic_fabricated_from_policy_context,NERC publications; media reports
2024-08-01,IKEDC,A,residential,170.13,887.64,0.1309,synthetic_fabricated_from_policy_context,NERC publications; media reports
2024-08-01,IKEDC,A,commercial,187.14,702.14,0.144,synthetic_fabricated_from_policy_context,NERC publications; media reports
2024-08-01,IKEDC,A,industrial,195.64,884.73,0.1505,synthetic_fabricated_from_policy_context,NERC publications; media reports
2024-08-01,IKEDC,B,residential,136.1,484.31,0.1047,synthetic_fabricated_from_policy_context,NERC publications; media reports
2024-08-01,IKEDC,B,commercial,149.71,595.9,0.1152,synthetic_fabricated_from_policy_context,NERC publications; media reports
2024-08-01,IKEDC,B,industrial,156.52,725.3,0.1204,synthetic_fabricated_from_policy_context,NERC publications; media reports
2024-08-01,IKEDC,C,residential,108.88,549.57,0.0838,synthetic_fabricated_from_policy_context,NERC publications; media reports
2024-08-01,IKEDC,C,commercial,119.77,538.68,0.0921,synthetic_fabricated_from_policy_context,NERC publications; media reports
2024-08-01,IKEDC,C,industrial,125.21,560.04,0.0963,synthetic_fabricated_from_policy_context,NERC publications; media reports
2024-08-01,IKEDC,D,residential,88.47,412.72,0.0681,synthetic_fabricated_from_policy_context,NERC publications; media reports
2024-08-01,IKEDC,D,commercial,97.31,348.77,0.0749,synthetic_fabricated_from_policy_context,NERC publications; media reports
2024-08-01,IKEDC,D,industrial,101.74,532.85,0.0783,synthetic_fabricated_from_policy_context,NERC publications; media reports
2024-08-01,IKEDC,E,residential,68.05,296.05,0.0523,synthetic_fabricated_from_policy_context,NERC publications; media reports
2024-08-01,IKEDC,E,commercial,74.86,328.62,0.0576,synthetic_fabricated_from_policy_context,NERC publications; media reports
2024-08-01,IKEDC,E,industrial,78.26,364.79,0.0602,synthetic_fabricated_from_policy_context,NERC publications; media reports
2024-08-01,IKEDC,Premium,residential,272.2,1126.04,0.2094,synthetic_fabricated_from_policy_context,NERC publications; media reports
2024-08-01,IKEDC,Premium,commercial,299.42,1261.05,0.2303,synthetic_fabricated_from_policy_context,NERC publications; media reports
2024-08-01,IKEDC,Premium,industrial,313.03,1556.02,0.2408,synthetic_fabricated_from_policy_context,NERC publications; media reports
2024-08-01,JED,A,residential,195.14,737.35,0.1501,synthetic_fabricated_from_policy_context,NERC publications; media reports
2024-08-01,JED,A,commercial,214.66,835.04,0.1651,synthetic_fabricated_from_policy_context,NERC publications; media reports
2024-08-01,JED,A,industrial,224.41,778.66,0.1726,synthetic_fabricated_from_policy_context,NERC publications; media reports
2024-08-01,JED,B,residential,156.11,646.34,0.1201,synthetic_fabricated_from_policy_context,NERC publications; media reports
2024-08-01,JED,B,commercial,171.73,632.27,0.1321,synthetic_fabricated_from_policy_context,NERC publications; media reports
2024-08-01,JED,B,industrial,179.53,750.61,0.1381,synthetic_fabricated_from_policy_context,NERC publications; media reports
2024-08-01,JED,C,residential,124.89,493.95,0.0961,synthetic_fabricated_from_policy_context,NERC publications; media reports
2024-08-01,JED,C,commercial,137.38,541.52,0.1057,synthetic_fabricated_from_policy_context,NERC publications; media reports
2024-08-01,JED,C,industrial,143.63,509.32,0.1105,synthetic_fabricated_from_policy_context,NERC publications; media reports
2024-08-01,JED,D,residential,101.47,346.47,0.0781,synthetic_fabricated_from_policy_context,NERC publications; media reports
2024-08-01,JED,D,commercial,111.62,395.15,0.0859,synthetic_fabricated_from_policy_context,NERC publications; media reports
2024-08-01,JED,D,industrial,116.7,463.21,0.0898,synthetic_fabricated_from_policy_context,NERC publications; media reports
2024-08-01,JED,E,residential,78.06,267.53,0.06,synthetic_fabricated_from_policy_context,NERC publications; media reports
2024-08-01,JED,E,commercial,85.86,336.57,0.066,synthetic_fabricated_from_policy_context,NERC publications; media reports
2024-08-01,JED,E,industrial,89.77,277.81,0.0691,synthetic_fabricated_from_policy_context,NERC publications; media reports
2024-08-01,JED,Premium,residential,312.23,1059.34,0.2402,synthetic_fabricated_from_policy_context,NERC publications; media reports
2024-08-01,JED,Premium,commercial,343.45,1161.75,0.2642,synthetic_fabricated_from_policy_context,NERC publications; media reports
2024-08-01,JED,Premium,industrial,359.06,1311.01,0.2762,synthetic_fabricated_from_policy_context,NERC publications; media reports
2024-08-01,KAEDCO,A,residential,183.8,792.8,0.1414,synthetic_fabricated_from_policy_context,NERC publications; media reports
2024-08-01,KAEDCO,A,commercial,202.18,885.26,0.1555,synthetic_fabricated_from_policy_context,NERC publications; media reports
2024-08-01,KAEDCO,A,industrial,211.37,713.4,0.1626,synthetic_fabricated_from_policy_context,NERC publications; media reports
2024-08-01,KAEDCO,B,residential,147.04,600.95,0.1131,synthetic_fabricated_from_policy_context,NERC publications; media reports
2024-08-01,KAEDCO,B,commercial,161.74,694.44,0.1244,synthetic_fabricated_from_policy_context,NERC publications; media reports
2024-08-01,KAEDCO,B,industrial,169.09,822.75,0.1301,synthetic_fabricated_from_policy_context,NERC publications; media reports
2024-08-01,KAEDCO,C,residential,117.63,403.83,0.0905,synthetic_fabricated_from_policy_context,NERC publications; media reports
2024-08-01,KAEDCO,C,commercial,129.39,602.47,0.0995,synthetic_fabricated_from_policy_context,NERC publications; media reports
2024-08-01,KAEDCO,C,industrial,135.27,553.37,0.1041,synthetic_fabricated_from_policy_context,NERC publications; media reports
2024-08-01,KAEDCO,D,residential,95.57,399.96,0.0735,synthetic_fabricated_from_policy_context,NERC publications; media reports
2024-08-01,KAEDCO,D,commercial,105.13,500.16,0.0809,synthetic_fabricated_from_policy_context,NERC publications; media reports
2024-08-01,KAEDCO,D,industrial,109.91,393.82,0.0845,synthetic_fabricated_from_policy_context,NERC publications; media reports
2024-08-01,KAEDCO,E,residential,73.52,344.45,0.0566,synthetic_fabricated_from_policy_context,NERC publications; media reports
2024-08-01,KAEDCO,E,commercial,80.87,389.75,0.0622,synthetic_fabricated_from_policy_context,NERC publications; media reports
2024-08-01,KAEDCO,E,industrial,84.55,366.53,0.065,synthetic_fabricated_from_policy_context,NERC publications; media reports
2024-08-01,KAEDCO,Premium,residential,294.07,1417.38,0.2262,synthetic_fabricated_from_policy_context,NERC publications; media reports
2024-08-01,KAEDCO,Premium,commercial,323.48,1501.47,0.2488,synthetic_fabricated_from_policy_context,NERC publications; media reports
2024-08-01,KAEDCO,Premium,industrial,338.19,1485.29,0.2601,synthetic_fabricated_from_policy_context,NERC publications; media reports
2024-08-01,KEDCO,A,residential,177.78,666.64,0.1368,synthetic_fabricated_from_policy_context,NERC publications; media reports
2024-08-01,KEDCO,A,commercial,195.56,852.21,0.1504,synthetic_fabricated_from_policy_context,NERC publications; media reports
2024-08-01,KEDCO,A,industrial,204.45,763.31,0.1573,synthetic_fabricated_from_policy_context,NERC publications; media reports
2024-08-01,KEDCO,B,residential,142.23,515.98,0.1094,synthetic_fabricated_from_policy_context,NERC publications; media reports
2024-08-01,KEDCO,B,commercial,156.45,577.32,0.1203,synthetic_fabricated_from_policy_context,NERC publications; media reports
2024-08-01,KEDCO,B,industrial,163.56,824.53,0.1258,synthetic_fabricated_from_policy_context,NERC publications; media reports
2024-08-01,KEDCO,C,residential,113.78,432.87,0.0875,synthetic_fabricated_from_policy_context,NERC publications; media reports
2024-08-01,KEDCO,C,commercial,125.16,620.51,0.0963,synthetic_fabricated_from_policy_context,NERC publications; media reports
2024-08-01,KEDCO,C,industrial,130.85,628.04,0.1007,synthetic_fabricated_from_policy_context,NERC publications; media reports
2024-08-01,KEDCO,D,residential,92.45,432.38,0.0711,synthetic_fabricated_from_policy_context,NERC publications; media reports
2024-08-01,KEDCO,D,commercial,101.69,393.46,0.0782,synthetic_fabricated_from_policy_context,NERC publications; media reports
2024-08-01,KEDCO,D,industrial,106.32,474.26,0.0818,synthetic_fabricated_from_policy_context,NERC publications; media reports
2024-08-01,KEDCO,E,residential,71.11,327.47,0.0547,synthetic_fabricated_from_policy_context,NERC publications; media reports
2024-08-01,KEDCO,E,commercial,78.23,321.27,0.0602,synthetic_fabricated_from_policy_context,NERC publications; media reports
2024-08-01,KEDCO,E,industrial,81.78,307.13,0.0629,synthetic_fabricated_from_policy_context,NERC publications; media reports
2024-08-01,KEDCO,Premium,residential,284.46,1117.58,0.2188,synthetic_fabricated_from_policy_context,NERC publications; media reports
2024-08-01,KEDCO,Premium,commercial,312.9,1104.48,0.2407,synthetic_fabricated_from_policy_context,NERC publications; media reports
2024-08-01,KEDCO,Premium,industrial,327.12,1234.64,0.2516,synthetic_fabricated_from_policy_context,NERC publications; media reports
2024-08-01,PHED,A,residential,190.38,654.03,0.1464,synthetic_fabricated_from_policy_context,NERC publications; media reports
2024-08-01,PHED,A,commercial,209.42,905.19,0.1611,synthetic_fabricated_from_policy_context,NERC publications; media reports
2024-08-01,PHED,A,industrial,218.94,853.47,0.1684,synthetic_fabricated_from_policy_context,NERC publications; media reports
2024-08-01,PHED,B,residential,152.3,612.96,0.1172,synthetic_fabricated_from_policy_context,NERC publications; media reports
2024-08-01,PHED,B,commercial,167.53,777.47,0.1289,synthetic_fabricated_from_policy_context,NERC publications; media reports
2024-08-01,PHED,B,industrial,175.15,650.13,0.1347,synthetic_fabricated_from_policy_context,NERC publications; media reports
2024-08-01,PHED,C,residential,121.84,573.08,0.0937,synthetic_fabricated_from_policy_context,NERC publications; media reports
2024-08-01,PHED,C,commercial,134.03,617.5,0.1031,synthetic_fabricated_from_policy_context,NERC publications; media reports
2024-08-01,PHED,C,industrial,140.12,494.71,0.1078,synthetic_fabricated_from_policy_context,NERC publications; media reports
2024-08-01,PHED,D,residential,99.0,467.17,0.0762,synthetic_fabricated_from_policy_context,NERC publications; media reports
2024-08-01,PHED,D,commercial,108.9,416.08,0.0838,synthetic_fabricated_from_policy_context,NERC publications; media reports
2024-08-01,PHED,D,industrial,113.85,436.68,0.0876,synthetic_fabricated_from_policy_context,NERC publications; media reports
2024-08-01,PHED,E,residential,76.15,294.07,0.0586,synthetic_fabricated_from_policy_context,NERC publications; media reports
2024-08-01,PHED,E,commercial,83.77,330.4,0.0644,synthetic_fabricated_from_policy_context,NERC publications; media reports
2024-08-01,PHED,E,industrial,87.57,351.72,0.0674,synthetic_fabricated_from_policy_context,NERC publications; media reports
2024-08-01,PHED,Premium,residential,304.61,1418.92,0.2343,synthetic_fabricated_from_policy_context,NERC publications; media reports
2024-08-01,PHED,Premium,commercial,335.07,1058.39,0.2577,synthetic_fabricated_from_policy_context,NERC publications; media reports
2024-08-01,PHED,Premium,industrial,350.3,1109.95,0.2695,synthetic_fabricated_from_policy_context,NERC publications; media reports
2024-08-01,YEDC,A,residential,202.32,881.08,0.1556,synthetic_fabricated_from_policy_context,NERC publications; media reports
2024-08-01,YEDC,A,commercial,222.56,975.14,0.1712,synthetic_fabricated_from_policy_context,NERC publications; media reports
2024-08-01,YEDC,A,industrial,232.67,731.35,0.179,synthetic_fabricated_from_policy_context,NERC publications; media reports
2024-08-01,YEDC,B,residential,161.86,618.0,0.1245,synthetic_fabricated_from_policy_context,NERC publications; media reports
2024-08-01,YEDC,B,commercial,178.05,634.79,0.137,synthetic_fabricated_from_policy_context,NERC publications; media reports
2024-08-01,YEDC,B,industrial,186.14,613.1,0.1432,synthetic_fabricated_from_policy_context,NERC publications; media reports
2024-08-01,YEDC,C,residential,129.49,560.11,0.0996,synthetic_fabricated_from_policy_context,NERC publications; media reports
2024-08-01,YEDC,C,commercial,142.44,617.03,0.1096,synthetic_fabricated_from_policy_context,NERC publications; media reports
2024-08-01,YEDC,C,industrial,148.91,536.53,0.1145,synthetic_fabricated_from_policy_context,NERC publications; media reports
2024-08-01,YEDC,D,residential,105.21,398.72,0.0809,synthetic_fabricated_from_policy_context,NERC publications; media reports
2024-08-01,YEDC,D,commercial,115.73,477.16,0.089,synthetic_fabricated_from_policy_context,NERC publications; media reports
2024-08-01,YEDC,D,industrial,120.99,367.79,0.0931,synthetic_fabricated_from_policy_context,NERC publications; media reports
2024-08-01,YEDC,E,residential,80.93,262.67,0.0623,synthetic_fabricated_from_policy_context,NERC publications; media reports
2024-08-01,YEDC,E,commercial,89.02,341.04,0.0685,synthetic_fabricated_from_policy_context,NERC publications; media reports
2024-08-01,YEDC,E,industrial,93.07,359.87,0.0716,synthetic_fabricated_from_policy_context,NERC publications; media reports
2024-08-01,YEDC,Premium,residential,323.72,1368.09,0.249,synthetic_fabricated_from_policy_context,NERC publications; media reports
2024-08-01,YEDC,Premium,commercial,356.09,1523.38,0.2739,synthetic_fabricated_from_policy_context,NERC publications; media reports
2024-08-01,YEDC,Premium,industrial,372.28,1131.01,0.2864,synthetic_fabricated_from_policy_context,NERC publications; media reports
2024-09-01,AEDC,A,residential,189.14,789.09,0.1455,synthetic_fabricated_from_policy_context,NERC publications; media reports
2024-09-01,AEDC,A,commercial,208.05,734.5,0.16,synthetic_fabricated_from_policy_context,NERC publications; media reports
2024-09-01,AEDC,A,industrial,217.51,820.93,0.1673,synthetic_fabricated_from_policy_context,NERC publications; media reports
2024-09-01,AEDC,B,residential,151.31,558.12,0.1164,synthetic_fabricated_from_policy_context,NERC publications; media reports
2024-09-01,AEDC,B,commercial,166.44,605.59,0.128,synthetic_fabricated_from_policy_context,NERC publications; media reports
2024-09-01,AEDC,B,industrial,174.01,682.23,0.1339,synthetic_fabricated_from_policy_context,NERC publications; media reports
2024-09-01,AEDC,C,residential,121.05,548.28,0.0931,synthetic_fabricated_from_policy_context,NERC publications; media reports
2024-09-01,AEDC,C,commercial,133.15,626.76,0.1024,synthetic_fabricated_from_policy_context,NERC publications; media reports
2024-09-01,AEDC,C,industrial,139.21,513.66,0.1071,synthetic_fabricated_from_policy_context,NERC publications; media reports
2024-09-01,AEDC,D,residential,98.35,331.84,0.0757,synthetic_fabricated_from_policy_context,NERC publications; media reports
2024-09-01,AEDC,D,commercial,108.19,433.49,0.0832,synthetic_fabricated_from_policy_context,NERC publications; media reports
2024-09-01,AEDC,D,industrial,113.11,507.16,0.087,synthetic_fabricated_from_policy_context,NERC publications; media reports
2024-09-01,AEDC,E,residential,75.66,303.11,0.0582,synthetic_fabricated_from_policy_context,NERC publications; media reports
2024-09-01,AEDC,E,commercial,83.22,306.59,0.064,synthetic_fabricated_from_policy_context,NERC publications; media reports
2024-09-01,AEDC,E,industrial,87.0,297.2,0.0669,synthetic_fabricated_from_policy_context,NERC publications; media reports
2024-09-01,AEDC,Premium,residential,302.62,1176.96,0.2328,synthetic_fabricated_from_policy_context,NERC publications; media reports
2024-09-01,AEDC,Premium,commercial,332.89,1301.77,0.2561,synthetic_fabricated_from_policy_context,NERC publications; media reports
2024-09-01,AEDC,Premium,industrial,348.02,1173.39,0.2677,synthetic_fabricated_from_policy_context,NERC publications; media reports
2024-09-01,BEDC,A,residential,191.46,627.07,0.1473,synthetic_fabricated_from_policy_context,NERC publications; media reports
2024-09-01,BEDC,A,commercial,210.6,836.75,0.162,synthetic_fabricated_from_policy_context,NERC publications; media reports
2024-09-01,BEDC,A,industrial,220.17,766.11,0.1694,synthetic_fabricated_from_policy_context,NERC publications; media reports
2024-09-01,BEDC,B,residential,153.17,685.71,0.1178,synthetic_fabricated_from_policy_context,NERC publications; media reports
2024-09-01,BEDC,B,commercial,168.48,667.73,0.1296,synthetic_fabricated_from_policy_context,NERC publications; media reports
2024-09-01,BEDC,B,industrial,176.14,746.68,0.1355,synthetic_fabricated_from_policy_context,NERC publications; media reports
2024-09-01,BEDC,C,residential,122.53,430.44,0.0943,synthetic_fabricated_from_policy_context,NERC publications; media reports
2024-09-01,BEDC,C,commercial,134.79,481.02,0.1037,synthetic_fabricated_from_policy_context,NERC publications; media reports
2024-09-01,BEDC,C,industrial,140.91,600.87,0.1084,synthetic_fabricated_from_policy_context,NERC publications; media reports
2024-09-01,BEDC,D,residential,99.56,431.57,0.0766,synthetic_fabricated_from_policy_context,NERC publications; media reports
2024-09-01,BEDC,D,commercial,109.51,391.01,0.0842,synthetic_fabricated_from_policy_context,NERC publications; media reports
2024-09-01,BEDC,D,industrial,114.49,390.32,0.0881,synthetic_fabricated_from_policy_context,NERC publications; media reports
2024-09-01,BEDC,E,residential,76.58,301.01,0.0589,synthetic_fabricated_from_policy_context,NERC publications; media reports
2024-09-01,BEDC,E,commercial,84.24,389.32,0.0648,synthetic_fabricated_from_policy_context,NERC publications; media reports
2024-09-01,BEDC,E,industrial,88.07,315.97,0.0677,synthetic_fabricated_from_policy_context,NERC publications; media reports
2024-09-01,BEDC,Premium,residential,306.33,1103.38,0.2356,synthetic_fabricated_from_policy_context,NERC publications; media reports
2024-09-01,BEDC,Premium,commercial,336.96,1567.17,0.2592,synthetic_fabricated_from_policy_context,NERC publications; media reports
2024-09-01,BEDC,Premium,industrial,352.28,1169.7,0.271,synthetic_fabricated_from_policy_context,NERC publications; media reports
2024-09-01,EEDC,A,residential,192.36,729.9,0.148,synthetic_fabricated_from_policy_context,NERC publications; media reports
2024-09-01,EEDC,A,commercial,211.59,830.13,0.1628,synthetic_fabricated_from_policy_context,NERC publications; media reports
2024-09-01,EEDC,A,industrial,221.21,789.43,0.1702,synthetic_fabricated_from_policy_context,NERC publications; media reports
2024-09-01,EEDC,B,residential,153.88,550.82,0.1184,synthetic_fabricated_from_policy_context,NERC publications; media reports
2024-09-01,EEDC,B,commercial,169.27,786.73,0.1302,synthetic_fabricated_from_policy_context,NERC publications; media reports
2024-09-01,EEDC,B,industrial,176.97,792.28,0.1361,synthetic_fabricated_from_policy_context,NERC publications; media reports
2024-09-01,EEDC,C,residential,123.11,464.02,0.0947,synthetic_fabricated_from_policy_context,NERC publications; media reports
2024-09-01,EEDC,C,commercial,135.42,575.85,0.1042,synthetic_fabricated_from_policy_context,NERC publications; media reports
2024-09-01,EEDC,C,industrial,141.57,478.64,0.1089,synthetic_fabricated_from_policy_context,NERC publications; media reports
2024-09-01,EEDC,D,residential,100.03,394.89,0.0769,synthetic_fabricated_from_policy_context,NERC publications; media reports
2024-09-01,EEDC,D,commercial,110.03,397.36,0.0846,synthetic_fabricated_from_policy_context,NERC publications; media reports
2024-09-01,EEDC,D,industrial,115.03,511.71,0.0885,synthetic_fabricated_from_policy_context,NERC publications; media reports
2024-09-01,EEDC,E,residential,76.94,275.02,0.0592,synthetic_fabricated_from_policy_context,NERC publications; media reports
2024-09-01,EEDC,E,commercial,84.64,372.43,0.0651,synthetic_fabricated_from_policy_context,NERC publications; media reports
2024-09-01,EEDC,E,industrial,88.48,326.57,0.0681,synthetic_fabricated_from_policy_context,NERC publications; media reports
2024-09-01,EEDC,Premium,residential,307.77,1110.02,0.2367,synthetic_fabricated_from_policy_context,NERC publications; media reports
2024-09-01,EEDC,Premium,commercial,338.55,1399.98,0.2604,synthetic_fabricated_from_policy_context,NERC publications; media reports
2024-09-01,EEDC,Premium,industrial,353.94,1417.73,0.2723,synthetic_fabricated_from_policy_context,NERC publications; media reports
2024-09-01,EKEDC,A,residential,192.95,867.2,0.1484,synthetic_fabricated_from_policy_context,NERC publications; media reports
2024-09-01,EKEDC,A,commercial,212.25,968.02,0.1633,synthetic_fabricated_from_policy_context,NERC publications; media reports
2024-09-01,EKEDC,A,industrial,221.9,858.36,0.1707,synthetic_fabricated_from_policy_context,NERC publications; media reports
2024-09-01,EKEDC,B,residential,154.36,657.92,0.1187,synthetic_fabricated_from_policy_context,NERC publications; media reports
2024-09-01,EKEDC,B,commercial,169.8,536.81,0.1306,synthetic_fabricated_from_policy_context,NERC publications; media reports
2024-09-01,EKEDC,B,industrial,177.52,819.6,0.1366,synthetic_fabricated_from_policy_context,NERC publications; media reports
2024-09-01,EKEDC,C,residential,123.49,497.56,0.095,synthetic_fabricated_from_policy_context,NERC publications; media reports
2024-09-01,EKEDC,C,commercial,135.84,471.64,0.1045,synthetic_fabricated_from_policy_context,NERC publications; media reports
2024-09-01,EKEDC,C,industrial,142.01,627.92,0.1092,synthetic_fabricated_from_policy_context,NERC publications; media reports
2024-09-01,EKEDC,D,residential,100.34,425.13,0.0772,synthetic_fabricated_from_policy_context,NERC publications; media reports
2024-09-01,EKEDC,D,commercial,110.37,514.49,0.0849,synthetic_fabricated_from_policy_context,NERC publications; media reports
2024-09-01,EKEDC,D,industrial,115.39,497.35,0.0888,synthetic_fabricated_from_policy_context,NERC publications; media reports
2024-09-01,EKEDC,E,residential,77.18,272.46,0.0594,synthetic_fabricated_from_policy_context,NERC publications; media reports
2024-09-01,EKEDC,E,commercial,84.9,382.24,0.0653,synthetic_fabricated_from_policy_context,NERC publications; media reports
2024-09-01,EKEDC,E,industrial,88.76,390.43,0.0683,synthetic_fabricated_from_policy_context,NERC publications; media reports
2024-09-01,EKEDC,Premium,residential,308.73,1106.05,0.2375,synthetic_fabricated_from_policy_context,NERC publications; media reports
2024-09-01,EKEDC,Premium,commercial,339.6,1197.69,0.2612,synthetic_fabricated_from_policy_context,NERC publications; media reports
2024-09-01,EKEDC,Premium,industrial,355.04,1503.02,0.2731,synthetic_fabricated_from_policy_context,NERC publications; media reports
2024-09-01,IBEDC,A,residential,201.54,720.01,0.155,synthetic_fabricated_from_policy_context,NERC publications; media reports
2024-09-01,IBEDC,A,commercial,221.69,733.54,0.1705,synthetic_fabricated_from_policy_context,NERC publications; media reports
2024-09-01,IBEDC,A,industrial,231.77,821.92,0.1783,synthetic_fabricated_from_policy_context,NERC publications; media reports
2024-09-01,IBEDC,B,residential,161.23,670.4,0.124,synthetic_fabricated_from_policy_context,NERC publications; media reports
2024-09-01,IBEDC,B,commercial,177.35,631.08,0.1364,synthetic_fabricated_from_policy_context,NERC publications; media reports
2024-09-01,IBEDC,B,industrial,185.41,597.86,0.1426,synthetic_fabricated_from_policy_context,NERC publications; media reports
2024-09-01,IBEDC,C,residential,128.98,402.35,0.0992,synthetic_fabricated_from_policy_context,NERC publications; media reports
2024-09-01,IBEDC,C,commercial,141.88,440.83,0.1091,synthetic_fabricated_from_policy_context,NERC publications; media reports
2024-09-01,IBEDC,C,industrial,148.33,552.78,0.1141,synthetic_fabricated_from_policy_context,NERC publications; media reports
2024-09-01,IBEDC,D,residential,104.8,380.05,0.0806,synthetic_fabricated_from_policy_context,NERC publications; media reports
2024-09-01,IBEDC,D,commercial,115.28,489.72,0.0887,synthetic_fabricated_from_policy_context,NERC publications; media reports
2024-09-01,IBEDC,D,industrial,120.52,430.55,0.0927,synthetic_fabricated_from_policy_context,NERC publications; media reports
2024-09-01,IBEDC,E,residential,80.61,300.96,0.062,synthetic_fabricated_from_policy_context,NERC publications; media reports
2024-09-01,IBEDC,E,commercial,88.68,316.86,0.0682,synthetic_fabricated_from_policy_context,NERC publications; media reports
2024-09-01,IBEDC,E,industrial,92.71,330.17,0.0713,synthetic_fabricated_from_policy_context,NERC publications; media reports
2024-09-01,IBEDC,Premium,residential,322.46,979.72,0.248,synthetic_fabricated_from_policy_context,NERC publications; media reports
2024-09-01,IBEDC,Premium,commercial,354.7,1354.47,0.2728,synthetic_fabricated_from_policy_context,NERC publications; media reports
2024-09-01,IBEDC,Premium,industrial,370.83,1236.99,0.2853,synthetic_fabricated_from_policy_context,NERC publications; media reports
2024-09-01,IKEDC,A,residential,179.65,601.03,0.1382,synthetic_fabricated_from_policy_context,NERC publications; media reports
2024-09-01,IKEDC,A,commercial,197.61,983.97,0.152,synthetic_fabricated_from_policy_context,NERC publications; media reports
2024-09-01,IKEDC,A,industrial,206.59,741.68,0.1589,synthetic_fabricated_from_policy_context,NERC publications; media reports
2024-09-01,IKEDC,B,residential,143.72,550.06,0.1106,synthetic_fabricated_from_policy_context,NERC publications; media reports
2024-09-01,IKEDC,B,commercial,158.09,592.02,0.1216,synthetic_fabricated_from_policy_context,NERC publications; media reports
2024-09-01,IKEDC,B,industrial,165.27,685.98,0.1271,synthetic_fabricated_from_policy_context,NERC publications; media reports
2024-09-01,IKEDC,C,residential,114.97,429.01,0.0884,synthetic_fabricated_from_policy_context,NERC publications; media reports
2024-09-01,IKEDC,C,commercial,126.47,484.66,0.0973,synthetic_fabricated_from_policy_context,NERC publications; media reports
2024-09-01,IKEDC,C,industrial,132.22,470.3,0.1017,synthetic_fabricated_from_policy_context,NERC publications; media reports
2024-09-01,IKEDC,D,residential,93.42,330.95,0.0719,synthetic_fabricated_from_policy_context,NERC publications; media reports
2024-09-01,IKEDC,D,commercial,102.76,436.19,0.079,synthetic_fabricated_from_policy_context,NERC publications; media reports
2024-09-01,IKEDC,D,industrial,107.43,486.13,0.0826,synthetic_fabricated_from_policy_context,NERC publications; media reports
2024-09-01,IKEDC,E,residential,71.86,295.65,0.0553,synthetic_fabricated_from_policy_context,NERC publications; media reports
2024-09-01,IKEDC,E,commercial,79.04,349.55,0.0608,synthetic_fabricated_from_policy_context,NERC publications; media reports
2024-09-01,IKEDC,E,industrial,82.64,380.72,0.0636,synthetic_fabricated_from_policy_context,NERC publications; media reports
2024-09-01,IKEDC,Premium,residential,287.43,1206.05,0.2211,synthetic_fabricated_from_policy_context,NERC publications; media reports
2024-09-01,IKEDC,Premium,commercial,316.18,1559.5,0.2432,synthetic_fabricated_from_policy_context,NERC publications; media reports
2024-09-01,IKEDC,Premium,industrial,330.55,1637.39,0.2543,synthetic_fabricated_from_policy_context,NERC publications; media reports
2024-09-01,JED,A,residential,200.5,704.98,0.1542,synthetic_fabricated_from_policy_context,NERC publications; media reports
2024-09-01,JED,A,commercial,220.55,899.68,0.1697,synthetic_fabricated_from_policy_context,NERC publications; media reports
2024-09-01,JED,A,industrial,230.57,838.32,0.1774,synthetic_fabricated_from_policy_context,NERC publications; media reports
2024-09-01,JED,B,residential,160.4,562.24,0.1234,synthetic_fabricated_from_policy_context,NERC publications; media reports
2024-09-01,JED,B,commercial,176.44,657.34,0.1357,synthetic_fabricated_from_policy_context,NERC publications; media reports
2024-09-01,JED,B,industrial,184.46,591.53,0.1419,synthetic_fabricated_from_policy_context,NERC publications; media reports
2024-09-01,JED,C,residential,128.32,547.94,0.0987,synthetic_fabricated_from_policy_context,NERC publications; media reports
2024-09-01,JED,C,commercial,141.15,466.22,0.1086,synthetic_fabricated_from_policy_context,NERC publications; media reports
2024-09-01,JED,C,industrial,147.57,512.9,0.1135,synthetic_fabricated_from_policy_context,NERC publications; media reports
2024-09-01,JED,D,residential,104.26,395.03,0.0802,synthetic_fabricated_from_policy_context,NERC publications; media reports
2024-09-01,JED,D,commercial,114.68,479.62,0.0882,synthetic_fabricated_from_policy_context,NERC publications; media reports
2024-09-01,JED,D,industrial,119.9,526.14,0.0922,synthetic_fabricated_from_policy_context,NERC publications; media reports
2024-09-01,JED,E,residential,80.2,277.39,0.0617,synthetic_fabricated_from_policy_context,NERC publications; media reports
2024-09-01,JED,E,commercial,88.22,358.39,0.0679,synthetic_fabricated_from_policy_context,NERC publications; media reports
2024-09-01,JED,E,industrial,92.23,306.61,0.0709,synthetic_fabricated_from_policy_context,NERC publications; media reports
2024-09-01,JED,Premium,residential,320.8,999.85,0.2468,synthetic_fabricated_from_policy_context,NERC publications; media reports
2024-09-01,JED,Premium,commercial,352.88,1388.91,0.2714,synthetic_fabricated_from_policy_context,NERC publications; media reports
2024-09-01,JED,Premium,industrial,368.92,1307.79,0.2838,synthetic_fabricated_from_policy_context,NERC publications; media reports
2024-09-01,KAEDCO,A,residential,170.72,893.56,0.1313,synthetic_fabricated_from_policy_context,NERC publications; media reports
2024-09-01,KAEDCO,A,commercial,187.79,725.69,0.1445,synthetic_fabricated_from_policy_context,NERC publications; media reports
2024-09-01,KAEDCO,A,industrial,196.33,949.29,0.151,synthetic_fabricated_from_policy_context,NERC publications; media reports
2024-09-01,KAEDCO,B,residential,136.58,633.64,0.1051,synthetic_fabricated_from_policy_context,NERC publications; media reports
2024-09-01,KAEDCO,B,commercial,150.23,636.72,0.1156,synthetic_fabricated_from_policy_context,NERC publications; media reports
2024-09-01,KAEDCO,B,industrial,157.06,622.43,0.1208,synthetic_fabricated_from_policy_context,NERC publications; media reports
2024-09-01,KAEDCO,C,residential,109.26,425.17,0.084,synthetic_fabricated_from_policy_context,NERC publications; media reports
2024-09-01,KAEDCO,C,commercial,120.19,484.06,0.0925,synthetic_fabricated_from_policy_context,NERC publications; media reports
2024-09-01,KAEDCO,C,industrial,125.65,484.08,0.0967,synthetic_fabricated_from_policy_context,NERC publications; media reports
2024-09-01,KAEDCO,D,residential,88.77,395.9,0.0683,synthetic_fabricated_from_policy_context,NERC publications; media reports
2024-09-01,KAEDCO,D,commercial,97.65,343.48,0.0751,synthetic_fabricated_from_policy_context,NERC publications; media reports
2024-09-01,KAEDCO,D,industrial,102.09,424.6,0.0785,synthetic_fabricated_from_policy_context,NERC publications; media reports
2024-09-01,KAEDCO,E,residential,68.29,289.11,0.0525,synthetic_fabricated_from_policy_context,NERC publications; media reports
2024-09-01,KAEDCO,E,commercial,75.12,327.1,0.0578,synthetic_fabricated_from_policy_context,NERC publications; media reports
2024-09-01,KAEDCO,E,industrial,78.53,320.53,0.0604,synthetic_fabricated_from_policy_context,NERC publications; media reports
2024-09-01,KAEDCO,Premium,residential,273.15,1408.31,0.2101,synthetic_fabricated_from_policy_context,NERC publications; media reports
2024-09-01,KAEDCO,Premium,commercial,300.47,1447.44,0.2311,synthetic_fabricated_from_policy_context,NERC publications; media reports
2024-09-01,KAEDCO,Premium,industrial,314.12,1406.06,0.2416,synthetic_fabricated_from_policy_context,NERC publications; media reports
2024-09-01,KEDCO,A,residential,206.47,627.96,0.1588,synthetic_fabricated_from_policy_context,NERC publications; media reports
2024-09-01,KEDCO,A,commercial,227.11,914.59,0.1747,synthetic_fabricated_from_policy_context,NERC publications; media reports
2024-09-01,KEDCO,A,industrial,237.44,769.2,0.1826,synthetic_fabricated_from_policy_context,NERC publications; media reports
2024-09-01,KEDCO,B,residential,165.17,495.62,0.1271,synthetic_fabricated_from_policy_context,NERC publications; media reports
2024-09-01,KEDCO,B,commercial,181.69,637.32,0.1398,synthetic_fabricated_from_policy_context,NERC publications; media reports
2024-09-01,KEDCO,B,industrial,189.95,612.79,0.1461,synthetic_fabricated_from_policy_context,NERC publications; media reports
2024-09-01,KEDCO,C,residential,132.14,554.72,0.1016,synthetic_fabricated_from_policy_context,NERC publications; media reports
2024-09-01,KEDCO,C,commercial,145.35,557.83,0.1118,synthetic_fabricated_from_policy_context,NERC publications; media reports
2024-09-01,KEDCO,C,industrial,151.96,655.88,0.1169,synthetic_fabricated_from_policy_context,NERC publications; media reports
2024-09-01,KEDCO,D,residential,107.36,350.86,0.0826,synthetic_fabricated_from_policy_context,NERC publications; media reports
2024-09-01,KEDCO,D,commercial,118.1,386.27,0.0908,synthetic_fabricated_from_policy_context,NERC publications; media reports
2024-09-01,KEDCO,D,industrial,123.47,434.29,0.095,synthetic_fabricated_from_policy_context,NERC publications; media reports
2024-09-01,KEDCO,E,residential,82.59,298.39,0.0635,synthetic_fabricated_from_policy_context,NERC publications; media reports
2024-09-01,KEDCO,E,commercial,90.84,305.99,0.0699,synthetic_fabricated_from_policy_context,NERC publications; media reports
2024-09-01,KEDCO,E,industrial,94.97,292.94,0.0731,synthetic_fabricated_from_policy_context,NERC publications; media reports
2024-09-01,KEDCO,Premium,residential,330.34,989.41,0.2541,synthetic_fabricated_from_policy_context,NERC publications; media reports
2024-09-01,KEDCO,Premium,commercial,363.38,1449.38,0.2795,synthetic_fabricated_from_policy_context,NERC publications; media reports
2024-09-01,KEDCO,Premium,industrial,379.9,1281.41,0.2922,synthetic_fabricated_from_policy_context,NERC publications; media reports
2024-09-01,PHED,A,residential,197.02,791.12,0.1516,synthetic_fabricated_from_policy_context,NERC publications; media reports
2024-09-01,PHED,A,commercial,216.72,700.17,0.1667,synthetic_fabricated_from_policy_context,NERC publications; media reports
2024-09-01,PHED,A,industrial,226.57,805.1,0.1743,synthetic_fabricated_from_policy_context,NERC publications; media reports
2024-09-01,PHED,B,residential,157.62,646.81,0.1212,synthetic_fabricated_from_policy_context,NERC publications; media reports
2024-09-01,PHED,B,commercial,173.38,760.54,0.1334,synthetic_fabricated_from_policy_context,NERC publications; media reports
2024-09-01,PHED,B,industrial,181.26,667.18,0.1394,synthetic_fabricated_from_policy_context,NERC publications; media reports
2024-09-01,PHED,C,residential,126.09,547.84,0.097,synthetic_fabricated_from_policy_context,NERC publications; media reports
2024-09-01,PHED,C,commercial,138.7,617.28,0.1067,synthetic_fabricated_from_policy_context,NERC publications; media reports
2024-09-01,PHED,C,industrial,145.01,443.3,0.1115,synthetic_fabricated_from_policy_context,NERC publications; media reports
2024-09-01,PHED,D,residential,102.45,377.26,0.0788,synthetic_fabricated_from_policy_context,NERC publications; media reports
2024-09-01,PHED,D,commercial,112.7,383.45,0.0867,synthetic_fabricated_from_policy_context,NERC publications; media reports
2024-09-01,PHED,D,industrial,117.82,486.58,0.0906,synthetic_fabricated_from_policy_context,NERC publications; media reports
2024-09-01,PHED,E,residential,78.81,304.81,0.0606,synthetic_fabricated_from_policy_context,NERC publications; media reports
2024-09-01,PHED,E,commercial,86.69,392.73,0.0667,synthetic_fabricated_from_policy_context,NERC publications; media reports
2024-09-01,PHED,E,industrial,90.63,319.91,0.0697,synthetic_fabricated_from_policy_context,NERC publications; media reports
2024-09-01,PHED,Premium,residential,315.23,1432.88,0.2425,synthetic_fabricated_from_policy_context,NERC publications; media reports
2024-09-01,PHED,Premium,commercial,346.76,1535.28,0.2667,synthetic_fabricated_from_policy_context,NERC publications; media reports
2024-09-01,PHED,Premium,industrial,362.52,1631.5,0.2789,synthetic_fabricated_from_policy_context,NERC publications; media reports
2024-09-01,YEDC,A,residential,215.11,720.54,0.1655,synthetic_fabricated_from_policy_context,NERC publications; media reports
2024-09-01,YEDC,A,commercial,236.62,857.23,0.182,synthetic_fabricated_from_policy_context,NERC publications; media reports
2024-09-01,YEDC,A,industrial,247.38,869.74,0.1903,synthetic_fabricated_from_policy_context,NERC publications; media reports
2024-09-01,YEDC,B,residential,172.09,523.63,0.1324,synthetic_fabricated_from_policy_context,NERC publications; media reports
2024-09-01,YEDC,B,commercial,189.3,667.99,0.1456,synthetic_fabricated_from_policy_context,NERC publications; media reports
2024-09-01,YEDC,B,industrial,197.9,692.41,0.1522,synthetic_fabricated_from_policy_context,NERC publications; media reports
2024-09-01,YEDC,C,residential,137.67,567.87,0.1059,synthetic_fabricated_from_policy_context,NERC publications; media reports
2024-09-01,YEDC,C,commercial,151.44,476.46,0.1165,synthetic_fabricated_from_policy_context,NERC publications; media reports
2024-09-01,YEDC,C,industrial,158.32,552.8,0.1218,synthetic_fabricated_from_policy_context,NERC publications; media reports
2024-09-01,YEDC,D,residential,111.86,459.71,0.086,synthetic_fabricated_from_policy_context,NERC publications; media reports
2024-09-01,YEDC,D,commercial,123.04,453.28,0.0946,synthetic_fabricated_from_policy_context,NERC publications; media reports
2024-09-01,YEDC,D,industrial,128.64,419.25,0.099,synthetic_fabricated_from_policy_context,NERC publications; media reports
2024-09-01,YEDC,E,residential,86.05,272.66,0.0662,synthetic_fabricated_from_policy_context,NERC publications; media reports
2024-09-01,YEDC,E,commercial,94.65,370.04,0.0728,synthetic_fabricated_from_policy_context,NERC publications; media reports
2024-09-01,YEDC,E,industrial,98.95,338.52,0.0761,synthetic_fabricated_from_policy_context,NERC publications; media reports
2024-09-01,YEDC,Premium,residential,344.18,1045.4,0.2648,synthetic_fabricated_from_policy_context,NERC publications; media reports
2024-09-01,YEDC,Premium,commercial,378.6,1286.92,0.2912,synthetic_fabricated_from_policy_context,NERC publications; media reports
2024-09-01,YEDC,Premium,industrial,395.81,1599.49,0.3045,synthetic_fabricated_from_policy_context,NERC publications; media reports
2024-10-01,AEDC,A,residential,215.31,751.95,0.1656,synthetic_fabricated_from_policy_context,NERC publications; media reports
2024-10-01,AEDC,A,commercial,236.84,683.26,0.1822,synthetic_fabricated_from_policy_context,NERC publications; media reports
2024-10-01,AEDC,A,industrial,247.61,839.63,0.1905,synthetic_fabricated_from_policy_context,NERC publications; media reports
2024-10-01,AEDC,B,residential,172.25,644.4,0.1325,synthetic_fabricated_from_policy_context,NERC publications; media reports
2024-10-01,AEDC,B,commercial,189.48,529.01,0.1458,synthetic_fabricated_from_policy_context,NERC publications; media reports
2024-10-01,AEDC,B,industrial,198.09,801.33,0.1524,synthetic_fabricated_from_policy_context,NERC publications; media reports
2024-10-01,AEDC,C,residential,137.8,428.45,0.106,synthetic_fabricated_from_policy_context,NERC publications; media reports
2024-10-01,AEDC,C,commercial,151.58,477.89,0.1166,synthetic_fabricated_from_policy_context,NERC publications; media reports
2024-10-01,AEDC,C,industrial,158.47,579.7,0.1219,synthetic_fabricated_from_policy_context,NERC publications; media reports
2024-10-01,AEDC,D,residential,111.96,322.35,0.0861,synthetic_fabricated_from_policy_context,NERC publications; media reports
2024-10-01,AEDC,D,commercial,123.16,360.58,0.0947,synthetic_fabricated_from_policy_context,NERC publications; media reports
2024-10-01,AEDC,D,industrial,128.76,437.99,0.099,synthetic_fabricated_from_policy_context,NERC publications; media reports
2024-10-01,AEDC,E,residential,86.13,324.43,0.0663,synthetic_fabricated_from_policy_context,NERC publications; media reports
2024-10-01,AEDC,E,commercial,94.74,368.67,0.0729,synthetic_fabricated_from_policy_context,NERC publications; media reports
2024-10-01,AEDC,E,industrial,99.04,345.39,0.0762,synthetic_fabricated_from_policy_context,NERC publications; media reports
2024-10-01,AEDC,Premium,residential,344.5,1220.53,0.265,synthetic_fabricated_from_policy_context,NERC publications; media reports
2024-10-01,AEDC,Premium,commercial,378.95,1396.11,0.2915,synthetic_fabricated_from_policy_context,NERC publications; media reports
2024-10-01,AEDC,Premium,industrial,396.18,1446.15,0.3048,synthetic_fabricated_from_policy_context,NERC publications; media reports
2024-10-01,BEDC,A,residential,172.08,862.11,0.1324,synthetic_fabricated_from_policy_context,NERC publications; media reports
2024-10-01,BEDC,A,commercial,189.28,675.64,0.1456,synthetic_fabricated_from_policy_context,NERC publications; media reports
2024-10-01,BEDC,A,industrial,197.89,830.79,0.1522,synthetic_fabricated_from_policy_context,NERC publications; media reports
2024-10-01,BEDC,B,residential,137.66,553.7,0.1059,synthetic_fabricated_from_policy_context,NERC publications; media reports
2024-10-01,BEDC,B,commercial,151.43,786.33,0.1165,synthetic_fabricated_from_policy_context,NERC publications; media reports
2024-10-01,BEDC,B,industrial,158.31,791.95,0.1218,synthetic_fabricated_from_policy_context,NERC publications; media reports
2024-10-01,BEDC,C,residential,110.13,518.4,0.0847,synthetic_fabricated_from_policy_context,NERC publications; media reports
2024-10-01,BEDC,C,commercial,121.14,494.91,0.0932,synthetic_fabricated_from_policy_context,NERC publications; media reports
2024-10-01,BEDC,C,industrial,126.65,601.7,0.0974,synthetic_fabricated_from_policy_context,NERC publications; media reports
2024-10-01,BEDC,D,residential,89.48,345.01,0.0688,synthetic_fabricated_from_policy_context,NERC publications; media reports
2024-10-01,BEDC,D,commercial,98.43,350.06,0.0757,synthetic_fabricated_from_policy_context,NERC publications; media reports
2024-10-01,BEDC,D,industrial,102.9,484.05,0.0792,synthetic_fabricated_from_policy_context,NERC publications; media reports
2024-10-01,BEDC,E,residential,68.83,245.83,0.0529,synthetic_fabricated_from_policy_context,NERC publications; media reports
2024-10-01,BEDC,E,commercial,75.71,330.91,0.0582,synthetic_fabricated_from_policy_context,NERC publications; media reports
2024-10-01,BEDC,E,industrial,79.15,357.43,0.0609,synthetic_fabricated_from_policy_context,NERC publications; media reports
2024-10-01,BEDC,Premium,residential,275.32,1221.16,0.2118,synthetic_fabricated_from_policy_context,NERC publications; media reports
2024-10-01,BEDC,Premium,commercial,302.85,1385.83,0.233,synthetic_fabricated_from_policy_context,NERC publications; media reports
2024-10-01,BEDC,Premium,industrial,316.62,1501.45,0.2436,synthetic_fabricated_from_policy_context,NERC publications; media reports
2024-10-01,EEDC,A,residential,185.27,628.69,0.1425,synthetic_fabricated_from_policy_context,NERC publications; media reports
2024-10-01,EEDC,A,commercial,203.79,906.99,0.1568,synthetic_fabricated_from_policy_context,NERC publications; media reports
2024-10-01,EEDC,A,industrial,213.06,834.89,0.1639,synthetic_fabricated_from_policy_context,NERC publications; media reports
2024-10-01,EEDC,B,residential,148.21,685.14,0.114,synthetic_fabricated_from_policy_context,NERC publications; media reports
2024-10-01,EEDC,B,commercial,163.03,582.12,0.1254,synthetic_fabricated_from_policy_context,NERC publications; media reports
2024-10-01,EEDC,B,industrial,170.45,556.72,0.1311,synthetic_fabricated_from_policy_context,NERC publications; media reports
2024-10-01,EEDC,C,residential,118.57,495.62,0.0912,synthetic_fabricated_from_policy_context,NERC publications; media reports
2024-10-01,EEDC,C,commercial,130.43,626.12,0.1003,synthetic_fabricated_from_policy_context,NERC publications; media reports
2024-10-01,EEDC,C,industrial,136.36,501.02,0.1049,synthetic_fabricated_from_policy_context,NERC publications; media reports
2024-10-01,EEDC,D,residential,96.34,350.2,0.0741,synthetic_fabricated_from_policy_context,NERC publications; media reports
2024-10-01,EEDC,D,commercial,105.97,444.91,0.0815,synthetic_fabricated_from_policy_context,NERC publications; media reports
2024-10-01,EEDC,D,industrial,110.79,404.94,0.0852,synthetic_fabricated_from_policy_context,NERC publications; media reports
2024-10-01,EEDC,E,residential,74.11,329.37,0.057,synthetic_fabricated_from_policy_context,NERC publications; media reports
2024-10-01,EEDC,E,commercial,81.52,326.45,0.0627,synthetic_fabricated_from_policy_context,NERC publications; media reports
2024-10-01,EEDC,E,industrial,85.22,289.03,0.0656,synthetic_fabricated_from_policy_context,NERC publications; media reports
2024-10-01,EEDC,Premium,residential,296.43,1151.46,0.228,synthetic_fabricated_from_policy_context,NERC publications; media reports
2024-10-01,EEDC,Premium,commercial,326.07,1438.9,0.2508,synthetic_fabricated_from_policy_context,NERC publications; media reports
2024-10-01,EEDC,Premium,industrial,340.89,1223.88,0.2622,synthetic_fabricated_from_policy_context,NERC publications; media reports
2024-10-01,EKEDC,A,residential,210.59,889.35,0.162,synthetic_fabricated_from_policy_context,NERC publications; media reports
2024-10-01,EKEDC,A,commercial,231.64,954.78,0.1782,synthetic_fabricated_from_policy_context,NERC publications; media reports
2024-10-01,EKEDC,A,industrial,242.17,1023.68,0.1863,synthetic_fabricated_from_policy_context,NERC publications; media reports
2024-10-01,EKEDC,B,residential,168.47,626.56,0.1296,synthetic_fabricated_from_policy_context,NERC publications; media reports
2024-10-01,EKEDC,B,commercial,185.31,544.14,0.1425,synthetic_fabricated_from_policy_context,NERC publications; media reports
2024-10-01,EKEDC,B,industrial,193.74,819.58,0.149,synthetic_fabricated_from_policy_context,NERC publications; media reports
2024-10-01,EKEDC,C,residential,134.77,497.83,0.1037,synthetic_fabricated_from_policy_context,NERC publications; media reports
2024-10-01,EKEDC,C,commercial,148.25,582.03,0.114,synthetic_fabricated_from_policy_context,NERC publications; media reports
2024-10-01,EKEDC,C,industrial,154.99,598.41,0.1192,synthetic_fabricated_from_policy_context,NERC publications; media reports
2024-10-01,EKEDC,D,residential,109.5,426.52,0.0842,synthetic_fabricated_from_policy_context,NERC publications; media reports
2024-10-01,EKEDC,D,commercial,120.45,350.25,0.0927,synthetic_fabricated_from_policy_context,NERC publications; media reports
2024-10-01,EKEDC,D,industrial,125.93,442.71,0.0969,synthetic_fabricated_from_policy_context,NERC publications; media reports
2024-10-01,EKEDC,E,residential,84.23,256.0,0.0648,synthetic_fabricated_from_policy_context,NERC publications; media reports
2024-10-01,EKEDC,E,commercial,92.66,368.35,0.0713,synthetic_fabricated_from_policy_context,NERC publications; media reports
2024-10-01,EKEDC,E,industrial,96.87,369.24,0.0745,synthetic_fabricated_from_policy_context,NERC publications; media reports
2024-10-01,EKEDC,Premium,residential,336.94,1242.46,0.2592,synthetic_fabricated_from_policy_context,NERC publications; media reports
2024-10-01,EKEDC,Premium,commercial,370.63,1455.57,0.2851,synthetic_fabricated_from_policy_context,NERC publications; media reports
2024-10-01,EKEDC,Premium,industrial,387.48,1629.33,0.2981,synthetic_fabricated_from_policy_context,NERC publications; media reports
2024-10-01,IBEDC,A,residential,192.47,688.64,0.1481,synthetic_fabricated_from_policy_context,NERC publications; media reports
2024-10-01,IBEDC,A,commercial,211.71,986.39,0.1629,synthetic_fabricated_from_policy_context,NERC publications; media reports
2024-10-01,IBEDC,A,industrial,221.34,920.09,0.1703,synthetic_fabricated_from_policy_context,NERC publications; media reports
2024-10-01,IBEDC,B,residential,153.97,668.7,0.1184,synthetic_fabricated_from_policy_context,NERC publications; media reports
2024-10-01,IBEDC,B,commercial,169.37,765.34,0.1303,synthetic_fabricated_from_policy_context,NERC publications; media reports
2024-10-01,IBEDC,B,industrial,177.07,805.13,0.1362,synthetic_fabricated_from_policy_context,NERC publications; media reports
2024-10-01,IBEDC,C,residential,123.18,540.06,0.0948,synthetic_fabricated_from_policy_context,NERC publications; media reports
2024-10-01,IBEDC,C,commercial,135.5,574.34,0.1042,synthetic_fabricated_from_policy_context,NERC publications; media reports
2024-10-01,IBEDC,C,industrial,141.65,512.23,0.109,synthetic_fabricated_from_policy_context,NERC publications; media reports
2024-10-01,IBEDC,D,residential,100.08,442.86,0.077,synthetic_fabricated_from_policy_context,NERC publications; media reports
2024-10-01,IBEDC,D,commercial,110.09,448.69,0.0847,synthetic_fabricated_from_policy_context,NERC publications; media reports
2024-10-01,IBEDC,D,industrial,115.09,457.33,0.0885,synthetic_fabricated_from_policy_context,NERC publications; media reports
2024-10-01,IBEDC,E,residential,76.99,244.41,0.0592,synthetic_fabricated_from_policy_context,NERC publications; media reports
2024-10-01,IBEDC,E,commercial,84.68,328.77,0.0651,synthetic_fabricated_from_policy_context,NERC publications; media reports
2024-10-01,IBEDC,E,industrial,88.53,396.57,0.0681,synthetic_fabricated_from_policy_context,NERC publications; media reports
2024-10-01,IBEDC,Premium,residential,307.94,1058.79,0.2369,synthetic_fabricated_from_policy_context,NERC publications; media reports
2024-10-01,IBEDC,Premium,commercial,338.74,1102.54,0.2606,synthetic_fabricated_from_policy_context,NERC publications; media reports
2024-10-01,IBEDC,Premium,industrial,354.14,1262.35,0.2724,synthetic_fabricated_from_policy_context,NERC publications; media reports
2024-10-01,IKEDC,A,residential,181.67,677.33,0.1397,synthetic_fabricated_from_policy_context,NERC publications; media reports
2024-10-01,IKEDC,A,commercial,199.84,882.97,0.1537,synthetic_fabricated_from_policy_context,NERC publications; media reports
2024-10-01,IKEDC,A,industrial,208.92,937.9,0.1607,synthetic_fabricated_from_policy_context,NERC publications; media reports
2024-10-01,IKEDC,B,residential,145.34,597.81,0.1118,synthetic_fabricated_from_policy_context,NERC publications; media reports
2024-10-01,IKEDC,B,commercial,159.87,566.72,0.123,synthetic_fabricated_from_policy_context,NERC publications; media reports
2024-10-01,IKEDC,B,industrial,167.14,727.36,0.1286,synthetic_fabricated_from_policy_context,NERC publications; media reports
2024-10-01,IKEDC,C,residential,116.27,511.09,0.0894,synthetic_fabricated_from_policy_context,NERC publications; media reports
2024-10-01,IKEDC,C,commercial,127.9,604.43,0.0984,synthetic_fabricated_from_policy_context,NERC publications; media reports
2024-10-01,IKEDC,C,industrial,133.71,542.74,0.1029,synthetic_fabricated_from_policy_context,NERC publications; media reports
2024-10-01,IKEDC,D,residential,94.47,320.73,0.0727,synthetic_fabricated_from_policy_context,NERC publications; media reports
2024-10-01,IKEDC,D,commercial,103.92,483.71,0.0799,synthetic_fabricated_from_policy_context,NERC publications; media reports
2024-10-01,IKEDC,D,industrial,108.64,501.42,0.0836,synthetic_fabricated_from_policy_context,NERC publications; media reports
2024-10-01,IKEDC,E,residential,72.67,345.49,0.0559,synthetic_fabricated_from_policy_context,NERC publications; media reports
2024-10-01,IKEDC,E,commercial,79.94,337.17,0.0615,synthetic_fabricated_from_policy_context,NERC publications; media reports
2024-10-01,IKEDC,E,industrial,83.57,399.68,0.0643,synthetic_fabricated_from_policy_context,NERC publications; media reports
2024-10-01,IKEDC,Premium,residential,290.67,1040.5,0.2236,synthetic_fabricated_from_policy_context,NERC publications; media reports
2024-10-01,IKEDC,Premium,commercial,319.74,1332.56,0.246,synthetic_fabricated_from_policy_context,NERC publications; media reports
2024-10-01,IKEDC,Premium,industrial,334.27,1438.85,0.2571,synthetic_fabricated_from_policy_context,NERC publications; media reports
2024-10-01,JED,A,residential,212.0,733.0,0.1631,synthetic_fabricated_from_policy_context,NERC publications; media reports
2024-10-01,JED,A,commercial,233.2,893.47,0.1794,synthetic_fabricated_from_policy_context,NERC publications; media reports
2024-10-01,JED,A,industrial,243.8,776.75,0.1875,synthetic_fabricated_from_policy_context,NERC publications; media reports
2024-10-01,JED,B,residential,169.6,690.82,0.1305,synthetic_fabricated_from_policy_context,NERC publications; media reports
2024-10-01,JED,B,commercial,186.56,595.91,0.1435,synthetic_fabricated_from_policy_context,NERC publications; media reports
2024-10-01,JED,B,industrial,195.04,660.34,0.15,synthetic_fabricated_from_policy_context,NERC publications; media reports
2024-10-01,JED,C,residential,135.68,525.41,0.1044,synthetic_fabricated_from_policy_context,NERC publications; media reports
2024-10-01,JED,C,commercial,149.25,490.22,0.1148,synthetic_fabricated_from_policy_context,NERC publications; media reports
2024-10-01,JED,C,industrial,156.03,590.3,0.12,synthetic_fabricated_from_policy_context,NERC publications; media reports
2024-10-01,JED,D,residential,110.24,373.4,0.0848,synthetic_fabricated_from_policy_context,NERC publications; media reports
2024-10-01,JED,D,commercial,121.26,494.49,0.0933,synthetic_fabricated_from_policy_context,NERC publications; media reports
2024-10-01,JED,D,industrial,126.78,404.9,0.0975,synthetic_fabricated_from_policy_context,NERC publications; media reports
2024-10-01,JED,E,residential,84.8,302.61,0.0652,synthetic_fabricated_from_policy_context,NERC publications; media reports
2024-10-01,JED,E,commercial,93.28,386.48,0.0718,synthetic_fabricated_from_policy_context,NERC publications; media reports
2024-10-01,JED,E,industrial,97.52,372.12,0.075,synthetic_fabricated_from_policy_context,NERC publications; media reports
2024-10-01,JED,Premium,residential,339.2,1052.68,0.2609,synthetic_fabricated_from_policy_context,NERC publications; media reports
2024-10-01,JED,Premium,commercial,373.12,1522.28,0.287,synthetic_fabricated_from_policy_context,NERC publications; media reports
2024-10-01,JED,Premium,industrial,390.08,1610.07,0.3001,synthetic_fabricated_from_policy_context,NERC publications; media reports
2024-10-01,KAEDCO,A,residential,189.74,881.98,0.146,synthetic_fabricated_from_policy_context,NERC publications; media reports
2024-10-01,KAEDCO,A,commercial,208.71,728.97,0.1605,synthetic_fabricated_from_policy_context,NERC publications; media reports
2024-10-01,KAEDCO,A,industrial,218.2,838.22,0.1678,synthetic_fabricated_from_policy_context,NERC publications; media reports
2024-10-01,KAEDCO,B,residential,151.79,690.32,0.1168,synthetic_fabricated_from_policy_context,NERC publications; media reports
2024-10-01,KAEDCO,B,commercial,166.97,547.86,0.1284,synthetic_fabricated_from_policy_context,NERC publications; media reports
2024-10-01,KAEDCO,B,industrial,174.56,732.87,0.1343,synthetic_fabricated_from_policy_context,NERC publications; media reports
2024-10-01,KAEDCO,C,residential,121.43,574.88,0.0934,synthetic_fabricated_from_policy_context,NERC publications; media reports
2024-10-01,KAEDCO,C,commercial,133.58,526.5,0.1028,synthetic_fabricated_from_policy_context,NERC publications; media reports
2024-10-01,KAEDCO,C,industrial,139.65,577.86,0.1074,synthetic_fabricated_from_policy_context,NERC publications; media reports
2024-10-01,KAEDCO,D,residential,98.66,434.3,0.0759,synthetic_fabricated_from_policy_context,NERC publications; media reports
2024-10-01,KAEDCO,D,commercial,108.53,508.39,0.0835,synthetic_fabricated_from_policy_context,NERC publications; media reports
2024-10-01,KAEDCO,D,industrial,113.46,410.7,0.0873,synthetic_fabricated_from_policy_context,NERC publications; media reports
2024-10-01,KAEDCO,E,residential,75.9,346.01,0.0584,synthetic_fabricated_from_policy_context,NERC publications; media reports
2024-10-01,KAEDCO,E,commercial,83.48,270.01,0.0642,synthetic_fabricated_from_policy_context,NERC publications; media reports
2024-10-01,KAEDCO,E,industrial,87.28,413.31,0.0671,synthetic_fabricated_from_policy_context,NERC publications; media reports
2024-10-01,KAEDCO,Premium,residential,303.58,1437.32,0.2335,synthetic_fabricated_from_policy_context,NERC publications; media reports
2024-10-01,KAEDCO,Premium,commercial,333.94,1329.22,0.2569,synthetic_fabricated_from_policy_context,NERC publications; media reports
2024-10-01,KAEDCO,Premium,industrial,349.12,1158.36,0.2686,synthetic_fabricated_from_policy_context,NERC publications; media reports
2024-10-01,KEDCO,A,residential,196.2,892.82,0.1509,synthetic_fabricated_from_policy_context,NERC publications; media reports
2024-10-01,KEDCO,A,commercial,215.82,869.03,0.166,synthetic_fabricated_from_policy_context,NERC publications; media reports
2024-10-01,KEDCO,A,industrial,225.63,738.6,0.1736,synthetic_fabricated_from_policy_context,NERC publications; media reports
2024-10-01,KEDCO,B,residential,156.96,500.53,0.1207,synthetic_fabricated_from_policy_context,NERC publications; media reports
2024-10-01,KEDCO,B,commercial,172.66,694.38,0.1328,synthetic_fabricated_from_policy_context,NERC publications; media reports
2024-10-01,KEDCO,B,industrial,180.5,693.33,0.1388,synthetic_fabricated_from_policy_context,NERC publications; media reports
2024-10-01,KEDCO,C,residential,125.57,530.37,0.0966,synthetic_fabricated_from_policy_context,NERC publications; media reports
2024-10-01,KEDCO,C,commercial,138.12,431.96,0.1062,synthetic_fabricated_from_policy_context,NERC publications; media reports
2024-10-01,KEDCO,C,industrial,144.4,613.73,0.1111,synthetic_fabricated_from_policy_context,NERC publications; media reports
2024-10-01,KEDCO,D,residential,102.02,439.9,0.0785,synthetic_fabricated_from_policy_context,NERC publications; media reports
2024-10-01,KEDCO,D,commercial,112.23,396.26,0.0863,synthetic_fabricated_from_policy_context,NERC publications; media reports
2024-10-01,KEDCO,D,industrial,117.33,439.35,0.0903,synthetic_fabricated_from_policy_context,NERC publications; media reports
2024-10-01,KEDCO,E,residential,78.48,351.04,0.0604,synthetic_fabricated_from_policy_context,NERC publications; media reports
2024-10-01,KEDCO,E,commercial,86.33,284.0,0.0664,synthetic_fabricated_from_policy_context,NERC publications; media reports
2024-10-01,KEDCO,E,industrial,90.25,299.5,0.0694,synthetic_fabricated_from_policy_context,NERC publications; media reports
2024-10-01,KEDCO,Premium,residential,313.92,1402.65,0.2415,synthetic_fabricated_from_policy_context,NERC publications; media reports
2024-10-01,KEDCO,Premium,commercial,345.31,1527.87,0.2656,synthetic_fabricated_from_policy_context,NERC publications; media reports
2024-10-01,KEDCO,Premium,industrial,361.01,1245.15,0.2777,synthetic_fabricated_from_policy_context,NERC publications; media reports
2024-10-01,PHED,A,residential,205.3,686.06,0.1579,synthetic_fabricated_from_policy_context,NERC publications; media reports
2024-10-01,PHED,A,commercial,225.83,863.49,0.1737,synthetic_fabricated_from_policy_context,NERC publications; media reports
2024-10-01,PHED,A,industrial,236.09,818.26,0.1816,synthetic_fabricated_from_policy_context,NERC publications; media reports
2024-10-01,PHED,B,residential,164.24,647.78,0.1263,synthetic_fabricated_from_policy_context,NERC publications; media reports
2024-10-01,PHED,B,commercial,180.66,541.06,0.139,synthetic_fabricated_from_policy_context,NERC publications; media reports
2024-10-01,PHED,B,industrial,188.87,586.19,0.1453,synthetic_fabricated_from_policy_context,NERC publications; media reports
2024-10-01,PHED,C,residential,131.39,444.72,0.1011,synthetic_fabricated_from_policy_context,NERC publications; media reports
2024-10-01,PHED,C,commercial,144.53,540.15,0.1112,synthetic_fabricated_from_policy_context,NERC publications; media reports
2024-10-01,PHED,C,industrial,151.1,560.99,0.1162,synthetic_fabricated_from_policy_context,NERC publications; media reports
2024-10-01,PHED,D,residential,106.75,331.95,0.0821,synthetic_fabricated_from_policy_context,NERC publications; media reports
2024-10-01,PHED,D,commercial,117.43,359.97,0.0903,synthetic_fabricated_from_policy_context,NERC publications; media reports
2024-10-01,PHED,D,industrial,122.77,503.54,0.0944,synthetic_fabricated_from_policy_context,NERC publications; media reports
2024-10-01,PHED,E,residential,82.12,244.64,0.0632,synthetic_fabricated_from_policy_context,NERC publications; media reports
2024-10-01,PHED,E,commercial,90.33,306.22,0.0695,synthetic_fabricated_from_policy_context,NERC publications; media reports
2024-10-01,PHED,E,industrial,94.44,328.14,0.0726,synthetic_fabricated_from_policy_context,NERC publications; media reports
2024-10-01,PHED,Premium,residential,328.47,961.92,0.2527,synthetic_fabricated_from_policy_context,NERC publications; media reports
2024-10-01,PHED,Premium,commercial,361.32,1445.97,0.2779,synthetic_fabricated_from_policy_context,NERC publications; media reports
2024-10-01,PHED,Premium,industrial,377.74,1432.71,0.2906,synthetic_fabricated_from_policy_context,NERC publications; media reports
2024-10-01,YEDC,A,residential,192.26,682.16,0.1479,synthetic_fabricated_from_policy_context,NERC publications; media reports
2024-10-01,YEDC,A,commercial,211.49,762.36,0.1627,synthetic_fabricated_from_policy_context,NERC publications; media reports
2024-10-01,YEDC,A,industrial,221.1,860.78,0.1701,synthetic_fabricated_from_policy_context,NERC publications; media reports
2024-10-01,YEDC,B,residential,153.81,579.94,0.1183,synthetic_fabricated_from_policy_context,NERC publications; media reports
2024-10-01,YEDC,B,commercial,169.19,752.25,0.1301,synthetic_fabricated_from_policy_context,NERC publications; media reports
2024-10-01,YEDC,B,industrial,176.88,792.59,0.1361,synthetic_fabricated_from_policy_context,NERC publications; media reports
2024-10-01,YEDC,C,residential,123.05,563.81,0.0947,synthetic_fabricated_from_policy_context,NERC publications; media reports
2024-10-01,YEDC,C,commercial,135.35,528.61,0.1041,synthetic_fabricated_from_policy_context,NERC publications; media reports
2024-10-01,YEDC,C,industrial,141.5,448.46,0.1088,synthetic_fabricated_from_policy_context,NERC publications; media reports
2024-10-01,YEDC,D,residential,99.98,379.17,0.0769,synthetic_fabricated_from_policy_context,NERC publications; media reports
2024-10-01,YEDC,D,commercial,109.97,506.82,0.0846,synthetic_fabricated_from_policy_context,NERC publications; media reports
2024-10-01,YEDC,D,industrial,114.97,454.43,0.0884,synthetic_fabricated_from_policy_context,NERC publications; media reports
2024-10-01,YEDC,E,residential,76.9,276.76,0.0592,synthetic_fabricated_from_policy_context,NERC publications; media reports
2024-10-01,YEDC,E,commercial,84.6,366.25,0.0651,synthetic_fabricated_from_policy_context,NERC publications; media reports
2024-10-01,YEDC,E,industrial,88.44,393.67,0.068,synthetic_fabricated_from_policy_context,NERC publications; media reports
2024-10-01,YEDC,Premium,residential,307.62,1429.76,0.2366,synthetic_fabricated_from_policy_context,NERC publications; media reports
2024-10-01,YEDC,Premium,commercial,338.38,1154.26,0.2603,synthetic_fabricated_from_policy_context,NERC publications; media reports
2024-10-01,YEDC,Premium,industrial,353.76,1412.23,0.2721,synthetic_fabricated_from_policy_context,NERC publications; media reports
2024-11-01,AEDC,A,residential,208.72,608.65,0.1606,synthetic_fabricated_from_policy_context,NERC publications; media reports
2024-11-01,AEDC,A,commercial,229.59,886.24,0.1766,synthetic_fabricated_from_policy_context,NERC publications; media reports
2024-11-01,AEDC,A,industrial,240.03,759.57,0.1846,synthetic_fabricated_from_policy_context,NERC publications; media reports
2024-11-01,AEDC,B,residential,166.98,663.38,0.1284,synthetic_fabricated_from_policy_context,NERC publications; media reports
2024-11-01,AEDC,B,commercial,183.68,669.67,0.1413,synthetic_fabricated_from_policy_context,NERC publications; media reports
2024-11-01,AEDC,B,industrial,192.02,807.39,0.1477,synthetic_fabricated_from_policy_context,NERC publications; media reports
2024-11-01,AEDC,C,residential,133.58,515.61,0.1028,synthetic_fabricated_from_policy_context,NERC publications; media reports
2024-11-01,AEDC,C,commercial,146.94,465.49,0.113,synthetic_fabricated_from_policy_context,NERC publications; media reports
2024-11-01,AEDC,C,industrial,153.62,644.96,0.1182,synthetic_fabricated_from_policy_context,NERC publications; media reports
2024-11-01,AEDC,D,residential,108.54,406.55,0.0835,synthetic_fabricated_from_policy_context,NERC publications; media reports
2024-11-01,AEDC,D,commercial,119.39,474.92,0.0918,synthetic_fabricated_from_policy_context,NERC publications; media reports
2024-11-01,AEDC,D,industrial,124.82,480.81,0.096,synthetic_fabricated_from_policy_context,NERC publications; media reports
2024-11-01,AEDC,E,residential,83.49,243.38,0.0642,synthetic_fabricated_from_policy_context,NERC publications; media reports
2024-11-01,AEDC,E,commercial,91.84,302.12,0.0706,synthetic_fabricated_from_policy_context,NERC publications; media reports
2024-11-01,AEDC,E,industrial,96.01,283.14,0.0739,synthetic_fabricated_from_policy_context,NERC publications; media reports
2024-11-01,AEDC,Premium,residential,333.96,1203.43,0.2569,synthetic_fabricated_from_policy_context,NERC publications; media reports
2024-11-01,AEDC,Premium,commercial,367.35,1198.81,0.2826,synthetic_fabricated_from_policy_context,NERC publications; media reports
2024-11-01,AEDC,Premium,industrial,384.05,1340.64,0.2954,synthetic_fabricated_from_policy_context,NERC publications; media reports
2024-11-01,BEDC,A,residential,178.11,846.66,0.137,synthetic_fabricated_from_policy_context,NERC publications; media reports
2024-11-01,BEDC,A,commercial,195.92,863.8,0.1507,synthetic_fabricated_from_policy_context,NERC publications; media reports
2024-11-01,BEDC,A,industrial,204.83,763.64,0.1576,synthetic_fabricated_from_policy_context,NERC publications; media reports
2024-11-01,BEDC,B,residential,142.49,574.2,0.1096,synthetic_fabricated_from_policy_context,NERC publications; media reports
2024-11-01,BEDC,B,commercial,156.74,662.08,0.1206,synthetic_fabricated_from_policy_context,NERC publications; media reports
2024-11-01,BEDC,B,industrial,163.86,704.2,0.126,synthetic_fabricated_from_policy_context,NERC publications; media reports
2024-11-01,BEDC,C,residential,113.99,420.23,0.0877,synthetic_fabricated_from_policy_context,NERC publications; media reports
2024-11-01,BEDC,C,commercial,125.39,447.52,0.0965,synthetic_fabricated_from_policy_context,NERC publications; media reports
2024-11-01,BEDC,C,industrial,131.09,472.83,0.1008,synthetic_fabricated_from_policy_context,NERC publications; media reports
2024-11-01,BEDC,D,residential,92.62,411.28,0.0712,synthetic_fabricated_from_policy_context,NERC publications; media reports
2024-11-01,BEDC,D,commercial,101.88,401.25,0.0784,synthetic_fabricated_from_policy_context,NERC publications; media reports
2024-11-01,BEDC,D,industrial,106.51,380.52,0.0819,synthetic_fabricated_from_policy_context,NERC publications; media reports
2024-11-01,BEDC,E,residential,71.25,302.21,0.0548,synthetic_fabricated_from_policy_context,NERC publications; media reports
2024-11-01,BEDC,E,commercial,78.37,354.86,0.0603,synthetic_fabricated_from_policy_context,NERC publications; media reports
2024-11-01,BEDC,E,industrial,81.93,361.15,0.063,synthetic_fabricated_from_policy_context,NERC publications; media reports
2024-11-01,BEDC,Premium,residential,284.98,1324.64,0.2192,synthetic_fabricated_from_policy_context,NERC publications; media reports
2024-11-01,BEDC,Premium,commercial,313.48,1537.19,0.2411,synthetic_fabricated_from_policy_context,NERC publications; media reports
2024-11-01,BEDC,Premium,industrial,327.73,1456.36,0.2521,synthetic_fabricated_from_policy_context,NERC publications; media reports
2024-11-01,EEDC,A,residential,186.81,754.69,0.1437,synthetic_fabricated_from_policy_context,NERC publications; media reports
2024-11-01,EEDC,A,commercial,205.49,763.12,0.1581,synthetic_fabricated_from_policy_context,NERC publications; media reports
2024-11-01,EEDC,A,industrial,214.83,888.48,0.1653,synthetic_fabricated_from_policy_context,NERC publications; media reports
2024-11-01,EEDC,B,residential,149.44,687.66,0.115,synthetic_fabricated_from_policy_context,NERC publications; media reports
2024-11-01,EEDC,B,commercial,164.39,697.82,0.1265,synthetic_fabricated_from_policy_context,NERC publications; media reports
2024-11-01,EEDC,B,industrial,171.86,739.06,0.1322,synthetic_fabricated_from_policy_context,NERC publications; media reports
2024-11-01,EEDC,C,residential,119.56,565.74,0.092,synthetic_fabricated_from_policy_context,NERC publications; media reports
2024-11-01,EEDC,C,commercial,131.51,432.96,0.1012,synthetic_fabricated_from_policy_context,NERC publications; media reports
2024-11-01,EEDC,C,industrial,137.49,530.53,0.1058,synthetic_fabricated_from_policy_context,NERC publications; media reports
2024-11-01,EEDC,D,residential,97.14,443.43,0.0747,synthetic_fabricated_from_policy_context,NERC publications; media reports
2024-11-01,EEDC,D,commercial,106.85,488.09,0.0822,synthetic_fabricated_from_policy_context,NERC publications; media reports
2024-11-01,EEDC,D,industrial,111.71,459.59,0.0859,synthetic_fabricated_from_policy_context,NERC publications; media reports
2024-11-01,EEDC,E,residential,74.72,282.82,0.0575,synthetic_fabricated_from_policy_context,NERC publications; media reports
2024-11-01,EEDC,E,commercial,82.19,347.68,0.0632,synthetic_fabricated_from_policy_context,NERC publications; media reports
2024-11-01,EEDC,E,industrial,85.93,309.53,0.0661,synthetic_fabricated_from_policy_context,NERC publications; media reports
2024-11-01,EEDC,Premium,residential,298.89,1154.71,0.2299,synthetic_fabricated_from_policy_context,NERC publications; media reports
2024-11-01,EEDC,Premium,commercial,328.78,1418.13,0.2529,synthetic_fabricated_from_policy_context,NERC publications; media reports
2024-11-01,EEDC,Premium,industrial,343.72,1146.75,0.2644,synthetic_fabricated_from_policy_context,NERC publications; media reports
2024-11-01,EKEDC,A,residential,218.64,668.64,0.1682,synthetic_fabricated_from_policy_context,NERC publications; media reports
2024-11-01,EKEDC,A,commercial,240.51,962.2,0.185,synthetic_fabricated_from_policy_context,NERC publications; media reports
2024-11-01,EKEDC,A,industrial,251.44,1020.9,0.1934,synthetic_fabricated_from_policy_context,NERC publications; media reports
2024-11-01,EKEDC,B,residential,174.91,664.67,0.1345,synthetic_fabricated_from_policy_context,NERC publications; media reports
2024-11-01,EKEDC,B,commercial,192.41,750.88,0.148,synthetic_fabricated_from_policy_context,NERC publications; media reports
2024-11-01,EKEDC,B,industrial,201.15,678.93,0.1547,synthetic_fabricated_from_policy_context,NERC publications; media reports
2024-11-01,EKEDC,C,residential,139.93,511.67,0.1076,synthetic_fabricated_from_policy_context,NERC publications; media reports
2024-11-01,EKEDC,C,commercial,153.92,519.87,0.1184,synthetic_fabricated_from_policy_context,NERC publications; media reports
2024-11-01,EKEDC,C,industrial,160.92,543.6,0.1238,synthetic_fabricated_from_policy_context,NERC publications; media reports
2024-11-01,EKEDC,D,residential,113.69,456.22,0.0875,synthetic_fabricated_from_policy_context,NERC publications; media reports
2024-11-01,EKEDC,D,commercial,125.06,359.51,0.0962,synthetic_fabricated_from_policy_context,NERC publications; media reports
2024-11-01,EKEDC,D,industrial,130.75,536.09,0.1006,synthetic_fabricated_from_policy_context,NERC publications; media reports
2024-11-01,EKEDC,E,residential,87.46,309.14,0.0673,synthetic_fabricated_from_policy_context,NERC publications; media reports
2024-11-01,EKEDC,E,commercial,96.2,281.2,0.074,synthetic_fabricated_from_policy_context,NERC publications; media reports
2024-11-01,EKEDC,E,industrial,100.58,326.26,0.0774,synthetic_fabricated_from_policy_context,NERC publications; media reports
2024-11-01,EKEDC,Premium,residential,349.83,1436.9,0.2691,synthetic_fabricated_from_policy_context,NERC publications; media reports
2024-11-01,EKEDC,Premium,commercial,384.81,1509.68,0.296,synthetic_fabricated_from_policy_context,NERC publications; media reports
2024-11-01,EKEDC,Premium,industrial,402.3,1236.21,0.3095,synthetic_fabricated_from_policy_context,NERC publications; media reports
2024-11-01,IBEDC,A,residential,196.42,851.72,0.1511,synthetic_fabricated_from_policy_context,NERC publications; media reports
2024-11-01,IBEDC,A,commercial,216.06,664.08,0.1662,synthetic_fabricated_from_policy_context,NERC publications; media reports
2024-11-01,IBEDC,A,industrial,225.88,701.78,0.1738,synthetic_fabricated_from_policy_context,NERC publications; media reports
2024-11-01,IBEDC,B,residential,157.13,714.71,0.1209,synthetic_fabricated_from_policy_context,NERC publications; media reports
2024-11-01,IBEDC,B,commercial,172.85,659.6,0.133,synthetic_fabricated_from_policy_context,NERC publications; media reports
2024-11-01,IBEDC,B,industrial,180.7,569.62,0.139,synthetic_fabricated_from_policy_context,NERC publications; media reports
2024-11-01,IBEDC,C,residential,125.71,440.18,0.0967,synthetic_fabricated_from_policy_context,NERC publications; media reports
2024-11-01,IBEDC,C,commercial,138.28,458.25,0.1064,synthetic_fabricated_from_policy_context,NERC publications; media reports
2024-11-01,IBEDC,C,industrial,144.56,484.75,0.1112,synthetic_fabricated_from_policy_context,NERC publications; media reports
2024-11-01,IBEDC,D,residential,102.14,375.29,0.0786,synthetic_fabricated_from_policy_context,NERC publications; media reports
2024-11-01,IBEDC,D,commercial,112.35,441.6,0.0864,synthetic_fabricated_from_policy_context,NERC publications; media reports
2024-11-01,IBEDC,D,industrial,117.46,487.84,0.0904,synthetic_fabricated_from_policy_context,NERC publications; media reports
2024-11-01,IBEDC,E,residential,78.57,342.62,0.0604,synthetic_fabricated_from_policy_context,NERC publications; media reports
2024-11-01,IBEDC,E,commercial,86.42,300.46,0.0665,synthetic_fabricated_from_policy_context,NERC publications; media reports
2024-11-01,IBEDC,E,industrial,90.35,413.68,0.0695,synthetic_fabricated_from_policy_context,NERC publications; media reports
2024-11-01,IBEDC,Premium,residential,314.27,1321.96,0.2417,synthetic_fabricated_from_policy_context,NERC publications; media reports
2024-11-01,IBEDC,Premium,commercial,345.69,1257.37,0.2659,synthetic_fabricated_from_policy_context,NERC publications; media reports
2024-11-01,IBEDC,Premium,industrial,361.4,1435.59,0.278,synthetic_fabricated_from_policy_context,NERC publications; media reports
2024-11-01,IKEDC,A,residential,219.71,882.23,0.169,synthetic_fabricated_from_policy_context,NERC publications; media reports
2024-11-01,IKEDC,A,commercial,241.68,776.6,0.1859,synthetic_fabricated_from_policy_context,NERC publications; media reports
2024-11-01,IKEDC,A,industrial,252.66,762.0,0.1944,synthetic_fabricated_from_policy_context,NERC publications; media reports
2024-11-01,IKEDC,B,residential,175.77,555.62,0.1352,synthetic_fabricated_from_policy_context,NERC publications; media reports
2024-11-01,IKEDC,B,commercial,193.34,769.34,0.1487,synthetic_fabricated_from_policy_context,NERC publications; media reports
2024-11-01,IKEDC,B,industrial,202.13,675.41,0.1555,synthetic_fabricated_from_policy_context,NERC publications; media reports
2024-11-01,IKEDC,C,residential,140.61,518.04,0.1082,synthetic_fabricated_from_policy_context,NERC publications; media reports
2024-11-01,IKEDC,C,commercial,154.67,476.87,0.119,synthetic_fabricated_from_policy_context,NERC publications; media reports
2024-11-01,IKEDC,C,industrial,161.7,461.46,0.1244,synthetic_fabricated_from_policy_context,NERC publications; media reports
2024-11-01,IKEDC,D,residential,114.25,358.88,0.0879,synthetic_fabricated_from_policy_context,NERC publications; media reports
2024-11-01,IKEDC,D,commercial,125.67,382.15,0.0967,synthetic_fabricated_from_policy_context,NERC publications; media reports
2024-11-01,IKEDC,D,industrial,131.39,500.22,0.1011,synthetic_fabricated_from_policy_context,NERC publications; media reports
2024-11-01,IKEDC,E,residential,87.88,272.37,0.0676,synthetic_fabricated_from_policy_context,NERC publications; media reports
2024-11-01,IKEDC,E,commercial,96.67,291.85,0.0744,synthetic_fabricated_from_policy_context,NERC publications; media reports
2024-11-01,IKEDC,E,industrial,101.07,293.68,0.0777,synthetic_fabricated_from_policy_context,NERC publications; media reports
2024-11-01,IKEDC,Premium,residential,351.53,1139.2,0.2704,synthetic_fabricated_from_policy_context,NERC publications; media reports
2024-11-01,IKEDC,Premium,commercial,386.69,1346.77,0.2975,synthetic_fabricated_from_policy_context,NERC publications; media reports
2024-11-01,IKEDC,Premium,industrial,404.26,1590.58,0.311,synthetic_fabricated_from_policy_context,NERC publications; media reports
2024-11-01,JED,A,residential,210.72,677.19,0.1621,synthetic_fabricated_from_policy_context,NERC publications; media reports
2024-11-01,JED,A,commercial,231.79,887.56,0.1783,synthetic_fabricated_from_policy_context,NERC publications; media reports
2024-11-01,JED,A,industrial,242.33,861.5,0.1864,synthetic_fabricated_from_policy_context,NERC publications; media reports
2024-11-01,JED,B,residential,168.58,510.97,0.1297,synthetic_fabricated_from_policy_context,NERC publications; media reports
2024-11-01,JED,B,commercial,185.43,575.72,0.1426,synthetic_fabricated_from_policy_context,NERC publications; media reports
2024-11-01,JED,B,industrial,193.86,628.66,0.1491,synthetic_fabricated_from_policy_context,NERC publications; media reports
2024-11-01,JED,C,residential,134.86,563.27,0.1037,synthetic_fabricated_from_policy_context,NERC publications; media reports
2024-11-01,JED,C,commercial,148.35,522.01,0.1141,synthetic_fabricated_from_policy_context,NERC publications; media reports
2024-11-01,JED,C,industrial,155.09,601.39,0.1193,synthetic_fabricated_from_policy_context,NERC publications; media reports
2024-11-01,JED,D,residential,109.57,361.84,0.0843,synthetic_fabricated_from_policy_context,NERC publications; media reports
2024-11-01,JED,D,commercial,120.53,488.42,0.0927,synthetic_fabricated_from_policy_context,NERC publications; media reports
2024-11-01,JED,D,industrial,126.01,529.82,0.0969,synthetic_fabricated_from_policy_context,NERC publications; media reports
2024-11-01,JED,E,residential,84.29,344.99,0.0648,synthetic_fabricated_from_policy_context,NERC publications; media reports
2024-11-01,JED,E,commercial,92.72,377.28,0.0713,synthetic_fabricated_from_policy_context,NERC publications; media reports
2024-11-01,JED,E,industrial,96.93,359.99,0.0746,synthetic_fabricated_from_policy_context,NERC publications; media reports
2024-11-01,JED,Premium,residential,337.15,974.31,0.2593,synthetic_fabricated_from_policy_context,NERC publications; media reports
2024-11-01,JED,Premium,commercial,370.87,1573.03,0.2853,synthetic_fabricated_from_policy_context,NERC publications; media reports
2024-11-01,JED,Premium,industrial,387.73,1505.17,0.2983,synthetic_fabricated_from_policy_context,NERC publications; media reports
2024-11-01,KAEDCO,A,residential,207.69,637.81,0.1598,synthetic_fabricated_from_policy_context,NERC publications; media reports
2024-11-01,KAEDCO,A,commercial,228.46,864.47,0.1757,synthetic_fabricated_from_policy_context,NERC publications; media reports
2024-11-01,KAEDCO,A,industrial,238.85,860.8,0.1837,synthetic_fabricated_from_policy_context,NERC publications; media reports
2024-11-01,KAEDCO,B,residential,166.16,483.18,0.1278,synthetic_fabricated_from_policy_context,NERC publications; media reports
2024-11-01,KAEDCO,B,commercial,182.77,599.15,0.1406,synthetic_fabricated_from_policy_context,NERC publications; media reports
2024-11-01,KAEDCO,B,industrial,191.08,679.71,0.147,synthetic_fabricated_from_policy_context,NERC publications; media reports
2024-11-01,KAEDCO,C,residential,132.92,489.94,0.1022,synthetic_fabricated_from_policy_context,NERC publications; media reports
2024-11-01,KAEDCO,C,commercial,146.22,596.02,0.1125,synthetic_fabricated_from_policy_context,NERC publications; media reports
2024-11-01,KAEDCO,C,industrial,152.86,515.7,0.1176,synthetic_fabricated_from_policy_context,NERC publications; media reports
2024-11-01,KAEDCO,D,residential,108.0,358.38,0.0831,synthetic_fabricated_from_policy_context,NERC publications; media reports
2024-11-01,KAEDCO,D,commercial,118.8,343.22,0.0914,synthetic_fabricated_from_policy_context,NERC publications; media reports
2024-11-01,KAEDCO,D,industrial,124.2,427.2,0.0955,synthetic_fabricated_from_policy_context,NERC publications; media reports
2024-11-01,KAEDCO,E,residential,83.08,262.63,0.0639,synthetic_fabricated_from_policy_context,NERC publications; media reports
2024-11-01,KAEDCO,E,commercial,91.39,353.12,0.0703,synthetic_fabricated_from_policy_context,NERC publications; media reports
2024-11-01,KAEDCO,E,industrial,95.54,359.73,0.0735,synthetic_fabricated_from_policy_context,NERC publications; media reports
2024-11-01,KAEDCO,Premium,residential,332.31,1420.01,0.2556,synthetic_fabricated_from_policy_context,NERC publications; media reports
2024-11-01,KAEDCO,Premium,commercial,365.54,1289.52,0.2812,synthetic_fabricated_from_policy_context,NERC publications; media reports
2024-11-01,KAEDCO,Premium,industrial,382.16,1368.73,0.294,synthetic_fabricated_from_policy_context,NERC publications; media reports
2024-11-01,KEDCO,A,residential,220.32,880.27,0.1695,synthetic_fabricated_from_policy_context,NERC publications; media reports
2024-11-01,KEDCO,A,commercial,242.35,686.81,0.1864,synthetic_fabricated_from_policy_context,NERC publications; media reports
2024-11-01,KEDCO,A,industrial,253.37,897.3,0.1949,synthetic_fabricated_from_policy_context,NERC publications; media reports
2024-11-01,KEDCO,B,residential,176.26,595.51,0.1356,synthetic_fabricated_from_policy_context,NERC publications; media reports
2024-11-01,KEDCO,B,commercial,193.88,710.91,0.1491,synthetic_fabricated_from_policy_context,NERC publications; media reports
2024-11-01,KEDCO,B,industrial,202.7,619.62,0.1559,synthetic_fabricated_from_policy_context,NERC publications; media reports
2024-11-01,KEDCO,C,residential,141.01,567.98,0.1085,synthetic_fabricated_from_policy_context,NERC publications; media reports
2024-11-01,KEDCO,C,commercial,155.11,516.79,0.1193,synthetic_fabricated_from_policy_context,NERC publications; media reports
2024-11-01,KEDCO,C,industrial,162.16,564.15,0.1247,synthetic_fabricated_from_policy_context,NERC publications; media reports
2024-11-01,KEDCO,D,residential,114.57,414.28,0.0881,synthetic_fabricated_from_policy_context,NERC publications; media reports
2024-11-01,KEDCO,D,commercial,126.02,466.85,0.0969,synthetic_fabricated_from_policy_context,NERC publications; media reports
2024-11-01,KEDCO,D,industrial,131.75,421.38,0.1013,synthetic_fabricated_from_policy_context,NERC publications; media reports
2024-11-01,KEDCO,E,residential,88.13,319.26,0.0678,synthetic_fabricated_from_policy_context,NERC publications; media reports
2024-11-01,KEDCO,E,commercial,96.94,321.34,0.0746,synthetic_fabricated_from_policy_context,NERC publications; media reports
2024-11-01,KEDCO,E,industrial,101.35,298.27,0.078,synthetic_fabricated_from_policy_context,NERC publications; media reports
2024-11-01,KEDCO,Premium,residential,352.51,1397.66,0.2712,synthetic_fabricated_from_policy_context,NERC publications; media reports
2024-11-01,KEDCO,Premium,commercial,387.77,1330.11,0.2983,synthetic_fabricated_from_policy_context,NERC publications; media reports
2024-11-01,KEDCO,Premium,industrial,405.39,1327.32,0.3118,synthetic_fabricated_from_policy_context,NERC publications; media reports
2024-11-01,PHED,A,residential,174.36,679.18,0.1341,synthetic_fabricated_from_policy_context,NERC publications; media reports
2024-11-01,PHED,A,commercial,191.79,821.37,0.1475,synthetic_fabricated_from_policy_context,NERC publications; media reports
2024-11-01,PHED,A,industrial,200.51,830.84,0.1542,synthetic_fabricated_from_policy_context,NERC publications; media reports
2024-11-01,PHED,B,residential,139.48,589.62,0.1073,synthetic_fabricated_from_policy_context,NERC publications; media reports
2024-11-01,PHED,B,commercial,153.43,581.64,0.118,synthetic_fabricated_from_policy_context,NERC publications; media reports
2024-11-01,PHED,B,industrial,160.41,561.1,0.1234,synthetic_fabricated_from_policy_context,NERC publications; media reports
2024-11-01,PHED,C,residential,111.59,506.6,0.0858,synthetic_fabricated_from_policy_context,NERC publications; media reports
2024-11-01,PHED,C,commercial,122.75,487.01,0.0944,synthetic_fabricated_from_policy_context,NERC publications; media reports
2024-11-01,PHED,C,industrial,128.33,582.68,0.0987,synthetic_fabricated_from_policy_context,NERC publications; media reports
2024-11-01,PHED,D,residential,90.66,467.66,0.0697,synthetic_fabricated_from_policy_context,NERC publications; media reports
2024-11-01,PHED,D,commercial,99.73,370.68,0.0767,synthetic_fabricated_from_policy_context,NERC publications; media reports
2024-11-01,PHED,D,industrial,104.26,394.52,0.0802,synthetic_fabricated_from_policy_context,NERC publications; media reports
2024-11-01,PHED,E,residential,69.74,340.99,0.0536,synthetic_fabricated_from_policy_context,NERC publications; media reports
2024-11-01,PHED,E,commercial,76.72,301.39,0.059,synthetic_fabricated_from_policy_context,NERC publications; media reports
2024-11-01,PHED,E,industrial,80.2,356.41,0.0617,synthetic_fabricated_from_policy_context,NERC publications; media reports
2024-11-01,PHED,Premium,residential,278.97,1310.95,0.2146,synthetic_fabricated_from_policy_context,NERC publications; media reports
2024-11-01,PHED,Premium,commercial,306.87,1212.73,0.2361,synthetic_fabricated_from_policy_context,NERC publications; media reports
2024-11-01,PHED,Premium,industrial,320.81,1453.87,0.2468,synthetic_fabricated_from_policy_context,NERC publications; media reports
2024-11-01,YEDC,A,residential,213.7,846.49,0.1644,synthetic_fabricated_from_policy_context,NERC publications; media reports
2024-11-01,YEDC,A,commercial,235.07,737.84,0.1808,synthetic_fabricated_from_policy_context,NERC publications; media reports
2024-11-01,YEDC,A,industrial,245.76,723.7,0.189,synthetic_fabricated_from_policy_context,NERC publications; media reports
2024-11-01,YEDC,B,residential,170.96,598.9,0.1315,synthetic_fabricated_from_policy_context,NERC publications; media reports
2024-11-01,YEDC,B,commercial,188.06,599.79,0.1447,synthetic_fabricated_from_policy_context,NERC publications; media reports
2024-11-01,YEDC,B,industrial,196.61,780.95,0.1512,synthetic_fabricated_from_policy_context,NERC publications; media reports
2024-11-01,YEDC,C,residential,136.77,426.12,0.1052,synthetic_fabricated_from_policy_context,NERC publications; media reports
2024-11-01,YEDC,C,commercial,150.45,534.34,0.1157,synthetic_fabricated_from_policy_context,NERC publications; media reports
2024-11-01,YEDC,C,industrial,157.28,508.86,0.121,synthetic_fabricated_from_policy_context,NERC publications; media reports
2024-11-01,YEDC,D,residential,111.13,329.48,0.0855,synthetic_fabricated_from_policy_context,NERC publications; media reports
2024-11-01,YEDC,D,commercial,122.24,453.74,0.094,synthetic_fabricated_from_policy_context,NERC publications; media reports
2024-11-01,YEDC,D,industrial,127.79,509.72,0.0983,synthetic_fabricated_from_policy_context,NERC publications; media reports
2024-11-01,YEDC,E,residential,85.48,315.38,0.0658,synthetic_fabricated_from_policy_context,NERC publications; media reports
2024-11-01,YEDC,E,commercial,94.03,355.42,0.0723,synthetic_fabricated_from_policy_context,NERC publications; media reports
2024-11-01,YEDC,E,industrial,98.3,374.7,0.0756,synthetic_fabricated_from_policy_context,NERC publications; media reports
2024-11-01,YEDC,Premium,residential,341.92,1372.74,0.263,synthetic_fabricated_from_policy_context,NERC publications; media reports
2024-11-01,YEDC,Premium,commercial,376.12,1520.98,0.2893,synthetic_fabricated_from_policy_context,NERC publications; media reports
2024-11-01,YEDC,Premium,industrial,393.21,1444.14,0.3025,synthetic_fabricated_from_policy_context,NERC publications; media reports
2024-12-01,AEDC,A,residential,178.97,761.65,0.1377,synthetic_fabricated_from_policy_context,NERC publications; media reports
2024-12-01,AEDC,A,commercial,196.86,681.22,0.1514,synthetic_fabricated_from_policy_context,NERC publications; media reports
2024-12-01,AEDC,A,industrial,205.81,999.36,0.1583,synthetic_fabricated_from_policy_context,NERC publications; media reports
2024-12-01,AEDC,B,residential,143.17,635.15,0.1101,synthetic_fabricated_from_policy_context,NERC publications; media reports
2024-12-01,AEDC,B,commercial,157.49,758.03,0.1211,synthetic_fabricated_from_policy_context,NERC publications; media reports
2024-12-01,AEDC,B,industrial,164.65,670.39,0.1267,synthetic_fabricated_from_policy_context,NERC publications; media reports
2024-12-01,AEDC,C,residential,114.54,387.48,0.0881,synthetic_fabricated_from_policy_context,NERC publications; media reports
2024-12-01,AEDC,C,commercial,125.99,442.79,0.0969,synthetic_fabricated_from_policy_context,NERC publications; media reports
2024-12-01,AEDC,C,industrial,131.72,620.45,0.1013,synthetic_fabricated_from_policy_context,NERC publications; media reports
2024-12-01,AEDC,D,residential,93.06,411.61,0.0716,synthetic_fabricated_from_policy_context,NERC publications; media reports
2024-12-01,AEDC,D,commercial,102.37,426.61,0.0787,synthetic_fabricated_from_policy_context,NERC publications; media reports
2024-12-01,AEDC,D,industrial,107.02,410.59,0.0823,synthetic_fabricated_from_policy_context,NERC publications; media reports
2024-12-01,AEDC,E,residential,71.59,329.11,0.0551,synthetic_fabricated_from_policy_context,NERC publications; media reports
2024-12-01,AEDC,E,commercial,78.75,320.38,0.0606,synthetic_fabricated_from_policy_context,NERC publications; media reports
2024-12-01,AEDC,E,industrial,82.32,402.16,0.0633,synthetic_fabricated_from_policy_context,NERC publications; media reports
2024-12-01,AEDC,Premium,residential,286.35,1427.01,0.2203,synthetic_fabricated_from_policy_context,NERC publications; media reports
2024-12-01,AEDC,Premium,commercial,314.98,1411.27,0.2423,synthetic_fabricated_from_policy_context,NERC publications; media reports
2024-12-01,AEDC,Premium,industrial,329.3,1238.42,0.2533,synthetic_fabricated_from_policy_context,NERC publications; media reports
2024-12-01,BEDC,A,residential,183.0,844.57,0.1408,synthetic_fabricated_from_policy_context,NERC publications; media reports
2024-12-01,BEDC,A,commercial,201.3,838.67,0.1548,synthetic_fabricated_from_policy_context,NERC publications; media reports
2024-12-01,BEDC,A,industrial,210.45,713.51,0.1619,synthetic_fabricated_from_policy_context,NERC publications; media reports
2024-12-01,BEDC,B,residential,146.4,512.22,0.1126,synthetic_fabricated_from_policy_context,NERC publications; media reports
2024-12-01,BEDC,B,commercial,161.04,596.8,0.1239,synthetic_fabricated_from_policy_context,NERC publications; media reports
2024-12-01,BEDC,B,industrial,168.36,555.49,0.1295,synthetic_fabricated_from_policy_context,NERC publications; media reports
2024-12-01,BEDC,C,residential,117.12,491.58,0.0901,synthetic_fabricated_from_policy_context,NERC publications; media reports
2024-12-01,BEDC,C,commercial,128.83,521.67,0.0991,synthetic_fabricated_from_policy_context,NERC publications; media reports
2024-12-01,BEDC,C,industrial,134.69,617.01,0.1036,synthetic_fabricated_from_policy_context,NERC publications; media reports
2024-12-01,BEDC,D,residential,95.16,398.35,0.0732,synthetic_fabricated_from_policy_context,NERC publications; media reports
2024-12-01,BEDC,D,commercial,104.68,354.22,0.0805,synthetic_fabricated_from_policy_context,NERC publications; media reports
2024-12-01,BEDC,D,industrial,109.43,373.37,0.0842,synthetic_fabricated_from_policy_context,NERC publications; media reports
2024-12-01,BEDC,E,residential,73.2,342.56,0.0563,synthetic_fabricated_from_policy_context,NERC publications; media reports
2024-12-01,BEDC,E,commercial,80.52,320.75,0.0619,synthetic_fabricated_from_policy_context,NERC publications; media reports
2024-12-01,BEDC,E,industrial,84.18,335.73,0.0648,synthetic_fabricated_from_policy_context,NERC publications; media reports
2024-12-01,BEDC,Premium,residential,292.8,1369.83,0.2252,synthetic_fabricated_from_policy_context,NERC publications; media reports
2024-12-01,BEDC,Premium,commercial,322.08,1238.03,0.2478,synthetic_fabricated_from_policy_context,NERC publications; media reports
2024-12-01,BEDC,Premium,industrial,336.72,1529.81,0.259,synthetic_fabricated_from_policy_context,NERC publications; media reports
2024-12-01,EEDC,A,residential,175.89,794.04,0.1353,synthetic_fabricated_from_policy_context,NERC publications; media reports
2024-12-01,EEDC,A,commercial,193.48,773.89,0.1488,synthetic_fabricated_from_policy_context,NERC publications; media reports
2024-12-01,EEDC,A,industrial,202.27,984.36,0.1556,synthetic_fabricated_from_policy_context,NERC publications; media reports
2024-12-01,EEDC,B,residential,140.71,487.47,0.1082,synthetic_fabricated_from_policy_context,NERC publications; media reports
2024-12-01,EEDC,B,commercial,154.78,549.1,0.1191,synthetic_fabricated_from_policy_context,NERC publications; media reports
2024-12-01,EEDC,B,industrial,161.82,612.14,0.1245,synthetic_fabricated_from_policy_context,NERC publications; media reports
2024-12-01,EEDC,C,residential,112.57,555.56,0.0866,synthetic_fabricated_from_policy_context,NERC publications; media reports
2024-12-01,EEDC,C,commercial,123.83,591.72,0.0953,synthetic_fabricated_from_policy_context,NERC publications; media reports
2024-12-01,EEDC,C,industrial,129.45,640.97,0.0996,synthetic_fabricated_from_policy_context,NERC publications; media reports
2024-12-01,EEDC,D,residential,91.46,414.73,0.0704,synthetic_fabricated_from_policy_context,NERC publications; media reports
2024-12-01,EEDC,D,commercial,100.61,498.01,0.0774,synthetic_fabricated_from_policy_context,NERC publications; media reports
2024-12-01,EEDC,D,industrial,105.18,416.74,0.0809,synthetic_fabricated_from_policy_context,NERC publications; media reports
2024-12-01,EEDC,E,residential,70.36,306.91,0.0541,synthetic_fabricated_from_policy_context,NERC publications; media reports
2024-12-01,EEDC,E,commercial,77.39,332.09,0.0595,synthetic_fabricated_from_policy_context,NERC publications; media reports
2024-12-01,EEDC,E,industrial,80.91,310.91,0.0622,synthetic_fabricated_from_policy_context,NERC publications; media reports
2024-12-01,EEDC,Premium,residential,281.42,1154.54,0.2165,synthetic_fabricated_from_policy_context,NERC publications; media reports
2024-12-01,EEDC,Premium,commercial,309.56,1103.04,0.2381,synthetic_fabricated_from_policy_context,NERC publications; media reports
2024-12-01,EEDC,Premium,industrial,323.63,1387.14,0.2489,synthetic_fabricated_from_policy_context,NERC publications; media reports
2024-12-01,EKEDC,A,residential,201.89,863.01,0.1553,synthetic_fabricated_from_policy_context,NERC publications; media reports
2024-12-01,EKEDC,A,commercial,222.08,910.14,0.1708,synthetic_fabricated_from_policy_context,NERC publications; media reports
2024-12-01,EKEDC,A,industrial,232.18,1018.71,0.1786,synthetic_fabricated_from_policy_context,NERC publications; media reports
2024-12-01,EKEDC,B,residential,161.52,542.49,0.1242,synthetic_fabricated_from_policy_context,NERC publications; media reports
2024-12-01,EKEDC,B,commercial,177.67,606.28,0.1367,synthetic_fabricated_from_policy_context,NERC publications; media reports
2024-12-01,EKEDC,B,industrial,185.74,748.67,0.1429,synthetic_fabricated_from_policy_context,NERC publications; media reports
2024-12-01,EKEDC,C,residential,129.21,543.34,0.0994,synthetic_fabricated_from_policy_context,NERC publications; media reports
2024-12-01,EKEDC,C,commercial,142.13,630.92,0.1093,synthetic_fabricated_from_policy_context,NERC publications; media reports
2024-12-01,EKEDC,C,industrial,148.59,517.5,0.1143,synthetic_fabricated_from_policy_context,NERC publications; media reports
2024-12-01,EKEDC,D,residential,104.99,422.86,0.0808,synthetic_fabricated_from_policy_context,NERC publications; media reports
2024-12-01,EKEDC,D,commercial,115.48,405.33,0.0888,synthetic_fabricated_from_policy_context,NERC publications; media reports
2024-12-01,EKEDC,D,industrial,120.73,458.24,0.0929,synthetic_fabricated_from_policy_context,NERC publications; media reports
2024-12-01,EKEDC,E,residential,80.76,259.87,0.0621,synthetic_fabricated_from_policy_context,NERC publications; media reports
2024-12-01,EKEDC,E,commercial,88.83,274.99,0.0683,synthetic_fabricated_from_policy_context,NERC publications; media reports
2024-12-01,EKEDC,E,industrial,92.87,289.47,0.0714,synthetic_fabricated_from_policy_context,NERC publications; media reports
2024-12-01,EKEDC,Premium,residential,323.03,1024.93,0.2485,synthetic_fabricated_from_policy_context,NERC publications; media reports
2024-12-01,EKEDC,Premium,commercial,355.34,1396.55,0.2733,synthetic_fabricated_from_policy_context,NERC publications; media reports
2024-12-01,EKEDC,Premium,industrial,371.49,1395.25,0.2858,synthetic_fabricated_from_policy_context,NERC publications; media reports
2024-12-01,IBEDC,A,residential,203.24,823.32,0.1563,synthetic_fabricated_from_policy_context,NERC publications; media reports
2024-12-01,IBEDC,A,commercial,223.57,848.81,0.172,synthetic_fabricated_from_policy_context,NERC publications; media reports
2024-12-01,IBEDC,A,industrial,233.73,943.24,0.1798,synthetic_fabricated_from_policy_context,NERC publications; media reports
2024-12-01,IBEDC,B,residential,162.59,588.77,0.1251,synthetic_fabricated_from_policy_context,NERC publications; media reports
2024-12-01,IBEDC,B,commercial,178.85,638.8,0.1376,synthetic_fabricated_from_policy_context,NERC publications; media reports
2024-12-01,IBEDC,B,industrial,186.98,656.38,0.1438,synthetic_fabricated_from_policy_context,NERC publications; media reports
2024-12-01,IBEDC,C,residential,130.07,511.31,0.1001,synthetic_fabricated_from_policy_context,NERC publications; media reports
2024-12-01,IBEDC,C,commercial,143.08,485.32,0.1101,synthetic_fabricated_from_policy_context,NERC publications; media reports
2024-12-01,IBEDC,C,industrial,149.59,552.05,0.1151,synthetic_fabricated_from_policy_context,NERC publications; media reports
2024-12-01,IBEDC,D,residential,105.69,466.83,0.0813,synthetic_fabricated_from_policy_context,NERC publications; media reports
2024-12-01,IBEDC,D,commercial,116.25,460.9,0.0894,synthetic_fabricated_from_policy_context,NERC publications; media reports
2024-12-01,IBEDC,D,industrial,121.54,384.85,0.0935,synthetic_fabricated_from_policy_context,NERC publications; media reports
2024-12-01,IBEDC,E,residential,81.3,358.04,0.0625,synthetic_fabricated_from_policy_context,NERC publications; media reports
2024-12-01,IBEDC,E,commercial,89.43,294.88,0.0688,synthetic_fabricated_from_policy_context,NERC publications; media reports
2024-12-01,IBEDC,E,industrial,93.49,357.14,0.0719,synthetic_fabricated_from_policy_context,NERC publications; media reports
2024-12-01,IBEDC,Premium,residential,325.19,1206.64,0.2501,synthetic_fabricated_from_policy_context,NERC publications; media reports
2024-12-01,IBEDC,Premium,commercial,357.7,1378.44,0.2752,synthetic_fabricated_from_policy_context,NERC publications; media reports
2024-12-01,IBEDC,Premium,industrial,373.96,1244.6,0.2877,synthetic_fabricated_from_policy_context,NERC publications; media reports
2024-12-01,IKEDC,A,residential,204.27,782.17,0.1571,synthetic_fabricated_from_policy_context,NERC publications; media reports
2024-12-01,IKEDC,A,commercial,224.7,815.08,0.1728,synthetic_fabricated_from_policy_context,NERC publications; media reports
2024-12-01,IKEDC,A,industrial,234.91,996.01,0.1807,synthetic_fabricated_from_policy_context,NERC publications; media reports
2024-12-01,IKEDC,B,residential,163.42,649.07,0.1257,synthetic_fabricated_from_policy_context,NERC publications; media reports
2024-12-01,IKEDC,B,commercial,179.76,661.28,0.1383,synthetic_fabricated_from_policy_context,NERC publications; media reports
2024-12-01,IKEDC,B,industrial,187.93,769.68,0.1446,synthetic_fabricated_from_policy_context,NERC publications; media reports
2024-12-01,IKEDC,C,residential,130.73,397.19,0.1006,synthetic_fabricated_from_policy_context,NERC publications; media reports
2024-12-01,IKEDC,C,commercial,143.81,489.91,0.1106,synthetic_fabricated_from_policy_context,NERC publications; media reports
2024-12-01,IKEDC,C,industrial,150.35,656.47,0.1157,synthetic_fabricated_from_policy_context,NERC publications; media reports
2024-12-01,IKEDC,D,residential,106.22,390.41,0.0817,synthetic_fabricated_from_policy_context,NERC publications; media reports
2024-12-01,IKEDC,D,commercial,116.84,512.08,0.0899,synthetic_fabricated_from_policy_context,NERC publications; media reports
2024-12-01,IKEDC,D,industrial,122.16,392.64,0.094,synthetic_fabricated_from_policy_context,NERC publications; media reports
2024-12-01,IKEDC,E,residential,81.71,295.54,0.0629,synthetic_fabricated_from_policy_context,NERC publications; media reports
2024-12-01,IKEDC,E,commercial,89.88,285.09,0.0691,synthetic_fabricated_from_policy_context,NERC publications; media reports
2024-12-01,IKEDC,E,industrial,93.97,319.01,0.0723,synthetic_fabricated_from_policy_context,NERC publications; media reports
2024-12-01,IKEDC,Premium,residential,326.84,1422.98,0.2514,synthetic_fabricated_from_policy_context,NERC publications; media reports
2024-12-01,IKEDC,Premium,commercial,359.52,1458.05,0.2766,synthetic_fabricated_from_policy_context,NERC publications; media reports
2024-12-01,IKEDC,Premium,industrial,375.86,1655.39,0.2891,synthetic_fabricated_from_policy_context,NERC publications; media reports
2024-12-01,JED,A,residential,202.5,819.38,0.1558,synthetic_fabricated_from_policy_context,NERC publications; media reports
2024-12-01,JED,A,commercial,222.76,758.83,0.1714,synthetic_fabricated_from_policy_context,NERC publications; media reports
2024-12-01,JED,A,industrial,232.88,906.73,0.1791,synthetic_fabricated_from_policy_context,NERC publications; media reports
2024-12-01,JED,B,residential,162.0,543.12,0.1246,synthetic_fabricated_from_policy_context,NERC publications; media reports
2024-12-01,JED,B,commercial,178.2,714.37,0.1371,synthetic_fabricated_from_policy_context,NERC publications; media reports
2024-12-01,JED,B,industrial,186.3,631.32,0.1433,synthetic_fabricated_from_policy_context,NERC publications; media reports
2024-12-01,JED,C,residential,129.6,575.39,0.0997,synthetic_fabricated_from_policy_context,NERC publications; media reports
2024-12-01,JED,C,commercial,142.56,576.3,0.1097,synthetic_fabricated_from_policy_context,NERC publications; media reports
2024-12-01,JED,C,industrial,149.04,484.7,0.1146,synthetic_fabricated_from_policy_context,NERC publications; media reports
2024-12-01,JED,D,residential,105.3,437.76,0.081,synthetic_fabricated_from_policy_context,NERC publications; media reports
2024-12-01,JED,D,commercial,115.83,423.21,0.0891,synthetic_fabricated_from_policy_context,NERC publications; media reports
2024-12-01,JED,D,industrial,121.1,394.75,0.0932,synthetic_fabricated_from_policy_context,NERC publications; media reports
2024-12-01,JED,E,residential,81.0,302.03,0.0623,synthetic_fabricated_from_policy_context,NERC publications; media reports
2024-12-01,JED,E,commercial,89.1,341.9,0.0685,synthetic_fabricated_from_policy_context,NERC publications; media reports
2024-12-01,JED,E,industrial,93.15,344.44,0.0717,synthetic_fabricated_from_policy_context,NERC publications; media reports
2024-12-01,JED,Premium,residential,324.01,1304.51,0.2492,synthetic_fabricated_from_policy_context,NERC publications; media reports
2024-12-01,JED,Premium,commercial,356.41,1261.65,0.2742,synthetic_fabricated_from_policy_context,NERC publications; media reports
2024-12-01,JED,Premium,industrial,372.61,1388.77,0.2866,synthetic_fabricated_from_policy_context,NERC publications; media reports
2024-12-01,KAEDCO,A,residential,211.21,885.95,0.1625,synthetic_fabricated_from_policy_context,NERC publications; media reports
2024-12-01,KAEDCO,A,commercial,232.33,881.44,0.1787,synthetic_fabricated_from_policy_context,NERC publications; media reports
2024-12-01,KAEDCO,A,industrial,242.89,846.13,0.1868,synthetic_fabricated_from_policy_context,NERC publications; media reports
2024-12-01,KAEDCO,B,residential,168.97,486.43,0.13,synthetic_fabricated_from_policy_context,NERC publications; media reports
2024-12-01,KAEDCO,B,commercial,185.87,539.84,0.143,synthetic_fabricated_from_policy_context,NERC publications; media reports
2024-12-01,KAEDCO,B,industrial,194.32,655.47,0.1495,synthetic_fabricated_from_policy_context,NERC publications; media reports
2024-12-01,KAEDCO,C,residential,135.18,570.71,0.104,synthetic_fabricated_from_policy_context,NERC publications; media reports
2024-12-01,KAEDCO,C,commercial,148.69,586.08,0.1144,synthetic_fabricated_from_policy_context,NERC publications; media reports
2024-12-01,KAEDCO,C,industrial,155.45,599.78,0.1196,synthetic_fabricated_from_policy_context,NERC publications; media reports
2024-12-01,KAEDCO,D,residential,109.83,449.88,0.0845,synthetic_fabricated_from_policy_context,NERC publications; media reports
2024-12-01,KAEDCO,D,commercial,120.81,405.73,0.0929,synthetic_fabricated_from_policy_context,NERC publications; media reports
2024-12-01,KAEDCO,D,industrial,126.31,536.06,0.0972,synthetic_fabricated_from_policy_context,NERC publications; media reports
2024-12-01,KAEDCO,E,residential,84.48,254.65,0.065,synthetic_fabricated_from_policy_context,NERC publications; media reports
2024-12-01,KAEDCO,E,commercial,92.93,305.84,0.0715,synthetic_fabricated_from_policy_context,NERC publications; media reports
2024-12-01,KAEDCO,E,industrial,97.16,382.51,0.0747,synthetic_fabricated_from_policy_context,NERC publications; media reports
2024-12-01,KAEDCO,Premium,residential,337.94,1148.4,0.26,synthetic_fabricated_from_policy_context,NERC publications; media reports
2024-12-01,KAEDCO,Premium,commercial,371.73,1446.16,0.2859,synthetic_fabricated_from_policy_context,NERC publications; media reports
2024-12-01,KAEDCO,Premium,industrial,388.63,1525.95,0.2989,synthetic_fabricated_from_policy_context,NERC publications; media reports
2024-12-01,KEDCO,A,residential,186.23,836.3,0.1433,synthetic_fabricated_from_policy_context,NERC publications; media reports
2024-12-01,KEDCO,A,commercial,204.86,679.85,0.1576,synthetic_fabricated_from_policy_context,NERC publications; media reports
2024-12-01,KEDCO,A,industrial,214.17,1013.83,0.1647,synthetic_fabricated_from_policy_context,NERC publications; media reports
2024-12-01,KEDCO,B,residential,148.99,635.36,0.1146,synthetic_fabricated_from_policy_context,NERC publications; media reports
2024-12-01,KEDCO,B,commercial,163.89,705.61,0.1261,synthetic_fabricated_from_policy_context,NERC publications; media reports
2024-12-01,KEDCO,B,industrial,171.34,603.31,0.1318,synthetic_fabricated_from_policy_context,NERC publications; media reports
2024-12-01,KEDCO,C,residential,119.19,401.19,0.0917,synthetic_fabricated_from_policy_context,NERC publications; media reports
2024-12-01,KEDCO,C,commercial,131.11,451.74,0.1009,synthetic_fabricated_from_policy_context,NERC publications; media reports
2024-12-01,KEDCO,C,industrial,137.07,486.38,0.1054,synthetic_fabricated_from_policy_context,NERC publications; media reports
2024-12-01,KEDCO,D,residential,96.84,421.94,0.0745,synthetic_fabricated_from_policy_context,NERC publications; media reports
2024-12-01,KEDCO,D,commercial,106.53,444.03,0.0819,synthetic_fabricated_from_policy_context,NERC publications; media reports
2024-12-01,KEDCO,D,industrial,111.37,517.94,0.0857,synthetic_fabricated_from_policy_context,NERC publications; media reports
2024-12-01,KEDCO,E,residential,74.49,274.41,0.0573,synthetic_fabricated_from_policy_context,NERC publications; media reports
2024-12-01,KEDCO,E,commercial,81.94,336.88,0.063,synthetic_fabricated_from_policy_context,NERC publications; media reports
2024-12-01,KEDCO,E,industrial,85.67,317.85,0.0659,synthetic_fabricated_from_policy_context,NERC publications; media reports
2024-12-01,KEDCO,Premium,residential,297.98,1188.39,0.2292,synthetic_fabricated_from_policy_context,NERC publications; media reports
2024-12-01,KEDCO,Premium,commercial,327.77,1498.2,0.2521,synthetic_fabricated_from_policy_context,NERC publications; media reports
2024-12-01,KEDCO,Premium,industrial,342.67,1227.25,0.2636,synthetic_fabricated_from_policy_context,NERC publications; media reports
2024-12-01,PHED,A,residential,209.88,892.76,0.1614,synthetic_fabricated_from_policy_context,NERC publications; media reports
2024-12-01,PHED,A,commercial,230.87,952.55,0.1776,synthetic_fabricated_from_policy_context,NERC publications; media reports
2024-12-01,PHED,A,industrial,241.37,900.61,0.1857,synthetic_fabricated_from_policy_context,NERC publications; media reports
2024-12-01,PHED,B,residential,167.91,693.59,0.1292,synthetic_fabricated_from_policy_context,NERC publications; media reports
2024-12-01,PHED,B,commercial,184.7,704.52,0.1421,synthetic_fabricated_from_policy_context,NERC publications; media reports
2024-12-01,PHED,B,industrial,193.09,552.42,0.1485,synthetic_fabricated_from_policy_context,NERC publications; media reports
2024-12-01,PHED,C,residential,134.33,423.54,0.1033,synthetic_fabricated_from_policy_context,NERC publications; media reports
2024-12-01,PHED,C,commercial,147.76,562.65,0.1137,synthetic_fabricated_from_policy_context,NERC publications; media reports
2024-12-01,PHED,C,industrial,154.48,526.99,0.1188,synthetic_fabricated_from_policy_context,NERC publications; media reports
2024-12-01,PHED,D,residential,109.14,405.04,0.084,synthetic_fabricated_from_policy_context,NERC publications; media reports
2024-12-01,PHED,D,commercial,120.05,480.0,0.0923,synthetic_fabricated_from_policy_context,NERC publications; media reports
2024-12-01,PHED,D,industrial,125.51,417.92,0.0965,synthetic_fabricated_from_policy_context,NERC publications; media reports
2024-12-01,PHED,E,residential,83.95,321.08,0.0646,synthetic_fabricated_from_policy_context,NERC publications; media reports
2024-12-01,PHED,E,commercial,92.35,306.39,0.071,synthetic_fabricated_from_policy_context,NERC publications; media reports
2024-12-01,PHED,E,industrial,96.55,380.95,0.0743,synthetic_fabricated_from_policy_context,NERC publications; media reports
2024-12-01,PHED,Premium,residential,335.82,960.82,0.2583,synthetic_fabricated_from_policy_context,NERC publications; media reports
2024-12-01,PHED,Premium,commercial,369.4,1527.28,0.2842,synthetic_fabricated_from_policy_context,NERC publications; media reports
2024-12-01,PHED,Premium,industrial,386.19,1167.74,0.2971,synthetic_fabricated_from_policy_context,NERC publications; media reports
2024-12-01,YEDC,A,residential,190.94,614.07,0.1469,synthetic_fabricated_from_policy_context,NERC publications; media reports
2024-12-01,YEDC,A,commercial,210.03,784.11,0.1616,synthetic_fabricated_from_policy_context,NERC publications; media reports
2024-12-01,YEDC,A,industrial,219.58,911.79,0.1689,synthetic_fabricated_from_policy_context,NERC publications; media reports
2024-12-01,YEDC,B,residential,152.75,508.35,0.1175,synthetic_fabricated_from_policy_context,NERC publications; media reports
2024-12-01,YEDC,B,commercial,168.03,598.02,0.1293,synthetic_fabricated_from_policy_context,NERC publications; media reports
2024-12-01,YEDC,B,industrial,175.66,650.84,0.1351,synthetic_fabricated_from_policy_context,NERC publications; media reports
2024-12-01,YEDC,C,residential,122.2,390.85,0.094,synthetic_fabricated_from_policy_context,NERC publications; media reports
2024-12-01,YEDC,C,commercial,134.42,426.74,0.1034,synthetic_fabricated_from_policy_context,NERC publications; media reports
2024-12-01,YEDC,C,industrial,140.53,559.21,0.1081,synthetic_fabricated_from_policy_context,NERC publications; media reports
2024-12-01,YEDC,D,residential,99.29,324.36,0.0764,synthetic_fabricated_from_policy_context,NERC publications; media reports
2024-12-01,YEDC,D,commercial,109.22,438.16,0.084,synthetic_fabricated_from_policy_context,NERC publications; media reports
2024-12-01,YEDC,D,industrial,114.18,448.17,0.0878,synthetic_fabricated_from_policy_context,NERC publications; media reports
2024-12-01,YEDC,E,residential,76.38,313.01,0.0588,synthetic_fabricated_from_policy_context,NERC publications; media reports
2024-12-01,YEDC,E,commercial,84.01,271.01,0.0646,synthetic_fabricated_from_policy_context,NERC publications; media reports
2024-12-01,YEDC,E,industrial,87.83,411.18,0.0676,synthetic_fabricated_from_policy_context,NERC publications; media reports
2024-12-01,YEDC,Premium,residential,305.5,1332.96,0.235,synthetic_fabricated_from_policy_context,NERC publications; media reports
2024-12-01,YEDC,Premium,commercial,336.05,1203.43,0.2585,synthetic_fabricated_from_policy_context,NERC publications; media reports
2024-12-01,YEDC,Premium,industrial,351.33,1580.74,0.2703,synthetic_fabricated_from_policy_context,NERC publications; media reports
2025-01-01,AEDC,A,residential,224.4,825.6,0.1726,synthetic_fabricated_from_policy_context,NERC publications; media reports
2025-01-01,AEDC,A,commercial,246.84,802.05,0.1899,synthetic_fabricated_from_policy_context,NERC publications; media reports
2025-01-01,AEDC,A,industrial,258.06,1032.02,0.1985,synthetic_fabricated_from_policy_context,NERC publications; media reports
2025-01-01,AEDC,B,residential,179.52,633.89,0.1381,synthetic_fabricated_from_policy_context,NERC publications; media reports
2025-01-01,AEDC,B,commercial,197.47,663.73,0.1519,synthetic_fabricated_from_policy_context,NERC publications; media reports
2025-01-01,AEDC,B,industrial,206.45,644.4,0.1588,synthetic_fabricated_from_policy_context,NERC publications; media reports
2025-01-01,AEDC,C,residential,143.62,447.28,0.1105,synthetic_fabricated_from_policy_context,NERC publications; media reports
2025-01-01,AEDC,C,commercial,157.98,430.33,0.1215,synthetic_fabricated_from_policy_context,NERC publications; media reports
2025-01-01,AEDC,C,industrial,165.16,570.59,0.127,synthetic_fabricated_from_policy_context,NERC publications; media reports
2025-01-01,AEDC,D,residential,116.69,413.56,0.0898,synthetic_fabricated_from_policy_context,NERC publications; media reports
2025-01-01,AEDC,D,commercial,128.36,386.91,0.0987,synthetic_fabricated_from_policy_context,NERC publications; media reports
2025-01-01,AEDC,D,industrial,134.19,472.22,0.1032,synthetic_fabricated_from_policy_context,NERC publications; media reports
2025-01-01,AEDC,E,residential,89.76,322.25,0.069,synthetic_fabricated_from_policy_context,NERC publications; media reports
2025-01-01,AEDC,E,commercial,98.74,307.3,0.076,synthetic_fabricated_from_policy_context,NERC publications; media reports
2025-01-01,AEDC,E,industrial,103.22,335.69,0.0794,synthetic_fabricated_from_policy_context,NERC publications; media reports
2025-01-01,AEDC,Premium,residential,359.04,1316.06,0.2762,synthetic_fabricated_from_policy_context,NERC publications; media reports
2025-01-01,AEDC,Premium,commercial,394.94,1249.84,0.3038,synthetic_fabricated_from_policy_context,NERC publications; media reports
2025-01-01,AEDC,Premium,industrial,412.9,1190.65,0.3176,synthetic_fabricated_from_policy_context,NERC publications; media reports
2025-01-01,BEDC,A,residential,196.37,855.27,0.1511,synthetic_fabricated_from_policy_context,NERC publications; media reports
2025-01-01,BEDC,A,commercial,216.01,718.24,0.1662,synthetic_fabricated_from_policy_context,NERC publications; media reports
2025-01-01,BEDC,A,industrial,225.83,916.19,0.1737,synthetic_fabricated_from_policy_context,NERC publications; media reports
2025-01-01,BEDC,B,residential,157.1,523.13,0.1208,synthetic_fabricated_from_policy_context,NERC publications; media reports
2025-01-01,BEDC,B,commercial,172.81,650.96,0.1329,synthetic_fabricated_from_policy_context,NERC publications; media reports
2025-01-01,BEDC,B,industrial,180.66,598.98,0.139,synthetic_fabricated_from_policy_context,NERC publications; media reports
2025-01-01,BEDC,C,residential,125.68,474.32,0.0967,synthetic_fabricated_from_policy_context,NERC publications; media reports
2025-01-01,BEDC,C,commercial,138.25,597.39,0.1063,synthetic_fabricated_from_policy_context,NERC publications; media reports
2025-01-01,BEDC,C,industrial,144.53,554.46,0.1112,synthetic_fabricated_from_policy_context,NERC publications; media reports
2025-01-01,BEDC,D,residential,102.11,386.99,0.0785,synthetic_fabricated_from_policy_context,NERC publications; media reports
2025-01-01,BEDC,D,commercial,112.32,386.6,0.0864,synthetic_fabricated_from_policy_context,NERC publications; media reports
2025-01-01,BEDC,D,industrial,117.43,519.85,0.0903,synthetic_fabricated_from_policy_context,NERC publications; media reports
2025-01-01,BEDC,E,residential,78.55,338.97,0.0604,synthetic_fabricated_from_policy_context,NERC publications; media reports
2025-01-01,BEDC,E,commercial,86.4,365.94,0.0665,synthetic_fabricated_from_policy_context,NERC publications; media reports
2025-01-01,BEDC,E,industrial,90.33,398.93,0.0695,synthetic_fabricated_from_policy_context,NERC publications; media reports
2025-01-01,BEDC,Premium,residential,314.19,1301.94,0.2417,synthetic_fabricated_from_policy_context,NERC publications; media reports
2025-01-01,BEDC,Premium,commercial,345.61,1126.41,0.2659,synthetic_fabricated_from_policy_context,NERC publications; media reports
2025-01-01,BEDC,Premium,industrial,361.32,1505.52,0.2779,synthetic_fabricated_from_policy_context,NERC publications; media reports
2025-01-01,EEDC,A,residential,212.07,822.73,0.1631,synthetic_fabricated_from_policy_context,NERC publications; media reports
2025-01-01,EEDC,A,commercial,233.28,970.0,0.1794,synthetic_fabricated_from_policy_context,NERC publications; media reports
2025-01-01,EEDC,A,industrial,243.89,904.61,0.1876,synthetic_fabricated_from_policy_context,NERC publications; media reports
2025-01-01,EEDC,B,residential,169.66,615.83,0.1305,synthetic_fabricated_from_policy_context,NERC publications; media reports
2025-01-01,EEDC,B,commercial,186.63,554.29,0.1436,synthetic_fabricated_from_policy_context,NERC publications; media reports
2025-01-01,EEDC,B,industrial,195.11,759.38,0.1501,synthetic_fabricated_from_policy_context,NERC publications; media reports
2025-01-01,EEDC,C,residential,135.73,448.66,0.1044,synthetic_fabricated_from_policy_context,NERC publications; media reports
2025-01-01,EEDC,C,commercial,149.3,631.07,0.1148,synthetic_fabricated_from_policy_context,NERC publications; media reports
2025-01-01,EEDC,C,industrial,156.09,533.01,0.1201,synthetic_fabricated_from_policy_context,NERC publications; media reports
2025-01-01,EEDC,D,residential,110.28,406.59,0.0848,synthetic_fabricated_from_policy_context,NERC publications; media reports
2025-01-01,EEDC,D,commercial,121.31,391.36,0.0933,synthetic_fabricated_from_policy_context,NERC publications; media reports
2025-01-01,EEDC,D,industrial,126.82,491.38,0.0976,synthetic_fabricated_from_policy_context,NERC publications; media reports
2025-01-01,EEDC,E,residential,84.83,323.32,0.0653,synthetic_fabricated_from_policy_context,NERC publications; media reports
2025-01-01,EEDC,E,commercial,93.31,307.02,0.0718,synthetic_fabricated_from_policy_context,NERC publications; media reports
2025-01-01,EEDC,E,industrial,97.55,394.95,0.075,synthetic_fabricated_from_policy_context,NERC publications; media reports
2025-01-01,EEDC,Premium,residential,339.32,960.21,0.261,synthetic_fabricated_from_policy_context,NERC publications; media reports
2025-01-01,EEDC,Premium,commercial,373.25,1407.52,0.2871,synthetic_fabricated_from_policy_context,NERC publications; media reports
2025-01-01,EEDC,Premium,industrial,390.22,1371.4,0.3002,synthetic_fabricated_from_policy_context,NERC publications; media reports
2025-01-01,EKEDC,A,residential,204.0,722.26,0.1569,synthetic_fabricated_from_policy_context,NERC publications; media reports
2025-01-01,EKEDC,A,commercial,224.4,871.5,0.1726,synthetic_fabricated_from_policy_context,NERC publications; media reports
2025-01-01,EKEDC,A,industrial,234.6,790.66,0.1805,synthetic_fabricated_from_policy_context,NERC publications; media reports
2025-01-01,EKEDC,B,residential,163.2,555.3,0.1255,synthetic_fabricated_from_policy_context,NERC publications; media reports
2025-01-01,EKEDC,B,commercial,179.52,778.61,0.1381,synthetic_fabricated_from_policy_context,NERC publications; media reports
2025-01-01,EKEDC,B,industrial,187.68,696.65,0.1444,synthetic_fabricated_from_policy_context,NERC publications; media reports
2025-01-01,EKEDC,C,residential,130.56,513.76,0.1004,synthetic_fabricated_from_policy_context,NERC publications; media reports
2025-01-01,EKEDC,C,commercial,143.62,550.01,0.1105,synthetic_fabricated_from_policy_context,NERC publications; media reports
2025-01-01,EKEDC,C,industrial,150.15,501.62,0.1155,synthetic_fabricated_from_policy_context,NERC publications; media reports
2025-01-01,EKEDC,D,residential,106.08,357.38,0.0816,synthetic_fabricated_from_policy_context,NERC publications; media reports
2025-01-01,EKEDC,D,commercial,116.69,411.5,0.0898,synthetic_fabricated_from_policy_context,NERC publications; media reports
2025-01-01,EKEDC,D,industrial,121.99,451.34,0.0938,synthetic_fabricated_from_policy_context,NERC publications; media reports
2025-01-01,EKEDC,E,residential,81.6,245.45,0.0628,synthetic_fabricated_from_policy_context,NERC publications; media reports
2025-01-01,EKEDC,E,commercial,89.76,372.48,0.069,synthetic_fabricated_from_policy_context,NERC publications; media reports
2025-01-01,EKEDC,E,industrial,93.84,371.26,0.0722,synthetic_fabricated_from_policy_context,NERC publications; media reports
2025-01-01,EKEDC,Premium,residential,326.4,1305.23,0.2511,synthetic_fabricated_from_policy_context,NERC publications; media reports
2025-01-01,EKEDC,Premium,commercial,359.04,1342.48,0.2762,synthetic_fabricated_from_policy_context,NERC publications; media reports
2025-01-01,EKEDC,Premium,industrial,375.36,1174.07,0.2887,synthetic_fabricated_from_policy_context,NERC publications; media reports
2025-01-01,IBEDC,A,residential,202.49,616.84,0.1558,synthetic_fabricated_from_policy_context,NERC publications; media reports
2025-01-01,IBEDC,A,commercial,222.74,868.1,0.1713,synthetic_fabricated_from_policy_context,NERC publications; media reports
2025-01-01,IBEDC,A,industrial,232.86,765.02,0.1791,synthetic_fabricated_from_policy_context,NERC publications; media reports
2025-01-01,IBEDC,B,residential,161.99,507.71,0.1246,synthetic_fabricated_from_policy_context,NERC publications; media reports
2025-01-01,IBEDC,B,commercial,178.19,605.68,0.1371,synthetic_fabricated_from_policy_context,NERC publications; media reports
2025-01-01,IBEDC,B,industrial,186.29,587.54,0.1433,synthetic_fabricated_from_policy_context,NERC publications; media reports
2025-01-01,IBEDC,C,residential,129.59,416.85,0.0997,synthetic_fabricated_from_policy_context,NERC publications; media reports
2025-01-01,IBEDC,C,commercial,142.55,463.58,0.1097,synthetic_fabricated_from_policy_context,NERC publications; media reports
2025-01-01,IBEDC,C,industrial,149.03,662.1,0.1146,synthetic_fabricated_from_policy_context,NERC publications; media reports
2025-01-01,IBEDC,D,residential,105.29,368.67,0.081,synthetic_fabricated_from_policy_context,NERC publications; media reports
2025-01-01,IBEDC,D,commercial,115.82,347.16,0.0891,synthetic_fabricated_from_policy_context,NERC publications; media reports
2025-01-01,IBEDC,D,industrial,121.09,482.12,0.0931,synthetic_fabricated_from_policy_context,NERC publications; media reports
2025-01-01,IBEDC,E,residential,81.0,283.44,0.0623,synthetic_fabricated_from_policy_context,NERC publications; media reports
2025-01-01,IBEDC,E,commercial,89.09,297.06,0.0685,synthetic_fabricated_from_policy_context,NERC publications; media reports
2025-01-01,IBEDC,E,industrial,93.14,355.66,0.0716,synthetic_fabricated_from_policy_context,NERC publications; media reports
2025-01-01,IBEDC,Premium,residential,323.98,1409.94,0.2492,synthetic_fabricated_from_policy_context,NERC publications; media reports
2025-01-01,IBEDC,Premium,commercial,356.38,1415.68,0.2741,synthetic_fabricated_from_policy_context,NERC publications; media reports
2025-01-01,IBEDC,Premium,industrial,372.58,1310.68,0.2866,synthetic_fabricated_from_policy_context,NERC publications; media reports
2025-01-01,IKEDC,A,residential,199.86,607.45,0.1537,synthetic_fabricated_from_policy_context,NERC publications; media reports
2025-01-01,IKEDC,A,commercial,219.84,804.98,0.1691,synthetic_fabricated_from_policy_context,NERC publications; media reports
2025-01-01,IKEDC,A,industrial,229.83,774.79,0.1768,synthetic_fabricated_from_policy_context,NERC publications; media reports
2025-01-01,IKEDC,B,residential,159.88,689.89,0.123,synthetic_fabricated_from_policy_context,NERC publications; media reports
2025-01-01,IKEDC,B,commercial,175.87,724.43,0.1353,synthetic_fabricated_from_policy_context,NERC publications; media reports
2025-01-01,IKEDC,B,industrial,183.87,815.72,0.1414,synthetic_fabricated_from_policy_context,NERC publications; media reports
2025-01-01,IKEDC,C,residential,127.91,510.25,0.0984,synthetic_fabricated_from_policy_context,NERC publications; media reports
2025-01-01,IKEDC,C,commercial,140.7,564.65,0.1082,synthetic_fabricated_from_policy_context,NERC publications; media reports
2025-01-01,IKEDC,C,industrial,147.09,617.99,0.1131,synthetic_fabricated_from_policy_context,NERC publications; media reports
2025-01-01,IKEDC,D,residential,103.92,434.48,0.0799,synthetic_fabricated_from_policy_context,NERC publications; media reports
2025-01-01,IKEDC,D,commercial,114.32,463.74,0.0879,synthetic_fabricated_from_policy_context,NERC publications; media reports
2025-01-01,IKEDC,D,industrial,119.51,392.3,0.0919,synthetic_fabricated_from_policy_context,NERC publications; media reports
2025-01-01,IKEDC,E,residential,79.94,302.79,0.0615,synthetic_fabricated_from_policy_context,NERC publications; media reports
2025-01-01,IKEDC,E,commercial,87.94,314.6,0.0676,synthetic_fabricated_from_policy_context,NERC publications; media reports
2025-01-01,IKEDC,E,industrial,91.93,303.21,0.0707,synthetic_fabricated_from_policy_context,NERC publications; media reports
2025-01-01,IKEDC,Premium,residential,319.77,1318.3,0.246,synthetic_fabricated_from_policy_context,NERC publications; media reports
2025-01-01,IKEDC,Premium,commercial,351.75,1538.16,0.2706,synthetic_fabricated_from_policy_context,NERC publications; media reports
2025-01-01,IKEDC,Premium,industrial,367.73,1369.04,0.2829,synthetic_fabricated_from_policy_context,NERC publications; media reports
2025-01-01,JED,A,residential,226.52,698.84,0.1742,synthetic_fabricated_from_policy_context,NERC publications; media reports
2025-01-01,JED,A,commercial,249.18,920.75,0.1917,synthetic_fabricated_from_policy_context,NERC publications; media reports
2025-01-01,JED,A,industrial,260.5,994.18,0.2004,synthetic_fabricated_from_policy_context,NERC publications; media reports
2025-01-01,JED,B,residential,181.22,657.84,0.1394,synthetic_fabricated_from_policy_context,NERC publications; media reports
2025-01-01,JED,B,commercial,199.34,771.95,0.1533,synthetic_fabricated_from_policy_context,NERC publications; media reports
2025-01-01,JED,B,industrial,208.4,611.75,0.1603,synthetic_fabricated_from_policy_context,NERC publications; media reports
2025-01-01,JED,C,residential,144.98,427.92,0.1115,synthetic_fabricated_from_policy_context,NERC publications; media reports
2025-01-01,JED,C,commercial,159.47,601.11,0.1227,synthetic_fabricated_from_policy_context,NERC publications; media reports
2025-01-01,JED,C,industrial,166.72,584.46,0.1282,synthetic_fabricated_from_policy_context,NERC publications; media reports
2025-01-01,JED,D,residential,117.79,432.53,0.0906,synthetic_fabricated_from_policy_context,NERC publications; media reports
2025-01-01,JED,D,commercial,129.57,444.05,0.0997,synthetic_fabricated_from_policy_context,NERC publications; media reports
2025-01-01,JED,D,industrial,135.46,387.96,0.1042,synthetic_fabricated_from_policy_context,NERC publications; media reports
2025-01-01,JED,E,residential,90.61,352.13,0.0697,synthetic_fabricated_from_policy_context,NERC publications; media reports
2025-01-01,JED,E,commercial,99.67,274.83,0.0767,synthetic_fabricated_from_policy_context,NERC publications; media reports
2025-01-01,JED,E,industrial,104.2,276.44,0.0802,synthetic_fabricated_from_policy_context,NERC publications; media reports
2025-01-01,JED,Premium,residential,362.44,1140.22,0.2788,synthetic_fabricated_from_policy_context,NERC publications; media reports
2025-01-01,JED,Premium,commercial,398.68,1250.84,0.3067,synthetic_fabricated_from_policy_context,NERC publications; media reports
2025-01-01,JED,Premium,industrial,416.8,1374.27,0.3206,synthetic_fabricated_from_policy_context,NERC publications; media reports
2025-01-01,KAEDCO,A,residential,224.91,643.49,0.173,synthetic_fabricated_from_policy_context,NERC publications; media reports
2025-01-01,KAEDCO,A,commercial,247.4,926.38,0.1903,synthetic_fabricated_from_policy_context,NERC publications; media reports
2025-01-01,KAEDCO,A,industrial,258.64,950.28,0.199,synthetic_fabricated_from_policy_context,NERC publications; media reports
2025-01-01,KAEDCO,B,residential,179.93,555.76,0.1384,synthetic_fabricated_from_policy_context,NERC publications; media reports
2025-01-01,KAEDCO,B,commercial,197.92,580.69,0.1522,synthetic_fabricated_from_policy_context,NERC publications; media reports
2025-01-01,KAEDCO,B,industrial,206.92,825.19,0.1592,synthetic_fabricated_from_policy_context,NERC publications; media reports
2025-01-01,KAEDCO,C,residential,143.94,509.72,0.1107,synthetic_fabricated_from_policy_context,NERC publications; media reports
2025-01-01,KAEDCO,C,commercial,158.33,495.8,0.1218,synthetic_fabricated_from_policy_context,NERC publications; media reports
2025-01-01,KAEDCO,C,industrial,165.53,555.03,0.1273,synthetic_fabricated_from_policy_context,NERC publications; media reports
2025-01-01,KAEDCO,D,residential,116.95,390.46,0.09,synthetic_fabricated_from_policy_context,NERC publications; media reports
2025-01-01,KAEDCO,D,commercial,128.65,359.82,0.099,synthetic_fabricated_from_policy_context,NERC publications; media reports
2025-01-01,KAEDCO,D,industrial,134.49,382.35,0.1035,synthetic_fabricated_from_policy_context,NERC publications; media reports
2025-01-01,KAEDCO,E,residential,89.96,273.35,0.0692,synthetic_fabricated_from_policy_context,NERC publications; media reports
2025-01-01,KAEDCO,E,commercial,98.96,321.46,0.0761,synthetic_fabricated_from_policy_context,NERC publications; media reports
2025-01-01,KAEDCO,E,industrial,103.46,303.96,0.0796,synthetic_fabricated_from_policy_context,NERC publications; media reports
2025-01-01,KAEDCO,Premium,residential,359.85,974.82,0.2768,synthetic_fabricated_from_policy_context,NERC publications; media reports
2025-01-01,KAEDCO,Premium,commercial,395.84,1337.26,0.3045,synthetic_fabricated_from_policy_context,NERC publications; media reports
2025-01-01,KAEDCO,Premium,industrial,413.83,1245.55,0.3183,synthetic_fabricated_from_policy_context,NERC publications; media reports
2025-01-01,KEDCO,A,residential,206.57,609.99,0.1589,synthetic_fabricated_from_policy_context,NERC publications; media reports
2025-01-01,KEDCO,A,commercial,227.23,664.48,0.1748,synthetic_fabricated_from_policy_context,NERC publications; media reports
2025-01-01,KEDCO,A,industrial,237.56,818.22,0.1827,synthetic_fabricated_from_policy_context,NERC publications; media reports
2025-01-01,KEDCO,B,residential,165.26,714.56,0.1271,synthetic_fabricated_from_policy_context,NERC publications; media reports
2025-01-01,KEDCO,B,commercial,181.78,737.25,0.1398,synthetic_fabricated_from_policy_context,NERC publications; media reports
2025-01-01,KEDCO,B,industrial,190.04,816.05,0.1462,synthetic_fabricated_from_policy_context,NERC publications; media reports
2025-01-01,KEDCO,C,residential,132.2,411.66,0.1017,synthetic_fabricated_from_policy_context,NERC publications; media reports
2025-01-01,KEDCO,C,commercial,145.43,500.17,0.1119,synthetic_fabricated_from_policy_context,NERC publications; media reports
2025-01-01,KEDCO,C,industrial,152.04,649.86,0.117,synthetic_fabricated_from_policy_context,NERC publications; media reports
2025-01-01,KEDCO,D,residential,107.42,462.88,0.0826,synthetic_fabricated_from_policy_context,NERC publications; media reports
2025-01-01,KEDCO,D,commercial,118.16,454.59,0.0909,synthetic_fabricated_from_policy_context,NERC publications; media reports
2025-01-01,KEDCO,D,industrial,123.53,434.55,0.095,synthetic_fabricated_from_policy_context,NERC publications; media reports
2025-01-01,KEDCO,E,residential,82.63,303.48,0.0636,synthetic_fabricated_from_policy_context,NERC publications; media reports
2025-01-01,KEDCO,E,commercial,90.89,358.59,0.0699,synthetic_fabricated_from_policy_context,NERC publications; media reports
2025-01-01,KEDCO,E,industrial,95.02,308.19,0.0731,synthetic_fabricated_from_policy_context,NERC publications; media reports
2025-01-01,KEDCO,Premium,residential,330.51,1347.7,0.2542,synthetic_fabricated_from_policy_context,NERC publications; media reports
2025-01-01,KEDCO,Premium,commercial,363.56,1506.8,0.2797,synthetic_fabricated_from_policy_context,NERC publications; media reports
2025-01-01,KEDCO,Premium,industrial,380.09,1327.7,0.2924,synthetic_fabricated_from_policy_context,NERC publications; media reports
2025-01-01,PHED,A,residential,195.37,617.47,0.1503,synthetic_fabricated_from_policy_context,NERC publications; media reports
2025-01-01,PHED,A,commercial,214.91,848.84,0.1653,synthetic_fabricated_from_policy_context,NERC publications; media reports
2025-01-01,PHED,A,industrial,224.68,727.02,0.1728,synthetic_fabricated_from_policy_context,NERC publications; media reports
2025-01-01,PHED,B,residential,156.3,659.77,0.1202,synthetic_fabricated_from_policy_context,NERC publications; media reports
2025-01-01,PHED,B,commercial,171.93,531.75,0.1323,synthetic_fabricated_from_policy_context,NERC publications; media reports
2025-01-01,PHED,B,industrial,179.74,573.96,0.1383,synthetic_fabricated_from_policy_context,NERC publications; media reports
2025-01-01,PHED,C,residential,125.04,554.13,0.0962,synthetic_fabricated_from_policy_context,NERC publications; media reports
2025-01-01,PHED,C,commercial,137.54,463.89,0.1058,synthetic_fabricated_from_policy_context,NERC publications; media reports
2025-01-01,PHED,C,industrial,143.79,597.06,0.1106,synthetic_fabricated_from_policy_context,NERC publications; media reports
2025-01-01,PHED,D,residential,101.59,405.39,0.0781,synthetic_fabricated_from_policy_context,NERC publications; media reports
2025-01-01,PHED,D,commercial,111.75,461.09,0.086,synthetic_fabricated_from_policy_context,NERC publications; media reports
2025-01-01,PHED,D,industrial,116.83,495.02,0.0899,synthetic_fabricated_from_policy_context,NERC publications; media reports
2025-01-01,PHED,E,residential,78.15,288.24,0.0601,synthetic_fabricated_from_policy_context,NERC publications; media reports
2025-01-01,PHED,E,commercial,85.96,340.67,0.0661,synthetic_fabricated_from_policy_context,NERC publications; media reports
2025-01-01,PHED,E,industrial,89.87,352.07,0.0691,synthetic_fabricated_from_policy_context,NERC publications; media reports
2025-01-01,PHED,Premium,residential,312.6,1089.18,0.2405,synthetic_fabricated_from_policy_context,NERC publications; media reports
2025-01-01,PHED,Premium,commercial,343.86,1365.82,0.2645,synthetic_fabricated_from_policy_context,NERC publications; media reports
2025-01-01,PHED,Premium,industrial,359.49,1584.29,0.2765,synthetic_fabricated_from_policy_context,NERC publications; media reports
2025-01-01,YEDC,A,residential,191.71,777.06,0.1475,synthetic_fabricated_from_policy_context,NERC publications; media reports
2025-01-01,YEDC,A,commercial,210.89,823.55,0.1622,synthetic_fabricated_from_policy_context,NERC publications; media reports
2025-01-01,YEDC,A,industrial,220.47,780.79,0.1696,synthetic_fabricated_from_policy_context,NERC publications; media reports
2025-01-01,YEDC,B,residential,153.37,485.76,0.118,synthetic_fabricated_from_policy_context,NERC publications; media reports
2025-01-01,YEDC,B,commercial,168.71,695.61,0.1298,synthetic_fabricated_from_policy_context,NERC publications; media reports
2025-01-01,YEDC,B,industrial,176.38,637.72,0.1357,synthetic_fabricated_from_policy_context,NERC publications; media reports
2025-01-01,YEDC,C,residential,122.7,446.23,0.0944,synthetic_fabricated_from_policy_context,NERC publications; media reports
2025-01-01,YEDC,C,commercial,134.97,596.11,0.1038,synthetic_fabricated_from_policy_context,NERC publications; media reports
2025-01-01,YEDC,C,industrial,141.1,483.89,0.1085,synthetic_fabricated_from_policy_context,NERC publications; media reports
2025-01-01,YEDC,D,residential,99.69,425.05,0.0767,synthetic_fabricated_from_policy_context,NERC publications; media reports
2025-01-01,YEDC,D,commercial,109.66,496.73,0.0844,synthetic_fabricated_from_policy_context,NERC publications; media reports
2025-01-01,YEDC,D,industrial,114.64,442.96,0.0882,synthetic_fabricated_from_policy_context,NERC publications; media reports
2025-01-01,YEDC,E,residential,76.69,242.63,0.059,synthetic_fabricated_from_policy_context,NERC publications; media reports
2025-01-01,YEDC,E,commercial,84.35,338.08,0.0649,synthetic_fabricated_from_policy_context,NERC publications; media reports
2025-01-01,YEDC,E,industrial,88.19,305.63,0.0678,synthetic_fabricated_from_policy_context,NERC publications; media reports
2025-01-01,YEDC,Premium,residential,306.74,1041.77,0.236,synthetic_fabricated_from_policy_context,NERC publications; media reports
2025-01-01,YEDC,Premium,commercial,337.42,1087.91,0.2596,synthetic_fabricated_from_policy_context,NERC publications; media reports
2025-01-01,YEDC,Premium,industrial,352.75,1143.34,0.2713,synthetic_fabricated_from_policy_context,NERC publications; media reports
2025-02-01,AEDC,A,residential,222.61,788.87,0.1712,synthetic_fabricated_from_policy_context,NERC publications; media reports
2025-02-01,AEDC,A,commercial,244.87,725.52,0.1884,synthetic_fabricated_from_policy_context,NERC publications; media reports
2025-02-01,AEDC,A,industrial,256.01,925.56,0.1969,synthetic_fabricated_from_policy_context,NERC publications; media reports
2025-02-01,AEDC,B,residential,178.09,645.64,0.137,synthetic_fabricated_from_policy_context,NERC publications; media reports
2025-02-01,AEDC,B,commercial,195.9,696.63,0.1507,synthetic_fabricated_from_policy_context,NERC publications; media reports
2025-02-01,AEDC,B,industrial,204.8,634.82,0.1575,synthetic_fabricated_from_policy_context,NERC publications; media reports
2025-02-01,AEDC,C,residential,142.47,504.44,0.1096,synthetic_fabricated_from_policy_context,NERC publications; media reports
2025-02-01,AEDC,C,commercial,156.72,503.53,0.1206,synthetic_fabricated_from_policy_context,NERC publications; media reports
2025-02-01,AEDC,C,industrial,163.84,570.91,0.126,synthetic_fabricated_from_policy_context,NERC publications; media reports
2025-02-01,AEDC,D,residential,115.76,367.25,0.089,synthetic_fabricated_from_policy_context,NERC publications; media reports
2025-02-01,AEDC,D,commercial,127.33,412.23,0.0979,synthetic_fabricated_from_policy_context,NERC publications; media reports
2025-02-01,AEDC,D,industrial,133.12,433.65,0.1024,synthetic_fabricated_from_policy_context,NERC publications; media reports
2025-02-01,AEDC,E,residential,89.05,341.09,0.0685,synthetic_fabricated_from_policy_context,NERC publications; media reports
2025-02-01,AEDC,E,commercial,97.95,342.23,0.0753,synthetic_fabricated_from_policy_context,NERC publications; media reports
2025-02-01,AEDC,E,industrial,102.4,307.01,0.0788,synthetic_fabricated_from_policy_context,NERC publications; media reports
2025-02-01,AEDC,Premium,residential,356.18,1066.98,0.274,synthetic_fabricated_from_policy_context,NERC publications; media reports
2025-02-01,AEDC,Premium,commercial,391.8,1423.68,0.3014,synthetic_fabricated_from_policy_context,NERC publications; media reports
2025-02-01,AEDC,Premium,industrial,409.61,1589.29,0.3151,synthetic_fabricated_from_policy_context,NERC publications; media reports
2025-02-01,BEDC,A,residential,183.14,703.83,0.1409,synthetic_fabricated_from_policy_context,NERC publications; media reports
2025-02-01,BEDC,A,commercial,201.45,677.34,0.155,synthetic_fabricated_from_policy_context,NERC publications; media reports
2025-02-01,BEDC,A,industrial,210.61,837.62,0.162,synthetic_fabricated_from_policy_context,NERC publications; media reports
2025-02-01,BEDC,B,residential,146.51,485.47,0.1127,synthetic_fabricated_from_policy_context,NERC publications; media reports
2025-02-01,BEDC,B,commercial,161.16,713.39,0.124,synthetic_fabricated_from_policy_context,NERC publications; media reports
2025-02-01,BEDC,B,industrial,168.49,703.7,0.1296,synthetic_fabricated_from_policy_context,NERC publications; media reports
2025-02-01,BEDC,C,residential,117.21,564.73,0.0902,synthetic_fabricated_from_policy_context,NERC publications; media reports
2025-02-01,BEDC,C,commercial,128.93,524.02,0.0992,synthetic_fabricated_from_policy_context,NERC publications; media reports
2025-02-01,BEDC,C,industrial,134.79,532.3,0.1037,synthetic_fabricated_from_policy_context,NERC publications; media reports
2025-02-01,BEDC,D,residential,95.23,313.07,0.0733,synthetic_fabricated_from_policy_context,NERC publications; media reports
2025-02-01,BEDC,D,commercial,104.75,513.65,0.0806,synthetic_fabricated_from_policy_context,NERC publications; media reports
2025-02-01,BEDC,D,industrial,109.52,481.16,0.0842,synthetic_fabricated_from_policy_context,NERC publications; media reports
2025-02-01,BEDC,E,residential,73.26,318.59,0.0564,synthetic_fabricated_from_policy_context,NERC publications; media reports
2025-02-01,BEDC,E,commercial,80.58,336.84,0.062,synthetic_fabricated_from_policy_context,NERC publications; media reports
2025-02-01,BEDC,E,industrial,84.24,353.2,0.0648,synthetic_fabricated_from_policy_context,NERC publications; media reports
2025-02-01,BEDC,Premium,residential,293.02,1224.03,0.2254,synthetic_fabricated_from_policy_context,NERC publications; media reports
2025-02-01,BEDC,Premium,commercial,322.32,1339.27,0.2479,synthetic_fabricated_from_policy_context,NERC publications; media reports
2025-02-01,BEDC,Premium,industrial,336.97,1453.75,0.2592,synthetic_fabricated_from_policy_context,NERC publications; media reports
2025-02-01,EEDC,A,residential,229.12,885.12,0.1762,synthetic_fabricated_from_policy_context,NERC publications; media reports
2025-02-01,EEDC,A,commercial,252.03,743.14,0.1939,synthetic_fabricated_from_policy_context,NERC publications; media reports
2025-02-01,EEDC,A,industrial,263.49,1000.02,0.2027,synthetic_fabricated_from_policy_context,NERC publications; media reports
2025-02-01,EEDC,B,residential,183.3,495.46,0.141,synthetic_fabricated_from_policy_context,NERC publications; media reports
2025-02-01,EEDC,B,commercial,201.62,643.48,0.1551,synthetic_fabricated_from_policy_context,NERC publications; media reports
2025-02-01,EEDC,B,industrial,210.79,679.85,0.1621,synthetic_fabricated_from_policy_context,NERC publications; media reports
2025-02-01,EEDC,C,residential,146.64,445.95,0.1128,synthetic_fabricated_from_policy_context,NERC publications; media reports
2025-02-01,EEDC,C,commercial,161.3,453.35,0.1241,synthetic_fabricated_from_policy_context,NERC publications; media reports
2025-02-01,EEDC,C,industrial,168.63,628.69,0.1297,synthetic_fabricated_from_policy_context,NERC publications; media reports
2025-02-01,EEDC,D,residential,119.14,339.5,0.0916,synthetic_fabricated_from_policy_context,NERC publications; media reports
2025-02-01,EEDC,D,commercial,131.06,448.99,0.1008,synthetic_fabricated_from_policy_context,NERC publications; media reports
2025-02-01,EEDC,D,industrial,137.01,480.02,0.1054,synthetic_fabricated_from_policy_context,NERC publications; media reports
2025-02-01,EEDC,E,residential,91.65,305.17,0.0705,synthetic_fabricated_from_policy_context,NERC publications; media reports
2025-02-01,EEDC,E,commercial,100.81,349.74,0.0775,synthetic_fabricated_from_policy_context,NERC publications; media reports
2025-02-01,EEDC,E,industrial,105.39,303.94,0.0811,synthetic_fabricated_from_policy_context,NERC publications; media reports
2025-02-01,EEDC,Premium,residential,366.59,1282.35,0.282,synthetic_fabricated_from_policy_context,NERC publications; media reports
2025-02-01,EEDC,Premium,commercial,403.25,1233.14,0.3102,synthetic_fabricated_from_policy_context,NERC publications; media reports
2025-02-01,EEDC,Premium,industrial,421.58,1356.33,0.3243,synthetic_fabricated_from_policy_context,NERC publications; media reports
2025-02-01,EKEDC,A,residential,198.86,838.34,0.153,synthetic_fabricated_from_policy_context,NERC publications; media reports
2025-02-01,EKEDC,A,commercial,218.74,821.2,0.1683,synthetic_fabricated_from_policy_context,NERC publications; media reports
2025-02-01,EKEDC,A,industrial,228.69,739.38,0.1759,synthetic_fabricated_from_policy_context,NERC publications; media reports
2025-02-01,EKEDC,B,residential,159.09,613.22,0.1224,synthetic_fabricated_from_policy_context,NERC publications; media reports
2025-02-01,EKEDC,B,commercial,174.99,775.23,0.1346,synthetic_fabricated_from_policy_context,NERC publications; media reports
2025-02-01,EKEDC,B,industrial,182.95,563.37,0.1407,synthetic_fabricated_from_policy_context,NERC publications; media reports
2025-02-01,EKEDC,C,residential,127.27,462.33,0.0979,synthetic_fabricated_from_policy_context,NERC publications; media reports
2025-02-01,EKEDC,C,commercial,140.0,529.81,0.1077,synthetic_fabricated_from_policy_context,NERC publications; media reports
2025-02-01,EKEDC,C,industrial,146.36,649.32,0.1126,synthetic_fabricated_from_policy_context,NERC publications; media reports
2025-02-01,EKEDC,D,residential,103.41,343.66,0.0795,synthetic_fabricated_from_policy_context,NERC publications; media reports
2025-02-01,EKEDC,D,commercial,113.75,378.52,0.0875,synthetic_fabricated_from_policy_context,NERC publications; media reports
2025-02-01,EKEDC,D,industrial,118.92,519.49,0.0915,synthetic_fabricated_from_policy_context,NERC publications; media reports
2025-02-01,EKEDC,E,residential,79.54,265.45,0.0612,synthetic_fabricated_from_policy_context,NERC publications; media reports
2025-02-01,EKEDC,E,commercial,87.5,339.86,0.0673,synthetic_fabricated_from_policy_context,NERC publications; media reports
2025-02-01,EKEDC,E,industrial,91.47,342.22,0.0704,synthetic_fabricated_from_policy_context,NERC publications; media reports
2025-02-01,EKEDC,Premium,residential,318.17,1082.95,0.2447,synthetic_fabricated_from_policy_context,NERC publications; media reports
2025-02-01,EKEDC,Premium,commercial,349.99,1357.07,0.2692,synthetic_fabricated_from_policy_context,NERC publications; media reports
2025-02-01,EKEDC,Premium,industrial,365.9,1571.6,0.2815,synthetic_fabricated_from_policy_context,NERC publications; media reports
2025-02-01,IBEDC,A,residential,223.59,849.01,0.172,synthetic_fabricated_from_policy_context,NERC publications; media reports
2025-02-01,IBEDC,A,commercial,245.95,783.11,0.1892,synthetic_fabricated_from_policy_context,NERC publications; media reports
2025-02-01,IBEDC,A,industrial,257.13,994.98,0.1978,synthetic_fabricated_from_policy_context,NERC publications; media reports
2025-02-01,IBEDC,B,residential,178.87,617.99,0.1376,synthetic_fabricated_from_policy_context,NERC publications; media reports
2025-02-01,IBEDC,B,commercial,196.76,599.41,0.1514,synthetic_fabricated_from_policy_context,NERC publications; media reports
2025-02-01,IBEDC,B,industrial,205.7,562.61,0.1582,synthetic_fabricated_from_policy_context,NERC publications; media reports
2025-02-01,IBEDC,C,residential,143.1,518.37,0.1101,synthetic_fabricated_from_policy_context,NERC publications; media reports
2025-02-01,IBEDC,C,commercial,157.41,497.84,0.1211,synthetic_fabricated_from_policy_context,NERC publications; media reports
2025-02-01,IBEDC,C,industrial,164.56,588.2,0.1266,synthetic_fabricated_from_policy_context,NERC publications; media reports
2025-02-01,IBEDC,D,residential,116.27,422.6,0.0894,synthetic_fabricated_from_policy_context,NERC publications; media reports
2025-02-01,IBEDC,D,commercial,127.89,480.17,0.0984,synthetic_fabricated_from_policy_context,NERC publications; media reports
2025-02-01,IBEDC,D,industrial,133.71,493.05,0.1029,synthetic_fabricated_from_policy_context,NERC publications; media reports
2025-02-01,IBEDC,E,residential,89.44,292.06,0.0688,synthetic_fabricated_from_policy_context,NERC publications; media reports
2025-02-01,IBEDC,E,commercial,98.38,365.34,0.0757,synthetic_fabricated_from_policy_context,NERC publications; media reports
2025-02-01,IBEDC,E,industrial,102.85,310.04,0.0791,synthetic_fabricated_from_policy_context,NERC publications; media reports
2025-02-01,IBEDC,Premium,residential,357.75,1333.79,0.2752,synthetic_fabricated_from_policy_context,NERC publications; media reports
2025-02-01,IBEDC,Premium,commercial,393.52,1549.29,0.3027,synthetic_fabricated_from_policy_context,NERC publications; media reports
2025-02-01,IBEDC,Premium,industrial,411.41,1544.66,0.3165,synthetic_fabricated_from_policy_context,NERC publications; media reports
2025-02-01,IKEDC,A,residential,188.2,806.04,0.1448,synthetic_fabricated_from_policy_context,NERC publications; media reports
2025-02-01,IKEDC,A,commercial,207.02,676.26,0.1592,synthetic_fabricated_from_policy_context,NERC publications; media reports
2025-02-01,IKEDC,A,industrial,216.43,943.86,0.1665,synthetic_fabricated_from_policy_context,NERC publications; media reports
2025-02-01,IKEDC,B,residential,150.56,678.8,0.1158,synthetic_fabricated_from_policy_context,NERC publications; media reports
2025-02-01,IKEDC,B,commercial,165.62,737.96,0.1274,synthetic_fabricated_from_policy_context,NERC publications; media reports
2025-02-01,IKEDC,B,industrial,173.15,801.71,0.1332,synthetic_fabricated_from_policy_context,NERC publications; media reports
2025-02-01,IKEDC,C,residential,120.45,407.45,0.0927,synthetic_fabricated_from_policy_context,NERC publications; media reports
2025-02-01,IKEDC,C,commercial,132.49,452.57,0.1019,synthetic_fabricated_from_policy_context,NERC publications; media reports
2025-02-01,IKEDC,C,industrial,138.52,584.3,0.1066,synthetic_fabricated_from_policy_context,NERC publications; media reports
2025-02-01,IKEDC,D,residential,97.86,432.84,0.0753,synthetic_fabricated_from_policy_context,NERC publications; media reports
2025-02-01,IKEDC,D,commercial,107.65,442.39,0.0828,synthetic_fabricated_from_policy_context,NERC publications; media reports
2025-02-01,IKEDC,D,industrial,112.54,369.61,0.0866,synthetic_fabricated_from_policy_context,NERC publications; media reports
2025-02-01,IKEDC,E,residential,75.28,260.9,0.0579,synthetic_fabricated_from_policy_context,NERC publications; media reports
2025-02-01,IKEDC,E,commercial,82.81,371.53,0.0637,synthetic_fabricated_from_policy_context,NERC publications; media reports
2025-02-01,IKEDC,E,industrial,86.57,277.44,0.0666,synthetic_fabricated_from_policy_context,NERC publications; media reports
2025-02-01,IKEDC,Premium,residential,301.12,1364.73,0.2316,synthetic_fabricated_from_policy_context,NERC publications; media reports
2025-02-01,IKEDC,Premium,commercial,331.23,1526.94,0.2548,synthetic_fabricated_from_policy_context,NERC publications; media reports
2025-02-01,IKEDC,Premium,industrial,346.29,1416.09,0.2664,synthetic_fabricated_from_policy_context,NERC publications; media reports
2025-02-01,JED,A,residential,225.78,629.37,0.1737,synthetic_fabricated_from_policy_context,NERC publications; media reports
2025-02-01,JED,A,commercial,248.36,876.52,0.191,synthetic_fabricated_from_policy_context,NERC publications; media reports
2025-02-01,JED,A,industrial,259.65,881.41,0.1997,synthetic_fabricated_from_policy_context,NERC publications; media reports
2025-02-01,JED,B,residential,180.62,641.74,0.1389,synthetic_fabricated_from_policy_context,NERC publications; media reports
2025-02-01,JED,B,commercial,198.69,700.51,0.1528,synthetic_fabricated_from_policy_context,NERC publications; media reports
2025-02-01,JED,B,industrial,207.72,795.94,0.1598,synthetic_fabricated_from_policy_context,NERC publications; media reports
2025-02-01,JED,C,residential,144.5,402.8,0.1112,synthetic_fabricated_from_policy_context,NERC publications; media reports
2025-02-01,JED,C,commercial,158.95,628.99,0.1223,synthetic_fabricated_from_policy_context,NERC publications; media reports
2025-02-01,JED,C,industrial,166.17,524.99,0.1278,synthetic_fabricated_from_policy_context,NERC publications; media reports
2025-02-01,JED,D,residential,117.41,380.94,0.0903,synthetic_fabricated_from_policy_context,NERC publications; media reports
2025-02-01,JED,D,commercial,129.15,396.78,0.0993,synthetic_fabricated_from_policy_context,NERC publications; media reports
2025-02-01,JED,D,industrial,135.02,457.27,0.1039,synthetic_fabricated_from_policy_context,NERC publications; media reports
2025-02-01,JED,E,residential,90.31,312.51,0.0695,synthetic_fabricated_from_policy_context,NERC publications; media reports
2025-02-01,JED,E,commercial,99.34,384.7,0.0764,synthetic_fabricated_from_policy_context,NERC publications; media reports
2025-02-01,JED,E,industrial,103.86,412.92,0.0799,synthetic_fabricated_from_policy_context,NERC publications; media reports
2025-02-01,JED,Premium,residential,361.25,1127.97,0.2779,synthetic_fabricated_from_policy_context,NERC publications; media reports
2025-02-01,JED,Premium,commercial,397.37,1336.33,0.3057,synthetic_fabricated_from_policy_context,NERC publications; media reports
2025-02-01,JED,Premium,industrial,415.44,1118.02,0.3196,synthetic_fabricated_from_policy_context,NERC publications; media reports
2025-02-01,KAEDCO,A,residential,198.5,613.08,0.1527,synthetic_fabricated_from_policy_context,NERC publications; media reports
2025-02-01,KAEDCO,A,commercial,218.35,704.2,0.168,synthetic_fabricated_from_policy_context,NERC publications; media reports
2025-02-01,KAEDCO,A,industrial,228.28,864.63,0.1756,synthetic_fabricated_from_policy_context,NERC publications; media reports
2025-02-01,KAEDCO,B,residential,158.8,620.39,0.1222,synthetic_fabricated_from_policy_context,NERC publications; media reports
2025-02-01,KAEDCO,B,commercial,174.68,756.45,0.1344,synthetic_fabricated_from_policy_context,NERC publications; media reports
2025-02-01,KAEDCO,B,industrial,182.62,579.56,0.1405,synthetic_fabricated_from_policy_context,NERC publications; media reports
2025-02-01,KAEDCO,C,residential,127.04,503.65,0.0977,synthetic_fabricated_from_policy_context,NERC publications; media reports
2025-02-01,KAEDCO,C,commercial,139.75,459.51,0.1075,synthetic_fabricated_from_policy_context,NERC publications; media reports
2025-02-01,KAEDCO,C,industrial,146.1,538.09,0.1124,synthetic_fabricated_from_policy_context,NERC publications; media reports
2025-02-01,KAEDCO,D,residential,103.22,424.09,0.0794,synthetic_fabricated_from_policy_context,NERC publications; media reports
2025-02-01,KAEDCO,D,commercial,113.54,383.84,0.0873,synthetic_fabricated_from_policy_context,NERC publications; media reports
2025-02-01,KAEDCO,D,industrial,118.7,392.95,0.0913,synthetic_fabricated_from_policy_context,NERC publications; media reports
2025-02-01,KAEDCO,E,residential,79.4,305.0,0.0611,synthetic_fabricated_from_policy_context,NERC publications; media reports
2025-02-01,KAEDCO,E,commercial,87.34,283.24,0.0672,synthetic_fabricated_from_policy_context,NERC publications; media reports
2025-02-01,KAEDCO,E,industrial,91.31,370.59,0.0702,synthetic_fabricated_from_policy_context,NERC publications; media reports
2025-02-01,KAEDCO,Premium,residential,317.6,967.49,0.2443,synthetic_fabricated_from_policy_context,NERC publications; media reports
2025-02-01,KAEDCO,Premium,commercial,349.36,1546.76,0.2687,synthetic_fabricated_from_policy_context,NERC publications; media reports
2025-02-01,KAEDCO,Premium,industrial,365.24,1155.89,0.281,synthetic_fabricated_from_policy_context,NERC publications; media reports
2025-02-01,KEDCO,A,residential,197.45,714.08,0.1519,synthetic_fabricated_from_policy_context,NERC publications; media reports
2025-02-01,KEDCO,A,commercial,217.19,970.7,0.1671,synthetic_fabricated_from_policy_context,NERC publications; media reports
2025-02-01,KEDCO,A,industrial,227.07,868.44,0.1747,synthetic_fabricated_from_policy_context,NERC publications; media reports
2025-02-01,KEDCO,B,residential,157.96,549.4,0.1215,synthetic_fabricated_from_policy_context,NERC publications; media reports
2025-02-01,KEDCO,B,commercial,173.76,556.6,0.1337,synthetic_fabricated_from_policy_context,NERC publications; media reports
2025-02-01,KEDCO,B,industrial,181.65,568.42,0.1397,synthetic_fabricated_from_policy_context,NERC publications; media reports
2025-02-01,KEDCO,C,residential,126.37,392.13,0.0972,synthetic_fabricated_from_policy_context,NERC publications; media reports
2025-02-01,KEDCO,C,commercial,139.0,553.6,0.1069,synthetic_fabricated_from_policy_context,NERC publications; media reports
2025-02-01,KEDCO,C,industrial,145.32,531.3,0.1118,synthetic_fabricated_from_policy_context,NERC publications; media reports
2025-02-01,KEDCO,D,residential,102.67,420.27,0.079,synthetic_fabricated_from_policy_context,NERC publications; media reports
2025-02-01,KEDCO,D,commercial,112.94,379.5,0.0869,synthetic_fabricated_from_policy_context,NERC publications; media reports
2025-02-01,KEDCO,D,industrial,118.07,465.1,0.0908,synthetic_fabricated_from_policy_context,NERC publications; media reports
2025-02-01,KEDCO,E,residential,78.98,314.73,0.0608,synthetic_fabricated_from_policy_context,NERC publications; media reports
2025-02-01,KEDCO,E,commercial,86.88,376.95,0.0668,synthetic_fabricated_from_policy_context,NERC publications; media reports
2025-02-01,KEDCO,E,industrial,90.83,393.96,0.0699,synthetic_fabricated_from_policy_context,NERC publications; media reports
2025-02-01,KEDCO,Premium,residential,315.92,1167.33,0.243,synthetic_fabricated_from_policy_context,NERC publications; media reports
2025-02-01,KEDCO,Premium,commercial,347.51,1459.44,0.2673,synthetic_fabricated_from_policy_context,NERC publications; media reports
2025-02-01,KEDCO,Premium,industrial,363.31,1203.17,0.2795,synthetic_fabricated_from_policy_context,NERC publications; media reports
2025-02-01,PHED,A,residential,223.32,755.96,0.1718,synthetic_fabricated_from_policy_context,NERC publications; media reports
2025-02-01,PHED,A,commercial,245.65,792.22,0.189,synthetic_fabricated_from_policy_context,NERC publications; media reports
2025-02-01,PHED,A,industrial,256.82,1030.49,0.1976,synthetic_fabricated_from_policy_context,NERC publications; media reports
2025-02-01,PHED,B,residential,178.66,495.6,0.1374,synthetic_fabricated_from_policy_context,NERC publications; media reports
2025-02-01,PHED,B,commercial,196.52,624.29,0.1512,synthetic_fabricated_from_policy_context,NERC publications; media reports
2025-02-01,PHED,B,industrial,205.46,578.09,0.158,synthetic_fabricated_from_policy_context,NERC publications; media reports
2025-02-01,PHED,C,residential,142.93,493.49,0.1099,synthetic_fabricated_from_policy_context,NERC publications; media reports
2025-02-01,PHED,C,commercial,157.22,580.63,0.1209,synthetic_fabricated_from_policy_context,NERC publications; media reports
2025-02-01,PHED,C,industrial,164.37,650.32,0.1264,synthetic_fabricated_from_policy_context,NERC publications; media reports
2025-02-01,PHED,D,residential,116.13,414.39,0.0893,synthetic_fabricated_from_policy_context,NERC publications; media reports
2025-02-01,PHED,D,commercial,127.74,366.39,0.0983,synthetic_fabricated_from_policy_context,NERC publications; media reports
2025-02-01,PHED,D,industrial,133.55,359.12,0.1027,synthetic_fabricated_from_policy_context,NERC publications; media reports
2025-02-01,PHED,E,residential,89.33,345.62,0.0687,synthetic_fabricated_from_policy_context,NERC publications; media reports
2025-02-01,PHED,E,commercial,98.26,330.98,0.0756,synthetic_fabricated_from_policy_context,NERC publications; media reports
2025-02-01,PHED,E,industrial,102.73,297.55,0.079,synthetic_fabricated_from_policy_context,NERC publications; media reports
2025-02-01,PHED,Premium,residential,357.32,1335.94,0.2749,synthetic_fabricated_from_policy_context,NERC publications; media reports
2025-02-01,PHED,Premium,commercial,393.05,1244.91,0.3023,synthetic_fabricated_from_policy_context,NERC publications; media reports
2025-02-01,PHED,Premium,industrial,410.91,1428.0,0.3161,synthetic_fabricated_from_policy_context,NERC publications; media reports
2025-02-01,YEDC,A,residential,222.71,894.99,0.1713,synthetic_fabricated_from_policy_context,NERC publications; media reports
2025-02-01,YEDC,A,commercial,244.98,665.66,0.1884,synthetic_fabricated_from_policy_context,NERC publications; media reports
2025-02-01,YEDC,A,industrial,256.12,873.89,0.197,synthetic_fabricated_from_policy_context,NERC publications; media reports
2025-02-01,YEDC,B,residential,178.17,603.62,0.1371,synthetic_fabricated_from_policy_context,NERC publications; media reports
2025-02-01,YEDC,B,commercial,195.99,630.26,0.1508,synthetic_fabricated_from_policy_context,NERC publications; media reports
2025-02-01,YEDC,B,industrial,204.9,578.57,0.1576,synthetic_fabricated_from_policy_context,NERC publications; media reports
2025-02-01,YEDC,C,residential,142.54,495.76,0.1096,synthetic_fabricated_from_policy_context,NERC publications; media reports
2025-02-01,YEDC,C,commercial,156.79,548.6,0.1206,synthetic_fabricated_from_policy_context,NERC publications; media reports
2025-02-01,YEDC,C,industrial,163.92,607.04,0.1261,synthetic_fabricated_from_policy_context,NERC publications; media reports
2025-02-01,YEDC,D,residential,115.81,319.09,0.0891,synthetic_fabricated_from_policy_context,NERC publications; media reports
2025-02-01,YEDC,D,commercial,127.39,404.49,0.098,synthetic_fabricated_from_policy_context,NERC publications; media reports
2025-02-01,YEDC,D,industrial,133.18,456.25,0.1024,synthetic_fabricated_from_policy_context,NERC publications; media reports
2025-02-01,YEDC,E,residential,89.09,297.54,0.0685,synthetic_fabricated_from_policy_context,NERC publications; media reports
2025-02-01,YEDC,E,commercial,97.99,317.77,0.0754,synthetic_fabricated_from_policy_context,NERC publications; media reports
2025-02-01,YEDC,E,industrial,102.45,314.04,0.0788,synthetic_fabricated_from_policy_context,NERC publications; media reports
2025-02-01,YEDC,Premium,residential,356.34,1124.39,0.2741,synthetic_fabricated_from_policy_context,NERC publications; media reports
2025-02-01,YEDC,Premium,commercial,391.98,1257.73,0.3015,synthetic_fabricated_from_policy_context,NERC publications; media reports
2025-02-01,YEDC,Premium,industrial,409.79,1230.24,0.3152,synthetic_fabricated_from_policy_context,NERC publications; media reports
2025-03-01,AEDC,A,residential,192.84,897.21,0.1483,synthetic_fabricated_from_policy_context,NERC publications; media reports
2025-03-01,AEDC,A,commercial,212.12,927.13,0.1632,synthetic_fabricated_from_policy_context,NERC publications; media reports
2025-03-01,AEDC,A,industrial,221.76,779.36,0.1706,synthetic_fabricated_from_policy_context,NERC publications; media reports
2025-03-01,AEDC,B,residential,154.27,537.91,0.1187,synthetic_fabricated_from_policy_context,NERC publications; media reports
2025-03-01,AEDC,B,commercial,169.7,546.22,0.1305,synthetic_fabricated_from_policy_context,NERC publications; media reports
2025-03-01,AEDC,B,industrial,177.41,645.31,0.1365,synthetic_fabricated_from_policy_context,NERC publications; media reports
2025-03-01,AEDC,C,residential,123.42,396.11,0.0949,synthetic_fabricated_from_policy_context,NERC publications; media reports
2025-03-01,AEDC,C,commercial,135.76,585.11,0.1044,synthetic_fabricated_from_policy_context,NERC publications; media reports
2025-03-01,AEDC,C,industrial,141.93,540.29,0.1092,synthetic_fabricated_from_policy_context,NERC publications; media reports
2025-03-01,AEDC,D,residential,100.28,415.65,0.0771,synthetic_fabricated_from_policy_context,NERC publications; media reports
2025-03-01,AEDC,D,commercial,110.3,474.12,0.0848,synthetic_fabricated_from_policy_context,NERC publications; media reports
2025-03-01,AEDC,D,industrial,115.32,490.42,0.0887,synthetic_fabricated_from_policy_context,NERC publications; media reports
2025-03-01,AEDC,E,residential,77.13,247.36,0.0593,synthetic_fabricated_from_policy_context,NERC publications; media reports
2025-03-01,AEDC,E,commercial,84.85,269.95,0.0653,synthetic_fabricated_from_policy_context,NERC publications; media reports
2025-03-01,AEDC,E,industrial,88.71,350.09,0.0682,synthetic_fabricated_from_policy_context,NERC publications; media reports
2025-03-01,AEDC,Premium,residential,308.54,1311.41,0.2373,synthetic_fabricated_from_policy_context,NERC publications; media reports
2025-03-01,AEDC,Premium,commercial,339.39,1076.81,0.2611,synthetic_fabricated_from_policy_context,NERC publications; media reports
2025-03-01,AEDC,Premium,industrial,354.82,1485.12,0.2729,synthetic_fabricated_from_policy_context,NERC publications; media reports
2025-03-01,BEDC,A,residential,196.51,849.84,0.1512,synthetic_fabricated_from_policy_context,NERC publications; media reports
2025-03-01,BEDC,A,commercial,216.16,893.4,0.1663,synthetic_fabricated_from_policy_context,NERC publications; media reports
2025-03-01,BEDC,A,industrial,225.98,735.2,0.1738,synthetic_fabricated_from_policy_context,NERC publications; media reports
2025-03-01,BEDC,B,residential,157.21,550.53,0.1209,synthetic_fabricated_from_policy_context,NERC publications; media reports
2025-03-01,BEDC,B,commercial,172.93,576.31,0.133,synthetic_fabricated_from_policy_context,NERC publications; media reports
2025-03-01,BEDC,B,industrial,180.79,686.87,0.1391,synthetic_fabricated_from_policy_context,NERC publications; media reports
2025-03-01,BEDC,C,residential,125.77,443.73,0.0967,synthetic_fabricated_from_policy_context,NERC publications; media reports
2025-03-01,BEDC,C,commercial,138.34,631.57,0.1064,synthetic_fabricated_from_policy_context,NERC publications; media reports
2025-03-01,BEDC,C,industrial,144.63,618.82,0.1113,synthetic_fabricated_from_policy_context,NERC publications; media reports
2025-03-01,BEDC,D,residential,102.18,424.53,0.0786,synthetic_fabricated_from_policy_context,NERC publications; media reports
2025-03-01,BEDC,D,commercial,112.4,381.39,0.0865,synthetic_fabricated_from_policy_context,NERC publications; media reports
2025-03-01,BEDC,D,industrial,117.51,442.05,0.0904,synthetic_fabricated_from_policy_context,NERC publications; media reports
2025-03-01,BEDC,E,residential,78.6,240.64,0.0605,synthetic_fabricated_from_policy_context,NERC publications; media reports
2025-03-01,BEDC,E,commercial,86.46,369.51,0.0665,synthetic_fabricated_from_policy_context,NERC publications; media reports
2025-03-01,BEDC,E,industrial,90.39,307.67,0.0695,synthetic_fabricated_from_policy_context,NERC publications; media reports
2025-03-01,BEDC,Premium,residential,314.41,1000.14,0.2419,synthetic_fabricated_from_policy_context,NERC publications; media reports
2025-03-01,BEDC,Premium,commercial,345.85,1544.11,0.266,synthetic_fabricated_from_policy_context,NERC publications; media reports
2025-03-01,BEDC,Premium,industrial,361.58,1213.72,0.2781,synthetic_fabricated_from_policy_context,NERC publications; media reports
2025-03-01,EEDC,A,residential,216.75,633.92,0.1667,synthetic_fabricated_from_policy_context,NERC publications; media reports
2025-03-01,EEDC,A,commercial,238.43,687.0,0.1834,synthetic_fabricated_from_policy_context,NERC publications; media reports
2025-03-01,EEDC,A,industrial,249.27,971.91,0.1917,synthetic_fabricated_from_policy_context,NERC publications; media reports
2025-03-01,EEDC,B,residential,173.4,671.9,0.1334,synthetic_fabricated_from_policy_context,NERC publications; media reports
2025-03-01,EEDC,B,commercial,190.74,549.05,0.1467,synthetic_fabricated_from_policy_context,NERC publications; media reports
2025-03-01,EEDC,B,industrial,199.41,611.6,0.1534,synthetic_fabricated_from_policy_context,NERC publications; media reports
2025-03-01,EEDC,C,residential,138.72,563.76,0.1067,synthetic_fabricated_from_policy_context,NERC publications; media reports
2025-03-01,EEDC,C,commercial,152.6,518.74,0.1174,synthetic_fabricated_from_policy_context,NERC publications; media reports
2025-03-01,EEDC,C,industrial,159.53,576.2,0.1227,synthetic_fabricated_from_policy_context,NERC publications; media reports
2025-03-01,EEDC,D,residential,112.71,402.51,0.0867,synthetic_fabricated_from_policy_context,NERC publications; media reports
2025-03-01,EEDC,D,commercial,123.98,368.8,0.0954,synthetic_fabricated_from_policy_context,NERC publications; media reports
2025-03-01,EEDC,D,industrial,129.62,509.79,0.0997,synthetic_fabricated_from_policy_context,NERC publications; media reports
2025-03-01,EEDC,E,residential,86.7,295.73,0.0667,synthetic_fabricated_from_policy_context,NERC publications; media reports
2025-03-01,EEDC,E,commercial,95.37,301.42,0.0734,synthetic_fabricated_from_policy_context,NERC publications; media reports
2025-03-01,EEDC,E,industrial,99.71,303.47,0.0767,synthetic_fabricated_from_policy_context,NERC publications; media reports
2025-03-01,EEDC,Premium,residential,346.81,1090.37,0.2668,synthetic_fabricated_from_policy_context,NERC publications; media reports
2025-03-01,EEDC,Premium,commercial,381.49,1197.66,0.2935,synthetic_fabricated_from_policy_context,NERC publications; media reports
2025-03-01,EEDC,Premium,industrial,398.83,1504.33,0.3068,synthetic_fabricated_from_policy_context,NERC publications; media reports
2025-03-01,EKEDC,A,residential,197.6,818.02,0.152,synthetic_fabricated_from_policy_context,NERC publications; media reports
2025-03-01,EKEDC,A,commercial,217.36,789.83,0.1672,synthetic_fabricated_from_policy_context,NERC publications; media reports
2025-03-01,EKEDC,A,industrial,227.24,916.9,0.1748,synthetic_fabricated_from_policy_context,NERC publications; media reports
2025-03-01,EKEDC,B,residential,158.08,642.32,0.1216,synthetic_fabricated_from_policy_context,NERC publications; media reports
2025-03-01,EKEDC,B,commercial,173.89,692.39,0.1338,synthetic_fabricated_from_policy_context,NERC publications; media reports
2025-03-01,EKEDC,B,industrial,181.79,707.25,0.1398,synthetic_fabricated_from_policy_context,NERC publications; media reports
2025-03-01,EKEDC,C,residential,126.46,464.77,0.0973,synthetic_fabricated_from_policy_context,NERC publications; media reports
2025-03-01,EKEDC,C,commercial,139.11,536.31,0.107,synthetic_fabricated_from_policy_context,NERC publications; media reports
2025-03-01,EKEDC,C,industrial,145.43,556.58,0.1119,synthetic_fabricated_from_policy_context,NERC publications; media reports
2025-03-01,EKEDC,D,residential,102.75,429.39,0.079,synthetic_fabricated_from_policy_context,NERC publications; media reports
2025-03-01,EKEDC,D,commercial,113.03,456.98,0.0869,synthetic_fabricated_from_policy_context,NERC publications; media reports
2025-03-01,EKEDC,D,industrial,118.17,383.57,0.0909,synthetic_fabricated_from_policy_context,NERC publications; media reports
2025-03-01,EKEDC,E,residential,79.04,248.29,0.0608,synthetic_fabricated_from_policy_context,NERC publications; media reports
2025-03-01,EKEDC,E,commercial,86.94,339.31,0.0669,synthetic_fabricated_from_policy_context,NERC publications; media reports
2025-03-01,EKEDC,E,industrial,90.9,388.67,0.0699,synthetic_fabricated_from_policy_context,NERC publications; media reports
2025-03-01,EKEDC,Premium,residential,316.16,1027.46,0.2432,synthetic_fabricated_from_policy_context,NERC publications; media reports
2025-03-01,EKEDC,Premium,commercial,347.78,1427.74,0.2675,synthetic_fabricated_from_policy_context,NERC publications; media reports
2025-03-01,EKEDC,Premium,industrial,363.59,1613.96,0.2797,synthetic_fabricated_from_policy_context,NERC publications; media reports
2025-03-01,IBEDC,A,residential,197.94,744.92,0.1523,synthetic_fabricated_from_policy_context,NERC publications; media reports
2025-03-01,IBEDC,A,commercial,217.73,755.14,0.1675,synthetic_fabricated_from_policy_context,NERC publications; media reports
2025-03-01,IBEDC,A,industrial,227.63,745.15,0.1751,synthetic_fabricated_from_policy_context,NERC publications; media reports
2025-03-01,IBEDC,B,residential,158.35,681.19,0.1218,synthetic_fabricated_from_policy_context,NERC publications; media reports
2025-03-01,IBEDC,B,commercial,174.19,789.52,0.134,synthetic_fabricated_from_policy_context,NERC publications; media reports
2025-03-01,IBEDC,B,industrial,182.1,588.87,0.1401,synthetic_fabricated_from_policy_context,NERC publications; media reports
2025-03-01,IBEDC,C,residential,126.68,435.26,0.0974,synthetic_fabricated_from_policy_context,NERC publications; media reports
2025-03-01,IBEDC,C,commercial,139.35,482.05,0.1072,synthetic_fabricated_from_policy_context,NERC publications; media reports
2025-03-01,IBEDC,C,industrial,145.68,528.96,0.1121,synthetic_fabricated_from_policy_context,NERC publications; media reports
2025-03-01,IBEDC,D,residential,102.93,438.44,0.0792,synthetic_fabricated_from_policy_context,NERC publications; media reports
2025-03-01,IBEDC,D,commercial,113.22,400.21,0.0871,synthetic_fabricated_from_policy_context,NERC publications; media reports
2025-03-01,IBEDC,D,industrial,118.37,426.15,0.0911,synthetic_fabricated_from_policy_context,NERC publications; media reports
2025-03-01,IBEDC,E,residential,79.18,269.49,0.0609,synthetic_fabricated_from_policy_context,NERC publications; media reports
2025-03-01,IBEDC,E,commercial,87.09,310.65,0.067,synthetic_fabricated_from_policy_context,NERC publications; media reports
2025-03-01,IBEDC,E,industrial,91.05,320.91,0.07,synthetic_fabricated_from_policy_context,NERC publications; media reports
2025-03-01,IBEDC,Premium,residential,316.7,1154.05,0.2436,synthetic_fabricated_from_policy_context,NERC publications; media reports
2025-03-01,IBEDC,Premium,commercial,348.37,1433.9,0.268,synthetic_fabricated_from_policy_context,NERC publications; media reports
2025-03-01,IBEDC,Premium,industrial,364.21,1633.18,0.2802,synthetic_fabricated_from_policy_context,NERC publications; media reports
2025-03-01,IKEDC,A,residential,199.03,766.61,0.1531,synthetic_fabricated_from_policy_context,NERC publications; media reports
2025-03-01,IKEDC,A,commercial,218.93,936.22,0.1684,synthetic_fabricated_from_policy_context,NERC publications; media reports
2025-03-01,IKEDC,A,industrial,228.88,820.59,0.1761,synthetic_fabricated_from_policy_context,NERC publications; media reports
2025-03-01,IKEDC,B,residential,159.22,633.77,0.1225,synthetic_fabricated_from_policy_context,NERC publications; media reports
2025-03-01,IKEDC,B,commercial,175.14,694.56,0.1347,synthetic_fabricated_from_policy_context,NERC publications; media reports
2025-03-01,IKEDC,B,industrial,183.11,574.64,0.1409,synthetic_fabricated_from_policy_context,NERC publications; media reports
2025-03-01,IKEDC,C,residential,127.38,450.81,0.098,synthetic_fabricated_from_policy_context,NERC publications; media reports
2025-03-01,IKEDC,C,commercial,140.12,559.07,0.1078,synthetic_fabricated_from_policy_context,NERC publications; media reports
2025-03-01,IKEDC,C,industrial,146.48,462.85,0.1127,synthetic_fabricated_from_policy_context,NERC publications; media reports
2025-03-01,IKEDC,D,residential,103.49,341.39,0.0796,synthetic_fabricated_from_policy_context,NERC publications; media reports
2025-03-01,IKEDC,D,commercial,113.84,404.47,0.0876,synthetic_fabricated_from_policy_context,NERC publications; media reports
2025-03-01,IKEDC,D,industrial,119.02,496.05,0.0916,synthetic_fabricated_from_policy_context,NERC publications; media reports
2025-03-01,IKEDC,E,residential,79.61,276.98,0.0612,synthetic_fabricated_from_policy_context,NERC publications; media reports
2025-03-01,IKEDC,E,commercial,87.57,311.62,0.0674,synthetic_fabricated_from_policy_context,NERC publications; media reports
2025-03-01,IKEDC,E,industrial,91.55,317.71,0.0704,synthetic_fabricated_from_policy_context,NERC publications; media reports
2025-03-01,IKEDC,Premium,residential,318.45,1115.39,0.245,synthetic_fabricated_from_policy_context,NERC publications; media reports
2025-03-01,IKEDC,Premium,commercial,350.29,1123.4,0.2695,synthetic_fabricated_from_policy_context,NERC publications; media reports
2025-03-01,IKEDC,Premium,industrial,366.21,1106.9,0.2817,synthetic_fabricated_from_policy_context,NERC publications; media reports
2025-03-01,JED,A,residential,214.78,893.01,0.1652,synthetic_fabricated_from_policy_context,NERC publications; media reports
2025-03-01,JED,A,commercial,236.26,867.84,0.1817,synthetic_fabricated_from_policy_context,NERC publications; media reports
2025-03-01,JED,A,industrial,247.0,789.34,0.19,synthetic_fabricated_from_policy_context,NERC publications; media reports
2025-03-01,JED,B,residential,171.83,568.06,0.1322,synthetic_fabricated_from_policy_context,NERC publications; media reports
2025-03-01,JED,B,commercial,189.01,758.17,0.1454,synthetic_fabricated_from_policy_context,NERC publications; media reports
2025-03-01,JED,B,industrial,197.6,558.14,0.152,synthetic_fabricated_from_policy_context,NERC publications; media reports
2025-03-01,JED,C,residential,137.46,468.98,0.1057,synthetic_fabricated_from_policy_context,NERC publications; media reports
2025-03-01,JED,C,commercial,151.21,546.25,0.1163,synthetic_fabricated_from_policy_context,NERC publications; media reports
2025-03-01,JED,C,industrial,158.08,526.46,0.1216,synthetic_fabricated_from_policy_context,NERC publications; media reports
2025-03-01,JED,D,residential,111.69,454.46,0.0859,synthetic_fabricated_from_policy_context,NERC publications; media reports
2025-03-01,JED,D,commercial,122.86,405.91,0.0945,synthetic_fabricated_from_policy_context,NERC publications; media reports
2025-03-01,JED,D,industrial,128.44,503.33,0.0988,synthetic_fabricated_from_policy_context,NERC publications; media reports
2025-03-01,JED,E,residential,85.91,310.48,0.0661,synthetic_fabricated_from_policy_context,NERC publications; media reports
2025-03-01,JED,E,commercial,94.51,305.11,0.0727,synthetic_fabricated_from_policy_context,NERC publications; media reports
2025-03-01,JED,E,industrial,98.8,371.65,0.076,synthetic_fabricated_from_policy_context,NERC publications; media reports
2025-03-01,JED,Premium,residential,343.66,979.18,0.2644,synthetic_fabricated_from_policy_context,NERC publications; media reports
2025-03-01,JED,Premium,commercial,378.02,1090.47,0.2908,synthetic_fabricated_from_policy_context,NERC publications; media reports
2025-03-01,JED,Premium,industrial,395.2,1259.23,0.304,synthetic_fabricated_from_policy_context,NERC publications; media reports
2025-03-01,KAEDCO,A,residential,214.12,883.81,0.1647,synthetic_fabricated_from_policy_context,NERC publications; media reports
2025-03-01,KAEDCO,A,commercial,235.53,871.81,0.1812,synthetic_fabricated_from_policy_context,NERC publications; media reports
2025-03-01,KAEDCO,A,industrial,246.24,1001.35,0.1894,synthetic_fabricated_from_policy_context,NERC publications; media reports
2025-03-01,KAEDCO,B,residential,171.3,617.37,0.1318,synthetic_fabricated_from_policy_context,NERC publications; media reports
2025-03-01,KAEDCO,B,commercial,188.43,655.31,0.1449,synthetic_fabricated_from_policy_context,NERC publications; media reports
2025-03-01,KAEDCO,B,industrial,196.99,594.53,0.1515,synthetic_fabricated_from_policy_context,NERC publications; media reports
2025-03-01,KAEDCO,C,residential,137.04,513.65,0.1054,synthetic_fabricated_from_policy_context,NERC publications; media reports
2025-03-01,KAEDCO,C,commercial,150.74,604.36,0.116,synthetic_fabricated_from_policy_context,NERC publications; media reports
2025-03-01,KAEDCO,C,industrial,157.59,652.96,0.1212,synthetic_fabricated_from_policy_context,NERC publications; media reports
2025-03-01,KAEDCO,D,residential,111.34,340.6,0.0856,synthetic_fabricated_from_policy_context,NERC publications; media reports
2025-03-01,KAEDCO,D,commercial,122.48,360.01,0.0942,synthetic_fabricated_from_policy_context,NERC publications; media reports
2025-03-01,KAEDCO,D,industrial,128.05,470.71,0.0985,synthetic_fabricated_from_policy_context,NERC publications; media reports
2025-03-01,KAEDCO,E,residential,85.65,313.87,0.0659,synthetic_fabricated_from_policy_context,NERC publications; media reports
2025-03-01,KAEDCO,E,commercial,94.21,337.29,0.0725,synthetic_fabricated_from_policy_context,NERC publications; media reports
2025-03-01,KAEDCO,E,industrial,98.5,406.85,0.0758,synthetic_fabricated_from_policy_context,NERC publications; media reports
2025-03-01,KAEDCO,Premium,residential,342.6,1399.12,0.2635,synthetic_fabricated_from_policy_context,NERC publications; media reports
2025-03-01,KAEDCO,Premium,commercial,376.86,1207.0,0.2899,synthetic_fabricated_from_policy_context,NERC publications; media reports
2025-03-01,KAEDCO,Premium,industrial,393.98,1162.34,0.3031,synthetic_fabricated_from_policy_context,NERC publications; media reports
2025-03-01,KEDCO,A,residential,211.12,739.71,0.1624,synthetic_fabricated_from_policy_context,NERC publications; media reports
2025-03-01,KEDCO,A,commercial,232.23,722.28,0.1786,synthetic_fabricated_from_policy_context,NERC publications; media reports
2025-03-01,KEDCO,A,industrial,242.78,969.91,0.1868,synthetic_fabricated_from_policy_context,NERC publications; media reports
2025-03-01,KEDCO,B,residential,168.89,629.32,0.1299,synthetic_fabricated_from_policy_context,NERC publications; media reports
2025-03-01,KEDCO,B,commercial,185.78,780.01,0.1429,synthetic_fabricated_from_policy_context,NERC publications; media reports
2025-03-01,KEDCO,B,industrial,194.23,800.16,0.1494,synthetic_fabricated_from_policy_context,NERC publications; media reports
2025-03-01,KEDCO,C,residential,135.11,502.53,0.1039,synthetic_fabricated_from_policy_context,NERC publications; media reports
2025-03-01,KEDCO,C,commercial,148.63,502.01,0.1143,synthetic_fabricated_from_policy_context,NERC publications; media reports
2025-03-01,KEDCO,C,industrial,155.38,465.5,0.1195,synthetic_fabricated_from_policy_context,NERC publications; media reports
2025-03-01,KEDCO,D,residential,109.78,395.15,0.0844,synthetic_fabricated_from_policy_context,NERC publications; media reports
2025-03-01,KEDCO,D,commercial,120.76,506.91,0.0929,synthetic_fabricated_from_policy_context,NERC publications; media reports
2025-03-01,KEDCO,D,industrial,126.25,481.27,0.0971,synthetic_fabricated_from_policy_context,NERC publications; media reports
2025-03-01,KEDCO,E,residential,84.45,304.0,0.065,synthetic_fabricated_from_policy_context,NERC publications; media reports
2025-03-01,KEDCO,E,commercial,92.89,318.16,0.0715,synthetic_fabricated_from_policy_context,NERC publications; media reports
2025-03-01,KEDCO,E,industrial,97.11,314.29,0.0747,synthetic_fabricated_from_policy_context,NERC publications; media reports
2025-03-01,KEDCO,Premium,residential,337.79,1073.4,0.2598,synthetic_fabricated_from_policy_context,NERC publications; media reports
2025-03-01,KEDCO,Premium,commercial,371.57,1506.36,0.2858,synthetic_fabricated_from_policy_context,NERC publications; media reports
2025-03-01,KEDCO,Premium,industrial,388.45,1564.37,0.2988,synthetic_fabricated_from_policy_context,NERC publications; media reports
2025-03-01,PHED,A,residential,207.19,847.41,0.1594,synthetic_fabricated_from_policy_context,NERC publications; media reports
2025-03-01,PHED,A,commercial,227.91,908.72,0.1753,synthetic_fabricated_from_policy_context,NERC publications; media reports
2025-03-01,PHED,A,industrial,238.27,1010.83,0.1833,synthetic_fabricated_from_policy_context,NERC publications; media reports
2025-03-01,PHED,B,residential,165.75,702.72,0.1275,synthetic_fabricated_from_policy_context,NERC publications; media reports
2025-03-01,PHED,B,commercial,182.33,559.49,0.1403,synthetic_fabricated_from_policy_context,NERC publications; media reports
2025-03-01,PHED,B,industrial,190.61,683.1,0.1466,synthetic_fabricated_from_policy_context,NERC publications; media reports
2025-03-01,PHED,C,residential,132.6,437.88,0.102,synthetic_fabricated_from_policy_context,NERC publications; media reports
2025-03-01,PHED,C,commercial,145.86,582.16,0.1122,synthetic_fabricated_from_policy_context,NERC publications; media reports
2025-03-01,PHED,C,industrial,152.49,450.59,0.1173,synthetic_fabricated_from_policy_context,NERC publications; media reports
2025-03-01,PHED,D,residential,107.74,393.03,0.0829,synthetic_fabricated_from_policy_context,NERC publications; media reports
2025-03-01,PHED,D,commercial,118.51,410.88,0.0912,synthetic_fabricated_from_policy_context,NERC publications; media reports
2025-03-01,PHED,D,industrial,123.9,527.18,0.0953,synthetic_fabricated_from_policy_context,NERC publications; media reports
2025-03-01,PHED,E,residential,82.88,256.64,0.0638,synthetic_fabricated_from_policy_context,NERC publications; media reports
2025-03-01,PHED,E,commercial,91.16,303.27,0.0701,synthetic_fabricated_from_policy_context,NERC publications; media reports
2025-03-01,PHED,E,industrial,95.31,299.85,0.0733,synthetic_fabricated_from_policy_context,NERC publications; media reports
2025-03-01,PHED,Premium,residential,331.5,1192.47,0.255,synthetic_fabricated_from_policy_context,NERC publications; media reports
2025-03-01,PHED,Premium,commercial,364.65,1353.44,0.2805,synthetic_fabricated_from_policy_context,NERC publications; media reports
2025-03-01,PHED,Premium,industrial,381.23,1603.03,0.2933,synthetic_fabricated_from_policy_context,NERC publications; media reports
2025-03-01,YEDC,A,residential,185.55,880.2,0.1427,synthetic_fabricated_from_policy_context,NERC publications; media reports
2025-03-01,YEDC,A,commercial,204.1,868.61,0.157,synthetic_fabricated_from_policy_context,NERC publications; media reports
2025-03-01,YEDC,A,industrial,213.38,719.93,0.1641,synthetic_fabricated_from_policy_context,NERC publications; media reports
2025-03-01,YEDC,B,residential,148.44,591.52,0.1142,synthetic_fabricated_from_policy_context,NERC publications; media reports
2025-03-01,YEDC,B,commercial,163.28,786.44,0.1256,synthetic_fabricated_from_policy_context,NERC publications; media reports
2025-03-01,YEDC,B,industrial,170.7,623.34,0.1313,synthetic_fabricated_from_policy_context,NERC publications; media reports
2025-03-01,YEDC,C,residential,118.75,387.06,0.0913,synthetic_fabricated_from_policy_context,NERC publications; media reports
2025-03-01,YEDC,C,commercial,130.63,436.61,0.1005,synthetic_fabricated_from_policy_context,NERC publications; media reports
2025-03-01,YEDC,C,industrial,136.56,621.99,0.105,synthetic_fabricated_from_policy_context,NERC publications; media reports
2025-03-01,YEDC,D,residential,96.49,363.18,0.0742,synthetic_fabricated_from_policy_context,NERC publications; media reports
2025-03-01,YEDC,D,commercial,106.13,442.21,0.0816,synthetic_fabricated_from_policy_context,NERC publications; media reports
2025-03-01,YEDC,D,industrial,110.96,464.13,0.0854,synthetic_fabricated_from_policy_context,NERC publications; media reports
2025-03-01,YEDC,E,residential,74.22,272.3,0.0571,synthetic_fabricated_from_policy_context,NERC publications; media reports
2025-03-01,YEDC,E,commercial,81.64,383.92,0.0628,synthetic_fabricated_from_policy_context,NERC publications; media reports
2025-03-01,YEDC,E,industrial,85.35,371.21,0.0657,synthetic_fabricated_from_policy_context,NERC publications; media reports
2025-03-01,YEDC,Premium,residential,296.88,1304.94,0.2284,synthetic_fabricated_from_policy_context,NERC publications; media reports
2025-03-01,YEDC,Premium,commercial,326.56,1461.96,0.2512,synthetic_fabricated_from_policy_context,NERC publications; media reports
2025-03-01,YEDC,Premium,industrial,341.41,1151.09,0.2626,synthetic_fabricated_from_policy_context,NERC publications; media reports
2025-04-01,AEDC,A,residential,193.95,849.57,0.1492,synthetic_fabricated_from_policy_context,NERC publications; media reports
2025-04-01,AEDC,A,commercial,213.35,877.39,0.1641,synthetic_fabricated_from_policy_context,NERC publications; media reports
2025-04-01,AEDC,A,industrial,223.05,788.48,0.1716,synthetic_fabricated_from_policy_context,NERC publications; media reports
2025-04-01,AEDC,B,residential,155.16,661.28,0.1194,synthetic_fabricated_from_policy_context,NERC publications; media reports
2025-04-01,AEDC,B,commercial,170.68,691.12,0.1313,synthetic_fabricated_from_policy_context,NERC publications; media reports
2025-04-01,AEDC,B,industrial,178.44,648.64,0.1373,synthetic_fabricated_from_policy_context,NERC publications; media reports
2025-04-01,AEDC,C,residential,124.13,573.23,0.0955,synthetic_fabricated_from_policy_context,NERC publications; media reports
2025-04-01,AEDC,C,commercial,136.54,510.09,0.105,synthetic_fabricated_from_policy_context,NERC publications; media reports
2025-04-01,AEDC,C,industrial,142.75,628.71,0.1098,synthetic_fabricated_from_policy_context,NERC publications; media reports
2025-04-01,AEDC,D,residential,100.86,324.73,0.0776,synthetic_fabricated_from_policy_context,NERC publications; media reports
2025-04-01,AEDC,D,commercial,110.94,486.86,0.0853,synthetic_fabricated_from_policy_context,NERC publications; media reports
2025-04-01,AEDC,D,industrial,115.98,383.31,0.0892,synthetic_fabricated_from_policy_context,NERC publications; media reports
2025-04-01,AEDC,E,residential,77.58,273.24,0.0597,synthetic_fabricated_from_policy_context,NERC publications; media reports
2025-04-01,AEDC,E,commercial,85.34,354.39,0.0656,synthetic_fabricated_from_policy_context,NERC publications; media reports
2025-04-01,AEDC,E,industrial,89.22,355.86,0.0686,synthetic_fabricated_from_policy_context,NERC publications; media reports
2025-04-01,AEDC,Premium,residential,310.33,1399.51,0.2387,synthetic_fabricated_from_policy_context,NERC publications; media reports
2025-04-01,AEDC,Premium,commercial,341.36,1392.44,0.2626,synthetic_fabricated_from_policy_context,NERC publications; media reports
2025-04-01,AEDC,Premium,industrial,356.88,1566.58,0.2745,synthetic_fabricated_from_policy_context,NERC publications; media reports
2025-04-01,BEDC,A,residential,211.6,787.28,0.1628,synthetic_fabricated_from_policy_context,NERC publications; media reports
2025-04-01,BEDC,A,commercial,232.76,895.28,0.179,synthetic_fabricated_from_policy_context,NERC publications; media reports
2025-04-01,BEDC,A,industrial,243.33,915.56,0.1872,synthetic_fabricated_from_policy_context,NERC publications; media reports
2025-04-01,BEDC,B,residential,169.28,541.13,0.1302,synthetic_fabricated_from_policy_context,NERC publications; media reports
2025-04-01,BEDC,B,commercial,186.2,618.9,0.1432,synthetic_fabricated_from_policy_context,NERC publications; media reports
2025-04-01,BEDC,B,industrial,194.67,746.98,0.1497,synthetic_fabricated_from_policy_context,NERC publications; media reports
2025-04-01,BEDC,C,residential,135.42,388.64,0.1042,synthetic_fabricated_from_policy_context,NERC publications; media reports
2025-04-01,BEDC,C,commercial,148.96,531.47,0.1146,synthetic_fabricated_from_policy_context,NERC publications; media reports
2025-04-01,BEDC,C,industrial,155.73,538.52,0.1198,synthetic_fabricated_from_policy_context,NERC publications; media reports
2025-04-01,BEDC,D,residential,110.03,462.79,0.0846,synthetic_fabricated_from_policy_context,NERC publications; media reports
2025-04-01,BEDC,D,commercial,121.03,363.6,0.0931,synthetic_fabricated_from_policy_context,NERC publications; media reports
2025-04-01,BEDC,D,industrial,126.53,448.76,0.0973,synthetic_fabricated_from_policy_context,NERC publications; media reports
2025-04-01,BEDC,E,residential,84.64,284.44,0.0651,synthetic_fabricated_from_policy_context,NERC publications; media reports
2025-04-01,BEDC,E,commercial,93.1,339.78,0.0716,synthetic_fabricated_from_policy_context,NERC publications; media reports
2025-04-01,BEDC,E,industrial,97.33,290.33,0.0749,synthetic_fabricated_from_policy_context,NERC publications; media reports
2025-04-01,BEDC,Premium,residential,338.55,1112.81,0.2604,synthetic_fabricated_from_policy_context,NERC publications; media reports
2025-04-01,BEDC,Premium,commercial,372.41,1290.5,0.2865,synthetic_fabricated_from_policy_context,NERC publications; media reports
2025-04-01,BEDC,Premium,industrial,389.34,1647.88,0.2995,synthetic_fabricated_from_policy_context,NERC publications; media reports
2025-04-01,EEDC,A,residential,231.08,712.08,0.1778,synthetic_fabricated_from_policy_context,NERC publications; media reports
2025-04-01,EEDC,A,commercial,254.18,723.96,0.1955,synthetic_fabricated_from_policy_context,NERC publications; media reports
2025-04-01,EEDC,A,industrial,265.74,894.88,0.2044,synthetic_fabricated_from_policy_context,NERC publications; media reports
2025-04-01,EEDC,B,residential,184.86,486.78,0.1422,synthetic_fabricated_from_policy_context,NERC publications; media reports
2025-04-01,EEDC,B,commercial,203.35,560.64,0.1564,synthetic_fabricated_from_policy_context,NERC publications; media reports
2025-04-01,EEDC,B,industrial,212.59,661.52,0.1635,synthetic_fabricated_from_policy_context,NERC publications; media reports
2025-04-01,EEDC,C,residential,147.89,543.92,0.1138,synthetic_fabricated_from_policy_context,NERC publications; media reports
2025-04-01,EEDC,C,commercial,162.68,622.03,0.1251,synthetic_fabricated_from_policy_context,NERC publications; media reports
2025-04-01,EEDC,C,industrial,170.07,528.75,0.1308,synthetic_fabricated_from_policy_context,NERC publications; media reports
2025-04-01,EEDC,D,residential,120.16,343.46,0.0924,synthetic_fabricated_from_policy_context,NERC publications; media reports
2025-04-01,EEDC,D,commercial,132.18,357.92,0.1017,synthetic_fabricated_from_policy_context,NERC publications; media reports
2025-04-01,EEDC,D,industrial,138.18,480.01,0.1063,synthetic_fabricated_from_policy_context,NERC publications; media reports
2025-04-01,EEDC,E,residential,92.43,336.93,0.0711,synthetic_fabricated_from_policy_context,NERC publications; media reports
2025-04-01,EEDC,E,commercial,101.67,366.3,0.0782,synthetic_fabricated_from_policy_context,NERC publications; media reports
2025-04-01,EEDC,E,industrial,106.3,286.82,0.0818,synthetic_fabricated_from_policy_context,NERC publications; media reports
2025-04-01,EEDC,Premium,residential,369.72,1058.33,0.2844,synthetic_fabricated_from_policy_context,NERC publications; media reports
2025-04-01,EEDC,Premium,commercial,406.7,1142.33,0.3128,synthetic_fabricated_from_policy_context,NERC publications; media reports
2025-04-01,EEDC,Premium,industrial,425.18,1282.65,0.3271,synthetic_fabricated_from_policy_context,NERC publications; media reports
2025-04-01,EKEDC,A,residential,189.48,781.79,0.1458,synthetic_fabricated_from_policy_context,NERC publications; media reports
2025-04-01,EKEDC,A,commercial,208.43,969.02,0.1603,synthetic_fabricated_from_policy_context,NERC publications; media reports
2025-04-01,EKEDC,A,industrial,217.9,1005.27,0.1676,synthetic_fabricated_from_policy_context,NERC publications; media reports
2025-04-01,EKEDC,B,residential,151.58,520.74,0.1166,synthetic_fabricated_from_policy_context,NERC publications; media reports
2025-04-01,EKEDC,B,commercial,166.74,694.68,0.1283,synthetic_fabricated_from_policy_context,NERC publications; media reports
2025-04-01,EKEDC,B,industrial,174.32,805.61,0.1341,synthetic_fabricated_from_policy_context,NERC publications; media reports
2025-04-01,EKEDC,C,residential,121.27,406.83,0.0933,synthetic_fabricated_from_policy_context,NERC publications; media reports
2025-04-01,EKEDC,C,commercial,133.39,443.0,0.1026,synthetic_fabricated_from_policy_context,NERC publications; media reports
2025-04-01,EKEDC,C,industrial,139.46,458.75,0.1073,synthetic_fabricated_from_policy_context,NERC publications; media reports
2025-04-01,EKEDC,D,residential,98.53,394.93,0.0758,synthetic_fabricated_from_policy_context,NERC publications; media reports
2025-04-01,EKEDC,D,commercial,108.38,431.02,0.0834,synthetic_fabricated_from_policy_context,NERC publications; media reports
2025-04-01,EKEDC,D,industrial,113.31,509.68,0.0872,synthetic_fabricated_from_policy_context,NERC publications; media reports
2025-04-01,EKEDC,E,residential,75.79,261.23,0.0583,synthetic_fabricated_from_policy_context,NERC publications; media reports
2025-04-01,EKEDC,E,commercial,83.37,304.84,0.0641,synthetic_fabricated_from_policy_context,NERC publications; media reports
2025-04-01,EKEDC,E,industrial,87.16,332.05,0.067,synthetic_fabricated_from_policy_context,NERC publications; media reports
2025-04-01,EKEDC,Premium,residential,303.16,1075.26,0.2332,synthetic_fabricated_from_policy_context,NERC publications; media reports
2025-04-01,EKEDC,Premium,commercial,333.48,1498.95,0.2565,synthetic_fabricated_from_policy_context,NERC publications; media reports
2025-04-01,EKEDC,Premium,industrial,348.64,1571.13,0.2682,synthetic_fabricated_from_policy_context,NERC publications; media reports
2025-04-01,IBEDC,A,residential,225.64,738.51,0.1736,synthetic_fabricated_from_policy_context,NERC publications; media reports
2025-04-01,IBEDC,A,commercial,248.2,879.8,0.1909,synthetic_fabricated_from_policy_context,NERC publications; media reports
2025-04-01,IBEDC,A,industrial,259.49,937.19,0.1996,synthetic_fabricated_from_policy_context,NERC publications; media reports
2025-04-01,IBEDC,B,residential,180.51,603.67,0.1389,synthetic_fabricated_from_policy_context,NERC publications; media reports
2025-04-01,IBEDC,B,commercial,198.56,710.05,0.1527,synthetic_fabricated_from_policy_context,NERC publications; media reports
2025-04-01,IBEDC,B,industrial,207.59,734.46,0.1597,synthetic_fabricated_from_policy_context,NERC publications; media reports
2025-04-01,IBEDC,C,residential,144.41,459.01,0.1111,synthetic_fabricated_from_policy_context,NERC publications; media reports
2025-04-01,IBEDC,C,commercial,158.85,424.29,0.1222,synthetic_fabricated_from_policy_context,NERC publications; media reports
2025-04-01,IBEDC,C,industrial,166.07,606.47,0.1277,synthetic_fabricated_from_policy_context,NERC publications; media reports
2025-04-01,IBEDC,D,residential,117.33,385.81,0.0903,synthetic_fabricated_from_policy_context,NERC publications; media reports
2025-04-01,IBEDC,D,commercial,129.07,426.69,0.0993,synthetic_fabricated_from_policy_context,NERC publications; media reports
2025-04-01,IBEDC,D,industrial,134.93,360.47,0.1038,synthetic_fabricated_from_policy_context,NERC publications; media reports
2025-04-01,IBEDC,E,residential,90.26,340.12,0.0694,synthetic_fabricated_from_policy_context,NERC publications; media reports
2025-04-01,IBEDC,E,commercial,99.28,285.76,0.0764,synthetic_fabricated_from_policy_context,NERC publications; media reports
2025-04-01,IBEDC,E,industrial,103.79,375.99,0.0798,synthetic_fabricated_from_policy_context,NERC publications; media reports
2025-04-01,IBEDC,Premium,residential,361.03,1191.58,0.2777,synthetic_fabricated_from_policy_context,NERC publications; media reports
2025-04-01,IBEDC,Premium,commercial,397.13,1121.08,0.3055,synthetic_fabricated_from_policy_context,NERC publications; media reports
2025-04-01,IBEDC,Premium,industrial,415.18,1440.68,0.3194,synthetic_fabricated_from_policy_context,NERC publications; media reports
2025-04-01,IKEDC,A,residential,208.94,847.8,0.1607,synthetic_fabricated_from_policy_context,NERC publications; media reports
2025-04-01,IKEDC,A,commercial,229.83,903.6,0.1768,synthetic_fabricated_from_policy_context,NERC publications; media reports
2025-04-01,IKEDC,A,industrial,240.28,780.44,0.1848,synthetic_fabricated_from_policy_context,NERC publications; media reports
2025-04-01,IKEDC,B,residential,167.15,683.26,0.1286,synthetic_fabricated_from_policy_context,NERC publications; media reports
2025-04-01,IKEDC,B,commercial,183.86,663.82,0.1414,synthetic_fabricated_from_policy_context,NERC publications; media reports
2025-04-01,IKEDC,B,industrial,192.22,615.94,0.1479,synthetic_fabricated_from_policy_context,NERC publications; media reports
2025-04-01,IKEDC,C,residential,133.72,541.35,0.1029,synthetic_fabricated_from_policy_context,NERC publications; media reports
2025-04-01,IKEDC,C,commercial,147.09,478.35,0.1131,synthetic_fabricated_from_policy_context,NERC publications; media reports
2025-04-01,IKEDC,C,industrial,153.78,519.69,0.1183,synthetic_fabricated_from_policy_context,NERC publications; media reports
2025-04-01,IKEDC,D,residential,108.65,345.3,0.0836,synthetic_fabricated_from_policy_context,NERC publications; media reports
2025-04-01,IKEDC,D,commercial,119.51,491.11,0.0919,synthetic_fabricated_from_policy_context,NERC publications; media reports
2025-04-01,IKEDC,D,industrial,124.94,497.35,0.0961,synthetic_fabricated_from_policy_context,NERC publications; media reports
2025-04-01,IKEDC,E,residential,83.57,343.56,0.0643,synthetic_fabricated_from_policy_context,NERC publications; media reports
2025-04-01,IKEDC,E,commercial,91.93,314.76,0.0707,synthetic_fabricated_from_policy_context,NERC publications; media reports
2025-04-01,IKEDC,E,industrial,96.11,310.09,0.0739,synthetic_fabricated_from_policy_context,NERC publications; media reports
2025-04-01,IKEDC,Premium,residential,334.3,1437.06,0.2572,synthetic_fabricated_from_policy_context,NERC publications; media reports
2025-04-01,IKEDC,Premium,commercial,367.73,1236.48,0.2829,synthetic_fabricated_from_policy_context,NERC publications; media reports
2025-04-01,IKEDC,Premium,industrial,384.44,1510.54,0.2957,synthetic_fabricated_from_policy_context,NERC publications; media reports
2025-04-01,JED,A,residential,213.0,681.59,0.1638,synthetic_fabricated_from_policy_context,NERC publications; media reports
2025-04-01,JED,A,commercial,234.3,795.82,0.1802,synthetic_fabricated_from_policy_context,NERC publications; media reports
2025-04-01,JED,A,industrial,244.95,996.68,0.1884,synthetic_fabricated_from_policy_context,NERC publications; media reports
2025-04-01,JED,B,residential,170.4,712.14,0.1311,synthetic_fabricated_from_policy_context,NERC publications; media reports
2025-04-01,JED,B,commercial,187.44,778.73,0.1442,synthetic_fabricated_from_policy_context,NERC publications; media reports
2025-04-01,JED,B,industrial,195.96,588.18,0.1507,synthetic_fabricated_from_policy_context,NERC publications; media reports
2025-04-01,JED,C,residential,136.32,465.23,0.1049,synthetic_fabricated_from_policy_context,NERC publications; media reports
2025-04-01,JED,C,commercial,149.95,626.89,0.1153,synthetic_fabricated_from_policy_context,NERC publications; media reports
2025-04-01,JED,C,industrial,156.77,500.67,0.1206,synthetic_fabricated_from_policy_context,NERC publications; media reports
2025-04-01,JED,D,residential,110.76,362.53,0.0852,synthetic_fabricated_from_policy_context,NERC publications; media reports
2025-04-01,JED,D,commercial,121.84,457.19,0.0937,synthetic_fabricated_from_policy_context,NERC publications; media reports
2025-04-01,JED,D,industrial,127.38,401.99,0.098,synthetic_fabricated_from_policy_context,NERC publications; media reports
2025-04-01,JED,E,residential,85.2,247.47,0.0655,synthetic_fabricated_from_policy_context,NERC publications; media reports
2025-04-01,JED,E,commercial,93.72,268.69,0.0721,synthetic_fabricated_from_policy_context,NERC publications; media reports
2025-04-01,JED,E,industrial,97.98,308.98,0.0754,synthetic_fabricated_from_policy_context,NERC publications; media reports
2025-04-01,JED,Premium,residential,340.8,1433.92,0.2622,synthetic_fabricated_from_policy_context,NERC publications; media reports
2025-04-01,JED,Premium,commercial,374.88,1415.79,0.2884,synthetic_fabricated_from_policy_context,NERC publications; media reports
2025-04-01,JED,Premium,industrial,391.92,1305.76,0.3015,synthetic_fabricated_from_policy_context,NERC publications; media reports
2025-04-01,KAEDCO,A,residential,201.03,736.82,0.1546,synthetic_fabricated_from_policy_context,NERC publications; media reports
2025-04-01,KAEDCO,A,commercial,221.14,926.36,0.1701,synthetic_fabricated_from_policy_context,NERC publications; media reports
2025-04-01,KAEDCO,A,industrial,231.19,1027.66,0.1778,synthetic_fabricated_from_policy_context,NERC publications; media reports
2025-04-01,KAEDCO,B,residential,160.83,692.82,0.1237,synthetic_fabricated_from_policy_context,NERC publications; media reports
2025-04-01,KAEDCO,B,commercial,176.91,542.09,0.1361,synthetic_fabricated_from_policy_context,NERC publications; media reports
2025-04-01,KAEDCO,B,industrial,184.95,629.94,0.1423,synthetic_fabricated_from_policy_context,NERC publications; media reports
2025-04-01,KAEDCO,C,residential,128.66,515.35,0.099,synthetic_fabricated_from_policy_context,NERC publications; media reports
2025-04-01,KAEDCO,C,commercial,141.53,472.17,0.1089,synthetic_fabricated_from_policy_context,NERC publications; media reports
2025-04-01,KAEDCO,C,industrial,147.96,487.11,0.1138,synthetic_fabricated_from_policy_context,NERC publications; media reports
2025-04-01,KAEDCO,D,residential,104.54,400.22,0.0804,synthetic_fabricated_from_policy_context,NERC publications; media reports
2025-04-01,KAEDCO,D,commercial,114.99,450.26,0.0885,synthetic_fabricated_from_policy_context,NERC publications; media reports
2025-04-01,KAEDCO,D,industrial,120.22,464.47,0.0925,synthetic_fabricated_from_policy_context,NERC publications; media reports
2025-04-01,KAEDCO,E,residential,80.41,332.08,0.0619,synthetic_fabricated_from_policy_context,NERC publications; media reports
2025-04-01,KAEDCO,E,commercial,88.45,389.83,0.068,synthetic_fabricated_from_policy_context,NERC publications; media reports
2025-04-01,KAEDCO,E,industrial,92.47,357.11,0.0711,synthetic_fabricated_from_policy_context,NERC publications; media reports
2025-04-01,KAEDCO,Premium,residential,321.65,1334.85,0.2474,synthetic_fabricated_from_policy_context,NERC publications; media reports
2025-04-01,KAEDCO,Premium,commercial,353.82,1168.18,0.2722,synthetic_fabricated_from_policy_context,NERC publications; media reports
2025-04-01,KAEDCO,Premium,industrial,369.9,1388.79,0.2845,synthetic_fabricated_from_policy_context,NERC publications; media reports
2025-04-01,KEDCO,A,residential,219.29,685.69,0.1687,synthetic_fabricated_from_policy_context,NERC publications; media reports
2025-04-01,KEDCO,A,commercial,241.22,729.67,0.1856,synthetic_fabricated_from_policy_context,NERC publications; media reports
2025-04-01,KEDCO,A,industrial,252.19,822.97,0.194,synthetic_fabricated_from_policy_context,NERC publications; media reports
2025-04-01,KEDCO,B,residential,175.43,518.69,0.1349,synthetic_fabricated_from_policy_context,NERC publications; media reports
2025-04-01,KEDCO,B,commercial,192.98,790.73,0.1484,synthetic_fabricated_from_policy_context,NERC publications; media reports
2025-04-01,KEDCO,B,industrial,201.75,711.81,0.1552,synthetic_fabricated_from_policy_context,NERC publications; media reports
2025-04-01,KEDCO,C,residential,140.35,384.92,0.108,synthetic_fabricated_from_policy_context,NERC publications; media reports
2025-04-01,KEDCO,C,commercial,154.38,592.26,0.1188,synthetic_fabricated_from_policy_context,NERC publications; media reports
2025-04-01,KEDCO,C,industrial,161.4,585.45,0.1242,synthetic_fabricated_from_policy_context,NERC publications; media reports
2025-04-01,KEDCO,D,residential,114.03,361.12,0.0877,synthetic_fabricated_from_policy_context,NERC publications; media reports
2025-04-01,KEDCO,D,commercial,125.44,513.4,0.0965,synthetic_fabricated_from_policy_context,NERC publications; media reports
2025-04-01,KEDCO,D,industrial,131.14,503.51,0.1009,synthetic_fabricated_from_policy_context,NERC publications; media reports
2025-04-01,KEDCO,E,residential,87.72,261.92,0.0675,synthetic_fabricated_from_policy_context,NERC publications; media reports
2025-04-01,KEDCO,E,commercial,96.49,287.66,0.0742,synthetic_fabricated_from_policy_context,NERC publications; media reports
2025-04-01,KEDCO,E,industrial,100.87,279.65,0.0776,synthetic_fabricated_from_policy_context,NERC publications; media reports
2025-04-01,KEDCO,Premium,residential,350.87,1021.5,0.2699,synthetic_fabricated_from_policy_context,NERC publications; media reports
2025-04-01,KEDCO,Premium,commercial,385.96,1341.27,0.2969,synthetic_fabricated_from_policy_context,NERC publications; media reports
2025-04-01,KEDCO,Premium,industrial,403.5,1452.93,0.3104,synthetic_fabricated_from_policy_context,NERC publications; media reports
2025-04-01,PHED,A,residential,221.2,891.71,0.1702,synthetic_fabricated_from_policy_context,NERC publications; media reports
2025-04-01,PHED,A,commercial,243.32,695.32,0.1872,synthetic_fabricated_from_policy_context,NERC publications; media reports
2025-04-01,PHED,A,industrial,254.38,763.12,0.1957,synthetic_fabricated_from_policy_context,NERC publications; media reports
2025-04-01,PHED,B,residential,176.96,625.34,0.1361,synthetic_fabricated_from_policy_context,NERC publications; media reports
2025-04-01,PHED,B,commercial,194.66,691.75,0.1497,synthetic_fabricated_from_policy_context,NERC publications; media reports
2025-04-01,PHED,B,industrial,203.5,698.77,0.1565,synthetic_fabricated_from_policy_context,NERC publications; media reports
2025-04-01,PHED,C,residential,141.57,448.08,0.1089,synthetic_fabricated_from_policy_context,NERC publications; media reports
2025-04-01,PHED,C,commercial,155.73,535.69,0.1198,synthetic_fabricated_from_policy_context,NERC publications; media reports
2025-04-01,PHED,C,industrial,162.8,521.55,0.1252,synthetic_fabricated_from_policy_context,NERC publications; media reports
2025-04-01,PHED,D,residential,115.02,333.04,0.0885,synthetic_fabricated_from_policy_context,NERC publications; media reports
2025-04-01,PHED,D,commercial,126.53,393.92,0.0973,synthetic_fabricated_from_policy_context,NERC publications; media reports
2025-04-01,PHED,D,industrial,132.28,537.63,0.1018,synthetic_fabricated_from_policy_context,NERC publications; media reports
2025-04-01,PHED,E,residential,88.48,333.59,0.0681,synthetic_fabricated_from_policy_context,NERC publications; media reports
2025-04-01,PHED,E,commercial,97.33,388.87,0.0749,synthetic_fabricated_from_policy_context,NERC publications; media reports
2025-04-01,PHED,E,industrial,101.75,324.97,0.0783,synthetic_fabricated_from_policy_context,NERC publications; media reports
2025-04-01,PHED,Premium,residential,353.92,1413.02,0.2722,synthetic_fabricated_from_policy_context,NERC publications; media reports
2025-04-01,PHED,Premium,commercial,389.31,1547.93,0.2995,synthetic_fabricated_from_policy_context,NERC publications; media reports
2025-04-01,PHED,Premium,industrial,407.01,1380.82,0.3131,synthetic_fabricated_from_policy_context,NERC publications; media reports
2025-04-01,YEDC,A,residential,232.07,811.47,0.1785,synthetic_fabricated_from_policy_context,NERC publications; media reports
2025-04-01,YEDC,A,commercial,255.27,965.79,0.1964,synthetic_fabricated_from_policy_context,NERC publications; media reports
2025-04-01,YEDC,A,industrial,266.88,1010.34,0.2053,synthetic_fabricated_from_policy_context,NERC publications; media reports
2025-04-01,YEDC,B,residential,185.65,627.89,0.1428,synthetic_fabricated_from_policy_context,NERC publications; media reports
2025-04-01,YEDC,B,commercial,204.22,626.09,0.1571,synthetic_fabricated_from_policy_context,NERC publications; media reports
2025-04-01,YEDC,B,industrial,213.5,564.32,0.1642,synthetic_fabricated_from_policy_context,NERC publications; media reports
2025-04-01,YEDC,C,residential,148.52,514.63,0.1142,synthetic_fabricated_from_policy_context,NERC publications; media reports
2025-04-01,YEDC,C,commercial,163.38,489.86,0.1257,synthetic_fabricated_from_policy_context,NERC publications; media reports
2025-04-01,YEDC,C,industrial,170.8,574.47,0.1314,synthetic_fabricated_from_policy_context,NERC publications; media reports
2025-04-01,YEDC,D,residential,120.67,330.1,0.0928,synthetic_fabricated_from_policy_context,NERC publications; media reports
2025-04-01,YEDC,D,commercial,132.74,402.08,0.1021,synthetic_fabricated_from_policy_context,NERC publications; media reports
2025-04-01,YEDC,D,industrial,138.78,407.93,0.1068,synthetic_fabricated_from_policy_context,NERC publications; media reports
2025-04-01,YEDC,E,residential,92.83,253.89,0.0714,synthetic_fabricated_from_policy_context,NERC publications; media reports
2025-04-01,YEDC,E,commercial,102.11,395.0,0.0785,synthetic_fabricated_from_policy_context,NERC publications; media reports
2025-04-01,YEDC,E,industrial,106.75,276.75,0.0821,synthetic_fabricated_from_policy_context,NERC publications; media reports
2025-04-01,YEDC,Premium,residential,371.31,1224.4,0.2856,synthetic_fabricated_from_policy_context,NERC publications; media reports
2025-04-01,YEDC,Premium,commercial,408.44,1504.93,0.3142,synthetic_fabricated_from_policy_context,NERC publications; media reports
2025-04-01,YEDC,Premium,industrial,427.0,1638.3,0.3285,synthetic_fabricated_from_policy_context,NERC publications; media reports
2025-05-01,AEDC,A,residential,199.9,696.42,0.1538,synthetic_fabricated_from_policy_context,NERC publications; media reports
2025-05-01,AEDC,A,commercial,219.89,854.27,0.1691,synthetic_fabricated_from_policy_context,NERC publications; media reports
2025-05-01,AEDC,A,industrial,229.89,834.67,0.1768,synthetic_fabricated_from_policy_context,NERC publications; media reports
2025-05-01,AEDC,B,residential,159.92,643.15,0.123,synthetic_fabricated_from_policy_context,NERC publications; media reports
2025-05-01,AEDC,B,commercial,175.91,593.94,0.1353,synthetic_fabricated_from_policy_context,NERC publications; media reports
2025-05-01,AEDC,B,industrial,183.91,692.62,0.1415,synthetic_fabricated_from_policy_context,NERC publications; media reports
2025-05-01,AEDC,C,residential,127.94,573.15,0.0984,synthetic_fabricated_from_policy_context,NERC publications; media reports
2025-05-01,AEDC,C,commercial,140.73,519.58,0.1083,synthetic_fabricated_from_policy_context,NERC publications; media reports
2025-05-01,AEDC,C,industrial,147.13,459.54,0.1132,synthetic_fabricated_from_policy_context,NERC publications; media reports
2025-05-01,AEDC,D,residential,103.95,367.16,0.08,synthetic_fabricated_from_policy_context,NERC publications; media reports
2025-05-01,AEDC,D,commercial,114.34,411.72,0.088,synthetic_fabricated_from_policy_context,NERC publications; media reports
2025-05-01,AEDC,D,industrial,119.54,514.97,0.092,synthetic_fabricated_from_policy_context,NERC publications; media reports
2025-05-01,AEDC,E,residential,79.96,259.02,0.0615,synthetic_fabricated_from_policy_context,NERC publications; media reports
2025-05-01,AEDC,E,commercial,87.96,338.89,0.0677,synthetic_fabricated_from_policy_context,NERC publications; media reports
2025-05-01,AEDC,E,industrial,91.95,412.37,0.0707,synthetic_fabricated_from_policy_context,NERC publications; media reports
2025-05-01,AEDC,Premium,residential,319.84,1023.01,0.246,synthetic_fabricated_from_policy_context,NERC publications; media reports
2025-05-01,AEDC,Premium,commercial,351.83,1465.43,0.2706,synthetic_fabricated_from_policy_context,NERC publications; media reports
2025-05-01,AEDC,Premium,industrial,367.82,1316.69,0.2829,synthetic_fabricated_from_policy_context,NERC publications; media reports
2025-05-01,BEDC,A,residential,190.13,867.11,0.1463,synthetic_fabricated_from_policy_context,NERC publications; media reports
2025-05-01,BEDC,A,commercial,209.14,978.26,0.1609,synthetic_fabricated_from_policy_context,NERC publications; media reports
2025-05-01,BEDC,A,industrial,218.65,815.14,0.1682,synthetic_fabricated_from_policy_context,NERC publications; media reports
2025-05-01,BEDC,B,residential,152.1,701.81,0.117,synthetic_fabricated_from_policy_context,NERC publications; media reports
2025-05-01,BEDC,B,commercial,167.31,656.25,0.1287,synthetic_fabricated_from_policy_context,NERC publications; media reports
2025-05-01,BEDC,B,industrial,174.92,816.49,0.1346,synthetic_fabricated_from_policy_context,NERC publications; media reports
2025-05-01,BEDC,C,residential,121.68,510.49,0.0936,synthetic_fabricated_from_policy_context,NERC publications; media reports
2025-05-01,BEDC,C,commercial,133.85,625.42,0.103,synthetic_fabricated_from_policy_context,NERC publications; media reports
2025-05-01,BEDC,C,industrial,139.93,488.9,0.1076,synthetic_fabricated_from_policy_context,NERC publications; media reports
2025-05-01,BEDC,D,residential,98.87,344.09,0.0761,synthetic_fabricated_from_policy_context,NERC publications; media reports
2025-05-01,BEDC,D,commercial,108.75,358.0,0.0837,synthetic_fabricated_from_policy_context,NERC publications; media reports
2025-05-01,BEDC,D,industrial,113.7,437.69,0.0875,synthetic_fabricated_from_policy_context,NERC publications; media reports
2025-05-01,BEDC,E,residential,76.05,252.2,0.0585,synthetic_fabricated_from_policy_context,NERC publications; media reports
2025-05-01,BEDC,E,commercial,83.66,272.5,0.0644,synthetic_fabricated_from_policy_context,NERC publications; media reports
2025-05-01,BEDC,E,industrial,87.46,391.12,0.0673,synthetic_fabricated_from_policy_context,NERC publications; media reports
2025-05-01,BEDC,Premium,residential,304.2,1373.24,0.234,synthetic_fabricated_from_policy_context,NERC publications; media reports
2025-05-01,BEDC,Premium,commercial,334.62,1261.45,0.2574,synthetic_fabricated_from_policy_context,NERC publications; media reports
2025-05-01,BEDC,Premium,industrial,349.83,1467.19,0.2691,synthetic_fabricated_from_policy_context,NERC publications; media reports
2025-05-01,EEDC,A,residential,215.2,823.16,0.1655,synthetic_fabricated_from_policy_context,NERC publications; media reports
2025-05-01,EEDC,A,commercial,236.72,736.92,0.1821,synthetic_fabricated_from_policy_context,NERC publications; media reports
2025-05-01,EEDC,A,industrial,247.48,798.54,0.1904,synthetic_fabricated_from_policy_context,NERC publications; media reports
2025-05-01,EEDC,B,residential,172.16,587.34,0.1324,synthetic_fabricated_from_policy_context,NERC publications; media reports
2025-05-01,EEDC,B,commercial,189.37,627.27,0.1457,synthetic_fabricated_from_policy_context,NERC publications; media reports
2025-05-01,EEDC,B,industrial,197.98,634.47,0.1523,synthetic_fabricated_from_policy_context,NERC publications; media reports
2025-05-01,EEDC,C,residential,137.73,407.61,0.1059,synthetic_fabricated_from_policy_context,NERC publications; media reports
2025-05-01,EEDC,C,commercial,151.5,619.72,0.1165,synthetic_fabricated_from_policy_context,NERC publications; media reports
2025-05-01,EEDC,C,industrial,158.39,487.26,0.1218,synthetic_fabricated_from_policy_context,NERC publications; media reports
2025-05-01,EEDC,D,residential,111.9,349.14,0.0861,synthetic_fabricated_from_policy_context,NERC publications; media reports
2025-05-01,EEDC,D,commercial,123.09,453.34,0.0947,synthetic_fabricated_from_policy_context,NERC publications; media reports
2025-05-01,EEDC,D,industrial,128.69,496.9,0.099,synthetic_fabricated_from_policy_context,NERC publications; media reports
2025-05-01,EEDC,E,residential,86.08,339.71,0.0662,synthetic_fabricated_from_policy_context,NERC publications; media reports
2025-05-01,EEDC,E,commercial,94.69,332.74,0.0728,synthetic_fabricated_from_policy_context,NERC publications; media reports
2025-05-01,EEDC,E,industrial,98.99,345.18,0.0761,synthetic_fabricated_from_policy_context,NERC publications; media reports
2025-05-01,EEDC,Premium,residential,344.32,1001.44,0.2649,synthetic_fabricated_from_policy_context,NERC publications; media reports
2025-05-01,EEDC,Premium,commercial,378.75,1487.58,0.2913,synthetic_fabricated_from_policy_context,NERC publications; media reports
2025-05-01,EEDC,Premium,industrial,395.96,1301.48,0.3046,synthetic_fabricated_from_policy_context,NERC publications; media reports
2025-05-01,EKEDC,A,residential,211.38,878.31,0.1626,synthetic_fabricated_from_policy_context,NERC publications; media reports
2025-05-01,EKEDC,A,commercial,232.52,684.71,0.1789,synthetic_fabricated_from_policy_context,NERC publications; media reports
2025-05-01,EKEDC,A,industrial,243.09,696.82,0.187,synthetic_fabricated_from_policy_context,NERC publications; media reports
2025-05-01,EKEDC,B,residential,169.11,672.16,0.1301,synthetic_fabricated_from_policy_context,NERC publications; media reports
2025-05-01,EKEDC,B,commercial,186.02,566.16,0.1431,synthetic_fabricated_from_policy_context,NERC publications; media reports
2025-05-01,EKEDC,B,industrial,194.47,585.82,0.1496,synthetic_fabricated_from_policy_context,NERC publications; media reports
2025-05-01,EKEDC,C,residential,135.28,515.88,0.1041,synthetic_fabricated_from_policy_context,NERC publications; media reports
2025-05-01,EKEDC,C,commercial,148.81,599.59,0.1145,synthetic_fabricated_from_policy_context,NERC publications; media reports
2025-05-01,EKEDC,C,industrial,155.58,441.72,0.1197,synthetic_fabricated_from_policy_context,NERC publications; media reports
2025-05-01,EKEDC,D,residential,109.92,346.19,0.0846,synthetic_fabricated_from_policy_context,NERC publications; media reports
2025-05-01,EKEDC,D,commercial,120.91,423.76,0.093,synthetic_fabricated_from_policy_context,NERC publications; media reports
2025-05-01,EKEDC,D,industrial,126.41,446.3,0.0972,synthetic_fabricated_from_policy_context,NERC publications; media reports
2025-05-01,EKEDC,E,residential,84.55,358.58,0.065,synthetic_fabricated_from_policy_context,NERC publications; media reports
2025-05-01,EKEDC,E,commercial,93.01,371.71,0.0715,synthetic_fabricated_from_policy_context,NERC publications; media reports
2025-05-01,EKEDC,E,industrial,97.24,411.69,0.0748,synthetic_fabricated_from_policy_context,NERC publications; media reports
2025-05-01,EKEDC,Premium,residential,338.21,1066.89,0.2602,synthetic_fabricated_from_policy_context,NERC publications; media reports
2025-05-01,EKEDC,Premium,commercial,372.03,1242.96,0.2862,synthetic_fabricated_from_policy_context,NERC publications; media reports
2025-05-01,EKEDC,Premium,industrial,388.94,1405.38,0.2992,synthetic_fabricated_from_policy_context,NERC publications; media reports
2025-05-01,IBEDC,A,residential,210.83,760.03,0.1622,synthetic_fabricated_from_policy_context,NERC publications; media reports
2025-05-01,IBEDC,A,commercial,231.91,717.68,0.1784,synthetic_fabricated_from_policy_context,NERC publications; media reports
2025-05-01,IBEDC,A,industrial,242.45,776.0,0.1865,synthetic_fabricated_from_policy_context,NERC publications; media reports
2025-05-01,IBEDC,B,residential,168.66,601.17,0.1297,synthetic_fabricated_from_policy_context,NERC publications; media reports
2025-05-01,IBEDC,B,commercial,185.53,768.12,0.1427,synthetic_fabricated_from_policy_context,NERC publications; media reports
2025-05-01,IBEDC,B,industrial,193.96,798.22,0.1492,synthetic_fabricated_from_policy_context,NERC publications; media reports
2025-05-01,IBEDC,C,residential,134.93,515.7,0.1038,synthetic_fabricated_from_policy_context,NERC publications; media reports
2025-05-01,IBEDC,C,commercial,148.42,434.41,0.1142,synthetic_fabricated_from_policy_context,NERC publications; media reports
2025-05-01,IBEDC,C,industrial,155.17,498.81,0.1194,synthetic_fabricated_from_policy_context,NERC publications; media reports
2025-05-01,IBEDC,D,residential,109.63,436.04,0.0843,synthetic_fabricated_from_policy_context,NERC publications; media reports
2025-05-01,IBEDC,D,commercial,120.59,403.05,0.0928,synthetic_fabricated_from_policy_context,NERC publications; media reports
2025-05-01,IBEDC,D,industrial,126.07,468.44,0.097,synthetic_fabricated_from_policy_context,NERC publications; media reports
2025-05-01,IBEDC,E,residential,84.33,271.04,0.0649,synthetic_fabricated_from_policy_context,NERC publications; media reports
2025-05-01,IBEDC,E,commercial,92.76,371.76,0.0714,synthetic_fabricated_from_policy_context,NERC publications; media reports
2025-05-01,IBEDC,E,industrial,96.98,377.61,0.0746,synthetic_fabricated_from_policy_context,NERC publications; media reports
2025-05-01,IBEDC,Premium,residential,337.32,1129.77,0.2595,synthetic_fabricated_from_policy_context,NERC publications; media reports
2025-05-01,IBEDC,Premium,commercial,371.05,1266.1,0.2854,synthetic_fabricated_from_policy_context,NERC publications; media reports
2025-05-01,IBEDC,Premium,industrial,387.92,1312.01,0.2984,synthetic_fabricated_from_policy_context,NERC publications; media reports
2025-05-01,IKEDC,A,residential,189.76,776.43,0.146,synthetic_fabricated_from_policy_context,NERC publications; media reports
2025-05-01,IKEDC,A,commercial,208.73,720.57,0.1606,synthetic_fabricated_from_policy_context,NERC publications; media reports
2025-05-01,IKEDC,A,industrial,218.22,830.44,0.1679,synthetic_fabricated_from_policy_context,NERC publications; media reports
2025-05-01,IKEDC,B,residential,151.8,531.74,0.1168,synthetic_fabricated_from_policy_context,NERC publications; media reports
2025-05-01,IKEDC,B,commercial,166.99,774.47,0.1285,synthetic_fabricated_from_policy_context,NERC publications; media reports
2025-05-01,IKEDC,B,industrial,174.58,800.81,0.1343,synthetic_fabricated_from_policy_context,NERC publications; media reports
2025-05-01,IKEDC,C,residential,121.44,405.49,0.0934,synthetic_fabricated_from_policy_context,NERC publications; media reports
2025-05-01,IKEDC,C,commercial,133.59,574.86,0.1028,synthetic_fabricated_from_policy_context,NERC publications; media reports
2025-05-01,IKEDC,C,industrial,139.66,604.61,0.1074,synthetic_fabricated_from_policy_context,NERC publications; media reports
2025-05-01,IKEDC,D,residential,98.67,324.23,0.0759,synthetic_fabricated_from_policy_context,NERC publications; media reports
2025-05-01,IKEDC,D,commercial,108.54,403.35,0.0835,synthetic_fabricated_from_policy_context,NERC publications; media reports
2025-05-01,IKEDC,D,industrial,113.47,385.66,0.0873,synthetic_fabricated_from_policy_context,NERC publications; media reports
2025-05-01,IKEDC,E,residential,75.9,254.6,0.0584,synthetic_fabricated_from_policy_context,NERC publications; media reports
2025-05-01,IKEDC,E,commercial,83.49,352.14,0.0642,synthetic_fabricated_from_policy_context,NERC publications; media reports
2025-05-01,IKEDC,E,industrial,87.29,372.98,0.0671,synthetic_fabricated_from_policy_context,NERC publications; media reports
2025-05-01,IKEDC,Premium,residential,303.61,1402.91,0.2335,synthetic_fabricated_from_policy_context,NERC publications; media reports
2025-05-01,IKEDC,Premium,commercial,333.97,1056.93,0.2569,synthetic_fabricated_from_policy_context,NERC publications; media reports
2025-05-01,IKEDC,Premium,industrial,349.15,1477.49,0.2686,synthetic_fabricated_from_policy_context,NERC publications; media reports
2025-05-01,JED,A,residential,233.03,863.32,0.1793,synthetic_fabricated_from_policy_context,NERC publications; media reports
2025-05-01,JED,A,commercial,256.33,679.29,0.1972,synthetic_fabricated_from_policy_context,NERC publications; media reports
2025-05-01,JED,A,industrial,267.98,716.0,0.2061,synthetic_fabricated_from_policy_context,NERC publications; media reports
2025-05-01,JED,B,residential,186.42,697.18,0.1434,synthetic_fabricated_from_policy_context,NERC publications; media reports
2025-05-01,JED,B,commercial,205.06,685.12,0.1577,synthetic_fabricated_from_policy_context,NERC publications; media reports
2025-05-01,JED,B,industrial,214.39,733.93,0.1649,synthetic_fabricated_from_policy_context,NERC publications; media reports
2025-05-01,JED,C,residential,149.14,437.45,0.1147,synthetic_fabricated_from_policy_context,NERC publications; media reports
2025-05-01,JED,C,commercial,164.05,440.48,0.1262,synthetic_fabricated_from_policy_context,NERC publications; media reports
2025-05-01,JED,C,industrial,171.51,629.89,0.1319,synthetic_fabricated_from_policy_context,NERC publications; media reports
2025-05-01,JED,D,residential,121.17,460.68,0.0932,synthetic_fabricated_from_policy_context,NERC publications; media reports
2025-05-01,JED,D,commercial,133.29,409.64,0.1025,synthetic_fabricated_from_policy_context,NERC publications; media reports
2025-05-01,JED,D,industrial,139.35,496.88,0.1072,synthetic_fabricated_from_policy_context,NERC publications; media reports
2025-05-01,JED,E,residential,93.21,355.39,0.0717,synthetic_fabricated_from_policy_context,NERC publications; media reports
2025-05-01,JED,E,commercial,102.53,325.61,0.0789,synthetic_fabricated_from_policy_context,NERC publications; media reports
2025-05-01,JED,E,industrial,107.19,396.62,0.0825,synthetic_fabricated_from_policy_context,NERC publications; media reports
2025-05-01,JED,Premium,residential,372.84,1374.68,0.2868,synthetic_fabricated_from_policy_context,NERC publications; media reports
2025-05-01,JED,Premium,commercial,410.13,1446.74,0.3155,synthetic_fabricated_from_policy_context,NERC publications; media reports
2025-05-01,JED,Premium,industrial,428.77,1434.06,0.3298,synthetic_fabricated_from_policy_context,NERC publications; media reports
2025-05-01,KAEDCO,A,residential,191.4,686.8,0.1472,synthetic_fabricated_from_policy_context,NERC publications; media reports
2025-05-01,KAEDCO,A,commercial,210.54,728.47,0.162,synthetic_fabricated_from_policy_context,NERC publications; media reports
2025-05-01,KAEDCO,A,industrial,220.11,956.53,0.1693,synthetic_fabricated_from_policy_context,NERC publications; media reports
2025-05-01,KAEDCO,B,residential,153.12,648.95,0.1178,synthetic_fabricated_from_policy_context,NERC publications; media reports
2025-05-01,KAEDCO,B,commercial,168.43,576.54,0.1296,synthetic_fabricated_from_policy_context,NERC publications; media reports
2025-05-01,KAEDCO,B,industrial,176.09,555.79,0.1355,synthetic_fabricated_from_policy_context,NERC publications; media reports
2025-05-01,KAEDCO,C,residential,122.5,550.47,0.0942,synthetic_fabricated_from_policy_context,NERC publications; media reports
2025-05-01,KAEDCO,C,commercial,134.75,583.25,0.1037,synthetic_fabricated_from_policy_context,NERC publications; media reports
2025-05-01,KAEDCO,C,industrial,140.87,561.85,0.1084,synthetic_fabricated_from_policy_context,NERC publications; media reports
2025-05-01,KAEDCO,D,residential,99.53,409.58,0.0766,synthetic_fabricated_from_policy_context,NERC publications; media reports
2025-05-01,KAEDCO,D,commercial,109.48,459.78,0.0842,synthetic_fabricated_from_policy_context,NERC publications; media reports
2025-05-01,KAEDCO,D,industrial,114.46,366.06,0.088,synthetic_fabricated_from_policy_context,NERC publications; media reports
2025-05-01,KAEDCO,E,residential,76.56,299.67,0.0589,synthetic_fabricated_from_policy_context,NERC publications; media reports
2025-05-01,KAEDCO,E,commercial,84.22,320.69,0.0648,synthetic_fabricated_from_policy_context,NERC publications; media reports
2025-05-01,KAEDCO,E,industrial,88.05,283.79,0.0677,synthetic_fabricated_from_policy_context,NERC publications; media reports
2025-05-01,KAEDCO,Premium,residential,306.24,978.02,0.2356,synthetic_fabricated_from_policy_context,NERC publications; media reports
2025-05-01,KAEDCO,Premium,commercial,336.87,1080.3,0.2591,synthetic_fabricated_from_policy_context,NERC publications; media reports
2025-05-01,KAEDCO,Premium,industrial,352.18,1307.63,0.2709,synthetic_fabricated_from_policy_context,NERC publications; media reports
2025-05-01,KEDCO,A,residential,201.51,642.7,0.155,synthetic_fabricated_from_policy_context,NERC publications; media reports
2025-05-01,KEDCO,A,commercial,221.67,858.29,0.1705,synthetic_fabricated_from_policy_context,NERC publications; media reports
2025-05-01,KEDCO,A,industrial,231.74,903.0,0.1783,synthetic_fabricated_from_policy_context,NERC publications; media reports
2025-05-01,KEDCO,B,residential,161.21,559.3,0.124,synthetic_fabricated_from_policy_context,NERC publications; media reports
2025-05-01,KEDCO,B,commercial,177.33,719.54,0.1364,synthetic_fabricated_from_policy_context,NERC publications; media reports
2025-05-01,KEDCO,B,industrial,185.39,658.98,0.1426,synthetic_fabricated_from_policy_context,NERC publications; media reports
2025-05-01,KEDCO,C,residential,128.97,547.36,0.0992,synthetic_fabricated_from_policy_context,NERC publications; media reports
2025-05-01,KEDCO,C,commercial,141.87,578.34,0.1091,synthetic_fabricated_from_policy_context,NERC publications; media reports
2025-05-01,KEDCO,C,industrial,148.31,626.63,0.1141,synthetic_fabricated_from_policy_context,NERC publications; media reports
2025-05-01,KEDCO,D,residential,104.79,392.13,0.0806,synthetic_fabricated_from_policy_context,NERC publications; media reports
2025-05-01,KEDCO,D,commercial,115.27,467.36,0.0887,synthetic_fabricated_from_policy_context,NERC publications; media reports
2025-05-01,KEDCO,D,industrial,120.51,418.28,0.0927,synthetic_fabricated_from_policy_context,NERC publications; media reports
2025-05-01,KEDCO,E,residential,80.61,278.16,0.062,synthetic_fabricated_from_policy_context,NERC publications; media reports
2025-05-01,KEDCO,E,commercial,88.67,267.69,0.0682,synthetic_fabricated_from_policy_context,NERC publications; media reports
2025-05-01,KEDCO,E,industrial,92.7,330.8,0.0713,synthetic_fabricated_from_policy_context,NERC publications; media reports
2025-05-01,KEDCO,Premium,residential,322.42,1379.62,0.248,synthetic_fabricated_from_policy_context,NERC publications; media reports
2025-05-01,KEDCO,Premium,commercial,354.67,1563.7,0.2728,synthetic_fabricated_from_policy_context,NERC publications; media reports
2025-05-01,KEDCO,Premium,industrial,370.79,1260.32,0.2852,synthetic_fabricated_from_policy_context,NERC publications; media reports
2025-05-01,PHED,A,residential,202.72,829.92,0.1559,synthetic_fabricated_from_policy_context,NERC publications; media reports
2025-05-01,PHED,A,commercial,223.0,737.73,0.1715,synthetic_fabricated_from_policy_context,NERC publications; media reports
2025-05-01,PHED,A,industrial,233.13,946.49,0.1793,synthetic_fabricated_from_policy_context,NERC publications; media reports
2025-05-01,PHED,B,residential,162.18,537.15,0.1248,synthetic_fabricated_from_policy_context,NERC publications; media reports
2025-05-01,PHED,B,commercial,178.4,744.36,0.1372,synthetic_fabricated_from_policy_context,NERC publications; media reports
2025-05-01,PHED,B,industrial,186.51,709.39,0.1435,synthetic_fabricated_from_policy_context,NERC publications; media reports
2025-05-01,PHED,C,residential,129.74,406.55,0.0998,synthetic_fabricated_from_policy_context,NERC publications; media reports
2025-05-01,PHED,C,commercial,142.72,620.48,0.1098,synthetic_fabricated_from_policy_context,NERC publications; media reports
2025-05-01,PHED,C,industrial,149.2,454.0,0.1148,synthetic_fabricated_from_policy_context,NERC publications; media reports
2025-05-01,PHED,D,residential,105.42,328.06,0.0811,synthetic_fabricated_from_policy_context,NERC publications; media reports
2025-05-01,PHED,D,commercial,115.96,487.9,0.0892,synthetic_fabricated_from_policy_context,NERC publications; media reports
2025-05-01,PHED,D,industrial,121.23,533.99,0.0933,synthetic_fabricated_from_policy_context,NERC publications; media reports
2025-05-01,PHED,E,residential,81.09,305.16,0.0624,synthetic_fabricated_from_policy_context,NERC publications; media reports
2025-05-01,PHED,E,commercial,89.2,343.48,0.0686,synthetic_fabricated_from_policy_context,NERC publications; media reports
2025-05-01,PHED,E,industrial,93.25,361.24,0.0717,synthetic_fabricated_from_policy_context,NERC publications; media reports
2025-05-01,PHED,Premium,residential,324.36,977.04,0.2495,synthetic_fabricated_from_policy_context,NERC publications; media reports
2025-05-01,PHED,Premium,commercial,356.79,1255.91,0.2745,synthetic_fabricated_from_policy_context,NERC publications; media reports
2025-05-01,PHED,Premium,industrial,373.01,1276.18,0.2869,synthetic_fabricated_from_policy_context,NERC publications; media reports
2025-05-01,YEDC,A,residential,197.91,737.19,0.1522,synthetic_fabricated_from_policy_context,NERC publications; media reports
2025-05-01,YEDC,A,commercial,217.7,873.17,0.1675,synthetic_fabricated_from_policy_context,NERC publications; media reports
2025-05-01,YEDC,A,industrial,227.6,770.48,0.1751,synthetic_fabricated_from_policy_context,NERC publications; media reports
2025-05-01,YEDC,B,residential,158.33,606.05,0.1218,synthetic_fabricated_from_policy_context,NERC publications; media reports
2025-05-01,YEDC,B,commercial,174.16,715.6,0.134,synthetic_fabricated_from_policy_context,NERC publications; media reports
2025-05-01,YEDC,B,industrial,182.08,806.16,0.1401,synthetic_fabricated_from_policy_context,NERC publications; media reports
2025-05-01,YEDC,C,residential,126.66,552.5,0.0974,synthetic_fabricated_from_policy_context,NERC publications; media reports
2025-05-01,YEDC,C,commercial,139.33,544.66,0.1072,synthetic_fabricated_from_policy_context,NERC publications; media reports
2025-05-01,YEDC,C,industrial,145.66,582.55,0.112,synthetic_fabricated_from_policy_context,NERC publications; media reports
2025-05-01,YEDC,D,residential,102.91,465.79,0.0792,synthetic_fabricated_from_policy_context,NERC publications; media reports
2025-05-01,YEDC,D,commercial,113.2,369.3,0.0871,synthetic_fabricated_from_policy_context,NERC publications; media reports
2025-05-01,YEDC,D,industrial,118.35,372.3,0.091,synthetic_fabricated_from_policy_context,NERC publications; media reports
2025-05-01,YEDC,E,residential,79.16,246.01,0.0609,synthetic_fabricated_from_policy_context,NERC publications; media reports
2025-05-01,YEDC,E,commercial,87.08,369.0,0.067,synthetic_fabricated_from_policy_context,NERC publications; media reports
2025-05-01,YEDC,E,industrial,91.04,297.05,0.07,synthetic_fabricated_from_policy_context,NERC publications; media reports
2025-05-01,YEDC,Premium,residential,316.66,1317.51,0.2436,synthetic_fabricated_from_policy_context,NERC publications; media reports
2025-05-01,YEDC,Premium,commercial,348.32,1378.37,0.2679,synthetic_fabricated_from_policy_context,NERC publications; media reports
2025-05-01,YEDC,Premium,industrial,364.15,1558.82,0.2801,synthetic_fabricated_from_policy_context,NERC publications; media reports
2025-06-01,AEDC,A,residential,216.85,763.21,0.1668,synthetic_fabricated_from_policy_context,NERC publications; media reports
2025-06-01,AEDC,A,commercial,238.54,813.44,0.1835,synthetic_fabricated_from_policy_context,NERC publications; media reports
2025-06-01,AEDC,A,industrial,249.38,993.7,0.1918,synthetic_fabricated_from_policy_context,NERC publications; media reports
2025-06-01,AEDC,B,residential,173.48,610.63,0.1334,synthetic_fabricated_from_policy_context,NERC publications; media reports
2025-06-01,AEDC,B,commercial,190.83,708.88,0.1468,synthetic_fabricated_from_policy_context,NERC publications; media reports
2025-06-01,AEDC,B,industrial,199.51,665.71,0.1535,synthetic_fabricated_from_policy_context,NERC publications; media reports
2025-06-01,AEDC,C,residential,138.79,464.12,0.1068,synthetic_fabricated_from_policy_context,NERC publications; media reports
2025-06-01,AEDC,C,commercial,152.67,524.61,0.1174,synthetic_fabricated_from_policy_context,NERC publications; media reports
2025-06-01,AEDC,C,industrial,159.6,571.49,0.1228,synthetic_fabricated_from_policy_context,NERC publications; media reports
2025-06-01,AEDC,D,residential,112.76,458.27,0.0867,synthetic_fabricated_from_policy_context,NERC publications; media reports
2025-06-01,AEDC,D,commercial,124.04,388.98,0.0954,synthetic_fabricated_from_policy_context,NERC publications; media reports
2025-06-01,AEDC,D,industrial,129.68,421.05,0.0998,synthetic_fabricated_from_policy_context,NERC publications; media reports
2025-06-01,AEDC,E,residential,86.74,317.11,0.0667,synthetic_fabricated_from_policy_context,NERC publications; media reports
2025-06-01,AEDC,E,commercial,95.42,357.5,0.0734,synthetic_fabricated_from_policy_context,NERC publications; media reports
2025-06-01,AEDC,E,industrial,99.75,298.56,0.0767,synthetic_fabricated_from_policy_context,NERC publications; media reports
2025-06-01,AEDC,Premium,residential,346.97,1432.62,0.2669,synthetic_fabricated_from_policy_context,NERC publications; media reports
2025-06-01,AEDC,Premium,commercial,381.66,1563.17,0.2936,synthetic_fabricated_from_policy_context,NERC publications; media reports
2025-06-01,AEDC,Premium,industrial,399.01,1448.63,0.3069,synthetic_fabricated_from_policy_context,NERC publications; media reports
2025-06-01,BEDC,A,residential,214.57,756.09,0.1651,synthetic_fabricated_from_policy_context,NERC publications; media reports
2025-06-01,BEDC,A,commercial,236.03,895.94,0.1816,synthetic_fabricated_from_policy_context,NERC publications; media reports
2025-06-01,BEDC,A,industrial,246.76,778.07,0.1898,synthetic_fabricated_from_policy_context,NERC publications; media reports
2025-06-01,BEDC,B,residential,171.66,494.89,0.132,synthetic_fabricated_from_policy_context,NERC publications; media reports
2025-06-01,BEDC,B,commercial,188.82,772.23,0.1452,synthetic_fabricated_from_policy_context,NERC publications; media reports
2025-06-01,BEDC,B,industrial,197.41,649.96,0.1519,synthetic_fabricated_from_policy_context,NERC publications; media reports
2025-06-01,BEDC,C,residential,137.33,514.88,0.1056,synthetic_fabricated_from_policy_context,NERC publications; media reports
2025-06-01,BEDC,C,commercial,151.06,463.6,0.1162,synthetic_fabricated_from_policy_context,NERC publications; media reports
2025-06-01,BEDC,C,industrial,157.92,547.57,0.1215,synthetic_fabricated_from_policy_context,NERC publications; media reports
2025-06-01,BEDC,D,residential,111.58,331.93,0.0858,synthetic_fabricated_from_policy_context,NERC publications; media reports
2025-06-01,BEDC,D,commercial,122.73,387.23,0.0944,synthetic_fabricated_from_policy_context,NERC publications; media reports
2025-06-01,BEDC,D,industrial,128.31,445.3,0.0987,synthetic_fabricated_from_policy_context,NERC publications; media reports
2025-06-01,BEDC,E,residential,85.83,336.7,0.066,synthetic_fabricated_from_policy_context,NERC publications; media reports
2025-06-01,BEDC,E,commercial,94.41,308.95,0.0726,synthetic_fabricated_from_policy_context,NERC publications; media reports
2025-06-01,BEDC,E,industrial,98.7,311.63,0.0759,synthetic_fabricated_from_policy_context,NERC publications; media reports
2025-06-01,BEDC,Premium,residential,343.31,1360.29,0.2641,synthetic_fabricated_from_policy_context,NERC publications; media reports
2025-06-01,BEDC,Premium,commercial,377.65,1287.95,0.2905,synthetic_fabricated_from_policy_context,NERC publications; media reports
2025-06-01,BEDC,Premium,industrial,394.81,1627.41,0.3037,synthetic_fabricated_from_policy_context,NERC publications; media reports
2025-06-01,EEDC,A,residential,191.07,777.7,0.147,synthetic_fabricated_from_policy_context,NERC publications; media reports
2025-06-01,EEDC,A,commercial,210.17,961.9,0.1617,synthetic_fabricated_from_policy_context,NERC publications; media reports
2025-06-01,EEDC,A,industrial,219.73,785.7,0.169,synthetic_fabricated_from_policy_context,NERC publications; media reports
2025-06-01,EEDC,B,residential,152.85,619.31,0.1176,synthetic_fabricated_from_policy_context,NERC publications; media reports
2025-06-01,EEDC,B,commercial,168.14,641.59,0.1293,synthetic_fabricated_from_policy_context,NERC publications; media reports
2025-06-01,EEDC,B,industrial,175.78,668.95,0.1352,synthetic_fabricated_from_policy_context,NERC publications; media reports
2025-06-01,EEDC,C,residential,122.28,420.44,0.0941,synthetic_fabricated_from_policy_context,NERC publications; media reports
2025-06-01,EEDC,C,commercial,134.51,436.02,0.1035,synthetic_fabricated_from_policy_context,NERC publications; media reports
2025-06-01,EEDC,C,industrial,140.62,535.97,0.1082,synthetic_fabricated_from_policy_context,NERC publications; media reports
2025-06-01,EEDC,D,residential,99.35,409.4,0.0764,synthetic_fabricated_from_policy_context,NERC publications; media reports
2025-06-01,EEDC,D,commercial,109.29,509.95,0.0841,synthetic_fabricated_from_policy_context,NERC publications; media reports
2025-06-01,EEDC,D,industrial,114.26,375.15,0.0879,synthetic_fabricated_from_policy_context,NERC publications; media reports
2025-06-01,EEDC,E,residential,76.43,326.9,0.0588,synthetic_fabricated_from_policy_context,NERC publications; media reports
2025-06-01,EEDC,E,commercial,84.07,309.64,0.0647,synthetic_fabricated_from_policy_context,NERC publications; media reports
2025-06-01,EEDC,E,industrial,87.89,379.8,0.0676,synthetic_fabricated_from_policy_context,NERC publications; media reports
2025-06-01,EEDC,Premium,residential,305.71,963.81,0.2352,synthetic_fabricated_from_policy_context,NERC publications; media reports
2025-06-01,EEDC,Premium,commercial,336.28,1131.51,0.2587,synthetic_fabricated_from_policy_context,NERC publications; media reports
2025-06-01,EEDC,Premium,industrial,351.56,1380.9,0.2704,synthetic_fabricated_from_policy_context,NERC publications; media reports
2025-06-01,EKEDC,A,residential,222.99,702.69,0.1715,synthetic_fabricated_from_policy_context,NERC publications; media reports
2025-06-01,EKEDC,A,commercial,245.29,819.84,0.1887,synthetic_fabricated_from_policy_context,NERC publications; media reports
2025-06-01,EKEDC,A,industrial,256.44,725.96,0.1973,synthetic_fabricated_from_policy_context,NERC publications; media reports
2025-06-01,EKEDC,B,residential,178.39,711.51,0.1372,synthetic_fabricated_from_policy_context,NERC publications; media reports
2025-06-01,EKEDC,B,commercial,196.23,625.81,0.1509,synthetic_fabricated_from_policy_context,NERC publications; media reports
2025-06-01,EKEDC,B,industrial,205.15,778.76,0.1578,synthetic_fabricated_from_policy_context,NERC publications; media reports
2025-06-01,EKEDC,C,residential,142.71,424.94,0.1098,synthetic_fabricated_from_policy_context,NERC publications; media reports
2025-06-01,EKEDC,C,commercial,156.98,543.34,0.1208,synthetic_fabricated_from_policy_context,NERC publications; media reports
2025-06-01,EKEDC,C,industrial,164.12,585.56,0.1262,synthetic_fabricated_from_policy_context,NERC publications; media reports
2025-06-01,EKEDC,D,residential,115.95,340.88,0.0892,synthetic_fabricated_from_policy_context,NERC publications; media reports
2025-06-01,EKEDC,D,commercial,127.55,464.41,0.0981,synthetic_fabricated_from_policy_context,NERC publications; media reports
2025-06-01,EKEDC,D,industrial,133.35,395.44,0.1026,synthetic_fabricated_from_policy_context,NERC publications; media reports
2025-06-01,EKEDC,E,residential,89.2,325.11,0.0686,synthetic_fabricated_from_policy_context,NERC publications; media reports
2025-06-01,EKEDC,E,commercial,98.12,381.6,0.0755,synthetic_fabricated_from_policy_context,NERC publications; media reports
2025-06-01,EKEDC,E,industrial,102.58,317.0,0.0789,synthetic_fabricated_from_policy_context,NERC publications; media reports
2025-06-01,EKEDC,Premium,residential,356.78,973.26,0.2744,synthetic_fabricated_from_policy_context,NERC publications; media reports
2025-06-01,EKEDC,Premium,commercial,392.46,1323.14,0.3019,synthetic_fabricated_from_policy_context,NERC publications; media reports
2025-06-01,EKEDC,Premium,industrial,410.3,1327.02,0.3156,synthetic_fabricated_from_policy_context,NERC publications; media reports
2025-06-01,IBEDC,A,residential,203.49,718.11,0.1565,synthetic_fabricated_from_policy_context,NERC publications; media reports
2025-06-01,IBEDC,A,commercial,223.84,823.84,0.1722,synthetic_fabricated_from_policy_context,NERC publications; media reports
2025-06-01,IBEDC,A,industrial,234.01,729.06,0.18,synthetic_fabricated_from_policy_context,NERC publications; media reports
2025-06-01,IBEDC,B,residential,162.79,512.11,0.1252,synthetic_fabricated_from_policy_context,NERC publications; media reports
2025-06-01,IBEDC,B,commercial,179.07,746.33,0.1377,synthetic_fabricated_from_policy_context,NERC publications; media reports
2025-06-01,IBEDC,B,industrial,187.21,748.99,0.144,synthetic_fabricated_from_policy_context,NERC publications; media reports
2025-06-01,IBEDC,C,residential,130.23,505.72,0.1002,synthetic_fabricated_from_policy_context,NERC publications; media reports
2025-06-01,IBEDC,C,commercial,143.25,500.37,0.1102,synthetic_fabricated_from_policy_context,NERC publications; media reports
2025-06-01,IBEDC,C,industrial,149.77,639.12,0.1152,synthetic_fabricated_from_policy_context,NERC publications; media reports
2025-06-01,IBEDC,D,residential,105.81,314.16,0.0814,synthetic_fabricated_from_policy_context,NERC publications; media reports
2025-06-01,IBEDC,D,commercial,116.39,429.91,0.0895,synthetic_fabricated_from_policy_context,NERC publications; media reports
2025-06-01,IBEDC,D,industrial,121.68,505.32,0.0936,synthetic_fabricated_from_policy_context,NERC publications; media reports
2025-06-01,IBEDC,E,residential,81.39,330.45,0.0626,synthetic_fabricated_from_policy_context,NERC publications; media reports
2025-06-01,IBEDC,E,commercial,89.53,286.95,0.0689,synthetic_fabricated_from_policy_context,NERC publications; media reports
2025-06-01,IBEDC,E,industrial,93.6,375.05,0.072,synthetic_fabricated_from_policy_context,NERC publications; media reports
2025-06-01,IBEDC,Premium,residential,325.58,1245.57,0.2504,synthetic_fabricated_from_policy_context,NERC publications; media reports
2025-06-01,IBEDC,Premium,commercial,358.14,1266.84,0.2755,synthetic_fabricated_from_policy_context,NERC publications; media reports
2025-06-01,IBEDC,Premium,industrial,374.41,1575.87,0.288,synthetic_fabricated_from_policy_context,NERC publications; media reports
2025-06-01,IKEDC,A,residential,190.53,781.91,0.1466,synthetic_fabricated_from_policy_context,NERC publications; media reports
2025-06-01,IKEDC,A,commercial,209.58,790.51,0.1612,synthetic_fabricated_from_policy_context,NERC publications; media reports
2025-06-01,IKEDC,A,industrial,219.11,1001.42,0.1685,synthetic_fabricated_from_policy_context,NERC publications; media reports
2025-06-01,IKEDC,B,residential,152.43,701.94,0.1173,synthetic_fabricated_from_policy_context,NERC publications; media reports
2025-06-01,IKEDC,B,commercial,167.67,580.93,0.129,synthetic_fabricated_from_policy_context,NERC publications; media reports
2025-06-01,IKEDC,B,industrial,175.29,671.97,0.1348,synthetic_fabricated_from_policy_context,NERC publications; media reports
2025-06-01,IKEDC,C,residential,121.94,444.68,0.0938,synthetic_fabricated_from_policy_context,NERC publications; media reports
2025-06-01,IKEDC,C,commercial,134.13,494.16,0.1032,synthetic_fabricated_from_policy_context,NERC publications; media reports
2025-06-01,IKEDC,C,industrial,140.23,613.92,0.1079,synthetic_fabricated_from_policy_context,NERC publications; media reports
2025-06-01,IKEDC,D,residential,99.08,352.55,0.0762,synthetic_fabricated_from_policy_context,NERC publications; media reports
2025-06-01,IKEDC,D,commercial,108.98,435.19,0.0838,synthetic_fabricated_from_policy_context,NERC publications; media reports
2025-06-01,IKEDC,D,industrial,113.94,484.6,0.0876,synthetic_fabricated_from_policy_context,NERC publications; media reports
2025-06-01,IKEDC,E,residential,76.21,334.62,0.0586,synthetic_fabricated_from_policy_context,NERC publications; media reports
2025-06-01,IKEDC,E,commercial,83.83,282.06,0.0645,synthetic_fabricated_from_policy_context,NERC publications; media reports
2025-06-01,IKEDC,E,industrial,87.64,362.89,0.0674,synthetic_fabricated_from_policy_context,NERC publications; media reports
2025-06-01,IKEDC,Premium,residential,304.85,1115.62,0.2345,synthetic_fabricated_from_policy_context,NERC publications; media reports
2025-06-01,IKEDC,Premium,commercial,335.34,1062.46,0.258,synthetic_fabricated_from_policy_context,NERC publications; media reports
2025-06-01,IKEDC,Premium,industrial,350.58,1604.78,0.2697,synthetic_fabricated_from_policy_context,NERC publications; media reports
2025-06-01,JED,A,residential,219.66,868.49,0.169,synthetic_fabricated_from_policy_context,NERC publications; media reports
2025-06-01,JED,A,commercial,241.63,973.93,0.1859,synthetic_fabricated_from_policy_context,NERC publications; media reports
2025-06-01,JED,A,industrial,252.61,816.54,0.1943,synthetic_fabricated_from_policy_context,NERC publications; media reports
2025-06-01,JED,B,residential,175.73,514.58,0.1352,synthetic_fabricated_from_policy_context,NERC publications; media reports
2025-06-01,JED,B,commercial,193.3,583.55,0.1487,synthetic_fabricated_from_policy_context,NERC publications; media reports
2025-06-01,JED,B,industrial,202.09,821.55,0.1555,synthetic_fabricated_from_policy_context,NERC publications; media reports
2025-06-01,JED,C,residential,140.59,538.23,0.1081,synthetic_fabricated_from_policy_context,NERC publications; media reports
2025-06-01,JED,C,commercial,154.64,518.72,0.119,synthetic_fabricated_from_policy_context,NERC publications; media reports
2025-06-01,JED,C,industrial,161.67,483.23,0.1244,synthetic_fabricated_from_policy_context,NERC publications; media reports
2025-06-01,JED,D,residential,114.23,322.59,0.0879,synthetic_fabricated_from_policy_context,NERC publications; media reports
2025-06-01,JED,D,commercial,125.65,364.89,0.0967,synthetic_fabricated_from_policy_context,NERC publications; media reports
2025-06-01,JED,D,industrial,131.36,461.09,0.101,synthetic_fabricated_from_policy_context,NERC publications; media reports
2025-06-01,JED,E,residential,87.87,272.69,0.0676,synthetic_fabricated_from_policy_context,NERC publications; media reports
2025-06-01,JED,E,commercial,96.65,297.71,0.0743,synthetic_fabricated_from_policy_context,NERC publications; media reports
2025-06-01,JED,E,industrial,101.05,291.16,0.0777,synthetic_fabricated_from_policy_context,NERC publications; media reports
2025-06-01,JED,Premium,residential,351.46,1023.82,0.2704,synthetic_fabricated_from_policy_context,NERC publications; media reports
2025-06-01,JED,Premium,commercial,386.61,1225.48,0.2974,synthetic_fabricated_from_policy_context,NERC publications; media reports
2025-06-01,JED,Premium,industrial,404.18,1448.32,0.3109,synthetic_fabricated_from_policy_context,NERC publications; media reports
2025-06-01,KAEDCO,A,residential,200.13,641.39,0.1539,synthetic_fabricated_from_policy_context,NERC publications; media reports
2025-06-01,KAEDCO,A,commercial,220.14,801.24,0.1693,synthetic_fabricated_from_policy_context,NERC publications; media reports
2025-06-01,KAEDCO,A,industrial,230.15,743.9,0.177,synthetic_fabricated_from_policy_context,NERC publications; media reports
2025-06-01,KAEDCO,B,residential,160.1,633.06,0.1232,synthetic_fabricated_from_policy_context,NERC publications; media reports
2025-06-01,KAEDCO,B,commercial,176.11,674.03,0.1355,synthetic_fabricated_from_policy_context,NERC publications; media reports
2025-06-01,KAEDCO,B,industrial,184.12,747.46,0.1416,synthetic_fabricated_from_policy_context,NERC publications; media reports
2025-06-01,KAEDCO,C,residential,128.08,553.09,0.0985,synthetic_fabricated_from_policy_context,NERC publications; media reports
2025-06-01,KAEDCO,C,commercial,140.89,508.93,0.1084,synthetic_fabricated_from_policy_context,NERC publications; media reports
2025-06-01,KAEDCO,C,industrial,147.3,495.63,0.1133,synthetic_fabricated_from_policy_context,NERC publications; media reports
2025-06-01,KAEDCO,D,residential,104.07,462.08,0.0801,synthetic_fabricated_from_policy_context,NERC publications; media reports
2025-06-01,KAEDCO,D,commercial,114.47,507.14,0.0881,synthetic_fabricated_from_policy_context,NERC publications; media reports
2025-06-01,KAEDCO,D,industrial,119.68,420.48,0.0921,synthetic_fabricated_from_policy_context,NERC publications; media reports
2025-06-01,KAEDCO,E,residential,80.05,325.28,0.0616,synthetic_fabricated_from_policy_context,NERC publications; media reports
2025-06-01,KAEDCO,E,commercial,88.06,367.37,0.0677,synthetic_fabricated_from_policy_context,NERC publications; media reports
2025-06-01,KAEDCO,E,industrial,92.06,295.63,0.0708,synthetic_fabricated_from_policy_context,NERC publications; media reports
2025-06-01,KAEDCO,Premium,residential,320.21,1181.67,0.2463,synthetic_fabricated_from_policy_context,NERC publications; media reports
2025-06-01,KAEDCO,Premium,commercial,352.23,1071.06,0.2709,synthetic_fabricated_from_policy_context,NERC publications; media reports
2025-06-01,KAEDCO,Premium,industrial,368.24,1146.13,0.2833,synthetic_fabricated_from_policy_context,NERC publications; media reports
2025-06-01,KEDCO,A,residential,197.27,730.8,0.1517,synthetic_fabricated_from_policy_context,NERC publications; media reports
2025-06-01,KEDCO,A,commercial,216.99,689.67,0.1669,synthetic_fabricated_from_policy_context,NERC publications; media reports
2025-06-01,KEDCO,A,industrial,226.86,744.95,0.1745,synthetic_fabricated_from_policy_context,NERC publications; media reports
2025-06-01,KEDCO,B,residential,157.81,538.13,0.1214,synthetic_fabricated_from_policy_context,NERC publications; media reports
2025-06-01,KEDCO,B,commercial,173.6,747.24,0.1335,synthetic_fabricated_from_policy_context,NERC publications; media reports
2025-06-01,KEDCO,B,industrial,181.49,773.05,0.1396,synthetic_fabricated_from_policy_context,NERC publications; media reports
2025-06-01,KEDCO,C,residential,126.25,570.25,0.0971,synthetic_fabricated_from_policy_context,NERC publications; media reports
2025-06-01,KEDCO,C,commercial,138.88,526.57,0.1068,synthetic_fabricated_from_policy_context,NERC publications; media reports
2025-06-01,KEDCO,C,industrial,145.19,626.49,0.1117,synthetic_fabricated_from_policy_context,NERC publications; media reports
2025-06-01,KEDCO,D,residential,102.58,401.43,0.0789,synthetic_fabricated_from_policy_context,NERC publications; media reports
2025-06-01,KEDCO,D,commercial,112.84,439.97,0.0868,synthetic_fabricated_from_policy_context,NERC publications; media reports
2025-06-01,KEDCO,D,industrial,117.97,381.99,0.0907,synthetic_fabricated_from_policy_context,NERC publications; media reports
2025-06-01,KEDCO,E,residential,78.91,252.02,0.0607,synthetic_fabricated_from_policy_context,NERC publications; media reports
2025-06-01,KEDCO,E,commercial,86.8,271.64,0.0668,synthetic_fabricated_from_policy_context,NERC publications; media reports
2025-06-01,KEDCO,E,industrial,90.74,382.69,0.0698,synthetic_fabricated_from_policy_context,NERC publications; media reports
2025-06-01,KEDCO,Premium,residential,315.63,1408.73,0.2428,synthetic_fabricated_from_policy_context,NERC publications; media reports
2025-06-01,KEDCO,Premium,commercial,347.19,1452.03,0.2671,synthetic_fabricated_from_policy_context,NERC publications; media reports
2025-06-01,KEDCO,Premium,industrial,362.97,1110.0,0.2792,synthetic_fabricated_from_policy_context,NERC publications; media reports
2025-06-01,PHED,A,residential,191.77,699.2,0.1475,synthetic_fabricated_from_policy_context,NERC publications; media reports
2025-06-01,PHED,A,commercial,210.95,905.73,0.1623,synthetic_fabricated_from_policy_context,NERC publications; media reports
2025-06-01,PHED,A,industrial,220.53,928.55,0.1696,synthetic_fabricated_from_policy_context,NERC publications; media reports
2025-06-01,PHED,B,residential,153.41,533.78,0.118,synthetic_fabricated_from_policy_context,NERC publications; media reports
2025-06-01,PHED,B,commercial,168.76,599.61,0.1298,synthetic_fabricated_from_policy_context,NERC publications; media reports
2025-06-01,PHED,B,industrial,176.43,809.09,0.1357,synthetic_fabricated_from_policy_context,NERC publications; media reports
2025-06-01,PHED,C,residential,122.73,478.34,0.0944,synthetic_fabricated_from_policy_context,NERC publications; media reports
2025-06-01,PHED,C,commercial,135.0,582.21,0.1038,synthetic_fabricated_from_policy_context,NERC publications; media reports
2025-06-01,PHED,C,industrial,141.14,462.91,0.1086,synthetic_fabricated_from_policy_context,NERC publications; media reports
2025-06-01,PHED,D,residential,99.72,431.44,0.0767,synthetic_fabricated_from_policy_context,NERC publications; media reports
2025-06-01,PHED,D,commercial,109.69,344.48,0.0844,synthetic_fabricated_from_policy_context,NERC publications; media reports
2025-06-01,PHED,D,industrial,114.68,498.39,0.0882,synthetic_fabricated_from_policy_context,NERC publications; media reports
2025-06-01,PHED,E,residential,76.71,331.67,0.059,synthetic_fabricated_from_policy_context,NERC publications; media reports
2025-06-01,PHED,E,commercial,84.38,316.85,0.0649,synthetic_fabricated_from_policy_context,NERC publications; media reports
2025-06-01,PHED,E,industrial,88.21,364.46,0.0679,synthetic_fabricated_from_policy_context,NERC publications; media reports
2025-06-01,PHED,Premium,residential,306.83,1069.23,0.236,synthetic_fabricated_from_policy_context,NERC publications; media reports
2025-06-01,PHED,Premium,commercial,337.51,1176.23,0.2596,synthetic_fabricated_from_policy_context,NERC publications; media reports
2025-06-01,PHED,Premium,industrial,352.85,1276.67,0.2714,synthetic_fabricated_from_policy_context,NERC publications; media reports
2025-06-01,YEDC,A,residential,237.11,617.5,0.1824,synthetic_fabricated_from_policy_context,NERC publications; media reports
2025-06-01,YEDC,A,commercial,260.82,895.14,0.2006,synthetic_fabricated_from_policy_context,NERC publications; media reports
2025-06-01,YEDC,A,industrial,272.67,706.76,0.2097,synthetic_fabricated_from_policy_context,NERC publications; media reports
2025-06-01,YEDC,B,residential,189.69,507.59,0.1459,synthetic_fabricated_from_policy_context,NERC publications; media reports
2025-06-01,YEDC,B,commercial,208.65,609.19,0.1605,synthetic_fabricated_from_policy_context,NERC publications; media reports
2025-06-01,YEDC,B,industrial,218.14,696.49,0.1678,synthetic_fabricated_from_policy_context,NERC publications; media reports
2025-06-01,YEDC,C,residential,151.75,509.05,0.1167,synthetic_fabricated_from_policy_context,NERC publications; media reports
2025-06-01,YEDC,C,commercial,166.92,477.7,0.1284,synthetic_fabricated_from_policy_context,NERC publications; media reports
2025-06-01,YEDC,C,industrial,174.51,657.23,0.1342,synthetic_fabricated_from_policy_context,NERC publications; media reports
2025-06-01,YEDC,D,residential,123.3,451.28,0.0948,synthetic_fabricated_from_policy_context,NERC publications; media reports
2025-06-01,YEDC,D,commercial,135.63,446.29,0.1043,synthetic_fabricated_from_policy_context,NERC publications; media reports
2025-06-01,YEDC,D,industrial,141.79,460.41,0.1091,synthetic_fabricated_from_policy_context,NERC publications; media reports
2025-06-01,YEDC,E,residential,94.84,253.0,0.073,synthetic_fabricated_from_policy_context,NERC publications; media reports
2025-06-01,YEDC,E,commercial,104.33,327.01,0.0803,synthetic_fabricated_from_policy_context,NERC publications; media reports
2025-06-01,YEDC,E,industrial,109.07,307.66,0.0839,synthetic_fabricated_from_policy_context,NERC publications; media reports
2025-06-01,YEDC,Premium,residential,379.37,1387.29,0.2918,synthetic_fabricated_from_policy_context,NERC publications; media reports
2025-06-01,YEDC,Premium,commercial,417.31,1544.81,0.321,synthetic_fabricated_from_policy_context,NERC publications; media reports
2025-06-01,YEDC,Premium,industrial,436.28,1515.62,0.3356,synthetic_fabricated_from_policy_context,NERC publications; media reports
2025-07-01,AEDC,A,residential,191.68,873.13,0.1474,synthetic_fabricated_from_policy_context,NERC publications; media reports
2025-07-01,AEDC,A,commercial,210.84,971.6,0.1622,synthetic_fabricated_from_policy_context,NERC publications; media reports
2025-07-01,AEDC,A,industrial,220.43,988.62,0.1696,synthetic_fabricated_from_policy_context,NERC publications; media reports
2025-07-01,AEDC,B,residential,153.34,614.76,0.118,synthetic_fabricated_from_policy_context,NERC publications; media reports
2025-07-01,AEDC,B,commercial,168.68,554.76,0.1298,synthetic_fabricated_from_policy_context,NERC publications; media reports
2025-07-01,AEDC,B,industrial,176.34,630.5,0.1356,synthetic_fabricated_from_policy_context,NERC publications; media reports
2025-07-01,AEDC,C,residential,122.67,534.76,0.0944,synthetic_fabricated_from_policy_context,NERC publications; media reports
2025-07-01,AEDC,C,commercial,134.94,477.97,0.1038,synthetic_fabricated_from_policy_context,NERC publications; media reports
2025-07-01,AEDC,C,industrial,141.07,543.09,0.1085,synthetic_fabricated_from_policy_context,NERC publications; media reports
2025-07-01,AEDC,D,residential,99.67,356.14,0.0767,synthetic_fabricated_from_policy_context,NERC publications; media reports
2025-07-01,AEDC,D,commercial,109.64,431.79,0.0843,synthetic_fabricated_from_policy_context,NERC publications; media reports
2025-07-01,AEDC,D,industrial,114.62,427.09,0.0882,synthetic_fabricated_from_policy_context,NERC publications; media reports
2025-07-01,AEDC,E,residential,76.67,314.29,0.059,synthetic_fabricated_from_policy_context,NERC publications; media reports
2025-07-01,AEDC,E,commercial,84.34,385.65,0.0649,synthetic_fabricated_from_policy_context,NERC publications; media reports
2025-07-01,AEDC,E,industrial,88.17,300.0,0.0678,synthetic_fabricated_from_policy_context,NERC publications; media reports
2025-07-01,AEDC,Premium,residential,306.68,1154.94,0.2359,synthetic_fabricated_from_policy_context,NERC publications; media reports
2025-07-01,AEDC,Premium,commercial,337.35,1410.0,0.2595,synthetic_fabricated_from_policy_context,NERC publications; media reports
2025-07-01,AEDC,Premium,industrial,352.69,1405.74,0.2713,synthetic_fabricated_from_policy_context,NERC publications; media reports
2025-07-01,BEDC,A,residential,210.38,857.82,0.1618,synthetic_fabricated_from_policy_context,NERC publications; media reports
2025-07-01,BEDC,A,commercial,231.42,815.65,0.178,synthetic_fabricated_from_policy_context,NERC publications; media reports
2025-07-01,BEDC,A,industrial,241.94,985.99,0.1861,synthetic_fabricated_from_policy_context,NERC publications; media reports
2025-07-01,BEDC,B,residential,168.31,667.63,0.1295,synthetic_fabricated_from_policy_context,NERC publications; media reports
2025-07-01,BEDC,B,commercial,185.14,621.91,0.1424,synthetic_fabricated_from_policy_context,NERC publications; media reports
2025-07-01,BEDC,B,industrial,193.55,704.39,0.1489,synthetic_fabricated_from_policy_context,NERC publications; media reports
2025-07-01,BEDC,C,residential,134.65,438.87,0.1036,synthetic_fabricated_from_policy_context,NERC publications; media reports
2025-07-01,BEDC,C,commercial,148.11,526.97,0.1139,synthetic_fabricated_from_policy_context,NERC publications; media reports
2025-07-01,BEDC,C,industrial,154.84,562.35,0.1191,synthetic_fabricated_from_policy_context,NERC publications; media reports
2025-07-01,BEDC,D,residential,109.4,323.67,0.0842,synthetic_fabricated_from_policy_context,NERC publications; media reports
2025-07-01,BEDC,D,commercial,120.34,406.44,0.0926,synthetic_fabricated_from_policy_context,NERC publications; media reports
2025-07-01,BEDC,D,industrial,125.81,433.26,0.0968,synthetic_fabricated_from_policy_context,NERC publications; media reports
2025-07-01,BEDC,E,residential,84.15,252.84,0.0647,synthetic_fabricated_from_policy_context,NERC publications; media reports
2025-07-01,BEDC,E,commercial,92.57,358.8,0.0712,synthetic_fabricated_from_policy_context,NERC publications; media reports
2025-07-01,BEDC,E,industrial,96.78,300.59,0.0744,synthetic_fabricated_from_policy_context,NERC publications; media reports
2025-07-01,BEDC,Premium,residential,336.61,969.69,0.2589,synthetic_fabricated_from_policy_context,NERC publications; media reports
2025-07-01,BEDC,Premium,commercial,370.28,1086.99,0.2848,synthetic_fabricated_from_policy_context,NERC publications; media reports
2025-07-01,BEDC,Premium,industrial,387.11,1256.97,0.2978,synthetic_fabricated_from_policy_context,NERC publications; media reports
2025-07-01,EEDC,A,residential,218.62,892.77,0.1682,synthetic_fabricated_from_policy_context,NERC publications; media reports
2025-07-01,EEDC,A,commercial,240.49,725.68,0.185,synthetic_fabricated_from_policy_context,NERC publications; media reports
2025-07-01,EEDC,A,industrial,251.42,927.99,0.1934,synthetic_fabricated_from_policy_context,NERC publications; media reports
2025-07-01,EEDC,B,residential,174.9,551.23,0.1345,synthetic_fabricated_from_policy_context,NERC publications; media reports
2025-07-01,EEDC,B,commercial,192.39,660.36,0.148,synthetic_fabricated_from_policy_context,NERC publications; media reports
2025-07-01,EEDC,B,industrial,201.13,601.96,0.1547,synthetic_fabricated_from_policy_context,NERC publications; media reports
2025-07-01,EEDC,C,residential,139.92,460.41,0.1076,synthetic_fabricated_from_policy_context,NERC publications; media reports
2025-07-01,EEDC,C,commercial,153.91,535.72,0.1184,synthetic_fabricated_from_policy_context,NERC publications; media reports
2025-07-01,EEDC,C,industrial,160.91,615.23,0.1238,synthetic_fabricated_from_policy_context,NERC publications; media reports
2025-07-01,EEDC,D,residential,113.68,440.92,0.0874,synthetic_fabricated_from_policy_context,NERC publications; media reports
2025-07-01,EEDC,D,commercial,125.05,463.07,0.0962,synthetic_fabricated_from_policy_context,NERC publications; media reports
2025-07-01,EEDC,D,industrial,130.74,403.37,0.1006,synthetic_fabricated_from_policy_context,NERC publications; media reports
2025-07-01,EEDC,E,residential,87.45,355.35,0.0673,synthetic_fabricated_from_policy_context,NERC publications; media reports
2025-07-01,EEDC,E,commercial,96.19,278.39,0.074,synthetic_fabricated_from_policy_context,NERC publications; media reports
2025-07-01,EEDC,E,industrial,100.57,402.31,0.0774,synthetic_fabricated_from_policy_context,NERC publications; media reports
2025-07-01,EEDC,Premium,residential,349.8,1327.42,0.2691,synthetic_fabricated_from_policy_context,NERC publications; media reports
2025-07-01,EEDC,Premium,commercial,384.78,1272.81,0.296,synthetic_fabricated_from_policy_context,NERC publications; media reports
2025-07-01,EEDC,Premium,industrial,402.27,1629.7,0.3094,synthetic_fabricated_from_policy_context,NERC publications; media reports
2025-07-01,EKEDC,A,residential,192.34,711.3,0.148,synthetic_fabricated_from_policy_context,NERC publications; media reports
2025-07-01,EKEDC,A,commercial,211.58,955.62,0.1628,synthetic_fabricated_from_policy_context,NERC publications; media reports
2025-07-01,EKEDC,A,industrial,221.19,840.43,0.1701,synthetic_fabricated_from_policy_context,NERC publications; media reports
2025-07-01,EKEDC,B,residential,153.87,523.86,0.1184,synthetic_fabricated_from_policy_context,NERC publications; media reports
2025-07-01,EKEDC,B,commercial,169.26,662.76,0.1302,synthetic_fabricated_from_policy_context,NERC publications; media reports
2025-07-01,EKEDC,B,industrial,176.95,622.9,0.1361,synthetic_fabricated_from_policy_context,NERC publications; media reports
2025-07-01,EKEDC,C,residential,123.1,558.84,0.0947,synthetic_fabricated_from_policy_context,NERC publications; media reports
2025-07-01,EKEDC,C,commercial,135.41,611.28,0.1042,synthetic_fabricated_from_policy_context,NERC publications; media reports
2025-07-01,EKEDC,C,industrial,141.56,513.34,0.1089,synthetic_fabricated_from_policy_context,NERC publications; media reports
2025-07-01,EKEDC,D,residential,100.02,427.91,0.0769,synthetic_fabricated_from_policy_context,NERC publications; media reports
2025-07-01,EKEDC,D,commercial,110.02,398.86,0.0846,synthetic_fabricated_from_policy_context,NERC publications; media reports
2025-07-01,EKEDC,D,industrial,115.02,480.2,0.0885,synthetic_fabricated_from_policy_context,NERC publications; media reports
2025-07-01,EKEDC,E,residential,76.94,325.85,0.0592,synthetic_fabricated_from_policy_context,NERC publications; media reports
2025-07-01,EKEDC,E,commercial,84.63,301.67,0.0651,synthetic_fabricated_from_policy_context,NERC publications; media reports
2025-07-01,EKEDC,E,industrial,88.48,319.96,0.0681,synthetic_fabricated_from_policy_context,NERC publications; media reports
2025-07-01,EKEDC,Premium,residential,307.75,1268.91,0.2367,synthetic_fabricated_from_policy_context,NERC publications; media reports
2025-07-01,EKEDC,Premium,commercial,338.52,1555.42,0.2604,synthetic_fabricated_from_policy_context,NERC publications; media reports
2025-07-01,EKEDC,Premium,industrial,353.91,1147.89,0.2722,synthetic_fabricated_from_policy_context,NERC publications; media reports
2025-07-01,IBEDC,A,residential,223.66,683.65,0.172,synthetic_fabricated_from_policy_context,NERC publications; media reports
2025-07-01,IBEDC,A,commercial,246.03,695.77,0.1893,synthetic_fabricated_from_policy_context,NERC publications; media reports
2025-07-01,IBEDC,A,industrial,257.21,969.32,0.1979,synthetic_fabricated_from_policy_context,NERC publications; media reports
2025-07-01,IBEDC,B,residential,178.93,521.38,0.1376,synthetic_fabricated_from_policy_context,NERC publications; media reports
2025-07-01,IBEDC,B,commercial,196.82,670.2,0.1514,synthetic_fabricated_from_policy_context,NERC publications; media reports
2025-07-01,IBEDC,B,industrial,205.77,718.86,0.1583,synthetic_fabricated_from_policy_context,NERC publications; media reports
2025-07-01,IBEDC,C,residential,143.14,473.38,0.1101,synthetic_fabricated_from_policy_context,NERC publications; media reports
2025-07-01,IBEDC,C,commercial,157.46,449.28,0.1211,synthetic_fabricated_from_policy_context,NERC publications; media reports
2025-07-01,IBEDC,C,industrial,164.61,574.27,0.1266,synthetic_fabricated_from_policy_context,NERC publications; media reports
2025-07-01,IBEDC,D,residential,116.3,356.87,0.0895,synthetic_fabricated_from_policy_context,NERC publications; media reports
2025-07-01,IBEDC,D,commercial,127.93,348.31,0.0984,synthetic_fabricated_from_policy_context,NERC publications; media reports
2025-07-01,IBEDC,D,industrial,133.75,503.22,0.1029,synthetic_fabricated_from_policy_context,NERC publications; media reports
2025-07-01,IBEDC,E,residential,89.46,251.34,0.0688,synthetic_fabricated_from_policy_context,NERC publications; media reports
2025-07-01,IBEDC,E,commercial,98.41,377.09,0.0757,synthetic_fabricated_from_policy_context,NERC publications; media reports
2025-07-01,IBEDC,E,industrial,102.88,291.09,0.0791,synthetic_fabricated_from_policy_context,NERC publications; media reports
2025-07-01,IBEDC,Premium,residential,357.86,1083.44,0.2753,synthetic_fabricated_from_policy_context,NERC publications; media reports
2025-07-01,IBEDC,Premium,commercial,393.64,1304.47,0.3028,synthetic_fabricated_from_policy_context,NERC publications; media reports
2025-07-01,IBEDC,Premium,industrial,411.54,1640.56,0.3166,synthetic_fabricated_from_policy_context,NERC publications; media reports
2025-07-01,IKEDC,A,residential,218.9,885.01,0.1684,synthetic_fabricated_from_policy_context,NERC publications; media reports
2025-07-01,IKEDC,A,commercial,240.79,868.46,0.1852,synthetic_fabricated_from_policy_context,NERC publications; media reports
2025-07-01,IKEDC,A,industrial,251.74,759.29,0.1936,synthetic_fabricated_from_policy_context,NERC publications; media reports
2025-07-01,IKEDC,B,residential,175.12,615.76,0.1347,synthetic_fabricated_from_policy_context,NERC publications; media reports
2025-07-01,IKEDC,B,commercial,192.63,538.77,0.1482,synthetic_fabricated_from_policy_context,NERC publications; media reports
2025-07-01,IKEDC,B,industrial,201.39,748.54,0.1549,synthetic_fabricated_from_policy_context,NERC publications; media reports
2025-07-01,IKEDC,C,residential,140.1,468.28,0.1078,synthetic_fabricated_from_policy_context,NERC publications; media reports
2025-07-01,IKEDC,C,commercial,154.11,558.92,0.1185,synthetic_fabricated_from_policy_context,NERC publications; media reports
2025-07-01,IKEDC,C,industrial,161.11,535.38,0.1239,synthetic_fabricated_from_policy_context,NERC publications; media reports
2025-07-01,IKEDC,D,residential,113.83,346.79,0.0876,synthetic_fabricated_from_policy_context,NERC publications; media reports
2025-07-01,IKEDC,D,commercial,125.21,373.35,0.0963,synthetic_fabricated_from_policy_context,NERC publications; media reports
2025-07-01,IKEDC,D,industrial,130.9,497.17,0.1007,synthetic_fabricated_from_policy_context,NERC publications; media reports
2025-07-01,IKEDC,E,residential,87.56,266.51,0.0674,synthetic_fabricated_from_policy_context,NERC publications; media reports
2025-07-01,IKEDC,E,commercial,96.32,290.59,0.0741,synthetic_fabricated_from_policy_context,NERC publications; media reports
2025-07-01,IKEDC,E,industrial,100.7,343.48,0.0775,synthetic_fabricated_from_policy_context,NERC publications; media reports
2025-07-01,IKEDC,Premium,residential,350.25,1386.51,0.2694,synthetic_fabricated_from_policy_context,NERC publications; media reports
2025-07-01,IKEDC,Premium,commercial,385.27,1423.61,0.2964,synthetic_fabricated_from_policy_context,NERC publications; media reports
2025-07-01,IKEDC,Premium,industrial,402.78,1243.52,0.3098,synthetic_fabricated_from_policy_context,NERC publications; media reports
2025-07-01,JED,A,residential,237.73,817.59,0.1829,synthetic_fabricated_from_policy_context,NERC publications; media reports
2025-07-01,JED,A,commercial,261.5,689.43,0.2012,synthetic_fabricated_from_policy_context,NERC publications; media reports
2025-07-01,JED,A,industrial,273.39,792.73,0.2103,synthetic_fabricated_from_policy_context,NERC publications; media reports
2025-07-01,JED,B,residential,190.18,514.17,0.1463,synthetic_fabricated_from_policy_context,NERC publications; media reports
2025-07-01,JED,B,commercial,209.2,740.83,0.1609,synthetic_fabricated_from_policy_context,NERC publications; media reports
2025-07-01,JED,B,industrial,218.71,717.87,0.1682,synthetic_fabricated_from_policy_context,NERC publications; media reports
2025-07-01,JED,C,residential,152.15,567.26,0.117,synthetic_fabricated_from_policy_context,NERC publications; media reports
2025-07-01,JED,C,commercial,167.36,578.49,0.1287,synthetic_fabricated_from_policy_context,NERC publications; media reports
2025-07-01,JED,C,industrial,174.97,554.3,0.1346,synthetic_fabricated_from_policy_context,NERC publications; media reports
2025-07-01,JED,D,residential,123.62,381.59,0.0951,synthetic_fabricated_from_policy_context,NERC publications; media reports
2025-07-01,JED,D,commercial,135.98,502.53,0.1046,synthetic_fabricated_from_policy_context,NERC publications; media reports
2025-07-01,JED,D,industrial,142.16,370.63,0.1094,synthetic_fabricated_from_policy_context,NERC publications; media reports
2025-07-01,JED,E,residential,95.09,317.19,0.0731,synthetic_fabricated_from_policy_context,NERC publications; media reports
2025-07-01,JED,E,commercial,104.6,315.39,0.0805,synthetic_fabricated_from_policy_context,NERC publications; media reports
2025-07-01,JED,E,industrial,109.35,324.64,0.0841,synthetic_fabricated_from_policy_context,NERC publications; media reports
2025-07-01,JED,Premium,residential,380.36,1142.76,0.2926,synthetic_fabricated_from_policy_context,NERC publications; media reports
2025-07-01,JED,Premium,commercial,418.4,1115.19,0.3218,synthetic_fabricated_from_policy_context,NERC publications; media reports
2025-07-01,JED,Premium,industrial,437.42,1387.4,0.3365,synthetic_fabricated_from_policy_context,NERC publications; media reports
2025-07-01,KAEDCO,A,residential,222.69,727.98,0.1713,synthetic_fabricated_from_policy_context,NERC publications; media reports
2025-07-01,KAEDCO,A,commercial,244.96,800.15,0.1884,synthetic_fabricated_from_policy_context,NERC publications; media reports
2025-07-01,KAEDCO,A,industrial,256.09,1012.75,0.197,synthetic_fabricated_from_policy_context,NERC publications; media reports
2025-07-01,KAEDCO,B,residential,178.15,683.78,0.137,synthetic_fabricated_from_policy_context,NERC publications; media reports
2025-07-01,KAEDCO,B,commercial,195.97,762.64,0.1507,synthetic_fabricated_from_policy_context,NERC publications; media reports
2025-07-01,KAEDCO,B,industrial,204.88,709.49,0.1576,synthetic_fabricated_from_policy_context,NERC publications; media reports
2025-07-01,KAEDCO,C,residential,142.52,539.44,0.1096,synthetic_fabricated_from_policy_context,NERC publications; media reports
2025-07-01,KAEDCO,C,commercial,156.77,569.63,0.1206,synthetic_fabricated_from_policy_context,NERC publications; media reports
2025-07-01,KAEDCO,C,industrial,163.9,630.42,0.1261,synthetic_fabricated_from_policy_context,NERC publications; media reports
2025-07-01,KAEDCO,D,residential,115.8,319.91,0.0891,synthetic_fabricated_from_policy_context,NERC publications; media reports
2025-07-01,KAEDCO,D,commercial,127.38,499.41,0.098,synthetic_fabricated_from_policy_context,NERC publications; media reports
2025-07-01,KAEDCO,D,industrial,133.17,535.9,0.1024,synthetic_fabricated_from_policy_context,NERC publications; media reports
2025-07-01,KAEDCO,E,residential,89.08,331.43,0.0685,synthetic_fabricated_from_policy_context,NERC publications; media reports
2025-07-01,KAEDCO,E,commercial,97.98,389.21,0.0754,synthetic_fabricated_from_policy_context,NERC publications; media reports
2025-07-01,KAEDCO,E,industrial,102.44,357.91,0.0788,synthetic_fabricated_from_policy_context,NERC publications; media reports
2025-07-01,KAEDCO,Premium,residential,356.31,1240.33,0.2741,synthetic_fabricated_from_policy_context,NERC publications; media reports
2025-07-01,KAEDCO,Premium,commercial,391.94,1454.66,0.3015,synthetic_fabricated_from_policy_context,NERC publications; media reports
2025-07-01,KAEDCO,Premium,industrial,409.75,1237.71,0.3152,synthetic_fabricated_from_policy_context,NERC publications; media reports
2025-07-01,KEDCO,A,residential,191.95,717.72,0.1477,synthetic_fabricated_from_policy_context,NERC publications; media reports
2025-07-01,KEDCO,A,commercial,211.15,924.61,0.1624,synthetic_fabricated_from_policy_context,NERC publications; media reports
2025-07-01,KEDCO,A,industrial,220.74,737.79,0.1698,synthetic_fabricated_from_policy_context,NERC publications; media reports
2025-07-01,KEDCO,B,residential,153.56,608.23,0.1181,synthetic_fabricated_from_policy_context,NERC publications; media reports
2025-07-01,KEDCO,B,commercial,168.92,727.8,0.1299,synthetic_fabricated_from_policy_context,NERC publications; media reports
2025-07-01,KEDCO,B,industrial,176.59,736.23,0.1358,synthetic_fabricated_from_policy_context,NERC publications; media reports
2025-07-01,KEDCO,C,residential,122.85,392.33,0.0945,synthetic_fabricated_from_policy_context,NERC publications; media reports
2025-07-01,KEDCO,C,commercial,135.13,593.01,0.1039,synthetic_fabricated_from_policy_context,NERC publications; media reports
2025-07-01,KEDCO,C,industrial,141.28,609.0,0.1087,synthetic_fabricated_from_policy_context,NERC publications; media reports
2025-07-01,KEDCO,D,residential,99.81,315.81,0.0768,synthetic_fabricated_from_policy_context,NERC publications; media reports
2025-07-01,KEDCO,D,commercial,109.8,482.21,0.0845,synthetic_fabricated_from_policy_context,NERC publications; media reports
2025-07-01,KEDCO,D,industrial,114.79,523.46,0.0883,synthetic_fabricated_from_policy_context,NERC publications; media reports
2025-07-01,KEDCO,E,residential,76.78,348.47,0.0591,synthetic_fabricated_from_policy_context,NERC publications; media reports
2025-07-01,KEDCO,E,commercial,84.46,280.39,0.065,synthetic_fabricated_from_policy_context,NERC publications; media reports
2025-07-01,KEDCO,E,industrial,88.3,331.26,0.0679,synthetic_fabricated_from_policy_context,NERC publications; media reports
2025-07-01,KEDCO,Premium,residential,307.12,1420.02,0.2362,synthetic_fabricated_from_policy_context,NERC publications; media reports
2025-07-01,KEDCO,Premium,commercial,337.83,1126.21,0.2599,synthetic_fabricated_from_policy_context,NERC publications; media reports
2025-07-01,KEDCO,Premium,industrial,353.19,1278.31,0.2717,synthetic_fabricated_from_policy_context,NERC publications; media reports
2025-07-01,PHED,A,residential,214.92,631.78,0.1653,synthetic_fabricated_from_policy_context,NERC publications; media reports
2025-07-01,PHED,A,commercial,236.41,826.61,0.1819,synthetic_fabricated_from_policy_context,NERC publications; media reports
2025-07-01,PHED,A,industrial,247.16,1019.8,0.1901,synthetic_fabricated_from_policy_context,NERC publications; media reports
2025-07-01,PHED,B,residential,171.94,684.48,0.1323,synthetic_fabricated_from_policy_context,NERC publications; media reports
2025-07-01,PHED,B,commercial,189.13,770.71,0.1455,synthetic_fabricated_from_policy_context,NERC publications; media reports
2025-07-01,PHED,B,industrial,197.73,570.78,0.1521,synthetic_fabricated_from_policy_context,NERC publications; media reports
2025-07-01,PHED,C,residential,137.55,444.1,0.1058,synthetic_fabricated_from_policy_context,NERC publications; media reports
2025-07-01,PHED,C,commercial,151.3,498.07,0.1164,synthetic_fabricated_from_policy_context,NERC publications; media reports
2025-07-01,PHED,C,industrial,158.18,465.26,0.1217,synthetic_fabricated_from_policy_context,NERC publications; media reports
2025-07-01,PHED,D,residential,111.76,433.56,0.086,synthetic_fabricated_from_policy_context,NERC publications; media reports
2025-07-01,PHED,D,commercial,122.94,488.1,0.0946,synthetic_fabricated_from_policy_context,NERC publications; media reports
2025-07-01,PHED,D,industrial,128.52,383.63,0.0989,synthetic_fabricated_from_policy_context,NERC publications; media reports
2025-07-01,PHED,E,residential,85.97,303.94,0.0661,synthetic_fabricated_from_policy_context,NERC publications; media reports
2025-07-01,PHED,E,commercial,94.57,356.1,0.0727,synthetic_fabricated_from_policy_context,NERC publications; media reports
2025-07-01,PHED,E,industrial,98.86,393.05,0.076,synthetic_fabricated_from_policy_context,NERC publications; media reports
2025-07-01,PHED,Premium,residential,343.87,1032.35,0.2645,synthetic_fabricated_from_policy_context,NERC publications; media reports
2025-07-01,PHED,Premium,commercial,378.26,1111.13,0.291,synthetic_fabricated_from_policy_context,NERC publications; media reports
2025-07-01,PHED,Premium,industrial,395.46,1640.17,0.3042,synthetic_fabricated_from_policy_context,NERC publications; media reports
2025-07-01,YEDC,A,residential,221.72,757.52,0.1706,synthetic_fabricated_from_policy_context,NERC publications; media reports
2025-07-01,YEDC,A,commercial,243.89,695.15,0.1876,synthetic_fabricated_from_policy_context,NERC publications; media reports
2025-07-01,YEDC,A,industrial,254.97,963.12,0.1961,synthetic_fabricated_from_policy_context,NERC publications; media reports
2025-07-01,YEDC,B,residential,177.37,483.69,0.1364,synthetic_fabricated_from_policy_context,NERC publications; media reports
2025-07-01,YEDC,B,commercial,195.11,552.97,0.1501,synthetic_fabricated_from_policy_context,NERC publications; media reports
2025-07-01,YEDC,B,industrial,203.98,610.55,0.1569,synthetic_fabricated_from_policy_context,NERC publications; media reports
2025-07-01,YEDC,C,residential,141.9,430.31,0.1092,synthetic_fabricated_from_policy_context,NERC publications; media reports
2025-07-01,YEDC,C,commercial,156.09,611.3,0.1201,synthetic_fabricated_from_policy_context,NERC publications; media reports
2025-07-01,YEDC,C,industrial,163.18,617.78,0.1255,synthetic_fabricated_from_policy_context,NERC publications; media reports
2025-07-01,YEDC,D,residential,115.29,354.03,0.0887,synthetic_fabricated_from_policy_context,NERC publications; media reports
2025-07-01,YEDC,D,commercial,126.82,435.43,0.0976,synthetic_fabricated_from_policy_context,NERC publications; media reports
2025-07-01,YEDC,D,industrial,132.59,369.4,0.102,synthetic_fabricated_from_policy_context,NERC publications; media reports
2025-07-01,YEDC,E,residential,88.69,359.83,0.0682,synthetic_fabricated_from_policy_context,NERC publications; media reports
2025-07-01,YEDC,E,commercial,97.55,303.1,0.075,synthetic_fabricated_from_policy_context,NERC publications; media reports
2025-07-01,YEDC,E,industrial,101.99,412.88,0.0785,synthetic_fabricated_from_policy_context,NERC publications; media reports
2025-07-01,YEDC,Premium,residential,354.75,1145.55,0.2729,synthetic_fabricated_from_policy_context,NERC publications; media reports
2025-07-01,YEDC,Premium,commercial,390.22,1070.17,0.3002,synthetic_fabricated_from_policy_context,NERC publications; media reports
2025-07-01,YEDC,Premium,industrial,407.96,1263.66,0.3138,synthetic_fabricated_from_policy_context,NERC publications; media reports
2025-08-01,AEDC,A,residential,219.87,623.74,0.1691,synthetic_fabricated_from_policy_context,NERC publications; media reports
2025-08-01,AEDC,A,commercial,241.86,780.39,0.186,synthetic_fabricated_from_policy_context,NERC publications; media reports
2025-08-01,AEDC,A,industrial,252.85,1026.01,0.1945,synthetic_fabricated_from_policy_context,NERC publications; media reports
2025-08-01,AEDC,B,residential,175.9,647.26,0.1353,synthetic_fabricated_from_policy_context,NERC publications; media reports
2025-08-01,AEDC,B,commercial,193.49,724.59,0.1488,synthetic_fabricated_from_policy_context,NERC publications; media reports
2025-08-01,AEDC,B,industrial,202.28,672.73,0.1556,synthetic_fabricated_from_policy_context,NERC publications; media reports
2025-08-01,AEDC,C,residential,140.72,421.75,0.1082,synthetic_fabricated_from_policy_context,NERC publications; media reports
2025-08-01,AEDC,C,commercial,154.79,551.02,0.1191,synthetic_fabricated_from_policy_context,NERC publications; media reports
2025-08-01,AEDC,C,industrial,161.82,492.09,0.1245,synthetic_fabricated_from_policy_context,NERC publications; media reports
2025-08-01,AEDC,D,residential,114.33,431.96,0.0879,synthetic_fabricated_from_policy_context,NERC publications; media reports
2025-08-01,AEDC,D,commercial,125.77,432.67,0.0967,synthetic_fabricated_from_policy_context,NERC publications; media reports
2025-08-01,AEDC,D,industrial,131.48,364.88,0.1011,synthetic_fabricated_from_policy_context,NERC publications; media reports
2025-08-01,AEDC,E,residential,87.95,283.17,0.0677,synthetic_fabricated_from_policy_context,NERC publications; media reports
2025-08-01,AEDC,E,commercial,96.74,276.68,0.0744,synthetic_fabricated_from_policy_context,NERC publications; media reports
2025-08-01,AEDC,E,industrial,101.14,355.11,0.0778,synthetic_fabricated_from_policy_context,NERC publications; media reports
2025-08-01,AEDC,Premium,residential,351.79,1428.1,0.2706,synthetic_fabricated_from_policy_context,NERC publications; media reports
2025-08-01,AEDC,Premium,commercial,386.97,1434.22,0.2977,synthetic_fabricated_from_policy_context,NERC publications; media reports
2025-08-01,AEDC,Premium,industrial,404.56,1597.48,0.3112,synthetic_fabricated_from_policy_context,NERC publications; media reports
2025-08-01,BEDC,A,residential,207.4,682.85,0.1595,synthetic_fabricated_from_policy_context,NERC publications; media reports
2025-08-01,BEDC,A,commercial,228.14,942.14,0.1755,synthetic_fabricated_from_policy_context,NERC publications; media reports
2025-08-01,BEDC,A,industrial,238.51,913.7,0.1835,synthetic_fabricated_from_policy_context,NERC publications; media reports
2025-08-01,BEDC,B,residential,165.92,628.02,0.1276,synthetic_fabricated_from_policy_context,NERC publications; media reports
2025-08-01,BEDC,B,commercial,182.51,768.48,0.1404,synthetic_fabricated_from_policy_context,NERC publications; media reports
2025-08-01,BEDC,B,industrial,190.81,755.2,0.1468,synthetic_fabricated_from_policy_context,NERC publications; media reports
2025-08-01,BEDC,C,residential,132.74,479.15,0.1021,synthetic_fabricated_from_policy_context,NERC publications; media reports
2025-08-01,BEDC,C,commercial,146.01,466.03,0.1123,synthetic_fabricated_from_policy_context,NERC publications; media reports
2025-08-01,BEDC,C,industrial,152.65,613.27,0.1174,synthetic_fabricated_from_policy_context,NERC publications; media reports
2025-08-01,BEDC,D,residential,107.85,366.69,0.083,synthetic_fabricated_from_policy_context,NERC publications; media reports
2025-08-01,BEDC,D,commercial,118.63,459.61,0.0913,synthetic_fabricated_from_policy_context,NERC publications; media reports
2025-08-01,BEDC,D,industrial,124.03,448.68,0.0954,synthetic_fabricated_from_policy_context,NERC publications; media reports
2025-08-01,BEDC,E,residential,82.96,339.86,0.0638,synthetic_fabricated_from_policy_context,NERC publications; media reports
2025-08-01,BEDC,E,commercial,91.26,274.21,0.0702,synthetic_fabricated_from_policy_context,NERC publications; media reports
2025-08-01,BEDC,E,industrial,95.4,404.53,0.0734,synthetic_fabricated_from_policy_context,NERC publications; media reports
2025-08-01,BEDC,Premium,residential,331.84,1360.38,0.2553,synthetic_fabricated_from_policy_context,NERC publications; media reports
2025-08-01,BEDC,Premium,commercial,365.03,1185.64,0.2808,synthetic_fabricated_from_policy_context,NERC publications; media reports
2025-08-01,BEDC,Premium,industrial,381.62,1210.4,0.2936,synthetic_fabricated_from_policy_context,NERC publications; media reports
2025-08-01,EEDC,A,residential,241.71,657.11,0.1859,synthetic_fabricated_from_policy_context,NERC publications; media reports
2025-08-01,EEDC,A,commercial,265.89,789.59,0.2045,synthetic_fabricated_from_policy_context,NERC publications; media reports
2025-08-01,EEDC,A,industrial,277.97,777.76,0.2138,synthetic_fabricated_from_policy_context,NERC publications; media reports
2025-08-01,EEDC,B,residential,193.37,638.3,0.1487,synthetic_fabricated_from_policy_context,NERC publications; media reports
2025-08-01,EEDC,B,commercial,212.71,742.67,0.1636,synthetic_fabricated_from_policy_context,NERC publications; media reports
2025-08-01,EEDC,B,industrial,222.38,774.59,0.1711,synthetic_fabricated_from_policy_context,NERC publications; media reports
2025-08-01,EEDC,C,residential,154.7,438.29,0.119,synthetic_fabricated_from_policy_context,NERC publications; media reports
2025-08-01,EEDC,C,commercial,170.17,449.12,0.1309,synthetic_fabricated_from_policy_context,NERC publications; media reports
2025-08-01,EEDC,C,industrial,177.9,571.59,0.1368,synthetic_fabricated_from_policy_context,NERC publications; media reports
2025-08-01,EEDC,D,residential,125.69,454.84,0.0967,synthetic_fabricated_from_policy_context,NERC publications; media reports
2025-08-01,EEDC,D,commercial,138.26,492.06,0.1064,synthetic_fabricated_from_policy_context,NERC publications; media reports
2025-08-01,EEDC,D,industrial,144.54,536.87,0.1112,synthetic_fabricated_from_policy_context,NERC publications; media reports
2025-08-01,EEDC,E,residential,96.69,293.04,0.0744,synthetic_fabricated_from_policy_context,NERC publications; media reports
2025-08-01,EEDC,E,commercial,106.35,341.0,0.0818,synthetic_fabricated_from_policy_context,NERC publications; media reports
2025-08-01,EEDC,E,industrial,111.19,413.11,0.0855,synthetic_fabricated_from_policy_context,NERC publications; media reports
2025-08-01,EEDC,Premium,residential,386.74,1201.73,0.2975,synthetic_fabricated_from_policy_context,NERC publications; media reports
2025-08-01,EEDC,Premium,commercial,425.42,1237.53,0.3272,synthetic_fabricated_from_policy_context,NERC publications; media reports
2025-08-01,EEDC,Premium,industrial,444.75,1214.98,0.3421,synthetic_fabricated_from_policy_context,NERC publications; media reports
2025-08-01,EKEDC,A,residential,211.1,819.36,0.1624,synthetic_fabricated_from_policy_context,NERC publications; media reports
2025-08-01,EKEDC,A,commercial,232.21,714.87,0.1786,synthetic_fabricated_from_policy_context,NERC publications; media reports
2025-08-01,EKEDC,A,industrial,242.77,919.18,0.1867,synthetic_fabricated_from_policy_context,NERC publications; media reports
2025-08-01,EKEDC,B,residential,168.88,485.42,0.1299,synthetic_fabricated_from_policy_context,NERC publications; media reports
2025-08-01,EKEDC,B,commercial,185.77,536.38,0.1429,synthetic_fabricated_from_policy_context,NERC publications; media reports
2025-08-01,EKEDC,B,industrial,194.21,711.08,0.1494,synthetic_fabricated_from_policy_context,NERC publications; media reports
2025-08-01,EKEDC,C,residential,135.11,566.64,0.1039,synthetic_fabricated_from_policy_context,NERC publications; media reports
2025-08-01,EKEDC,C,commercial,148.62,544.2,0.1143,synthetic_fabricated_from_policy_context,NERC publications; media reports
2025-08-01,EKEDC,C,industrial,155.37,590.37,0.1195,synthetic_fabricated_from_policy_context,NERC publications; media reports
2025-08-01,EKEDC,D,residential,109.77,464.63,0.0844,synthetic_fabricated_from_policy_context,NERC publications; media reports
2025-08-01,EKEDC,D,commercial,120.75,362.27,0.0929,synthetic_fabricated_from_policy_context,NERC publications; media reports
2025-08-01,EKEDC,D,industrial,126.24,390.51,0.0971,synthetic_fabricated_from_policy_context,NERC publications; media reports
2025-08-01,EKEDC,E,residential,84.44,297.43,0.065,synthetic_fabricated_from_policy_context,NERC publications; media reports
2025-08-01,EKEDC,E,commercial,92.88,361.01,0.0714,synthetic_fabricated_from_policy_context,NERC publications; media reports
2025-08-01,EKEDC,E,industrial,97.11,295.68,0.0747,synthetic_fabricated_from_policy_context,NERC publications; media reports
2025-08-01,EKEDC,Premium,residential,337.76,1178.66,0.2598,synthetic_fabricated_from_policy_context,NERC publications; media reports
2025-08-01,EKEDC,Premium,commercial,371.54,1202.35,0.2858,synthetic_fabricated_from_policy_context,NERC publications; media reports
2025-08-01,EKEDC,Premium,industrial,388.43,1516.41,0.2988,synthetic_fabricated_from_policy_context,NERC publications; media reports
2025-08-01,IBEDC,A,residential,226.33,729.8,0.1741,synthetic_fabricated_from_policy_context,NERC publications; media reports
2025-08-01,IBEDC,A,commercial,248.96,958.22,0.1915,synthetic_fabricated_from_policy_context,NERC publications; media reports
2025-08-01,IBEDC,A,industrial,260.28,857.35,0.2002,synthetic_fabricated_from_policy_context,NERC publications; media reports
2025-08-01,IBEDC,B,residential,181.06,567.32,0.1393,synthetic_fabricated_from_policy_context,NERC publications; media reports
2025-08-01,IBEDC,B,commercial,199.17,594.98,0.1532,synthetic_fabricated_from_policy_context,NERC publications; media reports
2025-08-01,IBEDC,B,industrial,208.22,701.11,0.1602,synthetic_fabricated_from_policy_context,NERC publications; media reports
2025-08-01,IBEDC,C,residential,144.85,467.6,0.1114,synthetic_fabricated_from_policy_context,NERC publications; media reports
2025-08-01,IBEDC,C,commercial,159.34,585.91,0.1226,synthetic_fabricated_from_policy_context,NERC publications; media reports
2025-08-01,IBEDC,C,industrial,166.58,643.97,0.1281,synthetic_fabricated_from_policy_context,NERC publications; media reports
2025-08-01,IBEDC,D,residential,117.69,408.07,0.0905,synthetic_fabricated_from_policy_context,NERC publications; media reports
2025-08-01,IBEDC,D,commercial,129.46,505.14,0.0996,synthetic_fabricated_from_policy_context,NERC publications; media reports
2025-08-01,IBEDC,D,industrial,135.35,389.95,0.1041,synthetic_fabricated_from_policy_context,NERC publications; media reports
2025-08-01,IBEDC,E,residential,90.53,261.73,0.0696,synthetic_fabricated_from_policy_context,NERC publications; media reports
2025-08-01,IBEDC,E,commercial,99.59,269.14,0.0766,synthetic_fabricated_from_policy_context,NERC publications; media reports
2025-08-01,IBEDC,E,industrial,104.11,361.43,0.0801,synthetic_fabricated_from_policy_context,NERC publications; media reports
2025-08-01,IBEDC,Premium,residential,362.13,1069.92,0.2786,synthetic_fabricated_from_policy_context,NERC publications; media reports
2025-08-01,IBEDC,Premium,commercial,398.34,1368.18,0.3064,synthetic_fabricated_from_policy_context,NERC publications; media reports
2025-08-01,IBEDC,Premium,industrial,416.45,1595.02,0.3203,synthetic_fabricated_from_policy_context,NERC publications; media reports
2025-08-01,IKEDC,A,residential,202.04,880.94,0.1554,synthetic_fabricated_from_policy_context,NERC publications; media reports
2025-08-01,IKEDC,A,commercial,222.24,696.69,0.171,synthetic_fabricated_from_policy_context,NERC publications; media reports
2025-08-01,IKEDC,A,industrial,232.34,697.74,0.1787,synthetic_fabricated_from_policy_context,NERC publications; media reports
2025-08-01,IKEDC,B,residential,161.63,608.72,0.1243,synthetic_fabricated_from_policy_context,NERC publications; media reports
2025-08-01,IKEDC,B,commercial,177.79,616.46,0.1368,synthetic_fabricated_from_policy_context,NERC publications; media reports
2025-08-01,IKEDC,B,industrial,185.87,754.18,0.143,synthetic_fabricated_from_policy_context,NERC publications; media reports
2025-08-01,IKEDC,C,residential,129.3,563.85,0.0995,synthetic_fabricated_from_policy_context,NERC publications; media reports
2025-08-01,IKEDC,C,commercial,142.23,494.97,0.1094,synthetic_fabricated_from_policy_context,NERC publications; media reports
2025-08-01,IKEDC,C,industrial,148.7,658.11,0.1144,synthetic_fabricated_from_policy_context,NERC publications; media reports
2025-08-01,IKEDC,D,residential,105.06,394.22,0.0808,synthetic_fabricated_from_policy_context,NERC publications; media reports
2025-08-01,IKEDC,D,commercial,115.56,437.04,0.0889,synthetic_fabricated_from_policy_context,NERC publications; media reports
2025-08-01,IKEDC,D,industrial,120.82,461.51,0.0929,synthetic_fabricated_from_policy_context,NERC publications; media reports
2025-08-01,IKEDC,E,residential,80.81,358.57,0.0622,synthetic_fabricated_from_policy_context,NERC publications; media reports
2025-08-01,IKEDC,E,commercial,88.9,264.14,0.0684,synthetic_fabricated_from_policy_context,NERC publications; media reports
2025-08-01,IKEDC,E,industrial,92.94,301.59,0.0715,synthetic_fabricated_from_policy_context,NERC publications; media reports
2025-08-01,IKEDC,Premium,residential,323.26,1389.2,0.2487,synthetic_fabricated_from_policy_context,NERC publications; media reports
2025-08-01,IKEDC,Premium,commercial,355.58,1251.65,0.2735,synthetic_fabricated_from_policy_context,NERC publications; media reports
2025-08-01,IKEDC,Premium,industrial,371.75,1636.91,0.286,synthetic_fabricated_from_policy_context,NERC publications; media reports
2025-08-01,JED,A,residential,196.85,842.58,0.1514,synthetic_fabricated_from_policy_context,NERC publications; media reports
2025-08-01,JED,A,commercial,216.54,879.39,0.1666,synthetic_fabricated_from_policy_context,NERC publications; media reports
2025-08-01,JED,A,industrial,226.38,697.76,0.1741,synthetic_fabricated_from_policy_context,NERC publications; media reports
2025-08-01,JED,B,residential,157.48,561.97,0.1211,synthetic_fabricated_from_policy_context,NERC publications; media reports
2025-08-01,JED,B,commercial,173.23,599.44,0.1333,synthetic_fabricated_from_policy_context,NERC publications; media reports
2025-08-01,JED,B,industrial,181.11,561.39,0.1393,synthetic_fabricated_from_policy_context,NERC publications; media reports
2025-08-01,JED,C,residential,125.99,456.61,0.0969,synthetic_fabricated_from_policy_context,NERC publications; media reports
2025-08-01,JED,C,commercial,138.59,573.65,0.1066,synthetic_fabricated_from_policy_context,NERC publications; media reports
2025-08-01,JED,C,industrial,144.89,596.12,0.1115,synthetic_fabricated_from_policy_context,NERC publications; media reports
2025-08-01,JED,D,residential,102.36,467.93,0.0787,synthetic_fabricated_from_policy_context,NERC publications; media reports
2025-08-01,JED,D,commercial,112.6,499.66,0.0866,synthetic_fabricated_from_policy_context,NERC publications; media reports
2025-08-01,JED,D,industrial,117.72,456.6,0.0906,synthetic_fabricated_from_policy_context,NERC publications; media reports
2025-08-01,JED,E,residential,78.74,312.51,0.0606,synthetic_fabricated_from_policy_context,NERC publications; media reports
2025-08-01,JED,E,commercial,86.62,370.42,0.0666,synthetic_fabricated_from_policy_context,NERC publications; media reports
2025-08-01,JED,E,industrial,90.55,324.22,0.0697,synthetic_fabricated_from_policy_context,NERC publications; media reports
2025-08-01,JED,Premium,residential,314.97,1303.27,0.2423,synthetic_fabricated_from_policy_context,NERC publications; media reports
2025-08-01,JED,Premium,commercial,346.46,1397.77,0.2665,synthetic_fabricated_from_policy_context,NERC publications; media reports
2025-08-01,JED,Premium,industrial,362.21,1367.65,0.2786,synthetic_fabricated_from_policy_context,NERC publications; media reports
2025-08-01,KAEDCO,A,residential,228.94,732.92,0.1761,synthetic_fabricated_from_policy_context,NERC publications; media reports
2025-08-01,KAEDCO,A,commercial,251.84,918.11,0.1937,synthetic_fabricated_from_policy_context,NERC publications; media reports
2025-08-01,KAEDCO,A,industrial,263.29,780.74,0.2025,synthetic_fabricated_from_policy_context,NERC publications; media reports
2025-08-01,KAEDCO,B,residential,183.16,632.02,0.1409,synthetic_fabricated_from_policy_context,NERC publications; media reports
2025-08-01,KAEDCO,B,commercial,201.47,733.07,0.155,synthetic_fabricated_from_policy_context,NERC publications; media reports
2025-08-01,KAEDCO,B,industrial,210.63,778.21,0.162,synthetic_fabricated_from_policy_context,NERC publications; media reports
2025-08-01,KAEDCO,C,residential,146.52,484.97,0.1127,synthetic_fabricated_from_policy_context,NERC publications; media reports
2025-08-01,KAEDCO,C,commercial,161.18,612.04,0.124,synthetic_fabricated_from_policy_context,NERC publications; media reports
2025-08-01,KAEDCO,C,industrial,168.5,615.42,0.1296,synthetic_fabricated_from_policy_context,NERC publications; media reports
2025-08-01,KAEDCO,D,residential,119.05,383.07,0.0916,synthetic_fabricated_from_policy_context,NERC publications; media reports
2025-08-01,KAEDCO,D,commercial,130.96,498.44,0.1007,synthetic_fabricated_from_policy_context,NERC publications; media reports
2025-08-01,KAEDCO,D,industrial,136.91,520.07,0.1053,synthetic_fabricated_from_policy_context,NERC publications; media reports
2025-08-01,KAEDCO,E,residential,91.58,352.89,0.0704,synthetic_fabricated_from_policy_context,NERC publications; media reports
2025-08-01,KAEDCO,E,commercial,100.74,338.39,0.0775,synthetic_fabricated_from_policy_context,NERC publications; media reports
2025-08-01,KAEDCO,E,industrial,105.31,285.05,0.081,synthetic_fabricated_from_policy_context,NERC publications; media reports
2025-08-01,KAEDCO,Premium,residential,366.31,1193.43,0.2818,synthetic_fabricated_from_policy_context,NERC publications; media reports
2025-08-01,KAEDCO,Premium,commercial,402.94,1502.33,0.31,synthetic_fabricated_from_policy_context,NERC publications; media reports
2025-08-01,KAEDCO,Premium,industrial,421.26,1547.61,0.324,synthetic_fabricated_from_policy_context,NERC publications; media reports
2025-08-01,KEDCO,A,residential,230.42,745.25,0.1772,synthetic_fabricated_from_policy_context,NERC publications; media reports
2025-08-01,KEDCO,A,commercial,253.47,724.84,0.195,synthetic_fabricated_from_policy_context,NERC publications; media reports
2025-08-01,KEDCO,A,industrial,264.99,966.38,0.2038,synthetic_fabricated_from_policy_context,NERC publications; media reports
2025-08-01,KEDCO,B,residential,184.34,638.24,0.1418,synthetic_fabricated_from_policy_context,NERC publications; media reports
2025-08-01,KEDCO,B,commercial,202.77,567.92,0.156,synthetic_fabricated_from_policy_context,NERC publications; media reports
2025-08-01,KEDCO,B,industrial,211.99,637.32,0.1631,synthetic_fabricated_from_policy_context,NERC publications; media reports
2025-08-01,KEDCO,C,residential,147.47,415.57,0.1134,synthetic_fabricated_from_policy_context,NERC publications; media reports
2025-08-01,KEDCO,C,commercial,162.22,483.65,0.1248,synthetic_fabricated_from_policy_context,NERC publications; media reports
2025-08-01,KEDCO,C,industrial,169.59,456.12,0.1305,synthetic_fabricated_from_policy_context,NERC publications; media reports
2025-08-01,KEDCO,D,residential,119.82,436.94,0.0922,synthetic_fabricated_from_policy_context,NERC publications; media reports
2025-08-01,KEDCO,D,commercial,131.8,404.86,0.1014,synthetic_fabricated_from_policy_context,NERC publications; media reports
2025-08-01,KEDCO,D,industrial,137.79,470.14,0.106,synthetic_fabricated_from_policy_context,NERC publications; media reports
2025-08-01,KEDCO,E,residential,92.17,344.85,0.0709,synthetic_fabricated_from_policy_context,NERC publications; media reports
2025-08-01,KEDCO,E,commercial,101.39,274.14,0.078,synthetic_fabricated_from_policy_context,NERC publications; media reports
2025-08-01,KEDCO,E,industrial,106.0,409.35,0.0815,synthetic_fabricated_from_policy_context,NERC publications; media reports
2025-08-01,KEDCO,Premium,residential,368.68,1177.47,0.2836,synthetic_fabricated_from_policy_context,NERC publications; media reports
2025-08-01,KEDCO,Premium,commercial,405.55,1255.06,0.312,synthetic_fabricated_from_policy_context,NERC publications; media reports
2025-08-01,KEDCO,Premium,industrial,423.98,1297.98,0.3261,synthetic_fabricated_from_policy_context,NERC publications; media reports
2025-08-01,PHED,A,residential,235.98,876.83,0.1815,synthetic_fabricated_from_policy_context,NERC publications; media reports
2025-08-01,PHED,A,commercial,259.57,736.03,0.1997,synthetic_fabricated_from_policy_context,NERC publications; media reports
2025-08-01,PHED,A,industrial,271.37,857.86,0.2087,synthetic_fabricated_from_policy_context,NERC publications; media reports
2025-08-01,PHED,B,residential,188.78,606.47,0.1452,synthetic_fabricated_from_policy_context,NERC publications; media reports
2025-08-01,PHED,B,commercial,207.66,765.6,0.1597,synthetic_fabricated_from_policy_context,NERC publications; media reports
2025-08-01,PHED,B,industrial,217.1,756.7,0.167,synthetic_fabricated_from_policy_context,NERC publications; media reports
2025-08-01,PHED,C,residential,151.02,417.05,0.1162,synthetic_fabricated_from_policy_context,NERC publications; media reports
2025-08-01,PHED,C,commercial,166.13,482.48,0.1278,synthetic_fabricated_from_policy_context,NERC publications; media reports
2025-08-01,PHED,C,industrial,173.68,602.81,0.1336,synthetic_fabricated_from_policy_context,NERC publications; media reports
2025-08-01,PHED,D,residential,122.71,402.84,0.0944,synthetic_fabricated_from_policy_context,NERC publications; media reports
2025-08-01,PHED,D,commercial,134.98,414.2,0.1038,synthetic_fabricated_from_policy_context,NERC publications; media reports
2025-08-01,PHED,D,industrial,141.11,361.91,0.1085,synthetic_fabricated_from_policy_context,NERC publications; media reports
2025-08-01,PHED,E,residential,94.39,261.61,0.0726,synthetic_fabricated_from_policy_context,NERC publications; media reports
2025-08-01,PHED,E,commercial,103.83,282.59,0.0799,synthetic_fabricated_from_policy_context,NERC publications; media reports
2025-08-01,PHED,E,industrial,108.55,390.11,0.0835,synthetic_fabricated_from_policy_context,NERC publications; media reports
2025-08-01,PHED,Premium,residential,377.56,1291.21,0.2904,synthetic_fabricated_from_policy_context,NERC publications; media reports
2025-08-01,PHED,Premium,commercial,415.32,1434.06,0.3195,synthetic_fabricated_from_policy_context,NERC publications; media reports
2025-08-01,PHED,Premium,industrial,434.19,1520.08,0.334,synthetic_fabricated_from_policy_context,NERC publications; media reports
2025-08-01,YEDC,A,residential,207.97,681.71,0.16,synthetic_fabricated_from_policy_context,NERC publications; media reports
2025-08-01,YEDC,A,commercial,228.77,729.0,0.176,synthetic_fabricated_from_policy_context,NERC publications; media reports
2025-08-01,YEDC,A,industrial,239.16,1029.86,0.184,synthetic_fabricated_from_policy_context,NERC publications; media reports
2025-08-01,YEDC,B,residential,166.37,510.02,0.128,synthetic_fabricated_from_policy_context,NERC publications; media reports
2025-08-01,YEDC,B,commercial,183.01,572.26,0.1408,synthetic_fabricated_from_policy_context,NERC publications; media reports
2025-08-01,YEDC,B,industrial,191.33,667.98,0.1472,synthetic_fabricated_from_policy_context,NERC publications; media reports
2025-08-01,YEDC,C,residential,133.1,416.1,0.1024,synthetic_fabricated_from_policy_context,NERC publications; media reports
2025-08-01,YEDC,C,commercial,146.41,471.8,0.1126,synthetic_fabricated_from_policy_context,NERC publications; media reports
2025-08-01,YEDC,C,industrial,153.06,449.71,0.1177,synthetic_fabricated_from_policy_context,NERC publications; media reports
2025-08-01,YEDC,D,residential,108.14,457.97,0.0832,synthetic_fabricated_from_policy_context,NERC publications; media reports
2025-08-01,YEDC,D,commercial,118.96,470.1,0.0915,synthetic_fabricated_from_policy_context,NERC publications; media reports
2025-08-01,YEDC,D,industrial,124.37,396.69,0.0957,synthetic_fabricated_from_policy_context,NERC publications; media reports
2025-08-01,YEDC,E,residential,83.19,292.97,0.064,synthetic_fabricated_from_policy_context,NERC publications; media reports
2025-08-01,YEDC,E,commercial,91.51,290.4,0.0704,synthetic_fabricated_from_policy_context,NERC publications; media reports
2025-08-01,YEDC,E,industrial,95.67,410.63,0.0736,synthetic_fabricated_from_policy_context,NERC publications; media reports
2025-08-01,YEDC,Premium,residential,332.75,1056.18,0.256,synthetic_fabricated_from_policy_context,NERC publications; media reports
2025-08-01,YEDC,Premium,commercial,366.02,1114.2,0.2816,synthetic_fabricated_from_policy_context,NERC publications; media reports
2025-08-01,YEDC,Premium,industrial,382.66,1139.24,0.2944,synthetic_fabricated_from_policy_context,NERC publications; media reports
2025-09-01,AEDC,A,residential,217.03,640.1,0.1669,synthetic_fabricated_from_policy_context,NERC publications; media reports
2025-09-01,AEDC,A,commercial,238.73,861.07,0.1836,synthetic_fabricated_from_policy_context,NERC publications; media reports
2025-09-01,AEDC,A,industrial,249.58,1005.05,0.192,synthetic_fabricated_from_policy_context,NERC publications; media reports
2025-09-01,AEDC,B,residential,173.62,595.72,0.1336,synthetic_fabricated_from_policy_context,NERC publications; media reports
2025-09-01,AEDC,B,commercial,190.98,733.1,0.1469,synthetic_fabricated_from_policy_context,NERC publications; media reports
2025-09-01,AEDC,B,industrial,199.67,766.35,0.1536,synthetic_fabricated_from_policy_context,NERC publications; media reports
2025-09-01,AEDC,C,residential,138.9,499.47,0.1068,synthetic_fabricated_from_policy_context,NERC publications; media reports
2025-09-01,AEDC,C,commercial,152.79,443.83,0.1175,synthetic_fabricated_from_policy_context,NERC publications; media reports
2025-09-01,AEDC,C,industrial,159.73,450.71,0.1229,synthetic_fabricated_from_policy_context,NERC publications; media reports
2025-09-01,AEDC,D,residential,112.85,366.59,0.0868,synthetic_fabricated_from_policy_context,NERC publications; media reports
2025-09-01,AEDC,D,commercial,124.14,400.92,0.0955,synthetic_fabricated_from_policy_context,NERC publications; media reports
2025-09-01,AEDC,D,industrial,129.78,519.1,0.0998,synthetic_fabricated_from_policy_context,NERC publications; media reports
2025-09-01,AEDC,E,residential,86.81,269.15,0.0668,synthetic_fabricated_from_policy_context,NERC publications; media reports
2025-09-01,AEDC,E,commercial,95.49,313.64,0.0735,synthetic_fabricated_from_policy_context,NERC publications; media reports
2025-09-01,AEDC,E,industrial,99.83,395.3,0.0768,synthetic_fabricated_from_policy_context,NERC publications; media reports
2025-09-01,AEDC,Premium,residential,347.24,1025.02,0.2671,synthetic_fabricated_from_policy_context,NERC publications; media reports
2025-09-01,AEDC,Premium,commercial,381.97,1480.61,0.2938,synthetic_fabricated_from_policy_context,NERC publications; media reports
2025-09-01,AEDC,Premium,industrial,399.33,1603.58,0.3072,synthetic_fabricated_from_policy_context,NERC publications; media reports
2025-09-01,BEDC,A,residential,243.29,768.83,0.1871,synthetic_fabricated_from_policy_context,NERC publications; media reports
2025-09-01,BEDC,A,commercial,267.61,850.22,0.2059,synthetic_fabricated_from_policy_context,NERC publications; media reports
2025-09-01,BEDC,A,industrial,279.78,981.66,0.2152,synthetic_fabricated_from_policy_context,NERC publications; media reports
2025-09-01,BEDC,B,residential,194.63,553.84,0.1497,synthetic_fabricated_from_policy_context,NERC publications; media reports
2025-09-01,BEDC,B,commercial,214.09,532.09,0.1647,synthetic_fabricated_from_policy_context,NERC publications; media reports
2025-09-01,BEDC,B,industrial,223.82,699.6,0.1722,synthetic_fabricated_from_policy_context,NERC publications; media reports
2025-09-01,BEDC,C,residential,155.7,540.19,0.1198,synthetic_fabricated_from_policy_context,NERC publications; media reports
2025-09-01,BEDC,C,commercial,171.27,524.97,0.1317,synthetic_fabricated_from_policy_context,NERC publications; media reports
2025-09-01,BEDC,C,industrial,179.06,613.24,0.1377,synthetic_fabricated_from_policy_context,NERC publications; media reports
2025-09-01,BEDC,D,residential,126.51,328.57,0.0973,synthetic_fabricated_from_policy_context,NERC publications; media reports
2025-09-01,BEDC,D,commercial,139.16,358.88,0.107,synthetic_fabricated_from_policy_context,NERC publications; media reports
2025-09-01,BEDC,D,industrial,145.48,526.4,0.1119,synthetic_fabricated_from_policy_context,NERC publications; media reports
2025-09-01,BEDC,E,residential,97.31,339.43,0.0749,synthetic_fabricated_from_policy_context,NERC publications; media reports
2025-09-01,BEDC,E,commercial,107.05,366.72,0.0823,synthetic_fabricated_from_policy_context,NERC publications; media reports
2025-09-01,BEDC,E,industrial,111.91,315.13,0.0861,synthetic_fabricated_from_policy_context,NERC publications; media reports
2025-09-01,BEDC,Premium,residential,389.26,1311.3,0.2994,synthetic_fabricated_from_policy_context,NERC publications; media reports
2025-09-01,BEDC,Premium,commercial,428.18,1360.44,0.3294,synthetic_fabricated_from_policy_context,NERC publications; media reports
2025-09-01,BEDC,Premium,industrial,447.65,1266.82,0.3443,synthetic_fabricated_from_policy_context,NERC publications; media reports
2025-09-01,EEDC,A,residential,226.1,654.53,0.1739,synthetic_fabricated_from_policy_context,NERC publications; media reports
2025-09-01,EEDC,A,commercial,248.71,941.06,0.1913,synthetic_fabricated_from_policy_context,NERC publications; media reports
2025-09-01,EEDC,A,industrial,260.01,725.17,0.2,synthetic_fabricated_from_policy_context,NERC publications; media reports
2025-09-01,EEDC,B,residential,180.88,553.9,0.1391,synthetic_fabricated_from_policy_context,NERC publications; media reports
2025-09-01,EEDC,B,commercial,198.96,696.17,0.153,synthetic_fabricated_from_policy_context,NERC publications; media reports
2025-09-01,EEDC,B,industrial,208.01,772.86,0.16,synthetic_fabricated_from_policy_context,NERC publications; media reports
2025-09-01,EEDC,C,residential,144.7,402.15,0.1113,synthetic_fabricated_from_policy_context,NERC publications; media reports
2025-09-01,EEDC,C,commercial,159.17,512.67,0.1224,synthetic_fabricated_from_policy_context,NERC publications; media reports
2025-09-01,EEDC,C,industrial,166.41,484.74,0.128,synthetic_fabricated_from_policy_context,NERC publications; media reports
2025-09-01,EEDC,D,residential,117.57,374.48,0.0904,synthetic_fabricated_from_policy_context,NERC publications; media reports
2025-09-01,EEDC,D,commercial,129.33,487.23,0.0995,synthetic_fabricated_from_policy_context,NERC publications; media reports
2025-09-01,EEDC,D,industrial,135.21,417.38,0.104,synthetic_fabricated_from_policy_context,NERC publications; media reports
2025-09-01,EEDC,E,residential,90.44,314.73,0.0696,synthetic_fabricated_from_policy_context,NERC publications; media reports
2025-09-01,EEDC,E,commercial,99.48,342.8,0.0765,synthetic_fabricated_from_policy_context,NERC publications; media reports
2025-09-01,EEDC,E,industrial,104.0,399.61,0.08,synthetic_fabricated_from_policy_context,NERC publications; media reports
2025-09-01,EEDC,Premium,residential,361.75,1040.67,0.2783,synthetic_fabricated_from_policy_context,NERC publications; media reports
2025-09-01,EEDC,Premium,commercial,397.93,1447.9,0.3061,synthetic_fabricated_from_policy_context,NERC publications; media reports
2025-09-01,EEDC,Premium,industrial,416.02,1266.74,0.32,synthetic_fabricated_from_policy_context,NERC publications; media reports
2025-09-01,EKEDC,A,residential,224.87,702.56,0.173,synthetic_fabricated_from_policy_context,NERC publications; media reports
2025-09-01,EKEDC,A,commercial,247.36,847.2,0.1903,synthetic_fabricated_from_policy_context,NERC publications; media reports
2025-09-01,EKEDC,A,industrial,258.61,990.35,0.1989,synthetic_fabricated_from_policy_context,NERC publications; media reports
2025-09-01,EKEDC,B,residential,179.9,696.01,0.1384,synthetic_fabricated_from_policy_context,NERC publications; media reports
2025-09-01,EKEDC,B,commercial,197.89,577.7,0.1522,synthetic_fabricated_from_policy_context,NERC publications; media reports
2025-09-01,EKEDC,B,industrial,206.88,810.23,0.1591,synthetic_fabricated_from_policy_context,NERC publications; media reports
2025-09-01,EKEDC,C,residential,143.92,458.78,0.1107,synthetic_fabricated_from_policy_context,NERC publications; media reports
2025-09-01,EKEDC,C,commercial,158.31,509.45,0.1218,synthetic_fabricated_from_policy_context,NERC publications; media reports
2025-09-01,EKEDC,C,industrial,165.51,653.93,0.1273,synthetic_fabricated_from_policy_context,NERC publications; media reports
2025-09-01,EKEDC,D,residential,116.93,357.83,0.0899,synthetic_fabricated_from_policy_context,NERC publications; media reports
2025-09-01,EKEDC,D,commercial,128.63,470.0,0.0989,synthetic_fabricated_from_policy_context,NERC publications; media reports
2025-09-01,EKEDC,D,industrial,134.47,451.39,0.1034,synthetic_fabricated_from_policy_context,NERC publications; media reports
2025-09-01,EKEDC,E,residential,89.95,319.91,0.0692,synthetic_fabricated_from_policy_context,NERC publications; media reports
2025-09-01,EKEDC,E,commercial,98.94,298.55,0.0761,synthetic_fabricated_from_policy_context,NERC publications; media reports
2025-09-01,EKEDC,E,industrial,103.44,347.8,0.0796,synthetic_fabricated_from_policy_context,NERC publications; media reports
2025-09-01,EKEDC,Premium,residential,359.8,1081.52,0.2768,synthetic_fabricated_from_policy_context,NERC publications; media reports
2025-09-01,EKEDC,Premium,commercial,395.78,1068.22,0.3044,synthetic_fabricated_from_policy_context,NERC publications; media reports
2025-09-01,EKEDC,Premium,industrial,413.77,1487.16,0.3183,synthetic_fabricated_from_policy_context,NERC publications; media reports
2025-09-01,IBEDC,A,residential,224.81,825.08,0.1729,synthetic_fabricated_from_policy_context,NERC publications; media reports
2025-09-01,IBEDC,A,commercial,247.3,716.27,0.1902,synthetic_fabricated_from_policy_context,NERC publications; media reports
2025-09-01,IBEDC,A,industrial,258.54,776.83,0.1989,synthetic_fabricated_from_policy_context,NERC publications; media reports
2025-09-01,IBEDC,B,residential,179.85,705.18,0.1383,synthetic_fabricated_from_policy_context,NERC publications; media reports
2025-09-01,IBEDC,B,commercial,197.84,689.94,0.1522,synthetic_fabricated_from_policy_context,NERC publications; media reports
2025-09-01,IBEDC,B,industrial,206.83,579.33,0.1591,synthetic_fabricated_from_policy_context,NERC publications; media reports
2025-09-01,IBEDC,C,residential,143.88,387.87,0.1107,synthetic_fabricated_from_policy_context,NERC publications; media reports
2025-09-01,IBEDC,C,commercial,158.27,473.06,0.1217,synthetic_fabricated_from_policy_context,NERC publications; media reports
2025-09-01,IBEDC,C,industrial,165.46,575.13,0.1273,synthetic_fabricated_from_policy_context,NERC publications; media reports
2025-09-01,IBEDC,D,residential,116.9,321.8,0.0899,synthetic_fabricated_from_policy_context,NERC publications; media reports
2025-09-01,IBEDC,D,commercial,128.59,501.0,0.0989,synthetic_fabricated_from_policy_context,NERC publications; media reports
2025-09-01,IBEDC,D,industrial,134.44,404.78,0.1034,synthetic_fabricated_from_policy_context,NERC publications; media reports
2025-09-01,IBEDC,E,residential,89.93,300.64,0.0692,synthetic_fabricated_from_policy_context,NERC publications; media reports
2025-09-01,IBEDC,E,commercial,98.92,288.68,0.0761,synthetic_fabricated_from_policy_context,NERC publications; media reports
2025-09-01,IBEDC,E,industrial,103.41,390.3,0.0795,synthetic_fabricated_from_policy_context,NERC publications; media reports
2025-09-01,IBEDC,Premium,residential,359.7,1376.98,0.2767,synthetic_fabricated_from_policy_context,NERC publications; media reports
2025-09-01,IBEDC,Premium,commercial,395.67,1135.15,0.3044,synthetic_fabricated_from_policy_context,NERC publications; media reports
2025-09-01,IBEDC,Premium,industrial,413.66,1486.76,0.3182,synthetic_fabricated_from_policy_context,NERC publications; media reports
2025-09-01,IKEDC,A,residential,209.98,829.71,0.1615,synthetic_fabricated_from_policy_context,NERC publications; media reports
2025-09-01,IKEDC,A,commercial,230.98,728.41,0.1777,synthetic_fabricated_from_policy_context,NERC publications; media reports
2025-09-01,IKEDC,A,industrial,241.48,1022.09,0.1858,synthetic_fabricated_from_policy_context,NERC publications; media reports
2025-09-01,IKEDC,B,residential,167.99,507.77,0.1292,synthetic_fabricated_from_policy_context,NERC publications; media reports
2025-09-01,IKEDC,B,commercial,184.79,731.94,0.1421,synthetic_fabricated_from_policy_context,NERC publications; media reports
2025-09-01,IKEDC,B,industrial,193.18,606.01,0.1486,synthetic_fabricated_from_policy_context,NERC publications; media reports
2025-09-01,IKEDC,C,residential,134.39,397.92,0.1034,synthetic_fabricated_from_policy_context,NERC publications; media reports
2025-09-01,IKEDC,C,commercial,147.83,446.67,0.1137,synthetic_fabricated_from_policy_context,NERC publications; media reports
2025-09-01,IKEDC,C,industrial,154.55,505.84,0.1189,synthetic_fabricated_from_policy_context,NERC publications; media reports
2025-09-01,IKEDC,D,residential,109.19,312.83,0.084,synthetic_fabricated_from_policy_context,NERC publications; media reports
2025-09-01,IKEDC,D,commercial,120.11,496.46,0.0924,synthetic_fabricated_from_policy_context,NERC publications; media reports
2025-09-01,IKEDC,D,industrial,125.57,445.54,0.0966,synthetic_fabricated_from_policy_context,NERC publications; media reports
2025-09-01,IKEDC,E,residential,83.99,341.68,0.0646,synthetic_fabricated_from_policy_context,NERC publications; media reports
2025-09-01,IKEDC,E,commercial,92.39,280.83,0.0711,synthetic_fabricated_from_policy_context,NERC publications; media reports
2025-09-01,IKEDC,E,industrial,96.59,322.57,0.0743,synthetic_fabricated_from_policy_context,NERC publications; media reports
2025-09-01,IKEDC,Premium,residential,335.97,1357.24,0.2584,synthetic_fabricated_from_policy_context,NERC publications; media reports
2025-09-01,IKEDC,Premium,commercial,369.57,1420.81,0.2843,synthetic_fabricated_from_policy_context,NERC publications; media reports
2025-09-01,IKEDC,Premium,industrial,386.37,1574.5,0.2972,synthetic_fabricated_from_policy_context,NERC publications; media reports
2025-09-01,JED,A,residential,226.71,650.59,0.1744,synthetic_fabricated_from_policy_context,NERC publications; media reports
2025-09-01,JED,A,commercial,249.38,878.85,0.1918,synthetic_fabricated_from_policy_context,NERC publications; media reports
2025-09-01,JED,A,industrial,260.72,872.4,0.2006,synthetic_fabricated_from_policy_context,NERC publications; media reports
2025-09-01,JED,B,residential,181.37,654.01,0.1395,synthetic_fabricated_from_policy_context,NERC publications; media reports
2025-09-01,JED,B,commercial,199.5,566.4,0.1535,synthetic_fabricated_from_policy_context,NERC publications; media reports
2025-09-01,JED,B,industrial,208.57,738.09,0.1604,synthetic_fabricated_from_policy_context,NERC publications; media reports
2025-09-01,JED,C,residential,145.09,450.36,0.1116,synthetic_fabricated_from_policy_context,NERC publications; media reports
2025-09-01,JED,C,commercial,159.6,577.03,0.1228,synthetic_fabricated_from_policy_context,NERC publications; media reports
2025-09-01,JED,C,industrial,166.86,452.11,0.1284,synthetic_fabricated_from_policy_context,NERC publications; media reports
2025-09-01,JED,D,residential,117.89,357.52,0.0907,synthetic_fabricated_from_policy_context,NERC publications; media reports
2025-09-01,JED,D,commercial,129.68,512.96,0.0998,synthetic_fabricated_from_policy_context,NERC publications; media reports
2025-09-01,JED,D,industrial,135.57,467.46,0.1043,synthetic_fabricated_from_policy_context,NERC publications; media reports
2025-09-01,JED,E,residential,90.68,266.16,0.0698,synthetic_fabricated_from_policy_context,NERC publications; media reports
2025-09-01,JED,E,commercial,99.75,275.17,0.0767,synthetic_fabricated_from_policy_context,NERC publications; media reports
2025-09-01,JED,E,industrial,104.29,351.21,0.0802,synthetic_fabricated_from_policy_context,NERC publications; media reports
2025-09-01,JED,Premium,residential,362.74,1057.65,0.279,synthetic_fabricated_from_policy_context,NERC publications; media reports
2025-09-01,JED,Premium,commercial,399.01,1371.15,0.3069,synthetic_fabricated_from_policy_context,NERC publications; media reports
2025-09-01,JED,Premium,industrial,417.15,1306.08,0.3209,synthetic_fabricated_from_policy_context,NERC publications; media reports
2025-09-01,KAEDCO,A,residential,211.12,695.67,0.1624,synthetic_fabricated_from_policy_context,NERC publications; media reports
2025-09-01,KAEDCO,A,commercial,232.23,900.93,0.1786,synthetic_fabricated_from_policy_context,NERC publications; media reports
2025-09-01,KAEDCO,A,industrial,242.79,693.18,0.1868,synthetic_fabricated_from_policy_context,NERC publications; media reports
2025-09-01,KAEDCO,B,residential,168.9,563.24,0.1299,synthetic_fabricated_from_policy_context,NERC publications; media reports
2025-09-01,KAEDCO,B,commercial,185.79,689.45,0.1429,synthetic_fabricated_from_policy_context,NERC publications; media reports
2025-09-01,KAEDCO,B,industrial,194.23,799.64,0.1494,synthetic_fabricated_from_policy_context,NERC publications; media reports
2025-09-01,KAEDCO,C,residential,135.12,527.27,0.1039,synthetic_fabricated_from_policy_context,NERC publications; media reports
2025-09-01,KAEDCO,C,commercial,148.63,622.36,0.1143,synthetic_fabricated_from_policy_context,NERC publications; media reports
2025-09-01,KAEDCO,C,industrial,155.38,531.6,0.1195,synthetic_fabricated_from_policy_context,NERC publications; media reports
2025-09-01,KAEDCO,D,residential,109.78,458.9,0.0844,synthetic_fabricated_from_policy_context,NERC publications; media reports
2025-09-01,KAEDCO,D,commercial,120.76,478.16,0.0929,synthetic_fabricated_from_policy_context,NERC publications; media reports
2025-09-01,KAEDCO,D,industrial,126.25,454.61,0.0971,synthetic_fabricated_from_policy_context,NERC publications; media reports
2025-09-01,KAEDCO,E,residential,84.45,333.06,0.065,synthetic_fabricated_from_policy_context,NERC publications; media reports
2025-09-01,KAEDCO,E,commercial,92.89,328.27,0.0715,synthetic_fabricated_from_policy_context,NERC publications; media reports
2025-09-01,KAEDCO,E,industrial,97.11,377.65,0.0747,synthetic_fabricated_from_policy_context,NERC publications; media reports
2025-09-01,KAEDCO,Premium,residential,337.79,1425.56,0.2598,synthetic_fabricated_from_policy_context,NERC publications; media reports
2025-09-01,KAEDCO,Premium,commercial,371.57,1217.66,0.2858,synthetic_fabricated_from_policy_context,NERC publications; media reports
2025-09-01,KAEDCO,Premium,industrial,388.46,1273.58,0.2988,synthetic_fabricated_from_policy_context,NERC publications; media reports
2025-09-01,KEDCO,A,residential,207.18,823.95,0.1594,synthetic_fabricated_from_policy_context,NERC publications; media reports
2025-09-01,KEDCO,A,commercial,227.89,779.96,0.1753,synthetic_fabricated_from_policy_context,NERC publications; media reports
2025-09-01,KEDCO,A,industrial,238.25,694.32,0.1833,synthetic_fabricated_from_policy_context,NERC publications; media reports
2025-09-01,KEDCO,B,residential,165.74,572.99,0.1275,synthetic_fabricated_from_policy_context,NERC publications; media reports
2025-09-01,KEDCO,B,commercial,182.32,644.26,0.1402,synthetic_fabricated_from_policy_context,NERC publications; media reports
2025-09-01,KEDCO,B,industrial,190.6,616.61,0.1466,synthetic_fabricated_from_policy_context,NERC publications; media reports
2025-09-01,KEDCO,C,residential,132.59,508.88,0.102,synthetic_fabricated_from_policy_context,NERC publications; media reports
2025-09-01,KEDCO,C,commercial,145.85,623.52,0.1122,synthetic_fabricated_from_policy_context,NERC publications; media reports
2025-09-01,KEDCO,C,industrial,152.48,473.68,0.1173,synthetic_fabricated_from_policy_context,NERC publications; media reports
2025-09-01,KEDCO,D,residential,107.73,416.01,0.0829,synthetic_fabricated_from_policy_context,NERC publications; media reports
2025-09-01,KEDCO,D,commercial,118.51,396.08,0.0912,synthetic_fabricated_from_policy_context,NERC publications; media reports
2025-09-01,KEDCO,D,industrial,123.89,530.59,0.0953,synthetic_fabricated_from_policy_context,NERC publications; media reports
2025-09-01,KEDCO,E,residential,82.87,342.53,0.0637,synthetic_fabricated_from_policy_context,NERC publications; media reports
2025-09-01,KEDCO,E,commercial,91.16,370.83,0.0701,synthetic_fabricated_from_policy_context,NERC publications; media reports
2025-09-01,KEDCO,E,industrial,95.3,352.65,0.0733,synthetic_fabricated_from_policy_context,NERC publications; media reports
2025-09-01,KEDCO,Premium,residential,331.48,991.48,0.255,synthetic_fabricated_from_policy_context,NERC publications; media reports
2025-09-01,KEDCO,Premium,commercial,364.63,1279.73,0.2805,synthetic_fabricated_from_policy_context,NERC publications; media reports
2025-09-01,KEDCO,Premium,industrial,381.21,1173.93,0.2932,synthetic_fabricated_from_policy_context,NERC publications; media reports
2025-09-01,PHED,A,residential,211.17,868.16,0.1624,synthetic_fabricated_from_policy_context,NERC publications; media reports
2025-09-01,PHED,A,commercial,232.29,744.48,0.1787,synthetic_fabricated_from_policy_context,NERC publications; media reports
2025-09-01,PHED,A,industrial,242.85,730.09,0.1868,synthetic_fabricated_from_policy_context,NERC publications; media reports
2025-09-01,PHED,B,residential,168.94,658.42,0.13,synthetic_fabricated_from_policy_context,NERC publications; media reports
2025-09-01,PHED,B,commercial,185.83,606.01,0.1429,synthetic_fabricated_from_policy_context,NERC publications; media reports
2025-09-01,PHED,B,industrial,194.28,770.51,0.1494,synthetic_fabricated_from_policy_context,NERC publications; media reports
2025-09-01,PHED,C,residential,135.15,390.66,0.104,synthetic_fabricated_from_policy_context,NERC publications; media reports
2025-09-01,PHED,C,commercial,148.66,489.46,0.1144,synthetic_fabricated_from_policy_context,NERC publications; media reports
2025-09-01,PHED,C,industrial,155.42,567.94,0.1196,synthetic_fabricated_from_policy_context,NERC publications; media reports
2025-09-01,PHED,D,residential,109.81,374.51,0.0845,synthetic_fabricated_from_policy_context,NERC publications; media reports
2025-09-01,PHED,D,commercial,120.79,380.77,0.0929,synthetic_fabricated_from_policy_context,NERC publications; media reports
2025-09-01,PHED,D,industrial,126.28,391.71,0.0971,synthetic_fabricated_from_policy_context,NERC publications; media reports
2025-09-01,PHED,E,residential,84.47,331.86,0.065,synthetic_fabricated_from_policy_context,NERC publications; media reports
2025-09-01,PHED,E,commercial,92.91,393.7,0.0715,synthetic_fabricated_from_policy_context,NERC publications; media reports
2025-09-01,PHED,E,industrial,97.14,390.76,0.0747,synthetic_fabricated_from_policy_context,NERC publications; media reports
2025-09-01,PHED,Premium,residential,337.87,1354.45,0.2599,synthetic_fabricated_from_policy_context,NERC publications; media reports
2025-09-01,PHED,Premium,commercial,371.66,1119.83,0.2859,synthetic_fabricated_from_policy_context,NERC publications; media reports
2025-09-01,PHED,Premium,industrial,388.55,1348.57,0.2989,synthetic_fabricated_from_policy_context,NERC publications; media reports
2025-09-01,YEDC,A,residential,222.29,743.45,0.171,synthetic_fabricated_from_policy_context,NERC publications; media reports
2025-09-01,YEDC,A,commercial,244.52,851.94,0.1881,synthetic_fabricated_from_policy_context,NERC publications; media reports
2025-09-01,YEDC,A,industrial,255.64,1007.85,0.1966,synthetic_fabricated_from_policy_context,NERC publications; media reports
2025-09-01,YEDC,B,residential,177.83,666.14,0.1368,synthetic_fabricated_from_policy_context,NERC publications; media reports
2025-09-01,YEDC,B,commercial,195.62,567.11,0.1505,synthetic_fabricated_from_policy_context,NERC publications; media reports
2025-09-01,YEDC,B,industrial,204.51,695.92,0.1573,synthetic_fabricated_from_policy_context,NERC publications; media reports
2025-09-01,YEDC,C,residential,142.27,516.47,0.1094,synthetic_fabricated_from_policy_context,NERC publications; media reports
2025-09-01,YEDC,C,commercial,156.49,516.01,0.1204,synthetic_fabricated_from_policy_context,NERC publications; media reports
2025-09-01,YEDC,C,industrial,163.61,657.86,0.1259,synthetic_fabricated_from_policy_context,NERC publications; media reports
2025-09-01,YEDC,D,residential,115.59,353.4,0.0889,synthetic_fabricated_from_policy_context,NERC publications; media reports
2025-09-01,YEDC,D,commercial,127.15,491.82,0.0978,synthetic_fabricated_from_policy_context,NERC publications; media reports
2025-09-01,YEDC,D,industrial,132.93,407.88,0.1023,synthetic_fabricated_from_policy_context,NERC publications; media reports
2025-09-01,YEDC,E,residential,88.92,267.78,0.0684,synthetic_fabricated_from_policy_context,NERC publications; media reports
2025-09-01,YEDC,E,commercial,97.81,327.68,0.0752,synthetic_fabricated_from_policy_context,NERC publications; media reports
2025-09-01,YEDC,E,industrial,102.25,364.9,0.0787,synthetic_fabricated_from_policy_context,NERC publications; media reports
2025-09-01,YEDC,Premium,residential,355.67,1036.66,0.2736,synthetic_fabricated_from_policy_context,NERC publications; media reports
2025-09-01,YEDC,Premium,commercial,391.23,1551.34,0.3009,synthetic_fabricated_from_policy_context,NERC publications; media reports
2025-09-01,YEDC,Premium,industrial,409.02,1268.52,0.3146,synthetic_fabricated_from_policy_context,NERC publications; media reports
2025-10-01,AEDC,A,residential,222.55,897.31,0.1712,synthetic_fabricated_from_policy_context,NERC publications; media reports
2025-10-01,AEDC,A,commercial,244.81,789.84,0.1883,synthetic_fabricated_from_policy_context,NERC publications; media reports
2025-10-01,AEDC,A,industrial,255.94,842.97,0.1969,synthetic_fabricated_from_policy_context,NERC publications; media reports
2025-10-01,AEDC,B,residential,178.04,664.22,0.137,synthetic_fabricated_from_policy_context,NERC publications; media reports
2025-10-01,AEDC,B,commercial,195.85,644.32,0.1507,synthetic_fabricated_from_policy_context,NERC publications; media reports
2025-10-01,AEDC,B,industrial,204.75,710.38,0.1575,synthetic_fabricated_from_policy_context,NERC publications; media reports
2025-10-01,AEDC,C,residential,142.43,455.9,0.1096,synthetic_fabricated_from_policy_context,NERC publications; media reports
2025-10-01,AEDC,C,commercial,156.68,518.19,0.1205,synthetic_fabricated_from_policy_context,NERC publications; media reports
2025-10-01,AEDC,C,industrial,163.8,613.88,0.126,synthetic_fabricated_from_policy_context,NERC publications; media reports
2025-10-01,AEDC,D,residential,115.73,378.03,0.089,synthetic_fabricated_from_policy_context,NERC publications; media reports
2025-10-01,AEDC,D,commercial,127.3,404.9,0.0979,synthetic_fabricated_from_policy_context,NERC publications; media reports
2025-10-01,AEDC,D,industrial,133.09,440.95,0.1024,synthetic_fabricated_from_policy_context,NERC publications; media reports
2025-10-01,AEDC,E,residential,89.02,299.85,0.0685,synthetic_fabricated_from_policy_context,NERC publications; media reports
2025-10-01,AEDC,E,commercial,97.92,375.38,0.0753,synthetic_fabricated_from_policy_context,NERC publications; media reports
2025-10-01,AEDC,E,industrial,102.37,373.67,0.0787,synthetic_fabricated_from_policy_context,NERC publications; media reports
2025-10-01,AEDC,Premium,residential,356.08,1304.65,0.2739,synthetic_fabricated_from_policy_context,NERC publications; media reports
2025-10-01,AEDC,Premium,commercial,391.69,1435.85,0.3013,synthetic_fabricated_from_policy_context,NERC publications; media reports
2025-10-01,AEDC,Premium,industrial,409.5,1137.75,0.315,synthetic_fabricated_from_policy_context,NERC publications; media reports
2025-10-01,BEDC,A,residential,248.61,816.01,0.1912,synthetic_fabricated_from_policy_context,NERC publications; media reports
2025-10-01,BEDC,A,commercial,273.48,781.06,0.2104,synthetic_fabricated_from_policy_context,NERC publications; media reports
2025-10-01,BEDC,A,industrial,285.91,855.07,0.2199,synthetic_fabricated_from_policy_context,NERC publications; media reports
2025-10-01,BEDC,B,residential,198.89,485.85,0.153,synthetic_fabricated_from_policy_context,NERC publications; media reports
2025-10-01,BEDC,B,commercial,218.78,759.39,0.1683,synthetic_fabricated_from_policy_context,NERC publications; media reports
2025-10-01,BEDC,B,industrial,228.73,733.12,0.1759,synthetic_fabricated_from_policy_context,NERC publications; media reports
2025-10-01,BEDC,C,residential,159.11,524.34,0.1224,synthetic_fabricated_from_policy_context,NERC publications; media reports
2025-10-01,BEDC,C,commercial,175.02,470.14,0.1346,synthetic_fabricated_from_policy_context,NERC publications; media reports
2025-10-01,BEDC,C,industrial,182.98,577.6,0.1408,synthetic_fabricated_from_policy_context,NERC publications; media reports
2025-10-01,BEDC,D,residential,129.28,399.67,0.0994,synthetic_fabricated_from_policy_context,NERC publications; media reports
2025-10-01,BEDC,D,commercial,142.21,369.64,0.1094,synthetic_fabricated_from_policy_context,NERC publications; media reports
2025-10-01,BEDC,D,industrial,148.67,474.33,0.1144,synthetic_fabricated_from_policy_context,NERC publications; media reports
2025-10-01,BEDC,E,residential,99.45,345.21,0.0765,synthetic_fabricated_from_policy_context,NERC publications; media reports
2025-10-01,BEDC,E,commercial,109.39,354.38,0.0841,synthetic_fabricated_from_policy_context,NERC publications; media reports
2025-10-01,BEDC,E,industrial,114.36,298.27,0.088,synthetic_fabricated_from_policy_context,NERC publications; media reports
2025-10-01,BEDC,Premium,residential,397.78,984.51,0.306,synthetic_fabricated_from_policy_context,NERC publications; media reports
2025-10-01,BEDC,Premium,commercial,437.56,1215.04,0.3366,synthetic_fabricated_from_policy_context,NERC publications; media reports
2025-10-01,BEDC,Premium,industrial,457.45,1241.29,0.3519,synthetic_fabricated_from_policy_context,NERC publications; media reports
2025-10-01,EEDC,A,residential,221.36,872.88,0.1703,synthetic_fabricated_from_policy_context,NERC publications; media reports
2025-10-01,EEDC,A,commercial,243.49,782.75,0.1873,synthetic_fabricated_from_policy_context,NERC publications; media reports
2025-10-01,EEDC,A,industrial,254.56,750.19,0.1958,synthetic_fabricated_from_policy_context,NERC publications; media reports
2025-10-01,EEDC,B,residential,177.08,667.45,0.1362,synthetic_fabricated_from_policy_context,NERC publications; media reports
2025-10-01,EEDC,B,commercial,194.79,578.77,0.1498,synthetic_fabricated_from_policy_context,NERC publications; media reports
2025-10-01,EEDC,B,industrial,203.65,801.04,0.1567,synthetic_fabricated_from_policy_context,NERC publications; media reports
2025-10-01,EEDC,C,residential,141.67,521.63,0.109,synthetic_fabricated_from_policy_context,NERC publications; media reports
2025-10-01,EEDC,C,commercial,155.83,577.2,0.1199,synthetic_fabricated_from_policy_context,NERC publications; media reports
2025-10-01,EEDC,C,industrial,162.92,557.56,0.1253,synthetic_fabricated_from_policy_context,NERC publications; media reports
2025-10-01,EEDC,D,residential,115.1,321.91,0.0885,synthetic_fabricated_from_policy_context,NERC publications; media reports
2025-10-01,EEDC,D,commercial,126.62,409.83,0.0974,synthetic_fabricated_from_policy_context,NERC publications; media reports
2025-10-01,EEDC,D,industrial,132.37,444.6,0.1018,synthetic_fabricated_from_policy_context,NERC publications; media reports
2025-10-01,EEDC,E,residential,88.54,359.46,0.0681,synthetic_fabricated_from_policy_context,NERC publications; media reports
2025-10-01,EEDC,E,commercial,97.4,325.89,0.0749,synthetic_fabricated_from_policy_context,NERC publications; media reports
2025-10-01,EEDC,E,industrial,101.82,299.65,0.0783,synthetic_fabricated_from_policy_context,NERC publications; media reports
2025-10-01,EEDC,Premium,residential,354.17,1132.95,0.2724,synthetic_fabricated_from_policy_context,NERC publications; media reports
2025-10-01,EEDC,Premium,commercial,389.59,1191.53,0.2997,synthetic_fabricated_from_policy_context,NERC publications; media reports
2025-10-01,EEDC,Premium,industrial,407.29,1379.39,0.3133,synthetic_fabricated_from_policy_context,NERC publications; media reports
2025-10-01,EKEDC,A,residential,224.22,741.19,0.1725,synthetic_fabricated_from_policy_context,NERC publications; media reports
2025-10-01,EKEDC,A,commercial,246.64,758.28,0.1897,synthetic_fabricated_from_policy_context,NERC publications; media reports
2025-10-01,EKEDC,A,industrial,257.86,869.17,0.1984,synthetic_fabricated_from_policy_context,NERC publications; media reports
2025-10-01,EKEDC,B,residential,179.38,500.3,0.138,synthetic_fabricated_from_policy_context,NERC publications; media reports
2025-10-01,EKEDC,B,commercial,197.32,695.29,0.1518,synthetic_fabricated_from_policy_context,NERC publications; media reports
2025-10-01,EKEDC,B,industrial,206.28,629.54,0.1587,synthetic_fabricated_from_policy_context,NERC publications; media reports
2025-10-01,EKEDC,C,residential,143.5,420.93,0.1104,synthetic_fabricated_from_policy_context,NERC publications; media reports
2025-10-01,EKEDC,C,commercial,157.85,551.99,0.1214,synthetic_fabricated_from_policy_context,NERC publications; media reports
2025-10-01,EKEDC,C,industrial,165.03,556.23,0.1269,synthetic_fabricated_from_policy_context,NERC publications; media reports
2025-10-01,EKEDC,D,residential,116.6,458.08,0.0897,synthetic_fabricated_from_policy_context,NERC publications; media reports
2025-10-01,EKEDC,D,commercial,128.26,419.42,0.0987,synthetic_fabricated_from_policy_context,NERC publications; media reports
2025-10-01,EKEDC,D,industrial,134.09,476.69,0.1031,synthetic_fabricated_from_policy_context,NERC publications; media reports
2025-10-01,EKEDC,E,residential,89.69,335.93,0.069,synthetic_fabricated_from_policy_context,NERC publications; media reports
2025-10-01,EKEDC,E,commercial,98.66,325.04,0.0759,synthetic_fabricated_from_policy_context,NERC publications; media reports
2025-10-01,EKEDC,E,industrial,103.14,378.96,0.0793,synthetic_fabricated_from_policy_context,NERC publications; media reports
2025-10-01,EKEDC,Premium,residential,358.76,1397.87,0.276,synthetic_fabricated_from_policy_context,NERC publications; media reports
2025-10-01,EKEDC,Premium,commercial,394.63,1550.91,0.3036,synthetic_fabricated_from_policy_context,NERC publications; media reports
2025-10-01,EKEDC,Premium,industrial,412.57,1427.49,0.3174,synthetic_fabricated_from_policy_context,NERC publications; media reports
2025-10-01,IBEDC,A,residential,244.2,619.57,0.1878,synthetic_fabricated_from_policy_context,NERC publications; media reports
2025-10-01,IBEDC,A,commercial,268.62,850.61,0.2066,synthetic_fabricated_from_policy_context,NERC publications; media reports
2025-10-01,IBEDC,A,industrial,280.83,974.71,0.216,synthetic_fabricated_from_policy_context,NERC publications; media reports
2025-10-01,IBEDC,B,residential,195.36,487.45,0.1503,synthetic_fabricated_from_policy_context,NERC publications; media reports
2025-10-01,IBEDC,B,commercial,214.9,612.62,0.1653,synthetic_fabricated_from_policy_context,NERC publications; media reports
2025-10-01,IBEDC,B,industrial,224.67,665.39,0.1728,synthetic_fabricated_from_policy_context,NERC publications; media reports
2025-10-01,IBEDC,C,residential,156.29,431.98,0.1202,synthetic_fabricated_from_policy_context,NERC publications; media reports
2025-10-01,IBEDC,C,commercial,171.92,471.09,0.1322,synthetic_fabricated_from_policy_context,NERC publications; media reports
2025-10-01,IBEDC,C,industrial,179.73,518.85,0.1383,synthetic_fabricated_from_policy_context,NERC publications; media reports
2025-10-01,IBEDC,D,residential,126.98,330.44,0.0977,synthetic_fabricated_from_policy_context,NERC publications; media reports
2025-10-01,IBEDC,D,commercial,139.68,504.38,0.1074,synthetic_fabricated_from_policy_context,NERC publications; media reports
2025-10-01,IBEDC,D,industrial,146.03,475.01,0.1123,synthetic_fabricated_from_policy_context,NERC publications; media reports
2025-10-01,IBEDC,E,residential,97.68,322.43,0.0751,synthetic_fabricated_from_policy_context,NERC publications; media reports
2025-10-01,IBEDC,E,commercial,107.45,384.1,0.0827,synthetic_fabricated_from_policy_context,NERC publications; media reports
2025-10-01,IBEDC,E,industrial,112.33,301.06,0.0864,synthetic_fabricated_from_policy_context,NERC publications; media reports
2025-10-01,IBEDC,Premium,residential,390.72,1357.51,0.3006,synthetic_fabricated_from_policy_context,NERC publications; media reports
2025-10-01,IBEDC,Premium,commercial,429.79,1063.62,0.3306,synthetic_fabricated_from_policy_context,NERC publications; media reports
2025-10-01,IBEDC,Premium,industrial,449.33,1506.04,0.3456,synthetic_fabricated_from_policy_context,NERC publications; media reports
2025-10-01,IKEDC,A,residential,246.57,659.51,0.1897,synthetic_fabricated_from_policy_context,NERC publications; media reports
2025-10-01,IKEDC,A,commercial,271.23,982.57,0.2086,synthetic_fabricated_from_policy_context,NERC publications; media reports
2025-10-01,IKEDC,A,industrial,283.56,790.72,0.2181,synthetic_fabricated_from_policy_context,NERC publications; media reports
2025-10-01,IKEDC,B,residential,197.26,670.48,0.1517,synthetic_fabricated_from_policy_context,NERC publications; media reports
2025-10-01,IKEDC,B,commercial,216.98,632.73,0.1669,synthetic_fabricated_from_policy_context,NERC publications; media reports
2025-10-01,IKEDC,B,industrial,226.84,730.77,0.1745,synthetic_fabricated_from_policy_context,NERC publications; media reports
2025-10-01,IKEDC,C,residential,157.81,503.14,0.1214,synthetic_fabricated_from_policy_context,NERC publications; media reports
2025-10-01,IKEDC,C,commercial,173.59,473.87,0.1335,synthetic_fabricated_from_policy_context,NERC publications; media reports
2025-10-01,IKEDC,C,industrial,181.48,482.92,0.1396,synthetic_fabricated_from_policy_context,NERC publications; media reports
2025-10-01,IKEDC,D,residential,128.22,417.5,0.0986,synthetic_fabricated_from_policy_context,NERC publications; media reports
2025-10-01,IKEDC,D,commercial,141.04,421.08,0.1085,synthetic_fabricated_from_policy_context,NERC publications; media reports
2025-10-01,IKEDC,D,industrial,147.45,368.13,0.1134,synthetic_fabricated_from_policy_context,NERC publications; media reports
2025-10-01,IKEDC,E,residential,98.63,323.54,0.0759,synthetic_fabricated_from_policy_context,NERC publications; media reports
2025-10-01,IKEDC,E,commercial,108.49,276.98,0.0835,synthetic_fabricated_from_policy_context,NERC publications; media reports
2025-10-01,IKEDC,E,industrial,113.42,299.77,0.0872,synthetic_fabricated_from_policy_context,NERC publications; media reports
2025-10-01,IKEDC,Premium,residential,394.51,1309.03,0.3035,synthetic_fabricated_from_policy_context,NERC publications; media reports
2025-10-01,IKEDC,Premium,commercial,433.96,1249.07,0.3338,synthetic_fabricated_from_policy_context,NERC publications; media reports
2025-10-01,IKEDC,Premium,industrial,453.69,1270.51,0.349,synthetic_fabricated_from_policy_context,NERC publications; media reports
2025-10-01,JED,A,residential,224.24,819.95,0.1725,synthetic_fabricated_from_policy_context,NERC publications; media reports
2025-10-01,JED,A,commercial,246.66,936.24,0.1897,synthetic_fabricated_from_policy_context,NERC publications; media reports
2025-10-01,JED,A,industrial,257.87,761.89,0.1984,synthetic_fabricated_from_policy_context,NERC publications; media reports
2025-10-01,JED,B,residential,179.39,515.2,0.138,synthetic_fabricated_from_policy_context,NERC publications; media reports
2025-10-01,JED,B,commercial,197.33,713.25,0.1518,synthetic_fabricated_from_policy_context,NERC publications; media reports
2025-10-01,JED,B,industrial,206.3,614.88,0.1587,synthetic_fabricated_from_policy_context,NERC publications; media reports
2025-10-01,JED,C,residential,143.51,552.73,0.1104,synthetic_fabricated_from_policy_context,NERC publications; media reports
2025-10-01,JED,C,commercial,157.86,557.3,0.1214,synthetic_fabricated_from_policy_context,NERC publications; media reports
2025-10-01,JED,C,industrial,165.04,448.72,0.127,synthetic_fabricated_from_policy_context,NERC publications; media reports
2025-10-01,JED,D,residential,116.6,447.09,0.0897,synthetic_fabricated_from_policy_context,NERC publications; media reports
2025-10-01,JED,D,commercial,128.26,502.78,0.0987,synthetic_fabricated_from_policy_context,NERC publications; media reports
2025-10-01,JED,D,industrial,134.09,511.63,0.1031,synthetic_fabricated_from_policy_context,NERC publications; media reports
2025-10-01,JED,E,residential,89.69,319.48,0.069,synthetic_fabricated_from_policy_context,NERC publications; media reports
2025-10-01,JED,E,commercial,98.66,265.56,0.0759,synthetic_fabricated_from_policy_context,NERC publications; media reports
2025-10-01,JED,E,industrial,103.15,368.34,0.0793,synthetic_fabricated_from_policy_context,NERC publications; media reports
2025-10-01,JED,Premium,residential,358.78,1301.56,0.276,synthetic_fabricated_from_policy_context,NERC publications; media reports
2025-10-01,JED,Premium,commercial,394.66,1237.39,0.3036,synthetic_fabricated_from_policy_context,NERC publications; media reports
2025-10-01,JED,Premium,industrial,412.6,1266.39,0.3174,synthetic_fabricated_from_policy_context,NERC publications; media reports
2025-10-01,KAEDCO,A,residential,197.95,814.57,0.1523,synthetic_fabricated_from_policy_context,NERC publications; media reports
2025-10-01,KAEDCO,A,commercial,217.75,916.36,0.1675,synthetic_fabricated_from_policy_context,NERC publications; media reports
2025-10-01,KAEDCO,A,industrial,227.64,906.24,0.1751,synthetic_fabricated_from_policy_context,NERC publications; media reports
2025-10-01,KAEDCO,B,residential,158.36,567.27,0.1218,synthetic_fabricated_from_policy_context,NERC publications; media reports
2025-10-01,KAEDCO,B,commercial,174.2,528.87,0.134,synthetic_fabricated_from_policy_context,NERC publications; media reports
2025-10-01,KAEDCO,B,industrial,182.11,714.14,0.1401,synthetic_fabricated_from_policy_context,NERC publications; media reports
2025-10-01,KAEDCO,C,residential,126.69,498.59,0.0975,synthetic_fabricated_from_policy_context,NERC publications; media reports
2025-10-01,KAEDCO,C,commercial,139.36,474.46,0.1072,synthetic_fabricated_from_policy_context,NERC publications; media reports
2025-10-01,KAEDCO,C,industrial,145.69,574.64,0.1121,synthetic_fabricated_from_policy_context,NERC publications; media reports
2025-10-01,KAEDCO,D,residential,102.93,392.41,0.0792,synthetic_fabricated_from_policy_context,NERC publications; media reports
2025-10-01,KAEDCO,D,commercial,113.23,501.98,0.0871,synthetic_fabricated_from_policy_context,NERC publications; media reports
2025-10-01,KAEDCO,D,industrial,118.37,524.47,0.0911,synthetic_fabricated_from_policy_context,NERC publications; media reports
2025-10-01,KAEDCO,E,residential,79.18,292.97,0.0609,synthetic_fabricated_from_policy_context,NERC publications; media reports
2025-10-01,KAEDCO,E,commercial,87.1,267.64,0.067,synthetic_fabricated_from_policy_context,NERC publications; media reports
2025-10-01,KAEDCO,E,industrial,91.06,405.82,0.07,synthetic_fabricated_from_policy_context,NERC publications; media reports
2025-10-01,KAEDCO,Premium,residential,316.72,1184.56,0.2436,synthetic_fabricated_from_policy_context,NERC publications; media reports
2025-10-01,KAEDCO,Premium,commercial,348.39,1422.14,0.268,synthetic_fabricated_from_policy_context,NERC publications; media reports
2025-10-01,KAEDCO,Premium,industrial,364.23,1166.01,0.2802,synthetic_fabricated_from_policy_context,NERC publications; media reports
2025-10-01,KEDCO,A,residential,215.08,659.56,0.1654,synthetic_fabricated_from_policy_context,NERC publications; media reports
2025-10-01,KEDCO,A,commercial,236.59,703.93,0.182,synthetic_fabricated_from_policy_context,NERC publications; media reports
2025-10-01,KEDCO,A,industrial,247.34,1001.62,0.1903,synthetic_fabricated_from_policy_context,NERC publications; media reports
2025-10-01,KEDCO,B,residential,172.06,687.44,0.1324,synthetic_fabricated_from_policy_context,NERC publications; media reports
2025-10-01,KEDCO,B,commercial,189.27,636.97,0.1456,synthetic_fabricated_from_policy_context,NERC publications; media reports
2025-10-01,KEDCO,B,industrial,197.87,557.36,0.1522,synthetic_fabricated_from_policy_context,NERC publications; media reports
2025-10-01,KEDCO,C,residential,137.65,418.02,0.1059,synthetic_fabricated_from_policy_context,NERC publications; media reports
2025-10-01,KEDCO,C,commercial,151.41,617.23,0.1165,synthetic_fabricated_from_policy_context,NERC publications; media reports
2025-10-01,KEDCO,C,industrial,158.3,499.46,0.1218,synthetic_fabricated_from_policy_context,NERC publications; media reports
2025-10-01,KEDCO,D,residential,111.84,417.91,0.086,synthetic_fabricated_from_policy_context,NERC publications; media reports
2025-10-01,KEDCO,D,commercial,123.02,419.83,0.0946,synthetic_fabricated_from_policy_context,NERC publications; media reports
2025-10-01,KEDCO,D,industrial,128.62,491.62,0.0989,synthetic_fabricated_from_policy_context,NERC publications; media reports
2025-10-01,KEDCO,E,residential,86.03,250.63,0.0662,synthetic_fabricated_from_policy_context,NERC publications; media reports
2025-10-01,KEDCO,E,commercial,94.63,341.71,0.0728,synthetic_fabricated_from_policy_context,NERC publications; media reports
2025-10-01,KEDCO,E,industrial,98.94,370.53,0.0761,synthetic_fabricated_from_policy_context,NERC publications; media reports
2025-10-01,KEDCO,Premium,residential,344.12,1065.11,0.2647,synthetic_fabricated_from_policy_context,NERC publications; media reports
2025-10-01,KEDCO,Premium,commercial,378.54,1355.84,0.2912,synthetic_fabricated_from_policy_context,NERC publications; media reports
2025-10-01,KEDCO,Premium,industrial,395.74,1632.32,0.3044,synthetic_fabricated_from_policy_context,NERC publications; media reports
2025-10-01,PHED,A,residential,246.81,813.18,0.1899,synthetic_fabricated_from_policy_context,NERC publications; media reports
2025-10-01,PHED,A,commercial,271.49,856.75,0.2088,synthetic_fabricated_from_policy_context,NERC publications; media reports
2025-10-01,PHED,A,industrial,283.83,904.62,0.2183,synthetic_fabricated_from_policy_context,NERC publications; media reports
2025-10-01,PHED,B,residential,197.44,482.79,0.1519,synthetic_fabricated_from_policy_context,NERC publications; media reports
2025-10-01,PHED,B,commercial,217.19,645.09,0.1671,synthetic_fabricated_from_policy_context,NERC publications; media reports
2025-10-01,PHED,B,industrial,227.06,812.69,0.1747,synthetic_fabricated_from_policy_context,NERC publications; media reports
2025-10-01,PHED,C,residential,157.96,491.11,0.1215,synthetic_fabricated_from_policy_context,NERC publications; media reports
2025-10-01,PHED,C,commercial,173.75,564.78,0.1337,synthetic_fabricated_from_policy_context,NERC publications; media reports
2025-10-01,PHED,C,industrial,181.65,637.3,0.1397,synthetic_fabricated_from_policy_context,NERC publications; media reports
2025-10-01,PHED,D,residential,128.34,350.05,0.0987,synthetic_fabricated_from_policy_context,NERC publications; media reports
2025-10-01,PHED,D,commercial,141.17,505.93,0.1086,synthetic_fabricated_from_policy_context,NERC publications; media reports
2025-10-01,PHED,D,industrial,147.59,378.16,0.1135,synthetic_fabricated_from_policy_context,NERC publications; media reports
2025-10-01,PHED,E,residential,98.72,305.07,0.0759,synthetic_fabricated_from_policy_context,NERC publications; media reports
2025-10-01,PHED,E,commercial,108.59,334.84,0.0835,synthetic_fabricated_from_policy_context,NERC publications; media reports
2025-10-01,PHED,E,industrial,113.53,318.42,0.0873,synthetic_fabricated_from_policy_context,NERC publications; media reports
2025-10-01,PHED,Premium,residential,394.89,1313.51,0.3038,synthetic_fabricated_from_policy_context,NERC publications; media reports
2025-10-01,PHED,Premium,commercial,434.38,1577.84,0.3341,synthetic_fabricated_from_policy_context,NERC publications; media reports
2025-10-01,PHED,Premium,industrial,454.12,1244.05,0.3493,synthetic_fabricated_from_policy_context,NERC publications; media reports
2025-10-01,YEDC,A,residential,229.76,680.84,0.1767,synthetic_fabricated_from_policy_context,NERC publications; media reports
2025-10-01,YEDC,A,commercial,252.74,816.58,0.1944,synthetic_fabricated_from_policy_context,NERC publications; media reports
2025-10-01,YEDC,A,industrial,264.23,827.74,0.2033,synthetic_fabricated_from_policy_context,NERC publications; media reports
2025-10-01,YEDC,B,residential,183.81,577.24,0.1414,synthetic_fabricated_from_policy_context,NERC publications; media reports
2025-10-01,YEDC,B,commercial,202.19,683.7,0.1555,synthetic_fabricated_from_policy_context,NERC publications; media reports
2025-10-01,YEDC,B,industrial,211.38,593.94,0.1626,synthetic_fabricated_from_policy_context,NERC publications; media reports
2025-10-01,YEDC,C,residential,147.05,486.56,0.1131,synthetic_fabricated_from_policy_context,NERC publications; media reports
2025-10-01,YEDC,C,commercial,161.75,441.56,0.1244,synthetic_fabricated_from_policy_context,NERC publications; media reports
2025-10-01,YEDC,C,industrial,169.1,557.47,0.1301,synthetic_fabricated_from_policy_context,NERC publications; media reports
2025-10-01,YEDC,D,residential,119.48,386.02,0.0919,synthetic_fabricated_from_policy_context,NERC publications; media reports
2025-10-01,YEDC,D,commercial,131.42,402.46,0.1011,synthetic_fabricated_from_policy_context,NERC publications; media reports
2025-10-01,YEDC,D,industrial,137.4,531.0,0.1057,synthetic_fabricated_from_policy_context,NERC publications; media reports
2025-10-01,YEDC,E,residential,91.9,257.06,0.0707,synthetic_fabricated_from_policy_context,NERC publications; media reports
2025-10-01,YEDC,E,commercial,101.09,325.73,0.0778,synthetic_fabricated_from_policy_context,NERC publications; media reports
2025-10-01,YEDC,E,industrial,105.69,293.72,0.0813,synthetic_fabricated_from_policy_context,NERC publications; media reports
2025-10-01,YEDC,Premium,residential,367.62,1172.32,0.2828,synthetic_fabricated_from_policy_context,NERC publications; media reports
2025-10-01,YEDC,Premium,commercial,404.38,1397.98,0.3111,synthetic_fabricated_from_policy_context,NERC publications; media reports
2025-10-01,YEDC,Premium,industrial,422.76,1613.78,0.3252,synthetic_fabricated_from_policy_context,NERC publications; media reports
